snapshot_id,state_kind,action_index,workpoint_ms,repeat,q_seconds,L_seconds,U_seconds,P1_recovery_seconds,snapshot_best_gain_seconds,recovery_value_seconds,q_plus_recovery_seconds,local_delta,beyond_snapshot_gain_seconds,beyond_snapshot_global_fraction,complete_conditional_return_seconds,failed,zero_extra_gain,earliest_verified_more_than_snapshot_gain_seconds
s-000,after_common_greedy_prefix,0,200,0,-8802.407582023001,8906.211913766,15852.406398124,6780.539240815237,1806.6431342619471,9024.670511387,222.2629293639984,0.013300671348040019,0.0,0.0,0.22224357724189758,False,False,
s-000,after_common_greedy_prefix,0,200,1,-8802.407582023001,8906.211913766,15852.406398124,6780.539240815237,1806.6431342619471,9024.670511387,222.2629293639984,0.013300671348040019,0.0,0.0,0.22073861211538315,False,False,
s-000,after_common_greedy_prefix,0,1000,0,-8802.407582023001,8906.211913766,15852.406398124,6780.539240815237,1806.6431342619471,9024.670511387,222.2629293639984,0.013300671348040019,0.0,0.0,1.0208476334810257,False,False,
s-000,after_common_greedy_prefix,0,1000,1,-8802.407582023001,8906.211913766,15852.406398124,6780.539240815237,1806.6431342619471,9024.670511387,222.2629293639984,0.013300671348040019,0.0,0.0,1.020380474627018,False,False,
s-000,after_common_greedy_prefix,0,50,0,-8802.407582023001,8906.211913766,15852.406398124,6780.539240815237,1806.6431342619471,9024.670511387,222.2629293639984,0.013300671348040019,0.0,0.0,0.07082224637269974,False,False,
s-000,after_common_greedy_prefix,0,50,1,-8802.407582023001,8906.211913766,15852.406398124,6780.539240815237,1806.6431342619471,9024.670511387,222.2629293639984,0.013300671348040019,0.0,0.0,0.0710570365190506,False,False,
s-000,after_common_greedy_prefix,0,10,0,-8802.407582023001,8906.211913766,15852.406398124,6780.539240815237,1806.6431342619471,9024.670511387,222.2629293639984,0.013300671348040019,0.0,0.0,0.03149629011750221,False,False,
s-000,after_common_greedy_prefix,0,10,1,-8802.407582023001,8906.211913766,15852.406398124,6780.539240815237,1806.6431342619471,9024.670511387,222.2629293639984,0.013300671348040019,0.0,0.0,0.02941390499472618,False,False,
s-000,after_common_greedy_prefix,1,200,0,-31156.860063586,31156.860063586,46295.538439012,24627.580818692888,1806.6431342619471,32403.597368284,1246.7373046980028,0.04001485715035527,0.0,0.0,0.22117985412478447,False,False,
s-000,after_common_greedy_prefix,1,200,1,-31156.860063586,31156.860063586,46295.538439012,24627.580818692888,1806.6431342619471,32403.597368284,1246.7373046980028,0.04001485715035527,0.0,0.0,0.22265788540244102,False,False,
s-000,after_common_greedy_prefix,1,1000,0,-31156.860063586,31156.860063586,46295.538439012,24627.580818692888,1806.6431342619471,32403.597368284,1246.7373046980028,0.04001485715035527,0.0,0.0,1.024418544024229,False,False,
s-000,after_common_greedy_prefix,1,1000,1,-31156.860063586,31156.860063586,46295.538439012,24627.580818692888,1806.6431342619471,32403.597368284,1246.7373046980028,0.04001485715035527,0.0,0.0,1.0229094289243221,False,False,
s-000,after_common_greedy_prefix,1,50,0,-31156.860063586,31156.860063586,46295.538439012,24627.580818692888,1806.6431342619471,32403.597368284,1246.7373046980028,0.04001485715035527,0.0,0.0,0.07279428094625473,False,False,
s-000,after_common_greedy_prefix,1,50,1,-31156.860063586,31156.860063586,46295.538439012,24627.580818692888,1806.6431342619471,32403.597368284,1246.7373046980028,0.04001485715035527,0.0,0.0,0.07287906482815742,False,False,
s-000,after_common_greedy_prefix,1,10,0,-31156.860063586,31156.860063586,46295.538439012,24627.580818692888,1806.6431342619471,32403.597368284,1246.7373046980028,0.04001485715035527,0.0,0.0,0.0328693725168705,False,False,
s-000,after_common_greedy_prefix,1,10,1,-31156.860063586,31156.860063586,46295.538439012,24627.580818692888,1806.6431342619471,32403.597368284,1246.7373046980028,0.04001485715035527,0.0,0.0,0.033709004521369934,False,False,
s-000,after_common_greedy_prefix,2,200,0,408.72233608,0.0,0.0,0.0,1806.6431342619471,0.0,408.72233608,0.0,0.0,0.0,0.006051734089851379,False,True,
s-000,after_common_greedy_prefix,2,200,1,408.72233608,0.0,0.0,0.0,1806.6431342619471,0.0,408.72233608,0.0,0.0,0.0,0.005659237504005432,False,True,
s-000,after_common_greedy_prefix,2,1000,0,408.72233608,0.0,0.0,0.0,1806.6431342619471,0.0,408.72233608,0.0,0.0,0.0,0.005446489900350571,False,True,
s-000,after_common_greedy_prefix,2,1000,1,408.72233608,0.0,0.0,0.0,1806.6431342619471,0.0,408.72233608,0.0,0.0,0.0,0.005363341420888901,False,True,
s-000,after_common_greedy_prefix,2,50,0,408.72233608,0.0,0.0,0.0,1806.6431342619471,0.0,408.72233608,0.0,0.0,0.0,0.005349431186914444,False,True,
s-000,after_common_greedy_prefix,2,50,1,408.72233608,0.0,0.0,0.0,1806.6431342619471,0.0,408.72233608,0.0,0.0,0.0,0.005332939326763153,False,True,
s-000,after_common_greedy_prefix,2,10,0,408.72233608,0.0,0.0,0.0,1806.6431342619471,0.0,408.72233608,0.0,0.0,0.0,0.005415860563516617,False,True,
s-000,after_common_greedy_prefix,2,10,1,408.72233608,0.0,0.0,0.0,1806.6431342619471,0.0,408.72233608,0.0,0.0,0.0,0.0053744688630104065,False,True,
s-000,after_common_greedy_prefix,3,200,0,-7509.554412149,8263.602864249,12375.740539211,6503.2355320631,1806.6431342619471,8436.572263131,927.0178509819998,0.02093147525643096,0.0,0.0,0.22167914360761642,False,False,
s-000,after_common_greedy_prefix,3,200,1,-7509.554412149,8263.602864249,12375.740539211,6503.2355320631,1806.6431342619471,8436.572263131,927.0178509819998,0.02093147525643096,0.0,0.0,0.2207246646285057,False,False,
s-000,after_common_greedy_prefix,3,1000,0,-7509.554412149,8263.602864249,12375.740539211,6503.2355320631,1806.6431342619471,8436.572263131,927.0178509819998,0.02093147525643096,0.0,0.0,1.0203979760408401,False,False,
s-000,after_common_greedy_prefix,3,1000,1,-7509.554412149,8263.602864249,12375.740539211,6503.2355320631,1806.6431342619471,8436.572263131,927.0178509819998,0.02093147525643096,0.0,0.0,1.0213712491095066,False,False,
s-000,after_common_greedy_prefix,3,50,0,-7509.554412149,8263.602864249,12375.740539211,6503.2355320631,1806.6431342619471,8436.572263131,927.0178509819998,0.02093147525643096,0.0,0.0,0.07067374512553215,False,False,
s-000,after_common_greedy_prefix,3,50,1,-7509.554412149,8263.602864249,12375.740539211,6503.2355320631,1806.6431342619471,8436.572263131,927.0178509819998,0.02093147525643096,0.0,0.0,0.07010417431592941,False,False,
s-000,after_common_greedy_prefix,3,10,0,-7509.554412149,8263.602864249,12375.740539211,6503.2355320631,1806.6431342619471,8436.572263131,927.0178509819998,0.02093147525643096,0.0,0.0,0.02892247587442398,False,False,
s-000,after_common_greedy_prefix,3,10,1,-7509.554412149,8263.602864249,12375.740539211,6503.2355320631,1806.6431342619471,8436.572263131,927.0178509819998,0.02093147525643096,0.0,0.0,0.029444705694913864,False,False,
s-000,after_common_greedy_prefix,4,200,0,-31177.431359780003,32305.70365322,49891.639033823,26707.67698630219,1806.6431342619471,34661.542149242,3484.1107894619963,0.0729232992820816,1677.4676552000492,0.0015792570571857524,0.2228454351425171,False,False,0.2228454351425171
s-000,after_common_greedy_prefix,4,200,1,-31177.431359780003,32305.70365322,49891.639033823,26707.67698630219,1806.6431342619471,34661.542149242,3484.1107894619963,0.0729232992820816,1677.4676552000492,0.0015792570571857524,0.22356754168868065,False,False,0.22356754168868065
s-000,after_common_greedy_prefix,4,1000,0,-31177.431359780003,32305.70365322,49891.639033823,26707.67698630219,1806.6431342619471,34661.542149242,3484.1107894619963,0.0729232992820816,1677.4676552000492,0.0015792570571857524,1.0231206826865673,False,False,1.0231206826865673
s-000,after_common_greedy_prefix,4,1000,1,-31177.431359780003,32305.70365322,49891.639033823,26707.67698630219,1806.6431342619471,34661.542149242,3484.1107894619963,0.0729232992820816,1677.4676552000492,0.0015792570571857524,1.0235863700509071,False,False,1.0235863700509071
s-000,after_common_greedy_prefix,4,50,0,-31177.431359780003,32305.70365322,49891.639033823,26707.67698630219,1806.6431342619471,34661.542149242,3484.1107894619963,0.0729232992820816,1677.4676552000492,0.0015792570571857524,0.07152460142970085,False,False,0.07152460142970085
s-000,after_common_greedy_prefix,4,50,1,-31177.431359780003,32305.70365322,49891.639033823,26707.67698630219,1806.6431342619471,34661.542149242,3484.1107894619963,0.0729232992820816,1677.4676552000492,0.0015792570571857524,0.07229789718985558,False,False,0.07229789718985558
s-000,after_common_greedy_prefix,4,10,0,-31177.431359780003,32305.70365322,49891.639033823,26707.67698630219,1806.6431342619471,34644.911872669,3467.4805128889966,0.07240852093979522,1660.8373786270495,0.0015636004324160017,0.031890254467725754,False,False,0.031890254467725754
s-000,after_common_greedy_prefix,4,10,1,-31177.431359780003,32305.70365322,49891.639033823,26707.67698630219,1806.6431342619471,34644.911872669,3467.4805128889966,0.07240852093979522,1660.8373786270495,0.0015636004324160017,0.03232162073254585,False,False,0.03232162073254585
s-000,after_common_greedy_prefix,5,200,0,785.965221878,0.0,0.0,0.0,1806.6431342619471,0.0,785.965221878,0.0,0.0,0.0,0.005953244864940643,False,True,
s-000,after_common_greedy_prefix,5,200,1,785.965221878,0.0,0.0,0.0,1806.6431342619471,0.0,785.965221878,0.0,0.0,0.0,0.005568820983171463,False,True,
s-000,after_common_greedy_prefix,5,1000,0,785.965221878,0.0,0.0,0.0,1806.6431342619471,0.0,785.965221878,0.0,0.0,0.0,0.00535418838262558,False,True,
s-000,after_common_greedy_prefix,5,1000,1,785.965221878,0.0,0.0,0.0,1806.6431342619471,0.0,785.965221878,0.0,0.0,0.0,0.005267009139060974,False,True,
s-000,after_common_greedy_prefix,5,50,0,785.965221878,0.0,0.0,0.0,1806.6431342619471,0.0,785.965221878,0.0,0.0,0.0,0.005304668098688126,False,True,
s-000,after_common_greedy_prefix,5,50,1,785.965221878,0.0,0.0,0.0,1806.6431342619471,0.0,785.965221878,0.0,0.0,0.0,0.005393519997596741,False,True,
s-000,after_common_greedy_prefix,5,10,0,785.965221878,0.0,0.0,0.0,1806.6431342619471,0.0,785.965221878,0.0,0.0,0.0,0.005678441375494003,False,True,
s-000,after_common_greedy_prefix,5,10,1,785.965221878,0.0,0.0,0.0,1806.6431342619471,0.0,785.965221878,0.0,0.0,0.0,0.005651041865348816,False,True,
s-000,after_common_greedy_prefix,6,200,0,-6577.428022393,7425.197158228,8814.887510195,5725.52193976755,1806.6431342619471,7615.683752292,1038.2557298989996,0.02565407894292982,0.0,0.0,0.2201170213520527,False,False,
s-000,after_common_greedy_prefix,6,200,1,-6577.428022393,7425.197158228,8814.887510195,5725.52193976755,1806.6431342619471,7615.683752292,1038.2557298989996,0.02565407894292982,0.0,0.0,0.21968037262558937,False,False,
s-000,after_common_greedy_prefix,6,1000,0,-6577.428022393,7425.197158228,8814.887510195,5725.52193976755,1806.6431342619471,7615.683752292,1038.2557298989996,0.02565407894292982,0.0,0.0,1.0201275534927845,False,False,
s-000,after_common_greedy_prefix,6,1000,1,-6577.428022393,7425.197158228,8814.887510195,5725.52193976755,1806.6431342619471,7615.683752292,1038.2557298989996,0.02565407894292982,0.0,0.0,1.0196820236742496,False,False,
s-000,after_common_greedy_prefix,6,50,0,-6577.428022393,7425.197158228,8814.887510195,5725.52193976755,1806.6431342619471,7615.683752292,1038.2557298989996,0.02565407894292982,0.0,0.0,0.06809386238455772,False,False,
s-000,after_common_greedy_prefix,6,50,1,-6577.428022393,7425.197158228,8814.887510195,5725.52193976755,1806.6431342619471,7615.683752292,1038.2557298989996,0.02565407894292982,0.0,0.0,0.06852759048342705,False,False,
s-000,after_common_greedy_prefix,6,10,0,-6577.428022393,7425.197158228,8814.887510195,5725.52193976755,1806.6431342619471,7615.683752292,1038.2557298989996,0.02565407894292982,0.0,0.0,0.028139635920524597,False,False,
s-000,after_common_greedy_prefix,6,10,1,-6577.428022393,7425.197158228,8814.887510195,5725.52193976755,1806.6431342619471,7615.683752292,1038.2557298989996,0.02565407894292982,0.0,0.0,0.028628576546907425,False,False,
s-000,after_common_greedy_prefix,7,200,0,-30945.152175381,31888.84203123,52017.20675078,24876.84550545224,1806.6431342619471,33447.817899224,2502.665723842998,0.04888781682530937,696.0225895810509,0.0006552725968510494,0.22372860461473465,False,False,0.22372860461473465
s-000,after_common_greedy_prefix,7,200,1,-30945.152175381,31888.84203123,52017.20675078,24876.84550545224,1806.6431342619471,33447.817899224,2502.665723842998,0.04888781682530937,696.0225895810509,0.0006552725968510494,0.22338123247027397,False,False,0.22338123247027397
s-000,after_common_greedy_prefix,7,1000,0,-30945.152175381,31888.84203123,52017.20675078,24876.84550545224,1806.6431342619471,33447.817899224,2502.665723842998,0.04888781682530937,696.0225895810509,0.0006552725968510494,1.0239304304122925,False,False,1.0239304304122925
s-000,after_common_greedy_prefix,7,1000,1,-30945.152175381,31888.84203123,52017.20675078,24876.84550545224,1806.6431342619471,33447.817899224,2502.665723842998,0.04888781682530937,696.0225895810509,0.0006552725968510494,1.0225309431552887,False,False,1.0225309431552887
s-000,after_common_greedy_prefix,7,50,0,-30945.152175381,31888.84203123,52017.20675078,24876.84550545224,1806.6431342619471,33447.817899224,2502.665723842998,0.04888781682530937,696.0225895810509,0.0006552725968510494,0.0707649365067482,False,False,0.0707649365067482
s-000,after_common_greedy_prefix,7,50,1,-30945.152175381,31888.84203123,52017.20675078,24876.84550545224,1806.6431342619471,33447.817899224,2502.665723842998,0.04888781682530937,696.0225895810509,0.0006552725968510494,0.07027735561132431,False,False,0.07027735561132431
s-000,after_common_greedy_prefix,7,10,0,-30945.152175381,31888.84203123,52017.20675078,24876.84550545224,1806.6431342619471,33447.817899224,2502.665723842998,0.04888781682530937,696.0225895810509,0.0006552725968510494,0.03101436421275139,False,False,0.03101436421275139
s-000,after_common_greedy_prefix,7,10,1,-30945.152175381,31888.84203123,52017.20675078,24876.84550545224,1806.6431342619471,33447.817899224,2502.665723842998,0.04888781682530937,696.0225895810509,0.0006552725968510494,0.03127657249569893,False,False,0.03127657249569893
s-000,after_common_greedy_prefix,8,200,0,1411.2607056339998,0.0,0.0,0.0,1806.6431342619471,0.0,1411.2607056339998,0.0,0.0,0.0,0.005471762269735336,False,True,
s-000,after_common_greedy_prefix,8,200,1,1411.2607056339998,0.0,0.0,0.0,1806.6431342619471,0.0,1411.2607056339998,0.0,0.0,0.0,0.00542932003736496,False,True,
s-000,after_common_greedy_prefix,8,1000,0,1411.2607056339998,0.0,0.0,0.0,1806.6431342619471,0.0,1411.2607056339998,0.0,0.0,0.0,0.005469530820846558,False,True,
s-000,after_common_greedy_prefix,8,1000,1,1411.2607056339998,0.0,0.0,0.0,1806.6431342619471,0.0,1411.2607056339998,0.0,0.0,0.0,0.005587417632341385,False,True,
s-000,after_common_greedy_prefix,8,50,0,1411.2607056339998,0.0,0.0,0.0,1806.6431342619471,0.0,1411.2607056339998,0.0,0.0,0.0,0.005495812743902206,False,True,
s-000,after_common_greedy_prefix,8,50,1,1411.2607056339998,0.0,0.0,0.0,1806.6431342619471,0.0,1411.2607056339998,0.0,0.0,0.0,0.005472559481859207,False,True,
s-000,after_common_greedy_prefix,8,10,0,1411.2607056339998,0.0,0.0,0.0,1806.6431342619471,0.0,1411.2607056339998,0.0,0.0,0.0,0.005598533898591995,False,True,
s-000,after_common_greedy_prefix,8,10,1,1411.2607056339998,0.0,0.0,0.0,1806.6431342619471,0.0,1411.2607056339998,0.0,0.0,0.0,0.005523312836885452,False,True,
s-000,after_common_greedy_prefix,9,200,0,-5874.554080632999,7681.197214895,9035.66383739,5723.8415602559335,1806.6431342619471,7833.705409148,1959.1513285150013,0.019854742690015057,152.50819425305417,0.00014357930616794426,0.22109787911176682,False,False,0.22109787911176682
s-000,after_common_greedy_prefix,9,200,1,-5874.554080632999,7681.197214895,9035.66383739,5723.8415602559335,1806.6431342619471,7833.705409148,1959.1513285150013,0.019854742690015057,152.50819425305417,0.00014357930616794426,0.22083381935954094,False,False,0.22083381935954094
s-000,after_common_greedy_prefix,9,1000,0,-5874.554080632999,7681.197214895,9035.66383739,5723.8415602559335,1806.6431342619471,7833.705409148,1959.1513285150013,0.019854742690015057,152.50819425305417,0.00014357930616794426,1.021432064473629,False,False,1.021432064473629
s-000,after_common_greedy_prefix,9,1000,1,-5874.554080632999,7681.197214895,9035.66383739,5723.8415602559335,1806.6431342619471,7833.705409148,1959.1513285150013,0.019854742690015057,152.50819425305417,0.00014357930616794426,1.0205077789723873,False,False,1.0205077789723873
s-000,after_common_greedy_prefix,9,50,0,-5874.554080632999,7681.197214895,9035.66383739,5723.8415602559335,1806.6431342619471,7833.705409148,1959.1513285150013,0.019854742690015057,152.50819425305417,0.00014357930616794426,0.06919155269861221,False,False,0.06919155269861221
s-000,after_common_greedy_prefix,9,50,1,-5874.554080632999,7681.197214895,9035.66383739,5723.8415602559335,1806.6431342619471,7833.705409148,1959.1513285150013,0.019854742690015057,152.50819425305417,0.00014357930616794426,0.06966434046626091,False,False,0.06966434046626091
s-000,after_common_greedy_prefix,9,10,0,-5874.554080632999,7681.197214895,9035.66383739,5723.8415602559335,1806.6431342619471,7833.705409148,1959.1513285150013,0.019854742690015057,152.50819425305417,0.00014357930616794426,0.02935110405087471,False,False,0.02935110405087471
s-000,after_common_greedy_prefix,9,10,1,-5874.554080632999,7681.197214895,9035.66383739,5723.8415602559335,1806.6431342619471,7833.705409148,1959.1513285150013,0.019854742690015057,152.50819425305417,0.00014357930616794426,0.02833251655101776,False,False,0.02833251655101776
s-000,after_common_greedy_prefix,10,200,0,-29888.205144909003,31401.965628259,48716.098959237,25285.667839161237,1806.6431342619471,33288.115556205,3399.910411295994,0.06006470901454106,1593.2672770340469,0.0014999863535008517,0.2204410433769226,False,False,0.2204410433769226
s-000,after_common_greedy_prefix,10,200,1,-29888.205144909003,31401.965628259,48716.098959237,25285.667839161237,1806.6431342619471,33288.115556205,3399.910411295994,0.06006470901454106,1593.2672770340469,0.0014999863535008517,0.22222068160772324,False,False,0.22222068160772324
s-000,after_common_greedy_prefix,10,1000,0,-29888.205144909003,31401.965628259,48716.098959237,25285.667839161237,1806.6431342619471,33288.115556205,3399.910411295994,0.06006470901454106,1593.2672770340469,0.0014999863535008517,1.0225669145584106,False,False,1.0225669145584106
s-000,after_common_greedy_prefix,10,1000,1,-29888.205144909003,31401.965628259,48716.098959237,25285.667839161237,1806.6431342619471,33288.115556205,3399.910411295994,0.06006470901454106,1593.2672770340469,0.0014999863535008517,1.0228498168289661,False,False,1.0228498168289661
s-000,after_common_greedy_prefix,10,50,0,-29888.205144909003,31401.965628259,48716.098959237,25285.667839161237,1806.6431342619471,33288.115556205,3399.910411295994,0.06006470901454106,1593.2672770340469,0.0014999863535008517,0.07302898168563843,False,False,0.07302898168563843
s-000,after_common_greedy_prefix,10,50,1,-29888.205144909003,31401.965628259,48716.098959237,25285.667839161237,1806.6431342619471,33288.115556205,3399.910411295994,0.06006470901454106,1593.2672770340469,0.0014999863535008517,0.07277427986264229,False,False,0.07277427986264229
s-000,after_common_greedy_prefix,10,10,0,-29888.205144909003,31401.965628259,48716.098959237,25285.667839161237,1806.6431342619471,33288.115556205,3399.910411295994,0.06006470901454106,1593.2672770340469,0.0014999863535008517,0.032134756445884705,False,False,0.032134756445884705
s-000,after_common_greedy_prefix,10,10,1,-29888.205144909003,31401.965628259,48716.098959237,25285.667839161237,1806.6431342619471,33288.115556205,3399.910411295994,0.06006470901454106,1593.2672770340469,0.0014999863535008517,0.03179781138896942,False,False,0.03179781138896942
s-001,after_one_actual_history_call,0,200,0,-8802.407582023001,9024.670511387,15852.406398124,6780.539240815237,1806.6431342619471,9024.670511387,222.2629293639984,0.0,0.0,0.0,0.004319909960031509,False,True,
s-001,after_one_actual_history_call,0,200,1,-8802.407582023001,9024.670511387,15852.406398124,6780.539240815237,1806.6431342619471,9024.670511387,222.2629293639984,0.0,0.0,0.0,0.0040136948227882385,False,True,
s-001,after_one_actual_history_call,0,1000,0,-8802.407582023001,9024.670511387,15852.406398124,6780.539240815237,1806.6431342619471,9024.670511387,222.2629293639984,0.0,0.0,0.0,1.0202429965138435,False,True,
s-001,after_one_actual_history_call,0,1000,1,-8802.407582023001,9024.670511387,15852.406398124,6780.539240815237,1806.6431342619471,9024.670511387,222.2629293639984,0.0,0.0,0.0,1.0197037160396576,False,True,
s-001,after_one_actual_history_call,0,50,0,-8802.407582023001,9024.670511387,15852.406398124,6780.539240815237,1806.6431342619471,9024.670511387,222.2629293639984,0.0,0.0,0.0,0.07055265456438065,False,True,
s-001,after_one_actual_history_call,0,50,1,-8802.407582023001,9024.670511387,15852.406398124,6780.539240815237,1806.6431342619471,9024.670511387,222.2629293639984,0.0,0.0,0.0,0.07107459753751755,False,True,
s-001,after_one_actual_history_call,0,10,0,-8802.407582023001,9024.670511387,15852.406398124,6780.539240815237,1806.6431342619471,9024.670511387,222.2629293639984,0.0,0.0,0.0,0.029079880565404892,False,True,
s-001,after_one_actual_history_call,0,10,1,-8802.407582023001,9024.670511387,15852.406398124,6780.539240815237,1806.6431342619471,9024.670511387,222.2629293639984,0.0,0.0,0.0,0.02894129604101181,False,True,
s-001,after_one_actual_history_call,1,200,0,-31156.860063586,31156.860063586,46295.538439012,24627.580818692888,1806.6431342619471,32403.597368284,1246.7373046980028,0.04001485715035527,0.0,0.0,0.2253330796957016,False,False,
s-001,after_one_actual_history_call,1,200,1,-31156.860063586,31156.860063586,46295.538439012,24627.580818692888,1806.6431342619471,32403.597368284,1246.7373046980028,0.04001485715035527,0.0,0.0,0.22388877347111702,False,False,
s-001,after_one_actual_history_call,1,1000,0,-31156.860063586,31156.860063586,46295.538439012,24627.580818692888,1806.6431342619471,32403.597368284,1246.7373046980028,0.04001485715035527,0.0,0.0,1.0229274854063988,False,False,
s-001,after_one_actual_history_call,1,1000,1,-31156.860063586,31156.860063586,46295.538439012,24627.580818692888,1806.6431342619471,32403.597368284,1246.7373046980028,0.04001485715035527,0.0,0.0,1.0215859673917294,False,False,
s-001,after_one_actual_history_call,1,50,0,-31156.860063586,31156.860063586,46295.538439012,24627.580818692888,1806.6431342619471,32403.597368284,1246.7373046980028,0.04001485715035527,0.0,0.0,0.07260707393288612,False,False,
s-001,after_one_actual_history_call,1,50,1,-31156.860063586,31156.860063586,46295.538439012,24627.580818692888,1806.6431342619471,32403.597368284,1246.7373046980028,0.04001485715035527,0.0,0.0,0.07288940250873566,False,False,
s-001,after_one_actual_history_call,1,10,0,-31156.860063586,31156.860063586,46295.538439012,24627.580818692888,1806.6431342619471,32403.597368284,1246.7373046980028,0.04001485715035527,0.0,0.0,0.0328591987490654,False,False,
s-001,after_one_actual_history_call,1,10,1,-31156.860063586,31156.860063586,46295.538439012,24627.580818692888,1806.6431342619471,32403.597368284,1246.7373046980028,0.04001485715035527,0.0,0.0,0.03433092311024666,False,False,
s-001,after_one_actual_history_call,2,200,0,408.72233608,0.0,0.0,0.0,1806.6431342619471,0.0,408.72233608,0.0,0.0,0.0,0.005769737064838409,False,True,
s-001,after_one_actual_history_call,2,200,1,408.72233608,0.0,0.0,0.0,1806.6431342619471,0.0,408.72233608,0.0,0.0,0.0,0.005490228533744812,False,True,
s-001,after_one_actual_history_call,2,1000,0,408.72233608,0.0,0.0,0.0,1806.6431342619471,0.0,408.72233608,0.0,0.0,0.0,0.00544801726937294,False,True,
s-001,after_one_actual_history_call,2,1000,1,408.72233608,0.0,0.0,0.0,1806.6431342619471,0.0,408.72233608,0.0,0.0,0.0,0.005364030599594116,False,True,
s-001,after_one_actual_history_call,2,50,0,408.72233608,0.0,0.0,0.0,1806.6431342619471,0.0,408.72233608,0.0,0.0,0.0,0.005380760878324509,False,True,
s-001,after_one_actual_history_call,2,50,1,408.72233608,0.0,0.0,0.0,1806.6431342619471,0.0,408.72233608,0.0,0.0,0.0,0.005428280681371689,False,True,
s-001,after_one_actual_history_call,2,10,0,408.72233608,0.0,0.0,0.0,1806.6431342619471,0.0,408.72233608,0.0,0.0,0.0,0.0054047591984272,False,True,
s-001,after_one_actual_history_call,2,10,1,408.72233608,0.0,0.0,0.0,1806.6431342619471,0.0,408.72233608,0.0,0.0,0.0,0.0053810253739356995,False,True,
s-001,after_one_actual_history_call,3,200,0,-7509.554412149,8263.602864249,12375.740539211,6503.2355320631,1806.6431342619471,8436.572263131,927.0178509819998,0.02093147525643096,0.0,0.0,0.22077613323926926,False,False,
s-001,after_one_actual_history_call,3,200,1,-7509.554412149,8263.602864249,12375.740539211,6503.2355320631,1806.6431342619471,8436.572263131,927.0178509819998,0.02093147525643096,0.0,0.0,0.22185209020972252,False,False,
s-001,after_one_actual_history_call,3,1000,0,-7509.554412149,8263.602864249,12375.740539211,6503.2355320631,1806.6431342619471,8436.572263131,927.0178509819998,0.02093147525643096,0.0,0.0,1.019786573946476,False,False,
s-001,after_one_actual_history_call,3,1000,1,-7509.554412149,8263.602864249,12375.740539211,6503.2355320631,1806.6431342619471,8436.572263131,927.0178509819998,0.02093147525643096,0.0,0.0,1.0197186134755611,False,False,
s-001,after_one_actual_history_call,3,50,0,-7509.554412149,8263.602864249,12375.740539211,6503.2355320631,1806.6431342619471,8436.572263131,927.0178509819998,0.02093147525643096,0.0,0.0,0.07078490406274796,False,False,
s-001,after_one_actual_history_call,3,50,1,-7509.554412149,8263.602864249,12375.740539211,6503.2355320631,1806.6431342619471,8436.572263131,927.0178509819998,0.02093147525643096,0.0,0.0,0.07088913396000862,False,False,
s-001,after_one_actual_history_call,3,10,0,-7509.554412149,8263.602864249,12375.740539211,6503.2355320631,1806.6431342619471,8436.572263131,927.0178509819998,0.02093147525643096,0.0,0.0,0.030772283673286438,False,False,
s-001,after_one_actual_history_call,3,10,1,-7509.554412149,8263.602864249,12375.740539211,6503.2355320631,1806.6431342619471,8436.572263131,927.0178509819998,0.02093147525643096,0.0,0.0,0.03164905682206154,False,False,
s-001,after_one_actual_history_call,4,200,0,-31177.431359780003,32305.70365322,49891.639033823,26707.67698630219,1806.6431342619471,34661.542149242,3484.1107894619963,0.0729232992820816,1677.4676552000492,0.0015792570571857524,0.22412585839629173,False,False,0.22412585839629173
s-001,after_one_actual_history_call,4,200,1,-31177.431359780003,32305.70365322,49891.639033823,26707.67698630219,1806.6431342619471,34661.542149242,3484.1107894619963,0.0729232992820816,1677.4676552000492,0.0015792570571857524,0.22350067272782326,False,False,0.22350067272782326
s-001,after_one_actual_history_call,4,1000,0,-31177.431359780003,32305.70365322,49891.639033823,26707.67698630219,1806.6431342619471,34661.542149242,3484.1107894619963,0.0729232992820816,1677.4676552000492,0.0015792570571857524,1.0230585634708405,False,False,1.0230585634708405
s-001,after_one_actual_history_call,4,1000,1,-31177.431359780003,32305.70365322,49891.639033823,26707.67698630219,1806.6431342619471,34661.542149242,3484.1107894619963,0.0729232992820816,1677.4676552000492,0.0015792570571857524,1.0239145383238792,False,False,1.0239145383238792
s-001,after_one_actual_history_call,4,50,0,-31177.431359780003,32305.70365322,49891.639033823,26707.67698630219,1806.6431342619471,34661.542149242,3484.1107894619963,0.0729232992820816,1677.4676552000492,0.0015792570571857524,0.07391996309161186,False,False,0.07391996309161186
s-001,after_one_actual_history_call,4,50,1,-31177.431359780003,32305.70365322,49891.639033823,26707.67698630219,1806.6431342619471,34661.542149242,3484.1107894619963,0.0729232992820816,1677.4676552000492,0.0015792570571857524,0.0736628845334053,False,False,0.0736628845334053
s-001,after_one_actual_history_call,4,10,0,-31177.431359780003,32305.70365322,49891.639033823,26707.67698630219,1806.6431342619471,34644.911872669,3467.4805128889966,0.07240852093979522,1660.8373786270495,0.0015636004324160017,0.03293710574507713,False,False,0.03293710574507713
s-001,after_one_actual_history_call,4,10,1,-31177.431359780003,32305.70365322,49891.639033823,26707.67698630219,1806.6431342619471,34644.911872669,3467.4805128889966,0.07240852093979522,1660.8373786270495,0.0015636004324160017,0.032295484095811844,False,False,0.032295484095811844
s-001,after_one_actual_history_call,5,200,0,785.965221878,0.0,0.0,0.0,1806.6431342619471,0.0,785.965221878,0.0,0.0,0.0,0.005821935832500458,False,True,
s-001,after_one_actual_history_call,5,200,1,785.965221878,0.0,0.0,0.0,1806.6431342619471,0.0,785.965221878,0.0,0.0,0.0,0.005709242075681686,False,True,
s-001,after_one_actual_history_call,5,1000,0,785.965221878,0.0,0.0,0.0,1806.6431342619471,0.0,785.965221878,0.0,0.0,0.0,0.005656968802213669,False,True,
s-001,after_one_actual_history_call,5,1000,1,785.965221878,0.0,0.0,0.0,1806.6431342619471,0.0,785.965221878,0.0,0.0,0.0,0.005588330328464508,False,True,
s-001,after_one_actual_history_call,5,50,0,785.965221878,0.0,0.0,0.0,1806.6431342619471,0.0,785.965221878,0.0,0.0,0.0,0.006073176860809326,False,True,
s-001,after_one_actual_history_call,5,50,1,785.965221878,0.0,0.0,0.0,1806.6431342619471,0.0,785.965221878,0.0,0.0,0.0,0.006021417677402496,False,True,
s-001,after_one_actual_history_call,5,10,0,785.965221878,0.0,0.0,0.0,1806.6431342619471,0.0,785.965221878,0.0,0.0,0.0,0.005963236093521118,False,True,
s-001,after_one_actual_history_call,5,10,1,785.965221878,0.0,0.0,0.0,1806.6431342619471,0.0,785.965221878,0.0,0.0,0.0,0.005886442959308624,False,True,
s-001,after_one_actual_history_call,6,200,0,-6577.428022393,7425.197158228,8814.887510195,5725.52193976755,1806.6431342619471,7615.683752292,1038.2557298989996,0.02565407894292982,0.0,0.0,0.22078895941376686,False,False,
s-001,after_one_actual_history_call,6,200,1,-6577.428022393,7425.197158228,8814.887510195,5725.52193976755,1806.6431342619471,7615.683752292,1038.2557298989996,0.02565407894292982,0.0,0.0,0.2207704335451126,False,False,
s-001,after_one_actual_history_call,6,1000,0,-6577.428022393,7425.197158228,8814.887510195,5725.52193976755,1806.6431342619471,7615.683752292,1038.2557298989996,0.02565407894292982,0.0,0.0,1.019678819924593,False,False,
s-001,after_one_actual_history_call,6,1000,1,-6577.428022393,7425.197158228,8814.887510195,5725.52193976755,1806.6431342619471,7615.683752292,1038.2557298989996,0.02565407894292982,0.0,0.0,1.0202815271914005,False,False,
s-001,after_one_actual_history_call,6,50,0,-6577.428022393,7425.197158228,8814.887510195,5725.52193976755,1806.6431342619471,7615.683752292,1038.2557298989996,0.02565407894292982,0.0,0.0,0.07018718868494034,False,False,
s-001,after_one_actual_history_call,6,50,1,-6577.428022393,7425.197158228,8814.887510195,5725.52193976755,1806.6431342619471,7615.683752292,1038.2557298989996,0.02565407894292982,0.0,0.0,0.06959441304206848,False,False,
s-001,after_one_actual_history_call,6,10,0,-6577.428022393,7425.197158228,8814.887510195,5725.52193976755,1806.6431342619471,7615.683752292,1038.2557298989996,0.02565407894292982,0.0,0.0,0.028329968452453613,False,False,
s-001,after_one_actual_history_call,6,10,1,-6577.428022393,7425.197158228,8814.887510195,5725.52193976755,1806.6431342619471,7615.683752292,1038.2557298989996,0.02565407894292982,0.0,0.0,0.028647832572460175,False,False,
s-001,after_one_actual_history_call,7,200,0,-30945.152175381,31888.84203123,52017.20675078,24876.84550545224,1806.6431342619471,33447.817899224,2502.665723842998,0.04888781682530937,696.0225895810509,0.0006552725968510494,0.22380764782428741,False,False,0.22380764782428741
s-001,after_one_actual_history_call,7,200,1,-30945.152175381,31888.84203123,52017.20675078,24876.84550545224,1806.6431342619471,33447.817899224,2502.665723842998,0.04888781682530937,696.0225895810509,0.0006552725968510494,0.2240082323551178,False,False,0.2240082323551178
s-001,after_one_actual_history_call,7,1000,0,-30945.152175381,31888.84203123,52017.20675078,24876.84550545224,1806.6431342619471,33447.817899224,2502.665723842998,0.04888781682530937,696.0225895810509,0.0006552725968510494,1.0238079838454723,False,False,1.0238079838454723
s-001,after_one_actual_history_call,7,1000,1,-30945.152175381,31888.84203123,52017.20675078,24876.84550545224,1806.6431342619471,33447.817899224,2502.665723842998,0.04888781682530937,696.0225895810509,0.0006552725968510494,1.0217289589345455,False,False,1.0217289589345455
s-001,after_one_actual_history_call,7,50,0,-30945.152175381,31888.84203123,52017.20675078,24876.84550545224,1806.6431342619471,33447.817899224,2502.665723842998,0.04888781682530937,696.0225895810509,0.0006552725968510494,0.0727212056517601,False,False,0.0727212056517601
s-001,after_one_actual_history_call,7,50,1,-30945.152175381,31888.84203123,52017.20675078,24876.84550545224,1806.6431342619471,33447.817899224,2502.665723842998,0.04888781682530937,696.0225895810509,0.0006552725968510494,0.07181939110159874,False,False,0.07181939110159874
s-001,after_one_actual_history_call,7,10,0,-30945.152175381,31888.84203123,52017.20675078,24876.84550545224,1806.6431342619471,33447.817899224,2502.665723842998,0.04888781682530937,696.0225895810509,0.0006552725968510494,0.0830455981194973,False,False,0.0830455981194973
s-001,after_one_actual_history_call,7,10,1,-30945.152175381,31888.84203123,52017.20675078,24876.84550545224,1806.6431342619471,33447.817899224,2502.665723842998,0.04888781682530937,696.0225895810509,0.0006552725968510494,0.03164830058813095,False,False,0.03164830058813095
s-001,after_one_actual_history_call,8,200,0,1411.2607056339998,0.0,0.0,0.0,1806.6431342619471,0.0,1411.2607056339998,0.0,0.0,0.0,0.0056085847318172455,False,True,
s-001,after_one_actual_history_call,8,200,1,1411.2607056339998,0.0,0.0,0.0,1806.6431342619471,0.0,1411.2607056339998,0.0,0.0,0.0,0.005444638431072235,False,True,
s-001,after_one_actual_history_call,8,1000,0,1411.2607056339998,0.0,0.0,0.0,1806.6431342619471,0.0,1411.2607056339998,0.0,0.0,0.0,0.0054154545068740845,False,True,
s-001,after_one_actual_history_call,8,1000,1,1411.2607056339998,0.0,0.0,0.0,1806.6431342619471,0.0,1411.2607056339998,0.0,0.0,0.0,0.005440019071102142,False,True,
s-001,after_one_actual_history_call,8,50,0,1411.2607056339998,0.0,0.0,0.0,1806.6431342619471,0.0,1411.2607056339998,0.0,0.0,0.0,0.005314044654369354,False,True,
s-001,after_one_actual_history_call,8,50,1,1411.2607056339998,0.0,0.0,0.0,1806.6431342619471,0.0,1411.2607056339998,0.0,0.0,0.0,0.0053196437656879425,False,True,
s-001,after_one_actual_history_call,8,10,0,1411.2607056339998,0.0,0.0,0.0,1806.6431342619471,0.0,1411.2607056339998,0.0,0.0,0.0,0.005377013236284256,False,True,
s-001,after_one_actual_history_call,8,10,1,1411.2607056339998,0.0,0.0,0.0,1806.6431342619471,0.0,1411.2607056339998,0.0,0.0,0.0,0.005432095378637314,False,True,
s-001,after_one_actual_history_call,9,200,0,-5874.554080632999,7681.197214895,9035.66383739,5723.8415602559335,1806.6431342619471,7833.705409148,1959.1513285150013,0.019854742690015057,152.50819425305417,0.00014357930616794426,0.2201804593205452,False,False,0.2201804593205452
s-001,after_one_actual_history_call,9,200,1,-5874.554080632999,7681.197214895,9035.66383739,5723.8415602559335,1806.6431342619471,7833.705409148,1959.1513285150013,0.019854742690015057,152.50819425305417,0.00014357930616794426,0.2211940512061119,False,False,0.2211940512061119
s-001,after_one_actual_history_call,9,1000,0,-5874.554080632999,7681.197214895,9035.66383739,5723.8415602559335,1806.6431342619471,7833.705409148,1959.1513285150013,0.019854742690015057,152.50819425305417,0.00014357930616794426,1.0195535831153393,False,False,1.0195535831153393
s-001,after_one_actual_history_call,9,1000,1,-5874.554080632999,7681.197214895,9035.66383739,5723.8415602559335,1806.6431342619471,7833.705409148,1959.1513285150013,0.019854742690015057,152.50819425305417,0.00014357930616794426,1.0199089087545872,False,False,1.0199089087545872
s-001,after_one_actual_history_call,9,50,0,-5874.554080632999,7681.197214895,9035.66383739,5723.8415602559335,1806.6431342619471,7833.705409148,1959.1513285150013,0.019854742690015057,152.50819425305417,0.00014357930616794426,0.06857580319046974,False,False,0.06857580319046974
s-001,after_one_actual_history_call,9,50,1,-5874.554080632999,7681.197214895,9035.66383739,5723.8415602559335,1806.6431342619471,7833.705409148,1959.1513285150013,0.019854742690015057,152.50819425305417,0.00014357930616794426,0.06872439384460449,False,False,0.06872439384460449
s-001,after_one_actual_history_call,9,10,0,-5874.554080632999,7681.197214895,9035.66383739,5723.8415602559335,1806.6431342619471,7833.705409148,1959.1513285150013,0.019854742690015057,152.50819425305417,0.00014357930616794426,0.02964884787797928,False,False,0.02964884787797928
s-001,after_one_actual_history_call,9,10,1,-5874.554080632999,7681.197214895,9035.66383739,5723.8415602559335,1806.6431342619471,7833.705409148,1959.1513285150013,0.019854742690015057,152.50819425305417,0.00014357930616794426,0.02834099531173706,False,False,0.02834099531173706
s-001,after_one_actual_history_call,10,200,0,-29888.205144909003,31401.965628259,48716.098959237,25285.667839161237,1806.6431342619471,33288.115556205,3399.910411295994,0.06006470901454106,1593.2672770340469,0.0014999863535008517,0.22289519011974335,False,False,0.22289519011974335
s-001,after_one_actual_history_call,10,200,1,-29888.205144909003,31401.965628259,48716.098959237,25285.667839161237,1806.6431342619471,33288.115556205,3399.910411295994,0.06006470901454106,1593.2672770340469,0.0014999863535008517,0.22305000573396683,False,False,0.22305000573396683
s-001,after_one_actual_history_call,10,1000,0,-29888.205144909003,31401.965628259,48716.098959237,25285.667839161237,1806.6431342619471,33288.115556205,3399.910411295994,0.06006470901454106,1593.2672770340469,0.0014999863535008517,1.0227749235928059,False,False,1.0227749235928059
s-001,after_one_actual_history_call,10,1000,1,-29888.205144909003,31401.965628259,48716.098959237,25285.667839161237,1806.6431342619471,33288.115556205,3399.910411295994,0.06006470901454106,1593.2672770340469,0.0014999863535008517,1.0232462361454964,False,False,1.0232462361454964
s-001,after_one_actual_history_call,10,50,0,-29888.205144909003,31401.965628259,48716.098959237,25285.667839161237,1806.6431342619471,33288.115556205,3399.910411295994,0.06006470901454106,1593.2672770340469,0.0014999863535008517,0.07223387807607651,False,False,0.07223387807607651
s-001,after_one_actual_history_call,10,50,1,-29888.205144909003,31401.965628259,48716.098959237,25285.667839161237,1806.6431342619471,33288.115556205,3399.910411295994,0.06006470901454106,1593.2672770340469,0.0014999863535008517,0.07221725955605507,False,False,0.07221725955605507
s-001,after_one_actual_history_call,10,10,0,-29888.205144909003,31401.965628259,48716.098959237,25285.667839161237,1806.6431342619471,33288.115556205,3399.910411295994,0.06006470901454106,1593.2672770340469,0.0014999863535008517,0.03090825304389,False,False,0.03090825304389
s-001,after_one_actual_history_call,10,10,1,-29888.205144909003,31401.965628259,48716.098959237,25285.667839161237,1806.6431342619471,33288.115556205,3399.910411295994,0.06006470901454106,1593.2672770340469,0.0014999863535008517,0.028910163789987564,False,False,0.028910163789987564
s-002,after_common_greedy_prefix,0,200,0,-7550.368771715,8290.77310738,13308.864470822,6133.160900793733,1806.6431342619471,8433.088132063,882.719360348,0.0171654709204764,0.0,0.0,0.2201320305466652,False,False,
s-002,after_common_greedy_prefix,0,200,1,-7550.368771715,8290.77310738,13308.864470822,6133.160900793733,1806.6431342619471,8433.088132063,882.719360348,0.0171654709204764,0.0,0.0,0.21966976672410965,False,False,
s-002,after_common_greedy_prefix,0,1000,0,-7550.368771715,8290.77310738,13308.864470822,6133.160900793733,1806.6431342619471,8433.088132063,882.719360348,0.0171654709204764,0.0,0.0,1.0200813636183739,False,False,
s-002,after_common_greedy_prefix,0,1000,1,-7550.368771715,8290.77310738,13308.864470822,6133.160900793733,1806.6431342619471,8433.088132063,882.719360348,0.0171654709204764,0.0,0.0,1.0207671001553535,False,False,
s-002,after_common_greedy_prefix,0,50,0,-7550.368771715,8290.77310738,13308.864470822,6133.160900793733,1806.6431342619471,8433.088132063,882.719360348,0.0171654709204764,0.0,0.0,0.07158615440130234,False,False,
s-002,after_common_greedy_prefix,0,50,1,-7550.368771715,8290.77310738,13308.864470822,6133.160900793733,1806.6431342619471,8433.088132063,882.719360348,0.0171654709204764,0.0,0.0,0.07190031930804253,False,False,
s-002,after_common_greedy_prefix,0,10,0,-7550.368771715,8290.77310738,13308.864470822,6133.160900793733,1806.6431342619471,8433.088132063,882.719360348,0.0171654709204764,0.0,0.0,0.03097279742360115,False,False,
s-002,after_common_greedy_prefix,0,10,1,-7550.368771715,8290.77310738,13308.864470822,6133.160900793733,1806.6431342619471,8433.088132063,882.719360348,0.0171654709204764,0.0,0.0,0.02831020951271057,False,False,
s-002,after_common_greedy_prefix,1,200,0,-31208.104649358,31208.104649358,56101.864474201,28477.638416505368,1806.6431342619471,33765.870865804,2557.766216445998,0.08195839655064138,751.1230821840509,0.0007071471242244679,0.2227598801255226,False,False,0.2227598801255226
s-002,after_common_greedy_prefix,1,200,1,-31208.104649358,31208.104649358,56101.864474201,28477.638416505368,1806.6431342619471,33765.870865804,2557.766216445998,0.08195839655064138,751.1230821840509,0.0007071471242244679,0.22328875958919525,False,False,0.22328875958919525
s-002,after_common_greedy_prefix,1,1000,0,-31208.104649358,31208.104649358,56101.864474201,28477.638416505368,1806.6431342619471,33802.282432356,2594.1777829979983,0.08312513086408677,787.5346487360512,0.0007414269049774254,1.0220531597733498,False,False,1.0220531597733498
s-002,after_common_greedy_prefix,1,1000,1,-31208.104649358,31208.104649358,56101.864474201,28477.638416505368,1806.6431342619471,33802.282432356,2594.1777829979983,0.08312513086408677,787.5346487360512,0.0007414269049774254,1.023192137479782,False,False,1.023192137479782
s-002,after_common_greedy_prefix,1,50,0,-31208.104649358,31208.104649358,56101.864474201,28477.638416505368,1806.6431342619471,33765.870865804,2557.766216445998,0.08195839655064138,751.1230821840509,0.0007071471242244679,0.07482897490262985,False,False,0.07482897490262985
s-002,after_common_greedy_prefix,1,50,1,-31208.104649358,31208.104649358,56101.864474201,28477.638416505368,1806.6431342619471,33765.870865804,2557.766216445998,0.08195839655064138,751.1230821840509,0.0007071471242244679,0.0745014064013958,False,False,0.0745014064013958
s-002,after_common_greedy_prefix,1,10,0,-31208.104649358,31208.104649358,56101.864474201,28477.638416505368,1806.6431342619471,33765.870865804,2557.766216445998,0.08195839655064138,751.1230821840509,0.0007071471242244679,0.03543368726968765,False,False,0.03543368726968765
s-002,after_common_greedy_prefix,1,10,1,-31208.104649358,31208.104649358,56101.864474201,28477.638416505368,1806.6431342619471,33765.870865804,2557.766216445998,0.08195839655064138,751.1230821840509,0.0007071471242244679,0.03230644762516022,False,False,0.03230644762516022
s-002,after_common_greedy_prefix,2,200,0,408.72233608,0.0,0.0,0.0,1806.6431342619471,0.0,408.72233608,0.0,0.0,0.0,0.005561720579862595,False,True,
s-002,after_common_greedy_prefix,2,200,1,408.72233608,0.0,0.0,0.0,1806.6431342619471,0.0,408.72233608,0.0,0.0,0.0,0.005411233752965927,False,True,
s-002,after_common_greedy_prefix,2,1000,0,408.72233608,0.0,0.0,0.0,1806.6431342619471,0.0,408.72233608,0.0,0.0,0.0,0.005391344428062439,False,True,
s-002,after_common_greedy_prefix,2,1000,1,408.72233608,0.0,0.0,0.0,1806.6431342619471,0.0,408.72233608,0.0,0.0,0.0,0.005527328699827194,False,True,
s-002,after_common_greedy_prefix,2,50,0,408.72233608,0.0,0.0,0.0,1806.6431342619471,0.0,408.72233608,0.0,0.0,0.0,0.005781818181276321,False,True,
s-002,after_common_greedy_prefix,2,50,1,408.72233608,0.0,0.0,0.0,1806.6431342619471,0.0,408.72233608,0.0,0.0,0.0,0.005721010267734528,False,True,
s-002,after_common_greedy_prefix,2,10,0,408.72233608,0.0,0.0,0.0,1806.6431342619471,0.0,408.72233608,0.0,0.0,0.0,0.005457326769828796,False,True,
s-002,after_common_greedy_prefix,2,10,1,408.72233608,0.0,0.0,0.0,1806.6431342619471,0.0,408.72233608,0.0,0.0,0.0,0.005382344126701355,False,True,
s-002,after_common_greedy_prefix,3,200,0,-8370.783245721,8866.294704885,14299.363664347,6826.840172251334,1806.6431342619471,8975.247339301,604.4640935799998,0.012288406605294937,0.0,0.0,0.2197105921804905,False,False,
s-002,after_common_greedy_prefix,3,200,1,-8370.783245721,8866.294704885,14299.363664347,6826.840172251334,1806.6431342619471,8975.247339301,604.4640935799998,0.012288406605294937,0.0,0.0,0.2194841168820858,False,False,
s-002,after_common_greedy_prefix,3,1000,0,-8370.783245721,8866.294704885,14299.363664347,6826.840172251334,1806.6431342619471,8975.247339301,604.4640935799998,0.012288406605294937,0.0,0.0,1.0191668197512627,False,False,
s-002,after_common_greedy_prefix,3,1000,1,-8370.783245721,8866.294704885,14299.363664347,6826.840172251334,1806.6431342619471,8975.247339301,604.4640935799998,0.012288406605294937,0.0,0.0,1.0204077437520027,False,False,
s-002,after_common_greedy_prefix,3,50,0,-8370.783245721,8866.294704885,14299.363664347,6826.840172251334,1806.6431342619471,8975.247339301,604.4640935799998,0.012288406605294937,0.0,0.0,0.07060608267784119,False,False,
s-002,after_common_greedy_prefix,3,50,1,-8370.783245721,8866.294704885,14299.363664347,6826.840172251334,1806.6431342619471,8975.247339301,604.4640935799998,0.012288406605294937,0.0,0.0,0.07128417491912842,False,False,
s-002,after_common_greedy_prefix,3,10,0,-8370.783245721,8866.294704885,14299.363664347,6826.840172251334,1806.6431342619471,8975.247339301,604.4640935799998,0.012288406605294937,0.0,0.0,0.03126566484570503,False,False,
s-002,after_common_greedy_prefix,3,10,1,-8370.783245721,8866.294704885,14299.363664347,6826.840172251334,1806.6431342619471,8975.247339301,604.4640935799998,0.012288406605294937,0.0,0.0,0.031893808394670486,False,False,
s-002,after_common_greedy_prefix,4,200,0,-31671.082710573002,32579.579098378,49192.179797612,27133.83474134274,1806.6431342619471,34732.137685035,3061.0549744619966,0.0660707917728798,1254.4118402000495,0.001180969865566226,0.22287636250257492,False,False,0.22287636250257492
s-002,after_common_greedy_prefix,4,200,1,-31671.082710573002,32579.579098378,49192.179797612,27133.83474134274,1806.6431342619471,34732.137685035,3061.0549744619966,0.0660707917728798,1254.4118402000495,0.001180969865566226,0.22234761342406273,False,False,0.22234761342406273
s-002,after_common_greedy_prefix,4,1000,0,-31671.082710573002,32579.579098378,49192.179797612,27133.83474134274,1806.6431342619471,34732.137685035,3061.0549744619966,0.0660707917728798,1254.4118402000495,0.001180969865566226,1.0229422338306904,False,False,1.0229422338306904
s-002,after_common_greedy_prefix,4,1000,1,-31671.082710573002,32579.579098378,49192.179797612,27133.83474134274,1806.6431342619471,34732.137685035,3061.0549744619966,0.0660707917728798,1254.4118402000495,0.001180969865566226,1.0237749330699444,False,False,1.0237749330699444
s-002,after_common_greedy_prefix,4,50,0,-31671.082710573002,32579.579098378,49192.179797612,27133.83474134274,1806.6431342619471,34732.137685035,3061.0549744619966,0.0660707917728798,1254.4118402000495,0.001180969865566226,0.07397381216287613,False,False,0.07397381216287613
s-002,after_common_greedy_prefix,4,50,1,-31671.082710573002,32579.579098378,49192.179797612,27133.83474134274,1806.6431342619471,34732.137685035,3061.0549744619966,0.0660707917728798,1254.4118402000495,0.001180969865566226,0.07336493209004402,False,False,0.07336493209004402
s-002,after_common_greedy_prefix,4,10,0,-31671.082710573002,32579.579098378,49192.179797612,27133.83474134274,1806.6431342619471,34732.137685035,3061.0549744619966,0.0660707917728798,1254.4118402000495,0.001180969865566226,0.03272435814142227,False,False,0.03272435814142227
s-002,after_common_greedy_prefix,4,10,1,-31671.082710573002,32579.579098378,49192.179797612,27133.83474134274,1806.6431342619471,34732.137685035,3061.0549744619966,0.0660707917728798,1254.4118402000495,0.001180969865566226,0.03296886384487152,False,False,0.03296886384487152
s-002,after_common_greedy_prefix,5,200,0,785.965221878,0.0,0.0,0.0,1806.6431342619471,0.0,785.965221878,0.0,0.0,0.0,0.0054520368576049805,False,True,
s-002,after_common_greedy_prefix,5,200,1,785.965221878,0.0,0.0,0.0,1806.6431342619471,0.0,785.965221878,0.0,0.0,0.0,0.005338788032531738,False,True,
s-002,after_common_greedy_prefix,5,1000,0,785.965221878,0.0,0.0,0.0,1806.6431342619471,0.0,785.965221878,0.0,0.0,0.0,0.005326196551322937,False,True,
s-002,after_common_greedy_prefix,5,1000,1,785.965221878,0.0,0.0,0.0,1806.6431342619471,0.0,785.965221878,0.0,0.0,0.0,0.005293596535921097,False,True,
s-002,after_common_greedy_prefix,5,50,0,785.965221878,0.0,0.0,0.0,1806.6431342619471,0.0,785.965221878,0.0,0.0,0.0,0.005280595272779465,False,True,
s-002,after_common_greedy_prefix,5,50,1,785.965221878,0.0,0.0,0.0,1806.6431342619471,0.0,785.965221878,0.0,0.0,0.0,0.0053277574479579926,False,True,
s-002,after_common_greedy_prefix,5,10,0,785.965221878,0.0,0.0,0.0,1806.6431342619471,0.0,785.965221878,0.0,0.0,0.0,0.005326956510543823,False,True,
s-002,after_common_greedy_prefix,5,10,1,785.965221878,0.0,0.0,0.0,1806.6431342619471,0.0,785.965221878,0.0,0.0,0.0,0.0053101032972335815,False,True,
s-002,after_common_greedy_prefix,6,200,0,-6577.428022393,7425.197158228,8814.887510195,5725.52193976755,1806.6431342619471,7615.683752292,1038.2557298989996,0.02565407894292982,0.0,0.0,0.21892226859927177,False,False,
s-002,after_common_greedy_prefix,6,200,1,-6577.428022393,7425.197158228,8814.887510195,5725.52193976755,1806.6431342619471,7615.683752292,1038.2557298989996,0.02565407894292982,0.0,0.0,0.21878675371408463,False,False,
s-002,after_common_greedy_prefix,6,1000,0,-6577.428022393,7425.197158228,8814.887510195,5725.52193976755,1806.6431342619471,7615.683752292,1038.2557298989996,0.02565407894292982,0.0,0.0,1.0191106833517551,False,False,
s-002,after_common_greedy_prefix,6,1000,1,-6577.428022393,7425.197158228,8814.887510195,5725.52193976755,1806.6431342619471,7615.683752292,1038.2557298989996,0.02565407894292982,0.0,0.0,1.020355213433504,False,False,
s-002,after_common_greedy_prefix,6,50,0,-6577.428022393,7425.197158228,8814.887510195,5725.52193976755,1806.6431342619471,7615.683752292,1038.2557298989996,0.02565407894292982,0.0,0.0,0.07052356377243996,False,False,
s-002,after_common_greedy_prefix,6,50,1,-6577.428022393,7425.197158228,8814.887510195,5725.52193976755,1806.6431342619471,7615.683752292,1038.2557298989996,0.02565407894292982,0.0,0.0,0.07090125232934952,False,False,
s-002,after_common_greedy_prefix,6,10,0,-6577.428022393,7425.197158228,8814.887510195,5725.52193976755,1806.6431342619471,7615.683752292,1038.2557298989996,0.02565407894292982,0.0,0.0,0.030284035950899124,False,False,
s-002,after_common_greedy_prefix,6,10,1,-6577.428022393,7425.197158228,8814.887510195,5725.52193976755,1806.6431342619471,7615.683752292,1038.2557298989996,0.02565407894292982,0.0,0.0,0.02852289006114006,False,False,
s-002,after_common_greedy_prefix,7,200,0,-29704.508311673002,30490.473533551,52108.553408949,24440.00894208832,1806.6431342619471,32279.046372169,2574.5380604959973,0.058660054480619804,767.8949262340502,0.0007229370281286488,0.22216562926769257,False,False,0.22216562926769257
s-002,after_common_greedy_prefix,7,200,1,-29704.508311673002,30490.473533551,52108.553408949,24440.00894208832,1806.6431342619471,32279.046372169,2574.5380604959973,0.058660054480619804,767.8949262340502,0.0007229370281286488,0.22205523401498795,False,False,0.22205523401498795
s-002,after_common_greedy_prefix,7,1000,0,-29704.508311673002,30490.473533551,52108.553408949,24440.00894208832,1806.6431342619471,32279.046372169,2574.5380604959973,0.058660054480619804,767.8949262340502,0.0007229370281286488,1.0214141495525837,False,False,1.0214141495525837
s-002,after_common_greedy_prefix,7,1000,1,-29704.508311673002,30490.473533551,52108.553408949,24440.00894208832,1806.6431342619471,32279.046372169,2574.5380604959973,0.058660054480619804,767.8949262340502,0.0007229370281286488,1.0232335031032562,False,False,1.0232335031032562
s-002,after_common_greedy_prefix,7,50,0,-29704.508311673002,30490.473533551,52108.553408949,24440.00894208832,1806.6431342619471,32279.046372169,2574.5380604959973,0.058660054480619804,767.8949262340502,0.0007229370281286488,0.07397753745317459,False,False,0.07397753745317459
s-002,after_common_greedy_prefix,7,50,1,-29704.508311673002,30490.473533551,52108.553408949,24440.00894208832,1806.6431342619471,32279.046372169,2574.5380604959973,0.058660054480619804,767.8949262340502,0.0007229370281286488,0.07251645624637604,False,False,0.07251645624637604
s-002,after_common_greedy_prefix,7,10,0,-29704.508311673002,30490.473533551,52108.553408949,24440.00894208832,1806.6431342619471,32279.046372169,2574.5380604959973,0.058660054480619804,767.8949262340502,0.0007229370281286488,0.03137872740626335,False,False,0.03137872740626335
s-002,after_common_greedy_prefix,7,10,1,-29704.508311673002,30490.473533551,52108.553408949,24440.00894208832,1806.6431342619471,32279.046372169,2574.5380604959973,0.058660054480619804,767.8949262340502,0.0007229370281286488,0.031544964760541916,False,False,0.031544964760541916
s-002,after_common_greedy_prefix,8,200,0,1411.2607056339998,0.0,0.0,0.0,1806.6431342619471,0.0,1411.2607056339998,0.0,0.0,0.0,0.005642011761665344,False,True,
s-002,after_common_greedy_prefix,8,200,1,1411.2607056339998,0.0,0.0,0.0,1806.6431342619471,0.0,1411.2607056339998,0.0,0.0,0.0,0.00543367862701416,False,True,
s-002,after_common_greedy_prefix,8,1000,0,1411.2607056339998,0.0,0.0,0.0,1806.6431342619471,0.0,1411.2607056339998,0.0,0.0,0.0,0.005399189889431,False,True,
s-002,after_common_greedy_prefix,8,1000,1,1411.2607056339998,0.0,0.0,0.0,1806.6431342619471,0.0,1411.2607056339998,0.0,0.0,0.0,0.005405176430940628,False,True,
s-002,after_common_greedy_prefix,8,50,0,1411.2607056339998,0.0,0.0,0.0,1806.6431342619471,0.0,1411.2607056339998,0.0,0.0,0.0,0.005411602556705475,False,True,
s-002,after_common_greedy_prefix,8,50,1,1411.2607056339998,0.0,0.0,0.0,1806.6431342619471,0.0,1411.2607056339998,0.0,0.0,0.0,0.005391888320446014,False,True,
s-002,after_common_greedy_prefix,8,10,0,1411.2607056339998,0.0,0.0,0.0,1806.6431342619471,0.0,1411.2607056339998,0.0,0.0,0.0,0.005363918840885162,False,True,
s-002,after_common_greedy_prefix,8,10,1,1411.2607056339998,0.0,0.0,0.0,1806.6431342619471,0.0,1411.2607056339998,0.0,0.0,0.0,0.005350835621356964,False,True,
s-002,after_common_greedy_prefix,9,200,0,-5874.554080632999,7681.197214895,9035.66383739,5723.8415602559335,1806.6431342619471,7833.705409148,1959.1513285150013,0.019854742690015057,152.50819425305417,0.00014357930616794426,0.2197594828903675,False,False,0.2197594828903675
s-002,after_common_greedy_prefix,9,200,1,-5874.554080632999,7681.197214895,9035.66383739,5723.8415602559335,1806.6431342619471,7833.705409148,1959.1513285150013,0.019854742690015057,152.50819425305417,0.00014357930616794426,0.21990831941366196,False,False,0.21990831941366196
s-002,after_common_greedy_prefix,9,1000,0,-5874.554080632999,7681.197214895,9035.66383739,5723.8415602559335,1806.6431342619471,7833.705409148,1959.1513285150013,0.019854742690015057,152.50819425305417,0.00014357930616794426,1.0188900977373123,False,False,1.0188900977373123
s-002,after_common_greedy_prefix,9,1000,1,-5874.554080632999,7681.197214895,9035.66383739,5723.8415602559335,1806.6431342619471,7833.705409148,1959.1513285150013,0.019854742690015057,152.50819425305417,0.00014357930616794426,1.0196900255978107,False,False,1.0196900255978107
s-002,after_common_greedy_prefix,9,50,0,-5874.554080632999,7681.197214895,9035.66383739,5723.8415602559335,1806.6431342619471,7833.705409148,1959.1513285150013,0.019854742690015057,152.50819425305417,0.00014357930616794426,0.07001898065209389,False,False,0.07001898065209389
s-002,after_common_greedy_prefix,9,50,1,-5874.554080632999,7681.197214895,9035.66383739,5723.8415602559335,1806.6431342619471,7833.705409148,1959.1513285150013,0.019854742690015057,152.50819425305417,0.00014357930616794426,0.07011808082461357,False,False,0.07011808082461357
s-002,after_common_greedy_prefix,9,10,0,-5874.554080632999,7681.197214895,9035.66383739,5723.8415602559335,1806.6431342619471,7833.705409148,1959.1513285150013,0.019854742690015057,152.50819425305417,0.00014357930616794426,0.02975129708647728,False,False,0.02975129708647728
s-002,after_common_greedy_prefix,9,10,1,-5874.554080632999,7681.197214895,9035.66383739,5723.8415602559335,1806.6431342619471,7833.705409148,1959.1513285150013,0.019854742690015057,152.50819425305417,0.00014357930616794426,0.029666826128959656,False,False,0.029666826128959656
s-002,after_common_greedy_prefix,10,200,0,-29897.805463072003,31411.565946422,48587.927418009,25266.57015038577,1806.6431342619471,33218.372987129,3320.5675240569944,0.05752043829297868,1513.9243897950473,0.0014252887495135246,0.22269075736403465,False,False,0.22269075736403465
s-002,after_common_greedy_prefix,10,200,1,-29897.805463072003,31411.565946422,48587.927418009,25266.57015038577,1806.6431342619471,33218.372987129,3320.5675240569944,0.05752043829297868,1513.9243897950473,0.0014252887495135246,0.22173460200428963,False,False,0.22173460200428963
s-002,after_common_greedy_prefix,10,1000,0,-29897.805463072003,31411.565946422,48587.927418009,25266.57015038577,1806.6431342619471,33218.372987129,3320.5675240569944,0.05752043829297868,1513.9243897950473,0.0014252887495135246,1.0225266180932522,False,False,1.0225266180932522
s-002,after_common_greedy_prefix,10,1000,1,-29897.805463072003,31411.565946422,48587.927418009,25266.57015038577,1806.6431342619471,33218.372987129,3320.5675240569944,0.05752043829297868,1513.9243897950473,0.0014252887495135246,1.0221164301037788,False,False,1.0221164301037788
s-002,after_common_greedy_prefix,10,50,0,-29897.805463072003,31411.565946422,48587.927418009,25266.57015038577,1806.6431342619471,33218.372987129,3320.5675240569944,0.05752043829297868,1513.9243897950473,0.0014252887495135246,0.07186565175652504,False,False,0.07186565175652504
s-002,after_common_greedy_prefix,10,50,1,-29897.805463072003,31411.565946422,48587.927418009,25266.57015038577,1806.6431342619471,33218.372987129,3320.5675240569944,0.05752043829297868,1513.9243897950473,0.0014252887495135246,0.07125521823763847,False,False,0.07125521823763847
s-002,after_common_greedy_prefix,10,10,0,-29897.805463072003,31411.565946422,48587.927418009,25266.57015038577,1806.6431342619471,33218.372987129,3320.5675240569944,0.05752043829297868,1513.9243897950473,0.0014252887495135246,0.031218647956848145,False,False,0.031218647956848145
s-002,after_common_greedy_prefix,10,10,1,-29897.805463072003,31411.565946422,48587.927418009,25266.57015038577,1806.6431342619471,33218.372987129,3320.5675240569944,0.05752043829297868,1513.9243897950473,0.0014252887495135246,0.032646000385284424,False,False,0.032646000385284424
s-003,after_one_actual_history_call,0,200,0,-7550.368771715,8290.77310738,13308.864470822,6133.160900793733,2557.766216445947,8433.088132063,882.719360348,0.0171654709204764,0.0,0.0,0.22423679381608963,False,False,
s-003,after_one_actual_history_call,0,200,1,-7550.368771715,8290.77310738,13308.864470822,6133.160900793733,2557.766216445947,8433.088132063,882.719360348,0.0171654709204764,0.0,0.0,0.22320200130343437,False,False,
s-003,after_one_actual_history_call,0,1000,0,-7550.368771715,8290.77310738,13308.864470822,6133.160900793733,2557.766216445947,8433.088132063,882.719360348,0.0171654709204764,0.0,0.0,1.021070208400488,False,False,
s-003,after_one_actual_history_call,0,1000,1,-7550.368771715,8290.77310738,13308.864470822,6133.160900793733,2557.766216445947,8433.088132063,882.719360348,0.0171654709204764,0.0,0.0,1.020226489752531,False,False,
s-003,after_one_actual_history_call,0,50,0,-7550.368771715,8290.77310738,13308.864470822,6133.160900793733,2557.766216445947,8433.088132063,882.719360348,0.0171654709204764,0.0,0.0,0.06959163770079613,False,False,
s-003,after_one_actual_history_call,0,50,1,-7550.368771715,8290.77310738,13308.864470822,6133.160900793733,2557.766216445947,8433.088132063,882.719360348,0.0171654709204764,0.0,0.0,0.06983248516917229,False,False,
s-003,after_one_actual_history_call,0,10,0,-7550.368771715,8290.77310738,13308.864470822,6133.160900793733,2557.766216445947,8433.088132063,882.719360348,0.0171654709204764,0.0,0.0,0.028816577047109604,False,False,
s-003,after_one_actual_history_call,0,10,1,-7550.368771715,8290.77310738,13308.864470822,6133.160900793733,2557.766216445947,8433.088132063,882.719360348,0.0171654709204764,0.0,0.0,0.027798358350992203,False,False,
s-003,after_one_actual_history_call,1,200,0,-31208.104649358,33765.870865804,56101.864474201,28477.638416505368,2557.766216445947,33765.870865804,2557.766216445998,0.0,5.093170329928398e-11,4.7949807926575356e-17,0.0038484521210193634,False,True,
s-003,after_one_actual_history_call,1,200,1,-31208.104649358,33765.870865804,56101.864474201,28477.638416505368,2557.766216445947,33765.870865804,2557.766216445998,0.0,5.093170329928398e-11,4.7949807926575356e-17,0.0037674233317375183,False,True,
s-003,after_one_actual_history_call,1,1000,0,-31208.104649358,33765.870865804,56101.864474201,28477.638416505368,2557.766216445947,33802.282432356,2594.1777829979983,0.0010783541374280294,36.41156655205123,3.427978075300531e-05,1.0232257395982742,False,False,1.0232257395982742
s-003,after_one_actual_history_call,1,1000,1,-31208.104649358,33765.870865804,56101.864474201,28477.638416505368,2557.766216445947,33802.282432356,2594.1777829979983,0.0010783541374280294,36.41156655205123,3.427978075300531e-05,1.0214646235108376,False,False,1.0214646235108376
s-003,after_one_actual_history_call,1,50,0,-31208.104649358,33765.870865804,56101.864474201,28477.638416505368,2557.766216445947,33765.870865804,2557.766216445998,0.0,5.093170329928398e-11,4.7949807926575356e-17,0.07283300533890724,False,True,
s-003,after_one_actual_history_call,1,50,1,-31208.104649358,33765.870865804,56101.864474201,28477.638416505368,2557.766216445947,33765.870865804,2557.766216445998,0.0,5.093170329928398e-11,4.7949807926575356e-17,0.07351532205939293,False,True,
s-003,after_one_actual_history_call,1,10,0,-31208.104649358,33765.870865804,56101.864474201,28477.638416505368,2557.766216445947,33765.870865804,2557.766216445998,0.0,5.093170329928398e-11,4.7949807926575356e-17,0.03190550580620766,False,True,
s-003,after_one_actual_history_call,1,10,1,-31208.104649358,33765.870865804,56101.864474201,28477.638416505368,2557.766216445947,33765.870865804,2557.766216445998,0.0,5.093170329928398e-11,4.7949807926575356e-17,0.030395083129405975,False,True,
s-003,after_one_actual_history_call,2,200,0,408.72233608,0.0,0.0,0.0,2557.766216445947,0.0,408.72233608,0.0,0.0,0.0,0.0063187479972839355,False,True,
s-003,after_one_actual_history_call,2,200,1,408.72233608,0.0,0.0,0.0,2557.766216445947,0.0,408.72233608,0.0,0.0,0.0,0.005606308579444885,False,True,
s-003,after_one_actual_history_call,2,1000,0,408.72233608,0.0,0.0,0.0,2557.766216445947,0.0,408.72233608,0.0,0.0,0.0,0.005547165870666504,False,True,
s-003,after_one_actual_history_call,2,1000,1,408.72233608,0.0,0.0,0.0,2557.766216445947,0.0,408.72233608,0.0,0.0,0.0,0.005481835454702377,False,True,
s-003,after_one_actual_history_call,2,50,0,408.72233608,0.0,0.0,0.0,2557.766216445947,0.0,408.72233608,0.0,0.0,0.0,0.005409672856330872,False,True,
s-003,after_one_actual_history_call,2,50,1,408.72233608,0.0,0.0,0.0,2557.766216445947,0.0,408.72233608,0.0,0.0,0.0,0.0054342858493328094,False,True,
s-003,after_one_actual_history_call,2,10,0,408.72233608,0.0,0.0,0.0,2557.766216445947,0.0,408.72233608,0.0,0.0,0.0,0.005395486950874329,False,True,
s-003,after_one_actual_history_call,2,10,1,408.72233608,0.0,0.0,0.0,2557.766216445947,0.0,408.72233608,0.0,0.0,0.0,0.005351562052965164,False,True,
s-003,after_one_actual_history_call,3,200,0,-8370.783245721,8866.294704885,14299.363664347,6826.840172251334,2557.766216445947,8975.247339301,604.4640935799998,0.012288406605294937,0.0,0.0,0.21935760229825974,False,False,
s-003,after_one_actual_history_call,3,200,1,-8370.783245721,8866.294704885,14299.363664347,6826.840172251334,2557.766216445947,8975.247339301,604.4640935799998,0.012288406605294937,0.0,0.0,0.21964700892567635,False,False,
s-003,after_one_actual_history_call,3,1000,0,-8370.783245721,8866.294704885,14299.363664347,6826.840172251334,2557.766216445947,8975.247339301,604.4640935799998,0.012288406605294937,0.0,0.0,1.0188539735972881,False,False,
s-003,after_one_actual_history_call,3,1000,1,-8370.783245721,8866.294704885,14299.363664347,6826.840172251334,2557.766216445947,8975.247339301,604.4640935799998,0.012288406605294937,0.0,0.0,1.0208038538694382,False,False,
s-003,after_one_actual_history_call,3,50,0,-8370.783245721,8866.294704885,14299.363664347,6826.840172251334,2557.766216445947,8975.247339301,604.4640935799998,0.012288406605294937,0.0,0.0,0.07169274240732193,False,False,
s-003,after_one_actual_history_call,3,50,1,-8370.783245721,8866.294704885,14299.363664347,6826.840172251334,2557.766216445947,8975.247339301,604.4640935799998,0.012288406605294937,0.0,0.0,0.07212069258093834,False,False,
s-003,after_one_actual_history_call,3,10,0,-8370.783245721,8866.294704885,14299.363664347,6826.840172251334,2557.766216445947,8975.247339301,604.4640935799998,0.012288406605294937,0.0,0.0,0.03010258823633194,False,False,
s-003,after_one_actual_history_call,3,10,1,-8370.783245721,8866.294704885,14299.363664347,6826.840172251334,2557.766216445947,8975.247339301,604.4640935799998,0.012288406605294937,0.0,0.0,0.029155950993299484,False,False,
s-003,after_one_actual_history_call,4,200,0,-31671.082710573002,32579.579098378,49192.179797612,27133.83474134274,2557.766216445947,34732.137685035,3061.0549744619966,0.0660707917728798,503.28875801604954,0.00047382274134180597,0.22084197029471397,False,False,0.22084197029471397
s-003,after_one_actual_history_call,4,200,1,-31671.082710573002,32579.579098378,49192.179797612,27133.83474134274,2557.766216445947,34732.137685035,3061.0549744619966,0.0660707917728798,503.28875801604954,0.00047382274134180597,0.22239693999290466,False,False,0.22239693999290466
s-003,after_one_actual_history_call,4,1000,0,-31671.082710573002,32579.579098378,49192.179797612,27133.83474134274,2557.766216445947,34732.137685035,3061.0549744619966,0.0660707917728798,503.28875801604954,0.00047382274134180597,1.0215564295649529,False,False,1.0215564295649529
s-003,after_one_actual_history_call,4,1000,1,-31671.082710573002,32579.579098378,49192.179797612,27133.83474134274,2557.766216445947,34732.137685035,3061.0549744619966,0.0660707917728798,503.28875801604954,0.00047382274134180597,1.0246377289295197,False,False,1.0246377289295197
s-003,after_one_actual_history_call,4,50,0,-31671.082710573002,32579.579098378,49192.179797612,27133.83474134274,2557.766216445947,34732.137685035,3061.0549744619966,0.0660707917728798,503.28875801604954,0.00047382274134180597,0.07471174374222755,False,False,0.07471174374222755
s-003,after_one_actual_history_call,4,50,1,-31671.082710573002,32579.579098378,49192.179797612,27133.83474134274,2557.766216445947,34732.137685035,3061.0549744619966,0.0660707917728798,503.28875801604954,0.00047382274134180597,0.07456015422940254,False,False,0.07456015422940254
s-003,after_one_actual_history_call,4,10,0,-31671.082710573002,32579.579098378,49192.179797612,27133.83474134274,2557.766216445947,34732.137685035,3061.0549744619966,0.0660707917728798,503.28875801604954,0.00047382274134180597,0.03389284387230873,False,False,0.03389284387230873
s-003,after_one_actual_history_call,4,10,1,-31671.082710573002,32579.579098378,49192.179797612,27133.83474134274,2557.766216445947,34732.137685035,3061.0549744619966,0.0660707917728798,503.28875801604954,0.00047382274134180597,0.03404323384165764,False,False,0.03404323384165764
s-003,after_one_actual_history_call,5,200,0,785.965221878,0.0,0.0,0.0,2557.766216445947,0.0,785.965221878,0.0,0.0,0.0,0.005760546773672104,False,True,
s-003,after_one_actual_history_call,5,200,1,785.965221878,0.0,0.0,0.0,2557.766216445947,0.0,785.965221878,0.0,0.0,0.0,0.0053648315370082855,False,True,
s-003,after_one_actual_history_call,5,1000,0,785.965221878,0.0,0.0,0.0,2557.766216445947,0.0,785.965221878,0.0,0.0,0.0,0.005360864102840424,False,True,
s-003,after_one_actual_history_call,5,1000,1,785.965221878,0.0,0.0,0.0,2557.766216445947,0.0,785.965221878,0.0,0.0,0.0,0.005393184721469879,False,True,
s-003,after_one_actual_history_call,5,50,0,785.965221878,0.0,0.0,0.0,2557.766216445947,0.0,785.965221878,0.0,0.0,0.0,0.005433715879917145,False,True,
s-003,after_one_actual_history_call,5,50,1,785.965221878,0.0,0.0,0.0,2557.766216445947,0.0,785.965221878,0.0,0.0,0.0,0.0053402334451675415,False,True,
s-003,after_one_actual_history_call,5,10,0,785.965221878,0.0,0.0,0.0,2557.766216445947,0.0,785.965221878,0.0,0.0,0.0,0.0053082965314388275,False,True,
s-003,after_one_actual_history_call,5,10,1,785.965221878,0.0,0.0,0.0,2557.766216445947,0.0,785.965221878,0.0,0.0,0.0,0.00530368834733963,False,True,
s-003,after_one_actual_history_call,6,200,0,-6577.428022393,7425.197158228,8814.887510195,5725.52193976755,2557.766216445947,7615.683752292,1038.2557298989996,0.02565407894292982,0.0,0.0,0.21939459815621376,False,False,
s-003,after_one_actual_history_call,6,200,1,-6577.428022393,7425.197158228,8814.887510195,5725.52193976755,2557.766216445947,7615.683752292,1038.2557298989996,0.02565407894292982,0.0,0.0,0.21874958276748657,False,False,
s-003,after_one_actual_history_call,6,1000,0,-6577.428022393,7425.197158228,8814.887510195,5725.52193976755,2557.766216445947,7615.683752292,1038.2557298989996,0.02565407894292982,0.0,0.0,1.019020687788725,False,False,
s-003,after_one_actual_history_call,6,1000,1,-6577.428022393,7425.197158228,8814.887510195,5725.52193976755,2557.766216445947,7615.683752292,1038.2557298989996,0.02565407894292982,0.0,0.0,1.0197576321661472,False,False,
s-003,after_one_actual_history_call,6,50,0,-6577.428022393,7425.197158228,8814.887510195,5725.52193976755,2557.766216445947,7615.683752292,1038.2557298989996,0.02565407894292982,0.0,0.0,0.06995972990989685,False,False,
s-003,after_one_actual_history_call,6,50,1,-6577.428022393,7425.197158228,8814.887510195,5725.52193976755,2557.766216445947,7615.683752292,1038.2557298989996,0.02565407894292982,0.0,0.0,0.07116710022091866,False,False,
s-003,after_one_actual_history_call,6,10,0,-6577.428022393,7425.197158228,8814.887510195,5725.52193976755,2557.766216445947,7615.683752292,1038.2557298989996,0.02565407894292982,0.0,0.0,0.02931077778339386,False,False,
s-003,after_one_actual_history_call,6,10,1,-6577.428022393,7425.197158228,8814.887510195,5725.52193976755,2557.766216445947,7615.683752292,1038.2557298989996,0.02565407894292982,0.0,0.0,0.0297074094414711,False,False,
s-003,after_one_actual_history_call,7,200,0,-29704.508311673002,30490.473533551,52108.553408949,24440.00894208832,2557.766216445947,32279.046372169,2574.5380604959973,0.058660054480619804,16.771844050050277,1.578990390422879e-05,0.22235099971294403,False,False,0.22235099971294403
s-003,after_one_actual_history_call,7,200,1,-29704.508311673002,30490.473533551,52108.553408949,24440.00894208832,2557.766216445947,32279.046372169,2574.5380604959973,0.058660054480619804,16.771844050050277,1.578990390422879e-05,0.22364934906363487,False,False,0.22364934906363487
s-003,after_one_actual_history_call,7,1000,0,-29704.508311673002,30490.473533551,52108.553408949,24440.00894208832,2557.766216445947,32279.046372169,2574.5380604959973,0.058660054480619804,16.771844050050277,1.578990390422879e-05,1.022922556847334,False,False,1.022922556847334
s-003,after_one_actual_history_call,7,1000,1,-29704.508311673002,30490.473533551,52108.553408949,24440.00894208832,2557.766216445947,32279.046372169,2574.5380604959973,0.058660054480619804,16.771844050050277,1.578990390422879e-05,1.023148737847805,False,False,1.023148737847805
s-003,after_one_actual_history_call,7,50,0,-29704.508311673002,30490.473533551,52108.553408949,24440.00894208832,2557.766216445947,32279.046372169,2574.5380604959973,0.058660054480619804,16.771844050050277,1.578990390422879e-05,0.07255399599671364,False,False,0.07255399599671364
s-003,after_one_actual_history_call,7,50,1,-29704.508311673002,30490.473533551,52108.553408949,24440.00894208832,2557.766216445947,32279.046372169,2574.5380604959973,0.058660054480619804,16.771844050050277,1.578990390422879e-05,0.0724751316010952,False,False,0.0724751316010952
s-003,after_one_actual_history_call,7,10,0,-29704.508311673002,30490.473533551,52108.553408949,24440.00894208832,2557.766216445947,32279.046372169,2574.5380604959973,0.058660054480619804,16.771844050050277,1.578990390422879e-05,0.03322427347302437,False,False,0.03322427347302437
s-003,after_one_actual_history_call,7,10,1,-29704.508311673002,30490.473533551,52108.553408949,24440.00894208832,2557.766216445947,32279.046372169,2574.5380604959973,0.058660054480619804,16.771844050050277,1.578990390422879e-05,0.03137645870447159,False,False,0.03137645870447159
s-003,after_one_actual_history_call,8,200,0,1411.2607056339998,0.0,0.0,0.0,2557.766216445947,0.0,1411.2607056339998,0.0,0.0,0.0,0.005463536828756332,False,True,
s-003,after_one_actual_history_call,8,200,1,1411.2607056339998,0.0,0.0,0.0,2557.766216445947,0.0,1411.2607056339998,0.0,0.0,0.0,0.00535181537270546,False,True,
s-003,after_one_actual_history_call,8,1000,0,1411.2607056339998,0.0,0.0,0.0,2557.766216445947,0.0,1411.2607056339998,0.0,0.0,0.0,0.005290646106004715,False,True,
s-003,after_one_actual_history_call,8,1000,1,1411.2607056339998,0.0,0.0,0.0,2557.766216445947,0.0,1411.2607056339998,0.0,0.0,0.0,0.005300920456647873,False,True,
s-003,after_one_actual_history_call,8,50,0,1411.2607056339998,0.0,0.0,0.0,2557.766216445947,0.0,1411.2607056339998,0.0,0.0,0.0,0.00528360903263092,False,True,
s-003,after_one_actual_history_call,8,50,1,1411.2607056339998,0.0,0.0,0.0,2557.766216445947,0.0,1411.2607056339998,0.0,0.0,0.0,0.005291685461997986,False,True,
s-003,after_one_actual_history_call,8,10,0,1411.2607056339998,0.0,0.0,0.0,2557.766216445947,0.0,1411.2607056339998,0.0,0.0,0.0,0.005334220826625824,False,True,
s-003,after_one_actual_history_call,8,10,1,1411.2607056339998,0.0,0.0,0.0,2557.766216445947,0.0,1411.2607056339998,0.0,0.0,0.0,0.005278211086988449,False,True,
s-003,after_one_actual_history_call,9,200,0,-5874.554080632999,7681.197214895,9035.66383739,5723.8415602559335,2557.766216445947,7833.705409148,1959.1513285150013,0.019854742690015057,0.0,0.0,0.2190426029264927,False,False,
s-003,after_one_actual_history_call,9,200,1,-5874.554080632999,7681.197214895,9035.66383739,5723.8415602559335,2557.766216445947,7833.705409148,1959.1513285150013,0.019854742690015057,0.0,0.0,0.21898506954312325,False,False,
s-003,after_one_actual_history_call,9,1000,0,-5874.554080632999,7681.197214895,9035.66383739,5723.8415602559335,2557.766216445947,7833.705409148,1959.1513285150013,0.019854742690015057,0.0,0.0,1.0198282860219479,False,False,
s-003,after_one_actual_history_call,9,1000,1,-5874.554080632999,7681.197214895,9035.66383739,5723.8415602559335,2557.766216445947,7833.705409148,1959.1513285150013,0.019854742690015057,0.0,0.0,1.019271831959486,False,False,
s-003,after_one_actual_history_call,9,50,0,-5874.554080632999,7681.197214895,9035.66383739,5723.8415602559335,2557.766216445947,7833.705409148,1959.1513285150013,0.019854742690015057,0.0,0.0,0.067939143627882,False,False,
s-003,after_one_actual_history_call,9,50,1,-5874.554080632999,7681.197214895,9035.66383739,5723.8415602559335,2557.766216445947,7833.705409148,1959.1513285150013,0.019854742690015057,0.0,0.0,0.06861161068081856,False,False,
s-003,after_one_actual_history_call,9,10,0,-5874.554080632999,7681.197214895,9035.66383739,5723.8415602559335,2557.766216445947,7833.705409148,1959.1513285150013,0.019854742690015057,0.0,0.0,0.030997656285762787,False,False,
s-003,after_one_actual_history_call,9,10,1,-5874.554080632999,7681.197214895,9035.66383739,5723.8415602559335,2557.766216445947,7833.705409148,1959.1513285150013,0.019854742690015057,0.0,0.0,0.028959784656763077,False,False,
s-003,after_one_actual_history_call,10,200,0,-29897.805463072003,31411.565946422,48587.927418009,25266.57015038577,2557.766216445947,33218.372987129,3320.5675240569944,0.05752043829297868,762.8013076110474,0.0007181416252891045,0.22083516791462898,False,False,0.22083516791462898
s-003,after_one_actual_history_call,10,200,1,-29897.805463072003,31411.565946422,48587.927418009,25266.57015038577,2557.766216445947,33218.372987129,3320.5675240569944,0.05752043829297868,762.8013076110474,0.0007181416252891045,0.22069057077169418,False,False,0.22069057077169418
s-003,after_one_actual_history_call,10,1000,0,-29897.805463072003,31411.565946422,48587.927418009,25266.57015038577,2557.766216445947,33218.372987129,3320.5675240569944,0.05752043829297868,762.8013076110474,0.0007181416252891045,1.0216805711388588,False,False,1.0216805711388588
s-003,after_one_actual_history_call,10,1000,1,-29897.805463072003,31411.565946422,48587.927418009,25266.57015038577,2557.766216445947,33218.372987129,3320.5675240569944,0.05752043829297868,762.8013076110474,0.0007181416252891045,1.021285306662321,False,False,1.021285306662321
s-003,after_one_actual_history_call,10,50,0,-29897.805463072003,31411.565946422,48587.927418009,25266.57015038577,2557.766216445947,33218.372987129,3320.5675240569944,0.05752043829297868,762.8013076110474,0.0007181416252891045,0.07063692063093185,False,False,0.07063692063093185
s-003,after_one_actual_history_call,10,50,1,-29897.805463072003,31411.565946422,48587.927418009,25266.57015038577,2557.766216445947,33218.372987129,3320.5675240569944,0.05752043829297868,762.8013076110474,0.0007181416252891045,0.07135525345802307,False,False,0.07135525345802307
s-003,after_one_actual_history_call,10,10,0,-29897.805463072003,31411.565946422,48587.927418009,25266.57015038577,2557.766216445947,33218.372987129,3320.5675240569944,0.05752043829297868,762.8013076110474,0.0007181416252891045,0.030316371470689774,False,False,0.030316371470689774
s-003,after_one_actual_history_call,10,10,1,-29897.805463072003,31411.565946422,48587.927418009,25266.57015038577,2557.766216445947,33218.372987129,3320.5675240569944,0.05752043829297868,762.8013076110474,0.0007181416252891045,0.031160905957221985,False,False,0.031160905957221985
s-004,after_common_greedy_prefix,0,200,0,-7231.374084011,7231.374084011,11368.05405009,5269.096039907798,1806.6431342619471,7303.625667024,72.25158301299962,0.009991404423780562,0.0,0.0,0.22076329961419106,False,False,
s-004,after_common_greedy_prefix,0,200,1,-7231.374084011,7231.374084011,11368.05405009,5269.096039907798,1806.6431342619471,7303.625667024,72.25158301299962,0.009991404423780562,0.0,0.0,0.2191041335463524,False,False,
s-004,after_common_greedy_prefix,0,1000,0,-7231.374084011,7231.374084011,11368.05405009,5269.096039907798,1806.6431342619471,7303.625667024,72.25158301299962,0.009991404423780562,0.0,0.0,1.0205322802066803,False,False,
s-004,after_common_greedy_prefix,0,1000,1,-7231.374084011,7231.374084011,11368.05405009,5269.096039907798,1806.6431342619471,7303.625667024,72.25158301299962,0.009991404423780562,0.0,0.0,1.0196392200887203,False,False,
s-004,after_common_greedy_prefix,0,50,0,-7231.374084011,7231.374084011,11368.05405009,5269.096039907798,1806.6431342619471,7303.625667024,72.25158301299962,0.009991404423780562,0.0,0.0,0.06987537443637848,False,False,
s-004,after_common_greedy_prefix,0,50,1,-7231.374084011,7231.374084011,11368.05405009,5269.096039907798,1806.6431342619471,7303.625667024,72.25158301299962,0.009991404423780562,0.0,0.0,0.06878389790654182,False,False,
s-004,after_common_greedy_prefix,0,10,0,-7231.374084011,7231.374084011,11368.05405009,5269.096039907798,1806.6431342619471,7303.625667024,72.25158301299962,0.009991404423780562,0.0,0.0,0.027283385396003723,False,False,
s-004,after_common_greedy_prefix,0,10,1,-7231.374084011,7231.374084011,11368.05405009,5269.096039907798,1806.6431342619471,7303.625667024,72.25158301299962,0.009991404423780562,0.0,0.0,0.02639561891555786,False,False,
s-004,after_common_greedy_prefix,1,200,0,-29932.394035465,29932.394035465,59818.977855499,26727.847715112966,1806.6431342619471,31601.180793392,1668.7867579269987,0.055751863881978794,0.0,0.0,0.2202342264354229,False,False,
s-004,after_common_greedy_prefix,1,200,1,-29932.394035465,29932.394035465,59818.977855499,26727.847715112966,1806.6431342619471,31601.180793392,1668.7867579269987,0.055751863881978794,0.0,0.0,0.22405754402279854,False,False,
s-004,after_common_greedy_prefix,1,1000,0,-29932.394035465,29932.394035465,59818.977855499,26727.847715112966,1806.6431342619471,31601.180793392,1668.7867579269987,0.055751863881978794,0.0,0.0,1.0241637118160725,False,False,
s-004,after_common_greedy_prefix,1,1000,1,-29932.394035465,29932.394035465,59818.977855499,26727.847715112966,1806.6431342619471,31601.180793392,1668.7867579269987,0.055751863881978794,0.0,0.0,1.0235089026391506,False,False,
s-004,after_common_greedy_prefix,1,50,0,-29932.394035465,29932.394035465,59818.977855499,26727.847715112966,1806.6431342619471,31601.180793392,1668.7867579269987,0.055751863881978794,0.0,0.0,0.07295822352170944,False,False,
s-004,after_common_greedy_prefix,1,50,1,-29932.394035465,29932.394035465,59818.977855499,26727.847715112966,1806.6431342619471,31601.180793392,1668.7867579269987,0.055751863881978794,0.0,0.0,0.07150759547948837,False,False,
s-004,after_common_greedy_prefix,1,10,0,-29932.394035465,29932.394035465,59818.977855499,26727.847715112966,1806.6431342619471,31601.180793392,1668.7867579269987,0.055751863881978794,0.0,0.0,0.030178438872098923,False,False,
s-004,after_common_greedy_prefix,1,10,1,-29932.394035465,29932.394035465,59818.977855499,26727.847715112966,1806.6431342619471,31601.180793392,1668.7867579269987,0.055751863881978794,0.0,0.0,0.0310041606426239,False,False,
s-004,after_common_greedy_prefix,2,200,0,408.72233608,0.0,0.0,0.0,1806.6431342619471,0.0,408.72233608,0.0,0.0,0.0,0.005337484180927277,False,True,
s-004,after_common_greedy_prefix,2,200,1,408.72233608,0.0,0.0,0.0,1806.6431342619471,0.0,408.72233608,0.0,0.0,0.0,0.005269002169370651,False,True,
s-004,after_common_greedy_prefix,2,1000,0,408.72233608,0.0,0.0,0.0,1806.6431342619471,0.0,408.72233608,0.0,0.0,0.0,0.00524371862411499,False,True,
s-004,after_common_greedy_prefix,2,1000,1,408.72233608,0.0,0.0,0.0,1806.6431342619471,0.0,408.72233608,0.0,0.0,0.0,0.005259450525045395,False,True,
s-004,after_common_greedy_prefix,2,50,0,408.72233608,0.0,0.0,0.0,1806.6431342619471,0.0,408.72233608,0.0,0.0,0.0,0.005284927785396576,False,True,
s-004,after_common_greedy_prefix,2,50,1,408.72233608,0.0,0.0,0.0,1806.6431342619471,0.0,408.72233608,0.0,0.0,0.0,0.0052962154150009155,False,True,
s-004,after_common_greedy_prefix,2,10,0,408.72233608,0.0,0.0,0.0,1806.6431342619471,0.0,408.72233608,0.0,0.0,0.0,0.005352899432182312,False,True,
s-004,after_common_greedy_prefix,2,10,1,408.72233608,0.0,0.0,0.0,1806.6431342619471,0.0,408.72233608,0.0,0.0,0.0,0.005284186452627182,False,True,
s-004,after_common_greedy_prefix,3,200,0,-7930.263369933,8684.686941638,11797.986293385,6408.906596644136,1806.6431342619471,8833.728308407999,903.4649384749991,0.01716139773046202,0.0,0.0,0.2201850488781929,False,False,
s-004,after_common_greedy_prefix,3,200,1,-7930.263369933,8684.686941638,11797.986293385,6408.906596644136,1806.6431342619471,8833.728308407999,903.4649384749991,0.01716139773046202,0.0,0.0,0.2209089659154415,False,False,
s-004,after_common_greedy_prefix,3,1000,0,-7930.263369933,8684.686941638,11797.986293385,6408.906596644136,1806.6431342619471,8833.728308407999,903.4649384749991,0.01716139773046202,0.0,0.0,1.0207790471613407,False,False,
s-004,after_common_greedy_prefix,3,1000,1,-7930.263369933,8684.686941638,11797.986293385,6408.906596644136,1806.6431342619471,8833.728308407999,903.4649384749991,0.01716139773046202,0.0,0.0,1.0199478045105934,False,False,
s-004,after_common_greedy_prefix,3,50,0,-7930.263369933,8684.686941638,11797.986293385,6408.906596644136,1806.6431342619471,8833.728308407999,903.4649384749991,0.01716139773046202,0.0,0.0,0.06892285495996475,False,False,
s-004,after_common_greedy_prefix,3,50,1,-7930.263369933,8684.686941638,11797.986293385,6408.906596644136,1806.6431342619471,8833.728308407999,903.4649384749991,0.01716139773046202,0.0,0.0,0.06956934556365013,False,False,
s-004,after_common_greedy_prefix,3,10,0,-7930.263369933,8684.686941638,11797.986293385,6408.906596644136,1806.6431342619471,8833.728308407999,903.4649384749991,0.01716139773046202,0.0,0.0,0.02974463254213333,False,False,
s-004,after_common_greedy_prefix,3,10,1,-7930.263369933,8684.686941638,11797.986293385,6408.906596644136,1806.6431342619471,8833.728308407999,903.4649384749991,0.01716139773046202,0.0,0.0,0.02852652221918106,False,False,
s-004,after_common_greedy_prefix,4,200,0,-31247.360527258003,32997.040827015,49446.626197045,26663.738366230624,1806.6431342619471,34648.770224704,3401.409697445997,0.05005689468786281,1594.76656318405,0.0015013978610347188,0.2214042767882347,False,False,0.2214042767882347
s-004,after_common_greedy_prefix,4,200,1,-31247.360527258003,32997.040827015,49446.626197045,26663.738366230624,1806.6431342619471,34648.770224704,3401.409697445997,0.05005689468786281,1594.76656318405,0.0015013978610347188,0.2222212813794613,False,False,0.2222212813794613
s-004,after_common_greedy_prefix,4,1000,0,-31247.360527258003,32997.040827015,49446.626197045,26663.738366230624,1806.6431342619471,34648.770224704,3401.409697445997,0.05005689468786281,1594.76656318405,0.0015013978610347188,1.0229692980647087,False,False,1.0229692980647087
s-004,after_common_greedy_prefix,4,1000,1,-31247.360527258003,32997.040827015,49446.626197045,26663.738366230624,1806.6431342619471,34648.770224704,3401.409697445997,0.05005689468786281,1594.76656318405,0.0015013978610347188,1.0217568427324295,False,False,1.0217568427324295
s-004,after_common_greedy_prefix,4,50,0,-31247.360527258003,32997.040827015,49446.626197045,26663.738366230624,1806.6431342619471,34648.770224704,3401.409697445997,0.05005689468786281,1594.76656318405,0.0015013978610347188,0.07144985347986221,False,False,0.07144985347986221
s-004,after_common_greedy_prefix,4,50,1,-31247.360527258003,32997.040827015,49446.626197045,26663.738366230624,1806.6431342619471,34648.770224704,3401.409697445997,0.05005689468786281,1594.76656318405,0.0015013978610347188,0.07186168804764748,False,False,0.07186168804764748
s-004,after_common_greedy_prefix,4,10,0,-31247.360527258003,32997.040827015,49446.626197045,26663.738366230624,1806.6431342619471,34648.770224704,3401.409697445997,0.05005689468786281,1594.76656318405,0.0015013978610347188,0.0322139672935009,False,False,0.0322139672935009
s-004,after_common_greedy_prefix,4,10,1,-31247.360527258003,32997.040827015,49446.626197045,26663.738366230624,1806.6431342619471,34648.770224704,3401.409697445997,0.05005689468786281,1594.76656318405,0.0015013978610347188,0.030794639140367508,False,False,0.030794639140367508
s-004,after_common_greedy_prefix,5,200,0,785.965221878,0.0,0.0,0.0,1806.6431342619471,0.0,785.965221878,0.0,0.0,0.0,0.005404163151979446,False,True,
s-004,after_common_greedy_prefix,5,200,1,785.965221878,0.0,0.0,0.0,1806.6431342619471,0.0,785.965221878,0.0,0.0,0.0,0.005302079021930695,False,True,
s-004,after_common_greedy_prefix,5,1000,0,785.965221878,0.0,0.0,0.0,1806.6431342619471,0.0,785.965221878,0.0,0.0,0.0,0.005282439291477203,False,True,
s-004,after_common_greedy_prefix,5,1000,1,785.965221878,0.0,0.0,0.0,1806.6431342619471,0.0,785.965221878,0.0,0.0,0.0,0.005254548043012619,False,True,
s-004,after_common_greedy_prefix,5,50,0,785.965221878,0.0,0.0,0.0,1806.6431342619471,0.0,785.965221878,0.0,0.0,0.0,0.005241647362709045,False,True,
s-004,after_common_greedy_prefix,5,50,1,785.965221878,0.0,0.0,0.0,1806.6431342619471,0.0,785.965221878,0.0,0.0,0.0,0.005275387316942215,False,True,
s-004,after_common_greedy_prefix,5,10,0,785.965221878,0.0,0.0,0.0,1806.6431342619471,0.0,785.965221878,0.0,0.0,0.0,0.005252499133348465,False,True,
s-004,after_common_greedy_prefix,5,10,1,785.965221878,0.0,0.0,0.0,1806.6431342619471,0.0,785.965221878,0.0,0.0,0.0,0.005230620503425598,False,True,
s-004,after_common_greedy_prefix,6,200,0,-6577.428022393,7425.197158228,8814.887510195,5725.52193976755,1806.6431342619471,7615.683752292,1038.2557298989996,0.02565407894292982,0.0,0.0,0.21835235878825188,False,False,
s-004,after_common_greedy_prefix,6,200,1,-6577.428022393,7425.197158228,8814.887510195,5725.52193976755,1806.6431342619471,7615.683752292,1038.2557298989996,0.02565407894292982,0.0,0.0,0.21995078772306442,False,False,
s-004,after_common_greedy_prefix,6,1000,0,-6577.428022393,7425.197158228,8814.887510195,5725.52193976755,1806.6431342619471,7615.683752292,1038.2557298989996,0.02565407894292982,0.0,0.0,1.0209086574614048,False,False,
s-004,after_common_greedy_prefix,6,1000,1,-6577.428022393,7425.197158228,8814.887510195,5725.52193976755,1806.6431342619471,7615.683752292,1038.2557298989996,0.02565407894292982,0.0,0.0,1.0205101408064365,False,False,
s-004,after_common_greedy_prefix,6,50,0,-6577.428022393,7425.197158228,8814.887510195,5725.52193976755,1806.6431342619471,7615.683752292,1038.2557298989996,0.02565407894292982,0.0,0.0,0.07006999850273132,False,False,
s-004,after_common_greedy_prefix,6,50,1,-6577.428022393,7425.197158228,8814.887510195,5725.52193976755,1806.6431342619471,7615.683752292,1038.2557298989996,0.02565407894292982,0.0,0.0,0.06970695778727531,False,False,
s-004,after_common_greedy_prefix,6,10,0,-6577.428022393,7425.197158228,8814.887510195,5725.52193976755,1806.6431342619471,7615.683752292,1038.2557298989996,0.02565407894292982,0.0,0.0,0.02726181596517563,False,False,
s-004,after_common_greedy_prefix,6,10,1,-6577.428022393,7425.197158228,8814.887510195,5725.52193976755,1806.6431342619471,7615.683752292,1038.2557298989996,0.02565407894292982,0.0,0.0,0.02596248686313629,False,False,
s-004,after_common_greedy_prefix,7,200,0,-31717.111572311,32503.076794189,54461.527350969,25942.552164266453,1806.6431342619471,34538.248877152,2821.1373048409987,0.06261475170027145,1014.4941705790516,0.0009550986413324953,0.22067126259207726,False,False,0.22067126259207726
s-004,after_common_greedy_prefix,7,200,1,-31717.111572311,32503.076794189,54461.527350969,25942.552164266453,1806.6431342619471,34538.248877152,2821.1373048409987,0.06261475170027145,1014.4941705790516,0.0009550986413324953,0.2219533696770668,False,False,0.2219533696770668
s-004,after_common_greedy_prefix,7,1000,0,-31717.111572311,32503.076794189,54461.527350969,25942.552164266453,1806.6431342619471,34538.248877152,2821.1373048409987,0.06261475170027145,1014.4941705790516,0.0009550986413324953,1.0219949670135975,False,False,1.0219949670135975
s-004,after_common_greedy_prefix,7,1000,1,-31717.111572311,32503.076794189,54461.527350969,25942.552164266453,1806.6431342619471,34538.248877152,2821.1373048409987,0.06261475170027145,1014.4941705790516,0.0009550986413324953,1.0211750231683254,False,False,1.0211750231683254
s-004,after_common_greedy_prefix,7,50,0,-31717.111572311,32503.076794189,54461.527350969,25942.552164266453,1806.6431342619471,34538.248877152,2821.1373048409987,0.06261475170027145,1014.4941705790516,0.0009550986413324953,0.07280809059739113,False,False,0.07280809059739113
s-004,after_common_greedy_prefix,7,50,1,-31717.111572311,32503.076794189,54461.527350969,25942.552164266453,1806.6431342619471,34538.248877152,2821.1373048409987,0.06261475170027145,1014.4941705790516,0.0009550986413324953,0.07306984066963196,False,False,0.07306984066963196
s-004,after_common_greedy_prefix,7,10,0,-31717.111572311,32503.076794189,54461.527350969,25942.552164266453,1806.6431342619471,34538.248877152,2821.1373048409987,0.06261475170027145,1014.4941705790516,0.0009550986413324953,0.030332840979099274,False,False,0.030332840979099274
s-004,after_common_greedy_prefix,7,10,1,-31717.111572311,32503.076794189,54461.527350969,25942.552164266453,1806.6431342619471,34538.248877152,2821.1373048409987,0.06261475170027145,1014.4941705790516,0.0009550986413324953,0.029218871146440506,False,False,0.029218871146440506
s-004,after_common_greedy_prefix,8,200,0,1411.2607056339998,0.0,0.0,0.0,1806.6431342619471,0.0,1411.2607056339998,0.0,0.0,0.0,0.005314752459526062,False,True,
s-004,after_common_greedy_prefix,8,200,1,1411.2607056339998,0.0,0.0,0.0,1806.6431342619471,0.0,1411.2607056339998,0.0,0.0,0.0,0.0052763931453228,False,True,
s-004,after_common_greedy_prefix,8,1000,0,1411.2607056339998,0.0,0.0,0.0,1806.6431342619471,0.0,1411.2607056339998,0.0,0.0,0.0,0.005279581993818283,False,True,
s-004,after_common_greedy_prefix,8,1000,1,1411.2607056339998,0.0,0.0,0.0,1806.6431342619471,0.0,1411.2607056339998,0.0,0.0,0.0,0.005376819521188736,False,True,
s-004,after_common_greedy_prefix,8,50,0,1411.2607056339998,0.0,0.0,0.0,1806.6431342619471,0.0,1411.2607056339998,0.0,0.0,0.0,0.005469951778650284,False,True,
s-004,after_common_greedy_prefix,8,50,1,1411.2607056339998,0.0,0.0,0.0,1806.6431342619471,0.0,1411.2607056339998,0.0,0.0,0.0,0.005500301718711853,False,True,
s-004,after_common_greedy_prefix,8,10,0,1411.2607056339998,0.0,0.0,0.0,1806.6431342619471,0.0,1411.2607056339998,0.0,0.0,0.0,0.005614958703517914,False,True,
s-004,after_common_greedy_prefix,8,10,1,1411.2607056339998,0.0,0.0,0.0,1806.6431342619471,0.0,1411.2607056339998,0.0,0.0,0.0,0.005383294075727463,False,True,
s-004,after_common_greedy_prefix,9,200,0,-5874.554080632999,7681.197214895,9035.66383739,5723.8415602559335,1806.6431342619471,7833.705409148,1959.1513285150013,0.019854742690015057,152.50819425305417,0.00014357930616794426,0.21887071803212166,False,False,0.21887071803212166
s-004,after_common_greedy_prefix,9,200,1,-5874.554080632999,7681.197214895,9035.66383739,5723.8415602559335,1806.6431342619471,7833.705409148,1959.1513285150013,0.019854742690015057,152.50819425305417,0.00014357930616794426,0.2194712907075882,False,False,0.2194712907075882
s-004,after_common_greedy_prefix,9,1000,0,-5874.554080632999,7681.197214895,9035.66383739,5723.8415602559335,1806.6431342619471,7833.705409148,1959.1513285150013,0.019854742690015057,152.50819425305417,0.00014357930616794426,1.0200369320809841,False,False,1.0200369320809841
s-004,after_common_greedy_prefix,9,1000,1,-5874.554080632999,7681.197214895,9035.66383739,5723.8415602559335,1806.6431342619471,7833.705409148,1959.1513285150013,0.019854742690015057,152.50819425305417,0.00014357930616794426,1.0202667266130447,False,False,1.0202667266130447
s-004,after_common_greedy_prefix,9,50,0,-5874.554080632999,7681.197214895,9035.66383739,5723.8415602559335,1806.6431342619471,7833.705409148,1959.1513285150013,0.019854742690015057,152.50819425305417,0.00014357930616794426,0.0694362185895443,False,False,0.0694362185895443
s-004,after_common_greedy_prefix,9,50,1,-5874.554080632999,7681.197214895,9035.66383739,5723.8415602559335,1806.6431342619471,7833.705409148,1959.1513285150013,0.019854742690015057,152.50819425305417,0.00014357930616794426,0.06818488985300064,False,False,0.06818488985300064
s-004,after_common_greedy_prefix,9,10,0,-5874.554080632999,7681.197214895,9035.66383739,5723.8415602559335,1806.6431342619471,7833.705409148,1959.1513285150013,0.019854742690015057,152.50819425305417,0.00014357930616794426,0.029526278376579285,False,False,0.029526278376579285
s-004,after_common_greedy_prefix,9,10,1,-5874.554080632999,7681.197214895,9035.66383739,5723.8415602559335,1806.6431342619471,7833.705409148,1959.1513285150013,0.019854742690015057,152.50819425305417,0.00014357930616794426,0.027751006186008453,False,False,0.027751006186008453
s-004,after_common_greedy_prefix,10,200,0,-29746.451258309,31260.211741659,48314.332605642,25096.812422715906,1806.6431342619471,33146.361669605,3399.9104112960013,0.06033708100039572,1593.2672770340541,0.0014999863535008586,0.22038723155856133,False,False,0.22038723155856133
s-004,after_common_greedy_prefix,10,200,1,-29746.451258309,31260.211741659,48314.332605642,25096.812422715906,1806.6431342619471,33146.361669605,3399.9104112960013,0.06033708100039572,1593.2672770340541,0.0014999863535008586,0.2219679057598114,False,False,0.2219679057598114
s-004,after_common_greedy_prefix,10,1000,0,-29746.451258309,31260.211741659,48314.332605642,25096.812422715906,1806.6431342619471,33146.361669605,3399.9104112960013,0.06033708100039572,1593.2672770340541,0.0014999863535008586,1.022400390356779,False,False,1.022400390356779
s-004,after_common_greedy_prefix,10,1000,1,-29746.451258309,31260.211741659,48314.332605642,25096.812422715906,1806.6431342619471,33146.361669605,3399.9104112960013,0.06033708100039572,1593.2672770340541,0.0014999863535008586,1.0237513035535812,False,False,1.0237513035535812
s-004,after_common_greedy_prefix,10,50,0,-29746.451258309,31260.211741659,48314.332605642,25096.812422715906,1806.6431342619471,33146.361669605,3399.9104112960013,0.06033708100039572,1593.2672770340541,0.0014999863535008586,0.07336938381195068,False,False,0.07336938381195068
s-004,after_common_greedy_prefix,10,50,1,-29746.451258309,31260.211741659,48314.332605642,25096.812422715906,1806.6431342619471,33146.361669605,3399.9104112960013,0.06033708100039572,1593.2672770340541,0.0014999863535008586,0.07054995372891426,False,False,0.07054995372891426
s-004,after_common_greedy_prefix,10,10,0,-29746.451258309,31260.211741659,48314.332605642,25096.812422715906,1806.6431342619471,33146.361669605,3399.9104112960013,0.06033708100039572,1593.2672770340541,0.0014999863535008586,0.030174031853675842,False,False,0.030174031853675842
s-004,after_common_greedy_prefix,10,10,1,-29746.451258309,31260.211741659,48314.332605642,25096.812422715906,1806.6431342619471,33146.361669605,3399.9104112960013,0.06033708100039572,1593.2672770340541,0.0014999863535008586,0.03099646419286728,False,False,0.03099646419286728
s-005,after_one_actual_history_call,0,200,0,-7231.374084011,7231.374084011,11368.05405009,5269.096039907798,1806.6431342619471,7303.625667024,72.25158301299962,0.009991404423780562,0.0,0.0,0.2211313359439373,False,False,
s-005,after_one_actual_history_call,0,200,1,-7231.374084011,7231.374084011,11368.05405009,5269.096039907798,1806.6431342619471,7303.625667024,72.25158301299962,0.009991404423780562,0.0,0.0,0.22090492397546768,False,False,
s-005,after_one_actual_history_call,0,1000,0,-7231.374084011,7231.374084011,11368.05405009,5269.096039907798,1806.6431342619471,7303.625667024,72.25158301299962,0.009991404423780562,0.0,0.0,1.0211927145719528,False,False,
s-005,after_one_actual_history_call,0,1000,1,-7231.374084011,7231.374084011,11368.05405009,5269.096039907798,1806.6431342619471,7303.625667024,72.25158301299962,0.009991404423780562,0.0,0.0,1.0200697518885136,False,False,
s-005,after_one_actual_history_call,0,50,0,-7231.374084011,7231.374084011,11368.05405009,5269.096039907798,1806.6431342619471,7303.625667024,72.25158301299962,0.009991404423780562,0.0,0.0,0.07034258916974068,False,False,
s-005,after_one_actual_history_call,0,50,1,-7231.374084011,7231.374084011,11368.05405009,5269.096039907798,1806.6431342619471,7303.625667024,72.25158301299962,0.009991404423780562,0.0,0.0,0.07002106308937073,False,False,
s-005,after_one_actual_history_call,0,10,0,-7231.374084011,7231.374084011,11368.05405009,5269.096039907798,1806.6431342619471,7303.625667024,72.25158301299962,0.009991404423780562,0.0,0.0,0.027356933802366257,False,False,
s-005,after_one_actual_history_call,0,10,1,-7231.374084011,7231.374084011,11368.05405009,5269.096039907798,1806.6431342619471,7303.625667024,72.25158301299962,0.009991404423780562,0.0,0.0,0.026609208434820175,False,False,
s-005,after_one_actual_history_call,1,200,0,-29932.394035465,29932.394035465,59818.977855499,26727.847715112966,1806.6431342619471,31601.180793392,1668.7867579269987,0.055751863881978794,0.0,0.0,0.22212627530097961,False,False,
s-005,after_one_actual_history_call,1,200,1,-29932.394035465,29932.394035465,59818.977855499,26727.847715112966,1806.6431342619471,31601.180793392,1668.7867579269987,0.055751863881978794,0.0,0.0,0.2230813130736351,False,False,
s-005,after_one_actual_history_call,1,1000,0,-29932.394035465,29932.394035465,59818.977855499,26727.847715112966,1806.6431342619471,31601.180793392,1668.7867579269987,0.055751863881978794,0.0,0.0,1.0238954834640026,False,False,
s-005,after_one_actual_history_call,1,1000,1,-29932.394035465,29932.394035465,59818.977855499,26727.847715112966,1806.6431342619471,31601.180793392,1668.7867579269987,0.055751863881978794,0.0,0.0,1.0241784378886223,False,False,
s-005,after_one_actual_history_call,1,50,0,-29932.394035465,29932.394035465,59818.977855499,26727.847715112966,1806.6431342619471,31601.180793392,1668.7867579269987,0.055751863881978794,0.0,0.0,0.07224245369434357,False,False,
s-005,after_one_actual_history_call,1,50,1,-29932.394035465,29932.394035465,59818.977855499,26727.847715112966,1806.6431342619471,31601.180793392,1668.7867579269987,0.055751863881978794,0.0,0.0,0.07171609252691269,False,False,
s-005,after_one_actual_history_call,1,10,0,-29932.394035465,29932.394035465,59818.977855499,26727.847715112966,1806.6431342619471,31601.180793392,1668.7867579269987,0.055751863881978794,0.0,0.0,0.03075290098786354,False,False,
s-005,after_one_actual_history_call,1,10,1,-29932.394035465,29932.394035465,59818.977855499,26727.847715112966,1806.6431342619471,31601.180793392,1668.7867579269987,0.055751863881978794,0.0,0.0,0.029127705842256546,False,False,
s-005,after_one_actual_history_call,2,200,0,408.72233608,0.0,0.0,0.0,1806.6431342619471,0.0,408.72233608,0.0,0.0,0.0,0.0035872533917427063,False,True,
s-005,after_one_actual_history_call,2,200,1,408.72233608,0.0,0.0,0.0,1806.6431342619471,0.0,408.72233608,0.0,0.0,0.0,0.0035471245646476746,False,True,
s-005,after_one_actual_history_call,2,1000,0,408.72233608,0.0,0.0,0.0,1806.6431342619471,0.0,408.72233608,0.0,0.0,0.0,0.0054059699177742004,False,True,
s-005,after_one_actual_history_call,2,1000,1,408.72233608,0.0,0.0,0.0,1806.6431342619471,0.0,408.72233608,0.0,0.0,0.0,0.005346432328224182,False,True,
s-005,after_one_actual_history_call,2,50,0,408.72233608,0.0,0.0,0.0,1806.6431342619471,0.0,408.72233608,0.0,0.0,0.0,0.005370669066905975,False,True,
s-005,after_one_actual_history_call,2,50,1,408.72233608,0.0,0.0,0.0,1806.6431342619471,0.0,408.72233608,0.0,0.0,0.0,0.005378067493438721,False,True,
s-005,after_one_actual_history_call,2,10,0,408.72233608,0.0,0.0,0.0,1806.6431342619471,0.0,408.72233608,0.0,0.0,0.0,0.005429990589618683,False,True,
s-005,after_one_actual_history_call,2,10,1,408.72233608,0.0,0.0,0.0,1806.6431342619471,0.0,408.72233608,0.0,0.0,0.0,0.0055875033140182495,False,True,
s-005,after_one_actual_history_call,3,200,0,-7930.263369933,8684.686941638,11797.986293385,6408.906596644136,1806.6431342619471,8833.728308407999,903.4649384749991,0.01716139773046202,0.0,0.0,0.22139030322432518,False,False,
s-005,after_one_actual_history_call,3,200,1,-7930.263369933,8684.686941638,11797.986293385,6408.906596644136,1806.6431342619471,8833.728308407999,903.4649384749991,0.01716139773046202,0.0,0.0,0.2213110253214836,False,False,
s-005,after_one_actual_history_call,3,1000,0,-7930.263369933,8684.686941638,11797.986293385,6408.906596644136,1806.6431342619471,8833.728308407999,903.4649384749991,0.01716139773046202,0.0,0.0,1.0194095000624657,False,False,
s-005,after_one_actual_history_call,3,1000,1,-7930.263369933,8684.686941638,11797.986293385,6408.906596644136,1806.6431342619471,8833.728308407999,903.4649384749991,0.01716139773046202,0.0,0.0,1.0212689600884914,False,False,
s-005,after_one_actual_history_call,3,50,0,-7930.263369933,8684.686941638,11797.986293385,6408.906596644136,1806.6431342619471,8833.728308407999,903.4649384749991,0.01716139773046202,0.0,0.0,0.07032196968793869,False,False,
s-005,after_one_actual_history_call,3,50,1,-7930.263369933,8684.686941638,11797.986293385,6408.906596644136,1806.6431342619471,8833.728308407999,903.4649384749991,0.01716139773046202,0.0,0.0,0.07010423764586449,False,False,
s-005,after_one_actual_history_call,3,10,0,-7930.263369933,8684.686941638,11797.986293385,6408.906596644136,1806.6431342619471,8833.728308407999,903.4649384749991,0.01716139773046202,0.0,0.0,0.02993639186024666,False,False,
s-005,after_one_actual_history_call,3,10,1,-7930.263369933,8684.686941638,11797.986293385,6408.906596644136,1806.6431342619471,8833.728308407999,903.4649384749991,0.01716139773046202,0.0,0.0,0.030984729528427124,False,False,
s-005,after_one_actual_history_call,4,200,0,-31247.360527258003,32997.040827015,49446.626197045,26663.738366230624,1806.6431342619471,34648.770224704,3401.409697445997,0.05005689468786281,1594.76656318405,0.0015013978610347188,0.22421862930059433,False,False,0.22421862930059433
s-005,after_one_actual_history_call,4,200,1,-31247.360527258003,32997.040827015,49446.626197045,26663.738366230624,1806.6431342619471,34648.770224704,3401.409697445997,0.05005689468786281,1594.76656318405,0.0015013978610347188,0.2241009920835495,False,False,0.2241009920835495
s-005,after_one_actual_history_call,4,1000,0,-31247.360527258003,32997.040827015,49446.626197045,26663.738366230624,1806.6431342619471,34648.770224704,3401.409697445997,0.05005689468786281,1594.76656318405,0.0015013978610347188,1.0238604843616486,False,False,1.0238604843616486
s-005,after_one_actual_history_call,4,1000,1,-31247.360527258003,32997.040827015,49446.626197045,26663.738366230624,1806.6431342619471,34648.770224704,3401.409697445997,0.05005689468786281,1594.76656318405,0.0015013978610347188,1.022779032588005,False,False,1.022779032588005
s-005,after_one_actual_history_call,4,50,0,-31247.360527258003,32997.040827015,49446.626197045,26663.738366230624,1806.6431342619471,34648.770224704,3401.409697445997,0.05005689468786281,1594.76656318405,0.0015013978610347188,0.07249574735760689,False,False,0.07249574735760689
s-005,after_one_actual_history_call,4,50,1,-31247.360527258003,32997.040827015,49446.626197045,26663.738366230624,1806.6431342619471,34648.770224704,3401.409697445997,0.05005689468786281,1594.76656318405,0.0015013978610347188,0.07181626930832863,False,False,0.07181626930832863
s-005,after_one_actual_history_call,4,10,0,-31247.360527258003,32997.040827015,49446.626197045,26663.738366230624,1806.6431342619471,34648.770224704,3401.409697445997,0.05005689468786281,1594.76656318405,0.0015013978610347188,0.03210010379552841,False,False,0.03210010379552841
s-005,after_one_actual_history_call,4,10,1,-31247.360527258003,32997.040827015,49446.626197045,26663.738366230624,1806.6431342619471,34648.770224704,3401.409697445997,0.05005689468786281,1594.76656318405,0.0015013978610347188,0.03216370567679405,False,False,0.03216370567679405
s-005,after_one_actual_history_call,5,200,0,785.965221878,0.0,0.0,0.0,1806.6431342619471,0.0,785.965221878,0.0,0.0,0.0,0.0058439746499061584,False,True,
s-005,after_one_actual_history_call,5,200,1,785.965221878,0.0,0.0,0.0,1806.6431342619471,0.0,785.965221878,0.0,0.0,0.0,0.005511734634637833,False,True,
s-005,after_one_actual_history_call,5,1000,0,785.965221878,0.0,0.0,0.0,1806.6431342619471,0.0,785.965221878,0.0,0.0,0.0,0.005486253648996353,False,True,
s-005,after_one_actual_history_call,5,1000,1,785.965221878,0.0,0.0,0.0,1806.6431342619471,0.0,785.965221878,0.0,0.0,0.0,0.005350347608327866,False,True,
s-005,after_one_actual_history_call,5,50,0,785.965221878,0.0,0.0,0.0,1806.6431342619471,0.0,785.965221878,0.0,0.0,0.0,0.005357317626476288,False,True,
s-005,after_one_actual_history_call,5,50,1,785.965221878,0.0,0.0,0.0,1806.6431342619471,0.0,785.965221878,0.0,0.0,0.0,0.005409326404333115,False,True,
s-005,after_one_actual_history_call,5,10,0,785.965221878,0.0,0.0,0.0,1806.6431342619471,0.0,785.965221878,0.0,0.0,0.0,0.005282647907733917,False,True,
s-005,after_one_actual_history_call,5,10,1,785.965221878,0.0,0.0,0.0,1806.6431342619471,0.0,785.965221878,0.0,0.0,0.0,0.005292758345603943,False,True,
s-005,after_one_actual_history_call,6,200,0,-6577.428022393,7425.197158228,8814.887510195,5725.52193976755,1806.6431342619471,7615.683752292,1038.2557298989996,0.02565407894292982,0.0,0.0,0.22031372040510178,False,False,
s-005,after_one_actual_history_call,6,200,1,-6577.428022393,7425.197158228,8814.887510195,5725.52193976755,1806.6431342619471,7615.683752292,1038.2557298989996,0.02565407894292982,0.0,0.0,0.22071726620197296,False,False,
s-005,after_one_actual_history_call,6,1000,0,-6577.428022393,7425.197158228,8814.887510195,5725.52193976755,1806.6431342619471,7615.683752292,1038.2557298989996,0.02565407894292982,0.0,0.0,1.020423248410225,False,False,
s-005,after_one_actual_history_call,6,1000,1,-6577.428022393,7425.197158228,8814.887510195,5725.52193976755,1806.6431342619471,7615.683752292,1038.2557298989996,0.02565407894292982,0.0,0.0,1.0197609327733517,False,False,
s-005,after_one_actual_history_call,6,50,0,-6577.428022393,7425.197158228,8814.887510195,5725.52193976755,1806.6431342619471,7615.683752292,1038.2557298989996,0.02565407894292982,0.0,0.0,0.07037658616900444,False,False,
s-005,after_one_actual_history_call,6,50,1,-6577.428022393,7425.197158228,8814.887510195,5725.52193976755,1806.6431342619471,7615.683752292,1038.2557298989996,0.02565407894292982,0.0,0.0,0.06942829489707947,False,False,
s-005,after_one_actual_history_call,6,10,0,-6577.428022393,7425.197158228,8814.887510195,5725.52193976755,1806.6431342619471,7615.683752292,1038.2557298989996,0.02565407894292982,0.0,0.0,0.027532782405614853,False,False,
s-005,after_one_actual_history_call,6,10,1,-6577.428022393,7425.197158228,8814.887510195,5725.52193976755,1806.6431342619471,7615.683752292,1038.2557298989996,0.02565407894292982,0.0,0.0,0.027814138680696487,False,False,
s-005,after_one_actual_history_call,7,200,0,-31717.111572311,32503.076794189,54461.527350969,25942.552164266453,1806.6431342619471,34538.248877152,2821.1373048409987,0.06261475170027145,1014.4941705790516,0.0009550986413324953,0.22255182638764381,False,False,0.22255182638764381
s-005,after_one_actual_history_call,7,200,1,-31717.111572311,32503.076794189,54461.527350969,25942.552164266453,1806.6431342619471,34538.248877152,2821.1373048409987,0.06261475170027145,1014.4941705790516,0.0009550986413324953,0.22195713594555855,False,False,0.22195713594555855
s-005,after_one_actual_history_call,7,1000,0,-31717.111572311,32503.076794189,54461.527350969,25942.552164266453,1806.6431342619471,34538.248877152,2821.1373048409987,0.06261475170027145,1014.4941705790516,0.0009550986413324953,1.0220925211906433,False,False,1.0220925211906433
s-005,after_one_actual_history_call,7,1000,1,-31717.111572311,32503.076794189,54461.527350969,25942.552164266453,1806.6431342619471,34538.248877152,2821.1373048409987,0.06261475170027145,1014.4941705790516,0.0009550986413324953,1.0233178064227104,False,False,1.0233178064227104
s-005,after_one_actual_history_call,7,50,0,-31717.111572311,32503.076794189,54461.527350969,25942.552164266453,1806.6431342619471,34538.248877152,2821.1373048409987,0.06261475170027145,1014.4941705790516,0.0009550986413324953,0.07240324467420578,False,False,0.07240324467420578
s-005,after_one_actual_history_call,7,50,1,-31717.111572311,32503.076794189,54461.527350969,25942.552164266453,1806.6431342619471,34538.248877152,2821.1373048409987,0.06261475170027145,1014.4941705790516,0.0009550986413324953,0.07174379378557205,False,False,0.07174379378557205
s-005,after_one_actual_history_call,7,10,0,-31717.111572311,32503.076794189,54461.527350969,25942.552164266453,1806.6431342619471,34538.248877152,2821.1373048409987,0.06261475170027145,1014.4941705790516,0.0009550986413324953,0.03051484003663063,False,False,0.03051484003663063
s-005,after_one_actual_history_call,7,10,1,-31717.111572311,32503.076794189,54461.527350969,25942.552164266453,1806.6431342619471,34538.248877152,2821.1373048409987,0.06261475170027145,1014.4941705790516,0.0009550986413324953,0.029768895357847214,False,False,0.029768895357847214
s-005,after_one_actual_history_call,8,200,0,1411.2607056339998,0.0,0.0,0.0,1806.6431342619471,0.0,1411.2607056339998,0.0,0.0,0.0,0.005990039557218552,False,True,
s-005,after_one_actual_history_call,8,200,1,1411.2607056339998,0.0,0.0,0.0,1806.6431342619471,0.0,1411.2607056339998,0.0,0.0,0.0,0.005737524479627609,False,True,
s-005,after_one_actual_history_call,8,1000,0,1411.2607056339998,0.0,0.0,0.0,1806.6431342619471,0.0,1411.2607056339998,0.0,0.0,0.0,0.005645010620355606,False,True,
s-005,after_one_actual_history_call,8,1000,1,1411.2607056339998,0.0,0.0,0.0,1806.6431342619471,0.0,1411.2607056339998,0.0,0.0,0.0,0.005461227148771286,False,True,
s-005,after_one_actual_history_call,8,50,0,1411.2607056339998,0.0,0.0,0.0,1806.6431342619471,0.0,1411.2607056339998,0.0,0.0,0.0,0.005424380302429199,False,True,
s-005,after_one_actual_history_call,8,50,1,1411.2607056339998,0.0,0.0,0.0,1806.6431342619471,0.0,1411.2607056339998,0.0,0.0,0.0,0.005339339375495911,False,True,
s-005,after_one_actual_history_call,8,10,0,1411.2607056339998,0.0,0.0,0.0,1806.6431342619471,0.0,1411.2607056339998,0.0,0.0,0.0,0.005315382033586502,False,True,
s-005,after_one_actual_history_call,8,10,1,1411.2607056339998,0.0,0.0,0.0,1806.6431342619471,0.0,1411.2607056339998,0.0,0.0,0.0,0.005369149148464203,False,True,
s-005,after_one_actual_history_call,9,200,0,-5874.554080632999,7681.197214895,9035.66383739,5723.8415602559335,1806.6431342619471,7833.705409148,1959.1513285150013,0.019854742690015057,152.50819425305417,0.00014357930616794426,0.21962402015924454,False,False,0.21962402015924454
s-005,after_one_actual_history_call,9,200,1,-5874.554080632999,7681.197214895,9035.66383739,5723.8415602559335,1806.6431342619471,7833.705409148,1959.1513285150013,0.019854742690015057,152.50819425305417,0.00014357930616794426,0.21978849172592163,False,False,0.21978849172592163
s-005,after_one_actual_history_call,9,1000,0,-5874.554080632999,7681.197214895,9035.66383739,5723.8415602559335,1806.6431342619471,7833.705409148,1959.1513285150013,0.019854742690015057,152.50819425305417,0.00014357930616794426,1.0191788636147976,False,False,1.0191788636147976
s-005,after_one_actual_history_call,9,1000,1,-5874.554080632999,7681.197214895,9035.66383739,5723.8415602559335,1806.6431342619471,7833.705409148,1959.1513285150013,0.019854742690015057,152.50819425305417,0.00014357930616794426,1.0208055898547173,False,False,1.0208055898547173
s-005,after_one_actual_history_call,9,50,0,-5874.554080632999,7681.197214895,9035.66383739,5723.8415602559335,1806.6431342619471,7833.705409148,1959.1513285150013,0.019854742690015057,152.50819425305417,0.00014357930616794426,0.0696856901049614,False,False,0.0696856901049614
s-005,after_one_actual_history_call,9,50,1,-5874.554080632999,7681.197214895,9035.66383739,5723.8415602559335,1806.6431342619471,7833.705409148,1959.1513285150013,0.019854742690015057,152.50819425305417,0.00014357930616794426,0.0680549368262291,False,False,0.0680549368262291
s-005,after_one_actual_history_call,9,10,0,-5874.554080632999,7681.197214895,9035.66383739,5723.8415602559335,1806.6431342619471,7833.705409148,1959.1513285150013,0.019854742690015057,152.50819425305417,0.00014357930616794426,0.029286637902259827,False,False,0.029286637902259827
s-005,after_one_actual_history_call,9,10,1,-5874.554080632999,7681.197214895,9035.66383739,5723.8415602559335,1806.6431342619471,7833.705409148,1959.1513285150013,0.019854742690015057,152.50819425305417,0.00014357930616794426,0.02846468612551689,False,False,0.02846468612551689
s-005,after_one_actual_history_call,10,200,0,-29746.451258309,31260.211741659,48314.332605642,25096.812422715906,1806.6431342619471,33146.361669605,3399.9104112960013,0.06033708100039572,1593.2672770340541,0.0014999863535008586,0.2229209914803505,False,False,0.2229209914803505
s-005,after_one_actual_history_call,10,200,1,-29746.451258309,31260.211741659,48314.332605642,25096.812422715906,1806.6431342619471,33146.361669605,3399.9104112960013,0.06033708100039572,1593.2672770340541,0.0014999863535008586,0.22282039746642113,False,False,0.22282039746642113
s-005,after_one_actual_history_call,10,1000,0,-29746.451258309,31260.211741659,48314.332605642,25096.812422715906,1806.6431342619471,33146.361669605,3399.9104112960013,0.06033708100039572,1593.2672770340541,0.0014999863535008586,1.0222916826605797,False,False,1.0222916826605797
s-005,after_one_actual_history_call,10,1000,1,-29746.451258309,31260.211741659,48314.332605642,25096.812422715906,1806.6431342619471,33146.361669605,3399.9104112960013,0.06033708100039572,1593.2672770340541,0.0014999863535008586,1.02296794205904,False,False,1.02296794205904
s-005,after_one_actual_history_call,10,50,0,-29746.451258309,31260.211741659,48314.332605642,25096.812422715906,1806.6431342619471,33146.361669605,3399.9104112960013,0.06033708100039572,1593.2672770340541,0.0014999863535008586,0.07305539771914482,False,False,0.07305539771914482
s-005,after_one_actual_history_call,10,50,1,-29746.451258309,31260.211741659,48314.332605642,25096.812422715906,1806.6431342619471,33146.361669605,3399.9104112960013,0.06033708100039572,1593.2672770340541,0.0014999863535008586,0.07299941405653954,False,False,0.07299941405653954
s-005,after_one_actual_history_call,10,10,0,-29746.451258309,31260.211741659,48314.332605642,25096.812422715906,1806.6431342619471,33146.361669605,3399.9104112960013,0.06033708100039572,1593.2672770340541,0.0014999863535008586,0.030475173145532608,False,False,0.030475173145532608
s-005,after_one_actual_history_call,10,10,1,-29746.451258309,31260.211741659,48314.332605642,25096.812422715906,1806.6431342619471,33146.361669605,3399.9104112960013,0.06033708100039572,1593.2672770340541,0.0014999863535008586,0.02907397225499153,False,False,0.02907397225499153
s-006,after_common_greedy_prefix,0,200,0,-7858.234703074,7858.234703074,12946.061819444,5631.58848390185,1806.6431342619471,8188.245294738,330.01059166399955,0.04199551224079695,0.0,0.0,0.2208850085735321,False,False,
s-006,after_common_greedy_prefix,0,200,1,-7858.234703074,7858.234703074,12946.061819444,5631.58848390185,1806.6431342619471,8188.245294738,330.01059166399955,0.04199551224079695,0.0,0.0,0.22117729485034943,False,False,
s-006,after_common_greedy_prefix,0,1000,0,-7858.234703074,7858.234703074,12946.061819444,5631.58848390185,1806.6431342619471,8188.245294738,330.01059166399955,0.04199551224079695,0.0,0.0,1.0216796733438969,False,False,
s-006,after_common_greedy_prefix,0,1000,1,-7858.234703074,7858.234703074,12946.061819444,5631.58848390185,1806.6431342619471,8188.245294738,330.01059166399955,0.04199551224079695,0.0,0.0,1.0205019302666187,False,False,
s-006,after_common_greedy_prefix,0,50,0,-7858.234703074,7858.234703074,12946.061819444,5631.58848390185,1806.6431342619471,8188.245294738,330.01059166399955,0.04199551224079695,0.0,0.0,0.07102825120091438,False,False,
s-006,after_common_greedy_prefix,0,50,1,-7858.234703074,7858.234703074,12946.061819444,5631.58848390185,1806.6431342619471,8188.245294738,330.01059166399955,0.04199551224079695,0.0,0.0,0.07137151807546616,False,False,
s-006,after_common_greedy_prefix,0,10,0,-7858.234703074,7858.234703074,12946.061819444,5631.58848390185,1806.6431342619471,8188.245294738,330.01059166399955,0.04199551224079695,0.0,0.0,0.031934309750795364,False,False,
s-006,after_common_greedy_prefix,0,10,1,-7858.234703074,7858.234703074,12946.061819444,5631.58848390185,1806.6431342619471,8188.245294738,330.01059166399955,0.04199551224079695,0.0,0.0,0.03134007379412651,False,False,
s-006,after_common_greedy_prefix,1,200,0,-30201.659982537,30226.379102628,57790.209354659004,26612.3181123396,1806.6431342619471,32095.351123164,1893.691140627001,0.061832481296891534,87.04800636505388,8.195161196688903e-05,0.22333482652902603,False,False,0.22333482652902603
s-006,after_common_greedy_prefix,1,200,1,-30201.659982537,30226.379102628,57790.209354659004,26612.3181123396,1806.6431342619471,32095.351123164,1893.691140627001,0.061832481296891534,87.04800636505388,8.195161196688903e-05,0.22386259958148003,False,False,0.22386259958148003
s-006,after_common_greedy_prefix,1,1000,0,-30201.659982537,30226.379102628,57790.209354659004,26612.3181123396,1806.6431342619471,32095.351123164,1893.691140627001,0.061832481296891534,87.04800636505388,8.195161196688903e-05,1.0239136815071106,False,False,1.0239136815071106
s-006,after_common_greedy_prefix,1,1000,1,-30201.659982537,30226.379102628,57790.209354659004,26612.3181123396,1806.6431342619471,32095.351123164,1893.691140627001,0.061832481296891534,87.04800636505388,8.195161196688903e-05,1.024208903312683,False,False,1.024208903312683
s-006,after_common_greedy_prefix,1,50,0,-30201.659982537,30226.379102628,57790.209354659004,26612.3181123396,1806.6431342619471,32095.351123164,1893.691140627001,0.061832481296891534,87.04800636505388,8.195161196688903e-05,0.07144173234701157,False,False,0.07144173234701157
s-006,after_common_greedy_prefix,1,50,1,-30201.659982537,30226.379102628,57790.209354659004,26612.3181123396,1806.6431342619471,32095.351123164,1893.691140627001,0.061832481296891534,87.04800636505388,8.195161196688903e-05,0.07057985290884972,False,False,0.07057985290884972
s-006,after_common_greedy_prefix,1,10,0,-30201.659982537,30226.379102628,57790.209354659004,26612.3181123396,1806.6431342619471,32095.351123164,1893.691140627001,0.061832481296891534,87.04800636505388,8.195161196688903e-05,0.0299762561917305,False,False,0.0299762561917305
s-006,after_common_greedy_prefix,1,10,1,-30201.659982537,30226.379102628,57790.209354659004,26612.3181123396,1806.6431342619471,32095.351123164,1893.691140627001,0.061832481296891534,87.04800636505388,8.195161196688903e-05,0.031681329011917114,False,False,0.031681329011917114
s-006,after_common_greedy_prefix,2,200,0,408.72233608,0.0,0.0,0.0,1806.6431342619471,0.0,408.72233608,0.0,0.0,0.0,0.0056704990565776825,False,True,
s-006,after_common_greedy_prefix,2,200,1,408.72233608,0.0,0.0,0.0,1806.6431342619471,0.0,408.72233608,0.0,0.0,0.0,0.005395844578742981,False,True,
s-006,after_common_greedy_prefix,2,1000,0,408.72233608,0.0,0.0,0.0,1806.6431342619471,0.0,408.72233608,0.0,0.0,0.0,0.005289144814014435,False,True,
s-006,after_common_greedy_prefix,2,1000,1,408.72233608,0.0,0.0,0.0,1806.6431342619471,0.0,408.72233608,0.0,0.0,0.0,0.005271535366773605,False,True,
s-006,after_common_greedy_prefix,2,50,0,408.72233608,0.0,0.0,0.0,1806.6431342619471,0.0,408.72233608,0.0,0.0,0.0,0.005283322185277939,False,True,
s-006,after_common_greedy_prefix,2,50,1,408.72233608,0.0,0.0,0.0,1806.6431342619471,0.0,408.72233608,0.0,0.0,0.0,0.0052609071135520935,False,True,
s-006,after_common_greedy_prefix,2,10,0,408.72233608,0.0,0.0,0.0,1806.6431342619471,0.0,408.72233608,0.0,0.0,0.0,0.005261186510324478,False,True,
s-006,after_common_greedy_prefix,2,10,1,408.72233608,0.0,0.0,0.0,1806.6431342619471,0.0,408.72233608,0.0,0.0,0.0,0.005238674581050873,False,True,
s-006,after_common_greedy_prefix,3,200,0,-8370.783245721,8866.294704885,14299.363664347,6826.840172251334,1806.6431342619471,8975.247339301,604.4640935799998,0.012288406605294937,0.0,0.0,0.22084665670990944,False,False,
s-006,after_common_greedy_prefix,3,200,1,-8370.783245721,8866.294704885,14299.363664347,6826.840172251334,1806.6431342619471,8975.247339301,604.4640935799998,0.012288406605294937,0.0,0.0,0.22046547755599022,False,False,
s-006,after_common_greedy_prefix,3,1000,0,-8370.783245721,8866.294704885,14299.363664347,6826.840172251334,1806.6431342619471,8975.247339301,604.4640935799998,0.012288406605294937,0.0,0.0,1.020809456706047,False,False,
s-006,after_common_greedy_prefix,3,1000,1,-8370.783245721,8866.294704885,14299.363664347,6826.840172251334,1806.6431342619471,8975.247339301,604.4640935799998,0.012288406605294937,0.0,0.0,1.0213551707565784,False,False,
s-006,after_common_greedy_prefix,3,50,0,-8370.783245721,8866.294704885,14299.363664347,6826.840172251334,1806.6431342619471,8975.247339301,604.4640935799998,0.012288406605294937,0.0,0.0,0.06999588012695312,False,False,
s-006,after_common_greedy_prefix,3,50,1,-8370.783245721,8866.294704885,14299.363664347,6826.840172251334,1806.6431342619471,8975.247339301,604.4640935799998,0.012288406605294937,0.0,0.0,0.06911728903651237,False,False,
s-006,after_common_greedy_prefix,3,10,0,-8370.783245721,8866.294704885,14299.363664347,6826.840172251334,1806.6431342619471,8975.247339301,604.4640935799998,0.012288406605294937,0.0,0.0,0.03146042302250862,False,False,
s-006,after_common_greedy_prefix,3,10,1,-8370.783245721,8866.294704885,14299.363664347,6826.840172251334,1806.6431342619471,8975.247339301,604.4640935799998,0.012288406605294937,0.0,0.0,0.03049086034297943,False,False,
s-006,after_common_greedy_prefix,4,200,0,-31177.431359780003,32305.70365322,49891.639033823,26707.67698630219,1806.6431342619471,34661.542149242,3484.1107894619963,0.0729232992820816,1677.4676552000492,0.0015792570571857524,0.22378552332520485,False,False,0.22378552332520485
s-006,after_common_greedy_prefix,4,200,1,-31177.431359780003,32305.70365322,49891.639033823,26707.67698630219,1806.6431342619471,34661.542149242,3484.1107894619963,0.0729232992820816,1677.4676552000492,0.0015792570571857524,0.2231479436159134,False,False,0.2231479436159134
s-006,after_common_greedy_prefix,4,1000,0,-31177.431359780003,32305.70365322,49891.639033823,26707.67698630219,1806.6431342619471,34661.542149242,3484.1107894619963,0.0729232992820816,1677.4676552000492,0.0015792570571857524,1.0231711380183697,False,False,1.0231711380183697
s-006,after_common_greedy_prefix,4,1000,1,-31177.431359780003,32305.70365322,49891.639033823,26707.67698630219,1806.6431342619471,34661.542149242,3484.1107894619963,0.0729232992820816,1677.4676552000492,0.0015792570571857524,1.0233658961951733,False,False,1.0233658961951733
s-006,after_common_greedy_prefix,4,50,0,-31177.431359780003,32305.70365322,49891.639033823,26707.67698630219,1806.6431342619471,34661.542149242,3484.1107894619963,0.0729232992820816,1677.4676552000492,0.0015792570571857524,0.07181670144200325,False,False,0.07181670144200325
s-006,after_common_greedy_prefix,4,50,1,-31177.431359780003,32305.70365322,49891.639033823,26707.67698630219,1806.6431342619471,34661.542149242,3484.1107894619963,0.0729232992820816,1677.4676552000492,0.0015792570571857524,0.071574617177248,False,False,0.071574617177248
s-006,after_common_greedy_prefix,4,10,0,-31177.431359780003,32305.70365322,49891.639033823,26707.67698630219,1806.6431342619471,34644.911872669,3467.4805128889966,0.07240852093979522,1660.8373786270495,0.0015636004324160017,0.031081754714250565,False,False,0.031081754714250565
s-006,after_common_greedy_prefix,4,10,1,-31177.431359780003,32305.70365322,49891.639033823,26707.67698630219,1806.6431342619471,34644.911872669,3467.4805128889966,0.07240852093979522,1660.8373786270495,0.0015636004324160017,0.03033633902668953,False,False,0.03033633902668953
s-006,after_common_greedy_prefix,5,200,0,785.965221878,0.0,0.0,0.0,1806.6431342619471,0.0,785.965221878,0.0,0.0,0.0,0.005392879247665405,False,True,
s-006,after_common_greedy_prefix,5,200,1,785.965221878,0.0,0.0,0.0,1806.6431342619471,0.0,785.965221878,0.0,0.0,0.0,0.005322467535734177,False,True,
s-006,after_common_greedy_prefix,5,1000,0,785.965221878,0.0,0.0,0.0,1806.6431342619471,0.0,785.965221878,0.0,0.0,0.0,0.005307614803314209,False,True,
s-006,after_common_greedy_prefix,5,1000,1,785.965221878,0.0,0.0,0.0,1806.6431342619471,0.0,785.965221878,0.0,0.0,0.0,0.005341697484254837,False,True,
s-006,after_common_greedy_prefix,5,50,0,785.965221878,0.0,0.0,0.0,1806.6431342619471,0.0,785.965221878,0.0,0.0,0.0,0.005308795720338821,False,True,
s-006,after_common_greedy_prefix,5,50,1,785.965221878,0.0,0.0,0.0,1806.6431342619471,0.0,785.965221878,0.0,0.0,0.0,0.0052942633628845215,False,True,
s-006,after_common_greedy_prefix,5,10,0,785.965221878,0.0,0.0,0.0,1806.6431342619471,0.0,785.965221878,0.0,0.0,0.0,0.005322225391864777,False,True,
s-006,after_common_greedy_prefix,5,10,1,785.965221878,0.0,0.0,0.0,1806.6431342619471,0.0,785.965221878,0.0,0.0,0.0,0.00535217672586441,False,True,
s-006,after_common_greedy_prefix,6,200,0,-6577.428022393,7425.197158228,8814.887510195,5725.52193976755,1806.6431342619471,7615.683752292,1038.2557298989996,0.02565407894292982,0.0,0.0,0.2196156196296215,False,False,
s-006,after_common_greedy_prefix,6,200,1,-6577.428022393,7425.197158228,8814.887510195,5725.52193976755,1806.6431342619471,7615.683752292,1038.2557298989996,0.02565407894292982,0.0,0.0,0.21998291462659836,False,False,
s-006,after_common_greedy_prefix,6,1000,0,-6577.428022393,7425.197158228,8814.887510195,5725.52193976755,1806.6431342619471,7615.683752292,1038.2557298989996,0.02565407894292982,0.0,0.0,1.020341396331787,False,False,
s-006,after_common_greedy_prefix,6,1000,1,-6577.428022393,7425.197158228,8814.887510195,5725.52193976755,1806.6431342619471,7615.683752292,1038.2557298989996,0.02565407894292982,0.0,0.0,1.0205393843352795,False,False,
s-006,after_common_greedy_prefix,6,50,0,-6577.428022393,7425.197158228,8814.887510195,5725.52193976755,1806.6431342619471,7615.683752292,1038.2557298989996,0.02565407894292982,0.0,0.0,0.0686720758676529,False,False,
s-006,after_common_greedy_prefix,6,50,1,-6577.428022393,7425.197158228,8814.887510195,5725.52193976755,1806.6431342619471,7615.683752292,1038.2557298989996,0.02565407894292982,0.0,0.0,0.06833335384726524,False,False,
s-006,after_common_greedy_prefix,6,10,0,-6577.428022393,7425.197158228,8814.887510195,5725.52193976755,1806.6431342619471,7615.683752292,1038.2557298989996,0.02565407894292982,0.0,0.0,0.02718162164092064,False,False,
s-006,after_common_greedy_prefix,6,10,1,-6577.428022393,7425.197158228,8814.887510195,5725.52193976755,1806.6431342619471,7615.683752292,1038.2557298989996,0.02565407894292982,0.0,0.0,0.02631951868534088,False,False,
s-006,after_common_greedy_prefix,7,200,0,-31304.784284923004,32090.749506801,53765.275493701,25496.8068733879,1806.6431342619471,33774.613256434,2469.828971510997,0.05247193585416693,663.1858372490497,0.0006243583358847542,0.22008763253688812,False,False,0.22008763253688812
s-006,after_common_greedy_prefix,7,200,1,-31304.784284923004,32090.749506801,53765.275493701,25496.8068733879,1806.6431342619471,33774.613256434,2469.828971510997,0.05247193585416693,663.1858372490497,0.0006243583358847542,0.22327637672424316,False,False,0.22327637672424316
s-006,after_common_greedy_prefix,7,1000,0,-31304.784284923004,32090.749506801,53765.275493701,25496.8068733879,1806.6431342619471,33774.613256434,2469.828971510997,0.05247193585416693,663.1858372490497,0.0006243583358847542,1.0232659541070461,False,False,1.0232659541070461
s-006,after_common_greedy_prefix,7,1000,1,-31304.784284923004,32090.749506801,53765.275493701,25496.8068733879,1806.6431342619471,33774.613256434,2469.828971510997,0.05247193585416693,663.1858372490497,0.0006243583358847542,1.0223925597965717,False,False,1.0223925597965717
s-006,after_common_greedy_prefix,7,50,0,-31304.784284923004,32090.749506801,53765.275493701,25496.8068733879,1806.6431342619471,33774.613256434,2469.828971510997,0.05247193585416693,663.1858372490497,0.0006243583358847542,0.07117908075451851,False,False,0.07117908075451851
s-006,after_common_greedy_prefix,7,50,1,-31304.784284923004,32090.749506801,53765.275493701,25496.8068733879,1806.6431342619471,33774.613256434,2469.828971510997,0.05247193585416693,663.1858372490497,0.0006243583358847542,0.07124564796686172,False,False,0.07124564796686172
s-006,after_common_greedy_prefix,7,10,0,-31304.784284923004,32090.749506801,53765.275493701,25496.8068733879,1806.6431342619471,33774.613256434,2469.828971510997,0.05247193585416693,663.1858372490497,0.0006243583358847542,0.030565161257982254,False,False,0.030565161257982254
s-006,after_common_greedy_prefix,7,10,1,-31304.784284923004,32090.749506801,53765.275493701,25496.8068733879,1806.6431342619471,33774.613256434,2469.828971510997,0.05247193585416693,663.1858372490497,0.0006243583358847542,0.028991885483264923,False,False,0.028991885483264923
s-006,after_common_greedy_prefix,8,200,0,1411.2607056339998,0.0,0.0,0.0,1806.6431342619471,0.0,1411.2607056339998,0.0,0.0,0.0,0.005322616547346115,False,True,
s-006,after_common_greedy_prefix,8,200,1,1411.2607056339998,0.0,0.0,0.0,1806.6431342619471,0.0,1411.2607056339998,0.0,0.0,0.0,0.005250703543424606,False,True,
s-006,after_common_greedy_prefix,8,1000,0,1411.2607056339998,0.0,0.0,0.0,1806.6431342619471,0.0,1411.2607056339998,0.0,0.0,0.0,0.0052466318011283875,False,True,
s-006,after_common_greedy_prefix,8,1000,1,1411.2607056339998,0.0,0.0,0.0,1806.6431342619471,0.0,1411.2607056339998,0.0,0.0,0.0,0.0052563101053237915,False,True,
s-006,after_common_greedy_prefix,8,50,0,1411.2607056339998,0.0,0.0,0.0,1806.6431342619471,0.0,1411.2607056339998,0.0,0.0,0.0,0.005235474556684494,False,True,
s-006,after_common_greedy_prefix,8,50,1,1411.2607056339998,0.0,0.0,0.0,1806.6431342619471,0.0,1411.2607056339998,0.0,0.0,0.0,0.00526360422372818,False,True,
s-006,after_common_greedy_prefix,8,10,0,1411.2607056339998,0.0,0.0,0.0,1806.6431342619471,0.0,1411.2607056339998,0.0,0.0,0.0,0.005246184766292572,False,True,
s-006,after_common_greedy_prefix,8,10,1,1411.2607056339998,0.0,0.0,0.0,1806.6431342619471,0.0,1411.2607056339998,0.0,0.0,0.0,0.00522150844335556,False,True,
s-006,after_common_greedy_prefix,9,200,0,-5874.554080632999,7681.197214895,9035.66383739,5723.8415602559335,1806.6431342619471,7833.705409148,1959.1513285150013,0.019854742690015057,152.50819425305417,0.00014357930616794426,0.22021647915244102,False,False,0.22021647915244102
s-006,after_common_greedy_prefix,9,200,1,-5874.554080632999,7681.197214895,9035.66383739,5723.8415602559335,1806.6431342619471,7833.705409148,1959.1513285150013,0.019854742690015057,152.50819425305417,0.00014357930616794426,0.2202673777937889,False,False,0.2202673777937889
s-006,after_common_greedy_prefix,9,1000,0,-5874.554080632999,7681.197214895,9035.66383739,5723.8415602559335,1806.6431342619471,7833.705409148,1959.1513285150013,0.019854742690015057,152.50819425305417,0.00014357930616794426,1.0195364654064178,False,False,1.0195364654064178
s-006,after_common_greedy_prefix,9,1000,1,-5874.554080632999,7681.197214895,9035.66383739,5723.8415602559335,1806.6431342619471,7833.705409148,1959.1513285150013,0.019854742690015057,152.50819425305417,0.00014357930616794426,1.0191852301359177,False,False,1.0191852301359177
s-006,after_common_greedy_prefix,9,50,0,-5874.554080632999,7681.197214895,9035.66383739,5723.8415602559335,1806.6431342619471,7833.705409148,1959.1513285150013,0.019854742690015057,152.50819425305417,0.00014357930616794426,0.06844504922628403,False,False,0.06844504922628403
s-006,after_common_greedy_prefix,9,50,1,-5874.554080632999,7681.197214895,9035.66383739,5723.8415602559335,1806.6431342619471,7833.705409148,1959.1513285150013,0.019854742690015057,152.50819425305417,0.00014357930616794426,0.0694214217364788,False,False,0.0694214217364788
s-006,after_common_greedy_prefix,9,10,0,-5874.554080632999,7681.197214895,9035.66383739,5723.8415602559335,1806.6431342619471,7833.705409148,1959.1513285150013,0.019854742690015057,152.50819425305417,0.00014357930616794426,0.03055582568049431,False,False,0.03055582568049431
s-006,after_common_greedy_prefix,9,10,1,-5874.554080632999,7681.197214895,9035.66383739,5723.8415602559335,1806.6431342619471,7833.705409148,1959.1513285150013,0.019854742690015057,152.50819425305417,0.00014357930616794426,0.029037203639745712,False,False,0.029037203639745712
s-006,after_common_greedy_prefix,10,200,0,-29992.280951127,31506.041434477,48349.547445219,25286.144801961655,1806.6431342619471,33392.191362423,3399.9104112960013,0.05986629363986014,1593.2672770340541,0.0014999863535008586,0.22236403450369835,False,False,0.22236403450369835
s-006,after_common_greedy_prefix,10,200,1,-29992.280951127,31506.041434477,48349.547445219,25286.144801961655,1806.6431342619471,33392.191362423,3399.9104112960013,0.05986629363986014,1593.2672770340541,0.0014999863535008586,0.22221838310360909,False,False,0.22221838310360909
s-006,after_common_greedy_prefix,10,1000,0,-29992.280951127,31506.041434477,48349.547445219,25286.144801961655,1806.6431342619471,33392.191362423,3399.9104112960013,0.05986629363986014,1593.2672770340541,0.0014999863535008586,1.0224953070282936,False,False,1.0224953070282936
s-006,after_common_greedy_prefix,10,1000,1,-29992.280951127,31506.041434477,48349.547445219,25286.144801961655,1806.6431342619471,33392.191362423,3399.9104112960013,0.05986629363986014,1593.2672770340541,0.0014999863535008586,1.022383127361536,False,False,1.022383127361536
s-006,after_common_greedy_prefix,10,50,0,-29992.280951127,31506.041434477,48349.547445219,25286.144801961655,1806.6431342619471,33392.191362423,3399.9104112960013,0.05986629363986014,1593.2672770340541,0.0014999863535008586,0.07228446006774902,False,False,0.07228446006774902
s-006,after_common_greedy_prefix,10,50,1,-29992.280951127,31506.041434477,48349.547445219,25286.144801961655,1806.6431342619471,33392.191362423,3399.9104112960013,0.05986629363986014,1593.2672770340541,0.0014999863535008586,0.07345308735966682,False,False,0.07345308735966682
s-006,after_common_greedy_prefix,10,10,0,-29992.280951127,31506.041434477,48349.547445219,25286.144801961655,1806.6431342619471,33392.191362423,3399.9104112960013,0.05986629363986014,1593.2672770340541,0.0014999863535008586,0.033778201788663864,False,False,0.033778201788663864
s-006,after_common_greedy_prefix,10,10,1,-29992.280951127,31506.041434477,48349.547445219,25286.144801961655,1806.6431342619471,33392.191362423,3399.9104112960013,0.05986629363986014,1593.2672770340541,0.0014999863535008586,0.03293083980679512,False,False,0.03293083980679512
s-007,after_one_actual_history_call,0,200,0,-7858.234703074,7858.234703074,12946.061819444,5631.58848390185,1806.6431342619471,8188.245294738,330.01059166399955,0.04199551224079695,0.0,0.0,0.22184855118393898,False,False,
s-007,after_one_actual_history_call,0,200,1,-7858.234703074,7858.234703074,12946.061819444,5631.58848390185,1806.6431342619471,8188.245294738,330.01059166399955,0.04199551224079695,0.0,0.0,0.2211151011288166,False,False,
s-007,after_one_actual_history_call,0,1000,0,-7858.234703074,7858.234703074,12946.061819444,5631.58848390185,1806.6431342619471,8188.245294738,330.01059166399955,0.04199551224079695,0.0,0.0,1.0207588709890842,False,False,
s-007,after_one_actual_history_call,0,1000,1,-7858.234703074,7858.234703074,12946.061819444,5631.58848390185,1806.6431342619471,8188.245294738,330.01059166399955,0.04199551224079695,0.0,0.0,1.020967222750187,False,False,
s-007,after_one_actual_history_call,0,50,0,-7858.234703074,7858.234703074,12946.061819444,5631.58848390185,1806.6431342619471,8188.245294738,330.01059166399955,0.04199551224079695,0.0,0.0,0.06946852803230286,False,False,
s-007,after_one_actual_history_call,0,50,1,-7858.234703074,7858.234703074,12946.061819444,5631.58848390185,1806.6431342619471,8188.245294738,330.01059166399955,0.04199551224079695,0.0,0.0,0.07011753693223,False,False,
s-007,after_one_actual_history_call,0,10,0,-7858.234703074,7858.234703074,12946.061819444,5631.58848390185,1806.6431342619471,8188.245294738,330.01059166399955,0.04199551224079695,0.0,0.0,0.029832802712917328,False,False,
s-007,after_one_actual_history_call,0,10,1,-7858.234703074,7858.234703074,12946.061819444,5631.58848390185,1806.6431342619471,8188.245294738,330.01059166399955,0.04199551224079695,0.0,0.0,0.029309246689081192,False,False,
s-007,after_one_actual_history_call,1,200,0,-30201.659982537,30226.379102628,57790.209354659004,26612.3181123396,1806.6431342619471,32095.351123164,1893.691140627001,0.061832481296891534,87.04800636505388,8.195161196688903e-05,0.2216813527047634,False,False,0.2216813527047634
s-007,after_one_actual_history_call,1,200,1,-30201.659982537,30226.379102628,57790.209354659004,26612.3181123396,1806.6431342619471,32095.351123164,1893.691140627001,0.061832481296891534,87.04800636505388,8.195161196688903e-05,0.22169838100671768,False,False,0.22169838100671768
s-007,after_one_actual_history_call,1,1000,0,-30201.659982537,30226.379102628,57790.209354659004,26612.3181123396,1806.6431342619471,32095.351123164,1893.691140627001,0.061832481296891534,87.04800636505388,8.195161196688903e-05,1.0228198431432247,False,False,1.0228198431432247
s-007,after_one_actual_history_call,1,1000,1,-30201.659982537,30226.379102628,57790.209354659004,26612.3181123396,1806.6431342619471,32095.351123164,1893.691140627001,0.061832481296891534,87.04800636505388,8.195161196688903e-05,1.0233274884521961,False,False,1.0233274884521961
s-007,after_one_actual_history_call,1,50,0,-30201.659982537,30226.379102628,57790.209354659004,26612.3181123396,1806.6431342619471,32095.351123164,1893.691140627001,0.061832481296891534,87.04800636505388,8.195161196688903e-05,0.07330324873328209,False,False,0.07330324873328209
s-007,after_one_actual_history_call,1,50,1,-30201.659982537,30226.379102628,57790.209354659004,26612.3181123396,1806.6431342619471,32095.351123164,1893.691140627001,0.061832481296891534,87.04800636505388,8.195161196688903e-05,0.07392751425504684,False,False,0.07392751425504684
s-007,after_one_actual_history_call,1,10,0,-30201.659982537,30226.379102628,57790.209354659004,26612.3181123396,1806.6431342619471,32095.351123164,1893.691140627001,0.061832481296891534,87.04800636505388,8.195161196688903e-05,0.03279484435915947,False,False,0.03279484435915947
s-007,after_one_actual_history_call,1,10,1,-30201.659982537,30226.379102628,57790.209354659004,26612.3181123396,1806.6431342619471,32095.351123164,1893.691140627001,0.061832481296891534,87.04800636505388,8.195161196688903e-05,0.03056485205888748,False,False,0.03056485205888748
s-007,after_one_actual_history_call,2,200,0,408.72233608,0.0,0.0,0.0,1806.6431342619471,0.0,408.72233608,0.0,0.0,0.0,0.005272973328828812,False,True,
s-007,after_one_actual_history_call,2,200,1,408.72233608,0.0,0.0,0.0,1806.6431342619471,0.0,408.72233608,0.0,0.0,0.0,0.005205191671848297,False,True,
s-007,after_one_actual_history_call,2,1000,0,408.72233608,0.0,0.0,0.0,1806.6431342619471,0.0,408.72233608,0.0,0.0,0.0,0.005195204168558121,False,True,
s-007,after_one_actual_history_call,2,1000,1,408.72233608,0.0,0.0,0.0,1806.6431342619471,0.0,408.72233608,0.0,0.0,0.0,0.005221731960773468,False,True,
s-007,after_one_actual_history_call,2,50,0,408.72233608,0.0,0.0,0.0,1806.6431342619471,0.0,408.72233608,0.0,0.0,0.0,0.005198784172534943,False,True,
s-007,after_one_actual_history_call,2,50,1,408.72233608,0.0,0.0,0.0,1806.6431342619471,0.0,408.72233608,0.0,0.0,0.0,0.005206596106290817,False,True,
s-007,after_one_actual_history_call,2,10,0,408.72233608,0.0,0.0,0.0,1806.6431342619471,0.0,408.72233608,0.0,0.0,0.0,0.005214083939790726,False,True,
s-007,after_one_actual_history_call,2,10,1,408.72233608,0.0,0.0,0.0,1806.6431342619471,0.0,408.72233608,0.0,0.0,0.0,0.0051973313093185425,False,True,
s-007,after_one_actual_history_call,3,200,0,-8370.783245721,8975.247339301,14299.363664347,6826.840172251334,1806.6431342619471,8975.247339301,604.4640935799998,0.0,0.0,0.0,0.003538999706506729,False,True,
s-007,after_one_actual_history_call,3,200,1,-8370.783245721,8975.247339301,14299.363664347,6826.840172251334,1806.6431342619471,8975.247339301,604.4640935799998,0.0,0.0,0.0,0.0034686997532844543,False,True,
s-007,after_one_actual_history_call,3,1000,0,-8370.783245721,8975.247339301,14299.363664347,6826.840172251334,1806.6431342619471,8975.247339301,604.4640935799998,0.0,0.0,0.0,1.020255770534277,False,True,
s-007,after_one_actual_history_call,3,1000,1,-8370.783245721,8975.247339301,14299.363664347,6826.840172251334,1806.6431342619471,8975.247339301,604.4640935799998,0.0,0.0,0.0,1.0223575495183468,False,True,
s-007,after_one_actual_history_call,3,50,0,-8370.783245721,8975.247339301,14299.363664347,6826.840172251334,1806.6431342619471,8975.247339301,604.4640935799998,0.0,0.0,0.0,0.07108939439058304,False,True,
s-007,after_one_actual_history_call,3,50,1,-8370.783245721,8975.247339301,14299.363664347,6826.840172251334,1806.6431342619471,8975.247339301,604.4640935799998,0.0,0.0,0.0,0.06848567724227905,False,True,
s-007,after_one_actual_history_call,3,10,0,-8370.783245721,8975.247339301,14299.363664347,6826.840172251334,1806.6431342619471,8975.247339301,604.4640935799998,0.0,0.0,0.0,0.02830016240477562,False,True,
s-007,after_one_actual_history_call,3,10,1,-8370.783245721,8975.247339301,14299.363664347,6826.840172251334,1806.6431342619471,8975.247339301,604.4640935799998,0.0,0.0,0.0,0.02721155434846878,False,True,
s-007,after_one_actual_history_call,4,200,0,-31177.431359780003,32305.70365322,49891.639033823,26707.67698630219,1806.6431342619471,34661.542149242,3484.1107894619963,0.0729232992820816,1677.4676552000492,0.0015792570571857524,0.22284872084856033,False,False,0.22284872084856033
s-007,after_one_actual_history_call,4,200,1,-31177.431359780003,32305.70365322,49891.639033823,26707.67698630219,1806.6431342619471,34661.542149242,3484.1107894619963,0.0729232992820816,1677.4676552000492,0.0015792570571857524,0.22355536743998528,False,False,0.22355536743998528
s-007,after_one_actual_history_call,4,1000,0,-31177.431359780003,32305.70365322,49891.639033823,26707.67698630219,1806.6431342619471,34661.542149242,3484.1107894619963,0.0729232992820816,1677.4676552000492,0.0015792570571857524,1.025477059185505,False,False,1.025477059185505
s-007,after_one_actual_history_call,4,1000,1,-31177.431359780003,32305.70365322,49891.639033823,26707.67698630219,1806.6431342619471,34661.542149242,3484.1107894619963,0.0729232992820816,1677.4676552000492,0.0015792570571857524,1.0237188301980495,False,False,1.0237188301980495
s-007,after_one_actual_history_call,4,50,0,-31177.431359780003,32305.70365322,49891.639033823,26707.67698630219,1806.6431342619471,34661.542149242,3484.1107894619963,0.0729232992820816,1677.4676552000492,0.0015792570571857524,0.0734073854982853,False,False,0.0734073854982853
s-007,after_one_actual_history_call,4,50,1,-31177.431359780003,32305.70365322,49891.639033823,26707.67698630219,1806.6431342619471,34661.542149242,3484.1107894619963,0.0729232992820816,1677.4676552000492,0.0015792570571857524,0.0721445344388485,False,False,0.0721445344388485
s-007,after_one_actual_history_call,4,10,0,-31177.431359780003,32305.70365322,49891.639033823,26707.67698630219,1806.6431342619471,34644.911872669,3467.4805128889966,0.07240852093979522,1660.8373786270495,0.0015636004324160017,0.03185848891735077,False,False,0.03185848891735077
s-007,after_one_actual_history_call,4,10,1,-31177.431359780003,32305.70365322,49891.639033823,26707.67698630219,1806.6431342619471,34644.911872669,3467.4805128889966,0.07240852093979522,1660.8373786270495,0.0015636004324160017,0.03270304203033447,False,False,0.03270304203033447
s-007,after_one_actual_history_call,5,200,0,785.965221878,0.0,0.0,0.0,1806.6431342619471,0.0,785.965221878,0.0,0.0,0.0,0.005687329918146133,False,True,
s-007,after_one_actual_history_call,5,200,1,785.965221878,0.0,0.0,0.0,1806.6431342619471,0.0,785.965221878,0.0,0.0,0.0,0.005322635173797607,False,True,
s-007,after_one_actual_history_call,5,1000,0,785.965221878,0.0,0.0,0.0,1806.6431342619471,0.0,785.965221878,0.0,0.0,0.0,0.005293484777212143,False,True,
s-007,after_one_actual_history_call,5,1000,1,785.965221878,0.0,0.0,0.0,1806.6431342619471,0.0,785.965221878,0.0,0.0,0.0,0.005280245095491409,False,True,
s-007,after_one_actual_history_call,5,50,0,785.965221878,0.0,0.0,0.0,1806.6431342619471,0.0,785.965221878,0.0,0.0,0.0,0.005288083106279373,False,True,
s-007,after_one_actual_history_call,5,50,1,785.965221878,0.0,0.0,0.0,1806.6431342619471,0.0,785.965221878,0.0,0.0,0.0,0.005266085267066956,False,True,
s-007,after_one_actual_history_call,5,10,0,785.965221878,0.0,0.0,0.0,1806.6431342619471,0.0,785.965221878,0.0,0.0,0.0,0.005270794034004211,False,True,
s-007,after_one_actual_history_call,5,10,1,785.965221878,0.0,0.0,0.0,1806.6431342619471,0.0,785.965221878,0.0,0.0,0.0,0.00528300553560257,False,True,
s-007,after_one_actual_history_call,6,200,0,-6577.428022393,7425.197158228,8814.887510195,5725.52193976755,1806.6431342619471,7615.683752292,1038.2557298989996,0.02565407894292982,0.0,0.0,0.22022372484207153,False,False,
s-007,after_one_actual_history_call,6,200,1,-6577.428022393,7425.197158228,8814.887510195,5725.52193976755,1806.6431342619471,7615.683752292,1038.2557298989996,0.02565407894292982,0.0,0.0,0.22107069194316864,False,False,
s-007,after_one_actual_history_call,6,1000,0,-6577.428022393,7425.197158228,8814.887510195,5725.52193976755,1806.6431342619471,7615.683752292,1038.2557298989996,0.02565407894292982,0.0,0.0,1.021047342568636,False,False,
s-007,after_one_actual_history_call,6,1000,1,-6577.428022393,7425.197158228,8814.887510195,5725.52193976755,1806.6431342619471,7615.683752292,1038.2557298989996,0.02565407894292982,0.0,0.0,1.020550835877657,False,False,
s-007,after_one_actual_history_call,6,50,0,-6577.428022393,7425.197158228,8814.887510195,5725.52193976755,1806.6431342619471,7615.683752292,1038.2557298989996,0.02565407894292982,0.0,0.0,0.07009116560220718,False,False,
s-007,after_one_actual_history_call,6,50,1,-6577.428022393,7425.197158228,8814.887510195,5725.52193976755,1806.6431342619471,7615.683752292,1038.2557298989996,0.02565407894292982,0.0,0.0,0.06902627274394035,False,False,
s-007,after_one_actual_history_call,6,10,0,-6577.428022393,7425.197158228,8814.887510195,5725.52193976755,1806.6431342619471,7615.683752292,1038.2557298989996,0.02565407894292982,0.0,0.0,0.027501355856657028,False,False,
s-007,after_one_actual_history_call,6,10,1,-6577.428022393,7425.197158228,8814.887510195,5725.52193976755,1806.6431342619471,7615.683752292,1038.2557298989996,0.02565407894292982,0.0,0.0,0.0277937650680542,False,False,
s-007,after_one_actual_history_call,7,200,0,-31304.784284923004,32090.749506801,53765.275493701,25496.8068733879,1806.6431342619471,33774.613256434,2469.828971510997,0.05247193585416693,663.1858372490497,0.0006243583358847542,0.22155290096998215,False,False,0.22155290096998215
s-007,after_one_actual_history_call,7,200,1,-31304.784284923004,32090.749506801,53765.275493701,25496.8068733879,1806.6431342619471,33774.613256434,2469.828971510997,0.05247193585416693,663.1858372490497,0.0006243583358847542,0.2229158654808998,False,False,0.2229158654808998
s-007,after_one_actual_history_call,7,1000,0,-31304.784284923004,32090.749506801,53765.275493701,25496.8068733879,1806.6431342619471,33774.613256434,2469.828971510997,0.05247193585416693,663.1858372490497,0.0006243583358847542,1.023995727300644,False,False,1.023995727300644
s-007,after_one_actual_history_call,7,1000,1,-31304.784284923004,32090.749506801,53765.275493701,25496.8068733879,1806.6431342619471,33774.613256434,2469.828971510997,0.05247193585416693,663.1858372490497,0.0006243583358847542,1.0232582800090313,False,False,1.0232582800090313
s-007,after_one_actual_history_call,7,50,0,-31304.784284923004,32090.749506801,53765.275493701,25496.8068733879,1806.6431342619471,33774.613256434,2469.828971510997,0.05247193585416693,663.1858372490497,0.0006243583358847542,0.07255924493074417,False,False,0.07255924493074417
s-007,after_one_actual_history_call,7,50,1,-31304.784284923004,32090.749506801,53765.275493701,25496.8068733879,1806.6431342619471,33774.613256434,2469.828971510997,0.05247193585416693,663.1858372490497,0.0006243583358847542,0.07234273478388786,False,False,0.07234273478388786
s-007,after_one_actual_history_call,7,10,0,-31304.784284923004,32090.749506801,53765.275493701,25496.8068733879,1806.6431342619471,33774.613256434,2469.828971510997,0.05247193585416693,663.1858372490497,0.0006243583358847542,0.029875237494707108,False,False,0.029875237494707108
s-007,after_one_actual_history_call,7,10,1,-31304.784284923004,32090.749506801,53765.275493701,25496.8068733879,1806.6431342619471,33774.613256434,2469.828971510997,0.05247193585416693,663.1858372490497,0.0006243583358847542,0.02904270589351654,False,False,0.02904270589351654
s-007,after_one_actual_history_call,8,200,0,1411.2607056339998,0.0,0.0,0.0,1806.6431342619471,0.0,1411.2607056339998,0.0,0.0,0.0,0.005287580192089081,False,True,
s-007,after_one_actual_history_call,8,200,1,1411.2607056339998,0.0,0.0,0.0,1806.6431342619471,0.0,1411.2607056339998,0.0,0.0,0.0,0.005243726074695587,False,True,
s-007,after_one_actual_history_call,8,1000,0,1411.2607056339998,0.0,0.0,0.0,1806.6431342619471,0.0,1411.2607056339998,0.0,0.0,0.0,0.005212470889091492,False,True,
s-007,after_one_actual_history_call,8,1000,1,1411.2607056339998,0.0,0.0,0.0,1806.6431342619471,0.0,1411.2607056339998,0.0,0.0,0.0,0.005239572376012802,False,True,
s-007,after_one_actual_history_call,8,50,0,1411.2607056339998,0.0,0.0,0.0,1806.6431342619471,0.0,1411.2607056339998,0.0,0.0,0.0,0.005205314606428146,False,True,
s-007,after_one_actual_history_call,8,50,1,1411.2607056339998,0.0,0.0,0.0,1806.6431342619471,0.0,1411.2607056339998,0.0,0.0,0.0,0.005205992609262466,False,True,
s-007,after_one_actual_history_call,8,10,0,1411.2607056339998,0.0,0.0,0.0,1806.6431342619471,0.0,1411.2607056339998,0.0,0.0,0.0,0.005202636122703552,False,True,
s-007,after_one_actual_history_call,8,10,1,1411.2607056339998,0.0,0.0,0.0,1806.6431342619471,0.0,1411.2607056339998,0.0,0.0,0.0,0.005218233913183212,False,True,
s-007,after_one_actual_history_call,9,200,0,-5874.554080632999,7681.197214895,9035.66383739,5723.8415602559335,1806.6431342619471,7833.705409148,1959.1513285150013,0.019854742690015057,152.50819425305417,0.00014357930616794426,0.21935038641095161,False,False,0.21935038641095161
s-007,after_one_actual_history_call,9,200,1,-5874.554080632999,7681.197214895,9035.66383739,5723.8415602559335,1806.6431342619471,7833.705409148,1959.1513285150013,0.019854742690015057,152.50819425305417,0.00014357930616794426,0.22010182961821556,False,False,0.22010182961821556
s-007,after_one_actual_history_call,9,1000,0,-5874.554080632999,7681.197214895,9035.66383739,5723.8415602559335,1806.6431342619471,7833.705409148,1959.1513285150013,0.019854742690015057,152.50819425305417,0.00014357930616794426,1.0212648510932922,False,False,1.0212648510932922
s-007,after_one_actual_history_call,9,1000,1,-5874.554080632999,7681.197214895,9035.66383739,5723.8415602559335,1806.6431342619471,7833.705409148,1959.1513285150013,0.019854742690015057,152.50819425305417,0.00014357930616794426,1.0199501551687717,False,False,1.0199501551687717
s-007,after_one_actual_history_call,9,50,0,-5874.554080632999,7681.197214895,9035.66383739,5723.8415602559335,1806.6431342619471,7833.705409148,1959.1513285150013,0.019854742690015057,152.50819425305417,0.00014357930616794426,0.0690036341547966,False,False,0.0690036341547966
s-007,after_one_actual_history_call,9,50,1,-5874.554080632999,7681.197214895,9035.66383739,5723.8415602559335,1806.6431342619471,7833.705409148,1959.1513285150013,0.019854742690015057,152.50819425305417,0.00014357930616794426,0.06930694729089737,False,False,0.06930694729089737
s-007,after_one_actual_history_call,9,10,0,-5874.554080632999,7681.197214895,9035.66383739,5723.8415602559335,1806.6431342619471,7833.705409148,1959.1513285150013,0.019854742690015057,152.50819425305417,0.00014357930616794426,0.028060641139745712,False,False,0.028060641139745712
s-007,after_one_actual_history_call,9,10,1,-5874.554080632999,7681.197214895,9035.66383739,5723.8415602559335,1806.6431342619471,7833.705409148,1959.1513285150013,0.019854742690015057,152.50819425305417,0.00014357930616794426,0.027199409902095795,False,False,0.027199409902095795
s-007,after_one_actual_history_call,10,200,0,-29992.280951127,31506.041434477,48349.547445219,25286.144801961655,1806.6431342619471,33392.191362423,3399.9104112960013,0.05986629363986014,1593.2672770340541,0.0014999863535008586,0.21969101205468178,False,False,0.21969101205468178
s-007,after_one_actual_history_call,10,200,1,-29992.280951127,31506.041434477,48349.547445219,25286.144801961655,1806.6431342619471,33392.191362423,3399.9104112960013,0.05986629363986014,1593.2672770340541,0.0014999863535008586,0.22212640196084976,False,False,0.22212640196084976
s-007,after_one_actual_history_call,10,1000,0,-29992.280951127,31506.041434477,48349.547445219,25286.144801961655,1806.6431342619471,33392.191362423,3399.9104112960013,0.05986629363986014,1593.2672770340541,0.0014999863535008586,1.023352738469839,False,False,1.023352738469839
s-007,after_one_actual_history_call,10,1000,1,-29992.280951127,31506.041434477,48349.547445219,25286.144801961655,1806.6431342619471,33392.191362423,3399.9104112960013,0.05986629363986014,1593.2672770340541,0.0014999863535008586,1.0229961425065994,False,False,1.0229961425065994
s-007,after_one_actual_history_call,10,50,0,-29992.280951127,31506.041434477,48349.547445219,25286.144801961655,1806.6431342619471,33392.191362423,3399.9104112960013,0.05986629363986014,1593.2672770340541,0.0014999863535008586,0.07137865200638771,False,False,0.07137865200638771
s-007,after_one_actual_history_call,10,50,1,-29992.280951127,31506.041434477,48349.547445219,25286.144801961655,1806.6431342619471,33392.191362423,3399.9104112960013,0.05986629363986014,1593.2672770340541,0.0014999863535008586,0.07204440981149673,False,False,0.07204440981149673
s-007,after_one_actual_history_call,10,10,0,-29992.280951127,31506.041434477,48349.547445219,25286.144801961655,1806.6431342619471,33392.191362423,3399.9104112960013,0.05986629363986014,1593.2672770340541,0.0014999863535008586,0.031231574714183807,False,False,0.031231574714183807
s-007,after_one_actual_history_call,10,10,1,-29992.280951127,31506.041434477,48349.547445219,25286.144801961655,1806.6431342619471,33392.191362423,3399.9104112960013,0.05986629363986014,1593.2672770340541,0.0014999863535008586,0.029550664126873016,False,False,0.029550664126873016
s-008,after_common_greedy_prefix,0,200,0,-7441.69246838,7441.69246838,15413.259983332,6040.102017996231,1806.6431342619471,8143.943905212,702.2514368319999,0.09436716712171185,0.0,0.0,0.2222263552248478,False,False,
s-008,after_common_greedy_prefix,0,200,1,-7441.69246838,7441.69246838,15413.259983332,6040.102017996231,1806.6431342619471,8143.943905212,702.2514368319999,0.09436716712171185,0.0,0.0,0.22203795984387398,False,False,
s-008,after_common_greedy_prefix,0,1000,0,-7441.69246838,7441.69246838,15413.259983332,6040.102017996231,1806.6431342619471,8143.943905212,702.2514368319999,0.09436716712171185,0.0,0.0,1.020719524472952,False,False,
s-008,after_common_greedy_prefix,0,1000,1,-7441.69246838,7441.69246838,15413.259983332,6040.102017996231,1806.6431342619471,8143.943905212,702.2514368319999,0.09436716712171185,0.0,0.0,1.0200418531894684,False,False,
s-008,after_common_greedy_prefix,0,50,0,-7441.69246838,7441.69246838,15413.259983332,6040.102017996231,1806.6431342619471,8143.943905212,702.2514368319999,0.09436716712171185,0.0,0.0,0.07094539701938629,False,False,
s-008,after_common_greedy_prefix,0,50,1,-7441.69246838,7441.69246838,15413.259983332,6040.102017996231,1806.6431342619471,8143.943905212,702.2514368319999,0.09436716712171185,0.0,0.0,0.07229212671518326,False,False,
s-008,after_common_greedy_prefix,0,10,0,-7441.69246838,7441.69246838,15413.259983332,6040.102017996231,1806.6431342619471,8143.943905212,702.2514368319999,0.09436716712171185,0.0,0.0,0.02954930067062378,False,False,
s-008,after_common_greedy_prefix,0,10,1,-7441.69246838,7441.69246838,15413.259983332,6040.102017996231,1806.6431342619471,8143.943905212,702.2514368319999,0.09436716712171185,0.0,0.0,0.028656795620918274,False,False,
s-008,after_common_greedy_prefix,1,200,0,-30726.411113891,30726.411113891,54738.948230462,26619.915617038816,1806.6431342619471,31893.406557493,1166.995443601998,0.03798020664621046,0.0,0.0,0.22411831468343735,False,False,
s-008,after_common_greedy_prefix,1,200,1,-30726.411113891,30726.411113891,54738.948230462,26619.915617038816,1806.6431342619471,31893.406557493,1166.995443601998,0.03798020664621046,0.0,0.0,0.2239435501396656,False,False,
s-008,after_common_greedy_prefix,1,1000,0,-30726.411113891,30726.411113891,54738.948230462,26619.915617038816,1806.6431342619471,31893.406557493,1166.995443601998,0.03798020664621046,0.0,0.0,1.0232478119432926,False,False,
s-008,after_common_greedy_prefix,1,1000,1,-30726.411113891,30726.411113891,54738.948230462,26619.915617038816,1806.6431342619471,31893.406557493,1166.995443601998,0.03798020664621046,0.0,0.0,1.0228248611092567,False,False,
s-008,after_common_greedy_prefix,1,50,0,-30726.411113891,30726.411113891,54738.948230462,26619.915617038816,1806.6431342619471,31893.406557493,1166.995443601998,0.03798020664621046,0.0,0.0,0.0720764696598053,False,False,
s-008,after_common_greedy_prefix,1,50,1,-30726.411113891,30726.411113891,54738.948230462,26619.915617038816,1806.6431342619471,31893.406557493,1166.995443601998,0.03798020664621046,0.0,0.0,0.0720570832490921,False,False,
s-008,after_common_greedy_prefix,1,10,0,-30726.411113891,30726.411113891,54738.948230462,26619.915617038816,1806.6431342619471,31893.406557493,1166.995443601998,0.03798020664621046,0.0,0.0,0.03316434100270271,False,False,
s-008,after_common_greedy_prefix,1,10,1,-30726.411113891,30726.411113891,54738.948230462,26619.915617038816,1806.6431342619471,31893.406557493,1166.995443601998,0.03798020664621046,0.0,0.0,0.034216105937957764,False,False,
s-008,after_common_greedy_prefix,2,200,0,408.72233608,0.0,0.0,0.0,1806.6431342619471,0.0,408.72233608,0.0,0.0,0.0,0.005735568702220917,False,True,
s-008,after_common_greedy_prefix,2,200,1,408.72233608,0.0,0.0,0.0,1806.6431342619471,0.0,408.72233608,0.0,0.0,0.0,0.005447655916213989,False,True,
s-008,after_common_greedy_prefix,2,1000,0,408.72233608,0.0,0.0,0.0,1806.6431342619471,0.0,408.72233608,0.0,0.0,0.0,0.005370836704969406,False,True,
s-008,after_common_greedy_prefix,2,1000,1,408.72233608,0.0,0.0,0.0,1806.6431342619471,0.0,408.72233608,0.0,0.0,0.0,0.005324751138687134,False,True,
s-008,after_common_greedy_prefix,2,50,0,408.72233608,0.0,0.0,0.0,1806.6431342619471,0.0,408.72233608,0.0,0.0,0.0,0.005351223051548004,False,True,
s-008,after_common_greedy_prefix,2,50,1,408.72233608,0.0,0.0,0.0,1806.6431342619471,0.0,408.72233608,0.0,0.0,0.0,0.005374535918235779,False,True,
s-008,after_common_greedy_prefix,2,10,0,408.72233608,0.0,0.0,0.0,1806.6431342619471,0.0,408.72233608,0.0,0.0,0.0,0.005469378083944321,False,True,
s-008,after_common_greedy_prefix,2,10,1,408.72233608,0.0,0.0,0.0,1806.6431342619471,0.0,408.72233608,0.0,0.0,0.0,0.0057238079607486725,False,True,
s-008,after_common_greedy_prefix,3,200,0,-7253.86720342,7921.501652041,11860.28944067,6143.9860444297665,1806.6431342619471,7985.143296902,731.2760934819999,0.0080340379458991,0.0,0.0,0.22210730612277985,False,False,
s-008,after_common_greedy_prefix,3,200,1,-7253.86720342,7921.501652041,11860.28944067,6143.9860444297665,1806.6431342619471,7985.143296902,731.2760934819999,0.0080340379458991,0.0,0.0,0.22193749621510506,False,False,
s-008,after_common_greedy_prefix,3,1000,0,-7253.86720342,7921.501652041,11860.28944067,6143.9860444297665,1806.6431342619471,7985.143296902,731.2760934819999,0.0080340379458991,0.0,0.0,1.021267656236887,False,False,
s-008,after_common_greedy_prefix,3,1000,1,-7253.86720342,7921.501652041,11860.28944067,6143.9860444297665,1806.6431342619471,7985.143296902,731.2760934819999,0.0080340379458991,0.0,0.0,1.0210916139185429,False,False,
s-008,after_common_greedy_prefix,3,50,0,-7253.86720342,7921.501652041,11860.28944067,6143.9860444297665,1806.6431342619471,7985.143296902,731.2760934819999,0.0080340379458991,0.0,0.0,0.07053790614008904,False,False,
s-008,after_common_greedy_prefix,3,50,1,-7253.86720342,7921.501652041,11860.28944067,6143.9860444297665,1806.6431342619471,7985.143296902,731.2760934819999,0.0080340379458991,0.0,0.0,0.07058380544185638,False,False,
s-008,after_common_greedy_prefix,3,10,0,-7253.86720342,7921.501652041,11860.28944067,6143.9860444297665,1806.6431342619471,7985.143296902,731.2760934819999,0.0080340379458991,0.0,0.0,0.032119810581207275,False,False,
s-008,after_common_greedy_prefix,3,10,1,-7253.86720342,7921.501652041,11860.28944067,6143.9860444297665,1806.6431342619471,7985.143296902,731.2760934819999,0.0080340379458991,0.0,0.0,0.030905019491910934,False,False,
s-008,after_common_greedy_prefix,4,200,0,-30976.867570505,32294.040535144,49702.190850198,26457.238927882096,1806.6431342619471,34460.978359967,3484.1107894619963,0.06710023858627501,1677.4676552000492,0.0015792570571857524,0.22488786652684212,False,False,0.22488786652684212
s-008,after_common_greedy_prefix,4,200,1,-30976.867570505,32294.040535144,49702.190850198,26457.238927882096,1806.6431342619471,34460.978359967,3484.1107894619963,0.06710023858627501,1677.4676552000492,0.0015792570571857524,0.22517332807183266,False,False,0.22517332807183266
s-008,after_common_greedy_prefix,4,1000,0,-30976.867570505,32294.040535144,49702.190850198,26457.238927882096,1806.6431342619471,34460.978359967,3484.1107894619963,0.06710023858627501,1677.4676552000492,0.0015792570571857524,1.0244999378919601,False,False,1.0244999378919601
s-008,after_common_greedy_prefix,4,1000,1,-30976.867570505,32294.040535144,49702.190850198,26457.238927882096,1806.6431342619471,34460.978359967,3484.1107894619963,0.06710023858627501,1677.4676552000492,0.0015792570571857524,1.0252324156463146,False,False,1.0252324156463146
s-008,after_common_greedy_prefix,4,50,0,-30976.867570505,32294.040535144,49702.190850198,26457.238927882096,1806.6431342619471,34460.978359967,3484.1107894619963,0.06710023858627501,1677.4676552000492,0.0015792570571857524,0.07469885051250458,False,False,0.07469885051250458
s-008,after_common_greedy_prefix,4,50,1,-30976.867570505,32294.040535144,49702.190850198,26457.238927882096,1806.6431342619471,34460.978359967,3484.1107894619963,0.06710023858627501,1677.4676552000492,0.0015792570571857524,0.0748148076236248,False,False,0.0748148076236248
s-008,after_common_greedy_prefix,4,10,0,-30976.867570505,32294.040535144,49702.190850198,26457.238927882096,1806.6431342619471,34460.978359967,3484.1107894619963,0.06710023858627501,1677.4676552000492,0.0015792570571857524,0.0342080295085907,False,False,0.0342080295085907
s-008,after_common_greedy_prefix,4,10,1,-30976.867570505,32294.040535144,49702.190850198,26457.238927882096,1806.6431342619471,34460.978359967,3484.1107894619963,0.06710023858627501,1677.4676552000492,0.0015792570571857524,0.033302754163742065,False,False,0.033302754163742065
s-008,after_common_greedy_prefix,5,200,0,785.965221878,0.0,0.0,0.0,1806.6431342619471,0.0,785.965221878,0.0,0.0,0.0,0.006434280425310135,False,True,
s-008,after_common_greedy_prefix,5,200,1,785.965221878,0.0,0.0,0.0,1806.6431342619471,0.0,785.965221878,0.0,0.0,0.0,0.006340045481920242,False,True,
s-008,after_common_greedy_prefix,5,1000,0,785.965221878,0.0,0.0,0.0,1806.6431342619471,0.0,785.965221878,0.0,0.0,0.0,0.005897980183362961,False,True,
s-008,after_common_greedy_prefix,5,1000,1,785.965221878,0.0,0.0,0.0,1806.6431342619471,0.0,785.965221878,0.0,0.0,0.0,0.0059521980583667755,False,True,
s-008,after_common_greedy_prefix,5,50,0,785.965221878,0.0,0.0,0.0,1806.6431342619471,0.0,785.965221878,0.0,0.0,0.0,0.005896836519241333,False,True,
s-008,after_common_greedy_prefix,5,50,1,785.965221878,0.0,0.0,0.0,1806.6431342619471,0.0,785.965221878,0.0,0.0,0.0,0.0059899985790252686,False,True,
s-008,after_common_greedy_prefix,5,10,0,785.965221878,0.0,0.0,0.0,1806.6431342619471,0.0,785.965221878,0.0,0.0,0.0,0.006015703082084656,False,True,
s-008,after_common_greedy_prefix,5,10,1,785.965221878,0.0,0.0,0.0,1806.6431342619471,0.0,785.965221878,0.0,0.0,0.0,0.005852695554494858,False,True,
s-008,after_common_greedy_prefix,6,200,0,-6577.428022393,7425.197158228,8814.887510195,5725.52193976755,1806.6431342619471,7615.683752292,1038.2557298989996,0.02565407894292982,0.0,0.0,0.2217034138739109,False,False,
s-008,after_common_greedy_prefix,6,200,1,-6577.428022393,7425.197158228,8814.887510195,5725.52193976755,1806.6431342619471,7615.683752292,1038.2557298989996,0.02565407894292982,0.0,0.0,0.22193458303809166,False,False,
s-008,after_common_greedy_prefix,6,1000,0,-6577.428022393,7425.197158228,8814.887510195,5725.52193976755,1806.6431342619471,7615.683752292,1038.2557298989996,0.02565407894292982,0.0,0.0,1.0199418850243092,False,False,
s-008,after_common_greedy_prefix,6,1000,1,-6577.428022393,7425.197158228,8814.887510195,5725.52193976755,1806.6431342619471,7615.683752292,1038.2557298989996,0.02565407894292982,0.0,0.0,1.0209012143313885,False,False,
s-008,after_common_greedy_prefix,6,50,0,-6577.428022393,7425.197158228,8814.887510195,5725.52193976755,1806.6431342619471,7615.683752292,1038.2557298989996,0.02565407894292982,0.0,0.0,0.07054230198264122,False,False,
s-008,after_common_greedy_prefix,6,50,1,-6577.428022393,7425.197158228,8814.887510195,5725.52193976755,1806.6431342619471,7615.683752292,1038.2557298989996,0.02565407894292982,0.0,0.0,0.06940029188990593,False,False,
s-008,after_common_greedy_prefix,6,10,0,-6577.428022393,7425.197158228,8814.887510195,5725.52193976755,1806.6431342619471,7615.683752292,1038.2557298989996,0.02565407894292982,0.0,0.0,0.027918845415115356,False,False,
s-008,after_common_greedy_prefix,6,10,1,-6577.428022393,7425.197158228,8814.887510195,5725.52193976755,1806.6431342619471,7615.683752292,1038.2557298989996,0.02565407894292982,0.0,0.0,0.028055164963006973,False,False,
s-008,after_common_greedy_prefix,7,200,0,-30318.312390281,31350.047485438,51582.529241199,24760.085721781637,1806.6431342619471,33035.119780284,2716.807390003003,0.05375023102050207,910.164255741056,0.0008568769237496046,0.22632377222180367,False,False,0.22632377222180367
s-008,after_common_greedy_prefix,7,200,1,-30318.312390281,31350.047485438,51582.529241199,24760.085721781637,1806.6431342619471,33035.119780284,2716.807390003003,0.05375023102050207,910.164255741056,0.0008568769237496046,0.2248380072414875,False,False,0.2248380072414875
s-008,after_common_greedy_prefix,7,1000,0,-30318.312390281,31350.047485438,51582.529241199,24760.085721781637,1806.6431342619471,33035.119780284,2716.807390003003,0.05375023102050207,910.164255741056,0.0008568769237496046,1.0229496769607067,False,False,1.0229496769607067
s-008,after_common_greedy_prefix,7,1000,1,-30318.312390281,31350.047485438,51582.529241199,24760.085721781637,1806.6431342619471,33035.119780284,2716.807390003003,0.05375023102050207,910.164255741056,0.0008568769237496046,1.0233067534863949,False,False,1.0233067534863949
s-008,after_common_greedy_prefix,7,50,0,-30318.312390281,31350.047485438,51582.529241199,24760.085721781637,1806.6431342619471,33035.119780284,2716.807390003003,0.05375023102050207,910.164255741056,0.0008568769237496046,0.07467428222298622,False,False,0.07467428222298622
s-008,after_common_greedy_prefix,7,50,1,-30318.312390281,31350.047485438,51582.529241199,24760.085721781637,1806.6431342619471,33035.119780284,2716.807390003003,0.05375023102050207,910.164255741056,0.0008568769237496046,0.07428302615880966,False,False,0.07428302615880966
s-008,after_common_greedy_prefix,7,10,0,-30318.312390281,31350.047485438,51582.529241199,24760.085721781637,1806.6431342619471,33035.119780284,2716.807390003003,0.05375023102050207,910.164255741056,0.0008568769237496046,0.03470331430435181,False,False,0.03470331430435181
s-008,after_common_greedy_prefix,7,10,1,-30318.312390281,31350.047485438,51582.529241199,24760.085721781637,1806.6431342619471,33035.119780284,2716.807390003003,0.05375023102050207,910.164255741056,0.0008568769237496046,0.03430764004588127,False,False,0.03430764004588127
s-008,after_common_greedy_prefix,8,200,0,1411.2607056339998,0.0,0.0,0.0,1806.6431342619471,0.0,1411.2607056339998,0.0,0.0,0.0,0.0062211863696575165,False,True,
s-008,after_common_greedy_prefix,8,200,1,1411.2607056339998,0.0,0.0,0.0,1806.6431342619471,0.0,1411.2607056339998,0.0,0.0,0.0,0.005945589393377304,False,True,
s-008,after_common_greedy_prefix,8,1000,0,1411.2607056339998,0.0,0.0,0.0,1806.6431342619471,0.0,1411.2607056339998,0.0,0.0,0.0,0.005527488887310028,False,True,
s-008,after_common_greedy_prefix,8,1000,1,1411.2607056339998,0.0,0.0,0.0,1806.6431342619471,0.0,1411.2607056339998,0.0,0.0,0.0,0.005317430943250656,False,True,
s-008,after_common_greedy_prefix,8,50,0,1411.2607056339998,0.0,0.0,0.0,1806.6431342619471,0.0,1411.2607056339998,0.0,0.0,0.0,0.005324952304363251,False,True,
s-008,after_common_greedy_prefix,8,50,1,1411.2607056339998,0.0,0.0,0.0,1806.6431342619471,0.0,1411.2607056339998,0.0,0.0,0.0,0.005315259099006653,False,True,
s-008,after_common_greedy_prefix,8,10,0,1411.2607056339998,0.0,0.0,0.0,1806.6431342619471,0.0,1411.2607056339998,0.0,0.0,0.0,0.005362812429666519,False,True,
s-008,after_common_greedy_prefix,8,10,1,1411.2607056339998,0.0,0.0,0.0,1806.6431342619471,0.0,1411.2607056339998,0.0,0.0,0.0,0.005369853228330612,False,True,
s-008,after_common_greedy_prefix,9,200,0,-5874.554080632999,7681.197214895,9035.66383739,5723.8415602559335,1806.6431342619471,7833.705409148,1959.1513285150013,0.019854742690015057,152.50819425305417,0.00014357930616794426,0.21946729719638824,False,False,0.21946729719638824
s-008,after_common_greedy_prefix,9,200,1,-5874.554080632999,7681.197214895,9035.66383739,5723.8415602559335,1806.6431342619471,7833.705409148,1959.1513285150013,0.019854742690015057,152.50819425305417,0.00014357930616794426,0.22061893716454506,False,False,0.22061893716454506
s-008,after_common_greedy_prefix,9,1000,0,-5874.554080632999,7681.197214895,9035.66383739,5723.8415602559335,1806.6431342619471,7833.705409148,1959.1513285150013,0.019854742690015057,152.50819425305417,0.00014357930616794426,1.0205840729176998,False,False,1.0205840729176998
s-008,after_common_greedy_prefix,9,1000,1,-5874.554080632999,7681.197214895,9035.66383739,5723.8415602559335,1806.6431342619471,7833.705409148,1959.1513285150013,0.019854742690015057,152.50819425305417,0.00014357930616794426,1.0206819884479046,False,False,1.0206819884479046
s-008,after_common_greedy_prefix,9,50,0,-5874.554080632999,7681.197214895,9035.66383739,5723.8415602559335,1806.6431342619471,7833.705409148,1959.1513285150013,0.019854742690015057,152.50819425305417,0.00014357930616794426,0.07050567120313644,False,False,0.07050567120313644
s-008,after_common_greedy_prefix,9,50,1,-5874.554080632999,7681.197214895,9035.66383739,5723.8415602559335,1806.6431342619471,7833.705409148,1959.1513285150013,0.019854742690015057,152.50819425305417,0.00014357930616794426,0.0709475725889206,False,False,0.0709475725889206
s-008,after_common_greedy_prefix,9,10,0,-5874.554080632999,7681.197214895,9035.66383739,5723.8415602559335,1806.6431342619471,7833.705409148,1959.1513285150013,0.019854742690015057,152.50819425305417,0.00014357930616794426,0.03169766440987587,False,False,0.03169766440987587
s-008,after_common_greedy_prefix,9,10,1,-5874.554080632999,7681.197214895,9035.66383739,5723.8415602559335,1806.6431342619471,7833.705409148,1959.1513285150013,0.019854742690015057,152.50819425305417,0.00014357930616794426,0.030909769237041473,False,False,0.030909769237041473
s-008,after_common_greedy_prefix,10,200,0,-29888.205144909003,31401.965628259,48716.098959237,25285.667839161237,1806.6431342619471,33288.115556205,3399.910411295994,0.06006470901454106,1593.2672770340469,0.0014999863535008517,0.2231920100748539,False,False,0.2231920100748539
s-008,after_common_greedy_prefix,10,200,1,-29888.205144909003,31401.965628259,48716.098959237,25285.667839161237,1806.6431342619471,33288.115556205,3399.910411295994,0.06006470901454106,1593.2672770340469,0.0014999863535008517,0.22450023517012596,False,False,0.22450023517012596
s-008,after_common_greedy_prefix,10,1000,0,-29888.205144909003,31401.965628259,48716.098959237,25285.667839161237,1806.6431342619471,33288.115556205,3399.910411295994,0.06006470901454106,1593.2672770340469,0.0014999863535008517,1.0239780992269516,False,False,1.0239780992269516
s-008,after_common_greedy_prefix,10,1000,1,-29888.205144909003,31401.965628259,48716.098959237,25285.667839161237,1806.6431342619471,33288.115556205,3399.910411295994,0.06006470901454106,1593.2672770340469,0.0014999863535008517,1.022133320569992,False,False,1.022133320569992
s-008,after_common_greedy_prefix,10,50,0,-29888.205144909003,31401.965628259,48716.098959237,25285.667839161237,1806.6431342619471,33288.115556205,3399.910411295994,0.06006470901454106,1593.2672770340469,0.0014999863535008517,0.07337699085474014,False,False,0.07337699085474014
s-008,after_common_greedy_prefix,10,50,1,-29888.205144909003,31401.965628259,48716.098959237,25285.667839161237,1806.6431342619471,33288.115556205,3399.910411295994,0.06006470901454106,1593.2672770340469,0.0014999863535008517,0.07474754750728607,False,False,0.07474754750728607
s-008,after_common_greedy_prefix,10,10,0,-29888.205144909003,31401.965628259,48716.098959237,25285.667839161237,1806.6431342619471,33288.115556205,3399.910411295994,0.06006470901454106,1593.2672770340469,0.0014999863535008517,0.03189658373594284,False,False,0.03189658373594284
s-008,after_common_greedy_prefix,10,10,1,-29888.205144909003,31401.965628259,48716.098959237,25285.667839161237,1806.6431342619471,33288.115556205,3399.910411295994,0.06006470901454106,1593.2672770340469,0.0014999863535008517,0.03203846886754036,False,False,0.03203846886754036
s-009,after_one_actual_history_call,0,200,0,-7441.69246838,7441.69246838,15413.259983332,6040.102017996231,3484.1107894619927,8143.943905212,702.2514368319999,0.09436716712171185,0.0,0.0,0.22206051647663116,False,False,
s-009,after_one_actual_history_call,0,200,1,-7441.69246838,7441.69246838,15413.259983332,6040.102017996231,3484.1107894619927,8143.943905212,702.2514368319999,0.09436716712171185,0.0,0.0,0.22187930718064308,False,False,
s-009,after_one_actual_history_call,0,1000,0,-7441.69246838,7441.69246838,15413.259983332,6040.102017996231,3484.1107894619927,8143.943905212,702.2514368319999,0.09436716712171185,0.0,0.0,1.021486334502697,False,False,
s-009,after_one_actual_history_call,0,1000,1,-7441.69246838,7441.69246838,15413.259983332,6040.102017996231,3484.1107894619927,8143.943905212,702.2514368319999,0.09436716712171185,0.0,0.0,1.0217747800052166,False,False,
s-009,after_one_actual_history_call,0,50,0,-7441.69246838,7441.69246838,15413.259983332,6040.102017996231,3484.1107894619927,8143.943905212,702.2514368319999,0.09436716712171185,0.0,0.0,0.07160495221614838,False,False,
s-009,after_one_actual_history_call,0,50,1,-7441.69246838,7441.69246838,15413.259983332,6040.102017996231,3484.1107894619927,8143.943905212,702.2514368319999,0.09436716712171185,0.0,0.0,0.07316998392343521,False,False,
s-009,after_one_actual_history_call,0,10,0,-7441.69246838,7441.69246838,15413.259983332,6040.102017996231,3484.1107894619927,8143.943905212,702.2514368319999,0.09436716712171185,0.0,0.0,0.03155418857932091,False,False,
s-009,after_one_actual_history_call,0,10,1,-7441.69246838,7441.69246838,15413.259983332,6040.102017996231,3484.1107894619927,8143.943905212,702.2514368319999,0.09436716712171185,0.0,0.0,0.03112427145242691,False,False,
s-009,after_one_actual_history_call,1,200,0,-30726.411113891,30726.411113891,54738.948230462,26619.915617038816,3484.1107894619927,31893.406557493,1166.995443601998,0.03798020664621046,0.0,0.0,0.2253555729985237,False,False,
s-009,after_one_actual_history_call,1,200,1,-30726.411113891,30726.411113891,54738.948230462,26619.915617038816,3484.1107894619927,31893.406557493,1166.995443601998,0.03798020664621046,0.0,0.0,0.22493751347064972,False,False,
s-009,after_one_actual_history_call,1,1000,0,-30726.411113891,30726.411113891,54738.948230462,26619.915617038816,3484.1107894619927,31893.406557493,1166.995443601998,0.03798020664621046,0.0,0.0,1.0235628187656403,False,False,
s-009,after_one_actual_history_call,1,1000,1,-30726.411113891,30726.411113891,54738.948230462,26619.915617038816,3484.1107894619927,31893.406557493,1166.995443601998,0.03798020664621046,0.0,0.0,1.0231913477182388,False,False,
s-009,after_one_actual_history_call,1,50,0,-30726.411113891,30726.411113891,54738.948230462,26619.915617038816,3484.1107894619927,31893.406557493,1166.995443601998,0.03798020664621046,0.0,0.0,0.07306710630655289,False,False,
s-009,after_one_actual_history_call,1,50,1,-30726.411113891,30726.411113891,54738.948230462,26619.915617038816,3484.1107894619927,31893.406557493,1166.995443601998,0.03798020664621046,0.0,0.0,0.07269388437271118,False,False,
s-009,after_one_actual_history_call,1,10,0,-30726.411113891,30726.411113891,54738.948230462,26619.915617038816,3484.1107894619927,31893.406557493,1166.995443601998,0.03798020664621046,0.0,0.0,0.03100964054465294,False,False,
s-009,after_one_actual_history_call,1,10,1,-30726.411113891,30726.411113891,54738.948230462,26619.915617038816,3484.1107894619927,31893.406557493,1166.995443601998,0.03798020664621046,0.0,0.0,0.029748432338237762,False,False,
s-009,after_one_actual_history_call,2,200,0,408.72233608,0.0,0.0,0.0,3484.1107894619927,0.0,408.72233608,0.0,0.0,0.0,0.005376502871513367,False,True,
s-009,after_one_actual_history_call,2,200,1,408.72233608,0.0,0.0,0.0,3484.1107894619927,0.0,408.72233608,0.0,0.0,0.0,0.005375511944293976,False,True,
s-009,after_one_actual_history_call,2,1000,0,408.72233608,0.0,0.0,0.0,3484.1107894619927,0.0,408.72233608,0.0,0.0,0.0,0.005406022071838379,False,True,
s-009,after_one_actual_history_call,2,1000,1,408.72233608,0.0,0.0,0.0,3484.1107894619927,0.0,408.72233608,0.0,0.0,0.0,0.005358561873435974,False,True,
s-009,after_one_actual_history_call,2,50,0,408.72233608,0.0,0.0,0.0,3484.1107894619927,0.0,408.72233608,0.0,0.0,0.0,0.0053949132561683655,False,True,
s-009,after_one_actual_history_call,2,50,1,408.72233608,0.0,0.0,0.0,3484.1107894619927,0.0,408.72233608,0.0,0.0,0.0,0.005384959280490875,False,True,
s-009,after_one_actual_history_call,2,10,0,408.72233608,0.0,0.0,0.0,3484.1107894619927,0.0,408.72233608,0.0,0.0,0.0,0.0053810253739356995,False,True,
s-009,after_one_actual_history_call,2,10,1,408.72233608,0.0,0.0,0.0,3484.1107894619927,0.0,408.72233608,0.0,0.0,0.0,0.005374021828174591,False,True,
s-009,after_one_actual_history_call,3,200,0,-7253.86720342,7921.501652041,11860.28944067,6143.9860444297665,3484.1107894619927,7985.143296902,731.2760934819999,0.0080340379458991,0.0,0.0,0.22007736563682556,False,False,
s-009,after_one_actual_history_call,3,200,1,-7253.86720342,7921.501652041,11860.28944067,6143.9860444297665,3484.1107894619927,7985.143296902,731.2760934819999,0.0080340379458991,0.0,0.0,0.2206396460533142,False,False,
s-009,after_one_actual_history_call,3,1000,0,-7253.86720342,7921.501652041,11860.28944067,6143.9860444297665,3484.1107894619927,7985.143296902,731.2760934819999,0.0080340379458991,0.0,0.0,1.0206914022564888,False,False,
s-009,after_one_actual_history_call,3,1000,1,-7253.86720342,7921.501652041,11860.28944067,6143.9860444297665,3484.1107894619927,7985.143296902,731.2760934819999,0.0080340379458991,0.0,0.0,1.0205664858222008,False,False,
s-009,after_one_actual_history_call,3,50,0,-7253.86720342,7921.501652041,11860.28944067,6143.9860444297665,3484.1107894619927,7985.143296902,731.2760934819999,0.0080340379458991,0.0,0.0,0.0706673227250576,False,False,
s-009,after_one_actual_history_call,3,50,1,-7253.86720342,7921.501652041,11860.28944067,6143.9860444297665,3484.1107894619927,7985.143296902,731.2760934819999,0.0080340379458991,0.0,0.0,0.07029452919960022,False,False,
s-009,after_one_actual_history_call,3,10,0,-7253.86720342,7921.501652041,11860.28944067,6143.9860444297665,3484.1107894619927,7985.143296902,731.2760934819999,0.0080340379458991,0.0,0.0,0.02861461043357849,False,False,
s-009,after_one_actual_history_call,3,10,1,-7253.86720342,7921.501652041,11860.28944067,6143.9860444297665,3484.1107894619927,7985.143296902,731.2760934819999,0.0080340379458991,0.0,0.0,0.027103934437036514,False,False,
s-009,after_one_actual_history_call,4,200,0,-30976.867570505,34460.978359967,49702.190850198,26457.238927882096,3484.1107894619927,34460.978359967,3484.1107894619963,0.0,3.637978807091713e-12,3.424986280469668e-18,0.003818262368440628,False,True,
s-009,after_one_actual_history_call,4,200,1,-30976.867570505,34460.978359967,49702.190850198,26457.238927882096,3484.1107894619927,34460.978359967,3484.1107894619963,0.0,3.637978807091713e-12,3.424986280469668e-18,0.003691401332616806,False,True,
s-009,after_one_actual_history_call,4,1000,0,-30976.867570505,34460.978359967,49702.190850198,26457.238927882096,3484.1107894619927,34460.978359967,3484.1107894619963,0.0,3.637978807091713e-12,3.424986280469668e-18,1.0240384377539158,False,True,
s-009,after_one_actual_history_call,4,1000,1,-30976.867570505,34460.978359967,49702.190850198,26457.238927882096,3484.1107894619927,34460.978359967,3484.1107894619963,0.0,3.637978807091713e-12,3.424986280469668e-18,1.0240726321935654,False,True,
s-009,after_one_actual_history_call,4,50,0,-30976.867570505,34460.978359967,49702.190850198,26457.238927882096,3484.1107894619927,34460.978359967,3484.1107894619963,0.0,3.637978807091713e-12,3.424986280469668e-18,0.07389774918556213,False,True,
s-009,after_one_actual_history_call,4,50,1,-30976.867570505,34460.978359967,49702.190850198,26457.238927882096,3484.1107894619927,34460.978359967,3484.1107894619963,0.0,3.637978807091713e-12,3.424986280469668e-18,0.07421226799488068,False,True,
s-009,after_one_actual_history_call,4,10,0,-30976.867570505,34460.978359967,49702.190850198,26457.238927882096,3484.1107894619927,34460.978359967,3484.1107894619963,0.0,3.637978807091713e-12,3.424986280469668e-18,0.03338782116770744,False,True,
s-009,after_one_actual_history_call,4,10,1,-30976.867570505,34460.978359967,49702.190850198,26457.238927882096,3484.1107894619927,34460.978359967,3484.1107894619963,0.0,3.637978807091713e-12,3.424986280469668e-18,0.03327067941427231,False,True,
s-009,after_one_actual_history_call,5,200,0,785.965221878,0.0,0.0,0.0,3484.1107894619927,0.0,785.965221878,0.0,0.0,0.0,0.00569041445851326,False,True,
s-009,after_one_actual_history_call,5,200,1,785.965221878,0.0,0.0,0.0,3484.1107894619927,0.0,785.965221878,0.0,0.0,0.0,0.0054636150598526,False,True,
s-009,after_one_actual_history_call,5,1000,0,785.965221878,0.0,0.0,0.0,3484.1107894619927,0.0,785.965221878,0.0,0.0,0.0,0.0053878054022789,False,True,
s-009,after_one_actual_history_call,5,1000,1,785.965221878,0.0,0.0,0.0,3484.1107894619927,0.0,785.965221878,0.0,0.0,0.0,0.005342304706573486,False,True,
s-009,after_one_actual_history_call,5,50,0,785.965221878,0.0,0.0,0.0,3484.1107894619927,0.0,785.965221878,0.0,0.0,0.0,0.005333200097084045,False,True,
s-009,after_one_actual_history_call,5,50,1,785.965221878,0.0,0.0,0.0,3484.1107894619927,0.0,785.965221878,0.0,0.0,0.0,0.005360633134841919,False,True,
s-009,after_one_actual_history_call,5,10,0,785.965221878,0.0,0.0,0.0,3484.1107894619927,0.0,785.965221878,0.0,0.0,0.0,0.005346447229385376,False,True,
s-009,after_one_actual_history_call,5,10,1,785.965221878,0.0,0.0,0.0,3484.1107894619927,0.0,785.965221878,0.0,0.0,0.0,0.005390644073486328,False,True,
s-009,after_one_actual_history_call,6,200,0,-6577.428022393,7425.197158228,8814.887510195,5725.52193976755,3484.1107894619927,7615.683752292,1038.2557298989996,0.02565407894292982,0.0,0.0,0.21920687705278397,False,False,
s-009,after_one_actual_history_call,6,200,1,-6577.428022393,7425.197158228,8814.887510195,5725.52193976755,3484.1107894619927,7615.683752292,1038.2557298989996,0.02565407894292982,0.0,0.0,0.22007539495825768,False,False,
s-009,after_one_actual_history_call,6,1000,0,-6577.428022393,7425.197158228,8814.887510195,5725.52193976755,3484.1107894619927,7615.683752292,1038.2557298989996,0.02565407894292982,0.0,0.0,1.021147720515728,False,False,
s-009,after_one_actual_history_call,6,1000,1,-6577.428022393,7425.197158228,8814.887510195,5725.52193976755,3484.1107894619927,7615.683752292,1038.2557298989996,0.02565407894292982,0.0,0.0,1.0207760818302631,False,False,
s-009,after_one_actual_history_call,6,50,0,-6577.428022393,7425.197158228,8814.887510195,5725.52193976755,3484.1107894619927,7615.683752292,1038.2557298989996,0.02565407894292982,0.0,0.0,0.070826955139637,False,False,
s-009,after_one_actual_history_call,6,50,1,-6577.428022393,7425.197158228,8814.887510195,5725.52193976755,3484.1107894619927,7615.683752292,1038.2557298989996,0.02565407894292982,0.0,0.0,0.07107680663466454,False,False,
s-009,after_one_actual_history_call,6,10,0,-6577.428022393,7425.197158228,8814.887510195,5725.52193976755,3484.1107894619927,7615.683752292,1038.2557298989996,0.02565407894292982,0.0,0.0,0.030103333294391632,False,False,
s-009,after_one_actual_history_call,6,10,1,-6577.428022393,7425.197158228,8814.887510195,5725.52193976755,3484.1107894619927,7615.683752292,1038.2557298989996,0.02565407894292982,0.0,0.0,0.02992844209074974,False,False,
s-009,after_one_actual_history_call,7,200,0,-30318.312390281,31350.047485438,51582.529241199,24760.085721781637,3484.1107894619927,33035.119780284,2716.807390003003,0.05375023102050207,0.0,0.0,0.22296861559152603,False,False,
s-009,after_one_actual_history_call,7,200,1,-30318.312390281,31350.047485438,51582.529241199,24760.085721781637,3484.1107894619927,33035.119780284,2716.807390003003,0.05375023102050207,0.0,0.0,0.22211578488349915,False,False,
s-009,after_one_actual_history_call,7,1000,0,-30318.312390281,31350.047485438,51582.529241199,24760.085721781637,3484.1107894619927,33035.119780284,2716.807390003003,0.05375023102050207,0.0,0.0,1.0232622735202312,False,False,
s-009,after_one_actual_history_call,7,1000,1,-30318.312390281,31350.047485438,51582.529241199,24760.085721781637,3484.1107894619927,33035.119780284,2716.807390003003,0.05375023102050207,0.0,0.0,1.0228219516575336,False,False,
s-009,after_one_actual_history_call,7,50,0,-30318.312390281,31350.047485438,51582.529241199,24760.085721781637,3484.1107894619927,33035.119780284,2716.807390003003,0.05375023102050207,0.0,0.0,0.07195191457867622,False,False,
s-009,after_one_actual_history_call,7,50,1,-30318.312390281,31350.047485438,51582.529241199,24760.085721781637,3484.1107894619927,33035.119780284,2716.807390003003,0.05375023102050207,0.0,0.0,0.07330819964408875,False,False,
s-009,after_one_actual_history_call,7,10,0,-30318.312390281,31350.047485438,51582.529241199,24760.085721781637,3484.1107894619927,33035.119780284,2716.807390003003,0.05375023102050207,0.0,0.0,0.033193439245224,False,False,
s-009,after_one_actual_history_call,7,10,1,-30318.312390281,31350.047485438,51582.529241199,24760.085721781637,3484.1107894619927,33035.119780284,2716.807390003003,0.05375023102050207,0.0,0.0,0.03151944652199745,False,False,
s-009,after_one_actual_history_call,8,200,0,1411.2607056339998,0.0,0.0,0.0,3484.1107894619927,0.0,1411.2607056339998,0.0,0.0,0.0,0.005636196583509445,False,True,
s-009,after_one_actual_history_call,8,200,1,1411.2607056339998,0.0,0.0,0.0,3484.1107894619927,0.0,1411.2607056339998,0.0,0.0,0.0,0.00545375794172287,False,True,
s-009,after_one_actual_history_call,8,1000,0,1411.2607056339998,0.0,0.0,0.0,3484.1107894619927,0.0,1411.2607056339998,0.0,0.0,0.0,0.005354378372430801,False,True,
s-009,after_one_actual_history_call,8,1000,1,1411.2607056339998,0.0,0.0,0.0,3484.1107894619927,0.0,1411.2607056339998,0.0,0.0,0.0,0.005327019840478897,False,True,
s-009,after_one_actual_history_call,8,50,0,1411.2607056339998,0.0,0.0,0.0,3484.1107894619927,0.0,1411.2607056339998,0.0,0.0,0.0,0.005398772656917572,False,True,
s-009,after_one_actual_history_call,8,50,1,1411.2607056339998,0.0,0.0,0.0,3484.1107894619927,0.0,1411.2607056339998,0.0,0.0,0.0,0.005326639860868454,False,True,
s-009,after_one_actual_history_call,8,10,0,1411.2607056339998,0.0,0.0,0.0,3484.1107894619927,0.0,1411.2607056339998,0.0,0.0,0.0,0.0053248777985572815,False,True,
s-009,after_one_actual_history_call,8,10,1,1411.2607056339998,0.0,0.0,0.0,3484.1107894619927,0.0,1411.2607056339998,0.0,0.0,0.0,0.005327492952346802,False,True,
s-009,after_one_actual_history_call,9,200,0,-5874.554080632999,7681.197214895,9035.66383739,5723.8415602559335,3484.1107894619927,7833.705409148,1959.1513285150013,0.019854742690015057,0.0,0.0,0.22025034576654434,False,False,
s-009,after_one_actual_history_call,9,200,1,-5874.554080632999,7681.197214895,9035.66383739,5723.8415602559335,3484.1107894619927,7833.705409148,1959.1513285150013,0.019854742690015057,0.0,0.0,0.2198326364159584,False,False,
s-009,after_one_actual_history_call,9,1000,0,-5874.554080632999,7681.197214895,9035.66383739,5723.8415602559335,3484.1107894619927,7833.705409148,1959.1513285150013,0.019854742690015057,0.0,0.0,1.0232024975121021,False,False,
s-009,after_one_actual_history_call,9,1000,1,-5874.554080632999,7681.197214895,9035.66383739,5723.8415602559335,3484.1107894619927,7833.705409148,1959.1513285150013,0.019854742690015057,0.0,0.0,1.0206218957901,False,False,
s-009,after_one_actual_history_call,9,50,0,-5874.554080632999,7681.197214895,9035.66383739,5723.8415602559335,3484.1107894619927,7833.705409148,1959.1513285150013,0.019854742690015057,0.0,0.0,0.07073446735739708,False,False,
s-009,after_one_actual_history_call,9,50,1,-5874.554080632999,7681.197214895,9035.66383739,5723.8415602559335,3484.1107894619927,7833.705409148,1959.1513285150013,0.019854742690015057,0.0,0.0,0.07128331810235977,False,False,
s-009,after_one_actual_history_call,9,10,0,-5874.554080632999,7681.197214895,9035.66383739,5723.8415602559335,3484.1107894619927,7833.705409148,1959.1513285150013,0.019854742690015057,0.0,0.0,0.030646879225969315,False,False,
s-009,after_one_actual_history_call,9,10,1,-5874.554080632999,7681.197214895,9035.66383739,5723.8415602559335,3484.1107894619927,7833.705409148,1959.1513285150013,0.019854742690015057,0.0,0.0,0.028234418481588364,False,False,
s-009,after_one_actual_history_call,10,200,0,-29888.205144909003,31401.965628259,48716.098959237,25285.667839161237,3484.1107894619927,33288.115556205,3399.910411295994,0.06006470901454106,0.0,0.0,0.22079859673976898,False,False,
s-009,after_one_actual_history_call,10,200,1,-29888.205144909003,31401.965628259,48716.098959237,25285.667839161237,3484.1107894619927,33288.115556205,3399.910411295994,0.06006470901454106,0.0,0.0,0.22165684401988983,False,False,
s-009,after_one_actual_history_call,10,1000,0,-29888.205144909003,31401.965628259,48716.098959237,25285.667839161237,3484.1107894619927,33288.115556205,3399.910411295994,0.06006470901454106,0.0,0.0,1.0231292471289635,False,False,
s-009,after_one_actual_history_call,10,1000,1,-29888.205144909003,31401.965628259,48716.098959237,25285.667839161237,3484.1107894619927,33288.115556205,3399.910411295994,0.06006470901454106,0.0,0.0,1.023197203874588,False,False,
s-009,after_one_actual_history_call,10,50,0,-29888.205144909003,31401.965628259,48716.098959237,25285.667839161237,3484.1107894619927,33288.115556205,3399.910411295994,0.06006470901454106,0.0,0.0,0.07217588275671005,False,False,
s-009,after_one_actual_history_call,10,50,1,-29888.205144909003,31401.965628259,48716.098959237,25285.667839161237,3484.1107894619927,33288.115556205,3399.910411295994,0.06006470901454106,0.0,0.0,0.07089990749955177,False,False,
s-009,after_one_actual_history_call,10,10,0,-29888.205144909003,31401.965628259,48716.098959237,25285.667839161237,3484.1107894619927,33288.115556205,3399.910411295994,0.06006470901454106,0.0,0.0,0.032693032175302505,False,False,
s-009,after_one_actual_history_call,10,10,1,-29888.205144909003,31401.965628259,48716.098959237,25285.667839161237,3484.1107894619927,33288.115556205,3399.910411295994,0.06006470901454106,0.0,0.0,0.034140296280384064,False,False,
s-010,after_common_greedy_prefix,0,200,0,-8361.063204295,8431.490259225,15687.613512755,6343.452927508838,1806.6431342619471,8651.198453589,290.13524929400046,0.026058049954290702,0.0,0.0,0.2219003476202488,False,False,
s-010,after_common_greedy_prefix,0,200,1,-8361.063204295,8431.490259225,15687.613512755,6343.452927508838,1806.6431342619471,8651.198453589,290.13524929400046,0.026058049954290702,0.0,0.0,0.2217123657464981,False,False,
s-010,after_common_greedy_prefix,0,1000,0,-8361.063204295,8431.490259225,15687.613512755,6343.452927508838,1806.6431342619471,8651.198453589,290.13524929400046,0.026058049954290702,0.0,0.0,1.0214737467467785,False,False,
s-010,after_common_greedy_prefix,0,1000,1,-8361.063204295,8431.490259225,15687.613512755,6343.452927508838,1806.6431342619471,8651.198453589,290.13524929400046,0.026058049954290702,0.0,0.0,1.0232035107910633,False,False,
s-010,after_common_greedy_prefix,0,50,0,-8361.063204295,8431.490259225,15687.613512755,6343.452927508838,1806.6431342619471,8651.198453589,290.13524929400046,0.026058049954290702,0.0,0.0,0.07159795239567757,False,False,
s-010,after_common_greedy_prefix,0,50,1,-8361.063204295,8431.490259225,15687.613512755,6343.452927508838,1806.6431342619471,8651.198453589,290.13524929400046,0.026058049954290702,0.0,0.0,0.07166397571563721,False,False,
s-010,after_common_greedy_prefix,0,10,0,-8361.063204295,8431.490259225,15687.613512755,6343.452927508838,1806.6431342619471,8651.198453589,290.13524929400046,0.026058049954290702,0.0,0.0,0.030496791005134583,False,False,
s-010,after_common_greedy_prefix,0,10,1,-8361.063204295,8431.490259225,15687.613512755,6343.452927508838,1806.6431342619471,8651.198453589,290.13524929400046,0.026058049954290702,0.0,0.0,0.031033799052238464,False,False,
s-010,after_common_greedy_prefix,1,200,0,-32466.367226169,32466.367226169,47427.091767597,26150.064937622858,1806.6431342619471,33631.125604936,1164.758378767001,0.03587584562981737,0.0,0.0,0.22322073951363564,False,False,
s-010,after_common_greedy_prefix,1,200,1,-32466.367226169,32466.367226169,47427.091767597,26150.064937622858,1806.6431342619471,33631.125604936,1164.758378767001,0.03587584562981737,0.0,0.0,0.2244776375591755,False,False,
s-010,after_common_greedy_prefix,1,1000,0,-32466.367226169,32466.367226169,47427.091767597,26150.064937622858,1806.6431342619471,33631.125604936,1164.758378767001,0.03587584562981737,0.0,0.0,1.023962788283825,False,False,
s-010,after_common_greedy_prefix,1,1000,1,-32466.367226169,32466.367226169,47427.091767597,26150.064937622858,1806.6431342619471,33631.125604936,1164.758378767001,0.03587584562981737,0.0,0.0,1.024444293230772,False,False,
s-010,after_common_greedy_prefix,1,50,0,-32466.367226169,32466.367226169,47427.091767597,26150.064937622858,1806.6431342619471,33631.125604936,1164.758378767001,0.03587584562981737,0.0,0.0,0.07544933259487152,False,False,
s-010,after_common_greedy_prefix,1,50,1,-32466.367226169,32466.367226169,47427.091767597,26150.064937622858,1806.6431342619471,33631.125604936,1164.758378767001,0.03587584562981737,0.0,0.0,0.07487569004297256,False,False,
s-010,after_common_greedy_prefix,1,10,0,-32466.367226169,32466.367226169,47427.091767597,26150.064937622858,1806.6431342619471,33631.125604936,1164.758378767001,0.03587584562981737,0.0,0.0,0.03455563634634018,False,False,
s-010,after_common_greedy_prefix,1,10,1,-32466.367226169,32466.367226169,47427.091767597,26150.064937622858,1806.6431342619471,33625.766546948,1159.3993207789972,0.03571078071970066,0.0,0.0,0.03492725268006325,False,False,
s-010,after_common_greedy_prefix,2,200,0,408.72233608,0.0,0.0,0.0,1806.6431342619471,0.0,408.72233608,0.0,0.0,0.0,0.006085332483053207,False,True,
s-010,after_common_greedy_prefix,2,200,1,408.72233608,0.0,0.0,0.0,1806.6431342619471,0.0,408.72233608,0.0,0.0,0.0,0.00560634583234787,False,True,
s-010,after_common_greedy_prefix,2,1000,0,408.72233608,0.0,0.0,0.0,1806.6431342619471,0.0,408.72233608,0.0,0.0,0.0,0.0053822994232177734,False,True,
s-010,after_common_greedy_prefix,2,1000,1,408.72233608,0.0,0.0,0.0,1806.6431342619471,0.0,408.72233608,0.0,0.0,0.0,0.005317140370607376,False,True,
s-010,after_common_greedy_prefix,2,50,0,408.72233608,0.0,0.0,0.0,1806.6431342619471,0.0,408.72233608,0.0,0.0,0.0,0.005321234464645386,False,True,
s-010,after_common_greedy_prefix,2,50,1,408.72233608,0.0,0.0,0.0,1806.6431342619471,0.0,408.72233608,0.0,0.0,0.0,0.005313020199537277,False,True,
s-010,after_common_greedy_prefix,2,10,0,408.72233608,0.0,0.0,0.0,1806.6431342619471,0.0,408.72233608,0.0,0.0,0.0,0.005334511399269104,False,True,
s-010,after_common_greedy_prefix,2,10,1,408.72233608,0.0,0.0,0.0,1806.6431342619471,0.0,408.72233608,0.0,0.0,0.0,0.005394231528043747,False,True,
s-010,after_common_greedy_prefix,3,200,0,-8370.783245721,8866.294704885,14299.363664347,6826.840172251334,1806.6431342619471,8975.247339301,604.4640935799998,0.012288406605294937,0.0,0.0,0.22120117396116257,False,False,
s-010,after_common_greedy_prefix,3,200,1,-8370.783245721,8866.294704885,14299.363664347,6826.840172251334,1806.6431342619471,8975.247339301,604.4640935799998,0.012288406605294937,0.0,0.0,0.22049323096871376,False,False,
s-010,after_common_greedy_prefix,3,1000,0,-8370.783245721,8866.294704885,14299.363664347,6826.840172251334,1806.6431342619471,8975.247339301,604.4640935799998,0.012288406605294937,0.0,0.0,1.0200105123221874,False,False,
s-010,after_common_greedy_prefix,3,1000,1,-8370.783245721,8866.294704885,14299.363664347,6826.840172251334,1806.6431342619471,8975.247339301,604.4640935799998,0.012288406605294937,0.0,0.0,1.0212162099778652,False,False,
s-010,after_common_greedy_prefix,3,50,0,-8370.783245721,8866.294704885,14299.363664347,6826.840172251334,1806.6431342619471,8975.247339301,604.4640935799998,0.012288406605294937,0.0,0.0,0.07101169973611832,False,False,
s-010,after_common_greedy_prefix,3,50,1,-8370.783245721,8866.294704885,14299.363664347,6826.840172251334,1806.6431342619471,8975.247339301,604.4640935799998,0.012288406605294937,0.0,0.0,0.07106131315231323,False,False,
s-010,after_common_greedy_prefix,3,10,0,-8370.783245721,8866.294704885,14299.363664347,6826.840172251334,1806.6431342619471,8975.247339301,604.4640935799998,0.012288406605294937,0.0,0.0,0.03222987800836563,False,False,
s-010,after_common_greedy_prefix,3,10,1,-8370.783245721,8866.294704885,14299.363664347,6826.840172251334,1806.6431342619471,8975.247339301,604.4640935799998,0.012288406605294937,0.0,0.0,0.03243158012628555,False,False,
s-010,after_common_greedy_prefix,4,200,0,-31052.734567724,32802.414867481,50032.514049879,26658.28201244134,1806.6431342619471,34536.845357186,3484.110789462,0.05287508546891916,1677.4676552000528,0.0015792570571857558,0.22393211349844933,False,False,0.22393211349844933
s-010,after_common_greedy_prefix,4,200,1,-31052.734567724,32802.414867481,50032.514049879,26658.28201244134,1806.6431342619471,34536.845357186,3484.110789462,0.05287508546891916,1677.4676552000528,0.0015792570571857558,0.22421078756451607,False,False,0.22421078756451607
s-010,after_common_greedy_prefix,4,1000,0,-31052.734567724,32802.414867481,50032.514049879,26658.28201244134,1806.6431342619471,34536.845357186,3484.110789462,0.05287508546891916,1677.4676552000528,0.0015792570571857558,1.0231484584510326,False,False,1.0231484584510326
s-010,after_common_greedy_prefix,4,1000,1,-31052.734567724,32802.414867481,50032.514049879,26658.28201244134,1806.6431342619471,34536.845357186,3484.110789462,0.05287508546891916,1677.4676552000528,0.0015792570571857558,1.0225999057292938,False,False,1.0225999057292938
s-010,after_common_greedy_prefix,4,50,0,-31052.734567724,32802.414867481,50032.514049879,26658.28201244134,1806.6431342619471,34536.845357186,3484.110789462,0.05287508546891916,1677.4676552000528,0.0015792570571857558,0.07440275326371193,False,False,0.07440275326371193
s-010,after_common_greedy_prefix,4,50,1,-31052.734567724,32802.414867481,50032.514049879,26658.28201244134,1806.6431342619471,34536.845357186,3484.110789462,0.05287508546891916,1677.4676552000528,0.0015792570571857558,0.07413928583264351,False,False,0.07413928583264351
s-010,after_common_greedy_prefix,4,10,0,-31052.734567724,32802.414867481,50032.514049879,26658.28201244134,1806.6431342619471,34536.845357186,3484.110789462,0.05287508546891916,1677.4676552000528,0.0015792570571857558,0.03326868265867233,False,False,0.03326868265867233
s-010,after_common_greedy_prefix,4,10,1,-31052.734567724,32802.414867481,50032.514049879,26658.28201244134,1806.6431342619471,34536.845357186,3484.110789462,0.05287508546891916,1677.4676552000528,0.0015792570571857558,0.034700870513916016,False,False,0.034700870513916016
s-010,after_common_greedy_prefix,5,200,0,785.965221878,0.0,0.0,0.0,1806.6431342619471,0.0,785.965221878,0.0,0.0,0.0,0.006354633718729019,False,True,
s-010,after_common_greedy_prefix,5,200,1,785.965221878,0.0,0.0,0.0,1806.6431342619471,0.0,785.965221878,0.0,0.0,0.0,0.00604768842458725,False,True,
s-010,after_common_greedy_prefix,5,1000,0,785.965221878,0.0,0.0,0.0,1806.6431342619471,0.0,785.965221878,0.0,0.0,0.0,0.005793977528810501,False,True,
s-010,after_common_greedy_prefix,5,1000,1,785.965221878,0.0,0.0,0.0,1806.6431342619471,0.0,785.965221878,0.0,0.0,0.0,0.0057329460978507996,False,True,
s-010,after_common_greedy_prefix,5,50,0,785.965221878,0.0,0.0,0.0,1806.6431342619471,0.0,785.965221878,0.0,0.0,0.0,0.005633886903524399,False,True,
s-010,after_common_greedy_prefix,5,50,1,785.965221878,0.0,0.0,0.0,1806.6431342619471,0.0,785.965221878,0.0,0.0,0.0,0.005468782037496567,False,True,
s-010,after_common_greedy_prefix,5,10,0,785.965221878,0.0,0.0,0.0,1806.6431342619471,0.0,785.965221878,0.0,0.0,0.0,0.0054327696561813354,False,True,
s-010,after_common_greedy_prefix,5,10,1,785.965221878,0.0,0.0,0.0,1806.6431342619471,0.0,785.965221878,0.0,0.0,0.0,0.005422651767730713,False,True,
s-010,after_common_greedy_prefix,6,200,0,-6577.428022393,7425.197158228,8814.887510195,5725.52193976755,1806.6431342619471,7615.683752292,1038.2557298989996,0.02565407894292982,0.0,0.0,0.2207341194152832,False,False,
s-010,after_common_greedy_prefix,6,200,1,-6577.428022393,7425.197158228,8814.887510195,5725.52193976755,1806.6431342619471,7615.683752292,1038.2557298989996,0.02565407894292982,0.0,0.0,0.21922524645924568,False,False,
s-010,after_common_greedy_prefix,6,1000,0,-6577.428022393,7425.197158228,8814.887510195,5725.52193976755,1806.6431342619471,7615.683752292,1038.2557298989996,0.02565407894292982,0.0,0.0,1.0201365239918232,False,False,
s-010,after_common_greedy_prefix,6,1000,1,-6577.428022393,7425.197158228,8814.887510195,5725.52193976755,1806.6431342619471,7615.683752292,1038.2557298989996,0.02565407894292982,0.0,0.0,1.020748808979988,False,False,
s-010,after_common_greedy_prefix,6,50,0,-6577.428022393,7425.197158228,8814.887510195,5725.52193976755,1806.6431342619471,7615.683752292,1038.2557298989996,0.02565407894292982,0.0,0.0,0.07083094492554665,False,False,
s-010,after_common_greedy_prefix,6,50,1,-6577.428022393,7425.197158228,8814.887510195,5725.52193976755,1806.6431342619471,7615.683752292,1038.2557298989996,0.02565407894292982,0.0,0.0,0.07120173797011375,False,False,
s-010,after_common_greedy_prefix,6,10,0,-6577.428022393,7425.197158228,8814.887510195,5725.52193976755,1806.6431342619471,7615.683752292,1038.2557298989996,0.02565407894292982,0.0,0.0,0.030346959829330444,False,False,
s-010,after_common_greedy_prefix,6,10,1,-6577.428022393,7425.197158228,8814.887510195,5725.52193976755,1806.6431342619471,7615.683752292,1038.2557298989996,0.02565407894292982,0.0,0.0,0.028407063335180283,False,False,
s-010,after_common_greedy_prefix,7,200,0,-30725.061686304,31742.707476047,52298.182511146,24659.858835325653,1806.6431342619471,33313.50611659,2588.4444302859956,0.049485339009859845,781.8012960240485,0.0007360292225221499,0.22101442888379097,False,False,0.22101442888379097
s-010,after_common_greedy_prefix,7,200,1,-30725.061686304,31742.707476047,52298.182511146,24659.858835325653,1806.6431342619471,33313.50611659,2588.4444302859956,0.049485339009859845,781.8012960240485,0.0007360292225221499,0.22326098009943962,False,False,0.22326098009943962
s-010,after_common_greedy_prefix,7,1000,0,-30725.061686304,31742.707476047,52298.182511146,24659.858835325653,1806.6431342619471,33313.50611659,2588.4444302859956,0.049485339009859845,781.8012960240485,0.0007360292225221499,1.0226207338273525,False,False,1.0226207338273525
s-010,after_common_greedy_prefix,7,1000,1,-30725.061686304,31742.707476047,52298.182511146,24659.858835325653,1806.6431342619471,33313.50611659,2588.4444302859956,0.049485339009859845,781.8012960240485,0.0007360292225221499,1.023369837552309,False,False,1.023369837552309
s-010,after_common_greedy_prefix,7,50,0,-30725.061686304,31742.707476047,52298.182511146,24659.858835325653,1806.6431342619471,33313.50611659,2588.4444302859956,0.049485339009859845,781.8012960240485,0.0007360292225221499,0.07409924641251564,False,False,0.07409924641251564
s-010,after_common_greedy_prefix,7,50,1,-30725.061686304,31742.707476047,52298.182511146,24659.858835325653,1806.6431342619471,33313.50611659,2588.4444302859956,0.049485339009859845,781.8012960240485,0.0007360292225221499,0.07548268511891365,False,False,0.07548268511891365
s-010,after_common_greedy_prefix,7,10,0,-30725.061686304,31742.707476047,52298.182511146,24659.858835325653,1806.6431342619471,33313.50611659,2588.4444302859956,0.049485339009859845,781.8012960240485,0.0007360292225221499,0.03176639974117279,False,False,0.03176639974117279
s-010,after_common_greedy_prefix,7,10,1,-30725.061686304,31742.707476047,52298.182511146,24659.858835325653,1806.6431342619471,33313.50611659,2588.4444302859956,0.049485339009859845,781.8012960240485,0.0007360292225221499,0.0329802930355072,False,False,0.0329802930355072
s-010,after_common_greedy_prefix,8,200,0,1411.2607056339998,0.0,0.0,0.0,1806.6431342619471,0.0,1411.2607056339998,0.0,0.0,0.0,0.006004970520734787,False,True,
s-010,after_common_greedy_prefix,8,200,1,1411.2607056339998,0.0,0.0,0.0,1806.6431342619471,0.0,1411.2607056339998,0.0,0.0,0.0,0.005746465176343918,False,True,
s-010,after_common_greedy_prefix,8,1000,0,1411.2607056339998,0.0,0.0,0.0,1806.6431342619471,0.0,1411.2607056339998,0.0,0.0,0.0,0.005614854395389557,False,True,
s-010,after_common_greedy_prefix,8,1000,1,1411.2607056339998,0.0,0.0,0.0,1806.6431342619471,0.0,1411.2607056339998,0.0,0.0,0.0,0.005352046340703964,False,True,
s-010,after_common_greedy_prefix,8,50,0,1411.2607056339998,0.0,0.0,0.0,1806.6431342619471,0.0,1411.2607056339998,0.0,0.0,0.0,0.005276728421449661,False,True,
s-010,after_common_greedy_prefix,8,50,1,1411.2607056339998,0.0,0.0,0.0,1806.6431342619471,0.0,1411.2607056339998,0.0,0.0,0.0,0.005242593586444855,False,True,
s-010,after_common_greedy_prefix,8,10,0,1411.2607056339998,0.0,0.0,0.0,1806.6431342619471,0.0,1411.2607056339998,0.0,0.0,0.0,0.005227487534284592,False,True,
s-010,after_common_greedy_prefix,8,10,1,1411.2607056339998,0.0,0.0,0.0,1806.6431342619471,0.0,1411.2607056339998,0.0,0.0,0.0,0.005330629646778107,False,True,
s-010,after_common_greedy_prefix,9,200,0,-5874.554080632999,7681.197214895,9035.66383739,5723.8415602559335,1806.6431342619471,7833.705409148,1959.1513285150013,0.019854742690015057,152.50819425305417,0.00014357930616794426,0.22039209678769112,False,False,0.22039209678769112
s-010,after_common_greedy_prefix,9,200,1,-5874.554080632999,7681.197214895,9035.66383739,5723.8415602559335,1806.6431342619471,7833.705409148,1959.1513285150013,0.019854742690015057,152.50819425305417,0.00014357930616794426,0.22028708457946777,False,False,0.22028708457946777
s-010,after_common_greedy_prefix,9,1000,0,-5874.554080632999,7681.197214895,9035.66383739,5723.8415602559335,1806.6431342619471,7833.705409148,1959.1513285150013,0.019854742690015057,152.50819425305417,0.00014357930616794426,1.0209156535565853,False,False,1.0209156535565853
s-010,after_common_greedy_prefix,9,1000,1,-5874.554080632999,7681.197214895,9035.66383739,5723.8415602559335,1806.6431342619471,7833.705409148,1959.1513285150013,0.019854742690015057,152.50819425305417,0.00014357930616794426,1.0205834470689297,False,False,1.0205834470689297
s-010,after_common_greedy_prefix,9,50,0,-5874.554080632999,7681.197214895,9035.66383739,5723.8415602559335,1806.6431342619471,7833.705409148,1959.1513285150013,0.019854742690015057,152.50819425305417,0.00014357930616794426,0.06941753998398781,False,False,0.06941753998398781
s-010,after_common_greedy_prefix,9,50,1,-5874.554080632999,7681.197214895,9035.66383739,5723.8415602559335,1806.6431342619471,7833.705409148,1959.1513285150013,0.019854742690015057,152.50819425305417,0.00014357930616794426,0.0700577050447464,False,False,0.0700577050447464
s-010,after_common_greedy_prefix,9,10,0,-5874.554080632999,7681.197214895,9035.66383739,5723.8415602559335,1806.6431342619471,7833.705409148,1959.1513285150013,0.019854742690015057,152.50819425305417,0.00014357930616794426,0.029850352555513382,False,False,0.029850352555513382
s-010,after_common_greedy_prefix,9,10,1,-5874.554080632999,7681.197214895,9035.66383739,5723.8415602559335,1806.6431342619471,7833.705409148,1959.1513285150013,0.019854742690015057,152.50819425305417,0.00014357930616794426,0.028758883476257324,False,False,0.028758883476257324
s-010,after_common_greedy_prefix,10,200,0,-29746.451258309,31260.211741659,48314.332605642,25096.812422715906,1806.6431342619471,33146.361669605,3399.9104112960013,0.06033708100039572,1593.2672770340541,0.0014999863535008586,0.22243402898311615,False,False,0.22243402898311615
s-010,after_common_greedy_prefix,10,200,1,-29746.451258309,31260.211741659,48314.332605642,25096.812422715906,1806.6431342619471,33146.361669605,3399.9104112960013,0.06033708100039572,1593.2672770340541,0.0014999863535008586,0.22362687438726425,False,False,0.22362687438726425
s-010,after_common_greedy_prefix,10,1000,0,-29746.451258309,31260.211741659,48314.332605642,25096.812422715906,1806.6431342619471,33146.361669605,3399.9104112960013,0.06033708100039572,1593.2672770340541,0.0014999863535008586,1.023690015077591,False,False,1.023690015077591
s-010,after_common_greedy_prefix,10,1000,1,-29746.451258309,31260.211741659,48314.332605642,25096.812422715906,1806.6431342619471,33146.361669605,3399.9104112960013,0.06033708100039572,1593.2672770340541,0.0014999863535008586,1.0230368413031101,False,False,1.0230368413031101
s-010,after_common_greedy_prefix,10,50,0,-29746.451258309,31260.211741659,48314.332605642,25096.812422715906,1806.6431342619471,33146.361669605,3399.9104112960013,0.06033708100039572,1593.2672770340541,0.0014999863535008586,0.07430082932114601,False,False,0.07430082932114601
s-010,after_common_greedy_prefix,10,50,1,-29746.451258309,31260.211741659,48314.332605642,25096.812422715906,1806.6431342619471,33146.361669605,3399.9104112960013,0.06033708100039572,1593.2672770340541,0.0014999863535008586,0.07367490231990814,False,False,0.07367490231990814
s-010,after_common_greedy_prefix,10,10,0,-29746.451258309,31260.211741659,48314.332605642,25096.812422715906,1806.6431342619471,33146.361669605,3399.9104112960013,0.06033708100039572,1593.2672770340541,0.0014999863535008586,0.03125625476241112,False,False,0.03125625476241112
s-010,after_common_greedy_prefix,10,10,1,-29746.451258309,31260.211741659,48314.332605642,25096.812422715906,1806.6431342619471,33146.361669605,3399.9104112960013,0.06033708100039572,1593.2672770340541,0.0014999863535008586,0.029603373259305954,False,False,0.029603373259305954
s-011,after_one_actual_history_call,0,200,0,-8361.063204295,8431.490259225,15687.613512755,6343.452927508838,1806.6431342619471,8651.198453589,290.13524929400046,0.026058049954290702,0.0,0.0,0.22223727777600288,False,False,
s-011,after_one_actual_history_call,0,200,1,-8361.063204295,8431.490259225,15687.613512755,6343.452927508838,1806.6431342619471,8651.198453589,290.13524929400046,0.026058049954290702,0.0,0.0,0.2203962691128254,False,False,
s-011,after_one_actual_history_call,0,1000,0,-8361.063204295,8431.490259225,15687.613512755,6343.452927508838,1806.6431342619471,8651.198453589,290.13524929400046,0.026058049954290702,0.0,0.0,1.0225362442433834,False,False,
s-011,after_one_actual_history_call,0,1000,1,-8361.063204295,8431.490259225,15687.613512755,6343.452927508838,1806.6431342619471,8651.198453589,290.13524929400046,0.026058049954290702,0.0,0.0,1.021408785134554,False,False,
s-011,after_one_actual_history_call,0,50,0,-8361.063204295,8431.490259225,15687.613512755,6343.452927508838,1806.6431342619471,8651.198453589,290.13524929400046,0.026058049954290702,0.0,0.0,0.07095387950539589,False,False,
s-011,after_one_actual_history_call,0,50,1,-8361.063204295,8431.490259225,15687.613512755,6343.452927508838,1806.6431342619471,8651.198453589,290.13524929400046,0.026058049954290702,0.0,0.0,0.07004620134830475,False,False,
s-011,after_one_actual_history_call,0,10,0,-8361.063204295,8431.490259225,15687.613512755,6343.452927508838,1806.6431342619471,8651.198453589,290.13524929400046,0.026058049954290702,0.0,0.0,0.030048459768295288,False,False,
s-011,after_one_actual_history_call,0,10,1,-8361.063204295,8431.490259225,15687.613512755,6343.452927508838,1806.6431342619471,8651.198453589,290.13524929400046,0.026058049954290702,0.0,0.0,0.03018808364868164,False,False,
s-011,after_one_actual_history_call,1,200,0,-32466.367226169,32466.367226169,47427.091767597,26150.064937622858,1806.6431342619471,33631.125604936,1164.758378767001,0.03587584562981737,0.0,0.0,0.2223294973373413,False,False,
s-011,after_one_actual_history_call,1,200,1,-32466.367226169,32466.367226169,47427.091767597,26150.064937622858,1806.6431342619471,33631.125604936,1164.758378767001,0.03587584562981737,0.0,0.0,0.22429950162768364,False,False,
s-011,after_one_actual_history_call,1,1000,0,-32466.367226169,32466.367226169,47427.091767597,26150.064937622858,1806.6431342619471,33631.125604936,1164.758378767001,0.03587584562981737,0.0,0.0,1.0231162086129189,False,False,
s-011,after_one_actual_history_call,1,1000,1,-32466.367226169,32466.367226169,47427.091767597,26150.064937622858,1806.6431342619471,33631.125604936,1164.758378767001,0.03587584562981737,0.0,0.0,1.0231250859797,False,False,
s-011,after_one_actual_history_call,1,50,0,-32466.367226169,32466.367226169,47427.091767597,26150.064937622858,1806.6431342619471,33631.125604936,1164.758378767001,0.03587584562981737,0.0,0.0,0.07299014925956726,False,False,
s-011,after_one_actual_history_call,1,50,1,-32466.367226169,32466.367226169,47427.091767597,26150.064937622858,1806.6431342619471,33631.125604936,1164.758378767001,0.03587584562981737,0.0,0.0,0.07259974256157875,False,False,
s-011,after_one_actual_history_call,1,10,0,-32466.367226169,32466.367226169,47427.091767597,26150.064937622858,1806.6431342619471,33631.125604936,1164.758378767001,0.03587584562981737,0.0,0.0,0.031370777636766434,False,False,
s-011,after_one_actual_history_call,1,10,1,-32466.367226169,32466.367226169,47427.091767597,26150.064937622858,1806.6431342619471,33631.125604936,1164.758378767001,0.03587584562981737,0.0,0.0,0.03042314201593399,False,False,
s-011,after_one_actual_history_call,2,200,0,408.72233608,0.0,0.0,0.0,1806.6431342619471,0.0,408.72233608,0.0,0.0,0.0,0.0054643116891384125,False,True,
s-011,after_one_actual_history_call,2,200,1,408.72233608,0.0,0.0,0.0,1806.6431342619471,0.0,408.72233608,0.0,0.0,0.0,0.005411840975284576,False,True,
s-011,after_one_actual_history_call,2,1000,0,408.72233608,0.0,0.0,0.0,1806.6431342619471,0.0,408.72233608,0.0,0.0,0.0,0.005423698574304581,False,True,
s-011,after_one_actual_history_call,2,1000,1,408.72233608,0.0,0.0,0.0,1806.6431342619471,0.0,408.72233608,0.0,0.0,0.0,0.005398601293563843,False,True,
s-011,after_one_actual_history_call,2,50,0,408.72233608,0.0,0.0,0.0,1806.6431342619471,0.0,408.72233608,0.0,0.0,0.0,0.0054098740220069885,False,True,
s-011,after_one_actual_history_call,2,50,1,408.72233608,0.0,0.0,0.0,1806.6431342619471,0.0,408.72233608,0.0,0.0,0.0,0.005347512662410736,False,True,
s-011,after_one_actual_history_call,2,10,0,408.72233608,0.0,0.0,0.0,1806.6431342619471,0.0,408.72233608,0.0,0.0,0.0,0.005301225930452347,False,True,
s-011,after_one_actual_history_call,2,10,1,408.72233608,0.0,0.0,0.0,1806.6431342619471,0.0,408.72233608,0.0,0.0,0.0,0.005324207246303558,False,True,
s-011,after_one_actual_history_call,3,200,0,-8370.783245721,8866.294704885,14299.363664347,6826.840172251334,1806.6431342619471,8975.247339301,604.4640935799998,0.012288406605294937,0.0,0.0,0.22087427228689194,False,False,
s-011,after_one_actual_history_call,3,200,1,-8370.783245721,8866.294704885,14299.363664347,6826.840172251334,1806.6431342619471,8975.247339301,604.4640935799998,0.012288406605294937,0.0,0.0,0.2215665876865387,False,False,
s-011,after_one_actual_history_call,3,1000,0,-8370.783245721,8866.294704885,14299.363664347,6826.840172251334,1806.6431342619471,8975.247339301,604.4640935799998,0.012288406605294937,0.0,0.0,1.021791271865368,False,False,
s-011,after_one_actual_history_call,3,1000,1,-8370.783245721,8866.294704885,14299.363664347,6826.840172251334,1806.6431342619471,8975.247339301,604.4640935799998,0.012288406605294937,0.0,0.0,1.020287111401558,False,False,
s-011,after_one_actual_history_call,3,50,0,-8370.783245721,8866.294704885,14299.363664347,6826.840172251334,1806.6431342619471,8975.247339301,604.4640935799998,0.012288406605294937,0.0,0.0,0.07010070607066154,False,False,
s-011,after_one_actual_history_call,3,50,1,-8370.783245721,8866.294704885,14299.363664347,6826.840172251334,1806.6431342619471,8975.247339301,604.4640935799998,0.012288406605294937,0.0,0.0,0.0699482336640358,False,False,
s-011,after_one_actual_history_call,3,10,0,-8370.783245721,8866.294704885,14299.363664347,6826.840172251334,1806.6431342619471,8975.247339301,604.4640935799998,0.012288406605294937,0.0,0.0,0.028996773064136505,False,False,
s-011,after_one_actual_history_call,3,10,1,-8370.783245721,8866.294704885,14299.363664347,6826.840172251334,1806.6431342619471,8975.247339301,604.4640935799998,0.012288406605294937,0.0,0.0,0.027913540601730347,False,False,
s-011,after_one_actual_history_call,4,200,0,-31052.734567724,32802.414867481,50032.514049879,26658.28201244134,1806.6431342619471,34536.845357186,3484.110789462,0.05287508546891916,1677.4676552000528,0.0015792570571857558,0.22091466188430786,False,False,0.22091466188430786
s-011,after_one_actual_history_call,4,200,1,-31052.734567724,32802.414867481,50032.514049879,26658.28201244134,1806.6431342619471,34536.845357186,3484.110789462,0.05287508546891916,1677.4676552000528,0.0015792570571857558,0.22398797422647476,False,False,0.22398797422647476
s-011,after_one_actual_history_call,4,1000,0,-31052.734567724,32802.414867481,50032.514049879,26658.28201244134,1806.6431342619471,34536.845357186,3484.110789462,0.05287508546891916,1677.4676552000528,0.0015792570571857558,1.023715503513813,False,False,1.023715503513813
s-011,after_one_actual_history_call,4,1000,1,-31052.734567724,32802.414867481,50032.514049879,26658.28201244134,1806.6431342619471,34536.845357186,3484.110789462,0.05287508546891916,1677.4676552000528,0.0015792570571857558,1.023572951555252,False,False,1.023572951555252
s-011,after_one_actual_history_call,4,50,0,-31052.734567724,32802.414867481,50032.514049879,26658.28201244134,1806.6431342619471,34536.845357186,3484.110789462,0.05287508546891916,1677.4676552000528,0.0015792570571857558,0.07288650050759315,False,False,0.07288650050759315
s-011,after_one_actual_history_call,4,50,1,-31052.734567724,32802.414867481,50032.514049879,26658.28201244134,1806.6431342619471,34536.845357186,3484.110789462,0.05287508546891916,1677.4676552000528,0.0015792570571857558,0.07279518991708755,False,False,0.07279518991708755
s-011,after_one_actual_history_call,4,10,0,-31052.734567724,32802.414867481,50032.514049879,26658.28201244134,1806.6431342619471,34536.845357186,3484.110789462,0.05287508546891916,1677.4676552000528,0.0015792570571857558,0.031997960060834885,False,False,0.031997960060834885
s-011,after_one_actual_history_call,4,10,1,-31052.734567724,32802.414867481,50032.514049879,26658.28201244134,1806.6431342619471,34536.845357186,3484.110789462,0.05287508546891916,1677.4676552000528,0.0015792570571857558,0.029964134097099304,False,False,0.029964134097099304
s-011,after_one_actual_history_call,5,200,0,785.965221878,0.0,0.0,0.0,1806.6431342619471,0.0,785.965221878,0.0,0.0,0.0,0.003521852195262909,False,True,
s-011,after_one_actual_history_call,5,200,1,785.965221878,0.0,0.0,0.0,1806.6431342619471,0.0,785.965221878,0.0,0.0,0.0,0.0035126060247421265,False,True,
s-011,after_one_actual_history_call,5,1000,0,785.965221878,0.0,0.0,0.0,1806.6431342619471,0.0,785.965221878,0.0,0.0,0.0,0.005408477038145065,False,True,
s-011,after_one_actual_history_call,5,1000,1,785.965221878,0.0,0.0,0.0,1806.6431342619471,0.0,785.965221878,0.0,0.0,0.0,0.005385637283325195,False,True,
s-011,after_one_actual_history_call,5,50,0,785.965221878,0.0,0.0,0.0,1806.6431342619471,0.0,785.965221878,0.0,0.0,0.0,0.005460724234580994,False,True,
s-011,after_one_actual_history_call,5,50,1,785.965221878,0.0,0.0,0.0,1806.6431342619471,0.0,785.965221878,0.0,0.0,0.0,0.005337841808795929,False,True,
s-011,after_one_actual_history_call,5,10,0,785.965221878,0.0,0.0,0.0,1806.6431342619471,0.0,785.965221878,0.0,0.0,0.0,0.005307059735059738,False,True,
s-011,after_one_actual_history_call,5,10,1,785.965221878,0.0,0.0,0.0,1806.6431342619471,0.0,785.965221878,0.0,0.0,0.0,0.005304910242557526,False,True,
s-011,after_one_actual_history_call,6,200,0,-6577.428022393,7425.197158228,8814.887510195,5725.52193976755,1806.6431342619471,7615.683752292,1038.2557298989996,0.02565407894292982,0.0,0.0,0.22025560215115547,False,False,
s-011,after_one_actual_history_call,6,200,1,-6577.428022393,7425.197158228,8814.887510195,5725.52193976755,1806.6431342619471,7615.683752292,1038.2557298989996,0.02565407894292982,0.0,0.0,0.21956349164247513,False,False,
s-011,after_one_actual_history_call,6,1000,0,-6577.428022393,7425.197158228,8814.887510195,5725.52193976755,1806.6431342619471,7615.683752292,1038.2557298989996,0.02565407894292982,0.0,0.0,1.0211727619171143,False,False,
s-011,after_one_actual_history_call,6,1000,1,-6577.428022393,7425.197158228,8814.887510195,5725.52193976755,1806.6431342619471,7615.683752292,1038.2557298989996,0.02565407894292982,0.0,0.0,1.021180409938097,False,False,
s-011,after_one_actual_history_call,6,50,0,-6577.428022393,7425.197158228,8814.887510195,5725.52193976755,1806.6431342619471,7615.683752292,1038.2557298989996,0.02565407894292982,0.0,0.0,0.06991371139883995,False,False,
s-011,after_one_actual_history_call,6,50,1,-6577.428022393,7425.197158228,8814.887510195,5725.52193976755,1806.6431342619471,7615.683752292,1038.2557298989996,0.02565407894292982,0.0,0.0,0.06952967867255211,False,False,
s-011,after_one_actual_history_call,6,10,0,-6577.428022393,7425.197158228,8814.887510195,5725.52193976755,1806.6431342619471,7615.683752292,1038.2557298989996,0.02565407894292982,0.0,0.0,0.029073435813188553,False,False,
s-011,after_one_actual_history_call,6,10,1,-6577.428022393,7425.197158228,8814.887510195,5725.52193976755,1806.6431342619471,7615.683752292,1038.2557298989996,0.02565407894292982,0.0,0.0,0.0290071964263916,False,False,
s-011,after_one_actual_history_call,7,200,0,-30725.061686304,31742.707476047,52298.182511146,24659.858835325653,1806.6431342619471,33313.50611659,2588.4444302859956,0.049485339009859845,781.8012960240485,0.0007360292225221499,0.2249126397073269,False,False,0.2249126397073269
s-011,after_one_actual_history_call,7,200,1,-30725.061686304,31742.707476047,52298.182511146,24659.858835325653,1806.6431342619471,33313.50611659,2588.4444302859956,0.049485339009859845,781.8012960240485,0.0007360292225221499,0.2227841503918171,False,False,0.2227841503918171
s-011,after_one_actual_history_call,7,1000,0,-30725.061686304,31742.707476047,52298.182511146,24659.858835325653,1806.6431342619471,33313.50611659,2588.4444302859956,0.049485339009859845,781.8012960240485,0.0007360292225221499,1.0239784382283688,False,False,1.0239784382283688
s-011,after_one_actual_history_call,7,1000,1,-30725.061686304,31742.707476047,52298.182511146,24659.858835325653,1806.6431342619471,33313.50611659,2588.4444302859956,0.049485339009859845,781.8012960240485,0.0007360292225221499,1.0237362682819366,False,False,1.0237362682819366
s-011,after_one_actual_history_call,7,50,0,-30725.061686304,31742.707476047,52298.182511146,24659.858835325653,1806.6431342619471,33313.50611659,2588.4444302859956,0.049485339009859845,781.8012960240485,0.0007360292225221499,0.07273813337087631,False,False,0.07273813337087631
s-011,after_one_actual_history_call,7,50,1,-30725.061686304,31742.707476047,52298.182511146,24659.858835325653,1806.6431342619471,33313.50611659,2588.4444302859956,0.049485339009859845,781.8012960240485,0.0007360292225221499,0.07215392962098122,False,False,0.07215392962098122
s-011,after_one_actual_history_call,7,10,0,-30725.061686304,31742.707476047,52298.182511146,24659.858835325653,1806.6431342619471,33313.50611659,2588.4444302859956,0.049485339009859845,781.8012960240485,0.0007360292225221499,0.03398424759507179,False,False,0.03398424759507179
s-011,after_one_actual_history_call,7,10,1,-30725.061686304,31742.707476047,52298.182511146,24659.858835325653,1806.6431342619471,33313.50611659,2588.4444302859956,0.049485339009859845,781.8012960240485,0.0007360292225221499,0.03616052493453026,False,False,0.03616052493453026
s-011,after_one_actual_history_call,8,200,0,1411.2607056339998,0.0,0.0,0.0,1806.6431342619471,0.0,1411.2607056339998,0.0,0.0,0.0,0.0057425424456596375,False,True,
s-011,after_one_actual_history_call,8,200,1,1411.2607056339998,0.0,0.0,0.0,1806.6431342619471,0.0,1411.2607056339998,0.0,0.0,0.0,0.005594644695520401,False,True,
s-011,after_one_actual_history_call,8,1000,0,1411.2607056339998,0.0,0.0,0.0,1806.6431342619471,0.0,1411.2607056339998,0.0,0.0,0.0,0.005435865372419357,False,True,
s-011,after_one_actual_history_call,8,1000,1,1411.2607056339998,0.0,0.0,0.0,1806.6431342619471,0.0,1411.2607056339998,0.0,0.0,0.0,0.0054458677768707275,False,True,
s-011,after_one_actual_history_call,8,50,0,1411.2607056339998,0.0,0.0,0.0,1806.6431342619471,0.0,1411.2607056339998,0.0,0.0,0.0,0.005397491157054901,False,True,
s-011,after_one_actual_history_call,8,50,1,1411.2607056339998,0.0,0.0,0.0,1806.6431342619471,0.0,1411.2607056339998,0.0,0.0,0.0,0.005352247506380081,False,True,
s-011,after_one_actual_history_call,8,10,0,1411.2607056339998,0.0,0.0,0.0,1806.6431342619471,0.0,1411.2607056339998,0.0,0.0,0.0,0.005298655480146408,False,True,
s-011,after_one_actual_history_call,8,10,1,1411.2607056339998,0.0,0.0,0.0,1806.6431342619471,0.0,1411.2607056339998,0.0,0.0,0.0,0.005242969840764999,False,True,
s-011,after_one_actual_history_call,9,200,0,-5874.554080632999,7681.197214895,9035.66383739,5723.8415602559335,1806.6431342619471,7833.705409148,1959.1513285150013,0.019854742690015057,152.50819425305417,0.00014357930616794426,0.22004470974206924,False,False,0.22004470974206924
s-011,after_one_actual_history_call,9,200,1,-5874.554080632999,7681.197214895,9035.66383739,5723.8415602559335,1806.6431342619471,7833.705409148,1959.1513285150013,0.019854742690015057,152.50819425305417,0.00014357930616794426,0.21986796706914902,False,False,0.21986796706914902
s-011,after_one_actual_history_call,9,1000,0,-5874.554080632999,7681.197214895,9035.66383739,5723.8415602559335,1806.6431342619471,7833.705409148,1959.1513285150013,0.019854742690015057,152.50819425305417,0.00014357930616794426,1.0213223434984684,False,False,1.0213223434984684
s-011,after_one_actual_history_call,9,1000,1,-5874.554080632999,7681.197214895,9035.66383739,5723.8415602559335,1806.6431342619471,7833.705409148,1959.1513285150013,0.019854742690015057,152.50819425305417,0.00014357930616794426,1.0214788541197777,False,False,1.0214788541197777
s-011,after_one_actual_history_call,9,50,0,-5874.554080632999,7681.197214895,9035.66383739,5723.8415602559335,1806.6431342619471,7833.705409148,1959.1513285150013,0.019854742690015057,152.50819425305417,0.00014357930616794426,0.07001210749149323,False,False,0.07001210749149323
s-011,after_one_actual_history_call,9,50,1,-5874.554080632999,7681.197214895,9035.66383739,5723.8415602559335,1806.6431342619471,7833.705409148,1959.1513285150013,0.019854742690015057,152.50819425305417,0.00014357930616794426,0.07000720873475075,False,False,0.07000720873475075
s-011,after_one_actual_history_call,9,10,0,-5874.554080632999,7681.197214895,9035.66383739,5723.8415602559335,1806.6431342619471,7833.705409148,1959.1513285150013,0.019854742690015057,152.50819425305417,0.00014357930616794426,0.02998386323451996,False,False,0.02998386323451996
s-011,after_one_actual_history_call,9,10,1,-5874.554080632999,7681.197214895,9035.66383739,5723.8415602559335,1806.6431342619471,7833.705409148,1959.1513285150013,0.019854742690015057,152.50819425305417,0.00014357930616794426,0.03075573593378067,False,False,0.03075573593378067
s-011,after_one_actual_history_call,10,200,0,-29746.451258309,31260.211741659,48314.332605642,25096.812422715906,1806.6431342619471,33146.361669605,3399.9104112960013,0.06033708100039572,1593.2672770340541,0.0014999863535008586,0.22180060297250748,False,False,0.22180060297250748
s-011,after_one_actual_history_call,10,200,1,-29746.451258309,31260.211741659,48314.332605642,25096.812422715906,1806.6431342619471,33146.361669605,3399.9104112960013,0.06033708100039572,1593.2672770340541,0.0014999863535008586,0.2218000441789627,False,False,0.2218000441789627
s-011,after_one_actual_history_call,10,1000,0,-29746.451258309,31260.211741659,48314.332605642,25096.812422715906,1806.6431342619471,33146.361669605,3399.9104112960013,0.06033708100039572,1593.2672770340541,0.0014999863535008586,1.0219593457877636,False,False,1.0219593457877636
s-011,after_one_actual_history_call,10,1000,1,-29746.451258309,31260.211741659,48314.332605642,25096.812422715906,1806.6431342619471,33146.361669605,3399.9104112960013,0.06033708100039572,1593.2672770340541,0.0014999863535008586,1.0234616957604885,False,False,1.0234616957604885
s-011,after_one_actual_history_call,10,50,0,-29746.451258309,31260.211741659,48314.332605642,25096.812422715906,1806.6431342619471,33146.361669605,3399.9104112960013,0.06033708100039572,1593.2672770340541,0.0014999863535008586,0.0726100467145443,False,False,0.0726100467145443
s-011,after_one_actual_history_call,10,50,1,-29746.451258309,31260.211741659,48314.332605642,25096.812422715906,1806.6431342619471,33146.361669605,3399.9104112960013,0.06033708100039572,1593.2672770340541,0.0014999863535008586,0.07314658910036087,False,False,0.07314658910036087
s-011,after_one_actual_history_call,10,10,0,-29746.451258309,31260.211741659,48314.332605642,25096.812422715906,1806.6431342619471,33146.361669605,3399.9104112960013,0.06033708100039572,1593.2672770340541,0.0014999863535008586,0.03175858408212662,False,False,0.03175858408212662
s-011,after_one_actual_history_call,10,10,1,-29746.451258309,31260.211741659,48314.332605642,25096.812422715906,1806.6431342619471,33146.361669605,3399.9104112960013,0.06033708100039572,1593.2672770340541,0.0014999863535008586,0.029859982430934906,False,False,0.029859982430934906
