phase,budget_id,policy_label,source,deadline_seconds,is_primary_quality_allowance,physical_source,graph_count,seed_count,grid_complete,declared_cells,received_cells,complete_quality_cells,initial_S_seconds,complete_objective_seconds,complete_gain_seconds,complete_gain_percent,caller_seconds,whole_cli_seconds_including_resident_setup,complete_result_rate,native_output_rate,external_fallback_only_rate,legit_no_native_required_rate,on_time_return_rate,observed_late_rate,submission_failure_rate,unknown_completion_rate,actual_native_calls,verified_native_responses,failed_completed_requests,strict_gain_seconds_secondary,actual_return_objective_seconds_diagnostic,paid_prefix_seconds_diagnostic,beyond_paid_prefix_seconds_diagnostic,method_display,method_display_en,method_role
validation,quality,FullCapacity-mean17/29,6,10.0,False,r006,6,2,True,12,12,12.0,1044995.2103165075,1047489.9126517082,2494.702335200787,0.24056070225048698,4.109913297618429,10.107130319500962,1.0,1.0,0.0,0.0,1.0,0.0,0.0,0.0,7.833333333333333,7.833333333333333,0.0,2494.702335200787,1047489.9126517082,1637.3530501088437,857.3492850919429,JointRecovery（本文方法，JR；完整框架 STK 迁移）；两种子均值,"JointRecovery (JR, ours); 2-seed mean",PROPOSED_FULL_FRAMEWORK
validation,quality,FullCapacity-mean17/29,7,10.0,False,r007,6,2,True,12,12,12.0,1044484.9883839055,1046957.9077656027,2472.919381697216,0.24544033322981976,3.880934680812061,9.871862211575111,1.0,1.0,0.0,0.0,1.0,0.0,0.0,0.0,7.916666666666667,7.916666666666667,0.0,2472.919381697216,1046957.9077656027,1638.7763725825741,834.1430091146418,JointRecovery（本文方法，JR；完整框架 STK 迁移）；两种子均值,"JointRecovery (JR, ours); 2-seed mean",PROPOSED_FULL_FRAMEWORK
validation,quality,FullCapacity-seed17,6,10.0,False,r006,6,1,True,6,6,6.0,1044995.2103165075,1047419.4837149404,2424.273398432861,0.2312510326652891,3.3168937023729086,9.24627927939097,1.0,1.0,0.0,0.0,1.0,0.0,0.0,0.0,7.666666666666667,7.666666666666667,0.0,2424.273398432861,1047419.4837149404,1637.3530501088437,786.9203483240175,JointRecovery（本文方法，JR；完整框架 STK 迁移）；seed17,"JointRecovery (JR, ours); seed17",PROPOSED_FULL_FRAMEWORK
validation,quality,FullCapacity-seed17,7,10.0,False,r007,6,1,True,6,6,6.0,1044484.9883839055,1046957.9077656027,2472.919381697216,0.24544033322981976,3.2870629659543433,9.181217855463425,1.0,1.0,0.0,0.0,1.0,0.0,0.0,0.0,7.833333333333333,7.833333333333333,0.0,2472.919381697216,1046957.9077656027,1638.7763725825741,834.1430091146418,JointRecovery（本文方法，JR；完整框架 STK 迁移）；seed17,"JointRecovery (JR, ours); seed17",PROPOSED_FULL_FRAMEWORK
validation,quality,FullCapacity-seed29,6,10.0,False,r006,6,1,True,6,6,6.0,1044995.2103165075,1047560.3415884762,2565.131271968712,0.24987037183568486,4.902932892863949,10.967981359610954,1.0,1.0,0.0,0.0,1.0,0.0,0.0,0.0,8.0,8.0,0.0,2565.131271968712,1047560.3415884762,1637.3530501088437,927.7782218598683,JointRecovery（本文方法，JR；完整框架 STK 迁移）；seed29,"JointRecovery (JR, ours); seed29",PROPOSED_FULL_FRAMEWORK
validation,quality,FullCapacity-seed29,7,10.0,False,r007,6,1,True,6,6,6.0,1044484.9883839055,1046957.9077656027,2472.919381697216,0.24544033322981976,4.474806395669778,10.562506567686796,1.0,1.0,0.0,0.0,1.0,0.0,0.0,0.0,8.0,8.0,0.0,2472.919381697216,1046957.9077656027,1638.7763725825741,834.1430091146418,JointRecovery（本文方法，JR；完整框架 STK 迁移）；seed29,"JointRecovery (JR, ours); seed29",PROPOSED_FULL_FRAMEWORK
validation,quality,FullCheapSummary-mean17/29,6,10.0,False,r006,6,2,True,12,12,12.0,1044995.2103165075,1047411.4915634595,2416.2812469521305,0.2303484111289457,3.9038113222147026,9.681742204974094,1.0,1.0,0.0,0.0,1.0,0.0,0.0,0.0,7.75,7.75,0.0,2416.2812469521305,1047411.4915634595,1637.3530501088437,778.9281968432866,JR-CheapSummary（简化表示消融）；两种子均值,JR-CheapSummary; 2-seed mean,SIMPLIFIED_REPRESENTATION_ABLATION
validation,quality,FullCheapSummary-mean17/29,7,10.0,False,r007,6,2,True,12,12,12.0,1044484.9883839055,1046755.0092677227,2270.020883817206,0.22534251703651267,4.090576228685677,9.927310708599785,1.0,1.0,0.0,0.0,1.0,0.0,0.0,0.0,7.833333333333333,7.833333333333333,0.0,2270.020883817206,1046755.0092677227,1638.7763725825741,631.2445112346322,JR-CheapSummary（简化表示消融）；两种子均值,JR-CheapSummary; 2-seed mean,SIMPLIFIED_REPRESENTATION_ABLATION
validation,quality,FullCheapSummary-seed17,6,10.0,False,r006,6,1,True,6,6,6.0,1044995.2103165075,1047387.4433748397,2392.233058332213,0.22794351465029747,4.005658792331815,9.815133936082324,1.0,1.0,0.0,0.0,1.0,0.0,0.0,0.0,7.666666666666667,7.666666666666667,0.0,2392.233058332213,1047387.4433748397,1637.3530501088437,754.8800082233696,JR-CheapSummary（简化表示消融）；seed17,JR-CheapSummary; seed17,SIMPLIFIED_REPRESENTATION_ABLATION
validation,quality,FullCheapSummary-seed17,7,10.0,False,r007,6,1,True,6,6,6.0,1044484.9883839055,1046755.0092677227,2270.020883817206,0.22534251703651267,4.4626176704963045,10.302459624285499,1.0,1.0,0.0,0.0,1.0,0.0,0.0,0.0,7.833333333333333,7.833333333333333,0.0,2270.020883817206,1046755.0092677227,1638.7763725825741,631.2445112346322,JR-CheapSummary（简化表示消融）；seed17,JR-CheapSummary; seed17,SIMPLIFIED_REPRESENTATION_ABLATION
validation,quality,FullCheapSummary-seed29,6,10.0,False,r006,6,1,True,6,6,6.0,1044995.2103165075,1047435.5397520795,2440.3294355720477,0.23275330760759394,3.801963852097591,9.548350473865867,1.0,1.0,0.0,0.0,1.0,0.0,0.0,0.0,7.833333333333333,7.833333333333333,0.0,2440.3294355720477,1047435.5397520795,1637.3530501088437,802.9763854632038,JR-CheapSummary（简化表示消融）；seed29,JR-CheapSummary; seed29,SIMPLIFIED_REPRESENTATION_ABLATION
validation,quality,FullCheapSummary-seed29,7,10.0,False,r007,6,1,True,6,6,6.0,1044484.9883839055,1046755.0092677227,2270.020883817206,0.22534251703651267,3.718534786875049,9.552161792914072,1.0,1.0,0.0,0.0,1.0,0.0,0.0,0.0,7.833333333333333,7.833333333333333,0.0,2270.020883817206,1046755.0092677227,1638.7763725825741,631.2445112346322,JR-CheapSummary（简化表示消融）；seed29,JR-CheapSummary; seed29,SIMPLIFIED_REPRESENTATION_ABLATION
validation,quality,FullP1,6,10.0,False,r006,6,1,True,6,6,6.0,1044995.2103165075,1046636.0312394401,1640.82092293251,0.1558066897772675,2.1019610098252692,7.86578419059515,1.0,0.6666666666666666,0.0,0.3333333333333333,1.0,0.0,0.0,0.0,4.333333333333333,4.333333333333333,0.0,1640.82092293251,1046636.0312394401,1637.3530501088437,3.4678728236661605,Independent-replacement+CHILS（独立替代估计对照）,Independent-replacement+CHILS,INTERNAL_INDEPENDENT_REPLACEMENT_CONTROL
validation,quality,FullP1,7,10.0,False,r007,6,1,True,6,6,6.0,1044484.9883839055,1046178.1082645137,1693.1198806082054,0.16740041143034423,1.7634850442409515,7.3006915009270115,1.0,0.8333333333333334,0.0,0.16666666666666666,1.0,0.0,0.0,0.0,6.5,6.5,0.0,1693.1198806082054,1046178.1082645137,1638.7763725825741,54.34350802563131,Independent-replacement+CHILS（独立替代估计对照）,Independent-replacement+CHILS,INTERNAL_INDEPENDENT_REPLACEMENT_CONTROL
validation,quality,FullGreedy,6,10.0,False,r006,6,1,True,6,6,6.0,1044995.2103165075,1047419.4837149404,2424.273398432861,0.2312510326652891,1.657235873863101,7.420985591908296,1.0,1.0,0.0,0.0,1.0,0.0,0.0,0.0,7.666666666666667,7.666666666666667,0.0,2424.273398432861,1047419.4837149404,1637.3530501088437,786.9203483240175,Greedy-rank+CHILS（贪心请求排序内部对照）,Greedy-rank+CHILS,INTERNAL_GREEDY_REQUEST_RANKING
validation,quality,FullGreedy,7,10.0,False,r007,6,1,True,6,6,6.0,1044484.9883839055,1046957.9077656027,2472.919381697216,0.24544033322981976,1.8241721894592047,7.8102392219007015,1.0,1.0,0.0,0.0,1.0,0.0,0.0,0.0,7.833333333333333,7.833333333333333,0.0,2472.919381697216,1046957.9077656027,1638.7763725825741,834.1430091146418,Greedy-rank+CHILS（贪心请求排序内部对照）,Greedy-rank+CHILS,INTERNAL_GREEDY_REQUEST_RANKING
validation,quality,CHILS-p1,6,10.0,False,r006,6,1,True,6,6,6.0,1044995.2103165075,1130414.0760607051,85418.86574419752,8.372004514436469,7.262430276721716,9.193043574069938,1.0,1.0,0.0,0.0,1.0,0.0,0.0,0.0,1.0,0.0,0.0,85418.86574419752,1130414.0760607051,0.0,85418.86574419752,CHILS-p1（SEA 2025 公开 MWIS 算法）,CHILS-p1 (SEA 2025),PUBLISHED_MWIS_BASELINE
validation,quality,CHILS-p1,7,10.0,False,r007,6,1,True,6,6,6.0,1044484.9883839055,1130705.7697993878,86220.78141548224,8.459522184884689,7.258252116541068,9.119290897622705,1.0,1.0,0.0,0.0,1.0,0.0,0.0,0.0,1.0,0.0,0.0,86220.78141548224,1130705.7697993878,0.0,86220.78141548224,CHILS-p1（SEA 2025 公开 MWIS 算法）,CHILS-p1 (SEA 2025),PUBLISHED_MWIS_BASELINE
validation,quality,HiGHS-MILP,6,10.0,False,r006,6,1,True,6,6,3.0,1044995.2103165075,null,null,null,9.103016826013723,11.286215668544173,0.5,0.5,0.5,0.0,0.5,0.5,0.0,0.0,null,0.0,0.0,0.0,1044995.2103165075,0.0,0.0,HiGHS-MILP（通用 MILP 软件参照）,HiGHS (generic MILP),GENERIC_MILP_SOFTWARE_REFERENCE
validation,quality,HiGHS-MILP,7,10.0,False,r007,6,1,True,6,6,4.0,1044484.9883839055,null,null,null,8.857646509384116,11.231545320401588,0.6666666666666666,0.6666666666666666,0.3333333333333333,0.0,0.6666666666666666,0.3333333333333333,0.0,0.0,null,0.0,0.0,0.0,1044484.9883839055,0.0,0.0,HiGHS-MILP（通用 MILP 软件参照）,HiGHS (generic MILP),GENERIC_MILP_SOFTWARE_REFERENCE
validation,quality,FullCapacity-mean17/29,6,30.0,False,r006,6,2,True,12,12,12.0,1044995.2103165075,1047489.9126517082,2494.702335200787,0.24056070225048698,4.7958933074648185,10.633178843806187,1.0,1.0,0.0,0.0,1.0,0.0,0.0,0.0,7.833333333333333,7.833333333333333,0.0,2494.702335200787,1047489.9126517082,1637.3530501088437,857.3492850919429,JointRecovery（本文方法，JR；完整框架 STK 迁移）；两种子均值,"JointRecovery (JR, ours); 2-seed mean",PROPOSED_FULL_FRAMEWORK
validation,quality,FullCapacity-mean17/29,7,30.0,False,r007,6,2,True,12,12,12.0,1044484.9883839055,1046957.9077656027,2472.919381697216,0.24544033322981976,4.642733074414234,10.613368080928922,1.0,1.0,0.0,0.0,1.0,0.0,0.0,0.0,7.916666666666667,7.916666666666667,0.0,2472.919381697216,1046957.9077656027,1638.7763725825741,834.1430091146418,JointRecovery（本文方法，JR；完整框架 STK 迁移）；两种子均值,"JointRecovery (JR, ours); 2-seed mean",PROPOSED_FULL_FRAMEWORK
validation,quality,FullCapacity-seed17,6,30.0,False,r006,6,1,True,6,6,6.0,1044995.2103165075,1047419.4837149404,2424.273398432861,0.2312510326652891,4.034484570845962,9.790069074680408,1.0,1.0,0.0,0.0,1.0,0.0,0.0,0.0,7.666666666666667,7.666666666666667,0.0,2424.273398432861,1047419.4837149404,1637.3530501088437,786.9203483240175,JointRecovery（本文方法，JR；完整框架 STK 迁移）；seed17,"JointRecovery (JR, ours); seed17",PROPOSED_FULL_FRAMEWORK
validation,quality,FullCapacity-seed17,7,30.0,False,r007,6,1,True,6,6,6.0,1044484.9883839055,1046957.9077656027,2472.919381697216,0.24544033322981976,3.9193691685795784,10.009173269073168,1.0,1.0,0.0,0.0,1.0,0.0,0.0,0.0,7.833333333333333,7.833333333333333,0.0,2472.919381697216,1046957.9077656027,1638.7763725825741,834.1430091146418,JointRecovery（本文方法，JR；完整框架 STK 迁移）；seed17,"JointRecovery (JR, ours); seed17",PROPOSED_FULL_FRAMEWORK
validation,quality,FullCapacity-seed29,6,30.0,False,r006,6,1,True,6,6,6.0,1044995.2103165075,1047560.3415884762,2565.131271968712,0.24987037183568486,5.5573020440836745,11.476288612931967,1.0,1.0,0.0,0.0,1.0,0.0,0.0,0.0,8.0,8.0,0.0,2565.131271968712,1047560.3415884762,1637.3530501088437,927.7782218598683,JointRecovery（本文方法，JR；完整框架 STK 迁移）；seed29,"JointRecovery (JR, ours); seed29",PROPOSED_FULL_FRAMEWORK
validation,quality,FullCapacity-seed29,7,30.0,False,r007,6,1,True,6,6,6.0,1044484.9883839055,1046957.9077656027,2472.919381697216,0.24544033322981976,5.366096980248888,11.217562892784676,1.0,1.0,0.0,0.0,1.0,0.0,0.0,0.0,8.0,8.0,0.0,2472.919381697216,1046957.9077656027,1638.7763725825741,834.1430091146418,JointRecovery（本文方法，JR；完整框架 STK 迁移）；seed29,"JointRecovery (JR, ours); seed29",PROPOSED_FULL_FRAMEWORK
validation,quality,FullCheapSummary-mean17/29,6,30.0,False,r006,6,2,True,12,12,12.0,1044995.2103165075,1047411.4915634595,2416.2812469521305,0.2303484111289457,3.8461822842558226,9.605836085354289,1.0,1.0,0.0,0.0,1.0,0.0,0.0,0.0,7.75,7.75,0.0,2416.2812469521305,1047411.4915634595,1637.3530501088437,778.9281968432866,JR-CheapSummary（简化表示消融）；两种子均值,JR-CheapSummary; 2-seed mean,SIMPLIFIED_REPRESENTATION_ABLATION
validation,quality,FullCheapSummary-mean17/29,7,30.0,False,r007,6,2,True,12,12,12.0,1044484.9883839055,1046755.0092677227,2270.020883817206,0.22534251703651267,4.27556855045259,10.41392806979517,1.0,1.0,0.0,0.0,1.0,0.0,0.0,0.0,7.833333333333333,7.833333333333333,0.0,2270.020883817206,1046755.0092677227,1638.7763725825741,631.2445112346322,JR-CheapSummary（简化表示消融）；两种子均值,JR-CheapSummary; 2-seed mean,SIMPLIFIED_REPRESENTATION_ABLATION
validation,quality,FullCheapSummary-seed17,6,30.0,False,r006,6,1,True,6,6,6.0,1044995.2103165075,1047387.4433748397,2392.233058332213,0.22794351465029747,3.944390133023262,9.698714077472687,1.0,1.0,0.0,0.0,1.0,0.0,0.0,0.0,7.666666666666667,7.666666666666667,0.0,2392.233058332213,1047387.4433748397,1637.3530501088437,754.8800082233696,JR-CheapSummary（简化表示消融）；seed17,JR-CheapSummary; seed17,SIMPLIFIED_REPRESENTATION_ABLATION
validation,quality,FullCheapSummary-seed17,7,30.0,False,r007,6,1,True,6,6,6.0,1044484.9883839055,1046755.0092677227,2270.020883817206,0.22534251703651267,4.638903170203169,10.869818257167935,1.0,1.0,0.0,0.0,1.0,0.0,0.0,0.0,7.833333333333333,7.833333333333333,0.0,2270.020883817206,1046755.0092677227,1638.7763725825741,631.2445112346322,JR-CheapSummary（简化表示消融）；seed17,JR-CheapSummary; seed17,SIMPLIFIED_REPRESENTATION_ABLATION
validation,quality,FullCheapSummary-seed29,6,30.0,False,r006,6,1,True,6,6,6.0,1044995.2103165075,1047435.5397520795,2440.3294355720477,0.23275330760759394,3.747974435488383,9.51295809323589,1.0,1.0,0.0,0.0,1.0,0.0,0.0,0.0,7.833333333333333,7.833333333333333,0.0,2440.3294355720477,1047435.5397520795,1637.3530501088437,802.9763854632038,JR-CheapSummary（简化表示消融）；seed29,JR-CheapSummary; seed29,SIMPLIFIED_REPRESENTATION_ABLATION
validation,quality,FullCheapSummary-seed29,7,30.0,False,r007,6,1,True,6,6,6.0,1044484.9883839055,1046755.0092677227,2270.020883817206,0.22534251703651267,3.9122339307020106,9.958037882422408,1.0,1.0,0.0,0.0,1.0,0.0,0.0,0.0,7.833333333333333,7.833333333333333,0.0,2270.020883817206,1046755.0092677227,1638.7763725825741,631.2445112346322,JR-CheapSummary（简化表示消融）；seed29,JR-CheapSummary; seed29,SIMPLIFIED_REPRESENTATION_ABLATION
validation,quality,FullP1,6,30.0,False,r006,6,1,True,6,6,6.0,1044995.2103165075,1046636.0312394401,1640.82092293251,0.1558066897772675,2.076745397721728,8.379441233351827,1.0,0.6666666666666666,0.0,0.3333333333333333,1.0,0.0,0.0,0.0,4.333333333333333,4.333333333333333,0.0,1640.82092293251,1046636.0312394401,1637.3530501088437,3.4678728236661605,Independent-replacement+CHILS（独立替代估计对照）,Independent-replacement+CHILS,INTERNAL_INDEPENDENT_REPLACEMENT_CONTROL
validation,quality,FullP1,7,30.0,False,r007,6,1,True,6,6,6.0,1044484.9883839055,1046178.1082645137,1693.1198806082054,0.16740041143034423,1.8081745163848002,7.706893257175882,1.0,0.8333333333333334,0.0,0.16666666666666666,1.0,0.0,0.0,0.0,6.5,6.5,0.0,1693.1198806082054,1046178.1082645137,1638.7763725825741,54.34350802563131,Independent-replacement+CHILS（独立替代估计对照）,Independent-replacement+CHILS,INTERNAL_INDEPENDENT_REPLACEMENT_CONTROL
validation,quality,FullGreedy,6,30.0,False,r006,6,1,True,6,6,6.0,1044995.2103165075,1047419.4837149404,2424.273398432861,0.2312510326652891,1.6552849219491084,7.0230533760041,1.0,1.0,0.0,0.0,1.0,0.0,0.0,0.0,7.666666666666667,7.666666666666667,0.0,2424.273398432861,1047419.4837149404,1637.3530501088437,786.9203483240175,Greedy-rank+CHILS（贪心请求排序内部对照）,Greedy-rank+CHILS,INTERNAL_GREEDY_REQUEST_RANKING
validation,quality,FullGreedy,7,30.0,False,r007,6,1,True,6,6,6.0,1044484.9883839055,1046957.9077656027,2472.919381697216,0.24544033322981976,1.7095552844305832,7.448923414573073,1.0,1.0,0.0,0.0,1.0,0.0,0.0,0.0,7.833333333333333,7.833333333333333,0.0,2472.919381697216,1046957.9077656027,1638.7763725825741,834.1430091146418,Greedy-rank+CHILS（贪心请求排序内部对照）,Greedy-rank+CHILS,INTERNAL_GREEDY_REQUEST_RANKING
validation,quality,CHILS-p1,6,30.0,False,r006,6,1,True,6,6,6.0,1044995.2103165075,1131961.854596602,86966.64428009467,8.525552681343738,21.260582078248262,23.126516554504633,1.0,1.0,0.0,0.0,1.0,0.0,0.0,0.0,1.0,0.0,0.0,86966.64428009467,1131961.854596602,0.0,86966.64428009467,CHILS-p1（SEA 2025 公开 MWIS 算法）,CHILS-p1 (SEA 2025),PUBLISHED_MWIS_BASELINE
validation,quality,CHILS-p1,7,30.0,False,r007,6,1,True,6,6,6.0,1044484.9883839055,1131905.2854380666,87420.29705416124,8.575934109236606,21.253397908061743,22.98402461906274,1.0,1.0,0.0,0.0,1.0,0.0,0.0,0.0,1.0,0.0,0.0,87420.29705416124,1131905.2854380666,0.0,87420.29705416124,CHILS-p1（SEA 2025 公开 MWIS 算法）,CHILS-p1 (SEA 2025),PUBLISHED_MWIS_BASELINE
validation,quality,HiGHS-MILP,6,30.0,False,r006,6,1,True,6,6,4.0,1044995.2103165075,null,null,null,25.9589077445368,28.144407611961167,0.6666666666666666,0.6666666666666666,0.3333333333333333,0.0,0.6666666666666666,0.3333333333333333,0.0,0.0,null,0.0,0.0,0.0,1044995.2103165075,0.0,0.0,HiGHS-MILP（通用 MILP 软件参照）,HiGHS (generic MILP),GENERIC_MILP_SOFTWARE_REFERENCE
validation,quality,HiGHS-MILP,7,30.0,False,r007,6,1,True,6,6,4.0,1044484.9883839055,null,null,null,24.683393887554605,26.840981209029753,0.6666666666666666,0.6666666666666666,0.3333333333333333,0.0,0.6666666666666666,0.3333333333333333,0.0,0.0,null,0.0,0.0,0.0,1044484.9883839055,0.0,0.0,HiGHS-MILP（通用 MILP 软件参照）,HiGHS (generic MILP),GENERIC_MILP_SOFTWARE_REFERENCE
validation,quality,FullCapacity-mean17/29,6,60.0,False,r006,6,2,True,12,12,12.0,1044995.2103165075,1047489.9126517082,2494.702335200787,0.24056070225048698,3.8486841283738613,9.628102522343397,1.0,1.0,0.0,0.0,1.0,0.0,0.0,0.0,7.833333333333333,7.833333333333333,0.0,2494.702335200787,1047489.9126517082,1637.3530501088437,857.3492850919429,JointRecovery（本文方法，JR；完整框架 STK 迁移）；两种子均值,"JointRecovery (JR, ours); 2-seed mean",PROPOSED_FULL_FRAMEWORK
validation,quality,FullCapacity-mean17/29,7,60.0,False,r007,6,2,True,12,12,12.0,1044484.9883839055,1046957.9077656027,2472.919381697216,0.24544033322981976,3.9133974009503922,9.551481449666122,1.0,1.0,0.0,0.0,1.0,0.0,0.0,0.0,7.916666666666667,7.916666666666667,0.0,2472.919381697216,1046957.9077656027,1638.7763725825741,834.1430091146418,JointRecovery（本文方法，JR；完整框架 STK 迁移）；两种子均值,"JointRecovery (JR, ours); 2-seed mean",PROPOSED_FULL_FRAMEWORK
validation,quality,FullCapacity-seed17,6,60.0,False,r006,6,1,True,6,6,6.0,1044995.2103165075,1047419.4837149404,2424.273398432861,0.2312510326652891,3.028052200252811,8.660131679847836,1.0,1.0,0.0,0.0,1.0,0.0,0.0,0.0,7.666666666666667,7.666666666666667,0.0,2424.273398432861,1047419.4837149404,1637.3530501088437,786.9203483240175,JointRecovery（本文方法，JR；完整框架 STK 迁移）；seed17,"JointRecovery (JR, ours); seed17",PROPOSED_FULL_FRAMEWORK
validation,quality,FullCapacity-seed17,7,60.0,False,r007,6,1,True,6,6,6.0,1044484.9883839055,1046957.9077656027,2472.919381697216,0.24544033322981976,3.2123453256984553,8.972194453080496,1.0,1.0,0.0,0.0,1.0,0.0,0.0,0.0,7.833333333333333,7.833333333333333,0.0,2472.919381697216,1046957.9077656027,1638.7763725825741,834.1430091146418,JointRecovery（本文方法，JR；完整框架 STK 迁移）；seed17,"JointRecovery (JR, ours); seed17",PROPOSED_FULL_FRAMEWORK
validation,quality,FullCapacity-seed29,6,60.0,False,r006,6,1,True,6,6,6.0,1044995.2103165075,1047560.3415884762,2565.131271968712,0.24987037183568486,4.669316056494911,10.596073364838958,1.0,1.0,0.0,0.0,1.0,0.0,0.0,0.0,8.0,8.0,0.0,2565.131271968712,1047560.3415884762,1637.3530501088437,927.7782218598683,JointRecovery（本文方法，JR；完整框架 STK 迁移）；seed29,"JointRecovery (JR, ours); seed29",PROPOSED_FULL_FRAMEWORK
validation,quality,FullCapacity-seed29,7,60.0,False,r007,6,1,True,6,6,6.0,1044484.9883839055,1046957.9077656027,2472.919381697216,0.24544033322981976,4.614449476202329,10.13076844625175,1.0,1.0,0.0,0.0,1.0,0.0,0.0,0.0,8.0,8.0,0.0,2472.919381697216,1046957.9077656027,1638.7763725825741,834.1430091146418,JointRecovery（本文方法，JR；完整框架 STK 迁移）；seed29,"JointRecovery (JR, ours); seed29",PROPOSED_FULL_FRAMEWORK
validation,quality,FullCheapSummary-mean17/29,6,60.0,False,r006,6,2,True,12,12,12.0,1044995.2103165075,1047411.4915634595,2416.2812469521305,0.2303484111289457,3.8677642832820616,9.569139606008926,1.0,1.0,0.0,0.0,1.0,0.0,0.0,0.0,7.75,7.75,0.0,2416.2812469521305,1047411.4915634595,1637.3530501088437,778.9281968432866,JR-CheapSummary（简化表示消融）；两种子均值,JR-CheapSummary; 2-seed mean,SIMPLIFIED_REPRESENTATION_ABLATION
validation,quality,FullCheapSummary-mean17/29,7,60.0,False,r007,6,2,True,12,12,12.0,1044484.9883839055,1046755.0092677227,2270.020883817206,0.22534251703651267,4.061638322348396,9.825153470039368,1.0,1.0,0.0,0.0,1.0,0.0,0.0,0.0,7.833333333333333,7.833333333333333,0.0,2270.020883817206,1046755.0092677227,1638.7763725825741,631.2445112346322,JR-CheapSummary（简化表示消融）；两种子均值,JR-CheapSummary; 2-seed mean,SIMPLIFIED_REPRESENTATION_ABLATION
validation,quality,FullCheapSummary-seed17,6,60.0,False,r006,6,1,True,6,6,6.0,1044995.2103165075,1047387.4433748397,2392.233058332213,0.22794351465029747,3.8974762745201588,9.541316634044051,1.0,1.0,0.0,0.0,1.0,0.0,0.0,0.0,7.666666666666667,7.666666666666667,0.0,2392.233058332213,1047387.4433748397,1637.3530501088437,754.8800082233696,JR-CheapSummary（简化表示消融）；seed17,JR-CheapSummary; seed17,SIMPLIFIED_REPRESENTATION_ABLATION
validation,quality,FullCheapSummary-seed17,7,60.0,False,r007,6,1,True,6,6,6.0,1044484.9883839055,1046755.0092677227,2270.020883817206,0.22534251703651267,4.169253409529726,9.842602811132869,1.0,1.0,0.0,0.0,1.0,0.0,0.0,0.0,7.833333333333333,7.833333333333333,0.0,2270.020883817206,1046755.0092677227,1638.7763725825741,631.2445112346322,JR-CheapSummary（简化表示消融）；seed17,JR-CheapSummary; seed17,SIMPLIFIED_REPRESENTATION_ABLATION
validation,quality,FullCheapSummary-seed29,6,60.0,False,r006,6,1,True,6,6,6.0,1044995.2103165075,1047435.5397520795,2440.3294355720477,0.23275330760759394,3.838052292043964,9.596962577973803,1.0,1.0,0.0,0.0,1.0,0.0,0.0,0.0,7.833333333333333,7.833333333333333,0.0,2440.3294355720477,1047435.5397520795,1637.3530501088437,802.9763854632038,JR-CheapSummary（简化表示消融）；seed29,JR-CheapSummary; seed29,SIMPLIFIED_REPRESENTATION_ABLATION
validation,quality,FullCheapSummary-seed29,7,60.0,False,r007,6,1,True,6,6,6.0,1044484.9883839055,1046755.0092677227,2270.020883817206,0.22534251703651267,3.954023235167066,9.807704128945867,1.0,1.0,0.0,0.0,1.0,0.0,0.0,0.0,7.833333333333333,7.833333333333333,0.0,2270.020883817206,1046755.0092677227,1638.7763725825741,631.2445112346322,JR-CheapSummary（简化表示消融）；seed29,JR-CheapSummary; seed29,SIMPLIFIED_REPRESENTATION_ABLATION
validation,quality,FullP1,6,60.0,False,r006,6,1,True,6,6,6.0,1044995.2103165075,1046636.0312394401,1640.82092293251,0.1558066897772675,2.1757406163960695,7.802338965858023,1.0,0.6666666666666666,0.0,0.3333333333333333,1.0,0.0,0.0,0.0,4.333333333333333,4.333333333333333,0.0,1640.82092293251,1046636.0312394401,1637.3530501088437,3.4678728236661605,Independent-replacement+CHILS（独立替代估计对照）,Independent-replacement+CHILS,INTERNAL_INDEPENDENT_REPLACEMENT_CONTROL
validation,quality,FullP1,7,60.0,False,r007,6,1,True,6,6,6.0,1044484.9883839055,1046178.1082645137,1693.1198806082054,0.16740041143034423,1.8050474002957344,7.671081988761823,1.0,0.8333333333333334,0.0,0.16666666666666666,1.0,0.0,0.0,0.0,6.5,6.5,0.0,1693.1198806082054,1046178.1082645137,1638.7763725825741,54.34350802563131,Independent-replacement+CHILS（独立替代估计对照）,Independent-replacement+CHILS,INTERNAL_INDEPENDENT_REPLACEMENT_CONTROL
validation,quality,FullGreedy,6,60.0,False,r006,6,1,True,6,6,6.0,1044995.2103165075,1047419.4837149404,2424.273398432861,0.2312510326652891,1.718318860977888,7.617582014451425,1.0,1.0,0.0,0.0,1.0,0.0,0.0,0.0,7.666666666666667,7.666666666666667,0.0,2424.273398432861,1047419.4837149404,1637.3530501088437,786.9203483240175,Greedy-rank+CHILS（贪心请求排序内部对照）,Greedy-rank+CHILS,INTERNAL_GREEDY_REQUEST_RANKING
validation,quality,FullGreedy,7,60.0,False,r007,6,1,True,6,6,6.0,1044484.9883839055,1046957.9077656027,2472.919381697216,0.24544033322981976,1.8947438076138496,7.870751824850838,1.0,1.0,0.0,0.0,1.0,0.0,0.0,0.0,7.833333333333333,7.833333333333333,0.0,2472.919381697216,1046957.9077656027,1638.7763725825741,834.1430091146418,Greedy-rank+CHILS（贪心请求排序内部对照）,Greedy-rank+CHILS,INTERNAL_GREEDY_REQUEST_RANKING
validation,quality,CHILS-p1,6,60.0,False,r006,6,1,True,6,6,6.0,1044995.2103165075,1132430.080274858,87434.86995835057,8.568570417876744,42.25610326230526,44.263906294479966,1.0,1.0,0.0,0.0,1.0,0.0,0.0,0.0,1.0,0.0,0.0,87434.86995835057,1132430.080274858,0.0,87434.86995835057,CHILS-p1（SEA 2025 公开 MWIS 算法）,CHILS-p1 (SEA 2025),PUBLISHED_MWIS_BASELINE
validation,quality,CHILS-p1,7,60.0,False,r007,6,1,True,6,6,6.0,1044484.9883839055,1132686.1682675604,88201.17988365503,8.654396636987965,42.26757321755091,44.15980018737415,1.0,1.0,0.0,0.0,1.0,0.0,0.0,0.0,1.0,0.0,0.0,88201.17988365503,1132686.1682675604,0.0,88201.17988365503,CHILS-p1（SEA 2025 公开 MWIS 算法）,CHILS-p1 (SEA 2025),PUBLISHED_MWIS_BASELINE
validation,quality,HiGHS-MILP,6,60.0,False,r006,6,1,True,6,6,2.0,1044995.2103165075,null,null,null,55.96465729549527,58.151867508888245,0.3333333333333333,0.3333333333333333,0.6666666666666666,0.0,0.3333333333333333,0.6666666666666666,0.0,0.0,null,0.0,0.0,0.0,1044995.2103165075,0.0,0.0,HiGHS-MILP（通用 MILP 软件参照）,HiGHS (generic MILP),GENERIC_MILP_SOFTWARE_REFERENCE
validation,quality,HiGHS-MILP,7,60.0,False,r007,6,1,True,6,6,3.0,1044484.9883839055,null,null,null,51.86895128774146,54.09384796457986,0.5,0.5,0.5,0.0,0.5,0.5,0.0,0.0,null,0.0,0.0,0.0,1044484.9883839055,0.0,0.0,HiGHS-MILP（通用 MILP 软件参照）,HiGHS (generic MILP),GENERIC_MILP_SOFTWARE_REFERENCE
validation,quality,FullCapacity-mean17/29,6,120.0,False,r006,6,2,True,12,12,12.0,1044995.2103165075,1047489.9126517082,2494.702335200787,0.24056070225048698,4.047203551356991,9.993837993281582,1.0,1.0,0.0,0.0,1.0,0.0,0.0,0.0,7.833333333333333,7.833333333333333,0.0,2494.702335200787,1047489.9126517082,1637.3530501088437,857.3492850919429,JointRecovery（本文方法，JR；完整框架 STK 迁移）；两种子均值,"JointRecovery (JR, ours); 2-seed mean",PROPOSED_FULL_FRAMEWORK
validation,quality,FullCapacity-mean17/29,7,120.0,False,r007,6,2,True,12,12,12.0,1044484.9883839055,1046957.9077656027,2472.919381697216,0.24544033322981976,4.083124242412548,9.9675961813579,1.0,1.0,0.0,0.0,1.0,0.0,0.0,0.0,7.916666666666667,7.916666666666667,0.0,2472.919381697216,1046957.9077656027,1638.7763725825741,834.1430091146418,JointRecovery（本文方法，JR；完整框架 STK 迁移）；两种子均值,"JointRecovery (JR, ours); 2-seed mean",PROPOSED_FULL_FRAMEWORK
validation,quality,FullCapacity-seed17,6,120.0,False,r006,6,1,True,6,6,6.0,1044995.2103165075,1047419.4837149404,2424.273398432861,0.2312510326652891,3.222261494025588,9.273349471390247,1.0,1.0,0.0,0.0,1.0,0.0,0.0,0.0,7.666666666666667,7.666666666666667,0.0,2424.273398432861,1047419.4837149404,1637.3530501088437,786.9203483240175,JointRecovery（本文方法，JR；完整框架 STK 迁移）；seed17,"JointRecovery (JR, ours); seed17",PROPOSED_FULL_FRAMEWORK
validation,quality,FullCapacity-seed17,7,120.0,False,r007,6,1,True,6,6,6.0,1044484.9883839055,1046957.9077656027,2472.919381697216,0.24544033322981976,3.416365755101045,9.101234692459306,1.0,1.0,0.0,0.0,1.0,0.0,0.0,0.0,7.833333333333333,7.833333333333333,0.0,2472.919381697216,1046957.9077656027,1638.7763725825741,834.1430091146418,JointRecovery（本文方法，JR；完整框架 STK 迁移）；seed17,"JointRecovery (JR, ours); seed17",PROPOSED_FULL_FRAMEWORK
validation,quality,FullCapacity-seed29,6,120.0,False,r006,6,1,True,6,6,6.0,1044995.2103165075,1047560.3415884762,2565.131271968712,0.24987037183568486,4.8721456086883945,10.71432651517292,1.0,1.0,0.0,0.0,1.0,0.0,0.0,0.0,8.0,8.0,0.0,2565.131271968712,1047560.3415884762,1637.3530501088437,927.7782218598683,JointRecovery（本文方法，JR；完整框架 STK 迁移）；seed29,"JointRecovery (JR, ours); seed29",PROPOSED_FULL_FRAMEWORK
validation,quality,FullCapacity-seed29,7,120.0,False,r007,6,1,True,6,6,6.0,1044484.9883839055,1046957.9077656027,2472.919381697216,0.24544033322981976,4.74988272972405,10.833957670256495,1.0,1.0,0.0,0.0,1.0,0.0,0.0,0.0,8.0,8.0,0.0,2472.919381697216,1046957.9077656027,1638.7763725825741,834.1430091146418,JointRecovery（本文方法，JR；完整框架 STK 迁移）；seed29,"JointRecovery (JR, ours); seed29",PROPOSED_FULL_FRAMEWORK
validation,quality,FullCheapSummary-mean17/29,6,120.0,False,r006,6,2,True,12,12,12.0,1044995.2103165075,1047411.4915634595,2416.2812469521305,0.2303484111289457,3.656530522120496,9.550089624710381,1.0,1.0,0.0,0.0,1.0,0.0,0.0,0.0,7.75,7.75,0.0,2416.2812469521305,1047411.4915634595,1637.3530501088437,778.9281968432866,JR-CheapSummary（简化表示消融）；两种子均值,JR-CheapSummary; 2-seed mean,SIMPLIFIED_REPRESENTATION_ABLATION
validation,quality,FullCheapSummary-mean17/29,7,120.0,False,r007,6,2,True,12,12,12.0,1044484.9883839055,1046755.0092677227,2270.020883817206,0.22534251703651267,3.9699145704507828,9.85482930423071,1.0,1.0,0.0,0.0,1.0,0.0,0.0,0.0,7.833333333333333,7.833333333333333,0.0,2270.020883817206,1046755.0092677227,1638.7763725825741,631.2445112346322,JR-CheapSummary（简化表示消融）；两种子均值,JR-CheapSummary; 2-seed mean,SIMPLIFIED_REPRESENTATION_ABLATION
validation,quality,FullCheapSummary-seed17,6,120.0,False,r006,6,1,True,6,6,6.0,1044995.2103165075,1047387.4433748397,2392.233058332213,0.22794351465029747,3.6418763641268015,9.410385551551977,1.0,1.0,0.0,0.0,1.0,0.0,0.0,0.0,7.666666666666667,7.666666666666667,0.0,2392.233058332213,1047387.4433748397,1637.3530501088437,754.8800082233696,JR-CheapSummary（简化表示消融）；seed17,JR-CheapSummary; seed17,SIMPLIFIED_REPRESENTATION_ABLATION
validation,quality,FullCheapSummary-seed17,7,120.0,False,r007,6,1,True,6,6,6.0,1044484.9883839055,1046755.0092677227,2270.020883817206,0.22534251703651267,4.020061344529192,9.979865642264485,1.0,1.0,0.0,0.0,1.0,0.0,0.0,0.0,7.833333333333333,7.833333333333333,0.0,2270.020883817206,1046755.0092677227,1638.7763725825741,631.2445112346322,JR-CheapSummary（简化表示消融）；seed17,JR-CheapSummary; seed17,SIMPLIFIED_REPRESENTATION_ABLATION
validation,quality,FullCheapSummary-seed29,6,120.0,False,r006,6,1,True,6,6,6.0,1044995.2103165075,1047435.5397520795,2440.3294355720477,0.23275330760759394,3.6711846801141896,9.689793697868785,1.0,1.0,0.0,0.0,1.0,0.0,0.0,0.0,7.833333333333333,7.833333333333333,0.0,2440.3294355720477,1047435.5397520795,1637.3530501088437,802.9763854632038,JR-CheapSummary（简化表示消融）；seed29,JR-CheapSummary; seed29,SIMPLIFIED_REPRESENTATION_ABLATION
validation,quality,FullCheapSummary-seed29,7,120.0,False,r007,6,1,True,6,6,6.0,1044484.9883839055,1046755.0092677227,2270.020883817206,0.22534251703651267,3.919767796372374,9.729792966196934,1.0,1.0,0.0,0.0,1.0,0.0,0.0,0.0,7.833333333333333,7.833333333333333,0.0,2270.020883817206,1046755.0092677227,1638.7763725825741,631.2445112346322,JR-CheapSummary（简化表示消融）；seed29,JR-CheapSummary; seed29,SIMPLIFIED_REPRESENTATION_ABLATION
validation,quality,FullP1,6,120.0,False,r006,6,1,True,6,6,6.0,1044995.2103165075,1046636.0312394401,1640.82092293251,0.1558066897772675,2.2028276255975165,8.16821743796269,1.0,0.6666666666666666,0.0,0.3333333333333333,1.0,0.0,0.0,0.0,4.333333333333333,4.333333333333333,0.0,1640.82092293251,1046636.0312394401,1637.3530501088437,3.4678728236661605,Independent-replacement+CHILS（独立替代估计对照）,Independent-replacement+CHILS,INTERNAL_INDEPENDENT_REPLACEMENT_CONTROL
validation,quality,FullP1,7,120.0,False,r007,6,1,True,6,6,6.0,1044484.9883839055,1046178.1082645137,1693.1198806082054,0.16740041143034423,1.7907595187425613,7.518751367305716,1.0,0.8333333333333334,0.0,0.16666666666666666,1.0,0.0,0.0,0.0,6.5,6.5,0.0,1693.1198806082054,1046178.1082645137,1638.7763725825741,54.34350802563131,Independent-replacement+CHILS（独立替代估计对照）,Independent-replacement+CHILS,INTERNAL_INDEPENDENT_REPLACEMENT_CONTROL
validation,quality,FullGreedy,6,120.0,False,r006,6,1,True,6,6,6.0,1044995.2103165075,1047419.4837149404,2424.273398432861,0.2312510326652891,1.801767185330391,7.8410262043277426,1.0,1.0,0.0,0.0,1.0,0.0,0.0,0.0,7.666666666666667,7.666666666666667,0.0,2424.273398432861,1047419.4837149404,1637.3530501088437,786.9203483240175,Greedy-rank+CHILS（贪心请求排序内部对照）,Greedy-rank+CHILS,INTERNAL_GREEDY_REQUEST_RANKING
validation,quality,FullGreedy,7,120.0,False,r007,6,1,True,6,6,6.0,1044484.9883839055,1046957.9077656027,2472.919381697216,0.24544033322981976,1.9478234183043242,7.733613670493166,1.0,1.0,0.0,0.0,1.0,0.0,0.0,0.0,7.833333333333333,7.833333333333333,0.0,2472.919381697216,1046957.9077656027,1638.7763725825741,834.1430091146418,Greedy-rank+CHILS（贪心请求排序内部对照）,Greedy-rank+CHILS,INTERNAL_GREEDY_REQUEST_RANKING
validation,quality,CHILS-p1,6,120.0,False,r006,6,1,True,6,6,6.0,1044995.2103165075,1132827.7800979067,87832.5697813992,8.602126930413762,84.27573338275154,86.27445993075769,1.0,1.0,0.0,0.0,1.0,0.0,0.0,0.0,1.0,0.0,0.0,87832.5697813992,1132827.7800979067,0.0,87832.5697813992,CHILS-p1（SEA 2025 公开 MWIS 算法）,CHILS-p1 (SEA 2025),PUBLISHED_MWIS_BASELINE
validation,quality,CHILS-p1,7,120.0,False,r007,6,1,True,6,6,6.0,1044484.9883839055,1132956.4220248708,88471.43364096536,8.680606099550092,84.2584269400686,86.23344958201051,1.0,1.0,0.0,0.0,1.0,0.0,0.0,0.0,1.0,0.0,0.0,88471.43364096536,1132956.4220248708,0.0,88471.43364096536,CHILS-p1（SEA 2025 公开 MWIS 算法）,CHILS-p1 (SEA 2025),PUBLISHED_MWIS_BASELINE
validation,quality,HiGHS-MILP,6,120.0,False,r006,6,1,True,6,6,3.0,1044995.2103165075,null,null,null,104.97581155287723,107.36819837304454,0.5,0.5,0.5,0.0,0.5,0.5,0.0,0.0,null,0.0,0.0,0.0,1044995.2103165075,0.0,0.0,HiGHS-MILP（通用 MILP 软件参照）,HiGHS (generic MILP),GENERIC_MILP_SOFTWARE_REFERENCE
validation,quality,HiGHS-MILP,7,120.0,False,r007,6,1,True,6,6,4.0,1044484.9883839055,null,null,null,101.17546997157235,103.40542262730499,0.6666666666666666,0.6666666666666666,0.3333333333333333,0.0,0.6666666666666666,0.3333333333333333,0.0,0.0,null,0.0,0.0,0.0,1044484.9883839055,0.0,0.0,HiGHS-MILP（通用 MILP 软件参照）,HiGHS (generic MILP),GENERIC_MILP_SOFTWARE_REFERENCE
validation,quality,FullCapacity-mean17/29,6,300.0,True,r006,6,2,True,12,12,12.0,1044995.2103165075,1047489.9126517082,2494.702335200787,0.24056070225048698,3.8965833506857357,9.652685014841458,1.0,1.0,0.0,0.0,1.0,0.0,0.0,0.0,7.833333333333333,7.833333333333333,0.0,2494.702335200787,1047489.9126517082,1637.3530501088437,857.3492850919429,JointRecovery（本文方法，JR；完整框架 STK 迁移）；两种子均值,"JointRecovery (JR, ours); 2-seed mean",PROPOSED_FULL_FRAMEWORK
validation,quality,FullCapacity-mean17/29,7,300.0,True,r007,6,2,True,12,12,12.0,1044484.9883839055,1046957.9077656027,2472.919381697216,0.24544033322981976,3.8800321420033774,9.509110699097315,1.0,1.0,0.0,0.0,1.0,0.0,0.0,0.0,7.916666666666667,7.916666666666667,0.0,2472.919381697216,1046957.9077656027,1638.7763725825741,834.1430091146418,JointRecovery（本文方法，JR；完整框架 STK 迁移）；两种子均值,"JointRecovery (JR, ours); 2-seed mean",PROPOSED_FULL_FRAMEWORK
validation,quality,FullCapacity-seed17,6,300.0,True,r006,6,1,True,6,6,6.0,1044995.2103165075,1047419.4837149404,2424.273398432861,0.2312510326652891,3.1551239900290966,9.015087429434061,1.0,1.0,0.0,0.0,1.0,0.0,0.0,0.0,7.666666666666667,7.666666666666667,0.0,2424.273398432861,1047419.4837149404,1637.3530501088437,786.9203483240175,JointRecovery（本文方法，JR；完整框架 STK 迁移）；seed17,"JointRecovery (JR, ours); seed17",PROPOSED_FULL_FRAMEWORK
validation,quality,FullCapacity-seed17,7,300.0,True,r007,6,1,True,6,6,6.0,1044484.9883839055,1046957.9077656027,2472.919381697216,0.24544033322981976,3.248106826096773,8.91624577405552,1.0,1.0,0.0,0.0,1.0,0.0,0.0,0.0,7.833333333333333,7.833333333333333,0.0,2472.919381697216,1046957.9077656027,1638.7763725825741,834.1430091146418,JointRecovery（本文方法，JR；完整框架 STK 迁移）；seed17,"JointRecovery (JR, ours); seed17",PROPOSED_FULL_FRAMEWORK
validation,quality,FullCapacity-seed29,6,300.0,True,r006,6,1,True,6,6,6.0,1044995.2103165075,1047560.3415884762,2565.131271968712,0.24987037183568486,4.638042711342375,10.290282600248853,1.0,1.0,0.0,0.0,1.0,0.0,0.0,0.0,8.0,8.0,0.0,2565.131271968712,1047560.3415884762,1637.3530501088437,927.7782218598683,JointRecovery（本文方法，JR；完整框架 STK 迁移）；seed29,"JointRecovery (JR, ours); seed29",PROPOSED_FULL_FRAMEWORK
validation,quality,FullCapacity-seed29,7,300.0,True,r007,6,1,True,6,6,6.0,1044484.9883839055,1046957.9077656027,2472.919381697216,0.24544033322981976,4.511957457909982,10.10197562413911,1.0,1.0,0.0,0.0,1.0,0.0,0.0,0.0,8.0,8.0,0.0,2472.919381697216,1046957.9077656027,1638.7763725825741,834.1430091146418,JointRecovery（本文方法，JR；完整框架 STK 迁移）；seed29,"JointRecovery (JR, ours); seed29",PROPOSED_FULL_FRAMEWORK
validation,quality,FullCheapSummary-mean17/29,6,300.0,True,r006,6,2,True,12,12,12.0,1044995.2103165075,1047411.4915634595,2416.2812469521305,0.2303484111289457,3.565974331460893,9.177824025663236,1.0,1.0,0.0,0.0,1.0,0.0,0.0,0.0,7.75,7.75,0.0,2416.2812469521305,1047411.4915634595,1637.3530501088437,778.9281968432866,JR-CheapSummary（简化表示消融）；两种子均值,JR-CheapSummary; 2-seed mean,SIMPLIFIED_REPRESENTATION_ABLATION
validation,quality,FullCheapSummary-mean17/29,7,300.0,True,r007,6,2,True,12,12,12.0,1044484.9883839055,1046755.0092677227,2270.020883817206,0.22534251703651267,3.941465008072555,9.747135268213848,1.0,1.0,0.0,0.0,1.0,0.0,0.0,0.0,7.833333333333333,7.833333333333333,0.0,2270.020883817206,1046755.0092677227,1638.7763725825741,631.2445112346322,JR-CheapSummary（简化表示消融）；两种子均值,JR-CheapSummary; 2-seed mean,SIMPLIFIED_REPRESENTATION_ABLATION
validation,quality,FullCheapSummary-seed17,6,300.0,True,r006,6,1,True,6,6,6.0,1044995.2103165075,1047387.4433748397,2392.233058332213,0.22794351465029747,3.793522805596391,9.48884947039187,1.0,1.0,0.0,0.0,1.0,0.0,0.0,0.0,7.666666666666667,7.666666666666667,0.0,2392.233058332213,1047387.4433748397,1637.3530501088437,754.8800082233696,JR-CheapSummary（简化表示消融）；seed17,JR-CheapSummary; seed17,SIMPLIFIED_REPRESENTATION_ABLATION
validation,quality,FullCheapSummary-seed17,7,300.0,True,r007,6,1,True,6,6,6.0,1044484.9883839055,1046755.0092677227,2270.020883817206,0.22534251703651267,3.9985846715668836,9.712839041526118,1.0,1.0,0.0,0.0,1.0,0.0,0.0,0.0,7.833333333333333,7.833333333333333,0.0,2270.020883817206,1046755.0092677227,1638.7763725825741,631.2445112346322,JR-CheapSummary（简化表示消融）；seed17,JR-CheapSummary; seed17,SIMPLIFIED_REPRESENTATION_ABLATION
validation,quality,FullCheapSummary-seed29,6,300.0,True,r006,6,1,True,6,6,6.0,1044995.2103165075,1047435.5397520795,2440.3294355720477,0.23275330760759394,3.338425857325395,8.866798580934605,1.0,1.0,0.0,0.0,1.0,0.0,0.0,0.0,7.833333333333333,7.833333333333333,0.0,2440.3294355720477,1047435.5397520795,1637.3530501088437,802.9763854632038,JR-CheapSummary（简化表示消融）；seed29,JR-CheapSummary; seed29,SIMPLIFIED_REPRESENTATION_ABLATION
validation,quality,FullCheapSummary-seed29,7,300.0,True,r007,6,1,True,6,6,6.0,1044484.9883839055,1046755.0092677227,2270.020883817206,0.22534251703651267,3.8843453445782266,9.781431494901577,1.0,1.0,0.0,0.0,1.0,0.0,0.0,0.0,7.833333333333333,7.833333333333333,0.0,2270.020883817206,1046755.0092677227,1638.7763725825741,631.2445112346322,JR-CheapSummary（简化表示消融）；seed29,JR-CheapSummary; seed29,SIMPLIFIED_REPRESENTATION_ABLATION
validation,quality,FullP1,6,300.0,True,r006,6,1,True,6,6,6.0,1044995.2103165075,1046636.0312394401,1640.82092293251,0.1558066897772675,1.9878556312372286,8.031255065153042,1.0,0.6666666666666666,0.0,0.3333333333333333,1.0,0.0,0.0,0.0,4.333333333333333,4.333333333333333,0.0,1640.82092293251,1046636.0312394401,1637.3530501088437,3.4678728236661605,Independent-replacement+CHILS（独立替代估计对照）,Independent-replacement+CHILS,INTERNAL_INDEPENDENT_REPLACEMENT_CONTROL
validation,quality,FullP1,7,300.0,True,r007,6,1,True,6,6,6.0,1044484.9883839055,1046178.1082645137,1693.1198806082054,0.16740041143034423,1.6498016075541575,7.193342712397377,1.0,0.8333333333333334,0.0,0.16666666666666666,1.0,0.0,0.0,0.0,6.5,6.5,0.0,1693.1198806082054,1046178.1082645137,1638.7763725825741,54.34350802563131,Independent-replacement+CHILS（独立替代估计对照）,Independent-replacement+CHILS,INTERNAL_INDEPENDENT_REPLACEMENT_CONTROL
validation,quality,FullGreedy,6,300.0,True,r006,6,1,True,6,6,6.0,1044995.2103165075,1047419.4837149404,2424.273398432861,0.2312510326652891,1.5067642020682495,6.861162291839719,1.0,1.0,0.0,0.0,1.0,0.0,0.0,0.0,7.666666666666667,7.666666666666667,0.0,2424.273398432861,1047419.4837149404,1637.3530501088437,786.9203483240175,Greedy-rank+CHILS（贪心请求排序内部对照）,Greedy-rank+CHILS,INTERNAL_GREEDY_REQUEST_RANKING
validation,quality,FullGreedy,7,300.0,True,r007,6,1,True,6,6,6.0,1044484.9883839055,1046957.9077656027,2472.919381697216,0.24544033322981976,1.6508190371096134,7.486756047854821,1.0,1.0,0.0,0.0,1.0,0.0,0.0,0.0,7.833333333333333,7.833333333333333,0.0,2472.919381697216,1046957.9077656027,1638.7763725825741,834.1430091146418,Greedy-rank+CHILS（贪心请求排序内部对照）,Greedy-rank+CHILS,INTERNAL_GREEDY_REQUEST_RANKING
validation,quality,CHILS-p1,6,300.0,True,r006,6,1,True,6,6,6.0,1044995.2103165075,1132864.1322030916,87868.9218865842,8.605141898793997,210.24067825637758,211.9670795686543,1.0,1.0,0.0,0.0,1.0,0.0,0.0,0.0,1.0,0.0,0.0,87868.9218865842,1132864.1322030916,0.0,87868.9218865842,CHILS-p1（SEA 2025 公开 MWIS 算法）,CHILS-p1 (SEA 2025),PUBLISHED_MWIS_BASELINE
validation,quality,CHILS-p1,7,300.0,True,r007,6,1,True,6,6,6.0,1044484.9883839055,1133118.022177209,88633.03379330336,8.696780128850016,210.23101263617477,211.7743615563959,1.0,1.0,0.0,0.0,1.0,0.0,0.0,0.0,1.0,0.0,0.0,88633.03379330336,1133118.022177209,0.0,88633.03379330336,CHILS-p1（SEA 2025 公开 MWIS 算法）,CHILS-p1 (SEA 2025),PUBLISHED_MWIS_BASELINE
validation,quality,HiGHS-MILP,6,300.0,True,r006,6,1,True,6,6,4.0,1044995.2103165075,null,null,null,244.01309787357846,246.1258641431729,0.6666666666666666,0.6666666666666666,0.3333333333333333,0.0,0.6666666666666666,0.3333333333333333,0.0,0.0,null,0.0,0.0,11850.97228383401,1056846.1826003415,0.0,11850.97228383401,HiGHS-MILP（通用 MILP 软件参照）,HiGHS (generic MILP),GENERIC_MILP_SOFTWARE_REFERENCE
validation,quality,HiGHS-MILP,7,300.0,True,r007,6,1,True,6,6,4.0,1044484.9883839055,null,null,null,242.91893981831768,245.0540299868832,0.6666666666666666,0.6666666666666666,0.3333333333333333,0.0,0.6666666666666666,0.3333333333333333,0.0,0.0,null,0.0,0.0,11634.939266019346,1056119.9276499248,0.0,11634.939266019346,HiGHS-MILP（通用 MILP 软件参照）,HiGHS (generic MILP),GENERIC_MILP_SOFTWARE_REFERENCE
test,quality,FullCapacity-mean17/29,8,10.0,False,r008,6,2,True,12,12,12.0,1044265.952251702,1047094.5049737281,2828.5527220260897,0.2747527186810312,3.342354394805928,8.254802799783647,1.0,1.0,0.0,0.0,1.0,0.0,0.0,0.0,7.833333333333333,7.833333333333333,0.0,2828.5527220260897,1047094.5049737281,1844.2452194096793,984.3075026164103,JointRecovery（本文方法，JR；完整框架 STK 迁移）；两种子均值,"JointRecovery (JR, ours); 2-seed mean",PROPOSED_FULL_FRAMEWORK
test,quality,FullCapacity-mean17/29,9,10.0,False,r009,6,2,True,12,12,12.0,1042707.5249137585,1044996.7975909575,2289.272677199042,0.22637674633804816,3.3985618905474744,8.081511430752775,1.0,1.0,0.0,0.0,1.0,0.0,0.0,0.0,7.666666666666667,7.666666666666667,0.0,2289.272677199042,1044996.7975909575,1445.5563569193084,843.7163202797334,JointRecovery（本文方法，JR；完整框架 STK 迁移）；两种子均值,"JointRecovery (JR, ours); 2-seed mean",PROPOSED_FULL_FRAMEWORK
test,quality,FullCapacity-mean17/29,10,10.0,False,r010,6,2,True,12,12,12.0,1043561.0805865627,1046559.8610041314,2998.7804175687293,0.29220345678642234,3.2829201935480037,7.960568398547669,1.0,1.0,0.0,0.0,1.0,0.0,0.0,0.0,8.0,8.0,0.0,2998.7804175687293,1046559.8610041314,1966.8994201874982,1031.8809973812313,JointRecovery（本文方法，JR；完整框架 STK 迁移）；两种子均值,"JointRecovery (JR, ours); 2-seed mean",PROPOSED_FULL_FRAMEWORK
test,quality,FullCapacity-mean17/29,11,10.0,False,r011,6,2,True,12,12,12.0,1045256.6219196878,1047809.1436414309,2552.521721742989,0.24324065588416413,3.18268321454525,8.118517179352542,1.0,1.0,0.0,0.0,1.0,0.0,0.0,0.0,7.833333333333333,7.833333333333333,0.0,2552.521721742989,1047809.1436414309,1969.4783870563454,583.0433346866436,JointRecovery（本文方法，JR；完整框架 STK 迁移）；两种子均值,"JointRecovery (JR, ours); 2-seed mean",PROPOSED_FULL_FRAMEWORK
test,quality,FullCapacity-seed17,8,10.0,False,r008,6,1,True,6,6,6.0,1044265.952251702,1047093.1933939481,2827.2411422461737,0.27462947446705394,3.129580767825246,8.073028980443874,1.0,1.0,0.0,0.0,1.0,0.0,0.0,0.0,7.666666666666667,7.666666666666667,0.0,2827.2411422461737,1047093.1933939481,1844.2452194096793,982.9959228364945,JointRecovery（本文方法，JR；完整框架 STK 迁移）；seed17,"JointRecovery (JR, ours); seed17",PROPOSED_FULL_FRAMEWORK
test,quality,FullCapacity-seed17,9,10.0,False,r009,6,1,True,6,6,6.0,1042707.5249137585,1044996.7975909575,2289.272677199042,0.22637674633804816,2.902187425022324,7.705613021428387,1.0,1.0,0.0,0.0,1.0,0.0,0.0,0.0,7.5,7.5,0.0,2289.272677199042,1044996.7975909575,1445.5563569193084,843.7163202797334,JointRecovery（本文方法，JR；完整框架 STK 迁移）；seed17,"JointRecovery (JR, ours); seed17",PROPOSED_FULL_FRAMEWORK
test,quality,FullCapacity-seed17,10,10.0,False,r010,6,1,True,6,6,6.0,1043561.0805865627,1046515.9389224922,2954.8583359294767,0.28618442600672084,2.915382396429777,7.6669713364293175,1.0,1.0,0.0,0.0,1.0,0.0,0.0,0.0,8.0,8.0,0.0,2954.8583359294767,1046515.9389224922,1966.8994201874982,987.9589157419783,JointRecovery（本文方法，JR；完整框架 STK 迁移）；seed17,"JointRecovery (JR, ours); seed17",PROPOSED_FULL_FRAMEWORK
test,quality,FullCapacity-seed17,11,10.0,False,r011,6,1,True,6,6,6.0,1045256.6219196878,1047809.1436414309,2552.521721742989,0.24324065588416413,2.8339382900545993,7.924960358068347,1.0,1.0,0.0,0.0,1.0,0.0,0.0,0.0,7.833333333333333,7.833333333333333,0.0,2552.521721742989,1047809.1436414309,1969.4783870563454,583.0433346866436,JointRecovery（本文方法，JR；完整框架 STK 迁移）；seed17,"JointRecovery (JR, ours); seed17",PROPOSED_FULL_FRAMEWORK
test,quality,FullCapacity-seed29,8,10.0,False,r008,6,1,True,6,6,6.0,1044265.952251702,1047095.8165535079,2829.864301806005,0.27487596289500843,3.55512802178661,8.43657661912342,1.0,1.0,0.0,0.0,1.0,0.0,0.0,0.0,8.0,8.0,0.0,2829.864301806005,1047095.8165535079,1844.2452194096793,985.6190823963261,JointRecovery（本文方法，JR；完整框架 STK 迁移）；seed29,"JointRecovery (JR, ours); seed29",PROPOSED_FULL_FRAMEWORK
test,quality,FullCapacity-seed29,9,10.0,False,r009,6,1,True,6,6,6.0,1042707.5249137585,1044996.7975909575,2289.272677199042,0.22637674633804816,3.8949363560726247,8.457409840077162,1.0,1.0,0.0,0.0,1.0,0.0,0.0,0.0,7.833333333333333,7.833333333333333,0.0,2289.272677199042,1044996.7975909575,1445.5563569193084,843.7163202797334,JointRecovery（本文方法，JR；完整框架 STK 迁移）；seed29,"JointRecovery (JR, ours); seed29",PROPOSED_FULL_FRAMEWORK
test,quality,FullCapacity-seed29,10,10.0,False,r010,6,1,True,6,6,6.0,1043561.0805865627,1046603.7830857706,3042.7024992079823,0.29822248756612385,3.6504579906662307,8.254165460666021,1.0,1.0,0.0,0.0,1.0,0.0,0.0,0.0,8.0,8.0,0.0,3042.7024992079823,1046603.7830857706,1966.8994201874982,1075.8030790204841,JointRecovery（本文方法，JR；完整框架 STK 迁移）；seed29,"JointRecovery (JR, ours); seed29",PROPOSED_FULL_FRAMEWORK
test,quality,FullCapacity-seed29,11,10.0,False,r011,6,1,True,6,6,6.0,1045256.6219196878,1047809.1436414309,2552.521721742989,0.24324065588416413,3.5314281390359006,8.312074000636736,1.0,1.0,0.0,0.0,1.0,0.0,0.0,0.0,7.833333333333333,7.833333333333333,0.0,2552.521721742989,1047809.1436414309,1969.4783870563454,583.0433346866436,JointRecovery（本文方法，JR；完整框架 STK 迁移）；seed29,"JointRecovery (JR, ours); seed29",PROPOSED_FULL_FRAMEWORK
test,quality,FullCheapSummary-mean17/29,8,10.0,False,r008,6,2,True,12,12,12.0,1044265.952251702,1047094.5049737281,2828.5527220260897,0.2747527186810312,3.290867961011827,8.128179168949524,1.0,1.0,0.0,0.0,1.0,0.0,0.0,0.0,7.75,7.75,0.0,2828.5527220260897,1047094.5049737281,1844.2452194096793,984.3075026164103,JR-CheapSummary（简化表示消融）；两种子均值,JR-CheapSummary; 2-seed mean,SIMPLIFIED_REPRESENTATION_ABLATION
test,quality,FullCheapSummary-mean17/29,9,10.0,False,r009,6,2,True,12,12,12.0,1042707.5249137585,1044996.7975909575,2289.272677199042,0.22637674633804816,3.1846438935026526,7.893148619992037,1.0,1.0,0.0,0.0,1.0,0.0,0.0,0.0,7.75,7.75,0.0,2289.272677199042,1044996.7975909575,1445.5563569193084,843.7163202797334,JR-CheapSummary（简化表示消融）；两种子均值,JR-CheapSummary; 2-seed mean,SIMPLIFIED_REPRESENTATION_ABLATION
test,quality,FullCheapSummary-mean17/29,10,10.0,False,r010,6,2,True,12,12,12.0,1043561.0805865627,1046515.9389224922,2954.8583359294767,0.28618442600672084,3.109180098089079,7.8536392049863935,1.0,1.0,0.0,0.0,1.0,0.0,0.0,0.0,8.0,8.0,0.0,2954.8583359294767,1046515.9389224922,1966.8994201874982,987.9589157419783,JR-CheapSummary（简化表示消融）；两种子均值,JR-CheapSummary; 2-seed mean,SIMPLIFIED_REPRESENTATION_ABLATION
test,quality,FullCheapSummary-mean17/29,11,10.0,False,r011,6,2,True,12,12,12.0,1045256.6219196878,1047809.1436414309,2552.521721742989,0.24324065588416413,2.9054054627195,7.486290398053825,1.0,1.0,0.0,0.0,1.0,0.0,0.0,0.0,7.833333333333333,7.833333333333333,0.0,2552.521721742989,1047809.1436414309,1969.4783870563454,583.0433346866436,JR-CheapSummary（简化表示消融）；两种子均值,JR-CheapSummary; 2-seed mean,SIMPLIFIED_REPRESENTATION_ABLATION
test,quality,FullCheapSummary-seed17,8,10.0,False,r008,6,1,True,6,6,6.0,1044265.952251702,1047095.8165535079,2829.864301806005,0.27487596289500843,3.5847494608412185,8.281251164153218,1.0,1.0,0.0,0.0,1.0,0.0,0.0,0.0,7.833333333333333,7.833333333333333,0.0,2829.864301806005,1047095.8165535079,1844.2452194096793,985.6190823963261,JR-CheapSummary（简化表示消融）；seed17,JR-CheapSummary; seed17,SIMPLIFIED_REPRESENTATION_ABLATION
test,quality,FullCheapSummary-seed17,9,10.0,False,r009,6,1,True,6,6,6.0,1042707.5249137585,1044996.7975909575,2289.272677199042,0.22637674633804816,3.215051685149471,7.710400218144059,1.0,1.0,0.0,0.0,1.0,0.0,0.0,0.0,7.666666666666667,7.666666666666667,0.0,2289.272677199042,1044996.7975909575,1445.5563569193084,843.7163202797334,JR-CheapSummary（简化表示消融）；seed17,JR-CheapSummary; seed17,SIMPLIFIED_REPRESENTATION_ABLATION
test,quality,FullCheapSummary-seed17,10,10.0,False,r010,6,1,True,6,6,6.0,1043561.0805865627,1046515.9389224922,2954.8583359294767,0.28618442600672084,3.2933454985419908,8.075760612264276,1.0,1.0,0.0,0.0,1.0,0.0,0.0,0.0,8.0,8.0,0.0,2954.8583359294767,1046515.9389224922,1966.8994201874982,987.9589157419783,JR-CheapSummary（简化表示消融）；seed17,JR-CheapSummary; seed17,SIMPLIFIED_REPRESENTATION_ABLATION
test,quality,FullCheapSummary-seed17,11,10.0,False,r011,6,1,True,6,6,6.0,1045256.6219196878,1047809.1436414309,2552.521721742989,0.24324065588416413,3.0807874153057733,7.77248752117157,1.0,1.0,0.0,0.0,1.0,0.0,0.0,0.0,7.833333333333333,7.833333333333333,0.0,2552.521721742989,1047809.1436414309,1969.4783870563454,583.0433346866436,JR-CheapSummary（简化表示消融）；seed17,JR-CheapSummary; seed17,SIMPLIFIED_REPRESENTATION_ABLATION
test,quality,FullCheapSummary-seed29,8,10.0,False,r008,6,1,True,6,6,6.0,1044265.952251702,1047093.1933939481,2827.2411422461737,0.27462947446705394,2.9969864611824355,7.975107173745831,1.0,1.0,0.0,0.0,1.0,0.0,0.0,0.0,7.666666666666667,7.666666666666667,0.0,2827.2411422461737,1047093.1933939481,1844.2452194096793,982.9959228364945,JR-CheapSummary（简化表示消融）；seed29,JR-CheapSummary; seed29,SIMPLIFIED_REPRESENTATION_ABLATION
test,quality,FullCheapSummary-seed29,9,10.0,False,r009,6,1,True,6,6,6.0,1042707.5249137585,1044996.7975909575,2289.272677199042,0.22637674633804816,3.1542361018558345,8.075897021840015,1.0,1.0,0.0,0.0,1.0,0.0,0.0,0.0,7.833333333333333,7.833333333333333,0.0,2289.272677199042,1044996.7975909575,1445.5563569193084,843.7163202797334,JR-CheapSummary（简化表示消融）；seed29,JR-CheapSummary; seed29,SIMPLIFIED_REPRESENTATION_ABLATION
test,quality,FullCheapSummary-seed29,10,10.0,False,r010,6,1,True,6,6,6.0,1043561.0805865627,1046515.9389224922,2954.8583359294767,0.28618442600672084,2.925014697636167,7.631517797708511,1.0,1.0,0.0,0.0,1.0,0.0,0.0,0.0,8.0,8.0,0.0,2954.8583359294767,1046515.9389224922,1966.8994201874982,987.9589157419783,JR-CheapSummary（简化表示消融）；seed29,JR-CheapSummary; seed29,SIMPLIFIED_REPRESENTATION_ABLATION
test,quality,FullCheapSummary-seed29,11,10.0,False,r011,6,1,True,6,6,6.0,1045256.6219196878,1047809.1436414309,2552.521721742989,0.24324065588416413,2.730023510133227,7.20009327493608,1.0,1.0,0.0,0.0,1.0,0.0,0.0,0.0,7.833333333333333,7.833333333333333,0.0,2552.521721742989,1047809.1436414309,1969.4783870563454,583.0433346866436,JR-CheapSummary（简化表示消融）；seed29,JR-CheapSummary; seed29,SIMPLIFIED_REPRESENTATION_ABLATION
test,quality,FullP1,8,10.0,False,r008,6,1,True,6,6,6.0,1044265.952251702,1046110.1974711117,1844.2452194096793,0.17784157319812247,1.3442016939322154,6.099919470027089,1.0,1.0,0.0,0.0,1.0,0.0,0.0,0.0,5.666666666666667,5.666666666666667,0.0,1844.2452194096793,1046110.1974711117,1844.2452194096793,0.0,Independent-replacement+CHILS（独立替代估计对照）,Independent-replacement+CHILS,INTERNAL_INDEPENDENT_REPLACEMENT_CONTROL
test,quality,FullP1,9,10.0,False,r009,6,1,True,6,6,6.0,1042707.5249137585,1044153.0812706779,1445.5563569193084,0.14109015870293945,1.275793623800079,6.010378285000722,1.0,0.8333333333333334,0.0,0.16666666666666666,1.0,0.0,0.0,0.0,5.5,5.5,0.0,1445.5563569193084,1044153.0812706779,1445.5563569193084,0.0,Independent-replacement+CHILS（独立替代估计对照）,Independent-replacement+CHILS,INTERNAL_INDEPENDENT_REPLACEMENT_CONTROL
test,quality,FullP1,10,10.0,False,r010,6,1,True,6,6,6.0,1043561.0805865627,1045589.477301886,2028.3967153233243,0.19612778933631358,1.3346821467081706,6.152396323159337,1.0,1.0,0.0,0.0,1.0,0.0,0.0,0.0,6.166666666666667,6.166666666666667,0.0,2028.3967153233243,1045589.477301886,1966.8994201874982,61.497295135826185,Independent-replacement+CHILS（独立替代估计对照）,Independent-replacement+CHILS,INTERNAL_INDEPENDENT_REPLACEMENT_CONTROL
test,quality,FullP1,11,10.0,False,r011,6,1,True,6,6,6.0,1045256.6219196878,1047232.7364426086,1976.114522920844,0.18949778591042055,1.722601638485988,6.399997143695752,1.0,0.8333333333333334,0.0,0.16666666666666666,1.0,0.0,0.0,0.0,5.166666666666667,5.166666666666667,0.0,1976.114522920844,1047232.7364426086,1969.4783870563454,6.636135864498404,Independent-replacement+CHILS（独立替代估计对照）,Independent-replacement+CHILS,INTERNAL_INDEPENDENT_REPLACEMENT_CONTROL
test,quality,FullGreedy,8,10.0,False,r008,6,1,True,6,6,6.0,1044265.952251702,1047093.1933939481,2827.2411422461737,0.27462947446705394,1.6464565781255562,6.333857010429104,1.0,1.0,0.0,0.0,1.0,0.0,0.0,0.0,7.666666666666667,7.666666666666667,0.0,2827.2411422461737,1047093.1933939481,1844.2452194096793,982.9959228364945,Greedy-rank+CHILS（贪心请求排序内部对照）,Greedy-rank+CHILS,INTERNAL_GREEDY_REQUEST_RANKING
test,quality,FullGreedy,9,10.0,False,r009,6,1,True,6,6,6.0,1042707.5249137585,1044996.7975909575,2289.272677199042,0.22637674633804816,1.4108131111909945,6.208260451133053,1.0,1.0,0.0,0.0,1.0,0.0,0.0,0.0,7.5,7.5,0.0,2289.272677199042,1044996.7975909575,1445.5563569193084,843.7163202797334,Greedy-rank+CHILS（贪心请求排序内部对照）,Greedy-rank+CHILS,INTERNAL_GREEDY_REQUEST_RANKING
test,quality,FullGreedy,10,10.0,False,r010,6,1,True,6,6,6.0,1043561.0805865627,1046515.9389224922,2954.8583359294767,0.28618442600672084,1.807235677416126,6.4597847908735275,1.0,1.0,0.0,0.0,1.0,0.0,0.0,0.0,8.0,8.0,0.0,2954.8583359294767,1046515.9389224922,1966.8994201874982,987.9589157419783,Greedy-rank+CHILS（贪心请求排序内部对照）,Greedy-rank+CHILS,INTERNAL_GREEDY_REQUEST_RANKING
test,quality,FullGreedy,11,10.0,False,r011,6,1,True,6,6,6.0,1045256.6219196878,1047809.1436414309,2552.521721742989,0.24324065588416413,1.6368542338411014,6.096899561583996,1.0,1.0,0.0,0.0,1.0,0.0,0.0,0.0,7.5,7.5,0.0,2552.521721742989,1047809.1436414309,1969.4783870563454,583.0433346866436,Greedy-rank+CHILS（贪心请求排序内部对照）,Greedy-rank+CHILS,INTERNAL_GREEDY_REQUEST_RANKING
test,quality,CHILS-p1,8,10.0,False,r008,6,1,True,6,6,6.0,1044265.952251702,1131758.3393371785,87492.3870854766,8.612275628188343,7.183341775710384,8.258543272192279,1.0,1.0,0.0,0.0,1.0,0.0,0.0,0.0,1.0,0.0,0.0,87492.3870854766,1131758.3393371785,0.0,87492.3870854766,CHILS-p1（SEA 2025 公开 MWIS 算法）,CHILS-p1 (SEA 2025),PUBLISHED_MWIS_BASELINE
test,quality,CHILS-p1,9,10.0,False,r009,6,1,True,6,6,6.0,1042707.5249137585,1129776.809981163,87069.28506740434,8.560708141292869,7.184889667357008,8.295258175581694,1.0,1.0,0.0,0.0,1.0,0.0,0.0,0.0,1.0,0.0,0.0,87069.28506740434,1129776.809981163,0.0,87069.28506740434,CHILS-p1（SEA 2025 公开 MWIS 算法）,CHILS-p1 (SEA 2025),PUBLISHED_MWIS_BASELINE
test,quality,CHILS-p1,10,10.0,False,r010,6,1,True,6,6,6.0,1043561.0805865627,1130907.057677693,87345.97709113017,8.555015731557928,7.181723017866413,8.251603324587146,1.0,1.0,0.0,0.0,1.0,0.0,0.0,0.0,1.0,0.0,0.0,87345.97709113017,1130907.057677693,0.0,87345.97709113017,CHILS-p1（SEA 2025 公开 MWIS 算法）,CHILS-p1 (SEA 2025),PUBLISHED_MWIS_BASELINE
test,quality,CHILS-p1,11,10.0,False,r011,6,1,True,6,6,6.0,1045256.6219196878,1130606.536572844,85349.91465315632,8.369024082244804,7.182012430081765,8.261299381032586,1.0,1.0,0.0,0.0,1.0,0.0,0.0,0.0,1.0,0.0,0.0,85349.91465315632,1130606.536572844,0.0,85349.91465315632,CHILS-p1（SEA 2025 公开 MWIS 算法）,CHILS-p1 (SEA 2025),PUBLISHED_MWIS_BASELINE
test,quality,HiGHS-MILP,8,10.0,False,r008,6,1,True,6,6,4.0,1044265.952251702,null,null,null,8.8655610922724,10.132699824869633,0.6666666666666666,0.6666666666666666,0.3333333333333333,0.0,0.6666666666666666,0.3333333333333333,0.0,0.0,null,0.0,0.0,0.0,1044265.952251702,0.0,0.0,HiGHS-MILP（通用 MILP 软件参照）,HiGHS (generic MILP),GENERIC_MILP_SOFTWARE_REFERENCE
test,quality,HiGHS-MILP,9,10.0,False,r009,6,1,True,6,6,4.0,1042707.5249137585,null,null,null,8.918678566813469,10.18833826854825,0.6666666666666666,0.6666666666666666,0.3333333333333333,0.0,0.6666666666666666,0.3333333333333333,0.0,0.0,null,0.0,0.0,0.0,1042707.5249137585,0.0,0.0,HiGHS-MILP（通用 MILP 软件参照）,HiGHS (generic MILP),GENERIC_MILP_SOFTWARE_REFERENCE
test,quality,HiGHS-MILP,10,10.0,False,r010,6,1,True,6,6,4.0,1043561.0805865627,null,null,null,8.821504993364215,10.025842166816195,0.6666666666666666,0.6666666666666666,0.3333333333333333,0.0,0.6666666666666666,0.3333333333333333,0.0,0.0,null,0.0,0.0,0.0,1043561.0805865627,0.0,0.0,HiGHS-MILP（通用 MILP 软件参照）,HiGHS (generic MILP),GENERIC_MILP_SOFTWARE_REFERENCE
test,quality,HiGHS-MILP,11,10.0,False,r011,6,1,True,6,6,4.0,1045256.6219196878,null,null,null,8.785434477031231,10.023008527234197,0.6666666666666666,0.6666666666666666,0.3333333333333333,0.0,0.6666666666666666,0.3333333333333333,0.0,0.0,null,0.0,0.0,0.0,1045256.6219196878,0.0,0.0,HiGHS-MILP（通用 MILP 软件参照）,HiGHS (generic MILP),GENERIC_MILP_SOFTWARE_REFERENCE
test,quality,FullCapacity-mean17/29,8,30.0,False,r008,6,2,True,12,12,12.0,1044265.952251702,1047094.5049737281,2828.5527220260897,0.2747527186810312,3.2734756149972477,7.968493358232081,1.0,1.0,0.0,0.0,1.0,0.0,0.0,0.0,7.833333333333333,7.833333333333333,0.0,2828.5527220260897,1047094.5049737281,1844.2452194096793,984.3075026164103,JointRecovery（本文方法，JR；完整框架 STK 迁移）；两种子均值,"JointRecovery (JR, ours); 2-seed mean",PROPOSED_FULL_FRAMEWORK
test,quality,FullCapacity-mean17/29,9,30.0,False,r009,6,2,True,12,12,12.0,1042707.5249137585,1044996.7975909575,2289.272677199042,0.22637674633804816,3.345300566094617,8.060258135199547,1.0,1.0,0.0,0.0,1.0,0.0,0.0,0.0,7.666666666666667,7.666666666666667,0.0,2289.272677199042,1044996.7975909575,1445.5563569193084,843.7163202797334,JointRecovery（本文方法，JR；完整框架 STK 迁移）；两种子均值,"JointRecovery (JR, ours); 2-seed mean",PROPOSED_FULL_FRAMEWORK
test,quality,FullCapacity-mean17/29,10,30.0,False,r010,6,2,True,12,12,12.0,1043561.0805865627,1046559.8610041314,2998.7804175687293,0.29220345678642234,3.2351692632461586,8.04973982895414,1.0,1.0,0.0,0.0,1.0,0.0,0.0,0.0,8.0,8.0,0.0,2998.7804175687293,1046559.8610041314,1966.8994201874982,1031.8809973812313,JointRecovery（本文方法，JR；完整框架 STK 迁移）；两种子均值,"JointRecovery (JR, ours); 2-seed mean",PROPOSED_FULL_FRAMEWORK
test,quality,FullCapacity-mean17/29,11,30.0,False,r011,6,2,True,12,12,12.0,1045256.6219196878,1047809.1436414309,2552.521721742989,0.24324065588416413,3.040830460997919,7.685158233779172,1.0,1.0,0.0,0.0,1.0,0.0,0.0,0.0,7.833333333333333,7.833333333333333,0.0,2552.521721742989,1047809.1436414309,1969.4783870563454,583.0433346866436,JointRecovery（本文方法，JR；完整框架 STK 迁移）；两种子均值,"JointRecovery (JR, ours); 2-seed mean",PROPOSED_FULL_FRAMEWORK
test,quality,FullCapacity-seed17,8,30.0,False,r008,6,1,True,6,6,6.0,1044265.952251702,1047093.1933939481,2827.2411422461737,0.27462947446705394,3.077296252051989,7.6870581439385814,1.0,1.0,0.0,0.0,1.0,0.0,0.0,0.0,7.666666666666667,7.666666666666667,0.0,2827.2411422461737,1047093.1933939481,1844.2452194096793,982.9959228364945,JointRecovery（本文方法，JR；完整框架 STK 迁移）；seed17,"JointRecovery (JR, ours); seed17",PROPOSED_FULL_FRAMEWORK
test,quality,FullCapacity-seed17,9,30.0,False,r009,6,1,True,6,6,6.0,1042707.5249137585,1044996.7975909575,2289.272677199042,0.22637674633804816,2.8225813768804073,7.54084668494761,1.0,1.0,0.0,0.0,1.0,0.0,0.0,0.0,7.5,7.5,0.0,2289.272677199042,1044996.7975909575,1445.5563569193084,843.7163202797334,JointRecovery（本文方法，JR；完整框架 STK 迁移）；seed17,"JointRecovery (JR, ours); seed17",PROPOSED_FULL_FRAMEWORK
test,quality,FullCapacity-seed17,10,30.0,False,r010,6,1,True,6,6,6.0,1043561.0805865627,1046515.9389224922,2954.8583359294767,0.28618442600672084,2.8637841443220773,7.532317058493693,1.0,1.0,0.0,0.0,1.0,0.0,0.0,0.0,8.0,8.0,0.0,2954.8583359294767,1046515.9389224922,1966.8994201874982,987.9589157419783,JointRecovery（本文方法，JR；完整框架 STK 迁移）；seed17,"JointRecovery (JR, ours); seed17",PROPOSED_FULL_FRAMEWORK
test,quality,FullCapacity-seed17,11,30.0,False,r011,6,1,True,6,6,6.0,1045256.6219196878,1047809.1436414309,2552.521721742989,0.24324065588416413,2.698512182881435,7.477820082878073,1.0,1.0,0.0,0.0,1.0,0.0,0.0,0.0,7.833333333333333,7.833333333333333,0.0,2552.521721742989,1047809.1436414309,1969.4783870563454,583.0433346866436,JointRecovery（本文方法，JR；完整框架 STK 迁移）；seed17,"JointRecovery (JR, ours); seed17",PROPOSED_FULL_FRAMEWORK
test,quality,FullCapacity-seed29,8,30.0,False,r008,6,1,True,6,6,6.0,1044265.952251702,1047095.8165535079,2829.864301806005,0.27487596289500843,3.4696549779425063,8.249928572525581,1.0,1.0,0.0,0.0,1.0,0.0,0.0,0.0,8.0,8.0,0.0,2829.864301806005,1047095.8165535079,1844.2452194096793,985.6190823963261,JointRecovery（本文方法，JR；完整框架 STK 迁移）；seed29,"JointRecovery (JR, ours); seed29",PROPOSED_FULL_FRAMEWORK
test,quality,FullCapacity-seed29,9,30.0,False,r009,6,1,True,6,6,6.0,1042707.5249137585,1044996.7975909575,2289.272677199042,0.22637674633804816,3.868019755308827,8.579669585451484,1.0,1.0,0.0,0.0,1.0,0.0,0.0,0.0,7.833333333333333,7.833333333333333,0.0,2289.272677199042,1044996.7975909575,1445.5563569193084,843.7163202797334,JointRecovery（本文方法，JR；完整框架 STK 迁移）；seed29,"JointRecovery (JR, ours); seed29",PROPOSED_FULL_FRAMEWORK
test,quality,FullCapacity-seed29,10,30.0,False,r010,6,1,True,6,6,6.0,1043561.0805865627,1046603.7830857706,3042.7024992079823,0.29822248756612385,3.60655438217024,8.567162599414587,1.0,1.0,0.0,0.0,1.0,0.0,0.0,0.0,8.0,8.0,0.0,3042.7024992079823,1046603.7830857706,1966.8994201874982,1075.8030790204841,JointRecovery（本文方法，JR；完整框架 STK 迁移）；seed29,"JointRecovery (JR, ours); seed29",PROPOSED_FULL_FRAMEWORK
test,quality,FullCapacity-seed29,11,30.0,False,r011,6,1,True,6,6,6.0,1045256.6219196878,1047809.1436414309,2552.521721742989,0.24324065588416413,3.3831487391144037,7.892496384680271,1.0,1.0,0.0,0.0,1.0,0.0,0.0,0.0,7.833333333333333,7.833333333333333,0.0,2552.521721742989,1047809.1436414309,1969.4783870563454,583.0433346866436,JointRecovery（本文方法，JR；完整框架 STK 迁移）；seed29,"JointRecovery (JR, ours); seed29",PROPOSED_FULL_FRAMEWORK
test,quality,FullCheapSummary-mean17/29,8,30.0,False,r008,6,2,True,12,12,12.0,1044265.952251702,1047094.5049737281,2828.5527220260897,0.2747527186810312,3.2158262450248003,7.874391509840886,1.0,1.0,0.0,0.0,1.0,0.0,0.0,0.0,7.75,7.75,0.0,2828.5527220260897,1047094.5049737281,1844.2452194096793,984.3075026164103,JR-CheapSummary（简化表示消融）；两种子均值,JR-CheapSummary; 2-seed mean,SIMPLIFIED_REPRESENTATION_ABLATION
test,quality,FullCheapSummary-mean17/29,9,30.0,False,r009,6,2,True,12,12,12.0,1042707.5249137585,1044996.7975909575,2289.272677199042,0.22637674633804816,3.141014358649651,7.9858754854649305,1.0,1.0,0.0,0.0,1.0,0.0,0.0,0.0,7.75,7.75,0.0,2289.272677199042,1044996.7975909575,1445.5563569193084,843.7163202797334,JR-CheapSummary（简化表示消融）；两种子均值,JR-CheapSummary; 2-seed mean,SIMPLIFIED_REPRESENTATION_ABLATION
test,quality,FullCheapSummary-mean17/29,10,30.0,False,r010,6,2,True,12,12,12.0,1043561.0805865627,1046515.9389224922,2954.8583359294767,0.28618442600672084,3.1411593655745187,7.77489444365104,1.0,1.0,0.0,0.0,1.0,0.0,0.0,0.0,8.0,8.0,0.0,2954.8583359294767,1046515.9389224922,1966.8994201874982,987.9589157419783,JR-CheapSummary（简化表示消融）；两种子均值,JR-CheapSummary; 2-seed mean,SIMPLIFIED_REPRESENTATION_ABLATION
test,quality,FullCheapSummary-mean17/29,11,30.0,False,r011,6,2,True,12,12,12.0,1045256.6219196878,1047809.1436414309,2552.521721742989,0.24324065588416413,2.9517624328533807,7.616300588473678,1.0,1.0,0.0,0.0,1.0,0.0,0.0,0.0,7.833333333333333,7.833333333333333,0.0,2552.521721742989,1047809.1436414309,1969.4783870563454,583.0433346866436,JR-CheapSummary（简化表示消融）；两种子均值,JR-CheapSummary; 2-seed mean,SIMPLIFIED_REPRESENTATION_ABLATION
test,quality,FullCheapSummary-seed17,8,30.0,False,r008,6,1,True,6,6,6.0,1044265.952251702,1047095.8165535079,2829.864301806005,0.27487596289500843,3.505203456928333,8.07543588615954,1.0,1.0,0.0,0.0,1.0,0.0,0.0,0.0,7.833333333333333,7.833333333333333,0.0,2829.864301806005,1047095.8165535079,1844.2452194096793,985.6190823963261,JR-CheapSummary（简化表示消融）；seed17,JR-CheapSummary; seed17,SIMPLIFIED_REPRESENTATION_ABLATION
test,quality,FullCheapSummary-seed17,9,30.0,False,r009,6,1,True,6,6,6.0,1042707.5249137585,1044996.7975909575,2289.272677199042,0.22637674633804816,3.1562616185595593,7.689895159875353,1.0,1.0,0.0,0.0,1.0,0.0,0.0,0.0,7.666666666666667,7.666666666666667,0.0,2289.272677199042,1044996.7975909575,1445.5563569193084,843.7163202797334,JR-CheapSummary（简化表示消融）；seed17,JR-CheapSummary; seed17,SIMPLIFIED_REPRESENTATION_ABLATION
test,quality,FullCheapSummary-seed17,10,30.0,False,r010,6,1,True,6,6,6.0,1043561.0805865627,1046515.9389224922,2954.8583359294767,0.28618442600672084,3.311715506017208,7.900163505847256,1.0,1.0,0.0,0.0,1.0,0.0,0.0,0.0,8.0,8.0,0.0,2954.8583359294767,1046515.9389224922,1966.8994201874982,987.9589157419783,JR-CheapSummary（简化表示消融）；seed17,JR-CheapSummary; seed17,SIMPLIFIED_REPRESENTATION_ABLATION
test,quality,FullCheapSummary-seed17,11,30.0,False,r011,6,1,True,6,6,6.0,1045256.6219196878,1047809.1436414309,2552.521721742989,0.24324065588416413,3.119147812947631,7.786573061719537,1.0,1.0,0.0,0.0,1.0,0.0,0.0,0.0,7.833333333333333,7.833333333333333,0.0,2552.521721742989,1047809.1436414309,1969.4783870563454,583.0433346866436,JR-CheapSummary（简化表示消融）；seed17,JR-CheapSummary; seed17,SIMPLIFIED_REPRESENTATION_ABLATION
test,quality,FullCheapSummary-seed29,8,30.0,False,r008,6,1,True,6,6,6.0,1044265.952251702,1047093.1933939481,2827.2411422461737,0.27462947446705394,2.926449033121268,7.673347133522232,1.0,1.0,0.0,0.0,1.0,0.0,0.0,0.0,7.666666666666667,7.666666666666667,0.0,2827.2411422461737,1047093.1933939481,1844.2452194096793,982.9959228364945,JR-CheapSummary（简化表示消融）；seed29,JR-CheapSummary; seed29,SIMPLIFIED_REPRESENTATION_ABLATION
test,quality,FullCheapSummary-seed29,9,30.0,False,r009,6,1,True,6,6,6.0,1042707.5249137585,1044996.7975909575,2289.272677199042,0.22637674633804816,3.1257670987397432,8.281855811054507,1.0,1.0,0.0,0.0,1.0,0.0,0.0,0.0,7.833333333333333,7.833333333333333,0.0,2289.272677199042,1044996.7975909575,1445.5563569193084,843.7163202797334,JR-CheapSummary（简化表示消融）；seed29,JR-CheapSummary; seed29,SIMPLIFIED_REPRESENTATION_ABLATION
test,quality,FullCheapSummary-seed29,10,30.0,False,r010,6,1,True,6,6,6.0,1043561.0805865627,1046515.9389224922,2954.8583359294767,0.28618442600672084,2.9706032251318297,7.649625381454825,1.0,1.0,0.0,0.0,1.0,0.0,0.0,0.0,8.0,8.0,0.0,2954.8583359294767,1046515.9389224922,1966.8994201874982,987.9589157419783,JR-CheapSummary（简化表示消融）；seed29,JR-CheapSummary; seed29,SIMPLIFIED_REPRESENTATION_ABLATION
test,quality,FullCheapSummary-seed29,11,30.0,False,r011,6,1,True,6,6,6.0,1045256.6219196878,1047809.1436414309,2552.521721742989,0.24324065588416413,2.784377052759131,7.4460281152278185,1.0,1.0,0.0,0.0,1.0,0.0,0.0,0.0,7.833333333333333,7.833333333333333,0.0,2552.521721742989,1047809.1436414309,1969.4783870563454,583.0433346866436,JR-CheapSummary（简化表示消融）；seed29,JR-CheapSummary; seed29,SIMPLIFIED_REPRESENTATION_ABLATION
test,quality,FullP1,8,30.0,False,r008,6,1,True,6,6,6.0,1044265.952251702,1046110.1974711117,1844.2452194096793,0.17784157319812247,1.3070768242081006,5.887675818055868,1.0,1.0,0.0,0.0,1.0,0.0,0.0,0.0,5.666666666666667,5.666666666666667,0.0,1844.2452194096793,1046110.1974711117,1844.2452194096793,0.0,Independent-replacement+CHILS（独立替代估计对照）,Independent-replacement+CHILS,INTERNAL_INDEPENDENT_REPLACEMENT_CONTROL
test,quality,FullP1,9,30.0,False,r009,6,1,True,6,6,6.0,1042707.5249137585,1044153.0812706779,1445.5563569193084,0.14109015870293945,1.2639281234393518,5.711839374775688,1.0,0.8333333333333334,0.0,0.16666666666666666,1.0,0.0,0.0,0.0,5.5,5.5,0.0,1445.5563569193084,1044153.0812706779,1445.5563569193084,0.0,Independent-replacement+CHILS（独立替代估计对照）,Independent-replacement+CHILS,INTERNAL_INDEPENDENT_REPLACEMENT_CONTROL
test,quality,FullP1,10,30.0,False,r010,6,1,True,6,6,6.0,1043561.0805865627,1045589.477301886,2028.3967153233243,0.19612778933631358,1.3459310475736856,6.246706190829475,1.0,1.0,0.0,0.0,1.0,0.0,0.0,0.0,6.166666666666667,6.166666666666667,0.0,2028.3967153233243,1045589.477301886,1966.8994201874982,61.497295135826185,Independent-replacement+CHILS（独立替代估计对照）,Independent-replacement+CHILS,INTERNAL_INDEPENDENT_REPLACEMENT_CONTROL
test,quality,FullP1,11,30.0,False,r011,6,1,True,6,6,6.0,1045256.6219196878,1047232.7364426086,1976.114522920844,0.18949778591042055,1.7289294712245464,6.450260082880656,1.0,0.8333333333333334,0.0,0.16666666666666666,1.0,0.0,0.0,0.0,5.166666666666667,5.166666666666667,0.0,1976.114522920844,1047232.7364426086,1969.4783870563454,6.636135864498404,Independent-replacement+CHILS（独立替代估计对照）,Independent-replacement+CHILS,INTERNAL_INDEPENDENT_REPLACEMENT_CONTROL
test,quality,FullGreedy,8,30.0,False,r008,6,1,True,6,6,6.0,1044265.952251702,1047093.1933939481,2827.2411422461737,0.27462947446705394,1.613514693453908,6.1041029548893375,1.0,1.0,0.0,0.0,1.0,0.0,0.0,0.0,7.666666666666667,7.666666666666667,0.0,2827.2411422461737,1047093.1933939481,1844.2452194096793,982.9959228364945,Greedy-rank+CHILS（贪心请求排序内部对照）,Greedy-rank+CHILS,INTERNAL_GREEDY_REQUEST_RANKING
test,quality,FullGreedy,9,30.0,False,r009,6,1,True,6,6,6.0,1042707.5249137585,1044996.7975909575,2289.272677199042,0.22637674633804816,1.3976710438728333,5.940984848265846,1.0,1.0,0.0,0.0,1.0,0.0,0.0,0.0,7.5,7.5,0.0,2289.272677199042,1044996.7975909575,1445.5563569193084,843.7163202797334,Greedy-rank+CHILS（贪心请求排序内部对照）,Greedy-rank+CHILS,INTERNAL_GREEDY_REQUEST_RANKING
test,quality,FullGreedy,10,30.0,False,r010,6,1,True,6,6,6.0,1043561.0805865627,1046515.9389224922,2954.8583359294767,0.28618442600672084,1.810052903989951,6.359797077874343,1.0,1.0,0.0,0.0,1.0,0.0,0.0,0.0,8.0,8.0,0.0,2954.8583359294767,1046515.9389224922,1966.8994201874982,987.9589157419783,Greedy-rank+CHILS（贪心请求排序内部对照）,Greedy-rank+CHILS,INTERNAL_GREEDY_REQUEST_RANKING
test,quality,FullGreedy,11,30.0,False,r011,6,1,True,6,6,6.0,1045256.6219196878,1047809.1436414309,2552.521721742989,0.24324065588416413,1.6667699416478474,6.307167443757256,1.0,1.0,0.0,0.0,1.0,0.0,0.0,0.0,7.5,7.5,0.0,2552.521721742989,1047809.1436414309,1969.4783870563454,583.0433346866436,Greedy-rank+CHILS（贪心请求排序内部对照）,Greedy-rank+CHILS,INTERNAL_GREEDY_REQUEST_RANKING
test,quality,CHILS-p1,8,30.0,False,r008,6,1,True,6,6,6.0,1044265.952251702,1133172.3022455394,88906.34999383755,8.755794096815421,21.184637307499845,22.261043509468436,1.0,1.0,0.0,0.0,1.0,0.0,0.0,0.0,1.0,0.0,0.0,88906.34999383755,1133172.3022455394,0.0,88906.34999383755,CHILS-p1（SEA 2025 公开 MWIS 算法）,CHILS-p1 (SEA 2025),PUBLISHED_MWIS_BASELINE
test,quality,CHILS-p1,9,30.0,False,r009,6,1,True,6,6,6.0,1042707.5249137585,1131214.9654425753,88507.44052881666,8.700853606726783,21.184467141826946,22.250349295015138,1.0,1.0,0.0,0.0,1.0,0.0,0.0,0.0,1.0,0.0,0.0,88507.44052881666,1131214.9654425753,0.0,88507.44052881666,CHILS-p1（SEA 2025 公开 MWIS 算法）,CHILS-p1 (SEA 2025),PUBLISHED_MWIS_BASELINE
test,quality,CHILS-p1,10,30.0,False,r010,6,1,True,6,6,6.0,1043561.0805865627,1132466.3829191735,88905.30233261066,8.703503914529973,21.18233286465208,22.264333677167695,1.0,1.0,0.0,0.0,1.0,0.0,0.0,0.0,1.0,0.0,0.0,88905.30233261066,1132466.3829191735,0.0,88905.30233261066,CHILS-p1（SEA 2025 公开 MWIS 算法）,CHILS-p1 (SEA 2025),PUBLISHED_MWIS_BASELINE
test,quality,CHILS-p1,11,30.0,False,r011,6,1,True,6,6,6.0,1045256.6219196878,1132238.2700765806,86981.64815689287,8.536496390003506,21.182280190909903,22.283437374358375,1.0,1.0,0.0,0.0,1.0,0.0,0.0,0.0,1.0,0.0,0.0,86981.64815689287,1132238.2700765806,0.0,86981.64815689287,CHILS-p1（SEA 2025 公开 MWIS 算法）,CHILS-p1 (SEA 2025),PUBLISHED_MWIS_BASELINE
test,quality,HiGHS-MILP,8,30.0,False,r008,6,1,True,6,6,3.0,1044265.952251702,null,null,null,27.01464021888872,28.256944997857016,0.5,0.5,0.5,0.0,0.5,0.5,0.0,0.0,null,0.0,0.0,0.0,1044265.952251702,0.0,0.0,HiGHS-MILP（通用 MILP 软件参照）,HiGHS (generic MILP),GENERIC_MILP_SOFTWARE_REFERENCE
test,quality,HiGHS-MILP,9,30.0,False,r009,6,1,True,6,6,4.0,1042707.5249137585,null,null,null,25.637182247514527,26.878613956272602,0.6666666666666666,0.6666666666666666,0.3333333333333333,0.0,0.6666666666666666,0.3333333333333333,0.0,0.0,null,0.0,0.0,0.0,1042707.5249137585,0.0,0.0,HiGHS-MILP（通用 MILP 软件参照）,HiGHS (generic MILP),GENERIC_MILP_SOFTWARE_REFERENCE
test,quality,HiGHS-MILP,10,30.0,False,r010,6,1,True,6,6,3.0,1043561.0805865627,null,null,null,26.50805540010333,27.72633918436865,0.5,0.5,0.5,0.0,0.5,0.5,0.0,0.0,null,0.0,0.0,0.0,1043561.0805865627,0.0,0.0,HiGHS-MILP（通用 MILP 软件参照）,HiGHS (generic MILP),GENERIC_MILP_SOFTWARE_REFERENCE
test,quality,HiGHS-MILP,11,30.0,False,r011,6,1,True,6,6,3.0,1045256.6219196878,null,null,null,26.22269784162442,27.425868776937325,0.5,0.5,0.5,0.0,0.5,0.5,0.0,0.0,null,0.0,0.0,0.0,1045256.6219196878,0.0,0.0,HiGHS-MILP（通用 MILP 软件参照）,HiGHS (generic MILP),GENERIC_MILP_SOFTWARE_REFERENCE
test,quality,FullCapacity-mean17/29,8,60.0,False,r008,6,2,True,12,12,12.0,1044265.952251702,1047094.5049737281,2828.5527220260897,0.2747527186810312,3.279155209970971,8.003728037079176,1.0,1.0,0.0,0.0,1.0,0.0,0.0,0.0,7.833333333333333,7.833333333333333,0.0,2828.5527220260897,1047094.5049737281,1844.2452194096793,984.3075026164103,JointRecovery（本文方法，JR；完整框架 STK 迁移）；两种子均值,"JointRecovery (JR, ours); 2-seed mean",PROPOSED_FULL_FRAMEWORK
test,quality,FullCapacity-mean17/29,9,60.0,False,r009,6,2,True,12,12,12.0,1042707.5249137585,1044996.7975909575,2289.272677199042,0.22637674633804816,3.378618538379669,8.094843762305876,1.0,1.0,0.0,0.0,1.0,0.0,0.0,0.0,7.666666666666667,7.666666666666667,0.0,2289.272677199042,1044996.7975909575,1445.5563569193084,843.7163202797334,JointRecovery（本文方法，JR；完整框架 STK 迁移）；两种子均值,"JointRecovery (JR, ours); 2-seed mean",PROPOSED_FULL_FRAMEWORK
test,quality,FullCapacity-mean17/29,10,60.0,False,r010,6,2,True,12,12,12.0,1043561.0805865627,1046559.8610041314,2998.7804175687293,0.29220345678642234,3.209893577111264,8.05169505594919,1.0,1.0,0.0,0.0,1.0,0.0,0.0,0.0,8.0,8.0,0.0,2998.7804175687293,1046559.8610041314,1966.8994201874982,1031.8809973812313,JointRecovery（本文方法，JR；完整框架 STK 迁移）；两种子均值,"JointRecovery (JR, ours); 2-seed mean",PROPOSED_FULL_FRAMEWORK
test,quality,FullCapacity-mean17/29,11,60.0,False,r011,6,2,True,12,12,12.0,1045256.6219196878,1047809.1436414309,2552.521721742989,0.24324065588416413,3.0532515371839204,7.653251474102338,1.0,1.0,0.0,0.0,1.0,0.0,0.0,0.0,7.833333333333333,7.833333333333333,0.0,2552.521721742989,1047809.1436414309,1969.4783870563454,583.0433346866436,JointRecovery（本文方法，JR；完整框架 STK 迁移）；两种子均值,"JointRecovery (JR, ours); 2-seed mean",PROPOSED_FULL_FRAMEWORK
test,quality,FullCapacity-seed17,8,60.0,False,r008,6,1,True,6,6,6.0,1044265.952251702,1047093.1933939481,2827.2411422461737,0.27462947446705394,3.0722981933504343,7.818175273636977,1.0,1.0,0.0,0.0,1.0,0.0,0.0,0.0,7.666666666666667,7.666666666666667,0.0,2827.2411422461737,1047093.1933939481,1844.2452194096793,982.9959228364945,JointRecovery（本文方法，JR；完整框架 STK 迁移）；seed17,"JointRecovery (JR, ours); seed17",PROPOSED_FULL_FRAMEWORK
test,quality,FullCapacity-seed17,9,60.0,False,r009,6,1,True,6,6,6.0,1042707.5249137585,1044996.7975909575,2289.272677199042,0.22637674633804816,2.890746725102266,7.689767068872849,1.0,1.0,0.0,0.0,1.0,0.0,0.0,0.0,7.5,7.5,0.0,2289.272677199042,1044996.7975909575,1445.5563569193084,843.7163202797334,JointRecovery（本文方法，JR；完整框架 STK 迁移）；seed17,"JointRecovery (JR, ours); seed17",PROPOSED_FULL_FRAMEWORK
test,quality,FullCapacity-seed17,10,60.0,False,r010,6,1,True,6,6,6.0,1043561.0805865627,1046515.9389224922,2954.8583359294767,0.28618442600672084,2.841982881849011,7.816770534962416,1.0,1.0,0.0,0.0,1.0,0.0,0.0,0.0,8.0,8.0,0.0,2954.8583359294767,1046515.9389224922,1966.8994201874982,987.9589157419783,JointRecovery（本文方法，JR；完整框架 STK 迁移）；seed17,"JointRecovery (JR, ours); seed17",PROPOSED_FULL_FRAMEWORK
test,quality,FullCapacity-seed17,11,60.0,False,r011,6,1,True,6,6,6.0,1045256.6219196878,1047809.1436414309,2552.521721742989,0.24324065588416413,2.6850558606286845,7.270263859381278,1.0,1.0,0.0,0.0,1.0,0.0,0.0,0.0,7.833333333333333,7.833333333333333,0.0,2552.521721742989,1047809.1436414309,1969.4783870563454,583.0433346866436,JointRecovery（本文方法，JR；完整框架 STK 迁移）；seed17,"JointRecovery (JR, ours); seed17",PROPOSED_FULL_FRAMEWORK
test,quality,FullCapacity-seed29,8,60.0,False,r008,6,1,True,6,6,6.0,1044265.952251702,1047095.8165535079,2829.864301806005,0.27487596289500843,3.4860122265915074,8.189280800521374,1.0,1.0,0.0,0.0,1.0,0.0,0.0,0.0,8.0,8.0,0.0,2829.864301806005,1047095.8165535079,1844.2452194096793,985.6190823963261,JointRecovery（本文方法，JR；完整框架 STK 迁移）；seed29,"JointRecovery (JR, ours); seed29",PROPOSED_FULL_FRAMEWORK
test,quality,FullCapacity-seed29,9,60.0,False,r009,6,1,True,6,6,6.0,1042707.5249137585,1044996.7975909575,2289.272677199042,0.22637674633804816,3.8664903516570726,8.499920455738902,1.0,1.0,0.0,0.0,1.0,0.0,0.0,0.0,7.833333333333333,7.833333333333333,0.0,2289.272677199042,1044996.7975909575,1445.5563569193084,843.7163202797334,JointRecovery（本文方法，JR；完整框架 STK 迁移）；seed29,"JointRecovery (JR, ours); seed29",PROPOSED_FULL_FRAMEWORK
test,quality,FullCapacity-seed29,10,60.0,False,r010,6,1,True,6,6,6.0,1043561.0805865627,1046603.7830857706,3042.7024992079823,0.29822248756612385,3.5778042723735175,8.286619576935967,1.0,1.0,0.0,0.0,1.0,0.0,0.0,0.0,8.0,8.0,0.0,3042.7024992079823,1046603.7830857706,1966.8994201874982,1075.8030790204841,JointRecovery（本文方法，JR；完整框架 STK 迁移）；seed29,"JointRecovery (JR, ours); seed29",PROPOSED_FULL_FRAMEWORK
test,quality,FullCapacity-seed29,11,60.0,False,r011,6,1,True,6,6,6.0,1045256.6219196878,1047809.1436414309,2552.521721742989,0.24324065588416413,3.4214472137391567,8.036239088823399,1.0,1.0,0.0,0.0,1.0,0.0,0.0,0.0,7.833333333333333,7.833333333333333,0.0,2552.521721742989,1047809.1436414309,1969.4783870563454,583.0433346866436,JointRecovery（本文方法，JR；完整框架 STK 迁移）；seed29,"JointRecovery (JR, ours); seed29",PROPOSED_FULL_FRAMEWORK
test,quality,FullCheapSummary-mean17/29,8,60.0,False,r008,6,2,True,12,12,12.0,1044265.952251702,1047094.5049737281,2828.5527220260897,0.2747527186810312,3.2282501834755144,7.89425802603364,1.0,1.0,0.0,0.0,1.0,0.0,0.0,0.0,7.75,7.75,0.0,2828.5527220260897,1047094.5049737281,1844.2452194096793,984.3075026164103,JR-CheapSummary（简化表示消融）；两种子均值,JR-CheapSummary; 2-seed mean,SIMPLIFIED_REPRESENTATION_ABLATION
test,quality,FullCheapSummary-mean17/29,9,60.0,False,r009,6,2,True,12,12,12.0,1042707.5249137585,1044996.7975909575,2289.272677199042,0.22637674633804816,3.151608359379073,7.987746227843066,1.0,1.0,0.0,0.0,1.0,0.0,0.0,0.0,7.75,7.75,0.0,2289.272677199042,1044996.7975909575,1445.5563569193084,843.7163202797334,JR-CheapSummary（简化表示消融）；两种子均值,JR-CheapSummary; 2-seed mean,SIMPLIFIED_REPRESENTATION_ABLATION
test,quality,FullCheapSummary-mean17/29,10,60.0,False,r010,6,2,True,12,12,12.0,1043561.0805865627,1046515.9389224922,2954.8583359294767,0.28618442600672084,3.0949207302182913,7.887885499435167,1.0,1.0,0.0,0.0,1.0,0.0,0.0,0.0,8.0,8.0,0.0,2954.8583359294767,1046515.9389224922,1966.8994201874982,987.9589157419783,JR-CheapSummary（简化表示消融）；两种子均值,JR-CheapSummary; 2-seed mean,SIMPLIFIED_REPRESENTATION_ABLATION
test,quality,FullCheapSummary-mean17/29,11,60.0,False,r011,6,2,True,12,12,12.0,1045256.6219196878,1047809.1436414309,2552.521721742989,0.24324065588416413,2.9375444715842605,7.642692329362035,1.0,1.0,0.0,0.0,1.0,0.0,0.0,0.0,7.833333333333333,7.833333333333333,0.0,2552.521721742989,1047809.1436414309,1969.4783870563454,583.0433346866436,JR-CheapSummary（简化表示消融）；两种子均值,JR-CheapSummary; 2-seed mean,SIMPLIFIED_REPRESENTATION_ABLATION
test,quality,FullCheapSummary-seed17,8,60.0,False,r008,6,1,True,6,6,6.0,1044265.952251702,1047095.8165535079,2829.864301806005,0.27487596289500843,3.4970846765985093,8.2359848121802,1.0,1.0,0.0,0.0,1.0,0.0,0.0,0.0,7.833333333333333,7.833333333333333,0.0,2829.864301806005,1047095.8165535079,1844.2452194096793,985.6190823963261,JR-CheapSummary（简化表示消融）；seed17,JR-CheapSummary; seed17,SIMPLIFIED_REPRESENTATION_ABLATION
test,quality,FullCheapSummary-seed17,9,60.0,False,r009,6,1,True,6,6,6.0,1042707.5249137585,1044996.7975909575,2289.272677199042,0.22637674633804816,3.1968643441796303,8.008970012888312,1.0,1.0,0.0,0.0,1.0,0.0,0.0,0.0,7.666666666666667,7.666666666666667,0.0,2289.272677199042,1044996.7975909575,1445.5563569193084,843.7163202797334,JR-CheapSummary（简化表示消融）；seed17,JR-CheapSummary; seed17,SIMPLIFIED_REPRESENTATION_ABLATION
test,quality,FullCheapSummary-seed17,10,60.0,False,r010,6,1,True,6,6,6.0,1043561.0805865627,1046515.9389224922,2954.8583359294767,0.28618442600672084,3.273742640390992,8.179054488738378,1.0,1.0,0.0,0.0,1.0,0.0,0.0,0.0,8.0,8.0,0.0,2954.8583359294767,1046515.9389224922,1966.8994201874982,987.9589157419783,JR-CheapSummary（简化表示消融）；seed17,JR-CheapSummary; seed17,SIMPLIFIED_REPRESENTATION_ABLATION
test,quality,FullCheapSummary-seed17,11,60.0,False,r011,6,1,True,6,6,6.0,1045256.6219196878,1047809.1436414309,2552.521721742989,0.24324065588416413,3.0889234902958074,7.926674800614516,1.0,1.0,0.0,0.0,1.0,0.0,0.0,0.0,7.833333333333333,7.833333333333333,0.0,2552.521721742989,1047809.1436414309,1969.4783870563454,583.0433346866436,JR-CheapSummary（简化表示消融）；seed17,JR-CheapSummary; seed17,SIMPLIFIED_REPRESENTATION_ABLATION
test,quality,FullCheapSummary-seed29,8,60.0,False,r008,6,1,True,6,6,6.0,1044265.952251702,1047093.1933939481,2827.2411422461737,0.27462947446705394,2.9594156903525195,7.552531239887078,1.0,1.0,0.0,0.0,1.0,0.0,0.0,0.0,7.666666666666667,7.666666666666667,0.0,2827.2411422461737,1047093.1933939481,1844.2452194096793,982.9959228364945,JR-CheapSummary（简化表示消融）；seed29,JR-CheapSummary; seed29,SIMPLIFIED_REPRESENTATION_ABLATION
test,quality,FullCheapSummary-seed29,9,60.0,False,r009,6,1,True,6,6,6.0,1042707.5249137585,1044996.7975909575,2289.272677199042,0.22637674633804816,3.1063523745785155,7.96652244279782,1.0,1.0,0.0,0.0,1.0,0.0,0.0,0.0,7.833333333333333,7.833333333333333,0.0,2289.272677199042,1044996.7975909575,1445.5563569193084,843.7163202797334,JR-CheapSummary（简化表示消融）；seed29,JR-CheapSummary; seed29,SIMPLIFIED_REPRESENTATION_ABLATION
test,quality,FullCheapSummary-seed29,10,60.0,False,r010,6,1,True,6,6,6.0,1043561.0805865627,1046515.9389224922,2954.8583359294767,0.28618442600672084,2.9160988200455904,7.596716510131955,1.0,1.0,0.0,0.0,1.0,0.0,0.0,0.0,8.0,8.0,0.0,2954.8583359294767,1046515.9389224922,1966.8994201874982,987.9589157419783,JR-CheapSummary（简化表示消融）；seed29,JR-CheapSummary; seed29,SIMPLIFIED_REPRESENTATION_ABLATION
test,quality,FullCheapSummary-seed29,11,60.0,False,r011,6,1,True,6,6,6.0,1045256.6219196878,1047809.1436414309,2552.521721742989,0.24324065588416413,2.7861654528727136,7.358709858109553,1.0,1.0,0.0,0.0,1.0,0.0,0.0,0.0,7.833333333333333,7.833333333333333,0.0,2552.521721742989,1047809.1436414309,1969.4783870563454,583.0433346866436,JR-CheapSummary（简化表示消融）；seed29,JR-CheapSummary; seed29,SIMPLIFIED_REPRESENTATION_ABLATION
test,quality,FullP1,8,60.0,False,r008,6,1,True,6,6,6.0,1044265.952251702,1046110.1974711117,1844.2452194096793,0.17784157319812247,1.307453766465187,5.913980270425479,1.0,1.0,0.0,0.0,1.0,0.0,0.0,0.0,5.666666666666667,5.666666666666667,0.0,1844.2452194096793,1046110.1974711117,1844.2452194096793,0.0,Independent-replacement+CHILS（独立替代估计对照）,Independent-replacement+CHILS,INTERNAL_INDEPENDENT_REPLACEMENT_CONTROL
test,quality,FullP1,9,60.0,False,r009,6,1,True,6,6,6.0,1042707.5249137585,1044153.0812706779,1445.5563569193084,0.14109015870293945,1.2494557462632656,6.166740961993734,1.0,0.8333333333333334,0.0,0.16666666666666666,1.0,0.0,0.0,0.0,5.5,5.5,0.0,1445.5563569193084,1044153.0812706779,1445.5563569193084,0.0,Independent-replacement+CHILS（独立替代估计对照）,Independent-replacement+CHILS,INTERNAL_INDEPENDENT_REPLACEMENT_CONTROL
test,quality,FullP1,10,60.0,False,r010,6,1,True,6,6,6.0,1043561.0805865627,1045589.477301886,2028.3967153233243,0.19612778933631358,1.3525731420765321,5.757921427488327,1.0,1.0,0.0,0.0,1.0,0.0,0.0,0.0,6.166666666666667,6.166666666666667,0.0,2028.3967153233243,1045589.477301886,1966.8994201874982,61.497295135826185,Independent-replacement+CHILS（独立替代估计对照）,Independent-replacement+CHILS,INTERNAL_INDEPENDENT_REPLACEMENT_CONTROL
test,quality,FullP1,11,60.0,False,r011,6,1,True,6,6,6.0,1045256.6219196878,1047232.7364426086,1976.114522920844,0.18949778591042055,1.7385443163414795,6.476156298071146,1.0,0.8333333333333334,0.0,0.16666666666666666,1.0,0.0,0.0,0.0,5.166666666666667,5.166666666666667,0.0,1976.114522920844,1047232.7364426086,1969.4783870563454,6.636135864498404,Independent-replacement+CHILS（独立替代估计对照）,Independent-replacement+CHILS,INTERNAL_INDEPENDENT_REPLACEMENT_CONTROL
test,quality,FullGreedy,8,60.0,False,r008,6,1,True,6,6,6.0,1044265.952251702,1047093.1933939481,2827.2411422461737,0.27462947446705394,1.6163348692158859,6.328600310410063,1.0,1.0,0.0,0.0,1.0,0.0,0.0,0.0,7.666666666666667,7.666666666666667,0.0,2827.2411422461737,1047093.1933939481,1844.2452194096793,982.9959228364945,Greedy-rank+CHILS（贪心请求排序内部对照）,Greedy-rank+CHILS,INTERNAL_GREEDY_REQUEST_RANKING
test,quality,FullGreedy,9,60.0,False,r009,6,1,True,6,6,6.0,1042707.5249137585,1044996.7975909575,2289.272677199042,0.22637674633804816,1.3995413823674123,6.028865540400147,1.0,1.0,0.0,0.0,1.0,0.0,0.0,0.0,7.5,7.5,0.0,2289.272677199042,1044996.7975909575,1445.5563569193084,843.7163202797334,Greedy-rank+CHILS（贪心请求排序内部对照）,Greedy-rank+CHILS,INTERNAL_GREEDY_REQUEST_RANKING
test,quality,FullGreedy,10,60.0,False,r010,6,1,True,6,6,6.0,1043561.0805865627,1046515.9389224922,2954.8583359294767,0.28618442600672084,1.8080918478469055,6.26599123266836,1.0,1.0,0.0,0.0,1.0,0.0,0.0,0.0,8.0,8.0,0.0,2954.8583359294767,1046515.9389224922,1966.8994201874982,987.9589157419783,Greedy-rank+CHILS（贪心请求排序内部对照）,Greedy-rank+CHILS,INTERNAL_GREEDY_REQUEST_RANKING
test,quality,FullGreedy,11,60.0,False,r011,6,1,True,6,6,6.0,1045256.6219196878,1047809.1436414309,2552.521721742989,0.24324065588416413,1.6675629516442616,6.227643379320701,1.0,1.0,0.0,0.0,1.0,0.0,0.0,0.0,7.5,7.5,0.0,2552.521721742989,1047809.1436414309,1969.4783870563454,583.0433346866436,Greedy-rank+CHILS（贪心请求排序内部对照）,Greedy-rank+CHILS,INTERNAL_GREEDY_REQUEST_RANKING
test,quality,CHILS-p1,8,60.0,False,r008,6,1,True,6,6,6.0,1044265.952251702,1134367.6981485952,90101.7458968932,8.880399036737376,42.182064474870764,43.257864282776914,1.0,1.0,0.0,0.0,1.0,0.0,0.0,0.0,1.0,0.0,0.0,90101.7458968932,1134367.6981485952,0.0,90101.7458968932,CHILS-p1（SEA 2025 公开 MWIS 算法）,CHILS-p1 (SEA 2025),PUBLISHED_MWIS_BASELINE
test,quality,CHILS-p1,9,60.0,False,r009,6,1,True,6,6,6.0,1042707.5249137585,1131580.9014015135,88873.37648775487,8.742228888997838,42.18074502361318,43.26077367675801,1.0,1.0,0.0,0.0,1.0,0.0,0.0,0.0,1.0,0.0,0.0,88873.37648775487,1131580.9014015135,0.0,88873.37648775487,CHILS-p1（SEA 2025 公开 MWIS 算法）,CHILS-p1 (SEA 2025),PUBLISHED_MWIS_BASELINE
test,quality,CHILS-p1,10,60.0,False,r010,6,1,True,6,6,6.0,1043561.0805865627,1132942.860779386,89381.78019282327,8.752855896268562,42.18365261889994,43.2552070611467,1.0,1.0,0.0,0.0,1.0,0.0,0.0,0.0,1.0,0.0,0.0,89381.78019282327,1132942.860779386,0.0,89381.78019282327,CHILS-p1（SEA 2025 公开 MWIS 算法）,CHILS-p1 (SEA 2025),PUBLISHED_MWIS_BASELINE
test,quality,CHILS-p1,11,60.0,False,r011,6,1,True,6,6,6.0,1045256.6219196878,1132804.050558902,87547.42863921435,8.590461319954532,42.184920132781066,43.276328071951866,1.0,1.0,0.0,0.0,1.0,0.0,0.0,0.0,1.0,0.0,0.0,87547.42863921435,1132804.050558902,0.0,87547.42863921435,CHILS-p1（SEA 2025 公开 MWIS 算法）,CHILS-p1 (SEA 2025),PUBLISHED_MWIS_BASELINE
test,quality,HiGHS-MILP,8,60.0,False,r008,6,1,True,6,6,2.0,1044265.952251702,null,null,null,55.32597170459727,56.587197011336684,0.3333333333333333,0.3333333333333333,0.6666666666666666,0.0,0.3333333333333333,0.6666666666666666,0.0,0.0,null,0.0,0.0,0.0,1044265.952251702,0.0,0.0,HiGHS-MILP（通用 MILP 软件参照）,HiGHS (generic MILP),GENERIC_MILP_SOFTWARE_REFERENCE
test,quality,HiGHS-MILP,9,60.0,False,r009,6,1,True,6,6,3.0,1042707.5249137585,null,null,null,53.06315754354,54.309384978065886,0.5,0.5,0.5,0.0,0.5,0.5,0.0,0.0,null,0.0,0.0,0.0,1042707.5249137585,0.0,0.0,HiGHS-MILP（通用 MILP 软件参照）,HiGHS (generic MILP),GENERIC_MILP_SOFTWARE_REFERENCE
test,quality,HiGHS-MILP,10,60.0,False,r010,6,1,True,6,6,3.0,1043561.0805865627,null,null,null,54.087544087320566,55.31427157546083,0.5,0.5,0.5,0.0,0.5,0.5,0.0,0.0,null,0.0,0.0,0.0,1043561.0805865627,0.0,0.0,HiGHS-MILP（通用 MILP 软件参照）,HiGHS (generic MILP),GENERIC_MILP_SOFTWARE_REFERENCE
test,quality,HiGHS-MILP,11,60.0,False,r011,6,1,True,6,6,4.0,1045256.6219196878,null,null,null,52.70197690837085,53.91397495319446,0.6666666666666666,0.6666666666666666,0.3333333333333333,0.0,0.6666666666666666,0.3333333333333333,0.0,0.0,null,0.0,0.0,0.0,1045256.6219196878,0.0,0.0,HiGHS-MILP（通用 MILP 软件参照）,HiGHS (generic MILP),GENERIC_MILP_SOFTWARE_REFERENCE
test,quality,FullCapacity-mean17/29,8,120.0,False,r008,6,2,True,12,12,12.0,1044265.952251702,1047094.5049737281,2828.5527220260897,0.2747527186810312,3.292812001580993,7.861029320086042,1.0,1.0,0.0,0.0,1.0,0.0,0.0,0.0,7.833333333333333,7.833333333333333,0.0,2828.5527220260897,1047094.5049737281,1844.2452194096793,984.3075026164103,JointRecovery（本文方法，JR；完整框架 STK 迁移）；两种子均值,"JointRecovery (JR, ours); 2-seed mean",PROPOSED_FULL_FRAMEWORK
test,quality,FullCapacity-mean17/29,9,120.0,False,r009,6,2,True,12,12,12.0,1042707.5249137585,1044996.7975909575,2289.272677199042,0.22637674633804816,3.4021506601323686,8.209670388139784,1.0,1.0,0.0,0.0,1.0,0.0,0.0,0.0,7.666666666666667,7.666666666666667,0.0,2289.272677199042,1044996.7975909575,1445.5563569193084,843.7163202797334,JointRecovery（本文方法，JR；完整框架 STK 迁移）；两种子均值,"JointRecovery (JR, ours); 2-seed mean",PROPOSED_FULL_FRAMEWORK
test,quality,FullCapacity-mean17/29,10,120.0,False,r010,6,2,True,12,12,12.0,1043561.0805865627,1046559.8610041314,2998.7804175687293,0.29220345678642234,3.254905376893779,7.799122951303919,1.0,1.0,0.0,0.0,1.0,0.0,0.0,0.0,8.0,8.0,0.0,2998.7804175687293,1046559.8610041314,1966.8994201874982,1031.8809973812313,JointRecovery（本文方法，JR；完整框架 STK 迁移）；两种子均值,"JointRecovery (JR, ours); 2-seed mean",PROPOSED_FULL_FRAMEWORK
test,quality,FullCapacity-mean17/29,11,120.0,False,r011,6,2,True,12,12,12.0,1045256.6219196878,1047809.1436414309,2552.521721742989,0.24324065588416413,3.0782331321388483,7.881194733083248,1.0,1.0,0.0,0.0,1.0,0.0,0.0,0.0,7.833333333333333,7.833333333333333,0.0,2552.521721742989,1047809.1436414309,1969.4783870563454,583.0433346866436,JointRecovery（本文方法，JR；完整框架 STK 迁移）；两种子均值,"JointRecovery (JR, ours); 2-seed mean",PROPOSED_FULL_FRAMEWORK
test,quality,FullCapacity-seed17,8,120.0,False,r008,6,1,True,6,6,6.0,1044265.952251702,1047093.1933939481,2827.2411422461737,0.27462947446705394,3.0752627104520798,7.500144470483065,1.0,1.0,0.0,0.0,1.0,0.0,0.0,0.0,7.666666666666667,7.666666666666667,0.0,2827.2411422461737,1047093.1933939481,1844.2452194096793,982.9959228364945,JointRecovery（本文方法，JR；完整框架 STK 迁移）；seed17,"JointRecovery (JR, ours); seed17",PROPOSED_FULL_FRAMEWORK
test,quality,FullCapacity-seed17,9,120.0,False,r009,6,1,True,6,6,6.0,1042707.5249137585,1044996.7975909575,2289.272677199042,0.22637674633804816,2.898359185705582,7.722243573516607,1.0,1.0,0.0,0.0,1.0,0.0,0.0,0.0,7.5,7.5,0.0,2289.272677199042,1044996.7975909575,1445.5563569193084,843.7163202797334,JointRecovery（本文方法，JR；完整框架 STK 迁移）；seed17,"JointRecovery (JR, ours); seed17",PROPOSED_FULL_FRAMEWORK
test,quality,FullCapacity-seed17,10,120.0,False,r010,6,1,True,6,6,6.0,1043561.0805865627,1046515.9389224922,2954.8583359294767,0.28618442600672084,2.8800914734601974,7.340224724883835,1.0,1.0,0.0,0.0,1.0,0.0,0.0,0.0,8.0,8.0,0.0,2954.8583359294767,1046515.9389224922,1966.8994201874982,987.9589157419783,JointRecovery（本文方法，JR；完整框架 STK 迁移）；seed17,"JointRecovery (JR, ours); seed17",PROPOSED_FULL_FRAMEWORK
test,quality,FullCapacity-seed17,11,120.0,False,r011,6,1,True,6,6,6.0,1045256.6219196878,1047809.1436414309,2552.521721742989,0.24324065588416413,2.7195724000533423,7.620842207223177,1.0,1.0,0.0,0.0,1.0,0.0,0.0,0.0,7.833333333333333,7.833333333333333,0.0,2552.521721742989,1047809.1436414309,1969.4783870563454,583.0433346866436,JointRecovery（本文方法，JR；完整框架 STK 迁移）；seed17,"JointRecovery (JR, ours); seed17",PROPOSED_FULL_FRAMEWORK
test,quality,FullCapacity-seed29,8,120.0,False,r008,6,1,True,6,6,6.0,1044265.952251702,1047095.8165535079,2829.864301806005,0.27487596289500843,3.510361292709907,8.22191416968902,1.0,1.0,0.0,0.0,1.0,0.0,0.0,0.0,8.0,8.0,0.0,2829.864301806005,1047095.8165535079,1844.2452194096793,985.6190823963261,JointRecovery（本文方法，JR；完整框架 STK 迁移）；seed29,"JointRecovery (JR, ours); seed29",PROPOSED_FULL_FRAMEWORK
test,quality,FullCapacity-seed29,9,120.0,False,r009,6,1,True,6,6,6.0,1042707.5249137585,1044996.7975909575,2289.272677199042,0.22637674633804816,3.9059421345591545,8.697097202762961,1.0,1.0,0.0,0.0,1.0,0.0,0.0,0.0,7.833333333333333,7.833333333333333,0.0,2289.272677199042,1044996.7975909575,1445.5563569193084,843.7163202797334,JointRecovery（本文方法，JR；完整框架 STK 迁移）；seed29,"JointRecovery (JR, ours); seed29",PROPOSED_FULL_FRAMEWORK
test,quality,FullCapacity-seed29,10,120.0,False,r010,6,1,True,6,6,6.0,1043561.0805865627,1046603.7830857706,3042.7024992079823,0.29822248756612385,3.6297192803273597,8.258021177724004,1.0,1.0,0.0,0.0,1.0,0.0,0.0,0.0,8.0,8.0,0.0,3042.7024992079823,1046603.7830857706,1966.8994201874982,1075.8030790204841,JointRecovery（本文方法，JR；完整框架 STK 迁移）；seed29,"JointRecovery (JR, ours); seed29",PROPOSED_FULL_FRAMEWORK
test,quality,FullCapacity-seed29,11,120.0,False,r011,6,1,True,6,6,6.0,1045256.6219196878,1047809.1436414309,2552.521721742989,0.24324065588416413,3.4368938642243543,8.14154725894332,1.0,1.0,0.0,0.0,1.0,0.0,0.0,0.0,7.833333333333333,7.833333333333333,0.0,2552.521721742989,1047809.1436414309,1969.4783870563454,583.0433346866436,JointRecovery（本文方法，JR；完整框架 STK 迁移）；seed29,"JointRecovery (JR, ours); seed29",PROPOSED_FULL_FRAMEWORK
test,quality,FullCheapSummary-mean17/29,8,120.0,False,r008,6,2,True,12,12,12.0,1044265.952251702,1047094.5049737281,2828.5527220260897,0.2747527186810312,3.1808050085480013,7.8815892248724895,1.0,1.0,0.0,0.0,1.0,0.0,0.0,0.0,7.75,7.75,0.0,2828.5527220260897,1047094.5049737281,1844.2452194096793,984.3075026164103,JR-CheapSummary（简化表示消融）；两种子均值,JR-CheapSummary; 2-seed mean,SIMPLIFIED_REPRESENTATION_ABLATION
test,quality,FullCheapSummary-mean17/29,9,120.0,False,r009,6,2,True,12,12,12.0,1042707.5249137585,1044996.7975909575,2289.272677199042,0.22637674633804816,3.1136089228093624,7.820980924492081,1.0,1.0,0.0,0.0,1.0,0.0,0.0,0.0,7.75,7.75,0.0,2289.272677199042,1044996.7975909575,1445.5563569193084,843.7163202797334,JR-CheapSummary（简化表示消融）；两种子均值,JR-CheapSummary; 2-seed mean,SIMPLIFIED_REPRESENTATION_ABLATION
test,quality,FullCheapSummary-mean17/29,10,120.0,False,r010,6,2,True,12,12,12.0,1043561.0805865627,1046515.9389224922,2954.8583359294767,0.28618442600672084,3.140186410397291,8.17448694476237,1.0,1.0,0.0,0.0,1.0,0.0,0.0,0.0,8.0,8.0,0.0,2954.8583359294767,1046515.9389224922,1966.8994201874982,987.9589157419783,JR-CheapSummary（简化表示消融）；两种子均值,JR-CheapSummary; 2-seed mean,SIMPLIFIED_REPRESENTATION_ABLATION
test,quality,FullCheapSummary-mean17/29,11,120.0,False,r011,6,2,True,12,12,12.0,1045256.6219196878,1047809.1436414309,2552.521721742989,0.24324065588416413,2.9763131365180016,7.589724539468686,1.0,1.0,0.0,0.0,1.0,0.0,0.0,0.0,7.833333333333333,7.833333333333333,0.0,2552.521721742989,1047809.1436414309,1969.4783870563454,583.0433346866436,JR-CheapSummary（简化表示消融）；两种子均值,JR-CheapSummary; 2-seed mean,SIMPLIFIED_REPRESENTATION_ABLATION
test,quality,FullCheapSummary-seed17,8,120.0,False,r008,6,1,True,6,6,6.0,1044265.952251702,1047095.8165535079,2829.864301806005,0.27487596289500843,3.4784524651865163,8.306637437393269,1.0,1.0,0.0,0.0,1.0,0.0,0.0,0.0,7.833333333333333,7.833333333333333,0.0,2829.864301806005,1047095.8165535079,1844.2452194096793,985.6190823963261,JR-CheapSummary（简化表示消融）；seed17,JR-CheapSummary; seed17,SIMPLIFIED_REPRESENTATION_ABLATION
test,quality,FullCheapSummary-seed17,9,120.0,False,r009,6,1,True,6,6,6.0,1042707.5249137585,1044996.7975909575,2289.272677199042,0.22637674633804816,3.1560984775424004,7.961311101913452,1.0,1.0,0.0,0.0,1.0,0.0,0.0,0.0,7.666666666666667,7.666666666666667,0.0,2289.272677199042,1044996.7975909575,1445.5563569193084,843.7163202797334,JR-CheapSummary（简化表示消融）；seed17,JR-CheapSummary; seed17,SIMPLIFIED_REPRESENTATION_ABLATION
test,quality,FullCheapSummary-seed17,10,120.0,False,r010,6,1,True,6,6,6.0,1043561.0805865627,1046515.9389224922,2954.8583359294767,0.28618442600672084,3.314382747436563,8.339124026397863,1.0,1.0,0.0,0.0,1.0,0.0,0.0,0.0,8.0,8.0,0.0,2954.8583359294767,1046515.9389224922,1966.8994201874982,987.9589157419783,JR-CheapSummary（简化表示消融）；seed17,JR-CheapSummary; seed17,SIMPLIFIED_REPRESENTATION_ABLATION
test,quality,FullCheapSummary-seed17,11,120.0,False,r011,6,1,True,6,6,6.0,1045256.6219196878,1047809.1436414309,2552.521721742989,0.24324065588416413,3.1534211449325085,7.800323839609821,1.0,1.0,0.0,0.0,1.0,0.0,0.0,0.0,7.833333333333333,7.833333333333333,0.0,2552.521721742989,1047809.1436414309,1969.4783870563454,583.0433346866436,JR-CheapSummary（简化表示消融）；seed17,JR-CheapSummary; seed17,SIMPLIFIED_REPRESENTATION_ABLATION
test,quality,FullCheapSummary-seed29,8,120.0,False,r008,6,1,True,6,6,6.0,1044265.952251702,1047093.1933939481,2827.2411422461737,0.27462947446705394,2.8831575519094863,7.456541012351711,1.0,1.0,0.0,0.0,1.0,0.0,0.0,0.0,7.666666666666667,7.666666666666667,0.0,2827.2411422461737,1047093.1933939481,1844.2452194096793,982.9959228364945,JR-CheapSummary（简化表示消融）；seed29,JR-CheapSummary; seed29,SIMPLIFIED_REPRESENTATION_ABLATION
test,quality,FullCheapSummary-seed29,9,120.0,False,r009,6,1,True,6,6,6.0,1042707.5249137585,1044996.7975909575,2289.272677199042,0.22637674633804816,3.0711193680763245,7.68065074707071,1.0,1.0,0.0,0.0,1.0,0.0,0.0,0.0,7.833333333333333,7.833333333333333,0.0,2289.272677199042,1044996.7975909575,1445.5563569193084,843.7163202797334,JR-CheapSummary（简化表示消融）；seed29,JR-CheapSummary; seed29,SIMPLIFIED_REPRESENTATION_ABLATION
test,quality,FullCheapSummary-seed29,10,120.0,False,r010,6,1,True,6,6,6.0,1043561.0805865627,1046515.9389224922,2954.8583359294767,0.28618442600672084,2.9659900733580193,8.009849863126874,1.0,1.0,0.0,0.0,1.0,0.0,0.0,0.0,8.0,8.0,0.0,2954.8583359294767,1046515.9389224922,1966.8994201874982,987.9589157419783,JR-CheapSummary（简化表示消融）；seed29,JR-CheapSummary; seed29,SIMPLIFIED_REPRESENTATION_ABLATION
test,quality,FullCheapSummary-seed29,11,120.0,False,r011,6,1,True,6,6,6.0,1045256.6219196878,1047809.1436414309,2552.521721742989,0.24324065588416413,2.7992051281034946,7.37912523932755,1.0,1.0,0.0,0.0,1.0,0.0,0.0,0.0,7.833333333333333,7.833333333333333,0.0,2552.521721742989,1047809.1436414309,1969.4783870563454,583.0433346866436,JR-CheapSummary（简化表示消融）；seed29,JR-CheapSummary; seed29,SIMPLIFIED_REPRESENTATION_ABLATION
test,quality,FullP1,8,120.0,False,r008,6,1,True,6,6,6.0,1044265.952251702,1046110.1974711117,1844.2452194096793,0.17784157319812247,1.2830477797736723,5.763469450175762,1.0,1.0,0.0,0.0,1.0,0.0,0.0,0.0,5.666666666666667,5.666666666666667,0.0,1844.2452194096793,1046110.1974711117,1844.2452194096793,0.0,Independent-replacement+CHILS（独立替代估计对照）,Independent-replacement+CHILS,INTERNAL_INDEPENDENT_REPLACEMENT_CONTROL
test,quality,FullP1,9,120.0,False,r009,6,1,True,6,6,6.0,1042707.5249137585,1044153.0812706779,1445.5563569193084,0.14109015870293945,1.2492477080474298,5.836973852167527,1.0,0.8333333333333334,0.0,0.16666666666666666,1.0,0.0,0.0,0.0,5.5,5.5,0.0,1445.5563569193084,1044153.0812706779,1445.5563569193084,0.0,Independent-replacement+CHILS（独立替代估计对照）,Independent-replacement+CHILS,INTERNAL_INDEPENDENT_REPLACEMENT_CONTROL
test,quality,FullP1,10,120.0,False,r010,6,1,True,6,6,6.0,1043561.0805865627,1045589.477301886,2028.3967153233243,0.19612778933631358,1.3447557110339403,6.018011695394914,1.0,1.0,0.0,0.0,1.0,0.0,0.0,0.0,6.166666666666667,6.166666666666667,0.0,2028.3967153233243,1045589.477301886,1966.8994201874982,61.497295135826185,Independent-replacement+CHILS（独立替代估计对照）,Independent-replacement+CHILS,INTERNAL_INDEPENDENT_REPLACEMENT_CONTROL
test,quality,FullP1,11,120.0,False,r011,6,1,True,6,6,6.0,1045256.6219196878,1047232.7364426086,1976.114522920844,0.18949778591042055,1.753578248123328,7.0012682769447565,1.0,0.8333333333333334,0.0,0.16666666666666666,1.0,0.0,0.0,0.0,5.166666666666667,5.166666666666667,0.0,1976.114522920844,1047232.7364426086,1969.4783870563454,6.636135864498404,Independent-replacement+CHILS（独立替代估计对照）,Independent-replacement+CHILS,INTERNAL_INDEPENDENT_REPLACEMENT_CONTROL
test,quality,FullGreedy,8,120.0,False,r008,6,1,True,6,6,6.0,1044265.952251702,1047093.1933939481,2827.2411422461737,0.27462947446705394,1.6021406402190526,6.2475715428590775,1.0,1.0,0.0,0.0,1.0,0.0,0.0,0.0,7.666666666666667,7.666666666666667,0.0,2827.2411422461737,1047093.1933939481,1844.2452194096793,982.9959228364945,Greedy-rank+CHILS（贪心请求排序内部对照）,Greedy-rank+CHILS,INTERNAL_GREEDY_REQUEST_RANKING
test,quality,FullGreedy,9,120.0,False,r009,6,1,True,6,6,6.0,1042707.5249137585,1044996.7975909575,2289.272677199042,0.22637674633804816,1.3878317152460415,6.11331938393414,1.0,1.0,0.0,0.0,1.0,0.0,0.0,0.0,7.5,7.5,0.0,2289.272677199042,1044996.7975909575,1445.5563569193084,843.7163202797334,Greedy-rank+CHILS（贪心请求排序内部对照）,Greedy-rank+CHILS,INTERNAL_GREEDY_REQUEST_RANKING
test,quality,FullGreedy,10,120.0,False,r010,6,1,True,6,6,6.0,1043561.0805865627,1046515.9389224922,2954.8583359294767,0.28618442600672084,1.801694106310606,6.761934565380216,1.0,1.0,0.0,0.0,1.0,0.0,0.0,0.0,8.0,8.0,0.0,2954.8583359294767,1046515.9389224922,1966.8994201874982,987.9589157419783,Greedy-rank+CHILS（贪心请求排序内部对照）,Greedy-rank+CHILS,INTERNAL_GREEDY_REQUEST_RANKING
test,quality,FullGreedy,11,120.0,False,r011,6,1,True,6,6,6.0,1045256.6219196878,1047809.1436414309,2552.521721742989,0.24324065588416413,1.6810563821345568,6.527832201371591,1.0,1.0,0.0,0.0,1.0,0.0,0.0,0.0,7.5,7.5,0.0,2552.521721742989,1047809.1436414309,1969.4783870563454,583.0433346866436,Greedy-rank+CHILS（贪心请求排序内部对照）,Greedy-rank+CHILS,INTERNAL_GREEDY_REQUEST_RANKING
test,quality,CHILS-p1,8,120.0,False,r008,6,1,True,6,6,6.0,1044265.952251702,1134824.5962072103,90558.64395550836,8.924481959907387,84.18575112087031,85.25333462407191,1.0,1.0,0.0,0.0,1.0,0.0,0.0,0.0,1.0,0.0,0.0,90558.64395550836,1134824.5962072103,0.0,90558.64395550836,CHILS-p1（SEA 2025 公开 MWIS 算法）,CHILS-p1 (SEA 2025),PUBLISHED_MWIS_BASELINE
test,quality,CHILS-p1,9,120.0,False,r009,6,1,True,6,6,6.0,1042707.5249137585,1131775.8196854983,89068.2947717397,8.761663462853429,84.18213612958789,85.250431591024,1.0,1.0,0.0,0.0,1.0,0.0,0.0,0.0,1.0,0.0,0.0,89068.2947717397,1131775.8196854983,0.0,89068.2947717397,CHILS-p1（SEA 2025 公开 MWIS 算法）,CHILS-p1 (SEA 2025),PUBLISHED_MWIS_BASELINE
test,quality,CHILS-p1,10,120.0,False,r010,6,1,True,6,6,6.0,1043561.0805865627,1133127.9795965014,89566.89900993863,8.770367154594034,84.18126692126195,85.25664397267003,1.0,1.0,0.0,0.0,1.0,0.0,0.0,0.0,1.0,0.0,0.0,89566.89900993863,1133127.9795965014,0.0,89566.89900993863,CHILS-p1（SEA 2025 公开 MWIS 算法）,CHILS-p1 (SEA 2025),PUBLISHED_MWIS_BASELINE
test,quality,CHILS-p1,11,120.0,False,r011,6,1,True,6,6,6.0,1045256.6219196878,1133124.7388447232,87868.11692503536,8.619477746523776,84.18479403232534,85.28402904979885,1.0,1.0,0.0,0.0,1.0,0.0,0.0,0.0,1.0,0.0,0.0,87868.11692503536,1133124.7388447232,0.0,87868.11692503536,CHILS-p1（SEA 2025 公开 MWIS 算法）,CHILS-p1 (SEA 2025),PUBLISHED_MWIS_BASELINE
test,quality,HiGHS-MILP,8,120.0,False,r008,6,1,True,6,6,4.0,1044265.952251702,null,null,null,100.0813350379467,101.3264562934637,0.6666666666666666,0.6666666666666666,0.3333333333333333,0.0,0.6666666666666666,0.3333333333333333,0.0,0.0,null,0.0,0.0,0.0,1044265.952251702,0.0,0.0,HiGHS-MILP（通用 MILP 软件参照）,HiGHS (generic MILP),GENERIC_MILP_SOFTWARE_REFERENCE
test,quality,HiGHS-MILP,9,120.0,False,r009,6,1,True,6,6,4.0,1042707.5249137585,null,null,null,104.16891720642646,105.40981768382092,0.6666666666666666,0.6666666666666666,0.3333333333333333,0.0,0.6666666666666666,0.3333333333333333,0.0,0.0,null,0.0,0.0,0.0,1042707.5249137585,0.0,0.0,HiGHS-MILP（通用 MILP 软件参照）,HiGHS (generic MILP),GENERIC_MILP_SOFTWARE_REFERENCE
test,quality,HiGHS-MILP,10,120.0,False,r010,6,1,True,6,6,4.0,1043561.0805865627,null,null,null,100.653899985676,101.89542385997872,0.6666666666666666,0.6666666666666666,0.3333333333333333,0.0,0.6666666666666666,0.3333333333333333,0.0,0.0,null,0.0,0.0,0.0,1043561.0805865627,0.0,0.0,HiGHS-MILP（通用 MILP 软件参照）,HiGHS (generic MILP),GENERIC_MILP_SOFTWARE_REFERENCE
test,quality,HiGHS-MILP,11,120.0,False,r011,6,1,True,6,6,4.0,1045256.6219196878,null,null,null,99.95301789604127,101.23900043343504,0.6666666666666666,0.6666666666666666,0.3333333333333333,0.0,0.6666666666666666,0.3333333333333333,0.0,0.0,null,0.0,0.0,0.0,1045256.6219196878,0.0,0.0,HiGHS-MILP（通用 MILP 软件参照）,HiGHS (generic MILP),GENERIC_MILP_SOFTWARE_REFERENCE
test,quality,FullCapacity-mean17/29,8,300.0,True,r008,6,2,True,12,12,12.0,1044265.952251702,1047094.5049737281,2828.5527220260897,0.2747527186810312,3.247711125140389,7.90893882761399,1.0,1.0,0.0,0.0,1.0,0.0,0.0,0.0,7.833333333333333,7.833333333333333,0.0,2828.5527220260897,1047094.5049737281,1844.2452194096793,984.3075026164103,JointRecovery（本文方法，JR；完整框架 STK 迁移）；两种子均值,"JointRecovery (JR, ours); 2-seed mean",PROPOSED_FULL_FRAMEWORK
test,quality,FullCapacity-mean17/29,9,300.0,True,r009,6,2,True,12,12,12.0,1042707.5249137585,1044996.7975909575,2289.272677199042,0.22637674633804816,3.392724388589462,8.103627999934057,1.0,1.0,0.0,0.0,1.0,0.0,0.0,0.0,7.666666666666667,7.666666666666667,0.0,2289.272677199042,1044996.7975909575,1445.5563569193084,843.7163202797334,JointRecovery（本文方法，JR；完整框架 STK 迁移）；两种子均值,"JointRecovery (JR, ours); 2-seed mean",PROPOSED_FULL_FRAMEWORK
test,quality,FullCapacity-mean17/29,10,300.0,True,r010,6,2,True,12,12,12.0,1043561.0805865627,1046559.8610041314,2998.7804175687293,0.29220345678642234,3.2769551783179245,7.950174666009843,1.0,1.0,0.0,0.0,1.0,0.0,0.0,0.0,8.0,8.0,0.0,2998.7804175687293,1046559.8610041314,1966.8994201874982,1031.8809973812313,JointRecovery（本文方法，JR；完整框架 STK 迁移）；两种子均值,"JointRecovery (JR, ours); 2-seed mean",PROPOSED_FULL_FRAMEWORK
test,quality,FullCapacity-mean17/29,11,300.0,True,r011,6,2,True,12,12,12.0,1045256.6219196878,1047809.1436414309,2552.521721742989,0.24324065588416413,3.1041588618730507,7.7697794844085974,1.0,1.0,0.0,0.0,1.0,0.0,0.0,0.0,7.833333333333333,7.833333333333333,0.0,2552.521721742989,1047809.1436414309,1969.4783870563454,583.0433346866436,JointRecovery（本文方法，JR；完整框架 STK 迁移）；两种子均值,"JointRecovery (JR, ours); 2-seed mean",PROPOSED_FULL_FRAMEWORK
test,quality,FullCapacity-seed17,8,300.0,True,r008,6,1,True,6,6,6.0,1044265.952251702,1047093.1933939481,2827.2411422461737,0.27462947446705394,3.0354111213237047,7.774002329135935,1.0,1.0,0.0,0.0,1.0,0.0,0.0,0.0,7.666666666666667,7.666666666666667,0.0,2827.2411422461737,1047093.1933939481,1844.2452194096793,982.9959228364945,JointRecovery（本文方法，JR；完整框架 STK 迁移）；seed17,"JointRecovery (JR, ours); seed17",PROPOSED_FULL_FRAMEWORK
test,quality,FullCapacity-seed17,9,300.0,True,r009,6,1,True,6,6,6.0,1042707.5249137585,1044996.7975909575,2289.272677199042,0.22637674633804816,2.914879429464539,7.63928713525335,1.0,1.0,0.0,0.0,1.0,0.0,0.0,0.0,7.5,7.5,0.0,2289.272677199042,1044996.7975909575,1445.5563569193084,843.7163202797334,JointRecovery（本文方法，JR；完整框架 STK 迁移）；seed17,"JointRecovery (JR, ours); seed17",PROPOSED_FULL_FRAMEWORK
test,quality,FullCapacity-seed17,10,300.0,True,r010,6,1,True,6,6,6.0,1043561.0805865627,1046515.9389224922,2954.8583359294767,0.28618442600672084,2.8998413967589536,7.4136846115191775,1.0,1.0,0.0,0.0,1.0,0.0,0.0,0.0,8.0,8.0,0.0,2954.8583359294767,1046515.9389224922,1966.8994201874982,987.9589157419783,JointRecovery（本文方法，JR；完整框架 STK 迁移）；seed17,"JointRecovery (JR, ours); seed17",PROPOSED_FULL_FRAMEWORK
test,quality,FullCapacity-seed17,11,300.0,True,r011,6,1,True,6,6,6.0,1045256.6219196878,1047809.1436414309,2552.521721742989,0.24324065588416413,2.7477602350215116,7.488642279058695,1.0,1.0,0.0,0.0,1.0,0.0,0.0,0.0,7.833333333333333,7.833333333333333,0.0,2552.521721742989,1047809.1436414309,1969.4783870563454,583.0433346866436,JointRecovery（本文方法，JR；完整框架 STK 迁移）；seed17,"JointRecovery (JR, ours); seed17",PROPOSED_FULL_FRAMEWORK
test,quality,FullCapacity-seed29,8,300.0,True,r008,6,1,True,6,6,6.0,1044265.952251702,1047095.8165535079,2829.864301806005,0.27487596289500843,3.4600111289570727,8.043875326092044,1.0,1.0,0.0,0.0,1.0,0.0,0.0,0.0,8.0,8.0,0.0,2829.864301806005,1047095.8165535079,1844.2452194096793,985.6190823963261,JointRecovery（本文方法，JR；完整框架 STK 迁移）；seed29,"JointRecovery (JR, ours); seed29",PROPOSED_FULL_FRAMEWORK
test,quality,FullCapacity-seed29,9,300.0,True,r009,6,1,True,6,6,6.0,1042707.5249137585,1044996.7975909575,2289.272677199042,0.22637674633804816,3.8705693477143845,8.567968864614764,1.0,1.0,0.0,0.0,1.0,0.0,0.0,0.0,7.833333333333333,7.833333333333333,0.0,2289.272677199042,1044996.7975909575,1445.5563569193084,843.7163202797334,JointRecovery（本文方法，JR；完整框架 STK 迁移）；seed29,"JointRecovery (JR, ours); seed29",PROPOSED_FULL_FRAMEWORK
test,quality,FullCapacity-seed29,10,300.0,True,r010,6,1,True,6,6,6.0,1043561.0805865627,1046603.7830857706,3042.7024992079823,0.29822248756612385,3.654068959876895,8.486664720500508,1.0,1.0,0.0,0.0,1.0,0.0,0.0,0.0,8.0,8.0,0.0,3042.7024992079823,1046603.7830857706,1966.8994201874982,1075.8030790204841,JointRecovery（本文方法，JR；完整框架 STK 迁移）；seed29,"JointRecovery (JR, ours); seed29",PROPOSED_FULL_FRAMEWORK
test,quality,FullCapacity-seed29,11,300.0,True,r011,6,1,True,6,6,6.0,1045256.6219196878,1047809.1436414309,2552.521721742989,0.24324065588416413,3.4605574887245893,8.0509166897585,1.0,1.0,0.0,0.0,1.0,0.0,0.0,0.0,7.833333333333333,7.833333333333333,0.0,2552.521721742989,1047809.1436414309,1969.4783870563454,583.0433346866436,JointRecovery（本文方法，JR；完整框架 STK 迁移）；seed29,"JointRecovery (JR, ours); seed29",PROPOSED_FULL_FRAMEWORK
test,quality,FullCheapSummary-mean17/29,8,300.0,True,r008,6,2,True,12,12,12.0,1044265.952251702,1047094.5049737281,2828.5527220260897,0.2747527186810312,3.240758348877231,7.787414725869894,1.0,1.0,0.0,0.0,1.0,0.0,0.0,0.0,7.75,7.75,0.0,2828.5527220260897,1047094.5049737281,1844.2452194096793,984.3075026164103,JR-CheapSummary（简化表示消融）；两种子均值,JR-CheapSummary; 2-seed mean,SIMPLIFIED_REPRESENTATION_ABLATION
test,quality,FullCheapSummary-mean17/29,9,300.0,True,r009,6,2,True,12,12,12.0,1042707.5249137585,1044996.7975909575,2289.272677199042,0.22637674633804816,3.1671636005242667,7.912063270496826,1.0,1.0,0.0,0.0,1.0,0.0,0.0,0.0,7.75,7.75,0.0,2289.272677199042,1044996.7975909575,1445.5563569193084,843.7163202797334,JR-CheapSummary（简化表示消融）；两种子均值,JR-CheapSummary; 2-seed mean,SIMPLIFIED_REPRESENTATION_ABLATION
test,quality,FullCheapSummary-mean17/29,10,300.0,True,r010,6,2,True,12,12,12.0,1043561.0805865627,1046515.9389224922,2954.8583359294767,0.28618442600672084,3.1657679279645285,8.132998378326496,1.0,1.0,0.0,0.0,1.0,0.0,0.0,0.0,8.0,8.0,0.0,2954.8583359294767,1046515.9389224922,1966.8994201874982,987.9589157419783,JR-CheapSummary（简化表示消融）；两种子均值,JR-CheapSummary; 2-seed mean,SIMPLIFIED_REPRESENTATION_ABLATION
test,quality,FullCheapSummary-mean17/29,11,300.0,True,r011,6,2,True,12,12,12.0,1045256.6219196878,1047809.1436414309,2552.521721742989,0.24324065588416413,2.9789290906240544,7.800338390283287,1.0,1.0,0.0,0.0,1.0,0.0,0.0,0.0,7.833333333333333,7.833333333333333,0.0,2552.521721742989,1047809.1436414309,1969.4783870563454,583.0433346866436,JR-CheapSummary（简化表示消融）；两种子均值,JR-CheapSummary; 2-seed mean,SIMPLIFIED_REPRESENTATION_ABLATION
test,quality,FullCheapSummary-seed17,8,300.0,True,r008,6,1,True,6,6,6.0,1044265.952251702,1047095.8165535079,2829.864301806005,0.27487596289500843,3.536908593028784,8.10029125151535,1.0,1.0,0.0,0.0,1.0,0.0,0.0,0.0,7.833333333333333,7.833333333333333,0.0,2829.864301806005,1047095.8165535079,1844.2452194096793,985.6190823963261,JR-CheapSummary（简化表示消融）；seed17,JR-CheapSummary; seed17,SIMPLIFIED_REPRESENTATION_ABLATION
test,quality,FullCheapSummary-seed17,9,300.0,True,r009,6,1,True,6,6,6.0,1042707.5249137585,1044996.7975909575,2289.272677199042,0.22637674633804816,3.165961494669318,7.88045413667957,1.0,1.0,0.0,0.0,1.0,0.0,0.0,0.0,7.666666666666667,7.666666666666667,0.0,2289.272677199042,1044996.7975909575,1445.5563569193084,843.7163202797334,JR-CheapSummary（简化表示消融）；seed17,JR-CheapSummary; seed17,SIMPLIFIED_REPRESENTATION_ABLATION
test,quality,FullCheapSummary-seed17,10,300.0,True,r010,6,1,True,6,6,6.0,1043561.0805865627,1046515.9389224922,2954.8583359294767,0.28618442600672084,3.3390307296067476,8.443358799442649,1.0,1.0,0.0,0.0,1.0,0.0,0.0,0.0,8.0,8.0,0.0,2954.8583359294767,1046515.9389224922,1966.8994201874982,987.9589157419783,JR-CheapSummary（简化表示消融）；seed17,JR-CheapSummary; seed17,SIMPLIFIED_REPRESENTATION_ABLATION
test,quality,FullCheapSummary-seed17,11,300.0,True,r011,6,1,True,6,6,6.0,1045256.6219196878,1047809.1436414309,2552.521721742989,0.24324065588416413,3.1541361324489117,8.192995805914203,1.0,1.0,0.0,0.0,1.0,0.0,0.0,0.0,7.833333333333333,7.833333333333333,0.0,2552.521721742989,1047809.1436414309,1969.4783870563454,583.0433346866436,JR-CheapSummary（简化表示消融）；seed17,JR-CheapSummary; seed17,SIMPLIFIED_REPRESENTATION_ABLATION
test,quality,FullCheapSummary-seed29,8,300.0,True,r008,6,1,True,6,6,6.0,1044265.952251702,1047093.1933939481,2827.2411422461737,0.27462947446705394,2.944608104725679,7.47453820022444,1.0,1.0,0.0,0.0,1.0,0.0,0.0,0.0,7.666666666666667,7.666666666666667,0.0,2827.2411422461737,1047093.1933939481,1844.2452194096793,982.9959228364945,JR-CheapSummary（简化表示消融）；seed29,JR-CheapSummary; seed29,SIMPLIFIED_REPRESENTATION_ABLATION
test,quality,FullCheapSummary-seed29,9,300.0,True,r009,6,1,True,6,6,6.0,1042707.5249137585,1044996.7975909575,2289.272677199042,0.22637674633804816,3.1683657063792148,7.943672404314081,1.0,1.0,0.0,0.0,1.0,0.0,0.0,0.0,7.833333333333333,7.833333333333333,0.0,2289.272677199042,1044996.7975909575,1445.5563569193084,843.7163202797334,JR-CheapSummary（简化表示消融）；seed29,JR-CheapSummary; seed29,SIMPLIFIED_REPRESENTATION_ABLATION
test,quality,FullCheapSummary-seed29,10,300.0,True,r010,6,1,True,6,6,6.0,1043561.0805865627,1046515.9389224922,2954.8583359294767,0.28618442600672084,2.992505126322309,7.822637957210342,1.0,1.0,0.0,0.0,1.0,0.0,0.0,0.0,8.0,8.0,0.0,2954.8583359294767,1046515.9389224922,1966.8994201874982,987.9589157419783,JR-CheapSummary（简化表示消融）；seed29,JR-CheapSummary; seed29,SIMPLIFIED_REPRESENTATION_ABLATION
test,quality,FullCheapSummary-seed29,11,300.0,True,r011,6,1,True,6,6,6.0,1045256.6219196878,1047809.1436414309,2552.521721742989,0.24324065588416413,2.8037220487991967,7.4076809746523695,1.0,1.0,0.0,0.0,1.0,0.0,0.0,0.0,7.833333333333333,7.833333333333333,0.0,2552.521721742989,1047809.1436414309,1969.4783870563454,583.0433346866436,JR-CheapSummary（简化表示消融）；seed29,JR-CheapSummary; seed29,SIMPLIFIED_REPRESENTATION_ABLATION
test,quality,FullP1,8,300.0,True,r008,6,1,True,6,6,6.0,1044265.952251702,1046110.1974711117,1844.2452194096793,0.17784157319812247,1.2984448410570621,5.815825692688425,1.0,1.0,0.0,0.0,1.0,0.0,0.0,0.0,5.666666666666667,5.666666666666667,0.0,1844.2452194096793,1046110.1974711117,1844.2452194096793,0.0,Independent-replacement+CHILS（独立替代估计对照）,Independent-replacement+CHILS,INTERNAL_INDEPENDENT_REPLACEMENT_CONTROL
test,quality,FullP1,9,300.0,True,r009,6,1,True,6,6,6.0,1042707.5249137585,1044153.0812706779,1445.5563569193084,0.14109015870293945,1.2625888908902805,6.202055172373851,1.0,0.8333333333333334,0.0,0.16666666666666666,1.0,0.0,0.0,0.0,5.5,5.5,0.0,1445.5563569193084,1044153.0812706779,1445.5563569193084,0.0,Independent-replacement+CHILS（独立替代估计对照）,Independent-replacement+CHILS,INTERNAL_INDEPENDENT_REPLACEMENT_CONTROL
test,quality,FullP1,10,300.0,True,r010,6,1,True,6,6,6.0,1043561.0805865627,1045589.477301886,2028.3967153233243,0.19612778933631358,1.3476184339572985,5.920235006138682,1.0,1.0,0.0,0.0,1.0,0.0,0.0,0.0,6.166666666666667,6.166666666666667,0.0,2028.3967153233243,1045589.477301886,1966.8994201874982,61.497295135826185,Independent-replacement+CHILS（独立替代估计对照）,Independent-replacement+CHILS,INTERNAL_INDEPENDENT_REPLACEMENT_CONTROL
test,quality,FullP1,11,300.0,True,r011,6,1,True,6,6,6.0,1045256.6219196878,1047232.7364426086,1976.114522920844,0.18949778591042055,1.7368157176921766,6.4180094202359514,1.0,0.8333333333333334,0.0,0.16666666666666666,1.0,0.0,0.0,0.0,5.166666666666667,5.166666666666667,0.0,1976.114522920844,1047232.7364426086,1969.4783870563454,6.636135864498404,Independent-replacement+CHILS（独立替代估计对照）,Independent-replacement+CHILS,INTERNAL_INDEPENDENT_REPLACEMENT_CONTROL
test,quality,FullGreedy,8,300.0,True,r008,6,1,True,6,6,6.0,1044265.952251702,1047093.1933939481,2827.2411422461737,0.27462947446705394,1.6100697225580614,6.449386868004997,1.0,1.0,0.0,0.0,1.0,0.0,0.0,0.0,7.666666666666667,7.666666666666667,0.0,2827.2411422461737,1047093.1933939481,1844.2452194096793,982.9959228364945,Greedy-rank+CHILS（贪心请求排序内部对照）,Greedy-rank+CHILS,INTERNAL_GREEDY_REQUEST_RANKING
test,quality,FullGreedy,9,300.0,True,r009,6,1,True,6,6,6.0,1042707.5249137585,1044996.7975909575,2289.272677199042,0.22637674633804816,1.403450186053912,6.128850057100256,1.0,1.0,0.0,0.0,1.0,0.0,0.0,0.0,7.5,7.5,0.0,2289.272677199042,1044996.7975909575,1445.5563569193084,843.7163202797334,Greedy-rank+CHILS（贪心请求排序内部对照）,Greedy-rank+CHILS,INTERNAL_GREEDY_REQUEST_RANKING
test,quality,FullGreedy,10,300.0,True,r010,6,1,True,6,6,6.0,1043561.0805865627,1046515.9389224922,2954.8583359294767,0.28618442600672084,1.8346251118928194,6.564270447318752,1.0,1.0,0.0,0.0,1.0,0.0,0.0,0.0,8.0,8.0,0.0,2954.8583359294767,1046515.9389224922,1966.8994201874982,987.9589157419783,Greedy-rank+CHILS（贪心请求排序内部对照）,Greedy-rank+CHILS,INTERNAL_GREEDY_REQUEST_RANKING
test,quality,FullGreedy,11,300.0,True,r011,6,1,True,6,6,6.0,1045256.6219196878,1047809.1436414309,2552.521721742989,0.24324065588416413,1.6699476310362418,6.330137137323618,1.0,1.0,0.0,0.0,1.0,0.0,0.0,0.0,7.5,7.5,0.0,2552.521721742989,1047809.1436414309,1969.4783870563454,583.0433346866436,Greedy-rank+CHILS（贪心请求排序内部对照）,Greedy-rank+CHILS,INTERNAL_GREEDY_REQUEST_RANKING
test,quality,CHILS-p1,8,300.0,True,r008,6,1,True,6,6,6.0,1044265.952251702,1134834.479637711,90568.52738600918,8.925237262077765,210.183613197878,211.26831924170256,1.0,1.0,0.0,0.0,1.0,0.0,0.0,0.0,1.0,0.0,0.0,90568.52738600918,1134834.479637711,0.0,90568.52738600918,CHILS-p1（SEA 2025 公开 MWIS 算法）,CHILS-p1 (SEA 2025),PUBLISHED_MWIS_BASELINE
test,quality,CHILS-p1,9,300.0,True,r009,6,1,True,6,6,6.0,1042707.5249137585,1131775.8196854983,89068.2947717397,8.761663462853429,210.1826956321796,211.28423793241382,1.0,1.0,0.0,0.0,1.0,0.0,0.0,0.0,1.0,0.0,0.0,89068.2947717397,1131775.8196854983,0.0,89068.2947717397,CHILS-p1（SEA 2025 公开 MWIS 算法）,CHILS-p1 (SEA 2025),PUBLISHED_MWIS_BASELINE
test,quality,CHILS-p1,10,300.0,True,r010,6,1,True,6,6,6.0,1043561.0805865627,1133127.9795965014,89566.89900993863,8.770367154594034,210.18307704788944,211.28855617282292,1.0,1.0,0.0,0.0,1.0,0.0,0.0,0.0,1.0,0.0,0.0,89566.89900993863,1133127.9795965014,0.0,89566.89900993863,CHILS-p1（SEA 2025 公开 MWIS 算法）,CHILS-p1 (SEA 2025),PUBLISHED_MWIS_BASELINE
test,quality,CHILS-p1,11,300.0,True,r011,6,1,True,6,6,6.0,1045256.6219196878,1133161.7982802328,87905.17636054504,8.622547451347756,210.1840615707139,211.274787692974,1.0,1.0,0.0,0.0,1.0,0.0,0.0,0.0,1.0,0.0,0.0,87905.17636054504,1133161.7982802328,0.0,87905.17636054504,CHILS-p1（SEA 2025 公开 MWIS 算法）,CHILS-p1 (SEA 2025),PUBLISHED_MWIS_BASELINE
test,quality,HiGHS-MILP,8,300.0,True,r008,6,1,True,6,6,4.0,1044265.952251702,null,null,null,245.6541220365713,246.93148650725684,0.6666666666666666,0.6666666666666666,0.3333333333333333,0.0,0.6666666666666666,0.3333333333333333,0.0,0.0,null,0.0,0.0,0.0,1044265.952251702,0.0,0.0,HiGHS-MILP（通用 MILP 软件参照）,HiGHS (generic MILP),GENERIC_MILP_SOFTWARE_REFERENCE
test,quality,HiGHS-MILP,9,300.0,True,r009,6,1,True,6,6,4.0,1042707.5249137585,null,null,null,243.7906692760686,245.079631579419,0.6666666666666666,0.6666666666666666,0.3333333333333333,0.0,0.6666666666666666,0.3333333333333333,0.0,0.0,null,0.0,0.0,11562.697301181848,1054270.2222149402,0.0,11562.697301181848,HiGHS-MILP（通用 MILP 软件参照）,HiGHS (generic MILP),GENERIC_MILP_SOFTWARE_REFERENCE
test,quality,HiGHS-MILP,10,300.0,True,r010,6,1,True,6,6,3.0,1043561.0805865627,null,null,null,257.5293084482352,258.7955244568487,0.5,0.5,0.5,0.0,0.5,0.5,0.0,0.0,null,0.0,0.0,12049.968352013151,1055611.048938576,0.0,12049.968352013151,HiGHS-MILP（通用 MILP 软件参照）,HiGHS (generic MILP),GENERIC_MILP_SOFTWARE_REFERENCE
test,quality,HiGHS-MILP,11,300.0,True,r011,6,1,True,6,6,4.0,1045256.6219196878,null,null,null,247.2742365182688,248.54672485217452,0.6666666666666666,0.6666666666666666,0.3333333333333333,0.0,0.6666666666666666,0.3333333333333333,0.0,0.0,null,0.0,0.0,11118.556698739334,1056375.1786184271,0.0,11118.556698739334,HiGHS-MILP（通用 MILP 软件参照）,HiGHS (generic MILP),GENERIC_MILP_SOFTWARE_REFERENCE
