phase,budget_id,policy_label,source,graph_id,is_primary_quality_allowance,seed_count,grid_complete,complete_quality_cells,deadline_seconds,initial_S_seconds,complete_objective_seconds,complete_gain_seconds,complete_gain_percent,caller_seconds,whole_cli_seconds_including_resident_setup,complete_result_rate,native_output_rate,external_fallback_only_rate,legit_no_native_required_rate,on_time_return_rate,observed_late_rate,submission_failure_rate,unknown_completion_rate,actual_native_calls,verified_native_responses,failed_completed_requests,strict_gain_seconds_secondary,actual_return_objective_seconds_diagnostic,paid_prefix_seconds_diagnostic,beyond_paid_prefix_seconds_diagnostic,method_display,method_display_en,method_role
validation,quality,FullCapacity-mean17/29,6,JR-DUAL-r006-R12-g0170,False,2,True,2.0,10.0,1304450.278531471,1306008.711622348,1558.4330908770207,0.11947048626732476,5.293711498379707,13.411823596805334,1.0,1.0,0.0,0.0,1.0,0.0,0.0,0.0,7.5,7.5,0.0,1558.4330908770207,1306008.711622348,1287.3493890268728,271.0837018501479,JointRecovery（本文方法，JR；完整框架 STK 迁移）；两种子均值,"JointRecovery (JR, ours); 2-seed mean",PROPOSED_FULL_FRAMEWORK
validation,quality,FullCapacity-mean17/29,6,JR-DUAL-r006-R12-g0340,False,2,True,2.0,10.0,1205720.942989415,1209107.389922451,3386.4469330359716,0.2808649010143055,5.808368207886815,12.798573017120361,1.0,1.0,0.0,0.0,1.0,0.0,0.0,0.0,8.0,8.0,0.0,3386.4469330359716,1209107.389922451,2613.171825672034,773.2751073639374,JointRecovery（本文方法，JR；完整框架 STK 迁移）；两种子均值,"JointRecovery (JR, ours); 2-seed mean",PROPOSED_FULL_FRAMEWORK
validation,quality,FullCapacity-mean17/29,6,JR-DUAL-r006-R12-g0680,False,2,True,2.0,10.0,999967.725572712,1001638.68494275,1670.9593700380065,0.1671013301035288,4.876667387783527,11.955378714948893,1.0,1.0,0.0,0.0,1.0,0.0,0.0,0.0,8.0,8.0,0.0,1670.9593700380065,1001638.68494275,1063.2552378489636,607.7041321890429,JointRecovery（本文方法，JR；完整框架 STK 迁移）；两种子均值,"JointRecovery (JR, ours); 2-seed mean",PROPOSED_FULL_FRAMEWORK
validation,quality,FullCapacity-mean17/29,6,JR-DUAL-r006-R8-g0170,False,2,True,2.0,10.0,1068781.531731624,1072416.0267934124,3634.4950617885916,0.340059680475582,2.9324687737971544,7.468745062127709,1.0,1.0,0.0,0.0,1.0,0.0,0.0,0.0,7.5,7.5,0.0,3634.4950617885916,1072416.0267934124,2239.5680352230556,1394.927026565536,JointRecovery（本文方法，JR；完整框架 STK 迁移）；两种子均值,"JointRecovery (JR, ours); 2-seed mean",PROPOSED_FULL_FRAMEWORK
validation,quality,FullCapacity-mean17/29,6,JR-DUAL-r006-R8-g0340,False,2,True,2.0,10.0,961943.064988315,965292.936099649,3349.8711113340687,0.3482400604837003,2.7910304125398397,7.443072117865086,1.0,1.0,0.0,0.0,1.0,0.0,0.0,0.0,8.0,8.0,0.0,3349.8711113340687,965292.936099649,1742.5684533100575,1607.3026580240112,JointRecovery（本文方法，JR；完整框架 STK 迁移）；两种子均值,"JointRecovery (JR, ours); 2-seed mean",PROPOSED_FULL_FRAMEWORK
validation,quality,FullCapacity-mean17/29,6,JR-DUAL-r006-R8-g0680,False,2,True,2.0,10.0,729107.718085508,730475.726529639,1368.008444131061,0.18762775515848046,2.9572335053235292,7.565189408138394,1.0,1.0,0.0,0.0,1.0,0.0,0.0,0.0,8.0,8.0,0.0,1368.008444131061,730475.726529639,878.205359572079,489.80308455898194,JointRecovery（本文方法，JR；完整框架 STK 迁移）；两种子均值,"JointRecovery (JR, ours); 2-seed mean",PROPOSED_FULL_FRAMEWORK
validation,quality,FullCapacity-mean17/29,7,JR-DUAL-r007-R12-g0170,False,2,True,2.0,10.0,1302106.316184301,1303964.561613608,1858.2454293069895,0.14271073000800746,4.723417663946748,12.4777006264776,1.0,1.0,0.0,0.0,1.0,0.0,0.0,0.0,8.0,8.0,0.0,1858.2454293069895,1303964.561613608,1618.7519354501273,239.4934938568622,JointRecovery（本文方法，JR；完整框架 STK 迁移）；两种子均值,"JointRecovery (JR, ours); 2-seed mean",PROPOSED_FULL_FRAMEWORK
validation,quality,FullCapacity-mean17/29,7,JR-DUAL-r007-R12-g0340,False,2,True,2.0,10.0,1207439.303503353,1209291.095120456,1851.7916171031538,0.1533651929111658,5.2698030564934015,12.678858438506722,1.0,1.0,0.0,0.0,1.0,0.0,0.0,0.0,8.0,8.0,0.0,1851.7916171031538,1209291.095120456,1504.5771414551418,347.214475648012,JointRecovery（本文方法，JR；完整框架 STK 迁移）；两种子均值,"JointRecovery (JR, ours); 2-seed mean",PROPOSED_FULL_FRAMEWORK
validation,quality,FullCapacity-mean17/29,7,JR-DUAL-r007-R12-g0680,False,2,True,2.0,10.0,999133.545150412,1000712.867879014,1579.3227286019828,0.1580692327134535,4.591083865612745,11.300996022298932,1.0,1.0,0.0,0.0,1.0,0.0,0.0,0.0,8.0,8.0,0.0,1579.3227286019828,1000712.867879014,1372.0878697650041,207.23485883697867,JointRecovery（本文方法，JR；完整框架 STK 迁移）；两种子均值,"JointRecovery (JR, ours); 2-seed mean",PROPOSED_FULL_FRAMEWORK
validation,quality,FullCapacity-mean17/29,7,JR-DUAL-r007-R8-g0170,False,2,True,2.0,10.0,1066610.597948497,1070544.694713603,3934.0967651060782,0.3688409596410219,3.5290404688566923,8.345762740820646,1.0,1.0,0.0,0.0,1.0,0.0,0.0,0.0,7.5,7.5,0.0,3934.0967651060782,1070544.694713603,1837.6743708101567,2096.4223942959215,JointRecovery（本文方法，JR；完整框架 STK 迁移）；两种子均值,"JointRecovery (JR, ours); 2-seed mean",PROPOSED_FULL_FRAMEWORK
validation,quality,FullCapacity-mean17/29,7,JR-DUAL-r007-R8-g0340,False,2,True,2.0,10.0,966406.725024867,970023.510562276,3616.785537409014,0.3742508659918472,2.924947153776884,7.447421070188284,1.0,1.0,0.0,0.0,1.0,0.0,0.0,0.0,8.0,8.0,0.0,3616.785537409014,970023.510562276,1809.1972531690262,1807.5882842399878,JointRecovery（本文方法，JR；完整框架 STK 迁移）；两种子均值,"JointRecovery (JR, ours); 2-seed mean",PROPOSED_FULL_FRAMEWORK
validation,quality,FullCapacity-mean17/29,7,JR-DUAL-r007-R8-g0680,False,2,True,2.0,10.0,725213.442492003,727210.716704659,1997.274212656077,0.27540501811342266,2.247315876185894,6.980434371158481,1.0,1.0,0.0,0.0,1.0,0.0,0.0,0.0,8.0,8.0,0.0,1997.274212656077,727210.716704659,1690.3696648459882,306.90454781008884,JointRecovery（本文方法，JR；完整框架 STK 迁移）；两种子均值,"JointRecovery (JR, ours); 2-seed mean",PROPOSED_FULL_FRAMEWORK
validation,quality,FullCapacity-seed17,6,JR-DUAL-r006-R12-g0170,False,1,True,1.0,10.0,1304450.278531471,1306008.711622348,1558.4330908770207,0.11947048626732476,4.54853767901659,13.029641631990671,1.0,1.0,0.0,0.0,1.0,0.0,0.0,0.0,7.0,7.0,0.0,1558.4330908770207,1306008.711622348,1287.3493890268728,271.0837018501479,JointRecovery（本文方法，JR；完整框架 STK 迁移）；seed17,"JointRecovery (JR, ours); seed17",PROPOSED_FULL_FRAMEWORK
validation,quality,FullCapacity-seed17,6,JR-DUAL-r006-R12-g0340,False,1,True,1.0,10.0,1205720.942989415,1209107.389922451,3386.4469330359716,0.2808649010143055,6.180484067648649,12.837859213352203,1.0,1.0,0.0,0.0,1.0,0.0,0.0,0.0,8.0,8.0,0.0,3386.4469330359716,1209107.389922451,2613.171825672034,773.2751073639374,JointRecovery（本文方法，JR；完整框架 STK 迁移）；seed17,"JointRecovery (JR, ours); seed17",PROPOSED_FULL_FRAMEWORK
validation,quality,FullCapacity-seed17,6,JR-DUAL-r006-R12-g0680,False,1,True,1.0,10.0,999967.725572712,1001638.68494275,1670.9593700380065,0.1671013301035288,3.786577496677637,10.598869789391756,1.0,1.0,0.0,0.0,1.0,0.0,0.0,0.0,8.0,8.0,0.0,1670.9593700380065,1001638.68494275,1063.2552378489636,607.7041321890429,JointRecovery（本文方法，JR；完整框架 STK 迁移）；seed17,"JointRecovery (JR, ours); seed17",PROPOSED_FULL_FRAMEWORK
validation,quality,FullCapacity-seed17,6,JR-DUAL-r006-R8-g0170,False,1,True,1.0,10.0,1068781.531731624,1072367.858681995,3586.3269503710326,0.33555285564866744,1.749243963509798,6.774619664996862,1.0,1.0,0.0,0.0,1.0,0.0,0.0,0.0,7.0,7.0,0.0,3586.3269503710326,1072367.858681995,2239.5680352230556,1346.758915147977,JointRecovery（本文方法，JR；完整框架 STK 迁移）；seed17,"JointRecovery (JR, ours); seed17",PROPOSED_FULL_FRAMEWORK
validation,quality,FullCapacity-seed17,6,JR-DUAL-r006-R8-g0340,False,1,True,1.0,10.0,961943.064988315,965292.936099649,3349.8711113340687,0.3482400604837003,1.6316025294363499,6.067659080028534,1.0,1.0,0.0,0.0,1.0,0.0,0.0,0.0,8.0,8.0,0.0,3349.8711113340687,965292.936099649,1742.5684533100575,1607.3026580240112,JointRecovery（本文方法，JR；完整框架 STK 迁移）；seed17,"JointRecovery (JR, ours); seed17",PROPOSED_FULL_FRAMEWORK
validation,quality,FullCapacity-seed17,6,JR-DUAL-r006-R8-g0680,False,1,True,1.0,10.0,729107.718085508,730101.321020449,993.6029349410674,0.1362765624742077,2.004916477948427,6.169026296585798,1.0,1.0,0.0,0.0,1.0,0.0,0.0,0.0,8.0,8.0,0.0,993.6029349410674,730101.321020449,878.205359572079,115.39757536898833,JointRecovery（本文方法，JR；完整框架 STK 迁移）；seed17,"JointRecovery (JR, ours); seed17",PROPOSED_FULL_FRAMEWORK
validation,quality,FullCapacity-seed17,7,JR-DUAL-r007-R12-g0170,False,1,True,1.0,10.0,1302106.316184301,1303964.561613608,1858.2454293069895,0.14271073000800746,4.047243230044842,11.08164108172059,1.0,1.0,0.0,0.0,1.0,0.0,0.0,0.0,8.0,8.0,0.0,1858.2454293069895,1303964.561613608,1618.7519354501273,239.4934938568622,JointRecovery（本文方法，JR；完整框架 STK 迁移）；seed17,"JointRecovery (JR, ours); seed17",PROPOSED_FULL_FRAMEWORK
validation,quality,FullCapacity-seed17,7,JR-DUAL-r007-R12-g0340,False,1,True,1.0,10.0,1207439.303503353,1209291.095120456,1851.7916171031538,0.1533651929111658,4.288146451115608,11.986653000116348,1.0,1.0,0.0,0.0,1.0,0.0,0.0,0.0,8.0,8.0,0.0,1851.7916171031538,1209291.095120456,1504.5771414551418,347.214475648012,JointRecovery（本文方法，JR；完整框架 STK 迁移）；seed17,"JointRecovery (JR, ours); seed17",PROPOSED_FULL_FRAMEWORK
validation,quality,FullCapacity-seed17,7,JR-DUAL-r007-R12-g0680,False,1,True,1.0,10.0,999133.545150412,1000712.867879014,1579.3227286019828,0.1580692327134535,3.85626557841897,10.15078093484044,1.0,1.0,0.0,0.0,1.0,0.0,0.0,0.0,8.0,8.0,0.0,1579.3227286019828,1000712.867879014,1372.0878697650041,207.23485883697867,JointRecovery（本文方法，JR；完整框架 STK 迁移）；seed17,"JointRecovery (JR, ours); seed17",PROPOSED_FULL_FRAMEWORK
validation,quality,FullCapacity-seed17,7,JR-DUAL-r007-R8-g0170,False,1,True,1.0,10.0,1066610.597948497,1070544.694713603,3934.0967651060782,0.3688409596410219,2.8561931848526,7.771960135549307,1.0,1.0,0.0,0.0,1.0,0.0,0.0,0.0,7.0,7.0,0.0,3934.0967651060782,1070544.694713603,1837.6743708101567,2096.4223942959215,JointRecovery（本文方法，JR；完整框架 STK 迁移）；seed17,"JointRecovery (JR, ours); seed17",PROPOSED_FULL_FRAMEWORK
validation,quality,FullCapacity-seed17,7,JR-DUAL-r007-R8-g0340,False,1,True,1.0,10.0,966406.725024867,970023.510562276,3616.785537409014,0.3742508659918472,2.8671165890991688,7.687014881521463,1.0,1.0,0.0,0.0,1.0,0.0,0.0,0.0,8.0,8.0,0.0,3616.785537409014,970023.510562276,1809.1972531690262,1807.5882842399878,JointRecovery（本文方法，JR；完整框架 STK 迁移）；seed17,"JointRecovery (JR, ours); seed17",PROPOSED_FULL_FRAMEWORK
validation,quality,FullCapacity-seed17,7,JR-DUAL-r007-R8-g0680,False,1,True,1.0,10.0,725213.442492003,727210.716704659,1997.274212656077,0.27540501811342266,1.807412762194872,6.409257099032402,1.0,1.0,0.0,0.0,1.0,0.0,0.0,0.0,8.0,8.0,0.0,1997.274212656077,727210.716704659,1690.3696648459882,306.90454781008884,JointRecovery（本文方法，JR；完整框架 STK 迁移）；seed17,"JointRecovery (JR, ours); seed17",PROPOSED_FULL_FRAMEWORK
validation,quality,FullCapacity-seed29,6,JR-DUAL-r006-R12-g0170,False,1,True,1.0,10.0,1304450.278531471,1306008.711622348,1558.4330908770207,0.11947048626732476,6.0388853177428246,13.794005561619997,1.0,1.0,0.0,0.0,1.0,0.0,0.0,0.0,8.0,8.0,0.0,1558.4330908770207,1306008.711622348,1287.3493890268728,271.0837018501479,JointRecovery（本文方法，JR；完整框架 STK 迁移）；seed29,"JointRecovery (JR, ours); seed29",PROPOSED_FULL_FRAMEWORK
validation,quality,FullCapacity-seed29,6,JR-DUAL-r006-R12-g0340,False,1,True,1.0,10.0,1205720.942989415,1209107.389922451,3386.4469330359716,0.2808649010143055,5.436252348124981,12.75928682088852,1.0,1.0,0.0,0.0,1.0,0.0,0.0,0.0,8.0,8.0,0.0,3386.4469330359716,1209107.389922451,2613.171825672034,773.2751073639374,JointRecovery（本文方法，JR；完整框架 STK 迁移）；seed29,"JointRecovery (JR, ours); seed29",PROPOSED_FULL_FRAMEWORK
validation,quality,FullCapacity-seed29,6,JR-DUAL-r006-R12-g0680,False,1,True,1.0,10.0,999967.725572712,1001638.68494275,1670.9593700380065,0.1671013301035288,5.966757278889418,13.31188764050603,1.0,1.0,0.0,0.0,1.0,0.0,0.0,0.0,8.0,8.0,0.0,1670.9593700380065,1001638.68494275,1063.2552378489636,607.7041321890429,JointRecovery（本文方法，JR；完整框架 STK 迁移）；seed29,"JointRecovery (JR, ours); seed29",PROPOSED_FULL_FRAMEWORK
validation,quality,FullCapacity-seed29,6,JR-DUAL-r006-R8-g0170,False,1,True,1.0,10.0,1068781.531731624,1072464.19490483,3682.6631732061505,0.3445665053024966,4.115693584084511,8.162870459258556,1.0,1.0,0.0,0.0,1.0,0.0,0.0,0.0,8.0,8.0,0.0,3682.6631732061505,1072464.19490483,2239.5680352230556,1443.095137983095,JointRecovery（本文方法，JR；完整框架 STK 迁移）；seed29,"JointRecovery (JR, ours); seed29",PROPOSED_FULL_FRAMEWORK
validation,quality,FullCapacity-seed29,6,JR-DUAL-r006-R8-g0340,False,1,True,1.0,10.0,961943.064988315,965292.936099649,3349.8711113340687,0.3482400604837003,3.9504582956433296,8.818485155701637,1.0,1.0,0.0,0.0,1.0,0.0,0.0,0.0,8.0,8.0,0.0,3349.8711113340687,965292.936099649,1742.5684533100575,1607.3026580240112,JointRecovery（本文方法，JR；完整框架 STK 迁移）；seed29,"JointRecovery (JR, ours); seed29",PROPOSED_FULL_FRAMEWORK
validation,quality,FullCapacity-seed29,6,JR-DUAL-r006-R8-g0680,False,1,True,1.0,10.0,729107.718085508,730850.132038829,1742.4139533210546,0.23897894784275325,3.9095505326986313,8.96135251969099,1.0,1.0,0.0,0.0,1.0,0.0,0.0,0.0,8.0,8.0,0.0,1742.4139533210546,730850.132038829,878.205359572079,864.2085937489755,JointRecovery（本文方法，JR；完整框架 STK 迁移）；seed29,"JointRecovery (JR, ours); seed29",PROPOSED_FULL_FRAMEWORK
validation,quality,FullCapacity-seed29,7,JR-DUAL-r007-R12-g0170,False,1,True,1.0,10.0,1302106.316184301,1303964.561613608,1858.2454293069895,0.14271073000800746,5.399592097848654,13.873760171234608,1.0,1.0,0.0,0.0,1.0,0.0,0.0,0.0,8.0,8.0,0.0,1858.2454293069895,1303964.561613608,1618.7519354501273,239.4934938568622,JointRecovery（本文方法，JR；完整框架 STK 迁移）；seed29,"JointRecovery (JR, ours); seed29",PROPOSED_FULL_FRAMEWORK
validation,quality,FullCapacity-seed29,7,JR-DUAL-r007-R12-g0340,False,1,True,1.0,10.0,1207439.303503353,1209291.095120456,1851.7916171031538,0.1533651929111658,6.251459661871195,13.371063876897097,1.0,1.0,0.0,0.0,1.0,0.0,0.0,0.0,8.0,8.0,0.0,1851.7916171031538,1209291.095120456,1504.5771414551418,347.214475648012,JointRecovery（本文方法，JR；完整框架 STK 迁移）；seed29,"JointRecovery (JR, ours); seed29",PROPOSED_FULL_FRAMEWORK
validation,quality,FullCapacity-seed29,7,JR-DUAL-r007-R12-g0680,False,1,True,1.0,10.0,999133.545150412,1000712.867879014,1579.3227286019828,0.1580692327134535,5.3259021528065205,12.451211109757423,1.0,1.0,0.0,0.0,1.0,0.0,0.0,0.0,8.0,8.0,0.0,1579.3227286019828,1000712.867879014,1372.0878697650041,207.23485883697867,JointRecovery（本文方法，JR；完整框架 STK 迁移）；seed29,"JointRecovery (JR, ours); seed29",PROPOSED_FULL_FRAMEWORK
validation,quality,FullCapacity-seed29,7,JR-DUAL-r007-R8-g0170,False,1,True,1.0,10.0,1066610.597948497,1070544.694713603,3934.0967651060782,0.3688409596410219,4.2018877528607845,8.919565346091986,1.0,1.0,0.0,0.0,1.0,0.0,0.0,0.0,8.0,8.0,0.0,3934.0967651060782,1070544.694713603,1837.6743708101567,2096.4223942959215,JointRecovery（本文方法，JR；完整框架 STK 迁移）；seed29,"JointRecovery (JR, ours); seed29",PROPOSED_FULL_FRAMEWORK
validation,quality,FullCapacity-seed29,7,JR-DUAL-r007-R8-g0340,False,1,True,1.0,10.0,966406.725024867,970023.510562276,3616.785537409014,0.3742508659918472,2.9827777184545994,7.2078272588551044,1.0,1.0,0.0,0.0,1.0,0.0,0.0,0.0,8.0,8.0,0.0,3616.785537409014,970023.510562276,1809.1972531690262,1807.5882842399878,JointRecovery（本文方法，JR；完整框架 STK 迁移）；seed29,"JointRecovery (JR, ours); seed29",PROPOSED_FULL_FRAMEWORK
validation,quality,FullCapacity-seed29,7,JR-DUAL-r007-R8-g0680,False,1,True,1.0,10.0,725213.442492003,727210.716704659,1997.274212656077,0.27540501811342266,2.687218990176916,7.551611643284559,1.0,1.0,0.0,0.0,1.0,0.0,0.0,0.0,8.0,8.0,0.0,1997.274212656077,727210.716704659,1690.3696648459882,306.90454781008884,JointRecovery（本文方法，JR；完整框架 STK 迁移）；seed29,"JointRecovery (JR, ours); seed29",PROPOSED_FULL_FRAMEWORK
validation,quality,FullCheapSummary-mean17/29,6,JR-DUAL-r006-R12-g0170,False,2,True,2.0,10.0,1304450.278531471,1306008.711622348,1558.4330908770207,0.11947048626732476,4.658976946026087,11.249620225280523,1.0,1.0,0.0,0.0,1.0,0.0,0.0,0.0,7.5,7.5,0.0,1558.4330908770207,1306008.711622348,1287.3493890268728,271.0837018501479,JR-CheapSummary（简化表示消融）；两种子均值,JR-CheapSummary; 2-seed mean,SIMPLIFIED_REPRESENTATION_ABLATION
validation,quality,FullCheapSummary-mean17/29,6,JR-DUAL-r006-R12-g0340,False,2,True,2.0,10.0,1205720.942989415,1209107.389922451,3386.4469330359716,0.2808649010143055,5.872318312525749,13.247510457411408,1.0,1.0,0.0,0.0,1.0,0.0,0.0,0.0,8.0,8.0,0.0,3386.4469330359716,1209107.389922451,2613.171825672034,773.2751073639374,JR-CheapSummary（简化表示消融）；两种子均值,JR-CheapSummary; 2-seed mean,SIMPLIFIED_REPRESENTATION_ABLATION
validation,quality,FullCheapSummary-mean17/29,6,JR-DUAL-r006-R12-g0680,False,2,True,2.0,10.0,999967.725572712,1001494.3958110305,1526.6702383185038,0.15267195123163932,5.130823414772749,12.324786458164454,1.0,1.0,0.0,0.0,1.0,0.0,0.0,0.0,8.0,8.0,0.0,1526.6702383185038,1001494.3958110305,1063.2552378489636,463.41500046954025,JR-CheapSummary（简化表示消融）；两种子均值,JR-CheapSummary; 2-seed mean,SIMPLIFIED_REPRESENTATION_ABLATION
validation,quality,FullCheapSummary-mean17/29,6,JR-DUAL-r006-R8-g0170,False,2,True,2.0,10.0,1068781.531731624,1072464.19490483,3682.6631732061505,0.3445665053024966,2.9734294936060905,7.717335805296898,1.0,1.0,0.0,0.0,1.0,0.0,0.0,0.0,7.0,7.0,0.0,3682.6631732061505,1072464.19490483,2239.5680352230556,1443.095137983095,JR-CheapSummary（简化表示消融）；两种子均值,JR-CheapSummary; 2-seed mean,SIMPLIFIED_REPRESENTATION_ABLATION
validation,quality,FullCheapSummary-mean17/29,6,JR-DUAL-r006-R8-g0340,False,2,True,2.0,10.0,961943.064988315,965292.936099649,3349.8711113340687,0.3482400604837003,2.1328028719872236,6.443536160513759,1.0,1.0,0.0,0.0,1.0,0.0,0.0,0.0,8.0,8.0,0.0,3349.8711113340687,965292.936099649,1742.5684533100575,1607.3026580240112,JR-CheapSummary（简化表示消融）；两种子均值,JR-CheapSummary; 2-seed mean,SIMPLIFIED_REPRESENTATION_ABLATION
validation,quality,FullCheapSummary-mean17/29,6,JR-DUAL-r006-R8-g0680,False,2,True,2.0,10.0,729107.718085508,730101.321020449,993.6029349410674,0.1362765624742077,2.6545168943703175,7.107664123177528,1.0,1.0,0.0,0.0,1.0,0.0,0.0,0.0,8.0,8.0,0.0,993.6029349410674,730101.321020449,878.205359572079,115.39757536898833,JR-CheapSummary（简化表示消融）；两种子均值,JR-CheapSummary; 2-seed mean,SIMPLIFIED_REPRESENTATION_ABLATION
validation,quality,FullCheapSummary-mean17/29,7,JR-DUAL-r007-R12-g0170,False,2,True,2.0,10.0,1302106.316184301,1303964.561613608,1858.2454293069895,0.14271073000800746,4.038853131234646,10.915194047614932,1.0,1.0,0.0,0.0,1.0,0.0,0.0,0.0,8.0,8.0,0.0,1858.2454293069895,1303964.561613608,1618.7519354501273,239.4934938568622,JR-CheapSummary（简化表示消融）；两种子均值,JR-CheapSummary; 2-seed mean,SIMPLIFIED_REPRESENTATION_ABLATION
validation,quality,FullCheapSummary-mean17/29,7,JR-DUAL-r007-R12-g0340,False,2,True,2.0,10.0,1207439.303503353,1209030.448199105,1591.1446957520675,0.1317784414616456,5.4391226433217525,12.22600532695651,1.0,1.0,0.0,0.0,1.0,0.0,0.0,0.0,8.0,8.0,0.0,1591.1446957520675,1209030.448199105,1504.5771414551418,86.56755429692566,JR-CheapSummary（简化表示消融）；两种子均值,JR-CheapSummary; 2-seed mean,SIMPLIFIED_REPRESENTATION_ABLATION
validation,quality,FullCheapSummary-mean17/29,7,JR-DUAL-r007-R12-g0680,False,2,True,2.0,10.0,999133.545150412,1000712.867879014,1579.3227286019828,0.1580692327134535,5.930203799158335,13.091387743130326,1.0,1.0,0.0,0.0,1.0,0.0,0.0,0.0,8.0,8.0,0.0,1579.3227286019828,1000712.867879014,1372.0878697650041,207.23485883697867,JR-CheapSummary（简化表示消融）；两种子均值,JR-CheapSummary; 2-seed mean,SIMPLIFIED_REPRESENTATION_ABLATION
validation,quality,FullCheapSummary-mean17/29,7,JR-DUAL-r007-R8-g0170,False,2,True,2.0,10.0,1066610.597948497,1070544.694713603,3934.0967651060782,0.3688409596410219,2.9797812588512897,7.613082995638251,1.0,1.0,0.0,0.0,1.0,0.0,0.0,0.0,7.0,7.0,0.0,3934.0967651060782,1070544.694713603,1837.6743708101567,2096.4223942959215,JR-CheapSummary（简化表示消融）；两种子均值,JR-CheapSummary; 2-seed mean,SIMPLIFIED_REPRESENTATION_ABLATION
validation,quality,FullCheapSummary-mean17/29,7,JR-DUAL-r007-R8-g0340,False,2,True,2.0,10.0,966406.725024867,969066.766496347,2660.0414714800427,0.275250720281525,2.8922089394181967,7.688850669190288,1.0,1.0,0.0,0.0,1.0,0.0,0.0,0.0,8.0,8.0,0.0,2660.0414714800427,969066.766496347,1809.1972531690262,850.8442183110164,JR-CheapSummary（简化表示消融）；两种子均值,JR-CheapSummary; 2-seed mean,SIMPLIFIED_REPRESENTATION_ABLATION
validation,quality,FullCheapSummary-mean17/29,7,JR-DUAL-r007-R8-g0680,False,2,True,2.0,10.0,725213.442492003,727210.716704659,1997.274212656077,0.27540501811342266,3.2632876001298428,8.029343469068408,1.0,1.0,0.0,0.0,1.0,0.0,0.0,0.0,8.0,8.0,0.0,1997.274212656077,727210.716704659,1690.3696648459882,306.90454781008884,JR-CheapSummary（简化表示消融）；两种子均值,JR-CheapSummary; 2-seed mean,SIMPLIFIED_REPRESENTATION_ABLATION
validation,quality,FullCheapSummary-seed17,6,JR-DUAL-r006-R12-g0170,False,1,True,1.0,10.0,1304450.278531471,1306008.711622348,1558.4330908770207,0.11947048626732476,3.9221417792141438,10.49595944583416,1.0,1.0,0.0,0.0,1.0,0.0,0.0,0.0,7.0,7.0,0.0,1558.4330908770207,1306008.711622348,1287.3493890268728,271.0837018501479,JR-CheapSummary（简化表示消融）；seed17,JR-CheapSummary; seed17,SIMPLIFIED_REPRESENTATION_ABLATION
validation,quality,FullCheapSummary-seed17,6,JR-DUAL-r006-R12-g0340,False,1,True,1.0,10.0,1205720.942989415,1209107.389922451,3386.4469330359716,0.2808649010143055,6.05863156542182,13.334821715950966,1.0,1.0,0.0,0.0,1.0,0.0,0.0,0.0,8.0,8.0,0.0,3386.4469330359716,1209107.389922451,2613.171825672034,773.2751073639374,JR-CheapSummary（简化表示消融）；seed17,JR-CheapSummary; seed17,SIMPLIFIED_REPRESENTATION_ABLATION
validation,quality,FullCheapSummary-seed17,6,JR-DUAL-r006-R12-g0680,False,1,True,1.0,10.0,999967.725572712,1001350.106679311,1382.3811065990012,0.13824257235974985,5.732898723334074,13.247596140950918,1.0,1.0,0.0,0.0,1.0,0.0,0.0,0.0,8.0,8.0,0.0,1382.3811065990012,1001350.106679311,1063.2552378489636,319.1258687500376,JR-CheapSummary（简化表示消融）；seed17,JR-CheapSummary; seed17,SIMPLIFIED_REPRESENTATION_ABLATION
validation,quality,FullCheapSummary-seed17,6,JR-DUAL-r006-R8-g0170,False,1,True,1.0,10.0,1068781.531731624,1072464.19490483,3682.6631732061505,0.3445665053024966,2.9347223304212093,7.570022199302912,1.0,1.0,0.0,0.0,1.0,0.0,0.0,0.0,7.0,7.0,0.0,3682.6631732061505,1072464.19490483,2239.5680352230556,1443.095137983095,JR-CheapSummary（简化表示消融）；seed17,JR-CheapSummary; seed17,SIMPLIFIED_REPRESENTATION_ABLATION
validation,quality,FullCheapSummary-seed17,6,JR-DUAL-r006-R8-g0340,False,1,True,1.0,10.0,961943.064988315,965292.936099649,3349.8711113340687,0.3482400604837003,2.731590796262026,7.283997856080532,1.0,1.0,0.0,0.0,1.0,0.0,0.0,0.0,8.0,8.0,0.0,3349.8711113340687,965292.936099649,1742.5684533100575,1607.3026580240112,JR-CheapSummary（简化表示消融）；seed17,JR-CheapSummary; seed17,SIMPLIFIED_REPRESENTATION_ABLATION
validation,quality,FullCheapSummary-seed17,6,JR-DUAL-r006-R8-g0680,False,1,True,1.0,10.0,729107.718085508,730101.321020449,993.6029349410674,0.1362765624742077,2.653967559337616,6.958406258374453,1.0,1.0,0.0,0.0,1.0,0.0,0.0,0.0,8.0,8.0,0.0,993.6029349410674,730101.321020449,878.205359572079,115.39757536898833,JR-CheapSummary（简化表示消融）；seed17,JR-CheapSummary; seed17,SIMPLIFIED_REPRESENTATION_ABLATION
validation,quality,FullCheapSummary-seed17,7,JR-DUAL-r007-R12-g0170,False,1,True,1.0,10.0,1302106.316184301,1303964.561613608,1858.2454293069895,0.14271073000800746,4.163537975400686,10.620470654219389,1.0,1.0,0.0,0.0,1.0,0.0,0.0,0.0,8.0,8.0,0.0,1858.2454293069895,1303964.561613608,1618.7519354501273,239.4934938568622,JR-CheapSummary（简化表示消融）；seed17,JR-CheapSummary; seed17,SIMPLIFIED_REPRESENTATION_ABLATION
validation,quality,FullCheapSummary-seed17,7,JR-DUAL-r007-R12-g0340,False,1,True,1.0,10.0,1207439.303503353,1209030.448199105,1591.1446957520675,0.1317784414616456,6.137615453451872,12.941191051155329,1.0,1.0,0.0,0.0,1.0,0.0,0.0,0.0,8.0,8.0,0.0,1591.1446957520675,1209030.448199105,1504.5771414551418,86.56755429692566,JR-CheapSummary（简化表示消融）；seed17,JR-CheapSummary; seed17,SIMPLIFIED_REPRESENTATION_ABLATION
validation,quality,FullCheapSummary-seed17,7,JR-DUAL-r007-R12-g0680,False,1,True,1.0,10.0,999133.545150412,1000712.867879014,1579.3227286019828,0.1580692327134535,6.803900886327028,14.36823234334588,1.0,1.0,0.0,0.0,1.0,0.0,0.0,0.0,8.0,8.0,0.0,1579.3227286019828,1000712.867879014,1372.0878697650041,207.23485883697867,JR-CheapSummary（简化表示消融）；seed17,JR-CheapSummary; seed17,SIMPLIFIED_REPRESENTATION_ABLATION
validation,quality,FullCheapSummary-seed17,7,JR-DUAL-r007-R8-g0170,False,1,True,1.0,10.0,1066610.597948497,1070544.694713603,3934.0967651060782,0.3688409596410219,2.9042419977486134,7.762348175048828,1.0,1.0,0.0,0.0,1.0,0.0,0.0,0.0,7.0,7.0,0.0,3934.0967651060782,1070544.694713603,1837.6743708101567,2096.4223942959215,JR-CheapSummary（简化表示消融）；seed17,JR-CheapSummary; seed17,SIMPLIFIED_REPRESENTATION_ABLATION
validation,quality,FullCheapSummary-seed17,7,JR-DUAL-r007-R8-g0340,False,1,True,1.0,10.0,966406.725024867,969066.766496347,2660.0414714800427,0.275250720281525,2.872846134006977,7.620215754956007,1.0,1.0,0.0,0.0,1.0,0.0,0.0,0.0,8.0,8.0,0.0,2660.0414714800427,969066.766496347,1809.1972531690262,850.8442183110164,JR-CheapSummary（简化表示消融）；seed17,JR-CheapSummary; seed17,SIMPLIFIED_REPRESENTATION_ABLATION
validation,quality,FullCheapSummary-seed17,7,JR-DUAL-r007-R8-g0680,False,1,True,1.0,10.0,725213.442492003,727210.716704659,1997.274212656077,0.27540501811342266,3.893563576042652,8.502299766987562,1.0,1.0,0.0,0.0,1.0,0.0,0.0,0.0,8.0,8.0,0.0,1997.274212656077,727210.716704659,1690.3696648459882,306.90454781008884,JR-CheapSummary（简化表示消融）；seed17,JR-CheapSummary; seed17,SIMPLIFIED_REPRESENTATION_ABLATION
validation,quality,FullCheapSummary-seed29,6,JR-DUAL-r006-R12-g0170,False,1,True,1.0,10.0,1304450.278531471,1306008.711622348,1558.4330908770207,0.11947048626732476,5.39581211283803,12.003281004726887,1.0,1.0,0.0,0.0,1.0,0.0,0.0,0.0,8.0,8.0,0.0,1558.4330908770207,1306008.711622348,1287.3493890268728,271.0837018501479,JR-CheapSummary（简化表示消融）；seed29,JR-CheapSummary; seed29,SIMPLIFIED_REPRESENTATION_ABLATION
validation,quality,FullCheapSummary-seed29,6,JR-DUAL-r006-R12-g0340,False,1,True,1.0,10.0,1205720.942989415,1209107.389922451,3386.4469330359716,0.2808649010143055,5.686005059629679,13.160199198871851,1.0,1.0,0.0,0.0,1.0,0.0,0.0,0.0,8.0,8.0,0.0,3386.4469330359716,1209107.389922451,2613.171825672034,773.2751073639374,JR-CheapSummary（简化表示消融）；seed29,JR-CheapSummary; seed29,SIMPLIFIED_REPRESENTATION_ABLATION
validation,quality,FullCheapSummary-seed29,6,JR-DUAL-r006-R12-g0680,False,1,True,1.0,10.0,999967.725572712,1001638.68494275,1670.9593700380065,0.1671013301035288,4.528748106211424,11.401976775377989,1.0,1.0,0.0,0.0,1.0,0.0,0.0,0.0,8.0,8.0,0.0,1670.9593700380065,1001638.68494275,1063.2552378489636,607.7041321890429,JR-CheapSummary（简化表示消融）；seed29,JR-CheapSummary; seed29,SIMPLIFIED_REPRESENTATION_ABLATION
validation,quality,FullCheapSummary-seed29,6,JR-DUAL-r006-R8-g0170,False,1,True,1.0,10.0,1068781.531731624,1072464.19490483,3682.6631732061505,0.3445665053024966,3.0121366567909718,7.864649411290884,1.0,1.0,0.0,0.0,1.0,0.0,0.0,0.0,7.0,7.0,0.0,3682.6631732061505,1072464.19490483,2239.5680352230556,1443.095137983095,JR-CheapSummary（简化表示消融）；seed29,JR-CheapSummary; seed29,SIMPLIFIED_REPRESENTATION_ABLATION
validation,quality,FullCheapSummary-seed29,6,JR-DUAL-r006-R8-g0340,False,1,True,1.0,10.0,961943.064988315,965292.936099649,3349.8711113340687,0.3482400604837003,1.5340149477124214,5.603074464946985,1.0,1.0,0.0,0.0,1.0,0.0,0.0,0.0,8.0,8.0,0.0,3349.8711113340687,965292.936099649,1742.5684533100575,1607.3026580240112,JR-CheapSummary（简化表示消融）；seed29,JR-CheapSummary; seed29,SIMPLIFIED_REPRESENTATION_ABLATION
validation,quality,FullCheapSummary-seed29,6,JR-DUAL-r006-R8-g0680,False,1,True,1.0,10.0,729107.718085508,730101.321020449,993.6029349410674,0.1362765624742077,2.655066229403019,7.256921987980604,1.0,1.0,0.0,0.0,1.0,0.0,0.0,0.0,8.0,8.0,0.0,993.6029349410674,730101.321020449,878.205359572079,115.39757536898833,JR-CheapSummary（简化表示消融）；seed29,JR-CheapSummary; seed29,SIMPLIFIED_REPRESENTATION_ABLATION
validation,quality,FullCheapSummary-seed29,7,JR-DUAL-r007-R12-g0170,False,1,True,1.0,10.0,1302106.316184301,1303964.561613608,1858.2454293069895,0.14271073000800746,3.9141682870686054,11.209917441010475,1.0,1.0,0.0,0.0,1.0,0.0,0.0,0.0,8.0,8.0,0.0,1858.2454293069895,1303964.561613608,1618.7519354501273,239.4934938568622,JR-CheapSummary（简化表示消融）；seed29,JR-CheapSummary; seed29,SIMPLIFIED_REPRESENTATION_ABLATION
validation,quality,FullCheapSummary-seed29,7,JR-DUAL-r007-R12-g0340,False,1,True,1.0,10.0,1207439.303503353,1209030.448199105,1591.1446957520675,0.1317784414616456,4.740629833191633,11.510819602757692,1.0,1.0,0.0,0.0,1.0,0.0,0.0,0.0,8.0,8.0,0.0,1591.1446957520675,1209030.448199105,1504.5771414551418,86.56755429692566,JR-CheapSummary（简化表示消融）；seed29,JR-CheapSummary; seed29,SIMPLIFIED_REPRESENTATION_ABLATION
validation,quality,FullCheapSummary-seed29,7,JR-DUAL-r007-R12-g0680,False,1,True,1.0,10.0,999133.545150412,1000712.867879014,1579.3227286019828,0.1580692327134535,5.056506711989641,11.814543142914772,1.0,1.0,0.0,0.0,1.0,0.0,0.0,0.0,8.0,8.0,0.0,1579.3227286019828,1000712.867879014,1372.0878697650041,207.23485883697867,JR-CheapSummary（简化表示消融）；seed29,JR-CheapSummary; seed29,SIMPLIFIED_REPRESENTATION_ABLATION
validation,quality,FullCheapSummary-seed29,7,JR-DUAL-r007-R8-g0170,False,1,True,1.0,10.0,1066610.597948497,1070544.694713603,3934.0967651060782,0.3688409596410219,3.055320519953966,7.4638178162276745,1.0,1.0,0.0,0.0,1.0,0.0,0.0,0.0,7.0,7.0,0.0,3934.0967651060782,1070544.694713603,1837.6743708101567,2096.4223942959215,JR-CheapSummary（简化表示消融）；seed29,JR-CheapSummary; seed29,SIMPLIFIED_REPRESENTATION_ABLATION
validation,quality,FullCheapSummary-seed29,7,JR-DUAL-r007-R8-g0340,False,1,True,1.0,10.0,966406.725024867,969066.766496347,2660.0414714800427,0.275250720281525,2.9115717448294163,7.757485583424568,1.0,1.0,0.0,0.0,1.0,0.0,0.0,0.0,8.0,8.0,0.0,2660.0414714800427,969066.766496347,1809.1972531690262,850.8442183110164,JR-CheapSummary（简化表示消融）；seed29,JR-CheapSummary; seed29,SIMPLIFIED_REPRESENTATION_ABLATION
validation,quality,FullCheapSummary-seed29,7,JR-DUAL-r007-R8-g0680,False,1,True,1.0,10.0,725213.442492003,727210.716704659,1997.274212656077,0.27540501811342266,2.6330116242170334,7.556387171149254,1.0,1.0,0.0,0.0,1.0,0.0,0.0,0.0,8.0,8.0,0.0,1997.274212656077,727210.716704659,1690.3696648459882,306.90454781008884,JR-CheapSummary（简化表示消融）；seed29,JR-CheapSummary; seed29,SIMPLIFIED_REPRESENTATION_ABLATION
validation,quality,FullP1,6,JR-DUAL-r006-R12-g0170,False,1,True,1.0,10.0,1304450.278531471,1305737.627920498,1287.3493890268728,0.09868903477686784,0.8208045065402985,7.890749990940094,1.0,0.0,0.0,1.0,1.0,0.0,0.0,0.0,0.0,0.0,0.0,1287.3493890268728,1305737.627920498,1287.3493890268728,0.0,Independent-replacement+CHILS（独立替代估计对照）,Independent-replacement+CHILS,INTERNAL_INDEPENDENT_REPLACEMENT_CONTROL
validation,quality,FullP1,6,JR-DUAL-r006-R12-g0340,False,1,True,1.0,10.0,1205720.942989415,1208334.114815087,2613.171825672034,0.2167310637561825,1.069464098662138,8.148000296205282,1.0,0.0,0.0,1.0,1.0,0.0,0.0,0.0,0.0,0.0,0.0,2613.171825672034,1208334.114815087,2613.171825672034,0.0,Independent-replacement+CHILS（独立替代估计对照）,Independent-replacement+CHILS,INTERNAL_INDEPENDENT_REPLACEMENT_CONTROL
validation,quality,FullP1,6,JR-DUAL-r006-R12-g0680,False,1,True,1.0,10.0,999967.725572712,1001030.980810561,1063.2552378489636,0.10632895549103896,3.9430800080299377,11.137629114091396,1.0,1.0,0.0,0.0,1.0,0.0,0.0,0.0,8.0,8.0,0.0,1063.2552378489636,1001030.980810561,1063.2552378489636,0.0,Independent-replacement+CHILS（独立替代估计对照）,Independent-replacement+CHILS,INTERNAL_INDEPENDENT_REPLACEMENT_CONTROL
validation,quality,FullP1,6,JR-DUAL-r006-R8-g0170,False,1,True,1.0,10.0,1068781.531731624,1071041.907003789,2260.3752721650526,0.21149086179500373,0.5845709927380085,5.456805292516947,1.0,1.0,0.0,0.0,1.0,0.0,0.0,0.0,2.0,2.0,0.0,2260.3752721650526,1071041.907003789,2239.5680352230556,20.807236941996962,Independent-replacement+CHILS（独立替代估计对照）,Independent-replacement+CHILS,INTERNAL_INDEPENDENT_REPLACEMENT_CONTROL
validation,quality,FullP1,6,JR-DUAL-r006-R8-g0340,False,1,True,1.0,10.0,961943.064988315,963685.633441625,1742.5684533100575,0.1811508930969033,3.080977089703083,7.204186048358679,1.0,1.0,0.0,0.0,1.0,0.0,0.0,0.0,8.0,8.0,0.0,1742.5684533100575,963685.633441625,1742.5684533100575,0.0,Independent-replacement+CHILS（独立替代估计对照）,Independent-replacement+CHILS,INTERNAL_INDEPENDENT_REPLACEMENT_CONTROL
validation,quality,FullP1,6,JR-DUAL-r006-R8-g0680,False,1,True,1.0,10.0,729107.718085508,729985.92344508,878.205359572079,0.12044932974760875,3.1128693632781506,7.357334401458502,1.0,1.0,0.0,0.0,1.0,0.0,0.0,0.0,8.0,8.0,0.0,878.205359572079,729985.92344508,878.205359572079,0.0,Independent-replacement+CHILS（独立替代估计对照）,Independent-replacement+CHILS,INTERNAL_INDEPENDENT_REPLACEMENT_CONTROL
validation,quality,FullP1,7,JR-DUAL-r007-R12-g0170,False,1,True,1.0,10.0,1302106.316184301,1303964.561613608,1858.2454293069895,0.14271073000800746,1.8018970526754856,7.937449004501104,1.0,1.0,0.0,0.0,1.0,0.0,0.0,0.0,7.0,7.0,0.0,1858.2454293069895,1303964.561613608,1618.7519354501273,239.4934938568622,Independent-replacement+CHILS（独立替代估计对照）,Independent-replacement+CHILS,INTERNAL_INDEPENDENT_REPLACEMENT_CONTROL
validation,quality,FullP1,7,JR-DUAL-r007-R12-g0340,False,1,True,1.0,10.0,1207439.303503353,1209030.448199105,1591.1446957520675,0.1317784414616456,2.039061103016138,8.813604701310396,1.0,1.0,0.0,0.0,1.0,0.0,0.0,0.0,8.0,8.0,0.0,1591.1446957520675,1209030.448199105,1504.5771414551418,86.56755429692566,Independent-replacement+CHILS（独立替代估计对照）,Independent-replacement+CHILS,INTERNAL_INDEPENDENT_REPLACEMENT_CONTROL
validation,quality,FullP1,7,JR-DUAL-r007-R12-g0680,False,1,True,1.0,10.0,999133.545150412,1000505.633020177,1372.0878697650041,0.1373277752933865,1.9919725805521011,9.634192503988743,1.0,1.0,0.0,0.0,1.0,0.0,0.0,0.0,8.0,8.0,0.0,1372.0878697650041,1000505.633020177,1372.0878697650041,0.0,Independent-replacement+CHILS（独立替代估计对照）,Independent-replacement+CHILS,INTERNAL_INDEPENDENT_REPLACEMENT_CONTROL
validation,quality,FullP1,7,JR-DUAL-r007-R8-g0170,False,1,True,1.0,10.0,1066610.597948497,1068448.272319307,1837.6743708101567,0.1722910286420098,0.43089378997683525,4.6591192707419395,1.0,0.0,0.0,1.0,1.0,0.0,0.0,0.0,0.0,0.0,0.0,1837.6743708101567,1068448.272319307,1837.6743708101567,0.0,Independent-replacement+CHILS（独立替代估计对照）,Independent-replacement+CHILS,INTERNAL_INDEPENDENT_REPLACEMENT_CONTROL
validation,quality,FullP1,7,JR-DUAL-r007-R8-g0340,False,1,True,1.0,10.0,966406.725024867,968215.922278036,1809.1972531690262,0.18720867791172222,1.1794902309775352,5.352274242788553,1.0,1.0,0.0,0.0,1.0,0.0,0.0,0.0,8.0,8.0,0.0,1809.1972531690262,968215.922278036,1809.1972531690262,0.0,Independent-replacement+CHILS（独立替代估计对照）,Independent-replacement+CHILS,INTERNAL_INDEPENDENT_REPLACEMENT_CONTROL
validation,quality,FullP1,7,JR-DUAL-r007-R8-g0680,False,1,True,1.0,10.0,725213.442492003,726903.812156849,1690.3696648459882,0.23308581526529384,3.137595508247614,7.407509282231331,1.0,1.0,0.0,0.0,1.0,0.0,0.0,0.0,8.0,8.0,0.0,1690.3696648459882,726903.812156849,1690.3696648459882,0.0,Independent-replacement+CHILS（独立替代估计对照）,Independent-replacement+CHILS,INTERNAL_INDEPENDENT_REPLACEMENT_CONTROL
validation,quality,FullGreedy,6,JR-DUAL-r006-R12-g0170,False,1,True,1.0,10.0,1304450.278531471,1306008.711622348,1558.4330908770207,0.11947048626732476,2.5097824297845364,8.401532385498285,1.0,1.0,0.0,0.0,1.0,0.0,0.0,0.0,7.0,7.0,0.0,1558.4330908770207,1306008.711622348,1287.3493890268728,271.0837018501479,Greedy-rank+CHILS（贪心请求排序内部对照）,Greedy-rank+CHILS,INTERNAL_GREEDY_REQUEST_RANKING
validation,quality,FullGreedy,6,JR-DUAL-r006-R12-g0340,False,1,True,1.0,10.0,1205720.942989415,1209107.389922451,3386.4469330359716,0.2808649010143055,2.8529974333941936,10.161869637668133,1.0,1.0,0.0,0.0,1.0,0.0,0.0,0.0,8.0,8.0,0.0,3386.4469330359716,1209107.389922451,2613.171825672034,773.2751073639374,Greedy-rank+CHILS（贪心请求排序内部对照）,Greedy-rank+CHILS,INTERNAL_GREEDY_REQUEST_RANKING
validation,quality,FullGreedy,6,JR-DUAL-r006-R12-g0680,False,1,True,1.0,10.0,999967.725572712,1001638.68494275,1670.9593700380065,0.1671013301035288,1.8647613935172558,9.190839421004057,1.0,1.0,0.0,0.0,1.0,0.0,0.0,0.0,8.0,8.0,0.0,1670.9593700380065,1001638.68494275,1063.2552378489636,607.7041321890429,Greedy-rank+CHILS（贪心请求排序内部对照）,Greedy-rank+CHILS,INTERNAL_GREEDY_REQUEST_RANKING
validation,quality,FullGreedy,6,JR-DUAL-r006-R8-g0170,False,1,True,1.0,10.0,1068781.531731624,1072367.858681995,3586.3269503710326,0.33555285564866744,0.753785889595747,5.612830568104982,1.0,1.0,0.0,0.0,1.0,0.0,0.0,0.0,7.0,7.0,0.0,3586.3269503710326,1072367.858681995,2239.5680352230556,1346.758915147977,Greedy-rank+CHILS（贪心请求排序内部对照）,Greedy-rank+CHILS,INTERNAL_GREEDY_REQUEST_RANKING
validation,quality,FullGreedy,6,JR-DUAL-r006-R8-g0340,False,1,True,1.0,10.0,961943.064988315,965292.936099649,3349.8711113340687,0.3482400604837003,0.7708088047802448,5.101629484444857,1.0,1.0,0.0,0.0,1.0,0.0,0.0,0.0,8.0,8.0,0.0,3349.8711113340687,965292.936099649,1742.5684533100575,1607.3026580240112,Greedy-rank+CHILS（贪心请求排序内部对照）,Greedy-rank+CHILS,INTERNAL_GREEDY_REQUEST_RANKING
validation,quality,FullGreedy,6,JR-DUAL-r006-R8-g0680,False,1,True,1.0,10.0,729107.718085508,730101.321020449,993.6029349410674,0.1362765624742077,1.1912792921066284,6.057212054729462,1.0,1.0,0.0,0.0,1.0,0.0,0.0,0.0,8.0,8.0,0.0,993.6029349410674,730101.321020449,878.205359572079,115.39757536898833,Greedy-rank+CHILS（贪心请求排序内部对照）,Greedy-rank+CHILS,INTERNAL_GREEDY_REQUEST_RANKING
validation,quality,FullGreedy,7,JR-DUAL-r007-R12-g0170,False,1,True,1.0,10.0,1302106.316184301,1303964.561613608,1858.2454293069895,0.14271073000800746,2.451688442379236,9.045745201408863,1.0,1.0,0.0,0.0,1.0,0.0,0.0,0.0,8.0,8.0,0.0,1858.2454293069895,1303964.561613608,1618.7519354501273,239.4934938568622,Greedy-rank+CHILS（贪心请求排序内部对照）,Greedy-rank+CHILS,INTERNAL_GREEDY_REQUEST_RANKING
validation,quality,FullGreedy,7,JR-DUAL-r007-R12-g0340,False,1,True,1.0,10.0,1207439.303503353,1209291.095120456,1851.7916171031538,0.1533651929111658,1.8549079410731792,9.102602880448103,1.0,1.0,0.0,0.0,1.0,0.0,0.0,0.0,8.0,8.0,0.0,1851.7916171031538,1209291.095120456,1504.5771414551418,347.214475648012,Greedy-rank+CHILS（贪心请求排序内部对照）,Greedy-rank+CHILS,INTERNAL_GREEDY_REQUEST_RANKING
validation,quality,FullGreedy,7,JR-DUAL-r007-R12-g0680,False,1,True,1.0,10.0,999133.545150412,1000712.867879014,1579.3227286019828,0.1580692327134535,3.9427441358566284,11.3033528290689,1.0,1.0,0.0,0.0,1.0,0.0,0.0,0.0,8.0,8.0,0.0,1579.3227286019828,1000712.867879014,1372.0878697650041,207.23485883697867,Greedy-rank+CHILS（贪心请求排序内部对照）,Greedy-rank+CHILS,INTERNAL_GREEDY_REQUEST_RANKING
validation,quality,FullGreedy,7,JR-DUAL-r007-R8-g0170,False,1,True,1.0,10.0,1066610.597948497,1070544.694713603,3934.0967651060782,0.3688409596410219,0.9339646585285664,6.7616054601967335,1.0,1.0,0.0,0.0,1.0,0.0,0.0,0.0,7.0,7.0,0.0,3934.0967651060782,1070544.694713603,1837.6743708101567,2096.4223942959215,Greedy-rank+CHILS（贪心请求排序内部对照）,Greedy-rank+CHILS,INTERNAL_GREEDY_REQUEST_RANKING
validation,quality,FullGreedy,7,JR-DUAL-r007-R8-g0340,False,1,True,1.0,10.0,966406.725024867,970023.510562276,3616.785537409014,0.3742508659918472,0.7641577385365963,4.649440340697765,1.0,1.0,0.0,0.0,1.0,0.0,0.0,0.0,8.0,8.0,0.0,3616.785537409014,970023.510562276,1809.1972531690262,1807.5882842399878,Greedy-rank+CHILS（贪心请求排序内部对照）,Greedy-rank+CHILS,INTERNAL_GREEDY_REQUEST_RANKING
validation,quality,FullGreedy,7,JR-DUAL-r007-R8-g0680,False,1,True,1.0,10.0,725213.442492003,727210.716704659,1997.274212656077,0.27540501811342266,0.9975702203810215,5.998688619583845,1.0,1.0,0.0,0.0,1.0,0.0,0.0,0.0,8.0,8.0,0.0,1997.274212656077,727210.716704659,1690.3696648459882,306.90454781008884,Greedy-rank+CHILS（贪心请求排序内部对照）,Greedy-rank+CHILS,INTERNAL_GREEDY_REQUEST_RANKING
validation,quality,CHILS-p1,6,JR-DUAL-r006-R12-g0170,False,1,True,1.0,10.0,1304450.278531471,1371418.295250371,66968.01671890006,5.133811370280174,7.330419018864632,9.78010105714202,1.0,1.0,0.0,0.0,1.0,0.0,0.0,0.0,1.0,0.0,0.0,66968.01671890006,1371418.295250371,0.0,66968.01671890006,CHILS-p1（SEA 2025 公开 MWIS 算法）,CHILS-p1 (SEA 2025),PUBLISHED_MWIS_BASELINE
validation,quality,CHILS-p1,6,JR-DUAL-r006-R12-g0340,False,1,True,1.0,10.0,1205720.942989415,1291849.458471564,86128.51548214909,7.143320847409814,7.387396767735481,10.659252226352692,1.0,1.0,0.0,0.0,1.0,0.0,0.0,0.0,1.0,0.0,0.0,86128.51548214909,1291849.458471564,0.0,86128.51548214909,CHILS-p1（SEA 2025 公开 MWIS 算法）,CHILS-p1 (SEA 2025),PUBLISHED_MWIS_BASELINE
validation,quality,CHILS-p1,6,JR-DUAL-r006-R12-g0680,False,1,True,1.0,10.0,999967.725572712,1102175.016153394,102207.29058068199,10.221058936891664,7.416961211711168,10.520893573760986,1.0,1.0,0.0,0.0,1.0,0.0,0.0,0.0,1.0,0.0,0.0,102207.29058068199,1102175.016153394,0.0,102207.29058068199,CHILS-p1（SEA 2025 公开 MWIS 算法）,CHILS-p1 (SEA 2025),PUBLISHED_MWIS_BASELINE
validation,quality,CHILS-p1,6,JR-DUAL-r006-R8-g0170,False,1,True,1.0,10.0,1068781.531731624,1180131.837192959,111350.305461335,10.418434652489447,7.128083135932684,7.903764024376869,1.0,1.0,0.0,0.0,1.0,0.0,0.0,0.0,1.0,0.0,0.0,111350.305461335,1180131.837192959,0.0,111350.305461335,CHILS-p1（SEA 2025 公开 MWIS 算法）,CHILS-p1 (SEA 2025),PUBLISHED_MWIS_BASELINE
validation,quality,CHILS-p1,6,JR-DUAL-r006-R8-g0340,False,1,True,1.0,10.0,961943.064988315,1042965.124057528,81022.05906921299,8.422749954561727,7.138219356536865,8.004023801535368,1.0,1.0,0.0,0.0,1.0,0.0,0.0,0.0,1.0,0.0,0.0,81022.05906921299,1042965.124057528,0.0,81022.05906921299,CHILS-p1（SEA 2025 公开 MWIS 算法）,CHILS-p1 (SEA 2025),PUBLISHED_MWIS_BASELINE
validation,quality,CHILS-p1,6,JR-DUAL-r006-R8-g0680,False,1,True,1.0,10.0,729107.718085508,793944.725238414,64837.00715290604,8.892651324985989,7.173502169549465,8.290226761251688,1.0,1.0,0.0,0.0,1.0,0.0,0.0,0.0,1.0,0.0,0.0,64837.00715290604,793944.725238414,0.0,64837.00715290604,CHILS-p1（SEA 2025 公开 MWIS 算法）,CHILS-p1 (SEA 2025),PUBLISHED_MWIS_BASELINE
validation,quality,CHILS-p1,7,JR-DUAL-r007-R12-g0170,False,1,True,1.0,10.0,1302106.316184301,1372364.911065455,70258.59488115413,5.395764847147065,7.3411181308329105,9.612887889146805,1.0,1.0,0.0,0.0,1.0,0.0,0.0,0.0,1.0,0.0,0.0,70258.59488115413,1372364.911065455,0.0,70258.59488115413,CHILS-p1（SEA 2025 公开 MWIS 算法）,CHILS-p1 (SEA 2025),PUBLISHED_MWIS_BASELINE
validation,quality,CHILS-p1,7,JR-DUAL-r007-R12-g0340,False,1,True,1.0,10.0,1207439.303503353,1293825.187836602,86385.88433324918,7.154470132171683,7.373581521213055,10.63214834406972,1.0,1.0,0.0,0.0,1.0,0.0,0.0,0.0,1.0,0.0,0.0,86385.88433324918,1293825.187836602,0.0,86385.88433324918,CHILS-p1（SEA 2025 公开 MWIS 算法）,CHILS-p1 (SEA 2025),PUBLISHED_MWIS_BASELINE
validation,quality,CHILS-p1,7,JR-DUAL-r007-R12-g0680,False,1,True,1.0,10.0,999133.545150412,1103281.95795685,104148.41280643805,10.423873096039358,7.397327080368996,10.220463000237942,1.0,1.0,0.0,0.0,1.0,0.0,0.0,0.0,1.0,0.0,0.0,104148.41280643805,1103281.95795685,0.0,104148.41280643805,CHILS-p1（SEA 2025 公开 MWIS 算法）,CHILS-p1 (SEA 2025),PUBLISHED_MWIS_BASELINE
validation,quality,CHILS-p1,7,JR-DUAL-r007-R8-g0170,False,1,True,1.0,10.0,1066610.597948497,1176996.53568229,110385.93773379317,10.349225663621555,7.137258179485798,7.994126230478287,1.0,1.0,0.0,0.0,1.0,0.0,0.0,0.0,1.0,0.0,0.0,110385.93773379317,1176996.53568229,0.0,110385.93773379317,CHILS-p1（SEA 2025 公开 MWIS 算法）,CHILS-p1 (SEA 2025),PUBLISHED_MWIS_BASELINE
validation,quality,CHILS-p1,7,JR-DUAL-r007-R8-g0340,False,1,True,1.0,10.0,966406.725024867,1045394.653333318,78987.92830845097,8.173362856763905,7.135416407138109,8.002933468669653,1.0,1.0,0.0,0.0,1.0,0.0,0.0,0.0,1.0,0.0,0.0,78987.92830845097,1045394.653333318,0.0,78987.92830845097,CHILS-p1（SEA 2025 公开 MWIS 算法）,CHILS-p1 (SEA 2025),PUBLISHED_MWIS_BASELINE
validation,quality,CHILS-p1,7,JR-DUAL-r007-R8-g0680,False,1,True,1.0,10.0,725213.442492003,792371.372921811,67157.93042980798,9.260436513564562,7.164811380207539,8.253186453133821,1.0,1.0,0.0,0.0,1.0,0.0,0.0,0.0,1.0,0.0,0.0,67157.93042980798,792371.372921811,0.0,67157.93042980798,CHILS-p1（SEA 2025 公开 MWIS 算法）,CHILS-p1 (SEA 2025),PUBLISHED_MWIS_BASELINE
validation,quality,HiGHS-MILP,6,JR-DUAL-r006-R12-g0170,False,1,True,1.0,10.0,1304450.278531471,1304450.278531471,0.0,0.0,7.644363697618246,10.565932534635067,1.0,1.0,0.0,0.0,1.0,0.0,0.0,0.0,1.0,0.0,0.0,0.0,1304450.278531471,0.0,0.0,HiGHS-MILP（通用 MILP 软件参照）,HiGHS (generic MILP),GENERIC_MILP_SOFTWARE_REFERENCE
validation,quality,HiGHS-MILP,6,JR-DUAL-r006-R12-g0340,False,1,True,0.0,10.0,1205720.942989415,null,null,null,11.595691584050655,15.025384221225977,0.0,0.0,1.0,0.0,0.0,1.0,0.0,0.0,null,0.0,0.0,0.0,1205720.942989415,0.0,0.0,HiGHS-MILP（通用 MILP 软件参照）,HiGHS (generic MILP),GENERIC_MILP_SOFTWARE_REFERENCE
validation,quality,HiGHS-MILP,6,JR-DUAL-r006-R12-g0680,False,1,True,0.0,10.0,999967.725572712,null,null,null,10.897298753261566,14.346153497695923,0.0,0.0,1.0,0.0,0.0,1.0,0.0,0.0,null,0.0,0.0,0.0,999967.725572712,0.0,0.0,HiGHS-MILP（通用 MILP 软件参照）,HiGHS (generic MILP),GENERIC_MILP_SOFTWARE_REFERENCE
validation,quality,HiGHS-MILP,6,JR-DUAL-r006-R8-g0170,False,1,True,0.0,10.0,1068781.531731624,null,null,null,10.024322777986526,10.99775219336152,0.0,0.0,1.0,0.0,0.0,1.0,0.0,0.0,null,0.0,0.0,0.0,1068781.531731624,0.0,0.0,HiGHS-MILP（通用 MILP 软件参照）,HiGHS (generic MILP),GENERIC_MILP_SOFTWARE_REFERENCE
validation,quality,HiGHS-MILP,6,JR-DUAL-r006-R8-g0340,False,1,True,1.0,10.0,961943.064988315,961943.064988315,0.0,0.0,7.208677694201469,8.292678233236074,1.0,1.0,0.0,0.0,1.0,0.0,0.0,0.0,1.0,0.0,0.0,0.0,961943.064988315,0.0,0.0,HiGHS-MILP（通用 MILP 软件参照）,HiGHS (generic MILP),GENERIC_MILP_SOFTWARE_REFERENCE
validation,quality,HiGHS-MILP,6,JR-DUAL-r006-R8-g0680,False,1,True,1.0,10.0,729107.718085508,729107.718085508,0.0,0.0,7.2477464489638805,8.489393331110477,1.0,1.0,0.0,0.0,1.0,0.0,0.0,0.0,1.0,0.0,0.0,0.0,729107.718085508,0.0,0.0,HiGHS-MILP（通用 MILP 软件参照）,HiGHS (generic MILP),GENERIC_MILP_SOFTWARE_REFERENCE
validation,quality,HiGHS-MILP,7,JR-DUAL-r007-R12-g0170,False,1,True,1.0,10.0,1302106.316184301,1302106.316184301,0.0,0.0,7.696995548903942,10.625858537852764,1.0,1.0,0.0,0.0,1.0,0.0,0.0,0.0,1.0,0.0,0.0,0.0,1302106.316184301,0.0,0.0,HiGHS-MILP（通用 MILP 软件参照）,HiGHS (generic MILP),GENERIC_MILP_SOFTWARE_REFERENCE
validation,quality,HiGHS-MILP,7,JR-DUAL-r007-R12-g0340,False,1,True,0.0,10.0,1207439.303503353,null,null,null,10.20546217635274,14.704692553728819,0.0,0.0,1.0,0.0,0.0,1.0,0.0,0.0,null,0.0,0.0,0.0,1207439.303503353,0.0,0.0,HiGHS-MILP（通用 MILP 软件参照）,HiGHS (generic MILP),GENERIC_MILP_SOFTWARE_REFERENCE
validation,quality,HiGHS-MILP,7,JR-DUAL-r007-R12-g0680,False,1,True,0.0,10.0,999133.545150412,null,null,null,10.794213015586138,14.330631770193577,0.0,0.0,1.0,0.0,0.0,1.0,0.0,0.0,null,0.0,0.0,0.0,999133.545150412,0.0,0.0,HiGHS-MILP（通用 MILP 软件参照）,HiGHS (generic MILP),GENERIC_MILP_SOFTWARE_REFERENCE
validation,quality,HiGHS-MILP,7,JR-DUAL-r007-R8-g0170,False,1,True,1.0,10.0,1066610.597948497,1066610.597948497,0.0,0.0,9.995982613414526,10.99532139673829,1.0,1.0,0.0,0.0,1.0,0.0,0.0,0.0,1.0,0.0,0.0,0.0,1066610.597948497,0.0,0.0,HiGHS-MILP（通用 MILP 软件参照）,HiGHS (generic MILP),GENERIC_MILP_SOFTWARE_REFERENCE
validation,quality,HiGHS-MILP,7,JR-DUAL-r007-R8-g0340,False,1,True,1.0,10.0,966406.725024867,966406.725024867,0.0,0.0,7.199305132031441,8.239722661674023,1.0,1.0,0.0,0.0,1.0,0.0,0.0,0.0,1.0,0.0,0.0,0.0,966406.725024867,0.0,0.0,HiGHS-MILP（通用 MILP 软件参照）,HiGHS (generic MILP),GENERIC_MILP_SOFTWARE_REFERENCE
validation,quality,HiGHS-MILP,7,JR-DUAL-r007-R8-g0680,False,1,True,1.0,10.0,725213.442492003,725213.442492003,0.0,0.0,7.253920570015907,8.493045002222061,1.0,1.0,0.0,0.0,1.0,0.0,0.0,0.0,1.0,0.0,0.0,0.0,725213.442492003,0.0,0.0,HiGHS-MILP（通用 MILP 软件参照）,HiGHS (generic MILP),GENERIC_MILP_SOFTWARE_REFERENCE
validation,quality,FullCapacity-mean17/29,6,JR-DUAL-r006-R12-g0170,False,2,True,2.0,30.0,1304450.278531471,1306008.711622348,1558.4330908770207,0.11947048626732476,6.647409036755562,13.706866890192032,1.0,1.0,0.0,0.0,1.0,0.0,0.0,0.0,7.5,7.5,0.0,1558.4330908770207,1306008.711622348,1287.3493890268728,271.0837018501479,JointRecovery（本文方法，JR；完整框架 STK 迁移）；两种子均值,"JointRecovery (JR, ours); 2-seed mean",PROPOSED_FULL_FRAMEWORK
validation,quality,FullCapacity-mean17/29,6,JR-DUAL-r006-R12-g0340,False,2,True,2.0,30.0,1205720.942989415,1209107.389922451,3386.4469330359716,0.2808649010143055,6.300824040547013,13.231265855953097,1.0,1.0,0.0,0.0,1.0,0.0,0.0,0.0,8.0,8.0,0.0,3386.4469330359716,1209107.389922451,2613.171825672034,773.2751073639374,JointRecovery（本文方法，JR；完整框架 STK 迁移）；两种子均值,"JointRecovery (JR, ours); 2-seed mean",PROPOSED_FULL_FRAMEWORK
validation,quality,FullCapacity-mean17/29,6,JR-DUAL-r006-R12-g0680,False,2,True,2.0,30.0,999967.725572712,1001638.68494275,1670.9593700380065,0.1671013301035288,6.596181375905871,13.838622586801648,1.0,1.0,0.0,0.0,1.0,0.0,0.0,0.0,8.0,8.0,0.0,1670.9593700380065,1001638.68494275,1063.2552378489636,607.7041321890429,JointRecovery（本文方法，JR；完整框架 STK 迁移）；两种子均值,"JointRecovery (JR, ours); 2-seed mean",PROPOSED_FULL_FRAMEWORK
validation,quality,FullCapacity-mean17/29,6,JR-DUAL-r006-R8-g0170,False,2,True,2.0,30.0,1068781.531731624,1072416.0267934124,3634.4950617885916,0.340059680475582,3.2196326088160276,8.049150193110108,1.0,1.0,0.0,0.0,1.0,0.0,0.0,0.0,7.5,7.5,0.0,3634.4950617885916,1072416.0267934124,2239.5680352230556,1394.927026565536,JointRecovery（本文方法，JR；完整框架 STK 迁移）；两种子均值,"JointRecovery (JR, ours); 2-seed mean",PROPOSED_FULL_FRAMEWORK
validation,quality,FullCapacity-mean17/29,6,JR-DUAL-r006-R8-g0340,False,2,True,2.0,30.0,961943.064988315,965292.936099649,3349.8711113340687,0.3482400604837003,2.976944010704756,7.6145618334412575,1.0,1.0,0.0,0.0,1.0,0.0,0.0,0.0,8.0,8.0,0.0,3349.8711113340687,965292.936099649,1742.5684533100575,1607.3026580240112,JointRecovery（本文方法，JR；完整框架 STK 迁移）；两种子均值,"JointRecovery (JR, ours); 2-seed mean",PROPOSED_FULL_FRAMEWORK
validation,quality,FullCapacity-mean17/29,6,JR-DUAL-r006-R8-g0680,False,2,True,2.0,30.0,729107.718085508,730475.726529639,1368.008444131061,0.18762775515848046,3.034368772059679,7.358605703338981,1.0,1.0,0.0,0.0,1.0,0.0,0.0,0.0,8.0,8.0,0.0,1368.008444131061,730475.726529639,878.205359572079,489.80308455898194,JointRecovery（本文方法，JR；完整框架 STK 迁移）；两种子均值,"JointRecovery (JR, ours); 2-seed mean",PROPOSED_FULL_FRAMEWORK
validation,quality,FullCapacity-mean17/29,7,JR-DUAL-r007-R12-g0170,False,2,True,2.0,30.0,1302106.316184301,1303964.561613608,1858.2454293069895,0.14271073000800746,6.565911907702684,13.704406555742025,1.0,1.0,0.0,0.0,1.0,0.0,0.0,0.0,8.0,8.0,0.0,1858.2454293069895,1303964.561613608,1618.7519354501273,239.4934938568622,JointRecovery（本文方法，JR；完整框架 STK 迁移）；两种子均值,"JointRecovery (JR, ours); 2-seed mean",PROPOSED_FULL_FRAMEWORK
validation,quality,FullCapacity-mean17/29,7,JR-DUAL-r007-R12-g0340,False,2,True,2.0,30.0,1207439.303503353,1209291.095120456,1851.7916171031538,0.1533651929111658,6.0718263275921345,13.363798363134265,1.0,1.0,0.0,0.0,1.0,0.0,0.0,0.0,8.0,8.0,0.0,1851.7916171031538,1209291.095120456,1504.5771414551418,347.214475648012,JointRecovery（本文方法，JR；完整框架 STK 迁移）；两种子均值,"JointRecovery (JR, ours); 2-seed mean",PROPOSED_FULL_FRAMEWORK
validation,quality,FullCapacity-mean17/29,7,JR-DUAL-r007-R12-g0680,False,2,True,2.0,30.0,999133.545150412,1000712.867879014,1579.3227286019828,0.1580692327134535,5.8699208535254,12.8780876416713,1.0,1.0,0.0,0.0,1.0,0.0,0.0,0.0,8.0,8.0,0.0,1579.3227286019828,1000712.867879014,1372.0878697650041,207.23485883697867,JointRecovery（本文方法，JR；完整框架 STK 迁移）；两种子均值,"JointRecovery (JR, ours); 2-seed mean",PROPOSED_FULL_FRAMEWORK
validation,quality,FullCapacity-mean17/29,7,JR-DUAL-r007-R8-g0170,False,2,True,2.0,30.0,1066610.597948497,1070544.694713603,3934.0967651060782,0.3688409596410219,3.7188326828181744,8.566523145884275,1.0,1.0,0.0,0.0,1.0,0.0,0.0,0.0,7.5,7.5,0.0,3934.0967651060782,1070544.694713603,1837.6743708101567,2096.4223942959215,JointRecovery（本文方法，JR；完整框架 STK 迁移）；两种子均值,"JointRecovery (JR, ours); 2-seed mean",PROPOSED_FULL_FRAMEWORK
validation,quality,FullCapacity-mean17/29,7,JR-DUAL-r007-R8-g0340,False,2,True,2.0,30.0,966406.725024867,970023.510562276,3616.785537409014,0.3742508659918472,3.1782182566821575,7.689393458887935,1.0,1.0,0.0,0.0,1.0,0.0,0.0,0.0,8.0,8.0,0.0,3616.785537409014,970023.510562276,1809.1972531690262,1807.5882842399878,JointRecovery（本文方法，JR；完整框架 STK 迁移）；两种子均值,"JointRecovery (JR, ours); 2-seed mean",PROPOSED_FULL_FRAMEWORK
validation,quality,FullCapacity-mean17/29,7,JR-DUAL-r007-R8-g0680,False,2,True,2.0,30.0,725213.442492003,727210.716704659,1997.274212656077,0.27540501811342266,2.4516884181648493,7.47799932025373,1.0,1.0,0.0,0.0,1.0,0.0,0.0,0.0,8.0,8.0,0.0,1997.274212656077,727210.716704659,1690.3696648459882,306.90454781008884,JointRecovery（本文方法，JR；完整框架 STK 迁移）；两种子均值,"JointRecovery (JR, ours); 2-seed mean",PROPOSED_FULL_FRAMEWORK
validation,quality,FullCapacity-seed17,6,JR-DUAL-r006-R12-g0170,False,1,True,1.0,30.0,1304450.278531471,1306008.711622348,1558.4330908770207,0.11947048626732476,6.039174649864435,12.79221423715353,1.0,1.0,0.0,0.0,1.0,0.0,0.0,0.0,7.0,7.0,0.0,1558.4330908770207,1306008.711622348,1287.3493890268728,271.0837018501479,JointRecovery（本文方法，JR；完整框架 STK 迁移）；seed17,"JointRecovery (JR, ours); seed17",PROPOSED_FULL_FRAMEWORK
validation,quality,FullCapacity-seed17,6,JR-DUAL-r006-R12-g0340,False,1,True,1.0,30.0,1205720.942989415,1209107.389922451,3386.4469330359716,0.2808649010143055,6.1094473376870155,12.985331259667873,1.0,1.0,0.0,0.0,1.0,0.0,0.0,0.0,8.0,8.0,0.0,3386.4469330359716,1209107.389922451,2613.171825672034,773.2751073639374,JointRecovery（本文方法，JR；完整框架 STK 迁移）；seed17,"JointRecovery (JR, ours); seed17",PROPOSED_FULL_FRAMEWORK
validation,quality,FullCapacity-seed17,6,JR-DUAL-r006-R12-g0680,False,1,True,1.0,30.0,999967.725572712,1001638.68494275,1670.9593700380065,0.1671013301035288,6.105509355664253,12.815896566957235,1.0,1.0,0.0,0.0,1.0,0.0,0.0,0.0,8.0,8.0,0.0,1670.9593700380065,1001638.68494275,1063.2552378489636,607.7041321890429,JointRecovery（本文方法，JR；完整框架 STK 迁移）；seed17,"JointRecovery (JR, ours); seed17",PROPOSED_FULL_FRAMEWORK
validation,quality,FullCapacity-seed17,6,JR-DUAL-r006-R8-g0170,False,1,True,1.0,30.0,1068781.531731624,1072367.858681995,3586.3269503710326,0.33555285564866744,1.9797134175896645,6.8720701560378075,1.0,1.0,0.0,0.0,1.0,0.0,0.0,0.0,7.0,7.0,0.0,3586.3269503710326,1072367.858681995,2239.5680352230556,1346.758915147977,JointRecovery（本文方法，JR；完整框架 STK 迁移）；seed17,"JointRecovery (JR, ours); seed17",PROPOSED_FULL_FRAMEWORK
validation,quality,FullCapacity-seed17,6,JR-DUAL-r006-R8-g0340,False,1,True,1.0,30.0,961943.064988315,965292.936099649,3349.8711113340687,0.3482400604837003,1.9097615703940392,6.76326734572649,1.0,1.0,0.0,0.0,1.0,0.0,0.0,0.0,8.0,8.0,0.0,3349.8711113340687,965292.936099649,1742.5684533100575,1607.3026580240112,JointRecovery（本文方法，JR；完整框架 STK 迁移）；seed17,"JointRecovery (JR, ours); seed17",PROPOSED_FULL_FRAMEWORK
validation,quality,FullCapacity-seed17,6,JR-DUAL-r006-R8-g0680,False,1,True,1.0,30.0,729107.718085508,730101.321020449,993.6029349410674,0.1362765624742077,2.063301093876362,6.511634882539511,1.0,1.0,0.0,0.0,1.0,0.0,0.0,0.0,8.0,8.0,0.0,993.6029349410674,730101.321020449,878.205359572079,115.39757536898833,JointRecovery（本文方法，JR；完整框架 STK 迁移）；seed17,"JointRecovery (JR, ours); seed17",PROPOSED_FULL_FRAMEWORK
validation,quality,FullCapacity-seed17,7,JR-DUAL-r007-R12-g0170,False,1,True,1.0,30.0,1302106.316184301,1303964.561613608,1858.2454293069895,0.14271073000800746,6.047681223601103,13.480049278587103,1.0,1.0,0.0,0.0,1.0,0.0,0.0,0.0,8.0,8.0,0.0,1858.2454293069895,1303964.561613608,1618.7519354501273,239.4934938568622,JointRecovery（本文方法，JR；完整框架 STK 迁移）；seed17,"JointRecovery (JR, ours); seed17",PROPOSED_FULL_FRAMEWORK
validation,quality,FullCapacity-seed17,7,JR-DUAL-r007-R12-g0340,False,1,True,1.0,30.0,1207439.303503353,1209291.095120456,1851.7916171031538,0.1533651929111658,4.444113615900278,11.63749174773693,1.0,1.0,0.0,0.0,1.0,0.0,0.0,0.0,8.0,8.0,0.0,1851.7916171031538,1209291.095120456,1504.5771414551418,347.214475648012,JointRecovery（本文方法，JR；完整框架 STK 迁移）；seed17,"JointRecovery (JR, ours); seed17",PROPOSED_FULL_FRAMEWORK
validation,quality,FullCapacity-seed17,7,JR-DUAL-r007-R12-g0680,False,1,True,1.0,30.0,999133.545150412,1000712.867879014,1579.3227286019828,0.1580692327134535,4.606241881847382,11.49520305544138,1.0,1.0,0.0,0.0,1.0,0.0,0.0,0.0,8.0,8.0,0.0,1579.3227286019828,1000712.867879014,1372.0878697650041,207.23485883697867,JointRecovery（本文方法，JR；完整框架 STK 迁移）；seed17,"JointRecovery (JR, ours); seed17",PROPOSED_FULL_FRAMEWORK
validation,quality,FullCapacity-seed17,7,JR-DUAL-r007-R8-g0170,False,1,True,1.0,30.0,1066610.597948497,1070544.694713603,3934.0967651060782,0.3688409596410219,3.297394324094057,8.267756380140781,1.0,1.0,0.0,0.0,1.0,0.0,0.0,0.0,7.0,7.0,0.0,3934.0967651060782,1070544.694713603,1837.6743708101567,2096.4223942959215,JointRecovery（本文方法，JR；完整框架 STK 迁移）；seed17,"JointRecovery (JR, ours); seed17",PROPOSED_FULL_FRAMEWORK
validation,quality,FullCapacity-seed17,7,JR-DUAL-r007-R8-g0340,False,1,True,1.0,30.0,966406.725024867,970023.510562276,3616.785537409014,0.3742508659918472,3.114966031163931,8.021320629864931,1.0,1.0,0.0,0.0,1.0,0.0,0.0,0.0,8.0,8.0,0.0,3616.785537409014,970023.510562276,1809.1972531690262,1807.5882842399878,JointRecovery（本文方法，JR；完整框架 STK 迁移）；seed17,"JointRecovery (JR, ours); seed17",PROPOSED_FULL_FRAMEWORK
validation,quality,FullCapacity-seed17,7,JR-DUAL-r007-R8-g0680,False,1,True,1.0,30.0,725213.442492003,727210.716704659,1997.274212656077,0.27540501811342266,2.00581793487072,7.153218522667885,1.0,1.0,0.0,0.0,1.0,0.0,0.0,0.0,8.0,8.0,0.0,1997.274212656077,727210.716704659,1690.3696648459882,306.90454781008884,JointRecovery（本文方法，JR；完整框架 STK 迁移）；seed17,"JointRecovery (JR, ours); seed17",PROPOSED_FULL_FRAMEWORK
validation,quality,FullCapacity-seed29,6,JR-DUAL-r006-R12-g0170,False,1,True,1.0,30.0,1304450.278531471,1306008.711622348,1558.4330908770207,0.11947048626732476,7.2556434236466885,14.621519543230534,1.0,1.0,0.0,0.0,1.0,0.0,0.0,0.0,8.0,8.0,0.0,1558.4330908770207,1306008.711622348,1287.3493890268728,271.0837018501479,JointRecovery（本文方法，JR；完整框架 STK 迁移）；seed29,"JointRecovery (JR, ours); seed29",PROPOSED_FULL_FRAMEWORK
validation,quality,FullCapacity-seed29,6,JR-DUAL-r006-R12-g0340,False,1,True,1.0,30.0,1205720.942989415,1209107.389922451,3386.4469330359716,0.2808649010143055,6.492200743407011,13.477200452238321,1.0,1.0,0.0,0.0,1.0,0.0,0.0,0.0,8.0,8.0,0.0,3386.4469330359716,1209107.389922451,2613.171825672034,773.2751073639374,JointRecovery（本文方法，JR；完整框架 STK 迁移）；seed29,"JointRecovery (JR, ours); seed29",PROPOSED_FULL_FRAMEWORK
validation,quality,FullCapacity-seed29,6,JR-DUAL-r006-R12-g0680,False,1,True,1.0,30.0,999967.725572712,1001638.68494275,1670.9593700380065,0.1671013301035288,7.0868533961474895,14.861348606646061,1.0,1.0,0.0,0.0,1.0,0.0,0.0,0.0,8.0,8.0,0.0,1670.9593700380065,1001638.68494275,1063.2552378489636,607.7041321890429,JointRecovery（本文方法，JR；完整框架 STK 迁移）；seed29,"JointRecovery (JR, ours); seed29",PROPOSED_FULL_FRAMEWORK
validation,quality,FullCapacity-seed29,6,JR-DUAL-r006-R8-g0170,False,1,True,1.0,30.0,1068781.531731624,1072464.19490483,3682.6631732061505,0.3445665053024966,4.459551800042391,9.22623023018241,1.0,1.0,0.0,0.0,1.0,0.0,0.0,0.0,8.0,8.0,0.0,3682.6631732061505,1072464.19490483,2239.5680352230556,1443.095137983095,JointRecovery（本文方法，JR；完整框架 STK 迁移）；seed29,"JointRecovery (JR, ours); seed29",PROPOSED_FULL_FRAMEWORK
validation,quality,FullCapacity-seed29,6,JR-DUAL-r006-R8-g0340,False,1,True,1.0,30.0,961943.064988315,965292.936099649,3349.8711113340687,0.3482400604837003,4.044126451015472,8.465856321156025,1.0,1.0,0.0,0.0,1.0,0.0,0.0,0.0,8.0,8.0,0.0,3349.8711113340687,965292.936099649,1742.5684533100575,1607.3026580240112,JointRecovery（本文方法，JR；完整框架 STK 迁移）；seed29,"JointRecovery (JR, ours); seed29",PROPOSED_FULL_FRAMEWORK
validation,quality,FullCapacity-seed29,6,JR-DUAL-r006-R8-g0680,False,1,True,1.0,30.0,729107.718085508,730850.132038829,1742.4139533210546,0.23897894784275325,4.005436450242996,8.20557652413845,1.0,1.0,0.0,0.0,1.0,0.0,0.0,0.0,8.0,8.0,0.0,1742.4139533210546,730850.132038829,878.205359572079,864.2085937489755,JointRecovery（本文方法，JR；完整框架 STK 迁移）；seed29,"JointRecovery (JR, ours); seed29",PROPOSED_FULL_FRAMEWORK
validation,quality,FullCapacity-seed29,7,JR-DUAL-r007-R12-g0170,False,1,True,1.0,30.0,1302106.316184301,1303964.561613608,1858.2454293069895,0.14271073000800746,7.084142591804266,13.928763832896948,1.0,1.0,0.0,0.0,1.0,0.0,0.0,0.0,8.0,8.0,0.0,1858.2454293069895,1303964.561613608,1618.7519354501273,239.4934938568622,JointRecovery（本文方法，JR；完整框架 STK 迁移）；seed29,"JointRecovery (JR, ours); seed29",PROPOSED_FULL_FRAMEWORK
validation,quality,FullCapacity-seed29,7,JR-DUAL-r007-R12-g0340,False,1,True,1.0,30.0,1207439.303503353,1209291.095120456,1851.7916171031538,0.1533651929111658,7.699539039283991,15.090104978531599,1.0,1.0,0.0,0.0,1.0,0.0,0.0,0.0,8.0,8.0,0.0,1851.7916171031538,1209291.095120456,1504.5771414551418,347.214475648012,JointRecovery（本文方法，JR；完整框架 STK 迁移）；seed29,"JointRecovery (JR, ours); seed29",PROPOSED_FULL_FRAMEWORK
validation,quality,FullCapacity-seed29,7,JR-DUAL-r007-R12-g0680,False,1,True,1.0,30.0,999133.545150412,1000712.867879014,1579.3227286019828,0.1580692327134535,7.133599825203419,14.26097222790122,1.0,1.0,0.0,0.0,1.0,0.0,0.0,0.0,8.0,8.0,0.0,1579.3227286019828,1000712.867879014,1372.0878697650041,207.23485883697867,JointRecovery（本文方法，JR；完整框架 STK 迁移）；seed29,"JointRecovery (JR, ours); seed29",PROPOSED_FULL_FRAMEWORK
validation,quality,FullCapacity-seed29,7,JR-DUAL-r007-R8-g0170,False,1,True,1.0,30.0,1066610.597948497,1070544.694713603,3934.0967651060782,0.3688409596410219,4.140271041542292,8.86528991162777,1.0,1.0,0.0,0.0,1.0,0.0,0.0,0.0,8.0,8.0,0.0,3934.0967651060782,1070544.694713603,1837.6743708101567,2096.4223942959215,JointRecovery（本文方法，JR；完整框架 STK 迁移）；seed29,"JointRecovery (JR, ours); seed29",PROPOSED_FULL_FRAMEWORK
validation,quality,FullCapacity-seed29,7,JR-DUAL-r007-R8-g0340,False,1,True,1.0,30.0,966406.725024867,970023.510562276,3616.785537409014,0.3742508659918472,3.241470482200384,7.357466287910938,1.0,1.0,0.0,0.0,1.0,0.0,0.0,0.0,8.0,8.0,0.0,3616.785537409014,970023.510562276,1809.1972531690262,1807.5882842399878,JointRecovery（本文方法，JR；完整框架 STK 迁移）；seed29,"JointRecovery (JR, ours); seed29",PROPOSED_FULL_FRAMEWORK
validation,quality,FullCapacity-seed29,7,JR-DUAL-r007-R8-g0680,False,1,True,1.0,30.0,725213.442492003,727210.716704659,1997.274212656077,0.27540501811342266,2.8975589014589787,7.802780117839575,1.0,1.0,0.0,0.0,1.0,0.0,0.0,0.0,8.0,8.0,0.0,1997.274212656077,727210.716704659,1690.3696648459882,306.90454781008884,JointRecovery（本文方法，JR；完整框架 STK 迁移）；seed29,"JointRecovery (JR, ours); seed29",PROPOSED_FULL_FRAMEWORK
validation,quality,FullCheapSummary-mean17/29,6,JR-DUAL-r006-R12-g0170,False,2,True,2.0,30.0,1304450.278531471,1306008.711622348,1558.4330908770207,0.11947048626732476,5.024640891700983,11.770244998857379,1.0,1.0,0.0,0.0,1.0,0.0,0.0,0.0,7.5,7.5,0.0,1558.4330908770207,1306008.711622348,1287.3493890268728,271.0837018501479,JR-CheapSummary（简化表示消融）；两种子均值,JR-CheapSummary; 2-seed mean,SIMPLIFIED_REPRESENTATION_ABLATION
validation,quality,FullCheapSummary-mean17/29,6,JR-DUAL-r006-R12-g0340,False,2,True,2.0,30.0,1205720.942989415,1209107.389922451,3386.4469330359716,0.2808649010143055,5.548075295984745,12.598720917478204,1.0,1.0,0.0,0.0,1.0,0.0,0.0,0.0,8.0,8.0,0.0,3386.4469330359716,1209107.389922451,2613.171825672034,773.2751073639374,JR-CheapSummary（简化表示消融）；两种子均值,JR-CheapSummary; 2-seed mean,SIMPLIFIED_REPRESENTATION_ABLATION
validation,quality,FullCheapSummary-mean17/29,6,JR-DUAL-r006-R12-g0680,False,2,True,2.0,30.0,999967.725572712,1001494.3958110305,1526.6702383185038,0.15267195123163932,5.085565319284797,12.241043411195278,1.0,1.0,0.0,0.0,1.0,0.0,0.0,0.0,8.0,8.0,0.0,1526.6702383185038,1001494.3958110305,1063.2552378489636,463.41500046954025,JR-CheapSummary（简化表示消融）；两种子均值,JR-CheapSummary; 2-seed mean,SIMPLIFIED_REPRESENTATION_ABLATION
validation,quality,FullCheapSummary-mean17/29,6,JR-DUAL-r006-R8-g0170,False,2,True,2.0,30.0,1068781.531731624,1072464.19490483,3682.6631732061505,0.3445665053024966,2.7706901356577873,7.366371912881732,1.0,1.0,0.0,0.0,1.0,0.0,0.0,0.0,7.0,7.0,0.0,3682.6631732061505,1072464.19490483,2239.5680352230556,1443.095137983095,JR-CheapSummary（简化表示消融）；两种子均值,JR-CheapSummary; 2-seed mean,SIMPLIFIED_REPRESENTATION_ABLATION
validation,quality,FullCheapSummary-mean17/29,6,JR-DUAL-r006-R8-g0340,False,2,True,2.0,30.0,961943.064988315,965292.936099649,3349.8711113340687,0.3482400604837003,2.1048165168613195,6.503567622974515,1.0,1.0,0.0,0.0,1.0,0.0,0.0,0.0,8.0,8.0,0.0,3349.8711113340687,965292.936099649,1742.5684533100575,1607.3026580240112,JR-CheapSummary（简化表示消融）；两种子均值,JR-CheapSummary; 2-seed mean,SIMPLIFIED_REPRESENTATION_ABLATION
validation,quality,FullCheapSummary-mean17/29,6,JR-DUAL-r006-R8-g0680,False,2,True,2.0,30.0,729107.718085508,730101.321020449,993.6029349410674,0.1362765624742077,2.5433055460453033,7.155067648738623,1.0,1.0,0.0,0.0,1.0,0.0,0.0,0.0,8.0,8.0,0.0,993.6029349410674,730101.321020449,878.205359572079,115.39757536898833,JR-CheapSummary（简化表示消融）；两种子均值,JR-CheapSummary; 2-seed mean,SIMPLIFIED_REPRESENTATION_ABLATION
validation,quality,FullCheapSummary-mean17/29,7,JR-DUAL-r007-R12-g0170,False,2,True,2.0,30.0,1302106.316184301,1303964.561613608,1858.2454293069895,0.14271073000800746,4.272065419703722,11.645657332614064,1.0,1.0,0.0,0.0,1.0,0.0,0.0,0.0,8.0,8.0,0.0,1858.2454293069895,1303964.561613608,1618.7519354501273,239.4934938568622,JR-CheapSummary（简化表示消融）；两种子均值,JR-CheapSummary; 2-seed mean,SIMPLIFIED_REPRESENTATION_ABLATION
validation,quality,FullCheapSummary-mean17/29,7,JR-DUAL-r007-R12-g0340,False,2,True,2.0,30.0,1207439.303503353,1209030.448199105,1591.1446957520675,0.1317784414616456,6.259553274139762,14.327593635767698,1.0,1.0,0.0,0.0,1.0,0.0,0.0,0.0,8.0,8.0,0.0,1591.1446957520675,1209030.448199105,1504.5771414551418,86.56755429692566,JR-CheapSummary（简化表示消融）；两种子均值,JR-CheapSummary; 2-seed mean,SIMPLIFIED_REPRESENTATION_ABLATION
validation,quality,FullCheapSummary-mean17/29,7,JR-DUAL-r007-R12-g0680,False,2,True,2.0,30.0,999133.545150412,1000712.867879014,1579.3227286019828,0.1580692327134535,6.152273567393422,12.975111864507198,1.0,1.0,0.0,0.0,1.0,0.0,0.0,0.0,8.0,8.0,0.0,1579.3227286019828,1000712.867879014,1372.0878697650041,207.23485883697867,JR-CheapSummary（简化表示消融）；两种子均值,JR-CheapSummary; 2-seed mean,SIMPLIFIED_REPRESENTATION_ABLATION
validation,quality,FullCheapSummary-mean17/29,7,JR-DUAL-r007-R8-g0170,False,2,True,2.0,30.0,1066610.597948497,1070544.694713603,3934.0967651060782,0.3688409596410219,2.8137404173612595,7.237993258982897,1.0,1.0,0.0,0.0,1.0,0.0,0.0,0.0,7.0,7.0,0.0,3934.0967651060782,1070544.694713603,1837.6743708101567,2096.4223942959215,JR-CheapSummary（简化表示消融）；两种子均值,JR-CheapSummary; 2-seed mean,SIMPLIFIED_REPRESENTATION_ABLATION
validation,quality,FullCheapSummary-mean17/29,7,JR-DUAL-r007-R8-g0340,False,2,True,2.0,30.0,966406.725024867,969066.766496347,2660.0414714800427,0.275250720281525,2.975602535530925,7.568148035556078,1.0,1.0,0.0,0.0,1.0,0.0,0.0,0.0,8.0,8.0,0.0,2660.0414714800427,969066.766496347,1809.1972531690262,850.8442183110164,JR-CheapSummary（简化表示消融）；两种子均值,JR-CheapSummary; 2-seed mean,SIMPLIFIED_REPRESENTATION_ABLATION
validation,quality,FullCheapSummary-mean17/29,7,JR-DUAL-r007-R8-g0680,False,2,True,2.0,30.0,725213.442492003,727210.716704659,1997.274212656077,0.27540501811342266,3.1801760885864496,8.729064291343093,1.0,1.0,0.0,0.0,1.0,0.0,0.0,0.0,8.0,8.0,0.0,1997.274212656077,727210.716704659,1690.3696648459882,306.90454781008884,JR-CheapSummary（简化表示消融）；两种子均值,JR-CheapSummary; 2-seed mean,SIMPLIFIED_REPRESENTATION_ABLATION
validation,quality,FullCheapSummary-seed17,6,JR-DUAL-r006-R12-g0170,False,1,True,1.0,30.0,1304450.278531471,1306008.711622348,1558.4330908770207,0.11947048626732476,4.385306693613529,11.176535900682211,1.0,1.0,0.0,0.0,1.0,0.0,0.0,0.0,7.0,7.0,0.0,1558.4330908770207,1306008.711622348,1287.3493890268728,271.0837018501479,JR-CheapSummary（简化表示消融）；seed17,JR-CheapSummary; seed17,SIMPLIFIED_REPRESENTATION_ABLATION
validation,quality,FullCheapSummary-seed17,6,JR-DUAL-r006-R12-g0340,False,1,True,1.0,30.0,1205720.942989415,1209107.389922451,3386.4469330359716,0.2808649010143055,5.587983474135399,12.381620347499847,1.0,1.0,0.0,0.0,1.0,0.0,0.0,0.0,8.0,8.0,0.0,3386.4469330359716,1209107.389922451,2613.171825672034,773.2751073639374,JR-CheapSummary（简化表示消融）；seed17,JR-CheapSummary; seed17,SIMPLIFIED_REPRESENTATION_ABLATION
validation,quality,FullCheapSummary-seed17,6,JR-DUAL-r006-R12-g0680,False,1,True,1.0,30.0,999967.725572712,1001350.106679311,1382.3811065990012,0.13824257235974985,5.721442669630051,13.259007781744003,1.0,1.0,0.0,0.0,1.0,0.0,0.0,0.0,8.0,8.0,0.0,1382.3811065990012,1001350.106679311,1063.2552378489636,319.1258687500376,JR-CheapSummary（简化表示消融）；seed17,JR-CheapSummary; seed17,SIMPLIFIED_REPRESENTATION_ABLATION
validation,quality,FullCheapSummary-seed17,6,JR-DUAL-r006-R8-g0170,False,1,True,1.0,30.0,1068781.531731624,1072464.19490483,3682.6631732061505,0.3445665053024966,2.7839934416115284,7.615137409418821,1.0,1.0,0.0,0.0,1.0,0.0,0.0,0.0,7.0,7.0,0.0,3682.6631732061505,1072464.19490483,2239.5680352230556,1443.095137983095,JR-CheapSummary（简化表示消融）；seed17,JR-CheapSummary; seed17,SIMPLIFIED_REPRESENTATION_ABLATION
validation,quality,FullCheapSummary-seed17,6,JR-DUAL-r006-R8-g0340,False,1,True,1.0,30.0,961943.064988315,965292.936099649,3349.8711113340687,0.3482400604837003,2.677369136363268,6.904373086988926,1.0,1.0,0.0,0.0,1.0,0.0,0.0,0.0,8.0,8.0,0.0,3349.8711113340687,965292.936099649,1742.5684533100575,1607.3026580240112,JR-CheapSummary（简化表示消融）；seed17,JR-CheapSummary; seed17,SIMPLIFIED_REPRESENTATION_ABLATION
validation,quality,FullCheapSummary-seed17,6,JR-DUAL-r006-R8-g0680,False,1,True,1.0,30.0,729107.718085508,730101.321020449,993.6029349410674,0.1362765624742077,2.510245382785797,6.855609938502312,1.0,1.0,0.0,0.0,1.0,0.0,0.0,0.0,8.0,8.0,0.0,993.6029349410674,730101.321020449,878.205359572079,115.39757536898833,JR-CheapSummary（简化表示消融）；seed17,JR-CheapSummary; seed17,SIMPLIFIED_REPRESENTATION_ABLATION
validation,quality,FullCheapSummary-seed17,7,JR-DUAL-r007-R12-g0170,False,1,True,1.0,30.0,1302106.316184301,1303964.561613608,1858.2454293069895,0.14271073000800746,4.497905045747757,11.713509880006313,1.0,1.0,0.0,0.0,1.0,0.0,0.0,0.0,8.0,8.0,0.0,1858.2454293069895,1303964.561613608,1618.7519354501273,239.4934938568622,JR-CheapSummary（简化表示消融）；seed17,JR-CheapSummary; seed17,SIMPLIFIED_REPRESENTATION_ABLATION
validation,quality,FullCheapSummary-seed17,7,JR-DUAL-r007-R12-g0340,False,1,True,1.0,30.0,1207439.303503353,1209030.448199105,1591.1446957520675,0.1317784414616456,6.870974496006966,14.23270609229803,1.0,1.0,0.0,0.0,1.0,0.0,0.0,0.0,8.0,8.0,0.0,1591.1446957520675,1209030.448199105,1504.5771414551418,86.56755429692566,JR-CheapSummary（简化表示消融）；seed17,JR-CheapSummary; seed17,SIMPLIFIED_REPRESENTATION_ABLATION
validation,quality,FullCheapSummary-seed17,7,JR-DUAL-r007-R12-g0680,False,1,True,1.0,30.0,999133.545150412,1000712.867879014,1579.3227286019828,0.1580692327134535,6.866928834468126,13.685021590441465,1.0,1.0,0.0,0.0,1.0,0.0,0.0,0.0,8.0,8.0,0.0,1579.3227286019828,1000712.867879014,1372.0878697650041,207.23485883697867,JR-CheapSummary（简化表示消融）；seed17,JR-CheapSummary; seed17,SIMPLIFIED_REPRESENTATION_ABLATION
validation,quality,FullCheapSummary-seed17,7,JR-DUAL-r007-R8-g0170,False,1,True,1.0,30.0,1066610.597948497,1070544.694713603,3934.0967651060782,0.3688409596410219,2.7960177324712276,7.714631594717503,1.0,1.0,0.0,0.0,1.0,0.0,0.0,0.0,7.0,7.0,0.0,3934.0967651060782,1070544.694713603,1837.6743708101567,2096.4223942959215,JR-CheapSummary（简化表示消融）；seed17,JR-CheapSummary; seed17,SIMPLIFIED_REPRESENTATION_ABLATION
validation,quality,FullCheapSummary-seed17,7,JR-DUAL-r007-R8-g0340,False,1,True,1.0,30.0,966406.725024867,969066.766496347,2660.0414714800427,0.275250720281525,2.9704700745642185,7.915843151509762,1.0,1.0,0.0,0.0,1.0,0.0,0.0,0.0,8.0,8.0,0.0,2660.0414714800427,969066.766496347,1809.1972531690262,850.8442183110164,JR-CheapSummary（简化表示消融）；seed17,JR-CheapSummary; seed17,SIMPLIFIED_REPRESENTATION_ABLATION
validation,quality,FullCheapSummary-seed17,7,JR-DUAL-r007-R8-g0680,False,1,True,1.0,30.0,725213.442492003,727210.716704659,1997.274212656077,0.27540501811342266,3.83112283796072,9.957197234034538,1.0,1.0,0.0,0.0,1.0,0.0,0.0,0.0,8.0,8.0,0.0,1997.274212656077,727210.716704659,1690.3696648459882,306.90454781008884,JR-CheapSummary（简化表示消融）；seed17,JR-CheapSummary; seed17,SIMPLIFIED_REPRESENTATION_ABLATION
validation,quality,FullCheapSummary-seed29,6,JR-DUAL-r006-R12-g0170,False,1,True,1.0,30.0,1304450.278531471,1306008.711622348,1558.4330908770207,0.11947048626732476,5.663975089788437,12.363954097032547,1.0,1.0,0.0,0.0,1.0,0.0,0.0,0.0,8.0,8.0,0.0,1558.4330908770207,1306008.711622348,1287.3493890268728,271.0837018501479,JR-CheapSummary（简化表示消融）；seed29,JR-CheapSummary; seed29,SIMPLIFIED_REPRESENTATION_ABLATION
validation,quality,FullCheapSummary-seed29,6,JR-DUAL-r006-R12-g0340,False,1,True,1.0,30.0,1205720.942989415,1209107.389922451,3386.4469330359716,0.2808649010143055,5.508167117834091,12.81582148745656,1.0,1.0,0.0,0.0,1.0,0.0,0.0,0.0,8.0,8.0,0.0,3386.4469330359716,1209107.389922451,2613.171825672034,773.2751073639374,JR-CheapSummary（简化表示消融）；seed29,JR-CheapSummary; seed29,SIMPLIFIED_REPRESENTATION_ABLATION
validation,quality,FullCheapSummary-seed29,6,JR-DUAL-r006-R12-g0680,False,1,True,1.0,30.0,999967.725572712,1001638.68494275,1670.9593700380065,0.1671013301035288,4.449687968939543,11.223079040646553,1.0,1.0,0.0,0.0,1.0,0.0,0.0,0.0,8.0,8.0,0.0,1670.9593700380065,1001638.68494275,1063.2552378489636,607.7041321890429,JR-CheapSummary（简化表示消融）；seed29,JR-CheapSummary; seed29,SIMPLIFIED_REPRESENTATION_ABLATION
validation,quality,FullCheapSummary-seed29,6,JR-DUAL-r006-R8-g0170,False,1,True,1.0,30.0,1068781.531731624,1072464.19490483,3682.6631732061505,0.3445665053024966,2.7573868297040462,7.117606416344643,1.0,1.0,0.0,0.0,1.0,0.0,0.0,0.0,7.0,7.0,0.0,3682.6631732061505,1072464.19490483,2239.5680352230556,1443.095137983095,JR-CheapSummary（简化表示消融）；seed29,JR-CheapSummary; seed29,SIMPLIFIED_REPRESENTATION_ABLATION
validation,quality,FullCheapSummary-seed29,6,JR-DUAL-r006-R8-g0340,False,1,True,1.0,30.0,961943.064988315,965292.936099649,3349.8711113340687,0.3482400604837003,1.5322638973593712,6.102762158960104,1.0,1.0,0.0,0.0,1.0,0.0,0.0,0.0,8.0,8.0,0.0,3349.8711113340687,965292.936099649,1742.5684533100575,1607.3026580240112,JR-CheapSummary（简化表示消融）；seed29,JR-CheapSummary; seed29,SIMPLIFIED_REPRESENTATION_ABLATION
validation,quality,FullCheapSummary-seed29,6,JR-DUAL-r006-R8-g0680,False,1,True,1.0,30.0,729107.718085508,730101.321020449,993.6029349410674,0.1362765624742077,2.5763657093048096,7.454525358974934,1.0,1.0,0.0,0.0,1.0,0.0,0.0,0.0,8.0,8.0,0.0,993.6029349410674,730101.321020449,878.205359572079,115.39757536898833,JR-CheapSummary（简化表示消融）；seed29,JR-CheapSummary; seed29,SIMPLIFIED_REPRESENTATION_ABLATION
validation,quality,FullCheapSummary-seed29,7,JR-DUAL-r007-R12-g0170,False,1,True,1.0,30.0,1302106.316184301,1303964.561613608,1858.2454293069895,0.14271073000800746,4.046225793659687,11.577804785221815,1.0,1.0,0.0,0.0,1.0,0.0,0.0,0.0,8.0,8.0,0.0,1858.2454293069895,1303964.561613608,1618.7519354501273,239.4934938568622,JR-CheapSummary（简化表示消融）；seed29,JR-CheapSummary; seed29,SIMPLIFIED_REPRESENTATION_ABLATION
validation,quality,FullCheapSummary-seed29,7,JR-DUAL-r007-R12-g0340,False,1,True,1.0,30.0,1207439.303503353,1209030.448199105,1591.1446957520675,0.1317784414616456,5.648132052272558,14.422481179237366,1.0,1.0,0.0,0.0,1.0,0.0,0.0,0.0,8.0,8.0,0.0,1591.1446957520675,1209030.448199105,1504.5771414551418,86.56755429692566,JR-CheapSummary（简化表示消融）；seed29,JR-CheapSummary; seed29,SIMPLIFIED_REPRESENTATION_ABLATION
validation,quality,FullCheapSummary-seed29,7,JR-DUAL-r007-R12-g0680,False,1,True,1.0,30.0,999133.545150412,1000712.867879014,1579.3227286019828,0.1580692327134535,5.437618300318718,12.265202138572931,1.0,1.0,0.0,0.0,1.0,0.0,0.0,0.0,8.0,8.0,0.0,1579.3227286019828,1000712.867879014,1372.0878697650041,207.23485883697867,JR-CheapSummary（简化表示消融）；seed29,JR-CheapSummary; seed29,SIMPLIFIED_REPRESENTATION_ABLATION
validation,quality,FullCheapSummary-seed29,7,JR-DUAL-r007-R8-g0170,False,1,True,1.0,30.0,1066610.597948497,1070544.694713603,3934.0967651060782,0.3688409596410219,2.8314631022512913,6.761354923248291,1.0,1.0,0.0,0.0,1.0,0.0,0.0,0.0,7.0,7.0,0.0,3934.0967651060782,1070544.694713603,1837.6743708101567,2096.4223942959215,JR-CheapSummary（简化表示消融）；seed29,JR-CheapSummary; seed29,SIMPLIFIED_REPRESENTATION_ABLATION
validation,quality,FullCheapSummary-seed29,7,JR-DUAL-r007-R8-g0340,False,1,True,1.0,30.0,966406.725024867,969066.766496347,2660.0414714800427,0.275250720281525,2.980734996497631,7.220452919602394,1.0,1.0,0.0,0.0,1.0,0.0,0.0,0.0,8.0,8.0,0.0,2660.0414714800427,969066.766496347,1809.1972531690262,850.8442183110164,JR-CheapSummary（简化表示消融）；seed29,JR-CheapSummary; seed29,SIMPLIFIED_REPRESENTATION_ABLATION
validation,quality,FullCheapSummary-seed29,7,JR-DUAL-r007-R8-g0680,False,1,True,1.0,30.0,725213.442492003,727210.716704659,1997.274212656077,0.27540501811342266,2.529229339212179,7.500931348651648,1.0,1.0,0.0,0.0,1.0,0.0,0.0,0.0,8.0,8.0,0.0,1997.274212656077,727210.716704659,1690.3696648459882,306.90454781008884,JR-CheapSummary（简化表示消融）；seed29,JR-CheapSummary; seed29,SIMPLIFIED_REPRESENTATION_ABLATION
validation,quality,FullP1,6,JR-DUAL-r006-R12-g0170,False,1,True,1.0,30.0,1304450.278531471,1305737.627920498,1287.3493890268728,0.09868903477686784,0.8277623057365417,9.750902455300093,1.0,0.0,0.0,1.0,1.0,0.0,0.0,0.0,0.0,0.0,0.0,1287.3493890268728,1305737.627920498,1287.3493890268728,0.0,Independent-replacement+CHILS（独立替代估计对照）,Independent-replacement+CHILS,INTERNAL_INDEPENDENT_REPLACEMENT_CONTROL
validation,quality,FullP1,6,JR-DUAL-r006-R12-g0340,False,1,True,1.0,30.0,1205720.942989415,1208334.114815087,2613.171825672034,0.2167310637561825,1.0070939548313618,7.642616480588913,1.0,0.0,0.0,1.0,1.0,0.0,0.0,0.0,0.0,0.0,0.0,2613.171825672034,1208334.114815087,2613.171825672034,0.0,Independent-replacement+CHILS（独立替代估计对照）,Independent-replacement+CHILS,INTERNAL_INDEPENDENT_REPLACEMENT_CONTROL
validation,quality,FullP1,6,JR-DUAL-r006-R12-g0680,False,1,True,1.0,30.0,999967.725572712,1001030.980810561,1063.2552378489636,0.10632895549103896,3.911289930343628,12.508768115192652,1.0,1.0,0.0,0.0,1.0,0.0,0.0,0.0,8.0,8.0,0.0,1063.2552378489636,1001030.980810561,1063.2552378489636,0.0,Independent-replacement+CHILS（独立替代估计对照）,Independent-replacement+CHILS,INTERNAL_INDEPENDENT_REPLACEMENT_CONTROL
validation,quality,FullP1,6,JR-DUAL-r006-R8-g0170,False,1,True,1.0,30.0,1068781.531731624,1071041.907003789,2260.3752721650526,0.21149086179500373,0.5235353298485279,4.40566636249423,1.0,1.0,0.0,0.0,1.0,0.0,0.0,0.0,2.0,2.0,0.0,2260.3752721650526,1071041.907003789,2239.5680352230556,20.807236941996962,Independent-replacement+CHILS（独立替代估计对照）,Independent-replacement+CHILS,INTERNAL_INDEPENDENT_REPLACEMENT_CONTROL
validation,quality,FullP1,6,JR-DUAL-r006-R8-g0340,False,1,True,1.0,30.0,961943.064988315,963685.633441625,1742.5684533100575,0.1811508930969033,3.1013986952602863,8.00590705499053,1.0,1.0,0.0,0.0,1.0,0.0,0.0,0.0,8.0,8.0,0.0,1742.5684533100575,963685.633441625,1742.5684533100575,0.0,Independent-replacement+CHILS（独立替代估计对照）,Independent-replacement+CHILS,INTERNAL_INDEPENDENT_REPLACEMENT_CONTROL
validation,quality,FullP1,6,JR-DUAL-r006-R8-g0680,False,1,True,1.0,30.0,729107.718085508,729985.92344508,878.205359572079,0.12044932974760875,3.0893921703100204,7.962786931544542,1.0,1.0,0.0,0.0,1.0,0.0,0.0,0.0,8.0,8.0,0.0,878.205359572079,729985.92344508,878.205359572079,0.0,Independent-replacement+CHILS（独立替代估计对照）,Independent-replacement+CHILS,INTERNAL_INDEPENDENT_REPLACEMENT_CONTROL
validation,quality,FullP1,7,JR-DUAL-r007-R12-g0170,False,1,True,1.0,30.0,1302106.316184301,1303964.561613608,1858.2454293069895,0.14271073000800746,2.033406976610422,9.258805755525827,1.0,1.0,0.0,0.0,1.0,0.0,0.0,0.0,7.0,7.0,0.0,1858.2454293069895,1303964.561613608,1618.7519354501273,239.4934938568622,Independent-replacement+CHILS（独立替代估计对照）,Independent-replacement+CHILS,INTERNAL_INDEPENDENT_REPLACEMENT_CONTROL
validation,quality,FullP1,7,JR-DUAL-r007-R12-g0340,False,1,True,1.0,30.0,1207439.303503353,1209030.448199105,1591.1446957520675,0.1317784414616456,1.9538040459156036,9.960850112140179,1.0,1.0,0.0,0.0,1.0,0.0,0.0,0.0,8.0,8.0,0.0,1591.1446957520675,1209030.448199105,1504.5771414551418,86.56755429692566,Independent-replacement+CHILS（独立替代估计对照）,Independent-replacement+CHILS,INTERNAL_INDEPENDENT_REPLACEMENT_CONTROL
validation,quality,FullP1,7,JR-DUAL-r007-R12-g0680,False,1,True,1.0,30.0,999133.545150412,1000505.633020177,1372.0878697650041,0.1373277752933865,2.255374412983656,9.840420138090849,1.0,1.0,0.0,0.0,1.0,0.0,0.0,0.0,8.0,8.0,0.0,1372.0878697650041,1000505.633020177,1372.0878697650041,0.0,Independent-replacement+CHILS（独立替代估计对照）,Independent-replacement+CHILS,INTERNAL_INDEPENDENT_REPLACEMENT_CONTROL
validation,quality,FullP1,7,JR-DUAL-r007-R8-g0170,False,1,True,1.0,30.0,1066610.597948497,1068448.272319307,1837.6743708101567,0.1722910286420098,0.4055872708559036,4.307647053152323,1.0,0.0,0.0,1.0,1.0,0.0,0.0,0.0,0.0,0.0,0.0,1837.6743708101567,1068448.272319307,1837.6743708101567,0.0,Independent-replacement+CHILS（独立替代估计对照）,Independent-replacement+CHILS,INTERNAL_INDEPENDENT_REPLACEMENT_CONTROL
validation,quality,FullP1,7,JR-DUAL-r007-R8-g0340,False,1,True,1.0,30.0,966406.725024867,968215.922278036,1809.1972531690262,0.18720867791172222,1.1347796507179737,5.3103184178471565,1.0,1.0,0.0,0.0,1.0,0.0,0.0,0.0,8.0,8.0,0.0,1809.1972531690262,968215.922278036,1809.1972531690262,0.0,Independent-replacement+CHILS（独立替代估计对照）,Independent-replacement+CHILS,INTERNAL_INDEPENDENT_REPLACEMENT_CONTROL
validation,quality,FullP1,7,JR-DUAL-r007-R8-g0680,False,1,True,1.0,30.0,725213.442492003,726903.812156849,1690.3696648459882,0.23308581526529384,3.0660947412252426,7.563318066298962,1.0,1.0,0.0,0.0,1.0,0.0,0.0,0.0,8.0,8.0,0.0,1690.3696648459882,726903.812156849,1690.3696648459882,0.0,Independent-replacement+CHILS（独立替代估计对照）,Independent-replacement+CHILS,INTERNAL_INDEPENDENT_REPLACEMENT_CONTROL
validation,quality,FullGreedy,6,JR-DUAL-r006-R12-g0170,False,1,True,1.0,30.0,1304450.278531471,1306008.711622348,1558.4330908770207,0.11947048626732476,2.5898408852517605,8.800532899796963,1.0,1.0,0.0,0.0,1.0,0.0,0.0,0.0,7.0,7.0,0.0,1558.4330908770207,1306008.711622348,1287.3493890268728,271.0837018501479,Greedy-rank+CHILS（贪心请求排序内部对照）,Greedy-rank+CHILS,INTERNAL_GREEDY_REQUEST_RANKING
validation,quality,FullGreedy,6,JR-DUAL-r006-R12-g0340,False,1,True,1.0,30.0,1205720.942989415,1209107.389922451,3386.4469330359716,0.2808649010143055,2.627099398523569,8.803231105208397,1.0,1.0,0.0,0.0,1.0,0.0,0.0,0.0,8.0,8.0,0.0,3386.4469330359716,1209107.389922451,2613.171825672034,773.2751073639374,Greedy-rank+CHILS（贪心请求排序内部对照）,Greedy-rank+CHILS,INTERNAL_GREEDY_REQUEST_RANKING
validation,quality,FullGreedy,6,JR-DUAL-r006-R12-g0680,False,1,True,1.0,30.0,999967.725572712,1001638.68494275,1670.9593700380065,0.1671013301035288,1.9613627009093761,8.999632705003023,1.0,1.0,0.0,0.0,1.0,0.0,0.0,0.0,8.0,8.0,0.0,1670.9593700380065,1001638.68494275,1063.2552378489636,607.7041321890429,Greedy-rank+CHILS（贪心请求排序内部对照）,Greedy-rank+CHILS,INTERNAL_GREEDY_REQUEST_RANKING
validation,quality,FullGreedy,6,JR-DUAL-r006-R8-g0170,False,1,True,1.0,30.0,1068781.531731624,1072367.858681995,3586.3269503710326,0.33555285564866744,0.8238781355321407,4.810124959796667,1.0,1.0,0.0,0.0,1.0,0.0,0.0,0.0,7.0,7.0,0.0,3586.3269503710326,1072367.858681995,2239.5680352230556,1346.758915147977,Greedy-rank+CHILS（贪心请求排序内部对照）,Greedy-rank+CHILS,INTERNAL_GREEDY_REQUEST_RANKING
validation,quality,FullGreedy,6,JR-DUAL-r006-R8-g0340,False,1,True,1.0,30.0,961943.064988315,965292.936099649,3349.8711113340687,0.3482400604837003,0.7558541819453239,5.01691111177206,1.0,1.0,0.0,0.0,1.0,0.0,0.0,0.0,8.0,8.0,0.0,3349.8711113340687,965292.936099649,1742.5684533100575,1607.3026580240112,Greedy-rank+CHILS（贪心请求排序内部对照）,Greedy-rank+CHILS,INTERNAL_GREEDY_REQUEST_RANKING
validation,quality,FullGreedy,6,JR-DUAL-r006-R8-g0680,False,1,True,1.0,30.0,729107.718085508,730101.321020449,993.6029349410674,0.1362765624742077,1.1736742295324802,5.707887474447489,1.0,1.0,0.0,0.0,1.0,0.0,0.0,0.0,8.0,8.0,0.0,993.6029349410674,730101.321020449,878.205359572079,115.39757536898833,Greedy-rank+CHILS（贪心请求排序内部对照）,Greedy-rank+CHILS,INTERNAL_GREEDY_REQUEST_RANKING
validation,quality,FullGreedy,7,JR-DUAL-r007-R12-g0170,False,1,True,1.0,30.0,1302106.316184301,1303964.561613608,1858.2454293069895,0.14271073000800746,2.4359387792646885,9.458865687251091,1.0,1.0,0.0,0.0,1.0,0.0,0.0,0.0,8.0,8.0,0.0,1858.2454293069895,1303964.561613608,1618.7519354501273,239.4934938568622,Greedy-rank+CHILS（贪心请求排序内部对照）,Greedy-rank+CHILS,INTERNAL_GREEDY_REQUEST_RANKING
validation,quality,FullGreedy,7,JR-DUAL-r007-R12-g0340,False,1,True,1.0,30.0,1207439.303503353,1209291.095120456,1851.7916171031538,0.1533651929111658,1.1989048719406128,7.334218788892031,1.0,1.0,0.0,0.0,1.0,0.0,0.0,0.0,8.0,8.0,0.0,1851.7916171031538,1209291.095120456,1504.5771414551418,347.214475648012,Greedy-rank+CHILS（贪心请求排序内部对照）,Greedy-rank+CHILS,INTERNAL_GREEDY_REQUEST_RANKING
validation,quality,FullGreedy,7,JR-DUAL-r007-R12-g0680,False,1,True,1.0,30.0,999133.545150412,1000712.867879014,1579.3227286019828,0.1580692327134535,3.9412741735577583,11.241040792316198,1.0,1.0,0.0,0.0,1.0,0.0,0.0,0.0,8.0,8.0,0.0,1579.3227286019828,1000712.867879014,1372.0878697650041,207.23485883697867,Greedy-rank+CHILS（贪心请求排序内部对照）,Greedy-rank+CHILS,INTERNAL_GREEDY_REQUEST_RANKING
validation,quality,FullGreedy,7,JR-DUAL-r007-R8-g0170,False,1,True,1.0,30.0,1066610.597948497,1070544.694713603,3934.0967651060782,0.3688409596410219,0.958761103451252,5.6237927749753,1.0,1.0,0.0,0.0,1.0,0.0,0.0,0.0,7.0,7.0,0.0,3934.0967651060782,1070544.694713603,1837.6743708101567,2096.4223942959215,Greedy-rank+CHILS（贪心请求排序内部对照）,Greedy-rank+CHILS,INTERNAL_GREEDY_REQUEST_RANKING
validation,quality,FullGreedy,7,JR-DUAL-r007-R8-g0340,False,1,True,1.0,30.0,966406.725024867,970023.510562276,3616.785537409014,0.3742508659918472,0.7608724199235439,4.925458908081055,1.0,1.0,0.0,0.0,1.0,0.0,0.0,0.0,8.0,8.0,0.0,3616.785537409014,970023.510562276,1809.1972531690262,1807.5882842399878,Greedy-rank+CHILS（贪心请求排序内部对照）,Greedy-rank+CHILS,INTERNAL_GREEDY_REQUEST_RANKING
validation,quality,FullGreedy,7,JR-DUAL-r007-R8-g0680,False,1,True,1.0,30.0,725213.442492003,727210.716704659,1997.274212656077,0.27540501811342266,0.9615803584456444,6.110163535922766,1.0,1.0,0.0,0.0,1.0,0.0,0.0,0.0,8.0,8.0,0.0,1997.274212656077,727210.716704659,1690.3696648459882,306.90454781008884,Greedy-rank+CHILS（贪心请求排序内部对照）,Greedy-rank+CHILS,INTERNAL_GREEDY_REQUEST_RANKING
validation,quality,CHILS-p1,6,JR-DUAL-r006-R12-g0170,False,1,True,1.0,30.0,1304450.278531471,1371941.580332215,67491.30180074391,5.17392674228446,21.363828841596842,23.933589920401573,1.0,1.0,0.0,0.0,1.0,0.0,0.0,0.0,1.0,0.0,0.0,67491.30180074391,1371941.580332215,0.0,67491.30180074391,CHILS-p1（SEA 2025 公开 MWIS 算法）,CHILS-p1 (SEA 2025),PUBLISHED_MWIS_BASELINE
validation,quality,CHILS-p1,6,JR-DUAL-r006-R12-g0340,False,1,True,1.0,30.0,1205720.942989415,1293759.324260198,88038.38127078302,7.301721163812936,21.365164488554,24.323163848370314,1.0,1.0,0.0,0.0,1.0,0.0,0.0,0.0,1.0,0.0,0.0,88038.38127078302,1293759.324260198,0.0,88038.38127078302,CHILS-p1（SEA 2025 公开 MWIS 算法）,CHILS-p1 (SEA 2025),PUBLISHED_MWIS_BASELINE
validation,quality,CHILS-p1,6,JR-DUAL-r006-R12-g0680,False,1,True,1.0,30.0,999967.725572712,1106395.328830817,106427.603258105,10.643103825891046,21.40160831809044,24.36296995729208,1.0,1.0,0.0,0.0,1.0,0.0,0.0,0.0,1.0,0.0,0.0,106427.603258105,1106395.328830817,0.0,106427.603258105,CHILS-p1（SEA 2025 公开 MWIS 算法）,CHILS-p1 (SEA 2025),PUBLISHED_MWIS_BASELINE
validation,quality,CHILS-p1,6,JR-DUAL-r006-R8-g0170,False,1,True,1.0,30.0,1068781.531731624,1180977.184371756,112195.652640132,10.4975291309866,21.133074544370174,21.93232887983322,1.0,1.0,0.0,0.0,1.0,0.0,0.0,0.0,1.0,0.0,0.0,112195.652640132,1180977.184371756,0.0,112195.652640132,CHILS-p1（SEA 2025 公开 MWIS 算法）,CHILS-p1 (SEA 2025),PUBLISHED_MWIS_BASELINE
validation,quality,CHILS-p1,6,JR-DUAL-r006-R8-g0340,False,1,True,1.0,30.0,961943.064988315,1043675.35946414,81732.29447582504,8.496583368665158,21.132183209061623,21.97323728725314,1.0,1.0,0.0,0.0,1.0,0.0,0.0,0.0,1.0,0.0,0.0,81732.29447582504,1043675.35946414,0.0,81732.29447582504,CHILS-p1（SEA 2025 公开 MWIS 算法）,CHILS-p1 (SEA 2025),PUBLISHED_MWIS_BASELINE
validation,quality,CHILS-p1,6,JR-DUAL-r006-R8-g0680,False,1,True,1.0,30.0,729107.718085508,795022.350320487,65914.63223497907,9.04045185642223,21.167633067816496,22.233809433877468,1.0,1.0,0.0,0.0,1.0,0.0,0.0,0.0,1.0,0.0,0.0,65914.63223497907,795022.350320487,0.0,65914.63223497907,CHILS-p1（SEA 2025 公开 MWIS 算法）,CHILS-p1 (SEA 2025),PUBLISHED_MWIS_BASELINE
validation,quality,CHILS-p1,7,JR-DUAL-r007-R12-g0170,False,1,True,1.0,30.0,1302106.316184301,1373098.755811935,70992.43962763413,5.452123128906305,21.3361433185637,23.61287198588252,1.0,1.0,0.0,0.0,1.0,0.0,0.0,0.0,1.0,0.0,0.0,70992.43962763413,1373098.755811935,0.0,70992.43962763413,CHILS-p1（SEA 2025 公开 MWIS 算法）,CHILS-p1 (SEA 2025),PUBLISHED_MWIS_BASELINE
validation,quality,CHILS-p1,7,JR-DUAL-r007-R12-g0340,False,1,True,1.0,30.0,1207439.303503353,1294839.496317242,87400.19281388912,7.238475057114655,21.342419911175966,23.830058984458447,1.0,1.0,0.0,0.0,1.0,0.0,0.0,0.0,1.0,0.0,0.0,87400.19281388912,1294839.496317242,0.0,87400.19281388912,CHILS-p1（SEA 2025 公开 MWIS 算法）,CHILS-p1 (SEA 2025),PUBLISHED_MWIS_BASELINE
validation,quality,CHILS-p1,7,JR-DUAL-r007-R12-g0680,False,1,True,1.0,30.0,999133.545150412,1105497.178835023,106363.63368461095,10.64558728919453,21.39995140209794,24.315977048128843,1.0,1.0,0.0,0.0,1.0,0.0,0.0,0.0,1.0,0.0,0.0,106363.63368461095,1105497.178835023,0.0,106363.63368461095,CHILS-p1（SEA 2025 公开 MWIS 算法）,CHILS-p1 (SEA 2025),PUBLISHED_MWIS_BASELINE
validation,quality,CHILS-p1,7,JR-DUAL-r007-R8-g0170,False,1,True,1.0,30.0,1066610.597948497,1178222.707589443,111612.10964094615,10.464185322705328,21.132074061781168,21.934816546738148,1.0,1.0,0.0,0.0,1.0,0.0,0.0,0.0,1.0,0.0,0.0,111612.10964094615,1178222.707589443,0.0,111612.10964094615,CHILS-p1（SEA 2025 公开 MWIS 算法）,CHILS-p1 (SEA 2025),PUBLISHED_MWIS_BASELINE
validation,quality,CHILS-p1,7,JR-DUAL-r007-R8-g0340,False,1,True,1.0,30.0,966406.725024867,1047004.074476541,80597.34945167403,8.339899481721854,21.137076746672392,21.97936511039734,1.0,1.0,0.0,0.0,1.0,0.0,0.0,0.0,1.0,0.0,0.0,80597.34945167403,1047004.074476541,0.0,80597.34945167403,CHILS-p1（SEA 2025 公开 MWIS 算法）,CHILS-p1 (SEA 2025),PUBLISHED_MWIS_BASELINE
validation,quality,CHILS-p1,7,JR-DUAL-r007-R8-g0680,False,1,True,1.0,30.0,725213.442492003,792769.499598216,67556.05710621306,9.315334375776965,21.17272200807929,22.231058038771152,1.0,1.0,0.0,0.0,1.0,0.0,0.0,0.0,1.0,0.0,0.0,67556.05710621306,792769.499598216,0.0,67556.05710621306,CHILS-p1（SEA 2025 公开 MWIS 算法）,CHILS-p1 (SEA 2025),PUBLISHED_MWIS_BASELINE
validation,quality,HiGHS-MILP,6,JR-DUAL-r006-R12-g0170,False,1,True,1.0,30.0,1304450.278531471,1304450.278531471,0.0,0.0,22.369031880050898,25.435192726552486,1.0,1.0,0.0,0.0,1.0,0.0,0.0,0.0,1.0,0.0,0.0,0.0,1304450.278531471,0.0,0.0,HiGHS-MILP（通用 MILP 软件参照）,HiGHS (generic MILP),GENERIC_MILP_SOFTWARE_REFERENCE
validation,quality,HiGHS-MILP,6,JR-DUAL-r006-R12-g0340,False,1,True,0.0,30.0,1205720.942989415,null,null,null,31.51678292453289,34.84209030494094,0.0,0.0,1.0,0.0,0.0,1.0,0.0,0.0,null,0.0,0.0,0.0,1205720.942989415,0.0,0.0,HiGHS-MILP（通用 MILP 软件参照）,HiGHS (generic MILP),GENERIC_MILP_SOFTWARE_REFERENCE
validation,quality,HiGHS-MILP,6,JR-DUAL-r006-R12-g0680,False,1,True,0.0,30.0,999967.725572712,null,null,null,30.5724494792521,33.85821741446853,0.0,0.0,1.0,0.0,0.0,1.0,0.0,0.0,null,0.0,0.0,0.0,999967.725572712,0.0,0.0,HiGHS-MILP（通用 MILP 软件参照）,HiGHS (generic MILP),GENERIC_MILP_SOFTWARE_REFERENCE
validation,quality,HiGHS-MILP,6,JR-DUAL-r006-R8-g0170,False,1,True,1.0,30.0,1068781.531731624,1068781.531731624,0.0,0.0,27.521496403962374,28.481440898030996,1.0,1.0,0.0,0.0,1.0,0.0,0.0,0.0,1.0,0.0,0.0,0.0,1068781.531731624,0.0,0.0,HiGHS-MILP（通用 MILP 软件参照）,HiGHS (generic MILP),GENERIC_MILP_SOFTWARE_REFERENCE
validation,quality,HiGHS-MILP,6,JR-DUAL-r006-R8-g0340,False,1,True,1.0,30.0,961943.064988315,961943.064988315,0.0,0.0,22.52948622778058,23.72831527516246,1.0,1.0,0.0,0.0,1.0,0.0,0.0,0.0,1.0,0.0,0.0,0.0,961943.064988315,0.0,0.0,HiGHS-MILP（通用 MILP 软件参照）,HiGHS (generic MILP),GENERIC_MILP_SOFTWARE_REFERENCE
validation,quality,HiGHS-MILP,6,JR-DUAL-r006-R8-g0680,False,1,True,1.0,30.0,729107.718085508,729107.718085508,0.0,0.0,21.24419955164194,22.52118905261159,1.0,1.0,0.0,0.0,1.0,0.0,0.0,0.0,1.0,0.0,0.0,0.0,729107.718085508,0.0,0.0,HiGHS-MILP（通用 MILP 软件参照）,HiGHS (generic MILP),GENERIC_MILP_SOFTWARE_REFERENCE
validation,quality,HiGHS-MILP,7,JR-DUAL-r007-R12-g0170,False,1,True,1.0,30.0,1302106.316184301,1302106.316184301,0.0,0.0,21.969842545688152,25.094988271594048,1.0,1.0,0.0,0.0,1.0,0.0,0.0,0.0,1.0,0.0,0.0,0.0,1302106.316184301,0.0,0.0,HiGHS-MILP（通用 MILP 软件参照）,HiGHS (generic MILP),GENERIC_MILP_SOFTWARE_REFERENCE
validation,quality,HiGHS-MILP,7,JR-DUAL-r007-R12-g0340,False,1,True,0.0,30.0,1207439.303503353,null,null,null,30.453029479831457,33.73522285744548,0.0,0.0,1.0,0.0,0.0,1.0,0.0,0.0,null,0.0,0.0,0.0,1207439.303503353,0.0,0.0,HiGHS-MILP（通用 MILP 软件参照）,HiGHS (generic MILP),GENERIC_MILP_SOFTWARE_REFERENCE
validation,quality,HiGHS-MILP,7,JR-DUAL-r007-R12-g0680,False,1,True,0.0,30.0,999133.545150412,null,null,null,31.066128730773926,34.30253065377474,0.0,0.0,1.0,0.0,0.0,1.0,0.0,0.0,null,0.0,0.0,0.0,999133.545150412,0.0,0.0,HiGHS-MILP（通用 MILP 软件参照）,HiGHS (generic MILP),GENERIC_MILP_SOFTWARE_REFERENCE
validation,quality,HiGHS-MILP,7,JR-DUAL-r007-R8-g0170,False,1,True,1.0,30.0,1066610.597948497,1066610.597948497,0.0,0.0,21.843356523662806,22.818183481693268,1.0,1.0,0.0,0.0,1.0,0.0,0.0,0.0,1.0,0.0,0.0,0.0,1066610.597948497,0.0,0.0,HiGHS-MILP（通用 MILP 软件参照）,HiGHS (generic MILP),GENERIC_MILP_SOFTWARE_REFERENCE
validation,quality,HiGHS-MILP,7,JR-DUAL-r007-R8-g0340,False,1,True,1.0,30.0,966406.725024867,966406.725024867,0.0,0.0,21.458207108080387,22.574628077447414,1.0,1.0,0.0,0.0,1.0,0.0,0.0,0.0,1.0,0.0,0.0,0.0,966406.725024867,0.0,0.0,HiGHS-MILP（通用 MILP 软件参照）,HiGHS (generic MILP),GENERIC_MILP_SOFTWARE_REFERENCE
validation,quality,HiGHS-MILP,7,JR-DUAL-r007-R8-g0680,False,1,True,1.0,30.0,725213.442492003,725213.442492003,0.0,0.0,21.309798937290907,22.520333912223577,1.0,1.0,0.0,0.0,1.0,0.0,0.0,0.0,1.0,0.0,0.0,0.0,725213.442492003,0.0,0.0,HiGHS-MILP（通用 MILP 软件参照）,HiGHS (generic MILP),GENERIC_MILP_SOFTWARE_REFERENCE
validation,quality,FullCapacity-mean17/29,6,JR-DUAL-r006-R12-g0170,False,2,True,2.0,60.0,1304450.278531471,1306008.711622348,1558.4330908770207,0.11947048626732476,4.800241963937879,11.866588363423944,1.0,1.0,0.0,0.0,1.0,0.0,0.0,0.0,7.5,7.5,0.0,1558.4330908770207,1306008.711622348,1287.3493890268728,271.0837018501479,JointRecovery（本文方法，JR；完整框架 STK 迁移）；两种子均值,"JointRecovery (JR, ours); 2-seed mean",PROPOSED_FULL_FRAMEWORK
validation,quality,FullCapacity-mean17/29,6,JR-DUAL-r006-R12-g0340,False,2,True,2.0,60.0,1205720.942989415,1209107.389922451,3386.4469330359716,0.2808649010143055,3.750390948727727,10.626360131427646,1.0,1.0,0.0,0.0,1.0,0.0,0.0,0.0,8.0,8.0,0.0,3386.4469330359716,1209107.389922451,2613.171825672034,773.2751073639374,JointRecovery（本文方法，JR；完整框架 STK 迁移）；两种子均值,"JointRecovery (JR, ours); 2-seed mean",PROPOSED_FULL_FRAMEWORK
validation,quality,FullCapacity-mean17/29,6,JR-DUAL-r006-R12-g0680,False,2,True,2.0,60.0,999967.725572712,1001638.68494275,1670.9593700380065,0.1671013301035288,5.398157624527812,12.400449719280005,1.0,1.0,0.0,0.0,1.0,0.0,0.0,0.0,8.0,8.0,0.0,1670.9593700380065,1001638.68494275,1063.2552378489636,607.7041321890429,JointRecovery（本文方法，JR；完整框架 STK 迁移）；两种子均值,"JointRecovery (JR, ours); 2-seed mean",PROPOSED_FULL_FRAMEWORK
validation,quality,FullCapacity-mean17/29,6,JR-DUAL-r006-R8-g0170,False,2,True,2.0,60.0,1068781.531731624,1072416.0267934124,3634.4950617885916,0.340059680475582,3.0918805487453938,7.403172645717859,1.0,1.0,0.0,0.0,1.0,0.0,0.0,0.0,7.5,7.5,0.0,3634.4950617885916,1072416.0267934124,2239.5680352230556,1394.927026565536,JointRecovery（本文方法，JR；完整框架 STK 迁移）；两种子均值,"JointRecovery (JR, ours); 2-seed mean",PROPOSED_FULL_FRAMEWORK
validation,quality,FullCapacity-mean17/29,6,JR-DUAL-r006-R8-g0340,False,2,True,2.0,60.0,961943.064988315,965292.936099649,3349.8711113340687,0.3482400604837003,3.025642428547144,7.742879027500749,1.0,1.0,0.0,0.0,1.0,0.0,0.0,0.0,8.0,8.0,0.0,3349.8711113340687,965292.936099649,1742.5684533100575,1607.3026580240112,JointRecovery（本文方法，JR；完整框架 STK 迁移）；两种子均值,"JointRecovery (JR, ours); 2-seed mean",PROPOSED_FULL_FRAMEWORK
validation,quality,FullCapacity-mean17/29,6,JR-DUAL-r006-R8-g0680,False,2,True,2.0,60.0,729107.718085508,730475.726529639,1368.008444131061,0.18762775515848046,3.0257912557572126,7.729165246710181,1.0,1.0,0.0,0.0,1.0,0.0,0.0,0.0,8.0,8.0,0.0,1368.008444131061,730475.726529639,878.205359572079,489.80308455898194,JointRecovery（本文方法，JR；完整框架 STK 迁移）；两种子均值,"JointRecovery (JR, ours); 2-seed mean",PROPOSED_FULL_FRAMEWORK
validation,quality,FullCapacity-mean17/29,7,JR-DUAL-r007-R12-g0170,False,2,True,2.0,60.0,1302106.316184301,1303964.561613608,1858.2454293069895,0.14271073000800746,4.607272610068321,12.044519007205963,1.0,1.0,0.0,0.0,1.0,0.0,0.0,0.0,8.0,8.0,0.0,1858.2454293069895,1303964.561613608,1618.7519354501273,239.4934938568622,JointRecovery（本文方法，JR；完整框架 STK 迁移）；两种子均值,"JointRecovery (JR, ours); 2-seed mean",PROPOSED_FULL_FRAMEWORK
validation,quality,FullCapacity-mean17/29,7,JR-DUAL-r007-R12-g0340,False,2,True,2.0,60.0,1207439.303503353,1209291.095120456,1851.7916171031538,0.1533651929111658,4.03972689434886,9.89927083812654,1.0,1.0,0.0,0.0,1.0,0.0,0.0,0.0,8.0,8.0,0.0,1851.7916171031538,1209291.095120456,1504.5771414551418,347.214475648012,JointRecovery（本文方法，JR；完整框架 STK 迁移）；两种子均值,"JointRecovery (JR, ours); 2-seed mean",PROPOSED_FULL_FRAMEWORK
validation,quality,FullCapacity-mean17/29,7,JR-DUAL-r007-R12-g0680,False,2,True,2.0,60.0,999133.545150412,1000712.867879014,1579.3227286019828,0.1580692327134535,5.478047356009483,11.915990127250552,1.0,1.0,0.0,0.0,1.0,0.0,0.0,0.0,8.0,8.0,0.0,1579.3227286019828,1000712.867879014,1372.0878697650041,207.23485883697867,JointRecovery（本文方法，JR；完整框架 STK 迁移）；两种子均值,"JointRecovery (JR, ours); 2-seed mean",PROPOSED_FULL_FRAMEWORK
validation,quality,FullCapacity-mean17/29,7,JR-DUAL-r007-R8-g0170,False,2,True,2.0,60.0,1066610.597948497,1070544.694713603,3934.0967651060782,0.3688409596410219,3.628538839519024,8.022366885095835,1.0,1.0,0.0,0.0,1.0,0.0,0.0,0.0,7.5,7.5,0.0,3934.0967651060782,1070544.694713603,1837.6743708101567,2096.4223942959215,JointRecovery（本文方法，JR；完整框架 STK 迁移）；两种子均值,"JointRecovery (JR, ours); 2-seed mean",PROPOSED_FULL_FRAMEWORK
validation,quality,FullCapacity-mean17/29,7,JR-DUAL-r007-R8-g0340,False,2,True,2.0,60.0,966406.725024867,970023.510562276,3616.785537409014,0.3742508659918472,3.283068187534809,7.968233970925212,1.0,1.0,0.0,0.0,1.0,0.0,0.0,0.0,8.0,8.0,0.0,3616.785537409014,970023.510562276,1809.1972531690262,1807.5882842399878,JointRecovery（本文方法，JR；完整框架 STK 迁移）；两种子均值,"JointRecovery (JR, ours); 2-seed mean",PROPOSED_FULL_FRAMEWORK
validation,quality,FullCapacity-mean17/29,7,JR-DUAL-r007-R8-g0680,False,2,True,2.0,60.0,725213.442492003,727210.716704659,1997.274212656077,0.27540501811342266,2.443730518221855,7.458507869392633,1.0,1.0,0.0,0.0,1.0,0.0,0.0,0.0,8.0,8.0,0.0,1997.274212656077,727210.716704659,1690.3696648459882,306.90454781008884,JointRecovery（本文方法，JR；完整框架 STK 迁移）；两种子均值,"JointRecovery (JR, ours); 2-seed mean",PROPOSED_FULL_FRAMEWORK
validation,quality,FullCapacity-seed17,6,JR-DUAL-r006-R12-g0170,False,1,True,1.0,60.0,1304450.278531471,1306008.711622348,1558.4330908770207,0.11947048626732476,4.395728752017021,11.464417442679405,1.0,1.0,0.0,0.0,1.0,0.0,0.0,0.0,7.0,7.0,0.0,1558.4330908770207,1306008.711622348,1287.3493890268728,271.0837018501479,JointRecovery（本文方法，JR；完整框架 STK 迁移）；seed17,"JointRecovery (JR, ours); seed17",PROPOSED_FULL_FRAMEWORK
validation,quality,FullCapacity-seed17,6,JR-DUAL-r006-R12-g0340,False,1,True,1.0,60.0,1205720.942989415,1209107.389922451,3386.4469330359716,0.2808649010143055,3.7297559157013893,10.657018303871155,1.0,1.0,0.0,0.0,1.0,0.0,0.0,0.0,8.0,8.0,0.0,3386.4469330359716,1209107.389922451,2613.171825672034,773.2751073639374,JointRecovery（本文方法，JR；完整框架 STK 迁移）；seed17,"JointRecovery (JR, ours); seed17",PROPOSED_FULL_FRAMEWORK
validation,quality,FullCapacity-seed17,6,JR-DUAL-r006-R12-g0680,False,1,True,1.0,60.0,999967.725572712,1001638.68494275,1670.9593700380065,0.1671013301035288,4.1950889974832535,10.68918027728796,1.0,1.0,0.0,0.0,1.0,0.0,0.0,0.0,8.0,8.0,0.0,1670.9593700380065,1001638.68494275,1063.2552378489636,607.7041321890429,JointRecovery（本文方法，JR；完整框架 STK 迁移）；seed17,"JointRecovery (JR, ours); seed17",PROPOSED_FULL_FRAMEWORK
validation,quality,FullCapacity-seed17,6,JR-DUAL-r006-R8-g0170,False,1,True,1.0,60.0,1068781.531731624,1072367.858681995,3586.3269503710326,0.33555285564866744,2.0212771855294704,6.281476344913244,1.0,1.0,0.0,0.0,1.0,0.0,0.0,0.0,7.0,7.0,0.0,3586.3269503710326,1072367.858681995,2239.5680352230556,1346.758915147977,JointRecovery（本文方法，JR；完整框架 STK 迁移）；seed17,"JointRecovery (JR, ours); seed17",PROPOSED_FULL_FRAMEWORK
validation,quality,FullCapacity-seed17,6,JR-DUAL-r006-R8-g0340,False,1,True,1.0,60.0,961943.064988315,965292.936099649,3349.8711113340687,0.3482400604837003,1.8073413223028183,6.515758119523525,1.0,1.0,0.0,0.0,1.0,0.0,0.0,0.0,8.0,8.0,0.0,3349.8711113340687,965292.936099649,1742.5684533100575,1607.3026580240112,JointRecovery（本文方法，JR；完整框架 STK 迁移）；seed17,"JointRecovery (JR, ours); seed17",PROPOSED_FULL_FRAMEWORK
validation,quality,FullCapacity-seed17,6,JR-DUAL-r006-R8-g0680,False,1,True,1.0,60.0,729107.718085508,730101.321020449,993.6029349410674,0.1362765624742077,2.019121028482914,6.352939590811729,1.0,1.0,0.0,0.0,1.0,0.0,0.0,0.0,8.0,8.0,0.0,993.6029349410674,730101.321020449,878.205359572079,115.39757536898833,JointRecovery（本文方法，JR；完整框架 STK 迁移）；seed17,"JointRecovery (JR, ours); seed17",PROPOSED_FULL_FRAMEWORK
validation,quality,FullCapacity-seed17,7,JR-DUAL-r007-R12-g0170,False,1,True,1.0,60.0,1302106.316184301,1303964.561613608,1858.2454293069895,0.14271073000800746,4.096437979489565,12.778695814311504,1.0,1.0,0.0,0.0,1.0,0.0,0.0,0.0,8.0,8.0,0.0,1858.2454293069895,1303964.561613608,1618.7519354501273,239.4934938568622,JointRecovery（本文方法，JR；完整框架 STK 迁移）；seed17,"JointRecovery (JR, ours); seed17",PROPOSED_FULL_FRAMEWORK
validation,quality,FullCapacity-seed17,7,JR-DUAL-r007-R12-g0340,False,1,True,1.0,60.0,1207439.303503353,1209291.095120456,1851.7916171031538,0.1533651929111658,2.7629114277660847,8.602788615971804,1.0,1.0,0.0,0.0,1.0,0.0,0.0,0.0,8.0,8.0,0.0,1851.7916171031538,1209291.095120456,1504.5771414551418,347.214475648012,JointRecovery（本文方法，JR；完整框架 STK 迁移）；seed17,"JointRecovery (JR, ours); seed17",PROPOSED_FULL_FRAMEWORK
validation,quality,FullCapacity-seed17,7,JR-DUAL-r007-R12-g0680,False,1,True,1.0,60.0,999133.545150412,1000712.867879014,1579.3227286019828,0.1580692327134535,4.182310651987791,10.600794967263937,1.0,1.0,0.0,0.0,1.0,0.0,0.0,0.0,8.0,8.0,0.0,1579.3227286019828,1000712.867879014,1372.0878697650041,207.23485883697867,JointRecovery（本文方法，JR；完整框架 STK 迁移）；seed17,"JointRecovery (JR, ours); seed17",PROPOSED_FULL_FRAMEWORK
validation,quality,FullCapacity-seed17,7,JR-DUAL-r007-R8-g0170,False,1,True,1.0,60.0,1066610.597948497,1070544.694713603,3934.0967651060782,0.3688409596410219,2.9924694262444973,7.121836487203836,1.0,1.0,0.0,0.0,1.0,0.0,0.0,0.0,7.0,7.0,0.0,3934.0967651060782,1070544.694713603,1837.6743708101567,2096.4223942959215,JointRecovery（本文方法，JR；完整框架 STK 迁移）；seed17,"JointRecovery (JR, ours); seed17",PROPOSED_FULL_FRAMEWORK
validation,quality,FullCapacity-seed17,7,JR-DUAL-r007-R8-g0340,False,1,True,1.0,60.0,966406.725024867,970023.510562276,3616.785537409014,0.3742508659918472,3.259129773825407,7.7683184035122395,1.0,1.0,0.0,0.0,1.0,0.0,0.0,0.0,8.0,8.0,0.0,3616.785537409014,970023.510562276,1809.1972531690262,1807.5882842399878,JointRecovery（本文方法，JR；完整框架 STK 迁移）；seed17,"JointRecovery (JR, ours); seed17",PROPOSED_FULL_FRAMEWORK
validation,quality,FullCapacity-seed17,7,JR-DUAL-r007-R8-g0680,False,1,True,1.0,60.0,725213.442492003,727210.716704659,1997.274212656077,0.27540501811342266,1.980812694877386,6.96073243021965,1.0,1.0,0.0,0.0,1.0,0.0,0.0,0.0,8.0,8.0,0.0,1997.274212656077,727210.716704659,1690.3696648459882,306.90454781008884,JointRecovery（本文方法，JR；完整框架 STK 迁移）；seed17,"JointRecovery (JR, ours); seed17",PROPOSED_FULL_FRAMEWORK
validation,quality,FullCapacity-seed29,6,JR-DUAL-r006-R12-g0170,False,1,True,1.0,60.0,1304450.278531471,1306008.711622348,1558.4330908770207,0.11947048626732476,5.204755175858736,12.268759284168482,1.0,1.0,0.0,0.0,1.0,0.0,0.0,0.0,8.0,8.0,0.0,1558.4330908770207,1306008.711622348,1287.3493890268728,271.0837018501479,JointRecovery（本文方法，JR；完整框架 STK 迁移）；seed29,"JointRecovery (JR, ours); seed29",PROPOSED_FULL_FRAMEWORK
validation,quality,FullCapacity-seed29,6,JR-DUAL-r006-R12-g0340,False,1,True,1.0,60.0,1205720.942989415,1209107.389922451,3386.4469330359716,0.2808649010143055,3.7710259817540646,10.595701958984137,1.0,1.0,0.0,0.0,1.0,0.0,0.0,0.0,8.0,8.0,0.0,3386.4469330359716,1209107.389922451,2613.171825672034,773.2751073639374,JointRecovery（本文方法，JR；完整框架 STK 迁移）；seed29,"JointRecovery (JR, ours); seed29",PROPOSED_FULL_FRAMEWORK
validation,quality,FullCapacity-seed29,6,JR-DUAL-r006-R12-g0680,False,1,True,1.0,60.0,999967.725572712,1001638.68494275,1670.9593700380065,0.1671013301035288,6.6012262515723705,14.111719161272049,1.0,1.0,0.0,0.0,1.0,0.0,0.0,0.0,8.0,8.0,0.0,1670.9593700380065,1001638.68494275,1063.2552378489636,607.7041321890429,JointRecovery（本文方法，JR；完整框架 STK 迁移）；seed29,"JointRecovery (JR, ours); seed29",PROPOSED_FULL_FRAMEWORK
validation,quality,FullCapacity-seed29,6,JR-DUAL-r006-R8-g0170,False,1,True,1.0,60.0,1068781.531731624,1072464.19490483,3682.6631732061505,0.3445665053024966,4.162483911961317,8.524868946522474,1.0,1.0,0.0,0.0,1.0,0.0,0.0,0.0,8.0,8.0,0.0,3682.6631732061505,1072464.19490483,2239.5680352230556,1443.095137983095,JointRecovery（本文方法，JR；完整框架 STK 迁移）；seed29,"JointRecovery (JR, ours); seed29",PROPOSED_FULL_FRAMEWORK
validation,quality,FullCapacity-seed29,6,JR-DUAL-r006-R8-g0340,False,1,True,1.0,60.0,961943.064988315,965292.936099649,3349.8711113340687,0.3482400604837003,4.24394353479147,8.969999935477972,1.0,1.0,0.0,0.0,1.0,0.0,0.0,0.0,8.0,8.0,0.0,3349.8711113340687,965292.936099649,1742.5684533100575,1607.3026580240112,JointRecovery（本文方法，JR；完整框架 STK 迁移）；seed29,"JointRecovery (JR, ours); seed29",PROPOSED_FULL_FRAMEWORK
validation,quality,FullCapacity-seed29,6,JR-DUAL-r006-R8-g0680,False,1,True,1.0,60.0,729107.718085508,730850.132038829,1742.4139533210546,0.23897894784275325,4.032461483031511,9.105390902608633,1.0,1.0,0.0,0.0,1.0,0.0,0.0,0.0,8.0,8.0,0.0,1742.4139533210546,730850.132038829,878.205359572079,864.2085937489755,JointRecovery（本文方法，JR；完整框架 STK 迁移）；seed29,"JointRecovery (JR, ours); seed29",PROPOSED_FULL_FRAMEWORK
validation,quality,FullCapacity-seed29,7,JR-DUAL-r007-R12-g0170,False,1,True,1.0,60.0,1302106.316184301,1303964.561613608,1858.2454293069895,0.14271073000800746,5.118107240647078,11.310342200100422,1.0,1.0,0.0,0.0,1.0,0.0,0.0,0.0,8.0,8.0,0.0,1858.2454293069895,1303964.561613608,1618.7519354501273,239.4934938568622,JointRecovery（本文方法，JR；完整框架 STK 迁移）；seed29,"JointRecovery (JR, ours); seed29",PROPOSED_FULL_FRAMEWORK
validation,quality,FullCapacity-seed29,7,JR-DUAL-r007-R12-g0340,False,1,True,1.0,60.0,1207439.303503353,1209291.095120456,1851.7916171031538,0.1533651929111658,5.316542360931635,11.195753060281277,1.0,1.0,0.0,0.0,1.0,0.0,0.0,0.0,8.0,8.0,0.0,1851.7916171031538,1209291.095120456,1504.5771414551418,347.214475648012,JointRecovery（本文方法，JR；完整框架 STK 迁移）；seed29,"JointRecovery (JR, ours); seed29",PROPOSED_FULL_FRAMEWORK
validation,quality,FullCapacity-seed29,7,JR-DUAL-r007-R12-g0680,False,1,True,1.0,60.0,999133.545150412,1000712.867879014,1579.3227286019828,0.1580692327134535,6.773784060031176,13.231185287237167,1.0,1.0,0.0,0.0,1.0,0.0,0.0,0.0,8.0,8.0,0.0,1579.3227286019828,1000712.867879014,1372.0878697650041,207.23485883697867,JointRecovery（本文方法，JR；完整框架 STK 迁移）；seed29,"JointRecovery (JR, ours); seed29",PROPOSED_FULL_FRAMEWORK
validation,quality,FullCapacity-seed29,7,JR-DUAL-r007-R8-g0170,False,1,True,1.0,60.0,1066610.597948497,1070544.694713603,3934.0967651060782,0.3688409596410219,4.2646082527935505,8.922897282987833,1.0,1.0,0.0,0.0,1.0,0.0,0.0,0.0,8.0,8.0,0.0,3934.0967651060782,1070544.694713603,1837.6743708101567,2096.4223942959215,JointRecovery（本文方法，JR；完整框架 STK 迁移）；seed29,"JointRecovery (JR, ours); seed29",PROPOSED_FULL_FRAMEWORK
validation,quality,FullCapacity-seed29,7,JR-DUAL-r007-R8-g0340,False,1,True,1.0,60.0,966406.725024867,970023.510562276,3616.785537409014,0.3742508659918472,3.307006601244211,8.168149538338184,1.0,1.0,0.0,0.0,1.0,0.0,0.0,0.0,8.0,8.0,0.0,3616.785537409014,970023.510562276,1809.1972531690262,1807.5882842399878,JointRecovery（本文方法，JR；完整框架 STK 迁移）；seed29,"JointRecovery (JR, ours); seed29",PROPOSED_FULL_FRAMEWORK
validation,quality,FullCapacity-seed29,7,JR-DUAL-r007-R8-g0680,False,1,True,1.0,60.0,725213.442492003,727210.716704659,1997.274212656077,0.27540501811342266,2.9066483415663242,7.956283308565617,1.0,1.0,0.0,0.0,1.0,0.0,0.0,0.0,8.0,8.0,0.0,1997.274212656077,727210.716704659,1690.3696648459882,306.90454781008884,JointRecovery（本文方法，JR；完整框架 STK 迁移）；seed29,"JointRecovery (JR, ours); seed29",PROPOSED_FULL_FRAMEWORK
validation,quality,FullCheapSummary-mean17/29,6,JR-DUAL-r006-R12-g0170,False,2,True,2.0,60.0,1304450.278531471,1306008.711622348,1558.4330908770207,0.11947048626732476,5.134209105744958,11.722856746986508,1.0,1.0,0.0,0.0,1.0,0.0,0.0,0.0,7.5,7.5,0.0,1558.4330908770207,1306008.711622348,1287.3493890268728,271.0837018501479,JR-CheapSummary（简化表示消融）；两种子均值,JR-CheapSummary; 2-seed mean,SIMPLIFIED_REPRESENTATION_ABLATION
validation,quality,FullCheapSummary-mean17/29,6,JR-DUAL-r006-R12-g0340,False,2,True,2.0,60.0,1205720.942989415,1209107.389922451,3386.4469330359716,0.2808649010143055,4.775940952822566,11.253175921738148,1.0,1.0,0.0,0.0,1.0,0.0,0.0,0.0,8.0,8.0,0.0,3386.4469330359716,1209107.389922451,2613.171825672034,773.2751073639374,JR-CheapSummary（简化表示消融）；两种子均值,JR-CheapSummary; 2-seed mean,SIMPLIFIED_REPRESENTATION_ABLATION
validation,quality,FullCheapSummary-mean17/29,6,JR-DUAL-r006-R12-g0680,False,2,True,2.0,60.0,999967.725572712,1001494.3958110305,1526.6702383185038,0.15267195123163932,5.6495189517736435,12.606063241139054,1.0,1.0,0.0,0.0,1.0,0.0,0.0,0.0,8.0,8.0,0.0,1526.6702383185038,1001494.3958110305,1063.2552378489636,463.41500046954025,JR-CheapSummary（简化表示消融）；两种子均值,JR-CheapSummary; 2-seed mean,SIMPLIFIED_REPRESENTATION_ABLATION
validation,quality,FullCheapSummary-mean17/29,6,JR-DUAL-r006-R8-g0170,False,2,True,2.0,60.0,1068781.531731624,1072464.19490483,3682.6631732061505,0.3445665053024966,2.84424314647913,6.8487906120717525,1.0,1.0,0.0,0.0,1.0,0.0,0.0,0.0,7.0,7.0,0.0,3682.6631732061505,1072464.19490483,2239.5680352230556,1443.095137983095,JR-CheapSummary（简化表示消融）；两种子均值,JR-CheapSummary; 2-seed mean,SIMPLIFIED_REPRESENTATION_ABLATION
validation,quality,FullCheapSummary-mean17/29,6,JR-DUAL-r006-R8-g0340,False,2,True,2.0,60.0,961943.064988315,965292.936099649,3349.8711113340687,0.3482400604837003,2.1830444876104593,6.795977890491486,1.0,1.0,0.0,0.0,1.0,0.0,0.0,0.0,8.0,8.0,0.0,3349.8711113340687,965292.936099649,1742.5684533100575,1607.3026580240112,JR-CheapSummary（简化表示消融）；两种子均值,JR-CheapSummary; 2-seed mean,SIMPLIFIED_REPRESENTATION_ABLATION
validation,quality,FullCheapSummary-mean17/29,6,JR-DUAL-r006-R8-g0680,False,2,True,2.0,60.0,729107.718085508,730101.321020449,993.6029349410674,0.1362765624742077,2.619629055261612,8.187973223626614,1.0,1.0,0.0,0.0,1.0,0.0,0.0,0.0,8.0,8.0,0.0,993.6029349410674,730101.321020449,878.205359572079,115.39757536898833,JR-CheapSummary（简化表示消融）；两种子均值,JR-CheapSummary; 2-seed mean,SIMPLIFIED_REPRESENTATION_ABLATION
validation,quality,FullCheapSummary-mean17/29,7,JR-DUAL-r007-R12-g0170,False,2,True,2.0,60.0,1302106.316184301,1303964.561613608,1858.2454293069895,0.14271073000800746,4.32338996976614,11.25732365436852,1.0,1.0,0.0,0.0,1.0,0.0,0.0,0.0,8.0,8.0,0.0,1858.2454293069895,1303964.561613608,1618.7519354501273,239.4934938568622,JR-CheapSummary（简化表示消融）；两种子均值,JR-CheapSummary; 2-seed mean,SIMPLIFIED_REPRESENTATION_ABLATION
validation,quality,FullCheapSummary-mean17/29,7,JR-DUAL-r007-R12-g0340,False,2,True,2.0,60.0,1207439.303503353,1209030.448199105,1591.1446957520675,0.1317784414616456,4.56449319049716,11.179923452436924,1.0,1.0,0.0,0.0,1.0,0.0,0.0,0.0,8.0,8.0,0.0,1591.1446957520675,1209030.448199105,1504.5771414551418,86.56755429692566,JR-CheapSummary（简化表示消融）；两种子均值,JR-CheapSummary; 2-seed mean,SIMPLIFIED_REPRESENTATION_ABLATION
validation,quality,FullCheapSummary-mean17/29,7,JR-DUAL-r007-R12-g0680,False,2,True,2.0,60.0,999133.545150412,1000712.867879014,1579.3227286019828,0.1580692327134535,6.282201308757067,13.56177220493555,1.0,1.0,0.0,0.0,1.0,0.0,0.0,0.0,8.0,8.0,0.0,1579.3227286019828,1000712.867879014,1372.0878697650041,207.23485883697867,JR-CheapSummary（简化表示消融）；两种子均值,JR-CheapSummary; 2-seed mean,SIMPLIFIED_REPRESENTATION_ABLATION
validation,quality,FullCheapSummary-mean17/29,7,JR-DUAL-r007-R8-g0170,False,2,True,2.0,60.0,1066610.597948497,1070544.694713603,3934.0967651060782,0.3688409596410219,2.8042930401861668,7.38707297667861,1.0,1.0,0.0,0.0,1.0,0.0,0.0,0.0,7.0,7.0,0.0,3934.0967651060782,1070544.694713603,1837.6743708101567,2096.4223942959215,JR-CheapSummary（简化表示消融）；两种子均值,JR-CheapSummary; 2-seed mean,SIMPLIFIED_REPRESENTATION_ABLATION
validation,quality,FullCheapSummary-mean17/29,7,JR-DUAL-r007-R8-g0340,False,2,True,2.0,60.0,966406.725024867,969066.766496347,2660.0414714800427,0.275250720281525,3.10656732134521,7.737658062949777,1.0,1.0,0.0,0.0,1.0,0.0,0.0,0.0,8.0,8.0,0.0,2660.0414714800427,969066.766496347,1809.1972531690262,850.8442183110164,JR-CheapSummary（简化表示消融）；两种子均值,JR-CheapSummary; 2-seed mean,SIMPLIFIED_REPRESENTATION_ABLATION
validation,quality,FullCheapSummary-mean17/29,7,JR-DUAL-r007-R8-g0680,False,2,True,2.0,60.0,725213.442492003,727210.716704659,1997.274212656077,0.27540501811342266,3.2888851035386324,7.827170468866825,1.0,1.0,0.0,0.0,1.0,0.0,0.0,0.0,8.0,8.0,0.0,1997.274212656077,727210.716704659,1690.3696648459882,306.90454781008884,JR-CheapSummary（简化表示消融）；两种子均值,JR-CheapSummary; 2-seed mean,SIMPLIFIED_REPRESENTATION_ABLATION
validation,quality,FullCheapSummary-seed17,6,JR-DUAL-r006-R12-g0170,False,1,True,1.0,60.0,1304450.278531471,1306008.711622348,1558.4330908770207,0.11947048626732476,4.447973471134901,10.95751578733325,1.0,1.0,0.0,0.0,1.0,0.0,0.0,0.0,7.0,7.0,0.0,1558.4330908770207,1306008.711622348,1287.3493890268728,271.0837018501479,JR-CheapSummary（简化表示消融）；seed17,JR-CheapSummary; seed17,SIMPLIFIED_REPRESENTATION_ABLATION
validation,quality,FullCheapSummary-seed17,6,JR-DUAL-r006-R12-g0340,False,1,True,1.0,60.0,1205720.942989415,1209107.389922451,3386.4469330359716,0.2808649010143055,4.908198054879904,11.147350959479809,1.0,1.0,0.0,0.0,1.0,0.0,0.0,0.0,8.0,8.0,0.0,3386.4469330359716,1209107.389922451,2613.171825672034,773.2751073639374,JR-CheapSummary（简化表示消融）；seed17,JR-CheapSummary; seed17,SIMPLIFIED_REPRESENTATION_ABLATION
validation,quality,FullCheapSummary-seed17,6,JR-DUAL-r006-R12-g0680,False,1,True,1.0,60.0,999967.725572712,1001350.106679311,1382.3811065990012,0.13824257235974985,5.631039172410965,12.718985725194216,1.0,1.0,0.0,0.0,1.0,0.0,0.0,0.0,8.0,8.0,0.0,1382.3811065990012,1001350.106679311,1063.2552378489636,319.1258687500376,JR-CheapSummary（简化表示消融）；seed17,JR-CheapSummary; seed17,SIMPLIFIED_REPRESENTATION_ABLATION
validation,quality,FullCheapSummary-seed17,6,JR-DUAL-r006-R8-g0170,False,1,True,1.0,60.0,1068781.531731624,1072464.19490483,3682.6631732061505,0.3445665053024966,2.863822404295206,6.931309871375561,1.0,1.0,0.0,0.0,1.0,0.0,0.0,0.0,7.0,7.0,0.0,3682.6631732061505,1072464.19490483,2239.5680352230556,1443.095137983095,JR-CheapSummary（简化表示消融）；seed17,JR-CheapSummary; seed17,SIMPLIFIED_REPRESENTATION_ABLATION
validation,quality,FullCheapSummary-seed17,6,JR-DUAL-r006-R8-g0340,False,1,True,1.0,60.0,961943.064988315,965292.936099649,3349.8711113340687,0.3482400604837003,2.8636525981128216,7.778644643723965,1.0,1.0,0.0,0.0,1.0,0.0,0.0,0.0,8.0,8.0,0.0,3349.8711113340687,965292.936099649,1742.5684533100575,1607.3026580240112,JR-CheapSummary（简化表示消融）；seed17,JR-CheapSummary; seed17,SIMPLIFIED_REPRESENTATION_ABLATION
validation,quality,FullCheapSummary-seed17,6,JR-DUAL-r006-R8-g0680,False,1,True,1.0,60.0,729107.718085508,730101.321020449,993.6029349410674,0.1362765624742077,2.670171946287155,7.714092817157507,1.0,1.0,0.0,0.0,1.0,0.0,0.0,0.0,8.0,8.0,0.0,993.6029349410674,730101.321020449,878.205359572079,115.39757536898833,JR-CheapSummary（简化表示消融）；seed17,JR-CheapSummary; seed17,SIMPLIFIED_REPRESENTATION_ABLATION
validation,quality,FullCheapSummary-seed17,7,JR-DUAL-r007-R12-g0170,False,1,True,1.0,60.0,1302106.316184301,1303964.561613608,1858.2454293069895,0.14271073000800746,4.010180082172155,11.01625020429492,1.0,1.0,0.0,0.0,1.0,0.0,0.0,0.0,8.0,8.0,0.0,1858.2454293069895,1303964.561613608,1618.7519354501273,239.4934938568622,JR-CheapSummary（简化表示消融）；seed17,JR-CheapSummary; seed17,SIMPLIFIED_REPRESENTATION_ABLATION
validation,quality,FullCheapSummary-seed17,7,JR-DUAL-r007-R12-g0340,False,1,True,1.0,60.0,1207439.303503353,1209030.448199105,1591.1446957520675,0.1317784414616456,4.3177527114748955,10.35195367410779,1.0,1.0,0.0,0.0,1.0,0.0,0.0,0.0,8.0,8.0,0.0,1591.1446957520675,1209030.448199105,1504.5771414551418,86.56755429692566,JR-CheapSummary（简化表示消融）；seed17,JR-CheapSummary; seed17,SIMPLIFIED_REPRESENTATION_ABLATION
validation,quality,FullCheapSummary-seed17,7,JR-DUAL-r007-R12-g0680,False,1,True,1.0,60.0,999133.545150412,1000712.867879014,1579.3227286019828,0.1580692327134535,6.816208284348249,14.463093891739845,1.0,1.0,0.0,0.0,1.0,0.0,0.0,0.0,8.0,8.0,0.0,1579.3227286019828,1000712.867879014,1372.0878697650041,207.23485883697867,JR-CheapSummary（简化表示消融）；seed17,JR-CheapSummary; seed17,SIMPLIFIED_REPRESENTATION_ABLATION
validation,quality,FullCheapSummary-seed17,7,JR-DUAL-r007-R8-g0170,False,1,True,1.0,60.0,1066610.597948497,1070544.694713603,3934.0967651060782,0.3688409596410219,2.7600478306412697,7.26278929784894,1.0,1.0,0.0,0.0,1.0,0.0,0.0,0.0,7.0,7.0,0.0,3934.0967651060782,1070544.694713603,1837.6743708101567,2096.4223942959215,JR-CheapSummary（简化表示消融）；seed17,JR-CheapSummary; seed17,SIMPLIFIED_REPRESENTATION_ABLATION
validation,quality,FullCheapSummary-seed17,7,JR-DUAL-r007-R8-g0340,False,1,True,1.0,60.0,966406.725024867,969066.766496347,2660.0414714800427,0.275250720281525,3.1753493286669254,7.55835622176528,1.0,1.0,0.0,0.0,1.0,0.0,0.0,0.0,8.0,8.0,0.0,2660.0414714800427,969066.766496347,1809.1972531690262,850.8442183110164,JR-CheapSummary（简化表示消融）；seed17,JR-CheapSummary; seed17,SIMPLIFIED_REPRESENTATION_ABLATION
validation,quality,FullCheapSummary-seed17,7,JR-DUAL-r007-R8-g0680,False,1,True,1.0,60.0,725213.442492003,727210.716704659,1997.274212656077,0.27540501811342266,3.935982219874859,8.403173577040434,1.0,1.0,0.0,0.0,1.0,0.0,0.0,0.0,8.0,8.0,0.0,1997.274212656077,727210.716704659,1690.3696648459882,306.90454781008884,JR-CheapSummary（简化表示消融）；seed17,JR-CheapSummary; seed17,SIMPLIFIED_REPRESENTATION_ABLATION
validation,quality,FullCheapSummary-seed29,6,JR-DUAL-r006-R12-g0170,False,1,True,1.0,60.0,1304450.278531471,1306008.711622348,1558.4330908770207,0.11947048626732476,5.820444740355015,12.488197706639767,1.0,1.0,0.0,0.0,1.0,0.0,0.0,0.0,8.0,8.0,0.0,1558.4330908770207,1306008.711622348,1287.3493890268728,271.0837018501479,JR-CheapSummary（简化表示消融）；seed29,JR-CheapSummary; seed29,SIMPLIFIED_REPRESENTATION_ABLATION
validation,quality,FullCheapSummary-seed29,6,JR-DUAL-r006-R12-g0340,False,1,True,1.0,60.0,1205720.942989415,1209107.389922451,3386.4469330359716,0.2808649010143055,4.643683850765228,11.359000883996487,1.0,1.0,0.0,0.0,1.0,0.0,0.0,0.0,8.0,8.0,0.0,3386.4469330359716,1209107.389922451,2613.171825672034,773.2751073639374,JR-CheapSummary（简化表示消融）；seed29,JR-CheapSummary; seed29,SIMPLIFIED_REPRESENTATION_ABLATION
validation,quality,FullCheapSummary-seed29,6,JR-DUAL-r006-R12-g0680,False,1,True,1.0,60.0,999967.725572712,1001638.68494275,1670.9593700380065,0.1671013301035288,5.667998731136322,12.493140757083893,1.0,1.0,0.0,0.0,1.0,0.0,0.0,0.0,8.0,8.0,0.0,1670.9593700380065,1001638.68494275,1063.2552378489636,607.7041321890429,JR-CheapSummary（简化表示消融）；seed29,JR-CheapSummary; seed29,SIMPLIFIED_REPRESENTATION_ABLATION
validation,quality,FullCheapSummary-seed29,6,JR-DUAL-r006-R8-g0170,False,1,True,1.0,60.0,1068781.531731624,1072464.19490483,3682.6631732061505,0.3445665053024966,2.8246638886630535,6.766271352767944,1.0,1.0,0.0,0.0,1.0,0.0,0.0,0.0,7.0,7.0,0.0,3682.6631732061505,1072464.19490483,2239.5680352230556,1443.095137983095,JR-CheapSummary（简化表示消融）；seed29,JR-CheapSummary; seed29,SIMPLIFIED_REPRESENTATION_ABLATION
validation,quality,FullCheapSummary-seed29,6,JR-DUAL-r006-R8-g0340,False,1,True,1.0,60.0,961943.064988315,965292.936099649,3349.8711113340687,0.3482400604837003,1.502436377108097,5.8133111372590065,1.0,1.0,0.0,0.0,1.0,0.0,0.0,0.0,8.0,8.0,0.0,3349.8711113340687,965292.936099649,1742.5684533100575,1607.3026580240112,JR-CheapSummary（简化表示消融）；seed29,JR-CheapSummary; seed29,SIMPLIFIED_REPRESENTATION_ABLATION
validation,quality,FullCheapSummary-seed29,6,JR-DUAL-r006-R8-g0680,False,1,True,1.0,60.0,729107.718085508,730101.321020449,993.6029349410674,0.1362765624742077,2.5690861642360687,8.66185363009572,1.0,1.0,0.0,0.0,1.0,0.0,0.0,0.0,8.0,8.0,0.0,993.6029349410674,730101.321020449,878.205359572079,115.39757536898833,JR-CheapSummary（简化表示消融）；seed29,JR-CheapSummary; seed29,SIMPLIFIED_REPRESENTATION_ABLATION
validation,quality,FullCheapSummary-seed29,7,JR-DUAL-r007-R12-g0170,False,1,True,1.0,60.0,1302106.316184301,1303964.561613608,1858.2454293069895,0.14271073000800746,4.636599857360125,11.49839710444212,1.0,1.0,0.0,0.0,1.0,0.0,0.0,0.0,8.0,8.0,0.0,1858.2454293069895,1303964.561613608,1618.7519354501273,239.4934938568622,JR-CheapSummary（简化表示消融）；seed29,JR-CheapSummary; seed29,SIMPLIFIED_REPRESENTATION_ABLATION
validation,quality,FullCheapSummary-seed29,7,JR-DUAL-r007-R12-g0340,False,1,True,1.0,60.0,1207439.303503353,1209030.448199105,1591.1446957520675,0.1317784414616456,4.811233669519424,12.007893230766058,1.0,1.0,0.0,0.0,1.0,0.0,0.0,0.0,8.0,8.0,0.0,1591.1446957520675,1209030.448199105,1504.5771414551418,86.56755429692566,JR-CheapSummary（简化表示消融）；seed29,JR-CheapSummary; seed29,SIMPLIFIED_REPRESENTATION_ABLATION
validation,quality,FullCheapSummary-seed29,7,JR-DUAL-r007-R12-g0680,False,1,True,1.0,60.0,999133.545150412,1000712.867879014,1579.3227286019828,0.1580692327134535,5.748194333165884,12.660450518131256,1.0,1.0,0.0,0.0,1.0,0.0,0.0,0.0,8.0,8.0,0.0,1579.3227286019828,1000712.867879014,1372.0878697650041,207.23485883697867,JR-CheapSummary（简化表示消融）；seed29,JR-CheapSummary; seed29,SIMPLIFIED_REPRESENTATION_ABLATION
validation,quality,FullCheapSummary-seed29,7,JR-DUAL-r007-R8-g0170,False,1,True,1.0,60.0,1066610.597948497,1070544.694713603,3934.0967651060782,0.3688409596410219,2.848538249731064,7.51135665550828,1.0,1.0,0.0,0.0,1.0,0.0,0.0,0.0,7.0,7.0,0.0,3934.0967651060782,1070544.694713603,1837.6743708101567,2096.4223942959215,JR-CheapSummary（简化表示消融）；seed29,JR-CheapSummary; seed29,SIMPLIFIED_REPRESENTATION_ABLATION
validation,quality,FullCheapSummary-seed29,7,JR-DUAL-r007-R8-g0340,False,1,True,1.0,60.0,966406.725024867,969066.766496347,2660.0414714800427,0.275250720281525,3.0377853140234947,7.9169599041342735,1.0,1.0,0.0,0.0,1.0,0.0,0.0,0.0,8.0,8.0,0.0,2660.0414714800427,969066.766496347,1809.1972531690262,850.8442183110164,JR-CheapSummary（简化表示消融）；seed29,JR-CheapSummary; seed29,SIMPLIFIED_REPRESENTATION_ABLATION
validation,quality,FullCheapSummary-seed29,7,JR-DUAL-r007-R8-g0680,False,1,True,1.0,60.0,725213.442492003,727210.716704659,1997.274212656077,0.27540501811342266,2.641787987202406,7.251167360693216,1.0,1.0,0.0,0.0,1.0,0.0,0.0,0.0,8.0,8.0,0.0,1997.274212656077,727210.716704659,1690.3696648459882,306.90454781008884,JR-CheapSummary（简化表示消融）；seed29,JR-CheapSummary; seed29,SIMPLIFIED_REPRESENTATION_ABLATION
validation,quality,FullP1,6,JR-DUAL-r006-R12-g0170,False,1,True,1.0,60.0,1304450.278531471,1305737.627920498,1287.3493890268728,0.09868903477686784,1.2266730591654778,7.842885330319405,1.0,0.0,0.0,1.0,1.0,0.0,0.0,0.0,0.0,0.0,0.0,1287.3493890268728,1305737.627920498,1287.3493890268728,0.0,Independent-replacement+CHILS（独立替代估计对照）,Independent-replacement+CHILS,INTERNAL_INDEPENDENT_REPLACEMENT_CONTROL
validation,quality,FullP1,6,JR-DUAL-r006-R12-g0340,False,1,True,1.0,60.0,1205720.942989415,1208334.114815087,2613.171825672034,0.2167310637561825,0.996900737285614,8.20913028717041,1.0,0.0,0.0,1.0,1.0,0.0,0.0,0.0,0.0,0.0,0.0,2613.171825672034,1208334.114815087,2613.171825672034,0.0,Independent-replacement+CHILS（独立替代估计对照）,Independent-replacement+CHILS,INTERNAL_INDEPENDENT_REPLACEMENT_CONTROL
validation,quality,FullP1,6,JR-DUAL-r006-R12-g0680,False,1,True,1.0,60.0,999967.725572712,1001030.980810561,1063.2552378489636,0.10632895549103896,4.077661789953709,10.685574349015951,1.0,1.0,0.0,0.0,1.0,0.0,0.0,0.0,8.0,8.0,0.0,1063.2552378489636,1001030.980810561,1063.2552378489636,0.0,Independent-replacement+CHILS（独立替代估计对照）,Independent-replacement+CHILS,INTERNAL_INDEPENDENT_REPLACEMENT_CONTROL
validation,quality,FullP1,6,JR-DUAL-r006-R8-g0170,False,1,True,1.0,60.0,1068781.531731624,1071041.907003789,2260.3752721650526,0.21149086179500373,0.5137234926223755,4.761371769011021,1.0,1.0,0.0,0.0,1.0,0.0,0.0,0.0,2.0,2.0,0.0,2260.3752721650526,1071041.907003789,2239.5680352230556,20.807236941996962,Independent-replacement+CHILS（独立替代估计对照）,Independent-replacement+CHILS,INTERNAL_INDEPENDENT_REPLACEMENT_CONTROL
validation,quality,FullP1,6,JR-DUAL-r006-R8-g0340,False,1,True,1.0,60.0,961943.064988315,963685.633441625,1742.5684533100575,0.1811508930969033,3.151560313999653,7.313171073794365,1.0,1.0,0.0,0.0,1.0,0.0,0.0,0.0,8.0,8.0,0.0,1742.5684533100575,963685.633441625,1742.5684533100575,0.0,Independent-replacement+CHILS（独立替代估计对照）,Independent-replacement+CHILS,INTERNAL_INDEPENDENT_REPLACEMENT_CONTROL
validation,quality,FullP1,6,JR-DUAL-r006-R8-g0680,False,1,True,1.0,60.0,729107.718085508,729985.92344508,878.205359572079,0.12044932974760875,3.0879243053495884,8.001900985836983,1.0,1.0,0.0,0.0,1.0,0.0,0.0,0.0,8.0,8.0,0.0,878.205359572079,729985.92344508,878.205359572079,0.0,Independent-replacement+CHILS（独立替代估计对照）,Independent-replacement+CHILS,INTERNAL_INDEPENDENT_REPLACEMENT_CONTROL
validation,quality,FullP1,7,JR-DUAL-r007-R12-g0170,False,1,True,1.0,60.0,1302106.316184301,1303964.561613608,1858.2454293069895,0.14271073000800746,2.0421495772898197,8.629482299089432,1.0,1.0,0.0,0.0,1.0,0.0,0.0,0.0,7.0,7.0,0.0,1858.2454293069895,1303964.561613608,1618.7519354501273,239.4934938568622,Independent-replacement+CHILS（独立替代估计对照）,Independent-replacement+CHILS,INTERNAL_INDEPENDENT_REPLACEMENT_CONTROL
validation,quality,FullP1,7,JR-DUAL-r007-R12-g0340,False,1,True,1.0,60.0,1207439.303503353,1209030.448199105,1591.1446957520675,0.1317784414616456,2.1196186542510986,9.518311653286219,1.0,1.0,0.0,0.0,1.0,0.0,0.0,0.0,8.0,8.0,0.0,1591.1446957520675,1209030.448199105,1504.5771414551418,86.56755429692566,Independent-replacement+CHILS（独立替代估计对照）,Independent-replacement+CHILS,INTERNAL_INDEPENDENT_REPLACEMENT_CONTROL
validation,quality,FullP1,7,JR-DUAL-r007-R12-g0680,False,1,True,1.0,60.0,999133.545150412,1000505.633020177,1372.0878697650041,0.1373277752933865,2.0960037261247635,9.663990661501884,1.0,1.0,0.0,0.0,1.0,0.0,0.0,0.0,8.0,8.0,0.0,1372.0878697650041,1000505.633020177,1372.0878697650041,0.0,Independent-replacement+CHILS（独立替代估计对照）,Independent-replacement+CHILS,INTERNAL_INDEPENDENT_REPLACEMENT_CONTROL
validation,quality,FullP1,7,JR-DUAL-r007-R8-g0170,False,1,True,1.0,60.0,1066610.597948497,1068448.272319307,1837.6743708101567,0.1722910286420098,0.4352884478867054,4.75678813830018,1.0,0.0,0.0,1.0,1.0,0.0,0.0,0.0,0.0,0.0,0.0,1837.6743708101567,1068448.272319307,1837.6743708101567,0.0,Independent-replacement+CHILS（独立替代估计对照）,Independent-replacement+CHILS,INTERNAL_INDEPENDENT_REPLACEMENT_CONTROL
validation,quality,FullP1,7,JR-DUAL-r007-R8-g0340,False,1,True,1.0,60.0,966406.725024867,968215.922278036,1809.1972531690262,0.18720867791172222,1.0825649686157703,5.304046798497438,1.0,1.0,0.0,0.0,1.0,0.0,0.0,0.0,8.0,8.0,0.0,1809.1972531690262,968215.922278036,1809.1972531690262,0.0,Independent-replacement+CHILS（独立替代估计对照）,Independent-replacement+CHILS,INTERNAL_INDEPENDENT_REPLACEMENT_CONTROL
validation,quality,FullP1,7,JR-DUAL-r007-R8-g0680,False,1,True,1.0,60.0,725213.442492003,726903.812156849,1690.3696648459882,0.23308581526529384,3.054659027606249,8.15387238189578,1.0,1.0,0.0,0.0,1.0,0.0,0.0,0.0,8.0,8.0,0.0,1690.3696648459882,726903.812156849,1690.3696648459882,0.0,Independent-replacement+CHILS（独立替代估计对照）,Independent-replacement+CHILS,INTERNAL_INDEPENDENT_REPLACEMENT_CONTROL
validation,quality,FullGreedy,6,JR-DUAL-r006-R12-g0170,False,1,True,1.0,60.0,1304450.278531471,1306008.711622348,1558.4330908770207,0.11947048626732476,2.736191648989916,9.566188845783472,1.0,1.0,0.0,0.0,1.0,0.0,0.0,0.0,7.0,7.0,0.0,1558.4330908770207,1306008.711622348,1287.3493890268728,271.0837018501479,Greedy-rank+CHILS（贪心请求排序内部对照）,Greedy-rank+CHILS,INTERNAL_GREEDY_REQUEST_RANKING
validation,quality,FullGreedy,6,JR-DUAL-r006-R12-g0340,False,1,True,1.0,60.0,1205720.942989415,1209107.389922451,3386.4469330359716,0.2808649010143055,2.8407306149601936,9.913324762135744,1.0,1.0,0.0,0.0,1.0,0.0,0.0,0.0,8.0,8.0,0.0,3386.4469330359716,1209107.389922451,2613.171825672034,773.2751073639374,Greedy-rank+CHILS（贪心请求排序内部对照）,Greedy-rank+CHILS,INTERNAL_GREEDY_REQUEST_RANKING
validation,quality,FullGreedy,6,JR-DUAL-r006-R12-g0680,False,1,True,1.0,60.0,999967.725572712,1001638.68494275,1670.9593700380065,0.1671013301035288,1.9925833567976952,8.649475552141666,1.0,1.0,0.0,0.0,1.0,0.0,0.0,0.0,8.0,8.0,0.0,1670.9593700380065,1001638.68494275,1063.2552378489636,607.7041321890429,Greedy-rank+CHILS（贪心请求排序内部对照）,Greedy-rank+CHILS,INTERNAL_GREEDY_REQUEST_RANKING
validation,quality,FullGreedy,6,JR-DUAL-r006-R8-g0170,False,1,True,1.0,60.0,1068781.531731624,1072367.858681995,3586.3269503710326,0.33555285564866744,0.7690922804176807,4.707729261368513,1.0,1.0,0.0,0.0,1.0,0.0,0.0,0.0,7.0,7.0,0.0,3586.3269503710326,1072367.858681995,2239.5680352230556,1346.758915147977,Greedy-rank+CHILS（贪心请求排序内部对照）,Greedy-rank+CHILS,INTERNAL_GREEDY_REQUEST_RANKING
validation,quality,FullGreedy,6,JR-DUAL-r006-R8-g0340,False,1,True,1.0,60.0,961943.064988315,965292.936099649,3349.8711113340687,0.3482400604837003,0.8132375590503216,5.65780109167099,1.0,1.0,0.0,0.0,1.0,0.0,0.0,0.0,8.0,8.0,0.0,3349.8711113340687,965292.936099649,1742.5684533100575,1607.3026580240112,Greedy-rank+CHILS（贪心请求排序内部对照）,Greedy-rank+CHILS,INTERNAL_GREEDY_REQUEST_RANKING
validation,quality,FullGreedy,6,JR-DUAL-r006-R8-g0680,False,1,True,1.0,60.0,729107.718085508,730101.321020449,993.6029349410674,0.1362765624742077,1.1580777056515217,7.21097257360816,1.0,1.0,0.0,0.0,1.0,0.0,0.0,0.0,8.0,8.0,0.0,993.6029349410674,730101.321020449,878.205359572079,115.39757536898833,Greedy-rank+CHILS（贪心请求排序内部对照）,Greedy-rank+CHILS,INTERNAL_GREEDY_REQUEST_RANKING
validation,quality,FullGreedy,7,JR-DUAL-r007-R12-g0170,False,1,True,1.0,60.0,1302106.316184301,1303964.561613608,1858.2454293069895,0.14271073000800746,2.842114709317684,10.225246503949165,1.0,1.0,0.0,0.0,1.0,0.0,0.0,0.0,8.0,8.0,0.0,1858.2454293069895,1303964.561613608,1618.7519354501273,239.4934938568622,Greedy-rank+CHILS（贪心请求排序内部对照）,Greedy-rank+CHILS,INTERNAL_GREEDY_REQUEST_RANKING
validation,quality,FullGreedy,7,JR-DUAL-r007-R12-g0340,False,1,True,1.0,60.0,1207439.303503353,1209291.095120456,1851.7916171031538,0.1533651929111658,1.7450271286070347,9.308136522769928,1.0,1.0,0.0,0.0,1.0,0.0,0.0,0.0,8.0,8.0,0.0,1851.7916171031538,1209291.095120456,1504.5771414551418,347.214475648012,Greedy-rank+CHILS（贪心请求排序内部对照）,Greedy-rank+CHILS,INTERNAL_GREEDY_REQUEST_RANKING
validation,quality,FullGreedy,7,JR-DUAL-r007-R12-g0680,False,1,True,1.0,60.0,999133.545150412,1000712.867879014,1579.3227286019828,0.1580692327134535,4.152336105704308,11.553319182246923,1.0,1.0,0.0,0.0,1.0,0.0,0.0,0.0,8.0,8.0,0.0,1579.3227286019828,1000712.867879014,1372.0878697650041,207.23485883697867,Greedy-rank+CHILS（贪心请求排序内部对照）,Greedy-rank+CHILS,INTERNAL_GREEDY_REQUEST_RANKING
validation,quality,FullGreedy,7,JR-DUAL-r007-R8-g0170,False,1,True,1.0,60.0,1066610.597948497,1070544.694713603,3934.0967651060782,0.3688409596410219,0.9636971801519394,5.412062130868435,1.0,1.0,0.0,0.0,1.0,0.0,0.0,0.0,7.0,7.0,0.0,3934.0967651060782,1070544.694713603,1837.6743708101567,2096.4223942959215,Greedy-rank+CHILS（贪心请求排序内部对照）,Greedy-rank+CHILS,INTERNAL_GREEDY_REQUEST_RANKING
validation,quality,FullGreedy,7,JR-DUAL-r007-R8-g0340,False,1,True,1.0,60.0,966406.725024867,970023.510562276,3616.785537409014,0.3742508659918472,0.7482189759612083,5.478870026767254,1.0,1.0,0.0,0.0,1.0,0.0,0.0,0.0,8.0,8.0,0.0,3616.785537409014,970023.510562276,1809.1972531690262,1807.5882842399878,Greedy-rank+CHILS（贪心请求排序内部对照）,Greedy-rank+CHILS,INTERNAL_GREEDY_REQUEST_RANKING
validation,quality,FullGreedy,7,JR-DUAL-r007-R8-g0680,False,1,True,1.0,60.0,725213.442492003,727210.716704659,1997.274212656077,0.27540501811342266,0.9170687459409237,5.246876582503319,1.0,1.0,0.0,0.0,1.0,0.0,0.0,0.0,8.0,8.0,0.0,1997.274212656077,727210.716704659,1690.3696648459882,306.90454781008884,Greedy-rank+CHILS（贪心请求排序内部对照）,Greedy-rank+CHILS,INTERNAL_GREEDY_REQUEST_RANKING
validation,quality,CHILS-p1,6,JR-DUAL-r006-R12-g0170,False,1,True,1.0,60.0,1304450.278531471,1372212.766461525,67762.48793005408,5.19471604593009,42.34972197189927,45.61796671897173,1.0,1.0,0.0,0.0,1.0,0.0,0.0,0.0,1.0,0.0,0.0,67762.48793005408,1372212.766461525,0.0,67762.48793005408,CHILS-p1（SEA 2025 公开 MWIS 算法）,CHILS-p1 (SEA 2025),PUBLISHED_MWIS_BASELINE
validation,quality,CHILS-p1,6,JR-DUAL-r006-R12-g0340,False,1,True,1.0,60.0,1205720.942989415,1294623.80020232,88902.85721290507,7.373419009583011,42.36175436154008,45.52357171103358,1.0,1.0,0.0,0.0,1.0,0.0,0.0,0.0,1.0,0.0,0.0,88902.85721290507,1294623.80020232,0.0,88902.85721290507,CHILS-p1（SEA 2025 公开 MWIS 算法）,CHILS-p1 (SEA 2025),PUBLISHED_MWIS_BASELINE
validation,quality,CHILS-p1,6,JR-DUAL-r006-R12-g0680,False,1,True,1.0,60.0,999967.725572712,1107796.400271625,107828.674698913,10.783215491995627,42.38823698461056,45.16940211504698,1.0,1.0,0.0,0.0,1.0,0.0,0.0,0.0,1.0,0.0,0.0,107828.674698913,1107796.400271625,0.0,107828.674698913,CHILS-p1（SEA 2025 公开 MWIS 算法）,CHILS-p1 (SEA 2025),PUBLISHED_MWIS_BASELINE
validation,quality,CHILS-p1,6,JR-DUAL-r006-R8-g0170,False,1,True,1.0,60.0,1068781.531731624,1181249.804929051,112468.27319742716,10.523036734664355,42.12989015504718,42.97909266501665,1.0,1.0,0.0,0.0,1.0,0.0,0.0,0.0,1.0,0.0,0.0,112468.27319742716,1181249.804929051,0.0,112468.27319742716,CHILS-p1（SEA 2025 公开 MWIS 算法）,CHILS-p1 (SEA 2025),PUBLISHED_MWIS_BASELINE
validation,quality,CHILS-p1,6,JR-DUAL-r006-R8-g0340,False,1,True,1.0,60.0,961943.064988315,1043675.35946414,81732.29447582504,8.496583368665158,42.14131931588054,43.06985339522362,1.0,1.0,0.0,0.0,1.0,0.0,0.0,0.0,1.0,0.0,0.0,81732.29447582504,1043675.35946414,0.0,81732.29447582504,CHILS-p1（SEA 2025 公开 MWIS 算法）,CHILS-p1 (SEA 2025),PUBLISHED_MWIS_BASELINE
validation,quality,CHILS-p1,6,JR-DUAL-r006-R8-g0680,False,1,True,1.0,60.0,729107.718085508,795022.350320487,65914.63223497907,9.04045185642223,42.165696784853935,43.22355116158724,1.0,1.0,0.0,0.0,1.0,0.0,0.0,0.0,1.0,0.0,0.0,65914.63223497907,795022.350320487,0.0,65914.63223497907,CHILS-p1（SEA 2025 公开 MWIS 算法）,CHILS-p1 (SEA 2025),PUBLISHED_MWIS_BASELINE
validation,quality,CHILS-p1,7,JR-DUAL-r007-R12-g0170,False,1,True,1.0,60.0,1302106.316184301,1373364.25639695,71257.94021264906,5.472513213933536,42.42345440015197,45.1812377423048,1.0,1.0,0.0,0.0,1.0,0.0,0.0,0.0,1.0,0.0,0.0,71257.94021264906,1373364.25639695,0.0,71257.94021264906,CHILS-p1（SEA 2025 公开 MWIS 算法）,CHILS-p1 (SEA 2025),PUBLISHED_MWIS_BASELINE
validation,quality,CHILS-p1,7,JR-DUAL-r007-R12-g0340,False,1,True,1.0,60.0,1207439.303503353,1295472.397371128,88033.09386777505,7.290891857863942,42.36144848167896,45.334116756916046,1.0,1.0,0.0,0.0,1.0,0.0,0.0,0.0,1.0,0.0,0.0,88033.09386777505,1295472.397371128,0.0,88033.09386777505,CHILS-p1（SEA 2025 公开 MWIS 算法）,CHILS-p1 (SEA 2025),PUBLISHED_MWIS_BASELINE
validation,quality,CHILS-p1,7,JR-DUAL-r007-R12-g0680,False,1,True,1.0,60.0,999133.545150412,1106230.077838103,107096.53268769104,10.718940746961755,42.383854664862156,45.17905104905367,1.0,1.0,0.0,0.0,1.0,0.0,0.0,0.0,1.0,0.0,0.0,107096.53268769104,1106230.077838103,0.0,107096.53268769104,CHILS-p1（SEA 2025 公开 MWIS 算法）,CHILS-p1 (SEA 2025),PUBLISHED_MWIS_BASELINE
validation,quality,CHILS-p1,7,JR-DUAL-r007-R8-g0170,False,1,True,1.0,60.0,1066610.597948497,1180052.720613916,113442.12266541901,10.635758062371771,42.13288703933358,42.97749350592494,1.0,1.0,0.0,0.0,1.0,0.0,0.0,0.0,1.0,0.0,0.0,113442.12266541901,1180052.720613916,0.0,113442.12266541901,CHILS-p1（SEA 2025 公开 MWIS 算法）,CHILS-p1 (SEA 2025),PUBLISHED_MWIS_BASELINE
validation,quality,CHILS-p1,7,JR-DUAL-r007-R8-g0340,False,1,True,1.0,60.0,966406.725024867,1047461.253481976,81054.528457109,8.38720658271737,42.13969725370407,43.067751634866,1.0,1.0,0.0,0.0,1.0,0.0,0.0,0.0,1.0,0.0,0.0,81054.528457109,1047461.253481976,0.0,81054.528457109,CHILS-p1（SEA 2025 公开 MWIS 算法）,CHILS-p1 (SEA 2025),PUBLISHED_MWIS_BASELINE
validation,quality,CHILS-p1,7,JR-DUAL-r007-R8-g0680,False,1,True,1.0,60.0,725213.442492003,793536.30390329,68322.86141128698,9.421069358079416,42.16409746557474,43.21915043517947,1.0,1.0,0.0,0.0,1.0,0.0,0.0,0.0,1.0,0.0,0.0,68322.86141128698,793536.30390329,0.0,68322.86141128698,CHILS-p1（SEA 2025 公开 MWIS 算法）,CHILS-p1 (SEA 2025),PUBLISHED_MWIS_BASELINE
validation,quality,HiGHS-MILP,6,JR-DUAL-r006-R12-g0170,False,1,True,1.0,60.0,1304450.278531471,1304450.278531471,0.0,0.0,44.399743758141994,47.849091559648514,1.0,1.0,0.0,0.0,1.0,0.0,0.0,0.0,1.0,0.0,0.0,0.0,1304450.278531471,0.0,0.0,HiGHS-MILP（通用 MILP 软件参照）,HiGHS (generic MILP),GENERIC_MILP_SOFTWARE_REFERENCE
validation,quality,HiGHS-MILP,6,JR-DUAL-r006-R12-g0340,False,1,True,0.0,60.0,1205720.942989415,null,null,null,62.070846166461706,65.39032588899136,0.0,0.0,1.0,0.0,0.0,1.0,0.0,0.0,null,0.0,0.0,0.0,1205720.942989415,0.0,0.0,HiGHS-MILP（通用 MILP 软件参照）,HiGHS (generic MILP),GENERIC_MILP_SOFTWARE_REFERENCE
validation,quality,HiGHS-MILP,6,JR-DUAL-r006-R12-g0680,False,1,True,0.0,60.0,999967.725572712,null,null,null,60.07944030314684,62.986258048564196,0.0,0.0,1.0,0.0,0.0,1.0,0.0,0.0,null,0.0,0.0,0.0,999967.725572712,0.0,0.0,HiGHS-MILP（通用 MILP 软件参照）,HiGHS (generic MILP),GENERIC_MILP_SOFTWARE_REFERENCE
validation,quality,HiGHS-MILP,6,JR-DUAL-r006-R8-g0170,False,1,True,0.0,60.0,1068781.531731624,null,null,null,60.073987420648336,61.04628015309572,0.0,0.0,1.0,0.0,0.0,1.0,0.0,0.0,null,0.0,0.0,0.0,1068781.531731624,0.0,0.0,HiGHS-MILP（通用 MILP 软件参照）,HiGHS (generic MILP),GENERIC_MILP_SOFTWARE_REFERENCE
validation,quality,HiGHS-MILP,6,JR-DUAL-r006-R8-g0340,False,1,True,1.0,60.0,961943.064988315,961943.064988315,0.0,0.0,49.090397883206606,50.1280879303813,1.0,1.0,0.0,0.0,1.0,0.0,0.0,0.0,1.0,0.0,0.0,0.0,961943.064988315,0.0,0.0,HiGHS-MILP（通用 MILP 软件参照）,HiGHS (generic MILP),GENERIC_MILP_SOFTWARE_REFERENCE
validation,quality,HiGHS-MILP,6,JR-DUAL-r006-R8-g0680,False,1,True,0.0,60.0,729107.718085508,null,null,null,60.07352824136615,61.51116147264838,0.0,0.0,1.0,0.0,0.0,1.0,0.0,0.0,null,0.0,0.0,0.0,729107.718085508,0.0,0.0,HiGHS-MILP（通用 MILP 软件参照）,HiGHS (generic MILP),GENERIC_MILP_SOFTWARE_REFERENCE
validation,quality,HiGHS-MILP,7,JR-DUAL-r007-R12-g0170,False,1,True,1.0,60.0,1302106.316184301,1302106.316184301,0.0,0.0,43.63053633272648,47.25693304464221,1.0,1.0,0.0,0.0,1.0,0.0,0.0,0.0,1.0,0.0,0.0,0.0,1302106.316184301,0.0,0.0,HiGHS-MILP（通用 MILP 软件参照）,HiGHS (generic MILP),GENERIC_MILP_SOFTWARE_REFERENCE
validation,quality,HiGHS-MILP,7,JR-DUAL-r007-R12-g0340,False,1,True,0.0,60.0,1207439.303503353,null,null,null,60.45890236273408,63.87869418412447,0.0,0.0,1.0,0.0,0.0,1.0,0.0,0.0,null,0.0,0.0,0.0,1207439.303503353,0.0,0.0,HiGHS-MILP（通用 MILP 软件参照）,HiGHS (generic MILP),GENERIC_MILP_SOFTWARE_REFERENCE
validation,quality,HiGHS-MILP,7,JR-DUAL-r007-R12-g0680,False,1,True,0.0,60.0,999133.545150412,null,null,null,61.38832936063409,64.36850856244564,0.0,0.0,1.0,0.0,0.0,1.0,0.0,0.0,null,0.0,0.0,0.0,999133.545150412,0.0,0.0,HiGHS-MILP（通用 MILP 软件参照）,HiGHS (generic MILP),GENERIC_MILP_SOFTWARE_REFERENCE
validation,quality,HiGHS-MILP,7,JR-DUAL-r007-R8-g0170,False,1,True,1.0,60.0,1066610.597948497,1066610.597948497,0.0,0.0,42.247548047453165,43.21192764490843,1.0,1.0,0.0,0.0,1.0,0.0,0.0,0.0,1.0,0.0,0.0,0.0,1066610.597948497,0.0,0.0,HiGHS-MILP（通用 MILP 软件参照）,HiGHS (generic MILP),GENERIC_MILP_SOFTWARE_REFERENCE
validation,quality,HiGHS-MILP,7,JR-DUAL-r007-R8-g0340,False,1,True,1.0,60.0,966406.725024867,966406.725024867,0.0,0.0,43.41269616782665,44.47758016362786,1.0,1.0,0.0,0.0,1.0,0.0,0.0,0.0,1.0,0.0,0.0,0.0,966406.725024867,0.0,0.0,HiGHS-MILP（通用 MILP 软件参照）,HiGHS (generic MILP),GENERIC_MILP_SOFTWARE_REFERENCE
validation,quality,HiGHS-MILP,7,JR-DUAL-r007-R8-g0680,False,1,True,0.0,60.0,725213.442492003,null,null,null,60.07569545507431,61.36944418773055,0.0,0.0,1.0,0.0,0.0,1.0,0.0,0.0,null,0.0,0.0,0.0,725213.442492003,0.0,0.0,HiGHS-MILP（通用 MILP 软件参照）,HiGHS (generic MILP),GENERIC_MILP_SOFTWARE_REFERENCE
validation,quality,FullCapacity-mean17/29,6,JR-DUAL-r006-R12-g0170,False,2,True,2.0,120.0,1304450.278531471,1306008.711622348,1558.4330908770207,0.11947048626732476,6.404579993337393,13.954969456419349,1.0,1.0,0.0,0.0,1.0,0.0,0.0,0.0,7.5,7.5,0.0,1558.4330908770207,1306008.711622348,1287.3493890268728,271.0837018501479,JointRecovery（本文方法，JR；完整框架 STK 迁移）；两种子均值,"JointRecovery (JR, ours); 2-seed mean",PROPOSED_FULL_FRAMEWORK
validation,quality,FullCapacity-mean17/29,6,JR-DUAL-r006-R12-g0340,False,2,True,2.0,120.0,1205720.942989415,1209107.389922451,3386.4469330359716,0.2808649010143055,4.065161798149347,11.030310496687889,1.0,1.0,0.0,0.0,1.0,0.0,0.0,0.0,8.0,8.0,0.0,3386.4469330359716,1209107.389922451,2613.171825672034,773.2751073639374,JointRecovery（本文方法，JR；完整框架 STK 迁移）；两种子均值,"JointRecovery (JR, ours); 2-seed mean",PROPOSED_FULL_FRAMEWORK
validation,quality,FullCapacity-mean17/29,6,JR-DUAL-r006-R12-g0680,False,2,True,2.0,120.0,999967.725572712,1001638.68494275,1670.9593700380065,0.1671013301035288,4.941282460466027,11.670287895947695,1.0,1.0,0.0,0.0,1.0,0.0,0.0,0.0,8.0,8.0,0.0,1670.9593700380065,1001638.68494275,1063.2552378489636,607.7041321890429,JointRecovery（本文方法，JR；完整框架 STK 迁移）；两种子均值,"JointRecovery (JR, ours); 2-seed mean",PROPOSED_FULL_FRAMEWORK
validation,quality,FullCapacity-mean17/29,6,JR-DUAL-r006-R8-g0170,False,2,True,2.0,120.0,1068781.531731624,1072416.0267934124,3634.4950617885916,0.340059680475582,2.9711644761264324,7.812403218820691,1.0,1.0,0.0,0.0,1.0,0.0,0.0,0.0,7.5,7.5,0.0,3634.4950617885916,1072416.0267934124,2239.5680352230556,1394.927026565536,JointRecovery（本文方法，JR；完整框架 STK 迁移）；两种子均值,"JointRecovery (JR, ours); 2-seed mean",PROPOSED_FULL_FRAMEWORK
validation,quality,FullCapacity-mean17/29,6,JR-DUAL-r006-R8-g0340,False,2,True,2.0,120.0,961943.064988315,965292.936099649,3349.8711113340687,0.3482400604837003,2.827749690040946,7.462171800434589,1.0,1.0,0.0,0.0,1.0,0.0,0.0,0.0,8.0,8.0,0.0,3349.8711113340687,965292.936099649,1742.5684533100575,1607.3026580240112,JointRecovery（本文方法，JR；完整框架 STK 迁移）；两种子均值,"JointRecovery (JR, ours); 2-seed mean",PROPOSED_FULL_FRAMEWORK
validation,quality,FullCapacity-mean17/29,6,JR-DUAL-r006-R8-g0680,False,2,True,2.0,120.0,729107.718085508,730475.726529639,1368.008444131061,0.18762775515848046,3.073282890021801,8.032885091379285,1.0,1.0,0.0,0.0,1.0,0.0,0.0,0.0,8.0,8.0,0.0,1368.008444131061,730475.726529639,878.205359572079,489.80308455898194,JointRecovery（本文方法，JR；完整框架 STK 迁移）；两种子均值,"JointRecovery (JR, ours); 2-seed mean",PROPOSED_FULL_FRAMEWORK
validation,quality,FullCapacity-mean17/29,7,JR-DUAL-r007-R12-g0170,False,2,True,2.0,120.0,1302106.316184301,1303964.561613608,1858.2454293069895,0.14271073000800746,6.630955362692475,14.556943278759718,1.0,1.0,0.0,0.0,1.0,0.0,0.0,0.0,8.0,8.0,0.0,1858.2454293069895,1303964.561613608,1618.7519354501273,239.4934938568622,JointRecovery（本文方法，JR；完整框架 STK 迁移）；两种子均值,"JointRecovery (JR, ours); 2-seed mean",PROPOSED_FULL_FRAMEWORK
validation,quality,FullCapacity-mean17/29,7,JR-DUAL-r007-R12-g0340,False,2,True,2.0,120.0,1207439.303503353,1209291.095120456,1851.7916171031538,0.1533651929111658,4.087684452533722,10.312939954921603,1.0,1.0,0.0,0.0,1.0,0.0,0.0,0.0,8.0,8.0,0.0,1851.7916171031538,1209291.095120456,1504.5771414551418,347.214475648012,JointRecovery（本文方法，JR；完整框架 STK 迁移）；两种子均值,"JointRecovery (JR, ours); 2-seed mean",PROPOSED_FULL_FRAMEWORK
validation,quality,FullCapacity-mean17/29,7,JR-DUAL-r007-R12-g0680,False,2,True,2.0,120.0,999133.545150412,1000712.867879014,1579.3227286019828,0.1580692327134535,4.475158605724573,11.115563230589032,1.0,1.0,0.0,0.0,1.0,0.0,0.0,0.0,8.0,8.0,0.0,1579.3227286019828,1000712.867879014,1372.0878697650041,207.23485883697867,JointRecovery（本文方法，JR；完整框架 STK 迁移）；两种子均值,"JointRecovery (JR, ours); 2-seed mean",PROPOSED_FULL_FRAMEWORK
validation,quality,FullCapacity-mean17/29,7,JR-DUAL-r007-R8-g0170,False,2,True,2.0,120.0,1066610.597948497,1070544.694713603,3934.0967651060782,0.3688409596410219,3.638477446511388,8.567810367792845,1.0,1.0,0.0,0.0,1.0,0.0,0.0,0.0,7.5,7.5,0.0,3934.0967651060782,1070544.694713603,1837.6743708101567,2096.4223942959215,JointRecovery（本文方法，JR；完整框架 STK 迁移）；两种子均值,"JointRecovery (JR, ours); 2-seed mean",PROPOSED_FULL_FRAMEWORK
validation,quality,FullCapacity-mean17/29,7,JR-DUAL-r007-R8-g0340,False,2,True,2.0,120.0,966406.725024867,970023.510562276,3616.785537409014,0.3742508659918472,3.1695411875844,8.04615656286478,1.0,1.0,0.0,0.0,1.0,0.0,0.0,0.0,8.0,8.0,0.0,3616.785537409014,970023.510562276,1809.1972531690262,1807.5882842399878,JointRecovery（本文方法，JR；完整框架 STK 迁移）；两种子均值,"JointRecovery (JR, ours); 2-seed mean",PROPOSED_FULL_FRAMEWORK
validation,quality,FullCapacity-mean17/29,7,JR-DUAL-r007-R8-g0680,False,2,True,2.0,120.0,725213.442492003,727210.716704659,1997.274212656077,0.27540501811342266,2.4969283994287252,7.206163693219423,1.0,1.0,0.0,0.0,1.0,0.0,0.0,0.0,8.0,8.0,0.0,1997.274212656077,727210.716704659,1690.3696648459882,306.90454781008884,JointRecovery（本文方法，JR；完整框架 STK 迁移）；两种子均值,"JointRecovery (JR, ours); 2-seed mean",PROPOSED_FULL_FRAMEWORK
validation,quality,FullCapacity-seed17,6,JR-DUAL-r006-R12-g0170,False,1,True,1.0,120.0,1304450.278531471,1306008.711622348,1558.4330908770207,0.11947048626732476,5.535257708281279,12.720308147370815,1.0,1.0,0.0,0.0,1.0,0.0,0.0,0.0,7.0,7.0,0.0,1558.4330908770207,1306008.711622348,1287.3493890268728,271.0837018501479,JointRecovery（本文方法，JR；完整框架 STK 迁移）；seed17,"JointRecovery (JR, ours); seed17",PROPOSED_FULL_FRAMEWORK
validation,quality,FullCapacity-seed17,6,JR-DUAL-r006-R12-g0340,False,1,True,1.0,120.0,1205720.942989415,1209107.389922451,3386.4469330359716,0.2808649010143055,4.246580358594656,11.311960220336914,1.0,1.0,0.0,0.0,1.0,0.0,0.0,0.0,8.0,8.0,0.0,3386.4469330359716,1209107.389922451,2613.171825672034,773.2751073639374,JointRecovery（本文方法，JR；完整框架 STK 迁移）；seed17,"JointRecovery (JR, ours); seed17",PROPOSED_FULL_FRAMEWORK
validation,quality,FullCapacity-seed17,6,JR-DUAL-r006-R12-g0680,False,1,True,1.0,120.0,999967.725572712,1001638.68494275,1670.9593700380065,0.1671013301035288,3.9451755061745644,10.88312691450119,1.0,1.0,0.0,0.0,1.0,0.0,0.0,0.0,8.0,8.0,0.0,1670.9593700380065,1001638.68494275,1063.2552378489636,607.7041321890429,JointRecovery（本文方法，JR；完整框架 STK 迁移）；seed17,"JointRecovery (JR, ours); seed17",PROPOSED_FULL_FRAMEWORK
validation,quality,FullCapacity-seed17,6,JR-DUAL-r006-R8-g0170,False,1,True,1.0,120.0,1068781.531731624,1072367.858681995,3586.3269503710326,0.33555285564866744,1.7833855003118515,6.610953398048878,1.0,1.0,0.0,0.0,1.0,0.0,0.0,0.0,7.0,7.0,0.0,3586.3269503710326,1072367.858681995,2239.5680352230556,1346.758915147977,JointRecovery（本文方法，JR；完整框架 STK 迁移）；seed17,"JointRecovery (JR, ours); seed17",PROPOSED_FULL_FRAMEWORK
validation,quality,FullCapacity-seed17,6,JR-DUAL-r006-R8-g0340,False,1,True,1.0,120.0,961943.064988315,965292.936099649,3349.8711113340687,0.3482400604837003,1.689207550138235,6.658030763268471,1.0,1.0,0.0,0.0,1.0,0.0,0.0,0.0,8.0,8.0,0.0,3349.8711113340687,965292.936099649,1742.5684533100575,1607.3026580240112,JointRecovery（本文方法，JR；完整框架 STK 迁移）；seed17,"JointRecovery (JR, ours); seed17",PROPOSED_FULL_FRAMEWORK
validation,quality,FullCapacity-seed17,6,JR-DUAL-r006-R8-g0680,False,1,True,1.0,120.0,729107.718085508,730101.321020449,993.6029349410674,0.1362765624742077,2.1339623406529427,7.455717384815216,1.0,1.0,0.0,0.0,1.0,0.0,0.0,0.0,8.0,8.0,0.0,993.6029349410674,730101.321020449,878.205359572079,115.39757536898833,JointRecovery（本文方法，JR；完整框架 STK 迁移）；seed17,"JointRecovery (JR, ours); seed17",PROPOSED_FULL_FRAMEWORK
validation,quality,FullCapacity-seed17,7,JR-DUAL-r007-R12-g0170,False,1,True,1.0,120.0,1302106.316184301,1303964.561613608,1858.2454293069895,0.14271073000800746,5.866366825997829,13.539461940526962,1.0,1.0,0.0,0.0,1.0,0.0,0.0,0.0,8.0,8.0,0.0,1858.2454293069895,1303964.561613608,1618.7519354501273,239.4934938568622,JointRecovery（本文方法，JR；完整框架 STK 迁移）；seed17,"JointRecovery (JR, ours); seed17",PROPOSED_FULL_FRAMEWORK
validation,quality,FullCapacity-seed17,7,JR-DUAL-r007-R12-g0340,False,1,True,1.0,120.0,1207439.303503353,1209291.095120456,1851.7916171031538,0.1533651929111658,2.694273915141821,8.851328369230032,1.0,1.0,0.0,0.0,1.0,0.0,0.0,0.0,8.0,8.0,0.0,1851.7916171031538,1209291.095120456,1504.5771414551418,347.214475648012,JointRecovery（本文方法，JR；完整框架 STK 迁移）；seed17,"JointRecovery (JR, ours); seed17",PROPOSED_FULL_FRAMEWORK
validation,quality,FullCapacity-seed17,7,JR-DUAL-r007-R12-g0680,False,1,True,1.0,120.0,999133.545150412,1000712.867879014,1579.3227286019828,0.1580692327134535,3.787625476717949,9.583601001650095,1.0,1.0,0.0,0.0,1.0,0.0,0.0,0.0,8.0,8.0,0.0,1579.3227286019828,1000712.867879014,1372.0878697650041,207.23485883697867,JointRecovery（本文方法，JR；完整框架 STK 迁移）；seed17,"JointRecovery (JR, ours); seed17",PROPOSED_FULL_FRAMEWORK
validation,quality,FullCapacity-seed17,7,JR-DUAL-r007-R8-g0170,False,1,True,1.0,120.0,1066610.597948497,1070544.694713603,3934.0967651060782,0.3688409596410219,3.115194085985422,8.263373214751482,1.0,1.0,0.0,0.0,1.0,0.0,0.0,0.0,7.0,7.0,0.0,3934.0967651060782,1070544.694713603,1837.6743708101567,2096.4223942959215,JointRecovery（本文方法，JR；完整框架 STK 迁移）；seed17,"JointRecovery (JR, ours); seed17",PROPOSED_FULL_FRAMEWORK
validation,quality,FullCapacity-seed17,7,JR-DUAL-r007-R8-g0340,False,1,True,1.0,120.0,966406.725024867,970023.510562276,3616.785537409014,0.3742508659918472,3.0535772256553173,7.961404513567686,1.0,1.0,0.0,0.0,1.0,0.0,0.0,0.0,8.0,8.0,0.0,3616.785537409014,970023.510562276,1809.1972531690262,1807.5882842399878,JointRecovery（本文方法，JR；完整框架 STK 迁移）；seed17,"JointRecovery (JR, ours); seed17",PROPOSED_FULL_FRAMEWORK
validation,quality,FullCapacity-seed17,7,JR-DUAL-r007-R8-g0680,False,1,True,1.0,120.0,725213.442492003,727210.716704659,1997.274212656077,0.27540501811342266,1.9811570011079311,6.408239115029573,1.0,1.0,0.0,0.0,1.0,0.0,0.0,0.0,8.0,8.0,0.0,1997.274212656077,727210.716704659,1690.3696648459882,306.90454781008884,JointRecovery（本文方法，JR；完整框架 STK 迁移）；seed17,"JointRecovery (JR, ours); seed17",PROPOSED_FULL_FRAMEWORK
validation,quality,FullCapacity-seed29,6,JR-DUAL-r006-R12-g0170,False,1,True,1.0,120.0,1304450.278531471,1306008.711622348,1558.4330908770207,0.11947048626732476,7.273902278393507,15.189630765467882,1.0,1.0,0.0,0.0,1.0,0.0,0.0,0.0,8.0,8.0,0.0,1558.4330908770207,1306008.711622348,1287.3493890268728,271.0837018501479,JointRecovery（本文方法，JR；完整框架 STK 迁移）；seed29,"JointRecovery (JR, ours); seed29",PROPOSED_FULL_FRAMEWORK
validation,quality,FullCapacity-seed29,6,JR-DUAL-r006-R12-g0340,False,1,True,1.0,120.0,1205720.942989415,1209107.389922451,3386.4469330359716,0.2808649010143055,3.8837432377040386,10.748660773038864,1.0,1.0,0.0,0.0,1.0,0.0,0.0,0.0,8.0,8.0,0.0,3386.4469330359716,1209107.389922451,2613.171825672034,773.2751073639374,JointRecovery（本文方法，JR；完整框架 STK 迁移）；seed29,"JointRecovery (JR, ours); seed29",PROPOSED_FULL_FRAMEWORK
validation,quality,FullCapacity-seed29,6,JR-DUAL-r006-R12-g0680,False,1,True,1.0,120.0,999967.725572712,1001638.68494275,1670.9593700380065,0.1671013301035288,5.93738941475749,12.4574488773942,1.0,1.0,0.0,0.0,1.0,0.0,0.0,0.0,8.0,8.0,0.0,1670.9593700380065,1001638.68494275,1063.2552378489636,607.7041321890429,JointRecovery（本文方法，JR；完整框架 STK 迁移）；seed29,"JointRecovery (JR, ours); seed29",PROPOSED_FULL_FRAMEWORK
validation,quality,FullCapacity-seed29,6,JR-DUAL-r006-R8-g0170,False,1,True,1.0,120.0,1068781.531731624,1072464.19490483,3682.6631732061505,0.3445665053024966,4.158943451941013,9.013853039592505,1.0,1.0,0.0,0.0,1.0,0.0,0.0,0.0,8.0,8.0,0.0,3682.6631732061505,1072464.19490483,2239.5680352230556,1443.095137983095,JointRecovery（本文方法，JR；完整框架 STK 迁移）；seed29,"JointRecovery (JR, ours); seed29",PROPOSED_FULL_FRAMEWORK
validation,quality,FullCapacity-seed29,6,JR-DUAL-r006-R8-g0340,False,1,True,1.0,120.0,961943.064988315,965292.936099649,3349.8711113340687,0.3482400604837003,3.966291829943657,8.266312837600708,1.0,1.0,0.0,0.0,1.0,0.0,0.0,0.0,8.0,8.0,0.0,3349.8711113340687,965292.936099649,1742.5684533100575,1607.3026580240112,JointRecovery（本文方法，JR；完整框架 STK 迁移）；seed29,"JointRecovery (JR, ours); seed29",PROPOSED_FULL_FRAMEWORK
validation,quality,FullCapacity-seed29,6,JR-DUAL-r006-R8-g0680,False,1,True,1.0,120.0,729107.718085508,730850.132038829,1742.4139533210546,0.23897894784275325,4.012603439390659,8.610052797943354,1.0,1.0,0.0,0.0,1.0,0.0,0.0,0.0,8.0,8.0,0.0,1742.4139533210546,730850.132038829,878.205359572079,864.2085937489755,JointRecovery（本文方法，JR；完整框架 STK 迁移）；seed29,"JointRecovery (JR, ours); seed29",PROPOSED_FULL_FRAMEWORK
validation,quality,FullCapacity-seed29,7,JR-DUAL-r007-R12-g0170,False,1,True,1.0,120.0,1302106.316184301,1303964.561613608,1858.2454293069895,0.14271073000800746,7.395543899387121,15.574424616992474,1.0,1.0,0.0,0.0,1.0,0.0,0.0,0.0,8.0,8.0,0.0,1858.2454293069895,1303964.561613608,1618.7519354501273,239.4934938568622,JointRecovery（本文方法，JR；完整框架 STK 迁移）；seed29,"JointRecovery (JR, ours); seed29",PROPOSED_FULL_FRAMEWORK
validation,quality,FullCapacity-seed29,7,JR-DUAL-r007-R12-g0340,False,1,True,1.0,120.0,1207439.303503353,1209291.095120456,1851.7916171031538,0.1533651929111658,5.481094989925623,11.774551540613174,1.0,1.0,0.0,0.0,1.0,0.0,0.0,0.0,8.0,8.0,0.0,1851.7916171031538,1209291.095120456,1504.5771414551418,347.214475648012,JointRecovery（本文方法，JR；完整框架 STK 迁移）；seed29,"JointRecovery (JR, ours); seed29",PROPOSED_FULL_FRAMEWORK
validation,quality,FullCapacity-seed29,7,JR-DUAL-r007-R12-g0680,False,1,True,1.0,120.0,999133.545150412,1000712.867879014,1579.3227286019828,0.1580692327134535,5.162691734731197,12.64752545952797,1.0,1.0,0.0,0.0,1.0,0.0,0.0,0.0,8.0,8.0,0.0,1579.3227286019828,1000712.867879014,1372.0878697650041,207.23485883697867,JointRecovery（本文方法，JR；完整框架 STK 迁移）；seed29,"JointRecovery (JR, ours); seed29",PROPOSED_FULL_FRAMEWORK
validation,quality,FullCapacity-seed29,7,JR-DUAL-r007-R8-g0170,False,1,True,1.0,120.0,1066610.597948497,1070544.694713603,3934.0967651060782,0.3688409596410219,4.1617608070373535,8.872247520834208,1.0,1.0,0.0,0.0,1.0,0.0,0.0,0.0,8.0,8.0,0.0,3934.0967651060782,1070544.694713603,1837.6743708101567,2096.4223942959215,JointRecovery（本文方法，JR；完整框架 STK 迁移）；seed29,"JointRecovery (JR, ours); seed29",PROPOSED_FULL_FRAMEWORK
validation,quality,FullCapacity-seed29,7,JR-DUAL-r007-R8-g0340,False,1,True,1.0,120.0,966406.725024867,970023.510562276,3616.785537409014,0.3742508659918472,3.285505149513483,8.130908612161875,1.0,1.0,0.0,0.0,1.0,0.0,0.0,0.0,8.0,8.0,0.0,3616.785537409014,970023.510562276,1809.1972531690262,1807.5882842399878,JointRecovery（本文方法，JR；完整框架 STK 迁移）；seed29,"JointRecovery (JR, ours); seed29",PROPOSED_FULL_FRAMEWORK
validation,quality,FullCapacity-seed29,7,JR-DUAL-r007-R8-g0680,False,1,True,1.0,120.0,725213.442492003,727210.716704659,1997.274212656077,0.27540501811342266,3.0126997977495193,8.004088271409273,1.0,1.0,0.0,0.0,1.0,0.0,0.0,0.0,8.0,8.0,0.0,1997.274212656077,727210.716704659,1690.3696648459882,306.90454781008884,JointRecovery（本文方法，JR；完整框架 STK 迁移）；seed29,"JointRecovery (JR, ours); seed29",PROPOSED_FULL_FRAMEWORK
validation,quality,FullCheapSummary-mean17/29,6,JR-DUAL-r006-R12-g0170,False,2,True,2.0,120.0,1304450.278531471,1306008.711622348,1558.4330908770207,0.11947048626732476,5.76694156229496,12.222920268774033,1.0,1.0,0.0,0.0,1.0,0.0,0.0,0.0,7.5,7.5,0.0,1558.4330908770207,1306008.711622348,1287.3493890268728,271.0837018501479,JR-CheapSummary（简化表示消融）；两种子均值,JR-CheapSummary; 2-seed mean,SIMPLIFIED_REPRESENTATION_ABLATION
validation,quality,FullCheapSummary-mean17/29,6,JR-DUAL-r006-R12-g0340,False,2,True,2.0,120.0,1205720.942989415,1209107.389922451,3386.4469330359716,0.2808649010143055,4.202748084440827,11.182629652321339,1.0,1.0,0.0,0.0,1.0,0.0,0.0,0.0,8.0,8.0,0.0,3386.4469330359716,1209107.389922451,2613.171825672034,773.2751073639374,JR-CheapSummary（简化表示消融）；两种子均值,JR-CheapSummary; 2-seed mean,SIMPLIFIED_REPRESENTATION_ABLATION
validation,quality,FullCheapSummary-mean17/29,6,JR-DUAL-r006-R12-g0680,False,2,True,2.0,120.0,999967.725572712,1001494.3958110305,1526.6702383185038,0.15267195123163932,4.364342762157321,11.722990814596415,1.0,1.0,0.0,0.0,1.0,0.0,0.0,0.0,8.0,8.0,0.0,1526.6702383185038,1001494.3958110305,1063.2552378489636,463.41500046954025,JR-CheapSummary（简化表示消融）；两种子均值,JR-CheapSummary; 2-seed mean,SIMPLIFIED_REPRESENTATION_ABLATION
validation,quality,FullCheapSummary-mean17/29,6,JR-DUAL-r006-R8-g0170,False,2,True,2.0,120.0,1068781.531731624,1072464.19490483,3682.6631732061505,0.3445665053024966,2.7797350380569696,7.440782776102424,1.0,1.0,0.0,0.0,1.0,0.0,0.0,0.0,7.0,7.0,0.0,3682.6631732061505,1072464.19490483,2239.5680352230556,1443.095137983095,JR-CheapSummary（简化表示消融）；两种子均值,JR-CheapSummary; 2-seed mean,SIMPLIFIED_REPRESENTATION_ABLATION
validation,quality,FullCheapSummary-mean17/29,6,JR-DUAL-r006-R8-g0340,False,2,True,2.0,120.0,961943.064988315,965292.936099649,3349.8711113340687,0.3482400604837003,2.07761200517416,6.936951791867614,1.0,1.0,0.0,0.0,1.0,0.0,0.0,0.0,8.0,8.0,0.0,3349.8711113340687,965292.936099649,1742.5684533100575,1607.3026580240112,JR-CheapSummary（简化表示消融）；两种子均值,JR-CheapSummary; 2-seed mean,SIMPLIFIED_REPRESENTATION_ABLATION
validation,quality,FullCheapSummary-mean17/29,6,JR-DUAL-r006-R8-g0680,False,2,True,2.0,120.0,729107.718085508,730101.321020449,993.6029349410674,0.1362765624742077,2.747803680598736,7.794262444600463,1.0,1.0,0.0,0.0,1.0,0.0,0.0,0.0,8.0,8.0,0.0,993.6029349410674,730101.321020449,878.205359572079,115.39757536898833,JR-CheapSummary（简化表示消融）；两种子均值,JR-CheapSummary; 2-seed mean,SIMPLIFIED_REPRESENTATION_ABLATION
validation,quality,FullCheapSummary-mean17/29,7,JR-DUAL-r007-R12-g0170,False,2,True,2.0,120.0,1302106.316184301,1303964.561613608,1858.2454293069895,0.14271073000800746,5.107390463352203,11.796703649684787,1.0,1.0,0.0,0.0,1.0,0.0,0.0,0.0,8.0,8.0,0.0,1858.2454293069895,1303964.561613608,1618.7519354501273,239.4934938568622,JR-CheapSummary（简化表示消融）；两种子均值,JR-CheapSummary; 2-seed mean,SIMPLIFIED_REPRESENTATION_ABLATION
validation,quality,FullCheapSummary-mean17/29,7,JR-DUAL-r007-R12-g0340,False,2,True,2.0,120.0,1207439.303503353,1209030.448199105,1591.1446957520675,0.1317784414616456,4.712993778288364,11.846344510093331,1.0,1.0,0.0,0.0,1.0,0.0,0.0,0.0,8.0,8.0,0.0,1591.1446957520675,1209030.448199105,1504.5771414551418,86.56755429692566,JR-CheapSummary（简化表示消融）；两种子均值,JR-CheapSummary; 2-seed mean,SIMPLIFIED_REPRESENTATION_ABLATION
validation,quality,FullCheapSummary-mean17/29,7,JR-DUAL-r007-R12-g0680,False,2,True,2.0,120.0,999133.545150412,1000712.867879014,1579.3227286019828,0.1580692327134535,4.933999229222536,11.923835299909115,1.0,1.0,0.0,0.0,1.0,0.0,0.0,0.0,8.0,8.0,0.0,1579.3227286019828,1000712.867879014,1372.0878697650041,207.23485883697867,JR-CheapSummary（简化表示消融）；两种子均值,JR-CheapSummary; 2-seed mean,SIMPLIFIED_REPRESENTATION_ABLATION
validation,quality,FullCheapSummary-mean17/29,7,JR-DUAL-r007-R8-g0170,False,2,True,2.0,120.0,1066610.597948497,1070544.694713603,3934.0967651060782,0.3688409596410219,2.797758163884282,7.589569587260485,1.0,1.0,0.0,0.0,1.0,0.0,0.0,0.0,7.0,7.0,0.0,3934.0967651060782,1070544.694713603,1837.6743708101567,2096.4223942959215,JR-CheapSummary（简化表示消融）；两种子均值,JR-CheapSummary; 2-seed mean,SIMPLIFIED_REPRESENTATION_ABLATION
validation,quality,FullCheapSummary-mean17/29,7,JR-DUAL-r007-R8-g0340,False,2,True,2.0,120.0,966406.725024867,969066.766496347,2660.0414714800427,0.275250720281525,2.9650514721870422,7.563489085063338,1.0,1.0,0.0,0.0,1.0,0.0,0.0,0.0,8.0,8.0,0.0,2660.0414714800427,969066.766496347,1809.1972531690262,850.8442183110164,JR-CheapSummary（简化表示消融）；两种子均值,JR-CheapSummary; 2-seed mean,SIMPLIFIED_REPRESENTATION_ABLATION
validation,quality,FullCheapSummary-mean17/29,7,JR-DUAL-r007-R8-g0680,False,2,True,2.0,120.0,725213.442492003,727210.716704659,1997.274212656077,0.27540501811342266,3.3022943157702684,8.409033693373203,1.0,1.0,0.0,0.0,1.0,0.0,0.0,0.0,8.0,8.0,0.0,1997.274212656077,727210.716704659,1690.3696648459882,306.90454781008884,JR-CheapSummary（简化表示消融）；两种子均值,JR-CheapSummary; 2-seed mean,SIMPLIFIED_REPRESENTATION_ABLATION
validation,quality,FullCheapSummary-seed17,6,JR-DUAL-r006-R12-g0170,False,1,True,1.0,120.0,1304450.278531471,1306008.711622348,1558.4330908770207,0.11947048626732476,5.5547999031841755,11.866025052964687,1.0,1.0,0.0,0.0,1.0,0.0,0.0,0.0,7.0,7.0,0.0,1558.4330908770207,1306008.711622348,1287.3493890268728,271.0837018501479,JR-CheapSummary（简化表示消融）；seed17,JR-CheapSummary; seed17,SIMPLIFIED_REPRESENTATION_ABLATION
validation,quality,FullCheapSummary-seed17,6,JR-DUAL-r006-R12-g0340,False,1,True,1.0,120.0,1205720.942989415,1209107.389922451,3386.4469330359716,0.2808649010143055,4.1660735458135605,11.299347829073668,1.0,1.0,0.0,0.0,1.0,0.0,0.0,0.0,8.0,8.0,0.0,3386.4469330359716,1209107.389922451,2613.171825672034,773.2751073639374,JR-CheapSummary（简化表示消融）；seed17,JR-CheapSummary; seed17,SIMPLIFIED_REPRESENTATION_ABLATION
validation,quality,FullCheapSummary-seed17,6,JR-DUAL-r006-R12-g0680,False,1,True,1.0,120.0,999967.725572712,1001350.106679311,1382.3811065990012,0.13824257235974985,3.9732848331332207,11.402190782129765,1.0,1.0,0.0,0.0,1.0,0.0,0.0,0.0,8.0,8.0,0.0,1382.3811065990012,1001350.106679311,1063.2552378489636,319.1258687500376,JR-CheapSummary（简化表示消融）；seed17,JR-CheapSummary; seed17,SIMPLIFIED_REPRESENTATION_ABLATION
validation,quality,FullCheapSummary-seed17,6,JR-DUAL-r006-R8-g0170,False,1,True,1.0,120.0,1068781.531731624,1072464.19490483,3682.6631732061505,0.3445665053024966,2.806391816586256,7.521732207387686,1.0,1.0,0.0,0.0,1.0,0.0,0.0,0.0,7.0,7.0,0.0,3682.6631732061505,1072464.19490483,2239.5680352230556,1443.095137983095,JR-CheapSummary（简化表示消融）；seed17,JR-CheapSummary; seed17,SIMPLIFIED_REPRESENTATION_ABLATION
validation,quality,FullCheapSummary-seed17,6,JR-DUAL-r006-R8-g0340,False,1,True,1.0,120.0,961943.064988315,965292.936099649,3349.8711113340687,0.3482400604837003,2.6523960642516613,6.654899504035711,1.0,1.0,0.0,0.0,1.0,0.0,0.0,0.0,8.0,8.0,0.0,3349.8711113340687,965292.936099649,1742.5684533100575,1607.3026580240112,JR-CheapSummary（简化表示消融）；seed17,JR-CheapSummary; seed17,SIMPLIFIED_REPRESENTATION_ABLATION
validation,quality,FullCheapSummary-seed17,6,JR-DUAL-r006-R8-g0680,False,1,True,1.0,120.0,729107.718085508,730101.321020449,993.6029349410674,0.1362765624742077,2.698312021791935,7.71811793372035,1.0,1.0,0.0,0.0,1.0,0.0,0.0,0.0,8.0,8.0,0.0,993.6029349410674,730101.321020449,878.205359572079,115.39757536898833,JR-CheapSummary（简化表示消融）；seed17,JR-CheapSummary; seed17,SIMPLIFIED_REPRESENTATION_ABLATION
validation,quality,FullCheapSummary-seed17,7,JR-DUAL-r007-R12-g0170,False,1,True,1.0,120.0,1302106.316184301,1303964.561613608,1858.2454293069895,0.14271073000800746,5.015285819768906,11.667440950870514,1.0,1.0,0.0,0.0,1.0,0.0,0.0,0.0,8.0,8.0,0.0,1858.2454293069895,1303964.561613608,1618.7519354501273,239.4934938568622,JR-CheapSummary（简化表示消融）；seed17,JR-CheapSummary; seed17,SIMPLIFIED_REPRESENTATION_ABLATION
validation,quality,FullCheapSummary-seed17,7,JR-DUAL-r007-R12-g0340,False,1,True,1.0,120.0,1207439.303503353,1209030.448199105,1591.1446957520675,0.1317784414616456,4.246581789106131,11.921264935284853,1.0,1.0,0.0,0.0,1.0,0.0,0.0,0.0,8.0,8.0,0.0,1591.1446957520675,1209030.448199105,1504.5771414551418,86.56755429692566,JR-CheapSummary（简化表示消融）；seed17,JR-CheapSummary; seed17,SIMPLIFIED_REPRESENTATION_ABLATION
validation,quality,FullCheapSummary-seed17,7,JR-DUAL-r007-R12-g0680,False,1,True,1.0,120.0,999133.545150412,1000712.867879014,1579.3227286019828,0.1580692327134535,5.178082477301359,12.545345980674028,1.0,1.0,0.0,0.0,1.0,0.0,0.0,0.0,8.0,8.0,0.0,1579.3227286019828,1000712.867879014,1372.0878697650041,207.23485883697867,JR-CheapSummary（简化表示消融）；seed17,JR-CheapSummary; seed17,SIMPLIFIED_REPRESENTATION_ABLATION
validation,quality,FullCheapSummary-seed17,7,JR-DUAL-r007-R8-g0170,False,1,True,1.0,120.0,1066610.597948497,1070544.694713603,3934.0967651060782,0.3688409596410219,2.7354028634727,7.619421649724245,1.0,1.0,0.0,0.0,1.0,0.0,0.0,0.0,7.0,7.0,0.0,3934.0967651060782,1070544.694713603,1837.6743708101567,2096.4223942959215,JR-CheapSummary（简化表示消融）；seed17,JR-CheapSummary; seed17,SIMPLIFIED_REPRESENTATION_ABLATION
validation,quality,FullCheapSummary-seed17,7,JR-DUAL-r007-R8-g0340,False,1,True,1.0,120.0,966406.725024867,969066.766496347,2660.0414714800427,0.275250720281525,3.0615232698619366,7.211891062557697,1.0,1.0,0.0,0.0,1.0,0.0,0.0,0.0,8.0,8.0,0.0,2660.0414714800427,969066.766496347,1809.1972531690262,850.8442183110164,JR-CheapSummary（简化表示消融）；seed17,JR-CheapSummary; seed17,SIMPLIFIED_REPRESENTATION_ABLATION
validation,quality,FullCheapSummary-seed17,7,JR-DUAL-r007-R8-g0680,False,1,True,1.0,120.0,725213.442492003,727210.716704659,1997.274212656077,0.27540501811342266,3.883491847664118,8.913829274475574,1.0,1.0,0.0,0.0,1.0,0.0,0.0,0.0,8.0,8.0,0.0,1997.274212656077,727210.716704659,1690.3696648459882,306.90454781008884,JR-CheapSummary（简化表示消融）；seed17,JR-CheapSummary; seed17,SIMPLIFIED_REPRESENTATION_ABLATION
validation,quality,FullCheapSummary-seed29,6,JR-DUAL-r006-R12-g0170,False,1,True,1.0,120.0,1304450.278531471,1306008.711622348,1558.4330908770207,0.11947048626732476,5.9790832214057446,12.579815484583378,1.0,1.0,0.0,0.0,1.0,0.0,0.0,0.0,8.0,8.0,0.0,1558.4330908770207,1306008.711622348,1287.3493890268728,271.0837018501479,JR-CheapSummary（简化表示消融）；seed29,JR-CheapSummary; seed29,SIMPLIFIED_REPRESENTATION_ABLATION
validation,quality,FullCheapSummary-seed29,6,JR-DUAL-r006-R12-g0340,False,1,True,1.0,120.0,1205720.942989415,1209107.389922451,3386.4469330359716,0.2808649010143055,4.239422623068094,11.06591147556901,1.0,1.0,0.0,0.0,1.0,0.0,0.0,0.0,8.0,8.0,0.0,3386.4469330359716,1209107.389922451,2613.171825672034,773.2751073639374,JR-CheapSummary（简化表示消融）；seed29,JR-CheapSummary; seed29,SIMPLIFIED_REPRESENTATION_ABLATION
validation,quality,FullCheapSummary-seed29,6,JR-DUAL-r006-R12-g0680,False,1,True,1.0,120.0,999967.725572712,1001638.68494275,1670.9593700380065,0.1671013301035288,4.755400691181421,12.043790847063065,1.0,1.0,0.0,0.0,1.0,0.0,0.0,0.0,8.0,8.0,0.0,1670.9593700380065,1001638.68494275,1063.2552378489636,607.7041321890429,JR-CheapSummary（简化表示消融）；seed29,JR-CheapSummary; seed29,SIMPLIFIED_REPRESENTATION_ABLATION
validation,quality,FullCheapSummary-seed29,6,JR-DUAL-r006-R8-g0170,False,1,True,1.0,120.0,1068781.531731624,1072464.19490483,3682.6631732061505,0.3445665053024966,2.7530782595276833,7.359833344817162,1.0,1.0,0.0,0.0,1.0,0.0,0.0,0.0,7.0,7.0,0.0,3682.6631732061505,1072464.19490483,2239.5680352230556,1443.095137983095,JR-CheapSummary（简化表示消融）；seed29,JR-CheapSummary; seed29,SIMPLIFIED_REPRESENTATION_ABLATION
validation,quality,FullCheapSummary-seed29,6,JR-DUAL-r006-R8-g0340,False,1,True,1.0,120.0,961943.064988315,965292.936099649,3349.8711113340687,0.3482400604837003,1.5028279460966587,7.219004079699516,1.0,1.0,0.0,0.0,1.0,0.0,0.0,0.0,8.0,8.0,0.0,3349.8711113340687,965292.936099649,1742.5684533100575,1607.3026580240112,JR-CheapSummary（简化表示消融）；seed29,JR-CheapSummary; seed29,SIMPLIFIED_REPRESENTATION_ABLATION
validation,quality,FullCheapSummary-seed29,6,JR-DUAL-r006-R8-g0680,False,1,True,1.0,120.0,729107.718085508,730101.321020449,993.6029349410674,0.1362765624742077,2.7972953394055367,7.870406955480576,1.0,1.0,0.0,0.0,1.0,0.0,0.0,0.0,8.0,8.0,0.0,993.6029349410674,730101.321020449,878.205359572079,115.39757536898833,JR-CheapSummary（简化表示消融）；seed29,JR-CheapSummary; seed29,SIMPLIFIED_REPRESENTATION_ABLATION
validation,quality,FullCheapSummary-seed29,7,JR-DUAL-r007-R12-g0170,False,1,True,1.0,120.0,1302106.316184301,1303964.561613608,1858.2454293069895,0.14271073000800746,5.199495106935501,11.92596634849906,1.0,1.0,0.0,0.0,1.0,0.0,0.0,0.0,8.0,8.0,0.0,1858.2454293069895,1303964.561613608,1618.7519354501273,239.4934938568622,JR-CheapSummary（简化表示消融）；seed29,JR-CheapSummary; seed29,SIMPLIFIED_REPRESENTATION_ABLATION
validation,quality,FullCheapSummary-seed29,7,JR-DUAL-r007-R12-g0340,False,1,True,1.0,120.0,1207439.303503353,1209030.448199105,1591.1446957520675,0.1317784414616456,5.179405767470598,11.77142408490181,1.0,1.0,0.0,0.0,1.0,0.0,0.0,0.0,8.0,8.0,0.0,1591.1446957520675,1209030.448199105,1504.5771414551418,86.56755429692566,JR-CheapSummary（简化表示消融）；seed29,JR-CheapSummary; seed29,SIMPLIFIED_REPRESENTATION_ABLATION
validation,quality,FullCheapSummary-seed29,7,JR-DUAL-r007-R12-g0680,False,1,True,1.0,120.0,999133.545150412,1000712.867879014,1579.3227286019828,0.1580692327134535,4.689915981143713,11.302324619144201,1.0,1.0,0.0,0.0,1.0,0.0,0.0,0.0,8.0,8.0,0.0,1579.3227286019828,1000712.867879014,1372.0878697650041,207.23485883697867,JR-CheapSummary（简化表示消融）；seed29,JR-CheapSummary; seed29,SIMPLIFIED_REPRESENTATION_ABLATION
validation,quality,FullCheapSummary-seed29,7,JR-DUAL-r007-R8-g0170,False,1,True,1.0,120.0,1066610.597948497,1070544.694713603,3934.0967651060782,0.3688409596410219,2.860113464295864,7.559717524796724,1.0,1.0,0.0,0.0,1.0,0.0,0.0,0.0,7.0,7.0,0.0,3934.0967651060782,1070544.694713603,1837.6743708101567,2096.4223942959215,JR-CheapSummary（简化表示消融）；seed29,JR-CheapSummary; seed29,SIMPLIFIED_REPRESENTATION_ABLATION
validation,quality,FullCheapSummary-seed29,7,JR-DUAL-r007-R8-g0340,False,1,True,1.0,120.0,966406.725024867,969066.766496347,2660.0414714800427,0.275250720281525,2.868579674512148,7.915087107568979,1.0,1.0,0.0,0.0,1.0,0.0,0.0,0.0,8.0,8.0,0.0,2660.0414714800427,969066.766496347,1809.1972531690262,850.8442183110164,JR-CheapSummary（简化表示消融）；seed29,JR-CheapSummary; seed29,SIMPLIFIED_REPRESENTATION_ABLATION
validation,quality,FullCheapSummary-seed29,7,JR-DUAL-r007-R8-g0680,False,1,True,1.0,120.0,725213.442492003,727210.716704659,1997.274212656077,0.27540501811342266,2.721096783876419,7.904238112270832,1.0,1.0,0.0,0.0,1.0,0.0,0.0,0.0,8.0,8.0,0.0,1997.274212656077,727210.716704659,1690.3696648459882,306.90454781008884,JR-CheapSummary（简化表示消融）；seed29,JR-CheapSummary; seed29,SIMPLIFIED_REPRESENTATION_ABLATION
validation,quality,FullP1,6,JR-DUAL-r006-R12-g0170,False,1,True,1.0,120.0,1304450.278531471,1305737.627920498,1287.3493890268728,0.09868903477686784,1.362230658531189,10.449929375201464,1.0,0.0,0.0,1.0,1.0,0.0,0.0,0.0,0.0,0.0,0.0,1287.3493890268728,1305737.627920498,1287.3493890268728,0.0,Independent-replacement+CHILS（独立替代估计对照）,Independent-replacement+CHILS,INTERNAL_INDEPENDENT_REPLACEMENT_CONTROL
validation,quality,FullP1,6,JR-DUAL-r006-R12-g0340,False,1,True,1.0,120.0,1205720.942989415,1208334.114815087,2613.171825672034,0.2167310637561825,1.155931007117033,7.840136207640171,1.0,0.0,0.0,1.0,1.0,0.0,0.0,0.0,0.0,0.0,0.0,2613.171825672034,1208334.114815087,2613.171825672034,0.0,Independent-replacement+CHILS（独立替代估计对照）,Independent-replacement+CHILS,INTERNAL_INDEPENDENT_REPLACEMENT_CONTROL
validation,quality,FullP1,6,JR-DUAL-r006-R12-g0680,False,1,True,1.0,120.0,999967.725572712,1001030.980810561,1063.2552378489636,0.10632895549103896,4.003669366240501,10.644617218524218,1.0,1.0,0.0,0.0,1.0,0.0,0.0,0.0,8.0,8.0,0.0,1063.2552378489636,1001030.980810561,1063.2552378489636,0.0,Independent-replacement+CHILS（独立替代估计对照）,Independent-replacement+CHILS,INTERNAL_INDEPENDENT_REPLACEMENT_CONTROL
validation,quality,FullP1,6,JR-DUAL-r006-R8-g0170,False,1,True,1.0,120.0,1068781.531731624,1071041.907003789,2260.3752721650526,0.21149086179500373,0.5267695747315884,4.3606340028345585,1.0,1.0,0.0,0.0,1.0,0.0,0.0,0.0,2.0,2.0,0.0,2260.3752721650526,1071041.907003789,2239.5680352230556,20.807236941996962,Independent-replacement+CHILS（独立替代估计对照）,Independent-replacement+CHILS,INTERNAL_INDEPENDENT_REPLACEMENT_CONTROL
validation,quality,FullP1,6,JR-DUAL-r006-R8-g0340,False,1,True,1.0,120.0,961943.064988315,963685.633441625,1742.5684533100575,0.1811508930969033,3.0506321974098682,7.809765502810478,1.0,1.0,0.0,0.0,1.0,0.0,0.0,0.0,8.0,8.0,0.0,1742.5684533100575,963685.633441625,1742.5684533100575,0.0,Independent-replacement+CHILS（独立替代估计对照）,Independent-replacement+CHILS,INTERNAL_INDEPENDENT_REPLACEMENT_CONTROL
validation,quality,FullP1,6,JR-DUAL-r006-R8-g0680,False,1,True,1.0,120.0,729107.718085508,729985.92344508,878.205359572079,0.12044932974760875,3.11773294955492,7.904222320765257,1.0,1.0,0.0,0.0,1.0,0.0,0.0,0.0,8.0,8.0,0.0,878.205359572079,729985.92344508,878.205359572079,0.0,Independent-replacement+CHILS（独立替代估计对照）,Independent-replacement+CHILS,INTERNAL_INDEPENDENT_REPLACEMENT_CONTROL
validation,quality,FullP1,7,JR-DUAL-r007-R12-g0170,False,1,True,1.0,120.0,1302106.316184301,1303964.561613608,1858.2454293069895,0.14271073000800746,2.163534715771675,9.520285110920668,1.0,1.0,0.0,0.0,1.0,0.0,0.0,0.0,7.0,7.0,0.0,1858.2454293069895,1303964.561613608,1618.7519354501273,239.4934938568622,Independent-replacement+CHILS（独立替代估计对照）,Independent-replacement+CHILS,INTERNAL_INDEPENDENT_REPLACEMENT_CONTROL
validation,quality,FullP1,7,JR-DUAL-r007-R12-g0340,False,1,True,1.0,120.0,1207439.303503353,1209030.448199105,1591.1446957520675,0.1317784414616456,1.8558073788881302,8.554055243730545,1.0,1.0,0.0,0.0,1.0,0.0,0.0,0.0,8.0,8.0,0.0,1591.1446957520675,1209030.448199105,1504.5771414551418,86.56755429692566,Independent-replacement+CHILS（独立替代估计对照）,Independent-replacement+CHILS,INTERNAL_INDEPENDENT_REPLACEMENT_CONTROL
validation,quality,FullP1,7,JR-DUAL-r007-R12-g0680,False,1,True,1.0,120.0,999133.545150412,1000505.633020177,1372.0878697650041,0.1373277752933865,2.010022711008787,8.696279395371675,1.0,1.0,0.0,0.0,1.0,0.0,0.0,0.0,8.0,8.0,0.0,1372.0878697650041,1000505.633020177,1372.0878697650041,0.0,Independent-replacement+CHILS（独立替代估计对照）,Independent-replacement+CHILS,INTERNAL_INDEPENDENT_REPLACEMENT_CONTROL
validation,quality,FullP1,7,JR-DUAL-r007-R8-g0170,False,1,True,1.0,120.0,1066610.597948497,1068448.272319307,1837.6743708101567,0.1722910286420098,0.4074926897883415,4.353493131697178,1.0,0.0,0.0,1.0,1.0,0.0,0.0,0.0,0.0,0.0,0.0,1837.6743708101567,1068448.272319307,1837.6743708101567,0.0,Independent-replacement+CHILS（独立替代估计对照）,Independent-replacement+CHILS,INTERNAL_INDEPENDENT_REPLACEMENT_CONTROL
validation,quality,FullP1,7,JR-DUAL-r007-R8-g0340,False,1,True,1.0,120.0,966406.725024867,968215.922278036,1809.1972531690262,0.18720867791172222,1.129759542644024,5.776348397135735,1.0,1.0,0.0,0.0,1.0,0.0,0.0,0.0,8.0,8.0,0.0,1809.1972531690262,968215.922278036,1809.1972531690262,0.0,Independent-replacement+CHILS（独立替代估计对照）,Independent-replacement+CHILS,INTERNAL_INDEPENDENT_REPLACEMENT_CONTROL
validation,quality,FullP1,7,JR-DUAL-r007-R8-g0680,False,1,True,1.0,120.0,725213.442492003,726903.812156849,1690.3696648459882,0.23308581526529384,3.17794007435441,8.212046924978495,1.0,1.0,0.0,0.0,1.0,0.0,0.0,0.0,8.0,8.0,0.0,1690.3696648459882,726903.812156849,1690.3696648459882,0.0,Independent-replacement+CHILS（独立替代估计对照）,Independent-replacement+CHILS,INTERNAL_INDEPENDENT_REPLACEMENT_CONTROL
validation,quality,FullGreedy,6,JR-DUAL-r006-R12-g0170,False,1,True,1.0,120.0,1304450.278531471,1306008.711622348,1558.4330908770207,0.11947048626732476,3.13735593855381,11.243810057640076,1.0,1.0,0.0,0.0,1.0,0.0,0.0,0.0,7.0,7.0,0.0,1558.4330908770207,1306008.711622348,1287.3493890268728,271.0837018501479,Greedy-rank+CHILS（贪心请求排序内部对照）,Greedy-rank+CHILS,INTERNAL_GREEDY_REQUEST_RANKING
validation,quality,FullGreedy,6,JR-DUAL-r006-R12-g0340,False,1,True,1.0,120.0,1205720.942989415,1209107.389922451,3386.4469330359716,0.2808649010143055,3.030007429420948,9.909856427460909,1.0,1.0,0.0,0.0,1.0,0.0,0.0,0.0,8.0,8.0,0.0,3386.4469330359716,1209107.389922451,2613.171825672034,773.2751073639374,Greedy-rank+CHILS（贪心请求排序内部对照）,Greedy-rank+CHILS,INTERNAL_GREEDY_REQUEST_RANKING
validation,quality,FullGreedy,6,JR-DUAL-r006-R12-g0680,False,1,True,1.0,120.0,999967.725572712,1001638.68494275,1670.9593700380065,0.1671013301035288,1.8694985769689083,9.130483478307724,1.0,1.0,0.0,0.0,1.0,0.0,0.0,0.0,8.0,8.0,0.0,1670.9593700380065,1001638.68494275,1063.2552378489636,607.7041321890429,Greedy-rank+CHILS（贪心请求排序内部对照）,Greedy-rank+CHILS,INTERNAL_GREEDY_REQUEST_RANKING
validation,quality,FullGreedy,6,JR-DUAL-r006-R8-g0170,False,1,True,1.0,120.0,1068781.531731624,1072367.858681995,3586.3269503710326,0.33555285564866744,0.7704036422073841,5.559222582727671,1.0,1.0,0.0,0.0,1.0,0.0,0.0,0.0,7.0,7.0,0.0,3586.3269503710326,1072367.858681995,2239.5680352230556,1346.758915147977,Greedy-rank+CHILS（贪心请求排序内部对照）,Greedy-rank+CHILS,INTERNAL_GREEDY_REQUEST_RANKING
validation,quality,FullGreedy,6,JR-DUAL-r006-R8-g0340,False,1,True,1.0,120.0,961943.064988315,965292.936099649,3349.8711113340687,0.3482400604837003,0.7986306101083755,5.754713673144579,1.0,1.0,0.0,0.0,1.0,0.0,0.0,0.0,8.0,8.0,0.0,3349.8711113340687,965292.936099649,1742.5684533100575,1607.3026580240112,Greedy-rank+CHILS（贪心请求排序内部对照）,Greedy-rank+CHILS,INTERNAL_GREEDY_REQUEST_RANKING
validation,quality,FullGreedy,6,JR-DUAL-r006-R8-g0680,False,1,True,1.0,120.0,729107.718085508,730101.321020449,993.6029349410674,0.1362765624742077,1.2047069147229195,5.448071006685495,1.0,1.0,0.0,0.0,1.0,0.0,0.0,0.0,8.0,8.0,0.0,993.6029349410674,730101.321020449,878.205359572079,115.39757536898833,Greedy-rank+CHILS（贪心请求排序内部对照）,Greedy-rank+CHILS,INTERNAL_GREEDY_REQUEST_RANKING
validation,quality,FullGreedy,7,JR-DUAL-r007-R12-g0170,False,1,True,1.0,120.0,1302106.316184301,1303964.561613608,1858.2454293069895,0.14271073000800746,3.1018168702721596,9.612988915294409,1.0,1.0,0.0,0.0,1.0,0.0,0.0,0.0,8.0,8.0,0.0,1858.2454293069895,1303964.561613608,1618.7519354501273,239.4934938568622,Greedy-rank+CHILS（贪心请求排序内部对照）,Greedy-rank+CHILS,INTERNAL_GREEDY_REQUEST_RANKING
validation,quality,FullGreedy,7,JR-DUAL-r007-R12-g0340,False,1,True,1.0,120.0,1207439.303503353,1209291.095120456,1851.7916171031538,0.1533651929111658,1.898159772157669,8.764995660632849,1.0,1.0,0.0,0.0,1.0,0.0,0.0,0.0,8.0,8.0,0.0,1851.7916171031538,1209291.095120456,1504.5771414551418,347.214475648012,Greedy-rank+CHILS（贪心请求排序内部对照）,Greedy-rank+CHILS,INTERNAL_GREEDY_REQUEST_RANKING
validation,quality,FullGreedy,7,JR-DUAL-r007-R12-g0680,False,1,True,1.0,120.0,999133.545150412,1000712.867879014,1579.3227286019828,0.1580692327134535,4.008752450346947,11.342532191425562,1.0,1.0,0.0,0.0,1.0,0.0,0.0,0.0,8.0,8.0,0.0,1579.3227286019828,1000712.867879014,1372.0878697650041,207.23485883697867,Greedy-rank+CHILS（贪心请求排序内部对照）,Greedy-rank+CHILS,INTERNAL_GREEDY_REQUEST_RANKING
validation,quality,FullGreedy,7,JR-DUAL-r007-R8-g0170,False,1,True,1.0,120.0,1066610.597948497,1070544.694713603,3934.0967651060782,0.3688409596410219,0.8960784450173378,5.468458518385887,1.0,1.0,0.0,0.0,1.0,0.0,0.0,0.0,7.0,7.0,0.0,3934.0967651060782,1070544.694713603,1837.6743708101567,2096.4223942959215,Greedy-rank+CHILS（贪心请求排序内部对照）,Greedy-rank+CHILS,INTERNAL_GREEDY_REQUEST_RANKING
validation,quality,FullGreedy,7,JR-DUAL-r007-R8-g0340,False,1,True,1.0,120.0,966406.725024867,970023.510562276,3616.785537409014,0.3742508659918472,0.7694041468203068,5.211625900119543,1.0,1.0,0.0,0.0,1.0,0.0,0.0,0.0,8.0,8.0,0.0,3616.785537409014,970023.510562276,1809.1972531690262,1807.5882842399878,Greedy-rank+CHILS（贪心请求排序内部对照）,Greedy-rank+CHILS,INTERNAL_GREEDY_REQUEST_RANKING
validation,quality,FullGreedy,7,JR-DUAL-r007-R8-g0680,False,1,True,1.0,120.0,725213.442492003,727210.716704659,1997.274212656077,0.27540501811342266,1.012728825211525,6.001080837100744,1.0,1.0,0.0,0.0,1.0,0.0,0.0,0.0,8.0,8.0,0.0,1997.274212656077,727210.716704659,1690.3696648459882,306.90454781008884,Greedy-rank+CHILS（贪心请求排序内部对照）,Greedy-rank+CHILS,INTERNAL_GREEDY_REQUEST_RANKING
validation,quality,CHILS-p1,6,JR-DUAL-r006-R12-g0170,False,1,True,1.0,120.0,1304450.278531471,1372881.057796303,68430.77926483192,5.24594769084416,84.46175988391042,87.78350212797523,1.0,1.0,0.0,0.0,1.0,0.0,0.0,0.0,1.0,0.0,0.0,68430.77926483192,1372881.057796303,0.0,68430.77926483192,CHILS-p1（SEA 2025 公开 MWIS 算法）,CHILS-p1 (SEA 2025),PUBLISHED_MWIS_BASELINE
validation,quality,CHILS-p1,6,JR-DUAL-r006-R12-g0340,False,1,True,1.0,120.0,1205720.942989415,1295623.909351878,89902.96636246308,7.456365992910546,84.36733133345842,87.448141887784,1.0,1.0,0.0,0.0,1.0,0.0,0.0,0.0,1.0,0.0,0.0,89902.96636246308,1295623.909351878,0.0,89902.96636246308,CHILS-p1（SEA 2025 公开 MWIS 算法）,CHILS-p1 (SEA 2025),PUBLISHED_MWIS_BASELINE
validation,quality,CHILS-p1,6,JR-DUAL-r006-R12-g0680,False,1,True,1.0,120.0,999967.725572712,1107796.400271625,107828.674698913,10.783215491995627,84.36764419823885,86.99099088832736,1.0,1.0,0.0,0.0,1.0,0.0,0.0,0.0,1.0,0.0,0.0,107828.674698913,1107796.400271625,0.0,107828.674698913,CHILS-p1（SEA 2025 公开 MWIS 算法）,CHILS-p1 (SEA 2025),PUBLISHED_MWIS_BASELINE
validation,quality,CHILS-p1,6,JR-DUAL-r006-R8-g0170,False,1,True,1.0,120.0,1068781.531731624,1181967.603383007,113186.07165138307,10.590197181644848,84.13993334770203,84.97304417192936,1.0,1.0,0.0,0.0,1.0,0.0,0.0,0.0,1.0,0.0,0.0,113186.07165138307,1181967.603383007,0.0,113186.07165138307,CHILS-p1（SEA 2025 公开 MWIS 算法）,CHILS-p1 (SEA 2025),PUBLISHED_MWIS_BASELINE
validation,quality,CHILS-p1,6,JR-DUAL-r006-R8-g0340,False,1,True,1.0,120.0,961943.064988315,1043675.35946414,81732.29447582504,8.496583368665158,84.13636143505573,85.06635985150933,1.0,1.0,0.0,0.0,1.0,0.0,0.0,0.0,1.0,0.0,0.0,81732.29447582504,1043675.35946414,0.0,81732.29447582504,CHILS-p1（SEA 2025 公开 MWIS 算法）,CHILS-p1 (SEA 2025),PUBLISHED_MWIS_BASELINE
validation,quality,CHILS-p1,6,JR-DUAL-r006-R8-g0680,False,1,True,1.0,120.0,729107.718085508,795022.350320487,65914.63223497907,9.04045185642223,84.18137009814382,85.38472065702081,1.0,1.0,0.0,0.0,1.0,0.0,0.0,0.0,1.0,0.0,0.0,65914.63223497907,795022.350320487,0.0,65914.63223497907,CHILS-p1（SEA 2025 公开 MWIS 算法）,CHILS-p1 (SEA 2025),PUBLISHED_MWIS_BASELINE
validation,quality,CHILS-p1,7,JR-DUAL-r007-R12-g0170,False,1,True,1.0,120.0,1302106.316184301,1373364.25639695,71257.94021264906,5.472513213933536,84.38200419023633,87.44672797247767,1.0,1.0,0.0,0.0,1.0,0.0,0.0,0.0,1.0,0.0,0.0,71257.94021264906,1373364.25639695,0.0,71257.94021264906,CHILS-p1（SEA 2025 公开 MWIS 算法）,CHILS-p1 (SEA 2025),PUBLISHED_MWIS_BASELINE
validation,quality,CHILS-p1,7,JR-DUAL-r007-R12-g0340,False,1,True,1.0,120.0,1207439.303503353,1295576.238074221,88136.93457086803,7.29949193430602,84.36730432882905,87.5699897184968,1.0,1.0,0.0,0.0,1.0,0.0,0.0,0.0,1.0,0.0,0.0,88136.93457086803,1295576.238074221,0.0,88136.93457086803,CHILS-p1（SEA 2025 公开 MWIS 算法）,CHILS-p1 (SEA 2025),PUBLISHED_MWIS_BASELINE
validation,quality,CHILS-p1,7,JR-DUAL-r007-R12-g0680,False,1,True,1.0,120.0,999133.545150412,1107235.566727441,108102.02157702902,10.819576832519928,84.36751627177,87.03881429508328,1.0,1.0,0.0,0.0,1.0,0.0,0.0,0.0,1.0,0.0,0.0,108102.02157702902,1107235.566727441,0.0,108102.02157702902,CHILS-p1（SEA 2025 公开 MWIS 算法）,CHILS-p1 (SEA 2025),PUBLISHED_MWIS_BASELINE
validation,quality,CHILS-p1,7,JR-DUAL-r007-R8-g0170,False,1,True,1.0,120.0,1066610.597948497,1180564.913565347,113954.31561685004,10.683778675744277,84.1276464574039,84.91908857226372,1.0,1.0,0.0,0.0,1.0,0.0,0.0,0.0,1.0,0.0,0.0,113954.31561685004,1180564.913565347,0.0,113954.31561685004,CHILS-p1（SEA 2025 公开 MWIS 算法）,CHILS-p1 (SEA 2025),PUBLISHED_MWIS_BASELINE
validation,quality,CHILS-p1,7,JR-DUAL-r007-R8-g0340,False,1,True,1.0,120.0,966406.725024867,1047461.253481976,81054.528457109,8.38720658271737,84.13235537707806,85.00549666956067,1.0,1.0,0.0,0.0,1.0,0.0,0.0,0.0,1.0,0.0,0.0,81054.528457109,1047461.253481976,0.0,81054.528457109,CHILS-p1（SEA 2025 公开 MWIS 算法）,CHILS-p1 (SEA 2025),PUBLISHED_MWIS_BASELINE
validation,quality,CHILS-p1,7,JR-DUAL-r007-R8-g0680,False,1,True,1.0,120.0,725213.442492003,793536.30390329,68322.86141128698,9.421069358079416,84.17373501509428,85.4205802641809,1.0,1.0,0.0,0.0,1.0,0.0,0.0,0.0,1.0,0.0,0.0,68322.86141128698,793536.30390329,0.0,68322.86141128698,CHILS-p1（SEA 2025 公开 MWIS 算法）,CHILS-p1 (SEA 2025),PUBLISHED_MWIS_BASELINE
validation,quality,HiGHS-MILP,6,JR-DUAL-r006-R12-g0170,False,1,True,1.0,120.0,1304450.278531471,1304450.278531471,0.0,0.0,85.00001890957355,89.43160137534142,1.0,1.0,0.0,0.0,1.0,0.0,0.0,0.0,1.0,0.0,0.0,0.0,1304450.278531471,0.0,0.0,HiGHS-MILP（通用 MILP 软件参照）,HiGHS (generic MILP),GENERIC_MILP_SOFTWARE_REFERENCE
validation,quality,HiGHS-MILP,6,JR-DUAL-r006-R12-g0340,False,1,True,0.0,120.0,1205720.942989415,null,null,null,121.47036596015096,124.67896126583219,0.0,0.0,1.0,0.0,0.0,1.0,0.0,0.0,null,0.0,0.0,0.0,1205720.942989415,0.0,0.0,HiGHS-MILP（通用 MILP 软件参照）,HiGHS (generic MILP),GENERIC_MILP_SOFTWARE_REFERENCE
validation,quality,HiGHS-MILP,6,JR-DUAL-r006-R12-g0680,False,1,True,0.0,120.0,999967.725572712,null,null,null,120.5530358813703,123.60082329064608,0.0,0.0,1.0,0.0,0.0,1.0,0.0,0.0,null,0.0,0.0,0.0,999967.725572712,0.0,0.0,HiGHS-MILP（通用 MILP 软件参照）,HiGHS (generic MILP),GENERIC_MILP_SOFTWARE_REFERENCE
validation,quality,HiGHS-MILP,6,JR-DUAL-r006-R8-g0170,False,1,True,1.0,120.0,1068781.531731624,1068781.531731624,0.0,0.0,89.21055355668068,90.175443071872,1.0,1.0,0.0,0.0,1.0,0.0,0.0,0.0,1.0,0.0,0.0,0.0,1068781.531731624,0.0,0.0,HiGHS-MILP（通用 MILP 软件参照）,HiGHS (generic MILP),GENERIC_MILP_SOFTWARE_REFERENCE
validation,quality,HiGHS-MILP,6,JR-DUAL-r006-R8-g0340,False,1,True,1.0,120.0,961943.064988315,961943.064988315,0.0,0.0,93.50063184648752,94.57196626067162,1.0,1.0,0.0,0.0,1.0,0.0,0.0,0.0,1.0,0.0,0.0,0.0,961943.064988315,0.0,0.0,HiGHS-MILP（通用 MILP 软件参照）,HiGHS (generic MILP),GENERIC_MILP_SOFTWARE_REFERENCE
validation,quality,HiGHS-MILP,6,JR-DUAL-r006-R8-g0680,False,1,True,0.0,120.0,729107.718085508,null,null,null,120.12026316300035,121.7503949739039,0.0,0.0,1.0,0.0,0.0,1.0,0.0,0.0,null,0.0,0.0,0.0,729107.718085508,0.0,0.0,HiGHS-MILP（通用 MILP 软件参照）,HiGHS (generic MILP),GENERIC_MILP_SOFTWARE_REFERENCE
validation,quality,HiGHS-MILP,7,JR-DUAL-r007-R12-g0170,False,1,True,1.0,120.0,1302106.316184301,1302106.316184301,0.0,0.0,90.71195364743471,94.30438101291656,1.0,1.0,0.0,0.0,1.0,0.0,0.0,0.0,1.0,0.0,0.0,0.0,1302106.316184301,0.0,0.0,HiGHS-MILP（通用 MILP 软件参照）,HiGHS (generic MILP),GENERIC_MILP_SOFTWARE_REFERENCE
validation,quality,HiGHS-MILP,7,JR-DUAL-r007-R12-g0340,False,1,True,0.0,120.0,1207439.303503353,null,null,null,120.26050352677703,123.62204103171825,0.0,0.0,1.0,0.0,0.0,1.0,0.0,0.0,null,0.0,0.0,0.0,1207439.303503353,0.0,0.0,HiGHS-MILP（通用 MILP 软件参照）,HiGHS (generic MILP),GENERIC_MILP_SOFTWARE_REFERENCE
validation,quality,HiGHS-MILP,7,JR-DUAL-r007-R12-g0680,False,1,True,0.0,120.0,999133.545150412,null,null,null,122.06969222426414,125.0449037104845,0.0,0.0,1.0,0.0,0.0,1.0,0.0,0.0,null,0.0,0.0,0.0,999133.545150412,0.0,0.0,HiGHS-MILP（通用 MILP 软件参照）,HiGHS (generic MILP),GENERIC_MILP_SOFTWARE_REFERENCE
validation,quality,HiGHS-MILP,7,JR-DUAL-r007-R8-g0170,False,1,True,1.0,120.0,1066610.597948497,1066610.597948497,0.0,0.0,91.883660197258,92.87173130735755,1.0,1.0,0.0,0.0,1.0,0.0,0.0,0.0,1.0,0.0,0.0,0.0,1066610.597948497,0.0,0.0,HiGHS-MILP（通用 MILP 软件参照）,HiGHS (generic MILP),GENERIC_MILP_SOFTWARE_REFERENCE
validation,quality,HiGHS-MILP,7,JR-DUAL-r007-R8-g0340,False,1,True,1.0,120.0,966406.725024867,966406.725024867,0.0,0.0,97.64226320758462,98.72931816056371,1.0,1.0,0.0,0.0,1.0,0.0,0.0,0.0,1.0,0.0,0.0,0.0,966406.725024867,0.0,0.0,HiGHS-MILP（通用 MILP 软件参照）,HiGHS (generic MILP),GENERIC_MILP_SOFTWARE_REFERENCE
validation,quality,HiGHS-MILP,7,JR-DUAL-r007-R8-g0680,False,1,True,1.0,120.0,725213.442492003,725213.442492003,0.0,0.0,84.48474702611566,85.86016054078937,1.0,1.0,0.0,0.0,1.0,0.0,0.0,0.0,1.0,0.0,0.0,0.0,725213.442492003,0.0,0.0,HiGHS-MILP（通用 MILP 软件参照）,HiGHS (generic MILP),GENERIC_MILP_SOFTWARE_REFERENCE
validation,quality,FullCapacity-mean17/29,6,JR-DUAL-r006-R12-g0170,True,2,True,2.0,300.0,1304450.278531471,1306008.711622348,1558.4330908770207,0.11947048626732476,5.9200162924826145,13.167161218822002,1.0,1.0,0.0,0.0,1.0,0.0,0.0,0.0,7.5,7.5,0.0,1558.4330908770207,1306008.711622348,1287.3493890268728,271.0837018501479,JointRecovery（本文方法，JR；完整框架 STK 迁移）；两种子均值,"JointRecovery (JR, ours); 2-seed mean",PROPOSED_FULL_FRAMEWORK
validation,quality,FullCapacity-mean17/29,6,JR-DUAL-r006-R12-g0340,True,2,True,2.0,300.0,1205720.942989415,1209107.389922451,3386.4469330359716,0.2808649010143055,4.288228541612625,11.174960633739829,1.0,1.0,0.0,0.0,1.0,0.0,0.0,0.0,8.0,8.0,0.0,3386.4469330359716,1209107.389922451,2613.171825672034,773.2751073639374,JointRecovery（本文方法，JR；完整框架 STK 迁移）；两种子均值,"JointRecovery (JR, ours); 2-seed mean",PROPOSED_FULL_FRAMEWORK
validation,quality,FullCapacity-mean17/29,6,JR-DUAL-r006-R12-g0680,True,2,True,2.0,300.0,999967.725572712,1001638.68494275,1670.9593700380065,0.1671013301035288,4.165264368057251,10.226541327312589,1.0,1.0,0.0,0.0,1.0,0.0,0.0,0.0,8.0,8.0,0.0,1670.9593700380065,1001638.68494275,1063.2552378489636,607.7041321890429,JointRecovery（本文方法，JR；完整框架 STK 迁移）；两种子均值,"JointRecovery (JR, ours); 2-seed mean",PROPOSED_FULL_FRAMEWORK
validation,quality,FullCapacity-mean17/29,6,JR-DUAL-r006-R8-g0170,True,2,True,2.0,300.0,1068781.531731624,1072416.0267934124,3634.4950617885916,0.340059680475582,2.9389356039464474,7.719868887215853,1.0,1.0,0.0,0.0,1.0,0.0,0.0,0.0,7.5,7.5,0.0,3634.4950617885916,1072416.0267934124,2239.5680352230556,1394.927026565536,JointRecovery（本文方法，JR；完整框架 STK 迁移）；两种子均值,"JointRecovery (JR, ours); 2-seed mean",PROPOSED_FULL_FRAMEWORK
validation,quality,FullCapacity-mean17/29,6,JR-DUAL-r006-R8-g0340,True,2,True,2.0,300.0,961943.064988315,965292.936099649,3349.8711113340687,0.3482400604837003,2.9502921365201473,7.733110696077347,1.0,1.0,0.0,0.0,1.0,0.0,0.0,0.0,8.0,8.0,0.0,3349.8711113340687,965292.936099649,1742.5684533100575,1607.3026580240112,JointRecovery（本文方法，JR；完整框架 STK 迁移）；两种子均值,"JointRecovery (JR, ours); 2-seed mean",PROPOSED_FULL_FRAMEWORK
validation,quality,FullCapacity-mean17/29,6,JR-DUAL-r006-R8-g0680,True,2,True,2.0,300.0,729107.718085508,730475.726529639,1368.008444131061,0.18762775515848046,3.116763161495328,7.8944673258811235,1.0,1.0,0.0,0.0,1.0,0.0,0.0,0.0,8.0,8.0,0.0,1368.008444131061,730475.726529639,878.205359572079,489.80308455898194,JointRecovery（本文方法，JR；完整框架 STK 迁移）；两种子均值,"JointRecovery (JR, ours); 2-seed mean",PROPOSED_FULL_FRAMEWORK
validation,quality,FullCapacity-mean17/29,7,JR-DUAL-r007-R12-g0170,True,2,True,2.0,300.0,1302106.316184301,1303964.561613608,1858.2454293069895,0.14271073000800746,5.327054984867573,12.229023648425937,1.0,1.0,0.0,0.0,1.0,0.0,0.0,0.0,8.0,8.0,0.0,1858.2454293069895,1303964.561613608,1618.7519354501273,239.4934938568622,JointRecovery（本文方法，JR；完整框架 STK 迁移）；两种子均值,"JointRecovery (JR, ours); 2-seed mean",PROPOSED_FULL_FRAMEWORK
validation,quality,FullCapacity-mean17/29,7,JR-DUAL-r007-R12-g0340,True,2,True,2.0,300.0,1207439.303503353,1209291.095120456,1851.7916171031538,0.1533651929111658,4.407545652240515,11.135043125599623,1.0,1.0,0.0,0.0,1.0,0.0,0.0,0.0,8.0,8.0,0.0,1851.7916171031538,1209291.095120456,1504.5771414551418,347.214475648012,JointRecovery（本文方法，JR；完整框架 STK 迁移）；两种子均值,"JointRecovery (JR, ours); 2-seed mean",PROPOSED_FULL_FRAMEWORK
validation,quality,FullCapacity-mean17/29,7,JR-DUAL-r007-R12-g0680,True,2,True,2.0,300.0,999133.545150412,1000712.867879014,1579.3227286019828,0.1580692327134535,4.139361662790179,10.772368902340531,1.0,1.0,0.0,0.0,1.0,0.0,0.0,0.0,8.0,8.0,0.0,1579.3227286019828,1000712.867879014,1372.0878697650041,207.23485883697867,JointRecovery（本文方法，JR；完整框架 STK 迁移）；两种子均值,"JointRecovery (JR, ours); 2-seed mean",PROPOSED_FULL_FRAMEWORK
validation,quality,FullCapacity-mean17/29,7,JR-DUAL-r007-R8-g0170,True,2,True,2.0,300.0,1066610.597948497,1070544.694713603,3934.0967651060782,0.3688409596410219,3.7518831491470337,8.470976440235972,1.0,1.0,0.0,0.0,1.0,0.0,0.0,0.0,7.5,7.5,0.0,3934.0967651060782,1070544.694713603,1837.6743708101567,2096.4223942959215,JointRecovery（本文方法，JR；完整框架 STK 迁移）；两种子均值,"JointRecovery (JR, ours); 2-seed mean",PROPOSED_FULL_FRAMEWORK
validation,quality,FullCapacity-mean17/29,7,JR-DUAL-r007-R8-g0340,True,2,True,2.0,300.0,966406.725024867,970023.510562276,3616.785537409014,0.3742508659918472,3.134445618838072,7.343372231349349,1.0,1.0,0.0,0.0,1.0,0.0,0.0,0.0,8.0,8.0,0.0,3616.785537409014,970023.510562276,1809.1972531690262,1807.5882842399878,JointRecovery（本文方法，JR；完整框架 STK 迁移）；两种子均值,"JointRecovery (JR, ours); 2-seed mean",PROPOSED_FULL_FRAMEWORK
validation,quality,FullCapacity-mean17/29,7,JR-DUAL-r007-R8-g0680,True,2,True,2.0,300.0,725213.442492003,727210.716704659,1997.274212656077,0.27540501811342266,2.5199017841368914,7.103879846632481,1.0,1.0,0.0,0.0,1.0,0.0,0.0,0.0,8.0,8.0,0.0,1997.274212656077,727210.716704659,1690.3696648459882,306.90454781008884,JointRecovery（本文方法，JR；完整框架 STK 迁移）；两种子均值,"JointRecovery (JR, ours); 2-seed mean",PROPOSED_FULL_FRAMEWORK
validation,quality,FullCapacity-seed17,6,JR-DUAL-r006-R12-g0170,True,1,True,1.0,300.0,1304450.278531471,1306008.711622348,1558.4330908770207,0.11947048626732476,5.196338318288326,13.078881490975618,1.0,1.0,0.0,0.0,1.0,0.0,0.0,0.0,7.0,7.0,0.0,1558.4330908770207,1306008.711622348,1287.3493890268728,271.0837018501479,JointRecovery（本文方法，JR；完整框架 STK 迁移）；seed17,"JointRecovery (JR, ours); seed17",PROPOSED_FULL_FRAMEWORK
validation,quality,FullCapacity-seed17,6,JR-DUAL-r006-R12-g0340,True,1,True,1.0,300.0,1205720.942989415,1209107.389922451,3386.4469330359716,0.2808649010143055,4.468109730631113,11.199588801711798,1.0,1.0,0.0,0.0,1.0,0.0,0.0,0.0,8.0,8.0,0.0,3386.4469330359716,1209107.389922451,2613.171825672034,773.2751073639374,JointRecovery（本文方法，JR；完整框架 STK 迁移）；seed17,"JointRecovery (JR, ours); seed17",PROPOSED_FULL_FRAMEWORK
validation,quality,FullCapacity-seed17,6,JR-DUAL-r006-R12-g0680,True,1,True,1.0,300.0,999967.725572712,1001638.68494275,1670.9593700380065,0.1671013301035288,3.6267964132130146,9.671415269374847,1.0,1.0,0.0,0.0,1.0,0.0,0.0,0.0,8.0,8.0,0.0,1670.9593700380065,1001638.68494275,1063.2552378489636,607.7041321890429,JointRecovery（本文方法，JR；完整框架 STK 迁移）；seed17,"JointRecovery (JR, ours); seed17",PROPOSED_FULL_FRAMEWORK
validation,quality,FullCapacity-seed17,6,JR-DUAL-r006-R8-g0170,True,1,True,1.0,300.0,1068781.531731624,1072367.858681995,3586.3269503710326,0.33555285564866744,1.762121319770813,6.717482402920723,1.0,1.0,0.0,0.0,1.0,0.0,0.0,0.0,7.0,7.0,0.0,3586.3269503710326,1072367.858681995,2239.5680352230556,1346.758915147977,JointRecovery（本文方法，JR；完整框架 STK 迁移）；seed17,"JointRecovery (JR, ours); seed17",PROPOSED_FULL_FRAMEWORK
validation,quality,FullCapacity-seed17,6,JR-DUAL-r006-R8-g0340,True,1,True,1.0,300.0,961943.064988315,965292.936099649,3349.8711113340687,0.3482400604837003,1.7313360907137394,6.355061132460833,1.0,1.0,0.0,0.0,1.0,0.0,0.0,0.0,8.0,8.0,0.0,3349.8711113340687,965292.936099649,1742.5684533100575,1607.3026580240112,JointRecovery（本文方法，JR；完整框架 STK 迁移）；seed17,"JointRecovery (JR, ours); seed17",PROPOSED_FULL_FRAMEWORK
validation,quality,FullCapacity-seed17,6,JR-DUAL-r006-R8-g0680,True,1,True,1.0,300.0,729107.718085508,730101.321020449,993.6029349410674,0.1362765624742077,2.1460420675575733,7.068095479160547,1.0,1.0,0.0,0.0,1.0,0.0,0.0,0.0,8.0,8.0,0.0,993.6029349410674,730101.321020449,878.205359572079,115.39757536898833,JointRecovery（本文方法，JR；完整框架 STK 迁移）；seed17,"JointRecovery (JR, ours); seed17",PROPOSED_FULL_FRAMEWORK
validation,quality,FullCapacity-seed17,7,JR-DUAL-r007-R12-g0170,True,1,True,1.0,300.0,1302106.316184301,1303964.561613608,1858.2454293069895,0.14271073000800746,4.934528153389692,12.33435945212841,1.0,1.0,0.0,0.0,1.0,0.0,0.0,0.0,8.0,8.0,0.0,1858.2454293069895,1303964.561613608,1618.7519354501273,239.4934938568622,JointRecovery（本文方法，JR；完整框架 STK 迁移）；seed17,"JointRecovery (JR, ours); seed17",PROPOSED_FULL_FRAMEWORK
validation,quality,FullCapacity-seed17,7,JR-DUAL-r007-R12-g0340,True,1,True,1.0,300.0,1207439.303503353,1209291.095120456,1851.7916171031538,0.1533651929111658,2.7034408524632454,9.499287251383066,1.0,1.0,0.0,0.0,1.0,0.0,0.0,0.0,8.0,8.0,0.0,1851.7916171031538,1209291.095120456,1504.5771414551418,347.214475648012,JointRecovery（本文方法，JR；完整框架 STK 迁移）；seed17,"JointRecovery (JR, ours); seed17",PROPOSED_FULL_FRAMEWORK
validation,quality,FullCapacity-seed17,7,JR-DUAL-r007-R12-g0680,True,1,True,1.0,300.0,999133.545150412,1000712.867879014,1579.3227286019828,0.1580692327134535,3.4860769733786583,9.520307037979364,1.0,1.0,0.0,0.0,1.0,0.0,0.0,0.0,8.0,8.0,0.0,1579.3227286019828,1000712.867879014,1372.0878697650041,207.23485883697867,JointRecovery（本文方法，JR；完整框架 STK 迁移）；seed17,"JointRecovery (JR, ours); seed17",PROPOSED_FULL_FRAMEWORK
validation,quality,FullCapacity-seed17,7,JR-DUAL-r007-R8-g0170,True,1,True,1.0,300.0,1066610.597948497,1070544.694713603,3934.0967651060782,0.3688409596410219,3.3008505068719387,8.27074420824647,1.0,1.0,0.0,0.0,1.0,0.0,0.0,0.0,7.0,7.0,0.0,3934.0967651060782,1070544.694713603,1837.6743708101567,2096.4223942959215,JointRecovery（本文方法，JR；完整框架 STK 迁移）；seed17,"JointRecovery (JR, ours); seed17",PROPOSED_FULL_FRAMEWORK
validation,quality,FullCapacity-seed17,7,JR-DUAL-r007-R8-g0340,True,1,True,1.0,300.0,966406.725024867,970023.510562276,3616.785537409014,0.3742508659918472,3.058293715119362,7.370149552822113,1.0,1.0,0.0,0.0,1.0,0.0,0.0,0.0,8.0,8.0,0.0,3616.785537409014,970023.510562276,1809.1972531690262,1807.5882842399878,JointRecovery（本文方法，JR；完整框架 STK 迁移）；seed17,"JointRecovery (JR, ours); seed17",PROPOSED_FULL_FRAMEWORK
validation,quality,FullCapacity-seed17,7,JR-DUAL-r007-R8-g0680,True,1,True,1.0,300.0,725213.442492003,727210.716704659,1997.274212656077,0.27540501811342266,2.0054507553577423,6.502627141773701,1.0,1.0,0.0,0.0,1.0,0.0,0.0,0.0,8.0,8.0,0.0,1997.274212656077,727210.716704659,1690.3696648459882,306.90454781008884,JointRecovery（本文方法，JR；完整框架 STK 迁移）；seed17,"JointRecovery (JR, ours); seed17",PROPOSED_FULL_FRAMEWORK
validation,quality,FullCapacity-seed29,6,JR-DUAL-r006-R12-g0170,True,1,True,1.0,300.0,1304450.278531471,1306008.711622348,1558.4330908770207,0.11947048626732476,6.643694266676903,13.255440946668386,1.0,1.0,0.0,0.0,1.0,0.0,0.0,0.0,8.0,8.0,0.0,1558.4330908770207,1306008.711622348,1287.3493890268728,271.0837018501479,JointRecovery（本文方法，JR；完整框架 STK 迁移）；seed29,"JointRecovery (JR, ours); seed29",PROPOSED_FULL_FRAMEWORK
validation,quality,FullCapacity-seed29,6,JR-DUAL-r006-R12-g0340,True,1,True,1.0,300.0,1205720.942989415,1209107.389922451,3386.4469330359716,0.2808649010143055,4.108347352594137,11.15033246576786,1.0,1.0,0.0,0.0,1.0,0.0,0.0,0.0,8.0,8.0,0.0,3386.4469330359716,1209107.389922451,2613.171825672034,773.2751073639374,JointRecovery（本文方法，JR；完整框架 STK 迁移）；seed29,"JointRecovery (JR, ours); seed29",PROPOSED_FULL_FRAMEWORK
validation,quality,FullCapacity-seed29,6,JR-DUAL-r006-R12-g0680,True,1,True,1.0,300.0,999967.725572712,1001638.68494275,1670.9593700380065,0.1671013301035288,4.703732322901487,10.78166738525033,1.0,1.0,0.0,0.0,1.0,0.0,0.0,0.0,8.0,8.0,0.0,1670.9593700380065,1001638.68494275,1063.2552378489636,607.7041321890429,JointRecovery（本文方法，JR；完整框架 STK 迁移）；seed29,"JointRecovery (JR, ours); seed29",PROPOSED_FULL_FRAMEWORK
validation,quality,FullCapacity-seed29,6,JR-DUAL-r006-R8-g0170,True,1,True,1.0,300.0,1068781.531731624,1072464.19490483,3682.6631732061505,0.3445665053024966,4.115749888122082,8.722255371510983,1.0,1.0,0.0,0.0,1.0,0.0,0.0,0.0,8.0,8.0,0.0,3682.6631732061505,1072464.19490483,2239.5680352230556,1443.095137983095,JointRecovery（本文方法，JR；完整框架 STK 迁移）；seed29,"JointRecovery (JR, ours); seed29",PROPOSED_FULL_FRAMEWORK
validation,quality,FullCapacity-seed29,6,JR-DUAL-r006-R8-g0340,True,1,True,1.0,300.0,961943.064988315,965292.936099649,3349.8711113340687,0.3482400604837003,4.169248182326555,9.111160259693861,1.0,1.0,0.0,0.0,1.0,0.0,0.0,0.0,8.0,8.0,0.0,3349.8711113340687,965292.936099649,1742.5684533100575,1607.3026580240112,JointRecovery（本文方法，JR；完整框架 STK 迁移）；seed29,"JointRecovery (JR, ours); seed29",PROPOSED_FULL_FRAMEWORK
validation,quality,FullCapacity-seed29,6,JR-DUAL-r006-R8-g0680,True,1,True,1.0,300.0,729107.718085508,730850.132038829,1742.4139533210546,0.23897894784275325,4.087484255433083,8.7208391726017,1.0,1.0,0.0,0.0,1.0,0.0,0.0,0.0,8.0,8.0,0.0,1742.4139533210546,730850.132038829,878.205359572079,864.2085937489755,JointRecovery（本文方法，JR；完整框架 STK 迁移）；seed29,"JointRecovery (JR, ours); seed29",PROPOSED_FULL_FRAMEWORK
validation,quality,FullCapacity-seed29,7,JR-DUAL-r007-R12-g0170,True,1,True,1.0,300.0,1302106.316184301,1303964.561613608,1858.2454293069895,0.14271073000800746,5.719581816345453,12.123687844723463,1.0,1.0,0.0,0.0,1.0,0.0,0.0,0.0,8.0,8.0,0.0,1858.2454293069895,1303964.561613608,1618.7519354501273,239.4934938568622,JointRecovery（本文方法，JR；完整框架 STK 迁移）；seed29,"JointRecovery (JR, ours); seed29",PROPOSED_FULL_FRAMEWORK
validation,quality,FullCapacity-seed29,7,JR-DUAL-r007-R12-g0340,True,1,True,1.0,300.0,1207439.303503353,1209291.095120456,1851.7916171031538,0.1533651929111658,6.111650452017784,12.77079899981618,1.0,1.0,0.0,0.0,1.0,0.0,0.0,0.0,8.0,8.0,0.0,1851.7916171031538,1209291.095120456,1504.5771414551418,347.214475648012,JointRecovery（本文方法，JR；完整框架 STK 迁移）；seed29,"JointRecovery (JR, ours); seed29",PROPOSED_FULL_FRAMEWORK
validation,quality,FullCapacity-seed29,7,JR-DUAL-r007-R12-g0680,True,1,True,1.0,300.0,999133.545150412,1000712.867879014,1579.3227286019828,0.1580692327134535,4.7926463522017,12.024430766701698,1.0,1.0,0.0,0.0,1.0,0.0,0.0,0.0,8.0,8.0,0.0,1579.3227286019828,1000712.867879014,1372.0878697650041,207.23485883697867,JointRecovery（本文方法，JR；完整框架 STK 迁移）；seed29,"JointRecovery (JR, ours); seed29",PROPOSED_FULL_FRAMEWORK
validation,quality,FullCapacity-seed29,7,JR-DUAL-r007-R8-g0170,True,1,True,1.0,300.0,1066610.597948497,1070544.694713603,3934.0967651060782,0.3688409596410219,4.202915791422129,8.671208672225475,1.0,1.0,0.0,0.0,1.0,0.0,0.0,0.0,8.0,8.0,0.0,3934.0967651060782,1070544.694713603,1837.6743708101567,2096.4223942959215,JointRecovery（本文方法，JR；完整框架 STK 迁移）；seed29,"JointRecovery (JR, ours); seed29",PROPOSED_FULL_FRAMEWORK
validation,quality,FullCapacity-seed29,7,JR-DUAL-r007-R8-g0340,True,1,True,1.0,300.0,966406.725024867,970023.510562276,3616.785537409014,0.3742508659918472,3.2105975225567818,7.316594909876585,1.0,1.0,0.0,0.0,1.0,0.0,0.0,0.0,8.0,8.0,0.0,3616.785537409014,970023.510562276,1809.1972531690262,1807.5882842399878,JointRecovery（本文方法，JR；完整框架 STK 迁移）；seed29,"JointRecovery (JR, ours); seed29",PROPOSED_FULL_FRAMEWORK
validation,quality,FullCapacity-seed29,7,JR-DUAL-r007-R8-g0680,True,1,True,1.0,300.0,725213.442492003,727210.716704659,1997.274212656077,0.27540501811342266,3.0343528129160404,7.7051325514912605,1.0,1.0,0.0,0.0,1.0,0.0,0.0,0.0,8.0,8.0,0.0,1997.274212656077,727210.716704659,1690.3696648459882,306.90454781008884,JointRecovery（本文方法，JR；完整框架 STK 迁移）；seed29,"JointRecovery (JR, ours); seed29",PROPOSED_FULL_FRAMEWORK
validation,quality,FullCheapSummary-mean17/29,6,JR-DUAL-r006-R12-g0170,True,2,True,2.0,300.0,1304450.278531471,1306008.711622348,1558.4330908770207,0.11947048626732476,5.594878721982241,13.077072657644749,1.0,1.0,0.0,0.0,1.0,0.0,0.0,0.0,7.5,7.5,0.0,1558.4330908770207,1306008.711622348,1287.3493890268728,271.0837018501479,JR-CheapSummary（简化表示消融）；两种子均值,JR-CheapSummary; 2-seed mean,SIMPLIFIED_REPRESENTATION_ABLATION
validation,quality,FullCheapSummary-mean17/29,6,JR-DUAL-r006-R12-g0340,True,2,True,2.0,300.0,1205720.942989415,1209107.389922451,3386.4469330359716,0.2808649010143055,4.63969337195158,11.573148593306541,1.0,1.0,0.0,0.0,1.0,0.0,0.0,0.0,8.0,8.0,0.0,3386.4469330359716,1209107.389922451,2613.171825672034,773.2751073639374,JR-CheapSummary（简化表示消融）；两种子均值,JR-CheapSummary; 2-seed mean,SIMPLIFIED_REPRESENTATION_ABLATION
validation,quality,FullCheapSummary-mean17/29,6,JR-DUAL-r006-R12-g0680,True,2,True,2.0,300.0,999967.725572712,1001494.3958110305,1526.6702383185038,0.15267195123163932,3.4814720563590527,8.847143273800611,1.0,1.0,0.0,0.0,1.0,0.0,0.0,0.0,8.0,8.0,0.0,1526.6702383185038,1001494.3958110305,1063.2552378489636,463.41500046954025,JR-CheapSummary（简化表示消融）；两种子均值,JR-CheapSummary; 2-seed mean,SIMPLIFIED_REPRESENTATION_ABLATION
validation,quality,FullCheapSummary-mean17/29,6,JR-DUAL-r006-R8-g0170,True,2,True,2.0,300.0,1068781.531731624,1072464.19490483,3682.6631732061505,0.3445665053024966,2.818329183384776,7.61890016682446,1.0,1.0,0.0,0.0,1.0,0.0,0.0,0.0,7.0,7.0,0.0,3682.6631732061505,1072464.19490483,2239.5680352230556,1443.095137983095,JR-CheapSummary（简化表示消融）；两种子均值,JR-CheapSummary; 2-seed mean,SIMPLIFIED_REPRESENTATION_ABLATION
validation,quality,FullCheapSummary-mean17/29,6,JR-DUAL-r006-R8-g0340,True,2,True,2.0,300.0,961943.064988315,965292.936099649,3349.8711113340687,0.3482400604837003,2.1635445076972246,6.665780536830425,1.0,1.0,0.0,0.0,1.0,0.0,0.0,0.0,8.0,8.0,0.0,3349.8711113340687,965292.936099649,1742.5684533100575,1607.3026580240112,JR-CheapSummary（简化表示消融）；两种子均值,JR-CheapSummary; 2-seed mean,SIMPLIFIED_REPRESENTATION_ABLATION
validation,quality,FullCheapSummary-mean17/29,6,JR-DUAL-r006-R8-g0680,True,2,True,2.0,300.0,729107.718085508,730101.321020449,993.6029349410674,0.1362765624742077,2.697928147390485,7.284898925572634,1.0,1.0,0.0,0.0,1.0,0.0,0.0,0.0,8.0,8.0,0.0,993.6029349410674,730101.321020449,878.205359572079,115.39757536898833,JR-CheapSummary（简化表示消融）；两种子均值,JR-CheapSummary; 2-seed mean,SIMPLIFIED_REPRESENTATION_ABLATION
validation,quality,FullCheapSummary-mean17/29,7,JR-DUAL-r007-R12-g0170,True,2,True,2.0,300.0,1302106.316184301,1303964.561613608,1858.2454293069895,0.14271073000800746,4.855072099715471,12.021191194653511,1.0,1.0,0.0,0.0,1.0,0.0,0.0,0.0,8.0,8.0,0.0,1858.2454293069895,1303964.561613608,1618.7519354501273,239.4934938568622,JR-CheapSummary（简化表示消融）；两种子均值,JR-CheapSummary; 2-seed mean,SIMPLIFIED_REPRESENTATION_ABLATION
validation,quality,FullCheapSummary-mean17/29,7,JR-DUAL-r007-R12-g0340,True,2,True,2.0,300.0,1207439.303503353,1209030.448199105,1591.1446957520675,0.1317784414616456,5.095076967030764,12.827941294759512,1.0,1.0,0.0,0.0,1.0,0.0,0.0,0.0,8.0,8.0,0.0,1591.1446957520675,1209030.448199105,1504.5771414551418,86.56755429692566,JR-CheapSummary（简化表示消融）；两种子均值,JR-CheapSummary; 2-seed mean,SIMPLIFIED_REPRESENTATION_ABLATION
validation,quality,FullCheapSummary-mean17/29,7,JR-DUAL-r007-R12-g0680,True,2,True,2.0,300.0,999133.545150412,1000712.867879014,1579.3227286019828,0.1580692327134535,4.299225987866521,10.384519800543785,1.0,1.0,0.0,0.0,1.0,0.0,0.0,0.0,8.0,8.0,0.0,1579.3227286019828,1000712.867879014,1372.0878697650041,207.23485883697867,JR-CheapSummary（简化表示消融）；两种子均值,JR-CheapSummary; 2-seed mean,SIMPLIFIED_REPRESENTATION_ABLATION
validation,quality,FullCheapSummary-mean17/29,7,JR-DUAL-r007-R8-g0170,True,2,True,2.0,300.0,1066610.597948497,1070544.694713603,3934.0967651060782,0.3688409596410219,2.8614957835525274,7.2432749923318624,1.0,1.0,0.0,0.0,1.0,0.0,0.0,0.0,7.0,7.0,0.0,3934.0967651060782,1070544.694713603,1837.6743708101567,2096.4223942959215,JR-CheapSummary（简化表示消融）；两种子均值,JR-CheapSummary; 2-seed mean,SIMPLIFIED_REPRESENTATION_ABLATION
validation,quality,FullCheapSummary-mean17/29,7,JR-DUAL-r007-R8-g0340,True,2,True,2.0,300.0,966406.725024867,969066.766496347,2660.0414714800427,0.275250720281525,2.988874077796936,7.593730287626386,1.0,1.0,0.0,0.0,1.0,0.0,0.0,0.0,8.0,8.0,0.0,2660.0414714800427,969066.766496347,1809.1972531690262,850.8442183110164,JR-CheapSummary（简化表示消融）；两种子均值,JR-CheapSummary; 2-seed mean,SIMPLIFIED_REPRESENTATION_ABLATION
validation,quality,FullCheapSummary-mean17/29,7,JR-DUAL-r007-R8-g0680,True,2,True,2.0,300.0,725213.442492003,727210.716704659,1997.274212656077,0.27540501811342266,3.549045132473111,8.412154039368033,1.0,1.0,0.0,0.0,1.0,0.0,0.0,0.0,8.0,8.0,0.0,1997.274212656077,727210.716704659,1690.3696648459882,306.90454781008884,JR-CheapSummary（简化表示消融）；两种子均值,JR-CheapSummary; 2-seed mean,SIMPLIFIED_REPRESENTATION_ABLATION
validation,quality,FullCheapSummary-seed17,6,JR-DUAL-r006-R12-g0170,True,1,True,1.0,300.0,1304450.278531471,1306008.711622348,1558.4330908770207,0.11947048626732476,5.347520440816879,12.941348399966955,1.0,1.0,0.0,0.0,1.0,0.0,0.0,0.0,7.0,7.0,0.0,1558.4330908770207,1306008.711622348,1287.3493890268728,271.0837018501479,JR-CheapSummary（简化表示消融）；seed17,JR-CheapSummary; seed17,SIMPLIFIED_REPRESENTATION_ABLATION
validation,quality,FullCheapSummary-seed17,6,JR-DUAL-r006-R12-g0340,True,1,True,1.0,300.0,1205720.942989415,1209107.389922451,3386.4469330359716,0.2808649010143055,5.414105903357267,12.727682333439589,1.0,1.0,0.0,0.0,1.0,0.0,0.0,0.0,8.0,8.0,0.0,3386.4469330359716,1209107.389922451,2613.171825672034,773.2751073639374,JR-CheapSummary（简化表示消融）；seed17,JR-CheapSummary; seed17,SIMPLIFIED_REPRESENTATION_ABLATION
validation,quality,FullCheapSummary-seed17,6,JR-DUAL-r006-R12-g0680,True,1,True,1.0,300.0,999967.725572712,1001350.106679311,1382.3811065990012,0.13824257235974985,3.6426441110670567,9.07414086163044,1.0,1.0,0.0,0.0,1.0,0.0,0.0,0.0,8.0,8.0,0.0,1382.3811065990012,1001350.106679311,1063.2552378489636,319.1258687500376,JR-CheapSummary（简化表示消融）；seed17,JR-CheapSummary; seed17,SIMPLIFIED_REPRESENTATION_ABLATION
validation,quality,FullCheapSummary-seed17,6,JR-DUAL-r006-R8-g0170,True,1,True,1.0,300.0,1068781.531731624,1072464.19490483,3682.6631732061505,0.3445665053024966,2.8407971933484077,7.75994286313653,1.0,1.0,0.0,0.0,1.0,0.0,0.0,0.0,7.0,7.0,0.0,3682.6631732061505,1072464.19490483,2239.5680352230556,1443.095137983095,JR-CheapSummary（简化表示消融）；seed17,JR-CheapSummary; seed17,SIMPLIFIED_REPRESENTATION_ABLATION
validation,quality,FullCheapSummary-seed17,6,JR-DUAL-r006-R8-g0340,True,1,True,1.0,300.0,961943.064988315,965292.936099649,3349.8711113340687,0.3482400604837003,2.8317776247859,7.07599088922143,1.0,1.0,0.0,0.0,1.0,0.0,0.0,0.0,8.0,8.0,0.0,3349.8711113340687,965292.936099649,1742.5684533100575,1607.3026580240112,JR-CheapSummary（简化表示消融）；seed17,JR-CheapSummary; seed17,SIMPLIFIED_REPRESENTATION_ABLATION
validation,quality,FullCheapSummary-seed17,6,JR-DUAL-r006-R8-g0680,True,1,True,1.0,300.0,729107.718085508,730101.321020449,993.6029349410674,0.1362765624742077,2.684291560202837,7.353991474956274,1.0,1.0,0.0,0.0,1.0,0.0,0.0,0.0,8.0,8.0,0.0,993.6029349410674,730101.321020449,878.205359572079,115.39757536898833,JR-CheapSummary（简化表示消融）；seed17,JR-CheapSummary; seed17,SIMPLIFIED_REPRESENTATION_ABLATION
validation,quality,FullCheapSummary-seed17,7,JR-DUAL-r007-R12-g0170,True,1,True,1.0,300.0,1302106.316184301,1303964.561613608,1858.2454293069895,0.14271073000800746,4.581533666700125,12.027141686528921,1.0,1.0,0.0,0.0,1.0,0.0,0.0,0.0,8.0,8.0,0.0,1858.2454293069895,1303964.561613608,1618.7519354501273,239.4934938568622,JR-CheapSummary（简化表示消融）；seed17,JR-CheapSummary; seed17,SIMPLIFIED_REPRESENTATION_ABLATION
validation,quality,FullCheapSummary-seed17,7,JR-DUAL-r007-R12-g0340,True,1,True,1.0,300.0,1207439.303503353,1209030.448199105,1591.1446957520675,0.1317784414616456,4.525332786142826,11.427336230874062,1.0,1.0,0.0,0.0,1.0,0.0,0.0,0.0,8.0,8.0,0.0,1591.1446957520675,1209030.448199105,1504.5771414551418,86.56755429692566,JR-CheapSummary（简化表示消融）；seed17,JR-CheapSummary; seed17,SIMPLIFIED_REPRESENTATION_ABLATION
validation,quality,FullCheapSummary-seed17,7,JR-DUAL-r007-R12-g0680,True,1,True,1.0,300.0,999133.545150412,1000712.867879014,1579.3227286019828,0.1580692327134535,4.900338303297758,11.126219689846039,1.0,1.0,0.0,0.0,1.0,0.0,0.0,0.0,8.0,8.0,0.0,1579.3227286019828,1000712.867879014,1372.0878697650041,207.23485883697867,JR-CheapSummary（简化表示消融）；seed17,JR-CheapSummary; seed17,SIMPLIFIED_REPRESENTATION_ABLATION
validation,quality,FullCheapSummary-seed17,7,JR-DUAL-r007-R8-g0170,True,1,True,1.0,300.0,1066610.597948497,1070544.694713603,3934.0967651060782,0.3688409596410219,2.8626318089663982,7.266293033957481,1.0,1.0,0.0,0.0,1.0,0.0,0.0,0.0,7.0,7.0,0.0,3934.0967651060782,1070544.694713603,1837.6743708101567,2096.4223942959215,JR-CheapSummary（简化表示消融）；seed17,JR-CheapSummary; seed17,SIMPLIFIED_REPRESENTATION_ABLATION
validation,quality,FullCheapSummary-seed17,7,JR-DUAL-r007-R8-g0340,True,1,True,1.0,300.0,966406.725024867,969066.766496347,2660.0414714800427,0.275250720281525,2.9490298740565777,7.820207830518484,1.0,1.0,0.0,0.0,1.0,0.0,0.0,0.0,8.0,8.0,0.0,2660.0414714800427,969066.766496347,1809.1972531690262,850.8442183110164,JR-CheapSummary（简化表示消融）；seed17,JR-CheapSummary; seed17,SIMPLIFIED_REPRESENTATION_ABLATION
validation,quality,FullCheapSummary-seed17,7,JR-DUAL-r007-R8-g0680,True,1,True,1.0,300.0,725213.442492003,727210.716704659,1997.274212656077,0.27540501811342266,4.1726415902376175,8.609835777431726,1.0,1.0,0.0,0.0,1.0,0.0,0.0,0.0,8.0,8.0,0.0,1997.274212656077,727210.716704659,1690.3696648459882,306.90454781008884,JR-CheapSummary（简化表示消融）；seed17,JR-CheapSummary; seed17,SIMPLIFIED_REPRESENTATION_ABLATION
validation,quality,FullCheapSummary-seed29,6,JR-DUAL-r006-R12-g0170,True,1,True,1.0,300.0,1304450.278531471,1306008.711622348,1558.4330908770207,0.11947048626732476,5.842237003147602,13.212796915322542,1.0,1.0,0.0,0.0,1.0,0.0,0.0,0.0,8.0,8.0,0.0,1558.4330908770207,1306008.711622348,1287.3493890268728,271.0837018501479,JR-CheapSummary（简化表示消融）；seed29,JR-CheapSummary; seed29,SIMPLIFIED_REPRESENTATION_ABLATION
validation,quality,FullCheapSummary-seed29,6,JR-DUAL-r006-R12-g0340,True,1,True,1.0,300.0,1205720.942989415,1209107.389922451,3386.4469330359716,0.2808649010143055,3.8652808405458927,10.418614853173494,1.0,1.0,0.0,0.0,1.0,0.0,0.0,0.0,8.0,8.0,0.0,3386.4469330359716,1209107.389922451,2613.171825672034,773.2751073639374,JR-CheapSummary（简化表示消融）；seed29,JR-CheapSummary; seed29,SIMPLIFIED_REPRESENTATION_ABLATION
validation,quality,FullCheapSummary-seed29,6,JR-DUAL-r006-R12-g0680,True,1,True,1.0,300.0,999967.725572712,1001638.68494275,1670.9593700380065,0.1671013301035288,3.3203000016510487,8.620145685970783,1.0,1.0,0.0,0.0,1.0,0.0,0.0,0.0,8.0,8.0,0.0,1670.9593700380065,1001638.68494275,1063.2552378489636,607.7041321890429,JR-CheapSummary（简化表示消融）；seed29,JR-CheapSummary; seed29,SIMPLIFIED_REPRESENTATION_ABLATION
validation,quality,FullCheapSummary-seed29,6,JR-DUAL-r006-R8-g0170,True,1,True,1.0,300.0,1068781.531731624,1072464.19490483,3682.6631732061505,0.3445665053024966,2.7958611734211445,7.47785747051239,1.0,1.0,0.0,0.0,1.0,0.0,0.0,0.0,7.0,7.0,0.0,3682.6631732061505,1072464.19490483,2239.5680352230556,1443.095137983095,JR-CheapSummary（简化表示消融）；seed29,JR-CheapSummary; seed29,SIMPLIFIED_REPRESENTATION_ABLATION
validation,quality,FullCheapSummary-seed29,6,JR-DUAL-r006-R8-g0340,True,1,True,1.0,300.0,961943.064988315,965292.936099649,3349.8711113340687,0.3482400604837003,1.4953113906085491,6.255570184439421,1.0,1.0,0.0,0.0,1.0,0.0,0.0,0.0,8.0,8.0,0.0,3349.8711113340687,965292.936099649,1742.5684533100575,1607.3026580240112,JR-CheapSummary（简化表示消融）；seed29,JR-CheapSummary; seed29,SIMPLIFIED_REPRESENTATION_ABLATION
validation,quality,FullCheapSummary-seed29,6,JR-DUAL-r006-R8-g0680,True,1,True,1.0,300.0,729107.718085508,730101.321020449,993.6029349410674,0.1362765624742077,2.7115647345781326,7.2158063761889935,1.0,1.0,0.0,0.0,1.0,0.0,0.0,0.0,8.0,8.0,0.0,993.6029349410674,730101.321020449,878.205359572079,115.39757536898833,JR-CheapSummary（简化表示消融）；seed29,JR-CheapSummary; seed29,SIMPLIFIED_REPRESENTATION_ABLATION
validation,quality,FullCheapSummary-seed29,7,JR-DUAL-r007-R12-g0170,True,1,True,1.0,300.0,1302106.316184301,1303964.561613608,1858.2454293069895,0.14271073000800746,5.128610532730818,12.015240702778101,1.0,1.0,0.0,0.0,1.0,0.0,0.0,0.0,8.0,8.0,0.0,1858.2454293069895,1303964.561613608,1618.7519354501273,239.4934938568622,JR-CheapSummary（简化表示消融）；seed29,JR-CheapSummary; seed29,SIMPLIFIED_REPRESENTATION_ABLATION
validation,quality,FullCheapSummary-seed29,7,JR-DUAL-r007-R12-g0340,True,1,True,1.0,300.0,1207439.303503353,1209030.448199105,1591.1446957520675,0.1317784414616456,5.664821147918701,14.228546358644962,1.0,1.0,0.0,0.0,1.0,0.0,0.0,0.0,8.0,8.0,0.0,1591.1446957520675,1209030.448199105,1504.5771414551418,86.56755429692566,JR-CheapSummary（简化表示消融）；seed29,JR-CheapSummary; seed29,SIMPLIFIED_REPRESENTATION_ABLATION
validation,quality,FullCheapSummary-seed29,7,JR-DUAL-r007-R12-g0680,True,1,True,1.0,300.0,999133.545150412,1000712.867879014,1579.3227286019828,0.1580692327134535,3.6981136724352837,9.642819911241531,1.0,1.0,0.0,0.0,1.0,0.0,0.0,0.0,8.0,8.0,0.0,1579.3227286019828,1000712.867879014,1372.0878697650041,207.23485883697867,JR-CheapSummary（简化表示消融）；seed29,JR-CheapSummary; seed29,SIMPLIFIED_REPRESENTATION_ABLATION
validation,quality,FullCheapSummary-seed29,7,JR-DUAL-r007-R8-g0170,True,1,True,1.0,300.0,1066610.597948497,1070544.694713603,3934.0967651060782,0.3688409596410219,2.8603597581386566,7.2202569507062435,1.0,1.0,0.0,0.0,1.0,0.0,0.0,0.0,7.0,7.0,0.0,3934.0967651060782,1070544.694713603,1837.6743708101567,2096.4223942959215,JR-CheapSummary（简化表示消融）；seed29,JR-CheapSummary; seed29,SIMPLIFIED_REPRESENTATION_ABLATION
validation,quality,FullCheapSummary-seed29,7,JR-DUAL-r007-R8-g0340,True,1,True,1.0,300.0,966406.725024867,969066.766496347,2660.0414714800427,0.275250720281525,3.0287182815372944,7.367252744734287,1.0,1.0,0.0,0.0,1.0,0.0,0.0,0.0,8.0,8.0,0.0,2660.0414714800427,969066.766496347,1809.1972531690262,850.8442183110164,JR-CheapSummary（简化表示消融）；seed29,JR-CheapSummary; seed29,SIMPLIFIED_REPRESENTATION_ABLATION
validation,quality,FullCheapSummary-seed29,7,JR-DUAL-r007-R8-g0680,True,1,True,1.0,300.0,725213.442492003,727210.716704659,1997.274212656077,0.27540501811342266,2.925448674708605,8.21447230130434,1.0,1.0,0.0,0.0,1.0,0.0,0.0,0.0,8.0,8.0,0.0,1997.274212656077,727210.716704659,1690.3696648459882,306.90454781008884,JR-CheapSummary（简化表示消融）；seed29,JR-CheapSummary; seed29,SIMPLIFIED_REPRESENTATION_ABLATION
validation,quality,FullP1,6,JR-DUAL-r006-R12-g0170,True,1,True,1.0,300.0,1304450.278531471,1305737.627920498,1287.3493890268728,0.09868903477686784,0.9473461806774139,9.256785824894905,1.0,0.0,0.0,1.0,1.0,0.0,0.0,0.0,0.0,0.0,0.0,1287.3493890268728,1305737.627920498,1287.3493890268728,0.0,Independent-replacement+CHILS（独立替代估计对照）,Independent-replacement+CHILS,INTERNAL_INDEPENDENT_REPLACEMENT_CONTROL
validation,quality,FullP1,6,JR-DUAL-r006-R12-g0340,True,1,True,1.0,300.0,1205720.942989415,1208334.114815087,2613.171825672034,0.2167310637561825,0.7077541016042233,7.486052393913269,1.0,0.0,0.0,1.0,1.0,0.0,0.0,0.0,0.0,0.0,0.0,2613.171825672034,1208334.114815087,2613.171825672034,0.0,Independent-replacement+CHILS（独立替代估计对照）,Independent-replacement+CHILS,INTERNAL_INDEPENDENT_REPLACEMENT_CONTROL
validation,quality,FullP1,6,JR-DUAL-r006-R12-g0680,True,1,True,1.0,300.0,999967.725572712,1001030.980810561,1063.2552378489636,0.10632895549103896,3.5091066248714924,9.416433963924646,1.0,1.0,0.0,0.0,1.0,0.0,0.0,0.0,8.0,8.0,0.0,1063.2552378489636,1001030.980810561,1063.2552378489636,0.0,Independent-replacement+CHILS（独立替代估计对照）,Independent-replacement+CHILS,INTERNAL_INDEPENDENT_REPLACEMENT_CONTROL
validation,quality,FullP1,6,JR-DUAL-r006-R8-g0170,True,1,True,1.0,300.0,1068781.531731624,1071041.907003789,2260.3752721650526,0.21149086179500373,0.5433572754263878,5.204199839383364,1.0,1.0,0.0,0.0,1.0,0.0,0.0,0.0,2.0,2.0,0.0,2260.3752721650526,1071041.907003789,2239.5680352230556,20.807236941996962,Independent-replacement+CHILS（独立替代估计对照）,Independent-replacement+CHILS,INTERNAL_INDEPENDENT_REPLACEMENT_CONTROL
validation,quality,FullP1,6,JR-DUAL-r006-R8-g0340,True,1,True,1.0,300.0,961943.064988315,963685.633441625,1742.5684533100575,0.1811508930969033,3.0878131091594696,7.963921289891005,1.0,1.0,0.0,0.0,1.0,0.0,0.0,0.0,8.0,8.0,0.0,1742.5684533100575,963685.633441625,1742.5684533100575,0.0,Independent-replacement+CHILS（独立替代估计对照）,Independent-replacement+CHILS,INTERNAL_INDEPENDENT_REPLACEMENT_CONTROL
validation,quality,FullP1,6,JR-DUAL-r006-R8-g0680,True,1,True,1.0,300.0,729107.718085508,729985.92344508,878.205359572079,0.12044932974760875,3.1317564956843853,8.860137078911066,1.0,1.0,0.0,0.0,1.0,0.0,0.0,0.0,8.0,8.0,0.0,878.205359572079,729985.92344508,878.205359572079,0.0,Independent-replacement+CHILS（独立替代估计对照）,Independent-replacement+CHILS,INTERNAL_INDEPENDENT_REPLACEMENT_CONTROL
validation,quality,FullP1,7,JR-DUAL-r007-R12-g0170,True,1,True,1.0,300.0,1302106.316184301,1303964.561613608,1858.2454293069895,0.14271073000800746,1.9528257064521313,8.465832840651274,1.0,1.0,0.0,0.0,1.0,0.0,0.0,0.0,7.0,7.0,0.0,1858.2454293069895,1303964.561613608,1618.7519354501273,239.4934938568622,Independent-replacement+CHILS（独立替代估计对照）,Independent-replacement+CHILS,INTERNAL_INDEPENDENT_REPLACEMENT_CONTROL
validation,quality,FullP1,7,JR-DUAL-r007-R12-g0340,True,1,True,1.0,300.0,1207439.303503353,1209030.448199105,1591.1446957520675,0.1317784414616456,1.4641208797693253,8.744616098701954,1.0,1.0,0.0,0.0,1.0,0.0,0.0,0.0,8.0,8.0,0.0,1591.1446957520675,1209030.448199105,1504.5771414551418,86.56755429692566,Independent-replacement+CHILS（独立替代估计对照）,Independent-replacement+CHILS,INTERNAL_INDEPENDENT_REPLACEMENT_CONTROL
validation,quality,FullP1,7,JR-DUAL-r007-R12-g0680,True,1,True,1.0,300.0,999133.545150412,1000505.633020177,1372.0878697650041,0.1373277752933865,1.6127965226769447,7.62162658944726,1.0,1.0,0.0,0.0,1.0,0.0,0.0,0.0,8.0,8.0,0.0,1372.0878697650041,1000505.633020177,1372.0878697650041,0.0,Independent-replacement+CHILS（独立替代估计对照）,Independent-replacement+CHILS,INTERNAL_INDEPENDENT_REPLACEMENT_CONTROL
validation,quality,FullP1,7,JR-DUAL-r007-R8-g0170,True,1,True,1.0,300.0,1066610.597948497,1068448.272319307,1837.6743708101567,0.1722910286420098,0.42579246684908867,4.707168962806463,1.0,0.0,0.0,1.0,1.0,0.0,0.0,0.0,0.0,0.0,0.0,1837.6743708101567,1068448.272319307,1837.6743708101567,0.0,Independent-replacement+CHILS（独立替代估计对照）,Independent-replacement+CHILS,INTERNAL_INDEPENDENT_REPLACEMENT_CONTROL
validation,quality,FullP1,7,JR-DUAL-r007-R8-g0340,True,1,True,1.0,300.0,966406.725024867,968215.922278036,1809.1972531690262,0.18720867791172222,1.198357068002224,5.561988513916731,1.0,1.0,0.0,0.0,1.0,0.0,0.0,0.0,8.0,8.0,0.0,1809.1972531690262,968215.922278036,1809.1972531690262,0.0,Independent-replacement+CHILS（独立替代估计对照）,Independent-replacement+CHILS,INTERNAL_INDEPENDENT_REPLACEMENT_CONTROL
validation,quality,FullP1,7,JR-DUAL-r007-R8-g0680,True,1,True,1.0,300.0,725213.442492003,726903.812156849,1690.3696648459882,0.23308581526529384,3.2449170015752316,8.058823268860579,1.0,1.0,0.0,0.0,1.0,0.0,0.0,0.0,8.0,8.0,0.0,1690.3696648459882,726903.812156849,1690.3696648459882,0.0,Independent-replacement+CHILS（独立替代估计对照）,Independent-replacement+CHILS,INTERNAL_INDEPENDENT_REPLACEMENT_CONTROL
validation,quality,FullGreedy,6,JR-DUAL-r006-R12-g0170,True,1,True,1.0,300.0,1304450.278531471,1306008.711622348,1558.4330908770207,0.11947048626732476,2.5361926294863224,8.552853301167488,1.0,1.0,0.0,0.0,1.0,0.0,0.0,0.0,7.0,7.0,0.0,1558.4330908770207,1306008.711622348,1287.3493890268728,271.0837018501479,Greedy-rank+CHILS（贪心请求排序内部对照）,Greedy-rank+CHILS,INTERNAL_GREEDY_REQUEST_RANKING
validation,quality,FullGreedy,6,JR-DUAL-r006-R12-g0340,True,1,True,1.0,300.0,1205720.942989415,1209107.389922451,3386.4469330359716,0.2808649010143055,2.5198689699172974,9.463581316173077,1.0,1.0,0.0,0.0,1.0,0.0,0.0,0.0,8.0,8.0,0.0,3386.4469330359716,1209107.389922451,2613.171825672034,773.2751073639374,Greedy-rank+CHILS（贪心请求排序内部对照）,Greedy-rank+CHILS,INTERNAL_GREEDY_REQUEST_RANKING
validation,quality,FullGreedy,6,JR-DUAL-r006-R12-g0680,True,1,True,1.0,300.0,999967.725572712,1001638.68494275,1670.9593700380065,0.1671013301035288,1.2087972983717918,6.6703231409192085,1.0,1.0,0.0,0.0,1.0,0.0,0.0,0.0,8.0,8.0,0.0,1670.9593700380065,1001638.68494275,1063.2552378489636,607.7041321890429,Greedy-rank+CHILS（贪心请求排序内部对照）,Greedy-rank+CHILS,INTERNAL_GREEDY_REQUEST_RANKING
validation,quality,FullGreedy,6,JR-DUAL-r006-R8-g0170,True,1,True,1.0,300.0,1068781.531731624,1072367.858681995,3586.3269503710326,0.33555285564866744,0.7936664260923862,5.414996240288019,1.0,1.0,0.0,0.0,1.0,0.0,0.0,0.0,7.0,7.0,0.0,3586.3269503710326,1072367.858681995,2239.5680352230556,1346.758915147977,Greedy-rank+CHILS（贪心请求排序内部对照）,Greedy-rank+CHILS,INTERNAL_GREEDY_REQUEST_RANKING
validation,quality,FullGreedy,6,JR-DUAL-r006-R8-g0340,True,1,True,1.0,300.0,961943.064988315,965292.936099649,3349.8711113340687,0.3482400604837003,0.7917226739227772,5.266438029706478,1.0,1.0,0.0,0.0,1.0,0.0,0.0,0.0,8.0,8.0,0.0,3349.8711113340687,965292.936099649,1742.5684533100575,1607.3026580240112,Greedy-rank+CHILS（贪心请求排序内部对照）,Greedy-rank+CHILS,INTERNAL_GREEDY_REQUEST_RANKING
validation,quality,FullGreedy,6,JR-DUAL-r006-R8-g0680,True,1,True,1.0,300.0,729107.718085508,730101.321020449,993.6029349410674,0.1362765624742077,1.1903372146189213,5.798781722784042,1.0,1.0,0.0,0.0,1.0,0.0,0.0,0.0,8.0,8.0,0.0,993.6029349410674,730101.321020449,878.205359572079,115.39757536898833,Greedy-rank+CHILS（贪心请求排序内部对照）,Greedy-rank+CHILS,INTERNAL_GREEDY_REQUEST_RANKING
validation,quality,FullGreedy,7,JR-DUAL-r007-R12-g0170,True,1,True,1.0,300.0,1302106.316184301,1303964.561613608,1858.2454293069895,0.14271073000800746,2.423571564257145,9.35621515661478,1.0,1.0,0.0,0.0,1.0,0.0,0.0,0.0,8.0,8.0,0.0,1858.2454293069895,1303964.561613608,1618.7519354501273,239.4934938568622,Greedy-rank+CHILS（贪心请求排序内部对照）,Greedy-rank+CHILS,INTERNAL_GREEDY_REQUEST_RANKING
validation,quality,FullGreedy,7,JR-DUAL-r007-R12-g0340,True,1,True,1.0,300.0,1207439.303503353,1209291.095120456,1851.7916171031538,0.1533651929111658,1.3696800954639912,9.058285024017096,1.0,1.0,0.0,0.0,1.0,0.0,0.0,0.0,8.0,8.0,0.0,1851.7916171031538,1209291.095120456,1504.5771414551418,347.214475648012,Greedy-rank+CHILS（贪心请求排序内部对照）,Greedy-rank+CHILS,INTERNAL_GREEDY_REQUEST_RANKING
validation,quality,FullGreedy,7,JR-DUAL-r007-R12-g0680,True,1,True,1.0,300.0,999133.545150412,1000712.867879014,1579.3227286019828,0.1580692327134535,3.389745768159628,9.369950789958239,1.0,1.0,0.0,0.0,1.0,0.0,0.0,0.0,8.0,8.0,0.0,1579.3227286019828,1000712.867879014,1372.0878697650041,207.23485883697867,Greedy-rank+CHILS（贪心请求排序内部对照）,Greedy-rank+CHILS,INTERNAL_GREEDY_REQUEST_RANKING
validation,quality,FullGreedy,7,JR-DUAL-r007-R8-g0170,True,1,True,1.0,300.0,1066610.597948497,1070544.694713603,3934.0967651060782,0.3688409596410219,0.9021885767579079,5.710404001176357,1.0,1.0,0.0,0.0,1.0,0.0,0.0,0.0,7.0,7.0,0.0,3934.0967651060782,1070544.694713603,1837.6743708101567,2096.4223942959215,Greedy-rank+CHILS（贪心请求排序内部对照）,Greedy-rank+CHILS,INTERNAL_GREEDY_REQUEST_RANKING
validation,quality,FullGreedy,7,JR-DUAL-r007-R8-g0340,True,1,True,1.0,300.0,966406.725024867,970023.510562276,3616.785537409014,0.3742508659918472,0.7873480394482613,5.167176939547062,1.0,1.0,0.0,0.0,1.0,0.0,0.0,0.0,8.0,8.0,0.0,3616.785537409014,970023.510562276,1809.1972531690262,1807.5882842399878,Greedy-rank+CHILS（贪心请求排序内部对照）,Greedy-rank+CHILS,INTERNAL_GREEDY_REQUEST_RANKING
validation,quality,FullGreedy,7,JR-DUAL-r007-R8-g0680,True,1,True,1.0,300.0,725213.442492003,727210.716704659,1997.274212656077,0.27540501811342266,1.0323801785707474,6.2585043758153915,1.0,1.0,0.0,0.0,1.0,0.0,0.0,0.0,8.0,8.0,0.0,1997.274212656077,727210.716704659,1690.3696648459882,306.90454781008884,Greedy-rank+CHILS（贪心请求排序内部对照）,Greedy-rank+CHILS,INTERNAL_GREEDY_REQUEST_RANKING
validation,quality,CHILS-p1,6,JR-DUAL-r006-R12-g0170,True,1,True,1.0,300.0,1304450.278531471,1372881.057796303,68430.77926483192,5.24594769084416,210.35895465314388,212.88446831330657,1.0,1.0,0.0,0.0,1.0,0.0,0.0,0.0,1.0,0.0,0.0,68430.77926483192,1372881.057796303,0.0,68430.77926483192,CHILS-p1（SEA 2025 公开 MWIS 算法）,CHILS-p1 (SEA 2025),PUBLISHED_MWIS_BASELINE
validation,quality,CHILS-p1,6,JR-DUAL-r006-R12-g0340,True,1,True,1.0,300.0,1205720.942989415,1295842.021982988,90121.07899357309,7.474455803191954,210.36014019325376,213.51109216362238,1.0,1.0,0.0,0.0,1.0,0.0,0.0,0.0,1.0,0.0,0.0,90121.07899357309,1295842.021982988,0.0,90121.07899357309,CHILS-p1（SEA 2025 公开 MWIS 算法）,CHILS-p1 (SEA 2025),PUBLISHED_MWIS_BASELINE
validation,quality,CHILS-p1,6,JR-DUAL-r006-R12-g0680,True,1,True,1.0,300.0,999967.725572712,1107796.400271625,107828.674698913,10.783215491995627,210.2866914384067,212.07967882230878,1.0,1.0,0.0,0.0,1.0,0.0,0.0,0.0,1.0,0.0,0.0,107828.674698913,1107796.400271625,0.0,107828.674698913,CHILS-p1（SEA 2025 公开 MWIS 算法）,CHILS-p1 (SEA 2025),PUBLISHED_MWIS_BASELINE
validation,quality,CHILS-p1,6,JR-DUAL-r006-R8-g0170,True,1,True,1.0,300.0,1068781.531731624,1181967.603383007,113186.07165138307,10.590197181644848,210.13106251135468,210.96237945184112,1.0,1.0,0.0,0.0,1.0,0.0,0.0,0.0,1.0,0.0,0.0,113186.07165138307,1181967.603383007,0.0,113186.07165138307,CHILS-p1（SEA 2025 公开 MWIS 算法）,CHILS-p1 (SEA 2025),PUBLISHED_MWIS_BASELINE
validation,quality,CHILS-p1,6,JR-DUAL-r006-R8-g0340,True,1,True,1.0,300.0,961943.064988315,1043675.35946414,81732.29447582504,8.496583368665158,210.14321840554476,211.0957111530006,1.0,1.0,0.0,0.0,1.0,0.0,0.0,0.0,1.0,0.0,0.0,81732.29447582504,1043675.35946414,0.0,81732.29447582504,CHILS-p1（SEA 2025 公开 MWIS 算法）,CHILS-p1 (SEA 2025),PUBLISHED_MWIS_BASELINE
validation,quality,CHILS-p1,6,JR-DUAL-r006-R8-g0680,True,1,True,1.0,300.0,729107.718085508,795022.350320487,65914.63223497907,9.04045185642223,210.16400233656168,211.26914750784636,1.0,1.0,0.0,0.0,1.0,0.0,0.0,0.0,1.0,0.0,0.0,65914.63223497907,795022.350320487,0.0,65914.63223497907,CHILS-p1（SEA 2025 公开 MWIS 算法）,CHILS-p1 (SEA 2025),PUBLISHED_MWIS_BASELINE
validation,quality,CHILS-p1,7,JR-DUAL-r007-R12-g0170,True,1,True,1.0,300.0,1302106.316184301,1373364.25639695,71257.94021264906,5.472513213933536,210.31322218105197,212.44387661665678,1.0,1.0,0.0,0.0,1.0,0.0,0.0,0.0,1.0,0.0,0.0,71257.94021264906,1373364.25639695,0.0,71257.94021264906,CHILS-p1（SEA 2025 公开 MWIS 算法）,CHILS-p1 (SEA 2025),PUBLISHED_MWIS_BASELINE
validation,quality,CHILS-p1,7,JR-DUAL-r007-R12-g0340,True,1,True,1.0,300.0,1207439.303503353,1295576.238074221,88136.93457086803,7.29949193430602,210.3443466462195,212.8766274228692,1.0,1.0,0.0,0.0,1.0,0.0,0.0,0.0,1.0,0.0,0.0,88136.93457086803,1295576.238074221,0.0,88136.93457086803,CHILS-p1（SEA 2025 公开 MWIS 算法）,CHILS-p1 (SEA 2025),PUBLISHED_MWIS_BASELINE
validation,quality,CHILS-p1,7,JR-DUAL-r007-R12-g0680,True,1,True,1.0,300.0,999133.545150412,1108205.167641469,109071.62249105703,10.916621008319476,210.29612152650952,212.18532051891088,1.0,1.0,0.0,0.0,1.0,0.0,0.0,0.0,1.0,0.0,0.0,109071.62249105703,1108205.167641469,0.0,109071.62249105703,CHILS-p1（SEA 2025 公开 MWIS 算法）,CHILS-p1 (SEA 2025),PUBLISHED_MWIS_BASELINE
validation,quality,CHILS-p1,7,JR-DUAL-r007-R8-g0170,True,1,True,1.0,300.0,1066610.597948497,1180564.913565347,113954.31561685004,10.683778675744277,210.13035594671965,210.8981643691659,1.0,1.0,0.0,0.0,1.0,0.0,0.0,0.0,1.0,0.0,0.0,113954.31561685004,1180564.913565347,0.0,113954.31561685004,CHILS-p1（SEA 2025 公开 MWIS 算法）,CHILS-p1 (SEA 2025),PUBLISHED_MWIS_BASELINE
validation,quality,CHILS-p1,7,JR-DUAL-r007-R8-g0340,True,1,True,1.0,300.0,966406.725024867,1047461.253481976,81054.528457109,8.38720658271737,210.1387551575899,210.97705046832561,1.0,1.0,0.0,0.0,1.0,0.0,0.0,0.0,1.0,0.0,0.0,81054.528457109,1047461.253481976,0.0,81054.528457109,CHILS-p1（SEA 2025 公开 MWIS 算法）,CHILS-p1 (SEA 2025),PUBLISHED_MWIS_BASELINE
validation,quality,CHILS-p1,7,JR-DUAL-r007-R8-g0680,True,1,True,1.0,300.0,725213.442492003,793536.30390329,68322.86141128698,9.421069358079416,210.163274358958,211.26512994244695,1.0,1.0,0.0,0.0,1.0,0.0,0.0,0.0,1.0,0.0,0.0,68322.86141128698,793536.30390329,0.0,68322.86141128698,CHILS-p1（SEA 2025 公开 MWIS 算法）,CHILS-p1 (SEA 2025),PUBLISHED_MWIS_BASELINE
validation,quality,HiGHS-MILP,6,JR-DUAL-r006-R12-g0170,True,1,True,1.0,300.0,1304450.278531471,1375556.112234475,71105.83370300406,5.451019090053309,210.75218818336725,214.1328844614327,1.0,1.0,0.0,0.0,1.0,0.0,0.0,0.0,1.0,0.0,0.0,71105.83370300406,1375556.112234475,0.0,71105.83370300406,HiGHS-MILP（通用 MILP 软件参照）,HiGHS (generic MILP),GENERIC_MILP_SOFTWARE_REFERENCE
validation,quality,HiGHS-MILP,6,JR-DUAL-r006-R12-g0340,True,1,True,0.0,300.0,1205720.942989415,null,null,null,300.64035776630044,304.5641633607447,0.0,0.0,1.0,0.0,0.0,1.0,0.0,0.0,null,0.0,0.0,0.0,1205720.942989415,0.0,0.0,HiGHS-MILP（通用 MILP 软件参照）,HiGHS (generic MILP),GENERIC_MILP_SOFTWARE_REFERENCE
validation,quality,HiGHS-MILP,6,JR-DUAL-r006-R12-g0680,True,1,True,0.0,300.0,999967.725572712,null,null,null,301.4117455109954,303.46025751903653,0.0,0.0,1.0,0.0,0.0,1.0,0.0,0.0,null,0.0,0.0,0.0,999967.725572712,0.0,0.0,HiGHS-MILP（通用 MILP 软件参照）,HiGHS (generic MILP),GENERIC_MILP_SOFTWARE_REFERENCE
validation,quality,HiGHS-MILP,6,JR-DUAL-r006-R8-g0170,True,1,True,1.0,300.0,1068781.531731624,1068781.531731624,0.0,0.0,214.60246669873595,215.5822783857584,1.0,1.0,0.0,0.0,1.0,0.0,0.0,0.0,1.0,0.0,0.0,0.0,1068781.531731624,0.0,0.0,HiGHS-MILP（通用 MILP 软件参照）,HiGHS (generic MILP),GENERIC_MILP_SOFTWARE_REFERENCE
validation,quality,HiGHS-MILP,6,JR-DUAL-r006-R8-g0340,True,1,True,1.0,300.0,961943.064988315,961943.064988315,0.0,0.0,210.61575278267264,211.73799450695515,1.0,1.0,0.0,0.0,1.0,0.0,0.0,0.0,1.0,0.0,0.0,0.0,961943.064988315,0.0,0.0,HiGHS-MILP（通用 MILP 软件参照）,HiGHS (generic MILP),GENERIC_MILP_SOFTWARE_REFERENCE
validation,quality,HiGHS-MILP,6,JR-DUAL-r006-R8-g0680,True,1,True,1.0,300.0,729107.718085508,729107.718085508,0.0,0.0,226.05607629939914,227.2776066251099,1.0,1.0,0.0,0.0,1.0,0.0,0.0,0.0,1.0,0.0,0.0,0.0,729107.718085508,0.0,0.0,HiGHS-MILP（通用 MILP 软件参照）,HiGHS (generic MILP),GENERIC_MILP_SOFTWARE_REFERENCE
validation,quality,HiGHS-MILP,7,JR-DUAL-r007-R12-g0170,True,1,True,1.0,300.0,1302106.316184301,1371915.951780417,69809.63559611607,5.361285382647293,210.87184864282608,214.04026608541608,1.0,1.0,0.0,0.0,1.0,0.0,0.0,0.0,1.0,0.0,0.0,69809.63559611607,1371915.951780417,0.0,69809.63559611607,HiGHS-MILP（通用 MILP 软件参照）,HiGHS (generic MILP),GENERIC_MILP_SOFTWARE_REFERENCE
validation,quality,HiGHS-MILP,7,JR-DUAL-r007-R12-g0340,True,1,True,0.0,300.0,1207439.303503353,null,null,null,301.2511952891946,305.4450523108244,0.0,0.0,1.0,0.0,0.0,1.0,0.0,0.0,null,0.0,0.0,0.0,1207439.303503353,0.0,0.0,HiGHS-MILP（通用 MILP 软件参照）,HiGHS (generic MILP),GENERIC_MILP_SOFTWARE_REFERENCE
validation,quality,HiGHS-MILP,7,JR-DUAL-r007-R12-g0680,True,1,True,0.0,300.0,999133.545150412,null,null,null,301.9708898514509,304.08569180965424,0.0,0.0,1.0,0.0,0.0,1.0,0.0,0.0,null,0.0,0.0,0.0,999133.545150412,0.0,0.0,HiGHS-MILP（通用 MILP 软件参照）,HiGHS (generic MILP),GENERIC_MILP_SOFTWARE_REFERENCE
validation,quality,HiGHS-MILP,7,JR-DUAL-r007-R8-g0170,True,1,True,1.0,300.0,1066610.597948497,1066610.597948497,0.0,0.0,213.614179674536,214.59044696763158,1.0,1.0,0.0,0.0,1.0,0.0,0.0,0.0,1.0,0.0,0.0,0.0,1066610.597948497,0.0,0.0,HiGHS-MILP（通用 MILP 软件参照）,HiGHS (generic MILP),GENERIC_MILP_SOFTWARE_REFERENCE
validation,quality,HiGHS-MILP,7,JR-DUAL-r007-R8-g0340,True,1,True,1.0,300.0,966406.725024867,966406.725024867,0.0,0.0,211.13493121415377,212.19926174357533,1.0,1.0,0.0,0.0,1.0,0.0,0.0,0.0,1.0,0.0,0.0,0.0,966406.725024867,0.0,0.0,HiGHS-MILP（通用 MILP 软件参照）,HiGHS (generic MILP),GENERIC_MILP_SOFTWARE_REFERENCE
validation,quality,HiGHS-MILP,7,JR-DUAL-r007-R8-g0680,True,1,True,1.0,300.0,725213.442492003,725213.442492003,0.0,0.0,218.6705942377448,219.9634610041976,1.0,1.0,0.0,0.0,1.0,0.0,0.0,0.0,1.0,0.0,0.0,0.0,725213.442492003,0.0,0.0,HiGHS-MILP（通用 MILP 软件参照）,HiGHS (generic MILP),GENERIC_MILP_SOFTWARE_REFERENCE
test,quality,FullCapacity-mean17/29,8,JR-DUAL-r008-R12-g0170,False,2,True,2.0,10.0,1308539.931227763,1310601.940398075,2062.009170311969,0.1575809129781197,4.042363690212369,9.467370435595512,1.0,1.0,0.0,0.0,1.0,0.0,0.0,0.0,7.5,7.5,0.0,2062.009170311969,1310601.940398075,1545.2884029019624,516.7207674100064,JointRecovery（本文方法，JR；完整框架 STK 迁移）；两种子均值,"JointRecovery (JR, ours); 2-seed mean",PROPOSED_FULL_FRAMEWORK
test,quality,FullCapacity-mean17/29,8,JR-DUAL-r008-R12-g0340,False,2,True,2.0,10.0,1206858.411921518,1210753.609808727,3895.1978872090112,0.32275516736111676,3.578801590949297,9.685131803154945,1.0,1.0,0.0,0.0,1.0,0.0,0.0,0.0,8.0,8.0,0.0,3895.1978872090112,1210753.609808727,2293.9027097311337,1601.2951774778776,JointRecovery（本文方法，JR；完整框架 STK 迁移）；两种子均值,"JointRecovery (JR, ours); 2-seed mean",PROPOSED_FULL_FRAMEWORK
test,quality,FullCapacity-mean17/29,8,JR-DUAL-r008-R12-g0680,False,2,True,2.0,10.0,996252.482559234,998653.972644334,2401.49008509994,0.241052356419815,3.2398600596934557,8.054927116259933,1.0,1.0,0.0,0.0,1.0,0.0,0.0,0.0,8.0,8.0,0.0,2401.49008509994,998653.972644334,1752.890491288039,648.5995938119013,JointRecovery（本文方法，JR；完整框架 STK 迁移）；两种子均值,"JointRecovery (JR, ours); 2-seed mean",PROPOSED_FULL_FRAMEWORK
test,quality,FullCapacity-mean17/29,8,JR-DUAL-r008-R8-g0170,False,2,True,2.0,10.0,1064212.05311729,1067750.4991761805,3538.4460588905495,0.3324944543266291,3.425813976675272,8.027040597051382,1.0,1.0,0.0,0.0,1.0,0.0,0.0,0.0,7.5,7.5,0.0,3538.4460588905495,1067750.4991761805,2186.9149603929836,1351.5310984975658,JointRecovery（本文方法，JR；完整框架 STK 迁移）；两种子均值,"JointRecovery (JR, ours); 2-seed mean",PROPOSED_FULL_FRAMEWORK
test,quality,FullCapacity-mean17/29,8,JR-DUAL-r008-R8-g0340,False,2,True,2.0,10.0,964674.094508257,967744.796548355,3070.7020400980255,0.318314968503774,3.002589739859104,7.121635064482689,1.0,1.0,0.0,0.0,1.0,0.0,0.0,0.0,8.0,8.0,0.0,3070.7020400980255,967744.796548355,2213.5059239330003,857.1961161650252,JointRecovery（本文方法，JR；完整框架 STK 迁移）；两种子均值,"JointRecovery (JR, ours); 2-seed mean",PROPOSED_FULL_FRAMEWORK
test,quality,FullCapacity-mean17/29,8,JR-DUAL-r008-R8-g0680,False,2,True,2.0,10.0,725058.74017615,727062.211266697,2003.471090547042,0.2763184524967325,2.7646973114460707,7.172711782157421,1.0,1.0,0.0,0.0,1.0,0.0,0.0,0.0,8.0,8.0,0.0,2003.471090547042,727062.211266697,1072.9688282109564,930.5022623360856,JointRecovery（本文方法，JR；完整框架 STK 迁移）；两种子均值,"JointRecovery (JR, ours); 2-seed mean",PROPOSED_FULL_FRAMEWORK
test,quality,FullCapacity-mean17/29,9,JR-DUAL-r009-R12-g0170,False,2,True,2.0,10.0,1303588.958822233,1305244.951142674,1655.9923204411753,0.12703331899476442,4.05962248891592,8.965255392715335,1.0,1.0,0.0,0.0,1.0,0.0,0.0,0.0,8.0,8.0,0.0,1655.9923204411753,1305244.951142674,1480.9733000150882,175.01902042608708,JointRecovery（本文方法，JR；完整框架 STK 迁移）；两种子均值,"JointRecovery (JR, ours); 2-seed mean",PROPOSED_FULL_FRAMEWORK
test,quality,FullCapacity-mean17/29,9,JR-DUAL-r009-R12-g0340,False,2,True,2.0,10.0,1201896.359864861,1204184.639125805,2288.2792609441094,0.19038906659151536,4.254784855991602,9.711681930348277,1.0,1.0,0.0,0.0,1.0,0.0,0.0,0.0,7.0,7.0,0.0,2288.2792609441094,1204184.639125805,1088.1848472019192,1200.0944137421902,JointRecovery（本文方法，JR；完整框架 STK 迁移）；两种子均值,"JointRecovery (JR, ours); 2-seed mean",PROPOSED_FULL_FRAMEWORK
test,quality,FullCapacity-mean17/29,9,JR-DUAL-r009-R12-g0680,False,2,True,2.0,10.0,995328.900324943,996691.239721992,1362.3393970490433,0.136873288478239,3.7154121939092875,8.785283511504531,1.0,1.0,0.0,0.0,1.0,0.0,0.0,0.0,8.0,8.0,0.0,1362.3393970490433,996691.239721992,1132.9280402449658,229.4113568040775,JointRecovery（本文方法，JR；完整框架 STK 迁移）；两种子均值,"JointRecovery (JR, ours); 2-seed mean",PROPOSED_FULL_FRAMEWORK
test,quality,FullCapacity-mean17/29,9,JR-DUAL-r009-R8-g0170,False,2,True,2.0,10.0,1069460.8401523,1072358.373683807,2897.5335315070115,0.270934046644885,2.815073551610112,6.847254114225507,1.0,1.0,0.0,0.0,1.0,0.0,0.0,0.0,7.0,7.0,0.0,2897.5335315070115,1072358.373683807,1700.94802728598,1196.5855042210314,JointRecovery（本文方法，JR；完整框架 STK 迁移）；两种子均值,"JointRecovery (JR, ours); 2-seed mean",PROPOSED_FULL_FRAMEWORK
test,quality,FullCapacity-mean17/29,9,JR-DUAL-r009-R8-g0340,False,2,True,2.0,10.0,958942.247525348,962784.318409774,3842.070884426008,0.40065717141369867,2.8614190369844437,7.136968567967415,1.0,1.0,0.0,0.0,1.0,0.0,0.0,0.0,8.0,8.0,0.0,3842.070884426008,962784.318409774,2413.828959963983,1428.241924462025,JointRecovery（本文方法，JR；完整框架 STK 迁移）；两种子均值,"JointRecovery (JR, ours); 2-seed mean",PROPOSED_FULL_FRAMEWORK
test,quality,FullCapacity-mean17/29,9,JR-DUAL-r009-R8-g0680,False,2,True,2.0,10.0,727027.842792866,728717.263461693,1689.4206688269041,0.2323735859051864,2.68505921587348,7.04262506775558,1.0,1.0,0.0,0.0,1.0,0.0,0.0,0.0,8.0,8.0,0.0,1689.4206688269041,728717.263461693,856.4749668039149,832.9457020229893,JointRecovery（本文方法，JR；完整框架 STK 迁移）；两种子均值,"JointRecovery (JR, ours); 2-seed mean",PROPOSED_FULL_FRAMEWORK
test,quality,FullCapacity-mean17/29,10,JR-DUAL-r010-R12-g0170,False,2,True,2.0,10.0,1304524.980145348,1306337.307063753,1812.326918405015,0.13892619505094403,4.157150784507394,9.485350865870714,1.0,1.0,0.0,0.0,1.0,0.0,0.0,0.0,8.0,8.0,0.0,1812.326918405015,1306337.307063753,1409.6677442491055,402.65917415590957,JointRecovery（本文方法，JR；完整框架 STK 迁移）；两种子均值,"JointRecovery (JR, ours); 2-seed mean",PROPOSED_FULL_FRAMEWORK
test,quality,FullCapacity-mean17/29,10,JR-DUAL-r010-R12-g0340,False,2,True,2.0,10.0,1204766.032426266,1208402.552936319,3636.5205100530293,0.3018445417762549,2.920886043459177,8.007519392296672,1.0,1.0,0.0,0.0,1.0,0.0,0.0,0.0,8.0,8.0,0.0,3636.5205100530293,1208402.552936319,2638.0165747040883,998.503935348941,JointRecovery（本文方法，JR；完整框架 STK 迁移）；两种子均值,"JointRecovery (JR, ours); 2-seed mean",PROPOSED_FULL_FRAMEWORK
test,quality,FullCapacity-mean17/29,10,JR-DUAL-r010-R12-g0680,False,2,True,2.0,10.0,997301.877515741,1000413.196392745,3111.3188770039706,0.3119736307680683,3.1406957041472197,7.733197251334786,1.0,1.0,0.0,0.0,1.0,0.0,0.0,0.0,8.0,8.0,0.0,3111.3188770039706,1000413.196392745,1689.2379566929303,1422.0809203110402,JointRecovery（本文方法，JR；完整框架 STK 迁移）；两种子均值,"JointRecovery (JR, ours); 2-seed mean",PROPOSED_FULL_FRAMEWORK
test,quality,FullCapacity-mean17/29,10,JR-DUAL-r010-R8-g0170,False,2,True,2.0,10.0,1063723.76085508,1067005.870427666,3282.109572585905,0.30854905130139837,4.002128541469574,8.325224740430713,1.0,1.0,0.0,0.0,1.0,0.0,0.0,0.0,8.0,8.0,0.0,3282.109572585905,1067005.870427666,1999.1203333488666,1282.9892392370384,JointRecovery（本文方法，JR；完整框架 STK 迁移）；两种子均值,"JointRecovery (JR, ours); 2-seed mean",PROPOSED_FULL_FRAMEWORK
test,quality,FullCapacity-mean17/29,10,JR-DUAL-r010-R8-g0340,False,2,True,2.0,10.0,961329.66255596,965900.661665852,4570.999109891942,0.4754871599133517,2.7726815808564425,6.7908933740109205,1.0,1.0,0.0,0.0,1.0,0.0,0.0,0.0,8.0,8.0,0.0,4570.999109891942,965900.661665852,2815.9254813429434,1755.0736285489984,JointRecovery（本文方法，JR；完整框架 STK 迁移）；两种子均值,"JointRecovery (JR, ours); 2-seed mean",PROPOSED_FULL_FRAMEWORK
test,quality,FullCapacity-mean17/29,10,JR-DUAL-r010-R8-g0680,False,2,True,2.0,10.0,729720.170020981,731299.5775384535,1579.4075174725149,0.21644016190851673,2.703978506848216,7.42122476734221,1.0,1.0,0.0,0.0,1.0,0.0,0.0,0.0,8.0,8.0,0.0,1579.4075174725149,731299.5775384535,1249.4284307870548,329.97908668546006,JointRecovery（本文方法，JR；完整框架 STK 迁移）；两种子均值,"JointRecovery (JR, ours); 2-seed mean",PROPOSED_FULL_FRAMEWORK
test,quality,FullCapacity-mean17/29,11,JR-DUAL-r011-R12-g0170,False,2,True,2.0,10.0,1309710.108432145,1311148.438464307,1438.3300321619026,0.10982048797681866,5.420765161514282,11.066716130822897,1.0,1.0,0.0,0.0,1.0,0.0,0.0,0.0,8.0,8.0,0.0,1438.3300321619026,1311148.438464307,1187.9974463549443,250.33258580695838,JointRecovery（本文方法，JR；完整框架 STK 迁移）；两种子均值,"JointRecovery (JR, ours); 2-seed mean",PROPOSED_FULL_FRAMEWORK
test,quality,FullCapacity-mean17/29,11,JR-DUAL-r011-R12-g0340,False,2,True,2.0,10.0,1207263.813126226,1211168.326449476,3904.513323249994,0.32341840124729687,3.4146668817847967,8.679745243862271,1.0,1.0,0.0,0.0,1.0,0.0,0.0,0.0,8.0,8.0,0.0,3904.513323249994,1211168.326449476,3230.222770435037,674.2905528149568,JointRecovery（本文方法，JR；完整框架 STK 迁移）；两种子均值,"JointRecovery (JR, ours); 2-seed mean",PROPOSED_FULL_FRAMEWORK
test,quality,FullCapacity-mean17/29,11,JR-DUAL-r011-R12-g0680,False,2,True,2.0,10.0,996565.623874682,998503.525917519,1937.9020428369986,0.19445804635547909,2.5166474618017673,7.659257959574461,1.0,1.0,0.0,0.0,1.0,0.0,0.0,0.0,8.0,8.0,0.0,1937.9020428369986,998503.525917519,1146.2667337020393,791.6353091349592,JointRecovery（本文方法，JR；完整框架 STK 迁移）；两种子均值,"JointRecovery (JR, ours); 2-seed mean",PROPOSED_FULL_FRAMEWORK
test,quality,FullCapacity-mean17/29,11,JR-DUAL-r011-R8-g0170,False,2,True,2.0,10.0,1065376.358638791,1069164.206413786,3787.8477749950252,0.35554081374911295,2.8048994299024343,6.954103708267212,1.0,1.0,0.0,0.0,1.0,0.0,0.0,0.0,7.0,7.0,0.0,3787.8477749950252,1069164.206413786,2622.570562876994,1165.2772121180315,JointRecovery（本文方法，JR；完整框架 STK 迁移）；两种子均值,"JointRecovery (JR, ours); 2-seed mean",PROPOSED_FULL_FRAMEWORK
test,quality,FullCapacity-mean17/29,11,JR-DUAL-r011-R8-g0340,False,2,True,2.0,10.0,961749.203495802,964940.392041908,3191.1885461059865,0.33181088526057884,2.1346094477921724,6.687170961871743,1.0,1.0,0.0,0.0,1.0,0.0,0.0,0.0,8.0,8.0,0.0,3191.1885461059865,964940.392041908,2574.4641978610307,616.7243482449558,JointRecovery（本文方法，JR；完整框架 STK 迁移）；两种子均值,"JointRecovery (JR, ours); 2-seed mean",PROPOSED_FULL_FRAMEWORK
test,quality,FullCapacity-mean17/29,11,JR-DUAL-r011-R8-g0680,False,2,True,2.0,10.0,730874.623950481,731929.972561589,1055.3486111080274,0.14439530071569848,2.8045109044760466,7.664109071716666,1.0,1.0,0.0,0.0,1.0,0.0,0.0,0.0,8.0,8.0,0.0,1055.3486111080274,731929.972561589,1055.3486111080274,0.0,JointRecovery（本文方法，JR；完整框架 STK 迁移）；两种子均值,"JointRecovery (JR, ours); 2-seed mean",PROPOSED_FULL_FRAMEWORK
test,quality,FullCapacity-seed17,8,JR-DUAL-r008-R12-g0170,False,1,True,1.0,10.0,1308539.931227763,1310601.940398075,2062.009170311969,0.1575809129781197,3.4655684754252434,8.957452677190304,1.0,1.0,0.0,0.0,1.0,0.0,0.0,0.0,7.0,7.0,0.0,2062.009170311969,1310601.940398075,1545.2884029019624,516.7207674100064,JointRecovery（本文方法，JR；完整框架 STK 迁移）；seed17,"JointRecovery (JR, ours); seed17",PROPOSED_FULL_FRAMEWORK
test,quality,FullCapacity-seed17,8,JR-DUAL-r008-R12-g0340,False,1,True,1.0,10.0,1206858.411921518,1210753.609808727,3895.1978872090112,0.32275516736111676,3.624307792633772,8.999180845916271,1.0,1.0,0.0,0.0,1.0,0.0,0.0,0.0,8.0,8.0,0.0,3895.1978872090112,1210753.609808727,2293.9027097311337,1601.2951774778776,JointRecovery（本文方法，JR；完整框架 STK 迁移）；seed17,"JointRecovery (JR, ours); seed17",PROPOSED_FULL_FRAMEWORK
test,quality,FullCapacity-seed17,8,JR-DUAL-r008-R12-g0680,False,1,True,1.0,10.0,996252.482559234,998653.972644334,2401.49008509994,0.241052356419815,3.139255441725254,8.195756398141384,1.0,1.0,0.0,0.0,1.0,0.0,0.0,0.0,8.0,8.0,0.0,2401.49008509994,998653.972644334,1752.890491288039,648.5995938119013,JointRecovery（本文方法，JR；完整框架 STK 迁移）；seed17,"JointRecovery (JR, ours); seed17",PROPOSED_FULL_FRAMEWORK
test,quality,FullCapacity-seed17,8,JR-DUAL-r008-R8-g0170,False,1,True,1.0,10.0,1064212.05311729,1067742.629697501,3530.5765802110545,0.33175498904276546,2.8203231804072857,7.531011611223221,1.0,1.0,0.0,0.0,1.0,0.0,0.0,0.0,7.0,7.0,0.0,3530.5765802110545,1067742.629697501,2186.9149603929836,1343.661619818071,JointRecovery（本文方法，JR；完整框架 STK 迁移）；seed17,"JointRecovery (JR, ours); seed17",PROPOSED_FULL_FRAMEWORK
test,quality,FullCapacity-seed17,8,JR-DUAL-r008-R8-g0340,False,1,True,1.0,10.0,964674.094508257,967744.796548355,3070.7020400980255,0.318314968503774,3.0214072167873383,7.126292120665312,1.0,1.0,0.0,0.0,1.0,0.0,0.0,0.0,8.0,8.0,0.0,3070.7020400980255,967744.796548355,2213.5059239330003,857.1961161650252,JointRecovery（本文方法，JR；完整框架 STK 迁移）；seed17,"JointRecovery (JR, ours); seed17",PROPOSED_FULL_FRAMEWORK
test,quality,FullCapacity-seed17,8,JR-DUAL-r008-R8-g0680,False,1,True,1.0,10.0,725058.74017615,727062.211266697,2003.471090547042,0.2763184524967325,2.706622499972582,7.628480229526758,1.0,1.0,0.0,0.0,1.0,0.0,0.0,0.0,8.0,8.0,0.0,2003.471090547042,727062.211266697,1072.9688282109564,930.5022623360856,JointRecovery（本文方法，JR；完整框架 STK 迁移）；seed17,"JointRecovery (JR, ours); seed17",PROPOSED_FULL_FRAMEWORK
test,quality,FullCapacity-seed17,9,JR-DUAL-r009-R12-g0170,False,1,True,1.0,10.0,1303588.958822233,1305244.951142674,1655.9923204411753,0.12703331899476442,3.4695660658180714,8.76119228079915,1.0,1.0,0.0,0.0,1.0,0.0,0.0,0.0,8.0,8.0,0.0,1655.9923204411753,1305244.951142674,1480.9733000150882,175.01902042608708,JointRecovery（本文方法，JR；完整框架 STK 迁移）；seed17,"JointRecovery (JR, ours); seed17",PROPOSED_FULL_FRAMEWORK
test,quality,FullCapacity-seed17,9,JR-DUAL-r009-R12-g0340,False,1,True,1.0,10.0,1201896.359864861,1204184.639125805,2288.2792609441094,0.19038906659151536,3.6289563477039337,9.195815559476614,1.0,1.0,0.0,0.0,1.0,0.0,0.0,0.0,6.0,6.0,0.0,2288.2792609441094,1204184.639125805,1088.1848472019192,1200.0944137421902,JointRecovery（本文方法，JR；完整框架 STK 迁移）；seed17,"JointRecovery (JR, ours); seed17",PROPOSED_FULL_FRAMEWORK
test,quality,FullCapacity-seed17,9,JR-DUAL-r009-R12-g0680,False,1,True,1.0,10.0,995328.900324943,996691.239721992,1362.3393970490433,0.136873288478239,3.1271249279379845,8.35080211609602,1.0,1.0,0.0,0.0,1.0,0.0,0.0,0.0,8.0,8.0,0.0,1362.3393970490433,996691.239721992,1132.9280402449658,229.4113568040775,JointRecovery（本文方法，JR；完整框架 STK 迁移）；seed17,"JointRecovery (JR, ours); seed17",PROPOSED_FULL_FRAMEWORK
test,quality,FullCapacity-seed17,9,JR-DUAL-r009-R8-g0170,False,1,True,1.0,10.0,1069460.8401523,1072358.373683807,2897.5335315070115,0.270934046644885,2.830018863081932,6.779667537659407,1.0,1.0,0.0,0.0,1.0,0.0,0.0,0.0,7.0,7.0,0.0,2897.5335315070115,1072358.373683807,1700.94802728598,1196.5855042210314,JointRecovery（本文方法，JR；完整框架 STK 迁移）；seed17,"JointRecovery (JR, ours); seed17",PROPOSED_FULL_FRAMEWORK
test,quality,FullCapacity-seed17,9,JR-DUAL-r009-R8-g0340,False,1,True,1.0,10.0,958942.247525348,962784.318409774,3842.070884426008,0.40065717141369867,2.8390723690390587,6.9186702482402325,1.0,1.0,0.0,0.0,1.0,0.0,0.0,0.0,8.0,8.0,0.0,3842.070884426008,962784.318409774,2413.828959963983,1428.241924462025,JointRecovery（本文方法，JR；完整框架 STK 迁移）；seed17,"JointRecovery (JR, ours); seed17",PROPOSED_FULL_FRAMEWORK
test,quality,FullCapacity-seed17,9,JR-DUAL-r009-R8-g0680,False,1,True,1.0,10.0,727027.842792866,728717.263461693,1689.4206688269041,0.2323735859051864,1.5183859765529633,6.227530386298895,1.0,1.0,0.0,0.0,1.0,0.0,0.0,0.0,8.0,8.0,0.0,1689.4206688269041,728717.263461693,856.4749668039149,832.9457020229893,JointRecovery（本文方法，JR；完整框架 STK 迁移）；seed17,"JointRecovery (JR, ours); seed17",PROPOSED_FULL_FRAMEWORK
test,quality,FullCapacity-seed17,10,JR-DUAL-r010-R12-g0170,False,1,True,1.0,10.0,1304524.980145348,1306337.307063753,1812.326918405015,0.13892619505094403,3.5214307755231857,8.932591501623392,1.0,1.0,0.0,0.0,1.0,0.0,0.0,0.0,8.0,8.0,0.0,1812.326918405015,1306337.307063753,1409.6677442491055,402.65917415590957,JointRecovery（本文方法，JR；完整框架 STK 迁移）；seed17,"JointRecovery (JR, ours); seed17",PROPOSED_FULL_FRAMEWORK
test,quality,FullCapacity-seed17,10,JR-DUAL-r010-R12-g0340,False,1,True,1.0,10.0,1204766.032426266,1208402.552936319,3636.5205100530293,0.3018445417762549,2.3963119983673096,7.392210382968187,1.0,1.0,0.0,0.0,1.0,0.0,0.0,0.0,8.0,8.0,0.0,3636.5205100530293,1208402.552936319,2638.0165747040883,998.503935348941,JointRecovery（本文方法，JR；完整框架 STK 迁移）；seed17,"JointRecovery (JR, ours); seed17",PROPOSED_FULL_FRAMEWORK
test,quality,FullCapacity-seed17,10,JR-DUAL-r010-R12-g0680,False,1,True,1.0,10.0,997301.877515741,1000413.196392745,3111.3188770039706,0.3119736307680683,3.1394382379949093,7.739805467426777,1.0,1.0,0.0,0.0,1.0,0.0,0.0,0.0,8.0,8.0,0.0,3111.3188770039706,1000413.196392745,1689.2379566929303,1422.0809203110402,JointRecovery（本文方法，JR；完整框架 STK 迁移）；seed17,"JointRecovery (JR, ours); seed17",PROPOSED_FULL_FRAMEWORK
test,quality,FullCapacity-seed17,10,JR-DUAL-r010-R8-g0170,False,1,True,1.0,10.0,1063723.76085508,1067005.870427666,3282.109572585905,0.30854905130139837,4.006562449038029,8.48196990787983,1.0,1.0,0.0,0.0,1.0,0.0,0.0,0.0,8.0,8.0,0.0,3282.109572585905,1067005.870427666,1999.1203333488666,1282.9892392370384,JointRecovery（本文方法，JR；完整框架 STK 迁移）；seed17,"JointRecovery (JR, ours); seed17",PROPOSED_FULL_FRAMEWORK
test,quality,FullCapacity-seed17,10,JR-DUAL-r010-R8-g0340,False,1,True,1.0,10.0,961329.66255596,965900.661665852,4570.999109891942,0.4754871599133517,2.7952029928565025,6.97093839943409,1.0,1.0,0.0,0.0,1.0,0.0,0.0,0.0,8.0,8.0,0.0,4570.999109891942,965900.661665852,2815.9254813429434,1755.0736285489984,JointRecovery（本文方法，JR；完整框架 STK 迁移）；seed17,"JointRecovery (JR, ours); seed17",PROPOSED_FULL_FRAMEWORK
test,quality,FullCapacity-seed17,10,JR-DUAL-r010-R8-g0680,False,1,True,1.0,10.0,729720.170020981,731036.045048618,1315.8750276369974,0.18032597723030777,1.633347924798727,6.484312359243631,1.0,1.0,0.0,0.0,1.0,0.0,0.0,0.0,8.0,8.0,0.0,1315.8750276369974,731036.045048618,1249.4284307870548,66.44659684994258,JointRecovery（本文方法，JR；完整框架 STK 迁移）；seed17,"JointRecovery (JR, ours); seed17",PROPOSED_FULL_FRAMEWORK
test,quality,FullCapacity-seed17,11,JR-DUAL-r011-R12-g0170,False,1,True,1.0,10.0,1309710.108432145,1311148.438464307,1438.3300321619026,0.10982048797681866,5.445022385567427,11.742950338870287,1.0,1.0,0.0,0.0,1.0,0.0,0.0,0.0,8.0,8.0,0.0,1438.3300321619026,1311148.438464307,1187.9974463549443,250.33258580695838,JointRecovery（本文方法，JR；完整框架 STK 迁移）；seed17,"JointRecovery (JR, ours); seed17",PROPOSED_FULL_FRAMEWORK
test,quality,FullCapacity-seed17,11,JR-DUAL-r011-R12-g0340,False,1,True,1.0,10.0,1207263.813126226,1211168.326449476,3904.513323249994,0.32341840124729687,3.36625275015831,8.692595295608044,1.0,1.0,0.0,0.0,1.0,0.0,0.0,0.0,8.0,8.0,0.0,3904.513323249994,1211168.326449476,3230.222770435037,674.2905528149568,JointRecovery（本文方法，JR；完整框架 STK 迁移）；seed17,"JointRecovery (JR, ours); seed17",PROPOSED_FULL_FRAMEWORK
test,quality,FullCapacity-seed17,11,JR-DUAL-r011-R12-g0680,False,1,True,1.0,10.0,996565.623874682,998503.525917519,1937.9020428369986,0.19445804635547909,1.96207220479846,7.19383404776454,1.0,1.0,0.0,0.0,1.0,0.0,0.0,0.0,8.0,8.0,0.0,1937.9020428369986,998503.525917519,1146.2667337020393,791.6353091349592,JointRecovery（本文方法，JR；完整框架 STK 迁移）；seed17,"JointRecovery (JR, ours); seed17",PROPOSED_FULL_FRAMEWORK
test,quality,FullCapacity-seed17,11,JR-DUAL-r011-R8-g0170,False,1,True,1.0,10.0,1065376.358638791,1069164.206413786,3787.8477749950252,0.35554081374911295,2.8129385076463223,7.2888511680066586,1.0,1.0,0.0,0.0,1.0,0.0,0.0,0.0,7.0,7.0,0.0,3787.8477749950252,1069164.206413786,2622.570562876994,1165.2772121180315,JointRecovery（本文方法，JR；完整框架 STK 迁移）；seed17,"JointRecovery (JR, ours); seed17",PROPOSED_FULL_FRAMEWORK
test,quality,FullCapacity-seed17,11,JR-DUAL-r011-R8-g0340,False,1,True,1.0,10.0,961749.203495802,964940.392041908,3191.1885461059865,0.33181088526057884,1.579487655311823,5.91720312833786,1.0,1.0,0.0,0.0,1.0,0.0,0.0,0.0,8.0,8.0,0.0,3191.1885461059865,964940.392041908,2574.4641978610307,616.7243482449558,JointRecovery（本文方法，JR；完整框架 STK 迁移）；seed17,"JointRecovery (JR, ours); seed17",PROPOSED_FULL_FRAMEWORK
test,quality,FullCapacity-seed17,11,JR-DUAL-r011-R8-g0680,False,1,True,1.0,10.0,730874.623950481,731929.972561589,1055.3486111080274,0.14439530071569848,1.837856236845255,6.714328169822693,1.0,1.0,0.0,0.0,1.0,0.0,0.0,0.0,8.0,8.0,0.0,1055.3486111080274,731929.972561589,1055.3486111080274,0.0,JointRecovery（本文方法，JR；完整框架 STK 迁移）；seed17,"JointRecovery (JR, ours); seed17",PROPOSED_FULL_FRAMEWORK
test,quality,FullCapacity-seed29,8,JR-DUAL-r008-R12-g0170,False,1,True,1.0,10.0,1308539.931227763,1310601.940398075,2062.009170311969,0.1575809129781197,4.6191589049994946,9.977288194000721,1.0,1.0,0.0,0.0,1.0,0.0,0.0,0.0,8.0,8.0,0.0,2062.009170311969,1310601.940398075,1545.2884029019624,516.7207674100064,JointRecovery（本文方法，JR；完整框架 STK 迁移）；seed29,"JointRecovery (JR, ours); seed29",PROPOSED_FULL_FRAMEWORK
test,quality,FullCapacity-seed29,8,JR-DUAL-r008-R12-g0340,False,1,True,1.0,10.0,1206858.411921518,1210753.609808727,3895.1978872090112,0.32275516736111676,3.533295389264822,10.37108276039362,1.0,1.0,0.0,0.0,1.0,0.0,0.0,0.0,8.0,8.0,0.0,3895.1978872090112,1210753.609808727,2293.9027097311337,1601.2951774778776,JointRecovery（本文方法，JR；完整框架 STK 迁移）；seed29,"JointRecovery (JR, ours); seed29",PROPOSED_FULL_FRAMEWORK
test,quality,FullCapacity-seed29,8,JR-DUAL-r008-R12-g0680,False,1,True,1.0,10.0,996252.482559234,998653.972644334,2401.49008509994,0.241052356419815,3.3404646776616573,7.914097834378481,1.0,1.0,0.0,0.0,1.0,0.0,0.0,0.0,8.0,8.0,0.0,2401.49008509994,998653.972644334,1752.890491288039,648.5995938119013,JointRecovery（本文方法，JR；完整框架 STK 迁移）；seed29,"JointRecovery (JR, ours); seed29",PROPOSED_FULL_FRAMEWORK
test,quality,FullCapacity-seed29,8,JR-DUAL-r008-R8-g0170,False,1,True,1.0,10.0,1064212.05311729,1067758.36865486,3546.3155375700444,0.33323391961049276,4.031304772943258,8.523069582879543,1.0,1.0,0.0,0.0,1.0,0.0,0.0,0.0,8.0,8.0,0.0,3546.3155375700444,1067758.36865486,2186.9149603929836,1359.4005771770608,JointRecovery（本文方法，JR；完整框架 STK 迁移）；seed29,"JointRecovery (JR, ours); seed29",PROPOSED_FULL_FRAMEWORK
test,quality,FullCapacity-seed29,8,JR-DUAL-r008-R8-g0340,False,1,True,1.0,10.0,964674.094508257,967744.796548355,3070.7020400980255,0.318314968503774,2.98377226293087,7.116978008300066,1.0,1.0,0.0,0.0,1.0,0.0,0.0,0.0,8.0,8.0,0.0,3070.7020400980255,967744.796548355,2213.5059239330003,857.1961161650252,JointRecovery（本文方法，JR；完整框架 STK 迁移）；seed29,"JointRecovery (JR, ours); seed29",PROPOSED_FULL_FRAMEWORK
test,quality,FullCapacity-seed29,8,JR-DUAL-r008-R8-g0680,False,1,True,1.0,10.0,725058.74017615,727062.211266697,2003.471090547042,0.2763184524967325,2.8227721229195595,6.716943334788084,1.0,1.0,0.0,0.0,1.0,0.0,0.0,0.0,8.0,8.0,0.0,2003.471090547042,727062.211266697,1072.9688282109564,930.5022623360856,JointRecovery（本文方法，JR；完整框架 STK 迁移）；seed29,"JointRecovery (JR, ours); seed29",PROPOSED_FULL_FRAMEWORK
test,quality,FullCapacity-seed29,9,JR-DUAL-r009-R12-g0170,False,1,True,1.0,10.0,1303588.958822233,1305244.951142674,1655.9923204411753,0.12703331899476442,4.649678912013769,9.16931850463152,1.0,1.0,0.0,0.0,1.0,0.0,0.0,0.0,8.0,8.0,0.0,1655.9923204411753,1305244.951142674,1480.9733000150882,175.01902042608708,JointRecovery（本文方法，JR；完整框架 STK 迁移）；seed29,"JointRecovery (JR, ours); seed29",PROPOSED_FULL_FRAMEWORK
test,quality,FullCapacity-seed29,9,JR-DUAL-r009-R12-g0340,False,1,True,1.0,10.0,1201896.359864861,1204184.639125805,2288.2792609441094,0.19038906659151536,4.88061336427927,10.22754830121994,1.0,1.0,0.0,0.0,1.0,0.0,0.0,0.0,8.0,8.0,0.0,2288.2792609441094,1204184.639125805,1088.1848472019192,1200.0944137421902,JointRecovery（本文方法，JR；完整框架 STK 迁移）；seed29,"JointRecovery (JR, ours); seed29",PROPOSED_FULL_FRAMEWORK
test,quality,FullCapacity-seed29,9,JR-DUAL-r009-R12-g0680,False,1,True,1.0,10.0,995328.900324943,996691.239721992,1362.3393970490433,0.136873288478239,4.30369945988059,9.219764906913042,1.0,1.0,0.0,0.0,1.0,0.0,0.0,0.0,8.0,8.0,0.0,1362.3393970490433,996691.239721992,1132.9280402449658,229.4113568040775,JointRecovery（本文方法，JR；完整框架 STK 迁移）；seed29,"JointRecovery (JR, ours); seed29",PROPOSED_FULL_FRAMEWORK
test,quality,FullCapacity-seed29,9,JR-DUAL-r009-R8-g0170,False,1,True,1.0,10.0,1069460.8401523,1072358.373683807,2897.5335315070115,0.270934046644885,2.8001282401382923,6.914840690791607,1.0,1.0,0.0,0.0,1.0,0.0,0.0,0.0,7.0,7.0,0.0,2897.5335315070115,1072358.373683807,1700.94802728598,1196.5855042210314,JointRecovery（本文方法，JR；完整框架 STK 迁移）；seed29,"JointRecovery (JR, ours); seed29",PROPOSED_FULL_FRAMEWORK
test,quality,FullCapacity-seed29,9,JR-DUAL-r009-R8-g0340,False,1,True,1.0,10.0,958942.247525348,962784.318409774,3842.070884426008,0.40065717141369867,2.8837657049298286,7.355266887694597,1.0,1.0,0.0,0.0,1.0,0.0,0.0,0.0,8.0,8.0,0.0,3842.070884426008,962784.318409774,2413.828959963983,1428.241924462025,JointRecovery（本文方法，JR；完整框架 STK 迁移）；seed29,"JointRecovery (JR, ours); seed29",PROPOSED_FULL_FRAMEWORK
test,quality,FullCapacity-seed29,9,JR-DUAL-r009-R8-g0680,False,1,True,1.0,10.0,727027.842792866,728717.263461693,1689.4206688269041,0.2323735859051864,3.8517324551939964,7.857719749212265,1.0,1.0,0.0,0.0,1.0,0.0,0.0,0.0,8.0,8.0,0.0,1689.4206688269041,728717.263461693,856.4749668039149,832.9457020229893,JointRecovery（本文方法，JR；完整框架 STK 迁移）；seed29,"JointRecovery (JR, ours); seed29",PROPOSED_FULL_FRAMEWORK
test,quality,FullCapacity-seed29,10,JR-DUAL-r010-R12-g0170,False,1,True,1.0,10.0,1304524.980145348,1306337.307063753,1812.326918405015,0.13892619505094403,4.792870793491602,10.038110230118036,1.0,1.0,0.0,0.0,1.0,0.0,0.0,0.0,8.0,8.0,0.0,1812.326918405015,1306337.307063753,1409.6677442491055,402.65917415590957,JointRecovery（本文方法，JR；完整框架 STK 迁移）；seed29,"JointRecovery (JR, ours); seed29",PROPOSED_FULL_FRAMEWORK
test,quality,FullCapacity-seed29,10,JR-DUAL-r010-R12-g0340,False,1,True,1.0,10.0,1204766.032426266,1208402.552936319,3636.5205100530293,0.3018445417762549,3.4454600885510445,8.622828401625156,1.0,1.0,0.0,0.0,1.0,0.0,0.0,0.0,8.0,8.0,0.0,3636.5205100530293,1208402.552936319,2638.0165747040883,998.503935348941,JointRecovery（本文方法，JR；完整框架 STK 迁移）；seed29,"JointRecovery (JR, ours); seed29",PROPOSED_FULL_FRAMEWORK
test,quality,FullCapacity-seed29,10,JR-DUAL-r010-R12-g0680,False,1,True,1.0,10.0,997301.877515741,1000413.196392745,3111.3188770039706,0.3119736307680683,3.14195317029953,7.726589035242796,1.0,1.0,0.0,0.0,1.0,0.0,0.0,0.0,8.0,8.0,0.0,3111.3188770039706,1000413.196392745,1689.2379566929303,1422.0809203110402,JointRecovery（本文方法，JR；完整框架 STK 迁移）；seed29,"JointRecovery (JR, ours); seed29",PROPOSED_FULL_FRAMEWORK
test,quality,FullCapacity-seed29,10,JR-DUAL-r010-R8-g0170,False,1,True,1.0,10.0,1063723.76085508,1067005.870427666,3282.109572585905,0.30854905130139837,3.9976946339011192,8.168479572981596,1.0,1.0,0.0,0.0,1.0,0.0,0.0,0.0,8.0,8.0,0.0,3282.109572585905,1067005.870427666,1999.1203333488666,1282.9892392370384,JointRecovery（本文方法，JR；完整框架 STK 迁移）；seed29,"JointRecovery (JR, ours); seed29",PROPOSED_FULL_FRAMEWORK
test,quality,FullCapacity-seed29,10,JR-DUAL-r010-R8-g0340,False,1,True,1.0,10.0,961329.66255596,965900.661665852,4570.999109891942,0.4754871599133517,2.7501601688563824,6.610848348587751,1.0,1.0,0.0,0.0,1.0,0.0,0.0,0.0,8.0,8.0,0.0,4570.999109891942,965900.661665852,2815.9254813429434,1755.0736285489984,JointRecovery（本文方法，JR；完整框架 STK 迁移）；seed29,"JointRecovery (JR, ours); seed29",PROPOSED_FULL_FRAMEWORK
test,quality,FullCapacity-seed29,10,JR-DUAL-r010-R8-g0680,False,1,True,1.0,10.0,729720.170020981,731563.110028289,1842.9400073080324,0.2525543465867257,3.774609088897705,8.358137175440788,1.0,1.0,0.0,0.0,1.0,0.0,0.0,0.0,8.0,8.0,0.0,1842.9400073080324,731563.110028289,1249.4284307870548,593.5115765209775,JointRecovery（本文方法，JR；完整框架 STK 迁移）；seed29,"JointRecovery (JR, ours); seed29",PROPOSED_FULL_FRAMEWORK
test,quality,FullCapacity-seed29,11,JR-DUAL-r011-R12-g0170,False,1,True,1.0,10.0,1309710.108432145,1311148.438464307,1438.3300321619026,0.10982048797681866,5.396507937461138,10.390481922775507,1.0,1.0,0.0,0.0,1.0,0.0,0.0,0.0,8.0,8.0,0.0,1438.3300321619026,1311148.438464307,1187.9974463549443,250.33258580695838,JointRecovery（本文方法，JR；完整框架 STK 迁移）；seed29,"JointRecovery (JR, ours); seed29",PROPOSED_FULL_FRAMEWORK
test,quality,FullCapacity-seed29,11,JR-DUAL-r011-R12-g0340,False,1,True,1.0,10.0,1207263.813126226,1211168.326449476,3904.513323249994,0.32341840124729687,3.4630810134112835,8.666895192116499,1.0,1.0,0.0,0.0,1.0,0.0,0.0,0.0,8.0,8.0,0.0,3904.513323249994,1211168.326449476,3230.222770435037,674.2905528149568,JointRecovery（本文方法，JR；完整框架 STK 迁移）；seed29,"JointRecovery (JR, ours); seed29",PROPOSED_FULL_FRAMEWORK
test,quality,FullCapacity-seed29,11,JR-DUAL-r011-R12-g0680,False,1,True,1.0,10.0,996565.623874682,998503.525917519,1937.9020428369986,0.19445804635547909,3.0712227188050747,8.124681871384382,1.0,1.0,0.0,0.0,1.0,0.0,0.0,0.0,8.0,8.0,0.0,1937.9020428369986,998503.525917519,1146.2667337020393,791.6353091349592,JointRecovery（本文方法，JR；完整框架 STK 迁移）；seed29,"JointRecovery (JR, ours); seed29",PROPOSED_FULL_FRAMEWORK
test,quality,FullCapacity-seed29,11,JR-DUAL-r011-R8-g0170,False,1,True,1.0,10.0,1065376.358638791,1069164.206413786,3787.8477749950252,0.35554081374911295,2.7968603521585464,6.619356248527765,1.0,1.0,0.0,0.0,1.0,0.0,0.0,0.0,7.0,7.0,0.0,3787.8477749950252,1069164.206413786,2622.570562876994,1165.2772121180315,JointRecovery（本文方法，JR；完整框架 STK 迁移）；seed29,"JointRecovery (JR, ours); seed29",PROPOSED_FULL_FRAMEWORK
test,quality,FullCapacity-seed29,11,JR-DUAL-r011-R8-g0340,False,1,True,1.0,10.0,961749.203495802,964940.392041908,3191.1885461059865,0.33181088526057884,2.689731240272522,7.457138795405626,1.0,1.0,0.0,0.0,1.0,0.0,0.0,0.0,8.0,8.0,0.0,3191.1885461059865,964940.392041908,2574.4641978610307,616.7243482449558,JointRecovery（本文方法，JR；完整框架 STK 迁移）；seed29,"JointRecovery (JR, ours); seed29",PROPOSED_FULL_FRAMEWORK
test,quality,FullCapacity-seed29,11,JR-DUAL-r011-R8-g0680,False,1,True,1.0,10.0,730874.623950481,731929.972561589,1055.3486111080274,0.14439530071569848,3.7711655721068382,8.61388997361064,1.0,1.0,0.0,0.0,1.0,0.0,0.0,0.0,8.0,8.0,0.0,1055.3486111080274,731929.972561589,1055.3486111080274,0.0,JointRecovery（本文方法，JR；完整框架 STK 迁移）；seed29,"JointRecovery (JR, ours); seed29",PROPOSED_FULL_FRAMEWORK
test,quality,FullCheapSummary-mean17/29,8,JR-DUAL-r008-R12-g0170,False,2,True,2.0,10.0,1308539.931227763,1310601.940398075,2062.009170311969,0.1575809129781197,3.3522771541029215,8.476104585453868,1.0,1.0,0.0,0.0,1.0,0.0,0.0,0.0,7.0,7.0,0.0,2062.009170311969,1310601.940398075,1545.2884029019624,516.7207674100064,JR-CheapSummary（简化表示消融）；两种子均值,JR-CheapSummary; 2-seed mean,SIMPLIFIED_REPRESENTATION_ABLATION
test,quality,FullCheapSummary-mean17/29,8,JR-DUAL-r008-R12-g0340,False,2,True,2.0,10.0,1206858.411921518,1210753.609808727,3895.1978872090112,0.32275516736111676,3.4319102112203836,8.424320571124554,1.0,1.0,0.0,0.0,1.0,0.0,0.0,0.0,8.0,8.0,0.0,3895.1978872090112,1210753.609808727,2293.9027097311337,1601.2951774778776,JR-CheapSummary（简化表示消融）；两种子均值,JR-CheapSummary; 2-seed mean,SIMPLIFIED_REPRESENTATION_ABLATION
test,quality,FullCheapSummary-mean17/29,8,JR-DUAL-r008-R12-g0680,False,2,True,2.0,10.0,996252.482559234,998653.972644334,2401.49008509994,0.241052356419815,3.049501145258546,8.370922887697816,1.0,1.0,0.0,0.0,1.0,0.0,0.0,0.0,8.0,8.0,0.0,2401.49008509994,998653.972644334,1752.890491288039,648.5995938119013,JR-CheapSummary（简化表示消融）；两种子均值,JR-CheapSummary; 2-seed mean,SIMPLIFIED_REPRESENTATION_ABLATION
test,quality,FullCheapSummary-mean17/29,8,JR-DUAL-r008-R8-g0170,False,2,True,2.0,10.0,1064212.05311729,1067750.4991761805,3538.4460588905495,0.3324944543266291,3.3851609136909246,7.676592342555523,1.0,1.0,0.0,0.0,1.0,0.0,0.0,0.0,7.5,7.5,0.0,3538.4460588905495,1067750.4991761805,2186.9149603929836,1351.5310984975658,JR-CheapSummary（简化表示消融）；两种子均值,JR-CheapSummary; 2-seed mean,SIMPLIFIED_REPRESENTATION_ABLATION
test,quality,FullCheapSummary-mean17/29,8,JR-DUAL-r008-R8-g0340,False,2,True,2.0,10.0,964674.094508257,967744.796548355,3070.7020400980255,0.318314968503774,3.311835305765271,7.989723600447178,1.0,1.0,0.0,0.0,1.0,0.0,0.0,0.0,8.0,8.0,0.0,3070.7020400980255,967744.796548355,2213.5059239330003,857.1961161650252,JR-CheapSummary（简化表示消融）；两种子均值,JR-CheapSummary; 2-seed mean,SIMPLIFIED_REPRESENTATION_ABLATION
test,quality,FullCheapSummary-mean17/29,8,JR-DUAL-r008-R8-g0680,False,2,True,2.0,10.0,725058.74017615,727062.211266697,2003.471090547042,0.2763184524967325,3.214523036032915,7.831411026418209,1.0,1.0,0.0,0.0,1.0,0.0,0.0,0.0,8.0,8.0,0.0,2003.471090547042,727062.211266697,1072.9688282109564,930.5022623360856,JR-CheapSummary（简化表示消融）；两种子均值,JR-CheapSummary; 2-seed mean,SIMPLIFIED_REPRESENTATION_ABLATION
test,quality,FullCheapSummary-mean17/29,9,JR-DUAL-r009-R12-g0170,False,2,True,2.0,10.0,1303588.958822233,1305244.951142674,1655.9923204411753,0.12703331899476442,3.3977119475603104,8.145108876749873,1.0,1.0,0.0,0.0,1.0,0.0,0.0,0.0,8.0,8.0,0.0,1655.9923204411753,1305244.951142674,1480.9733000150882,175.01902042608708,JR-CheapSummary（简化表示消融）；两种子均值,JR-CheapSummary; 2-seed mean,SIMPLIFIED_REPRESENTATION_ABLATION
test,quality,FullCheapSummary-mean17/29,9,JR-DUAL-r009-R12-g0340,False,2,True,2.0,10.0,1201896.359864861,1204184.639125805,2288.2792609441094,0.19038906659151536,4.071288326755166,9.184321705251932,1.0,1.0,0.0,0.0,1.0,0.0,0.0,0.0,7.5,7.5,0.0,2288.2792609441094,1204184.639125805,1088.1848472019192,1200.0944137421902,JR-CheapSummary（简化表示消融）；两种子均值,JR-CheapSummary; 2-seed mean,SIMPLIFIED_REPRESENTATION_ABLATION
test,quality,FullCheapSummary-mean17/29,9,JR-DUAL-r009-R12-g0680,False,2,True,2.0,10.0,995328.900324943,996691.239721992,1362.3393970490433,0.136873288478239,3.6398234721273184,8.391441321000457,1.0,1.0,0.0,0.0,1.0,0.0,0.0,0.0,8.0,8.0,0.0,1362.3393970490433,996691.239721992,1132.9280402449658,229.4113568040775,JR-CheapSummary（简化表示消融）；两种子均值,JR-CheapSummary; 2-seed mean,SIMPLIFIED_REPRESENTATION_ABLATION
test,quality,FullCheapSummary-mean17/29,9,JR-DUAL-r009-R8-g0170,False,2,True,2.0,10.0,1069460.8401523,1072358.373683807,2897.5335315070115,0.270934046644885,2.7329334653913975,6.9918371718376875,1.0,1.0,0.0,0.0,1.0,0.0,0.0,0.0,7.0,7.0,0.0,2897.5335315070115,1072358.373683807,1700.94802728598,1196.5855042210314,JR-CheapSummary（简化表示消融）；两种子均值,JR-CheapSummary; 2-seed mean,SIMPLIFIED_REPRESENTATION_ABLATION
test,quality,FullCheapSummary-mean17/29,9,JR-DUAL-r009-R8-g0340,False,2,True,2.0,10.0,958942.247525348,962784.318409774,3842.070884426008,0.40065717141369867,2.696970656514168,7.893086321651936,1.0,1.0,0.0,0.0,1.0,0.0,0.0,0.0,8.0,8.0,0.0,3842.070884426008,962784.318409774,2413.828959963983,1428.241924462025,JR-CheapSummary（简化表示消融）；两种子均值,JR-CheapSummary; 2-seed mean,SIMPLIFIED_REPRESENTATION_ABLATION
test,quality,FullCheapSummary-mean17/29,9,JR-DUAL-r009-R8-g0680,False,2,True,2.0,10.0,727027.842792866,728717.263461693,1689.4206688269041,0.2323735859051864,2.569135492667556,6.7530963234603405,1.0,1.0,0.0,0.0,1.0,0.0,0.0,0.0,8.0,8.0,0.0,1689.4206688269041,728717.263461693,856.4749668039149,832.9457020229893,JR-CheapSummary（简化表示消融）；两种子均值,JR-CheapSummary; 2-seed mean,SIMPLIFIED_REPRESENTATION_ABLATION
test,quality,FullCheapSummary-mean17/29,10,JR-DUAL-r010-R12-g0170,False,2,True,2.0,10.0,1304524.980145348,1306337.307063753,1812.326918405015,0.13892619505094403,3.9309599585831165,9.000671966001391,1.0,1.0,0.0,0.0,1.0,0.0,0.0,0.0,8.0,8.0,0.0,1812.326918405015,1306337.307063753,1409.6677442491055,402.65917415590957,JR-CheapSummary（简化表示消融）；两种子均值,JR-CheapSummary; 2-seed mean,SIMPLIFIED_REPRESENTATION_ABLATION
test,quality,FullCheapSummary-mean17/29,10,JR-DUAL-r010-R12-g0340,False,2,True,2.0,10.0,1204766.032426266,1208402.552936319,3636.5205100530293,0.3018445417762549,2.675231808796525,7.742727752774954,1.0,1.0,0.0,0.0,1.0,0.0,0.0,0.0,8.0,8.0,0.0,3636.5205100530293,1208402.552936319,2638.0165747040883,998.503935348941,JR-CheapSummary（简化表示消融）；两种子均值,JR-CheapSummary; 2-seed mean,SIMPLIFIED_REPRESENTATION_ABLATION
test,quality,FullCheapSummary-mean17/29,10,JR-DUAL-r010-R12-g0680,False,2,True,2.0,10.0,997301.877515741,1000413.196392745,3111.3188770039706,0.3119736307680683,3.018690712749958,8.092411071062088,1.0,1.0,0.0,0.0,1.0,0.0,0.0,0.0,8.0,8.0,0.0,3111.3188770039706,1000413.196392745,1689.2379566929303,1422.0809203110402,JR-CheapSummary（简化表示消融）；两种子均值,JR-CheapSummary; 2-seed mean,SIMPLIFIED_REPRESENTATION_ABLATION
test,quality,FullCheapSummary-mean17/29,10,JR-DUAL-r010-R8-g0170,False,2,True,2.0,10.0,1063723.76085508,1067005.870427666,3282.109572585905,0.30854905130139837,3.9055094216018915,7.933357622474432,1.0,1.0,0.0,0.0,1.0,0.0,0.0,0.0,8.0,8.0,0.0,3282.109572585905,1067005.870427666,1999.1203333488666,1282.9892392370384,JR-CheapSummary（简化表示消融）；两种子均值,JR-CheapSummary; 2-seed mean,SIMPLIFIED_REPRESENTATION_ABLATION
test,quality,FullCheapSummary-mean17/29,10,JR-DUAL-r010-R8-g0340,False,2,True,2.0,10.0,961329.66255596,965900.661665852,4570.999109891942,0.4754871599133517,2.65898809581995,7.262300428003073,1.0,1.0,0.0,0.0,1.0,0.0,0.0,0.0,8.0,8.0,0.0,4570.999109891942,965900.661665852,2815.9254813429434,1755.0736285489984,JR-CheapSummary（简化表示消融）；两种子均值,JR-CheapSummary; 2-seed mean,SIMPLIFIED_REPRESENTATION_ABLATION
test,quality,FullCheapSummary-mean17/29,10,JR-DUAL-r010-R8-g0680,False,2,True,2.0,10.0,729720.170020981,731036.045048618,1315.8750276369974,0.18032597723030777,2.465700590983033,7.090366389602423,1.0,1.0,0.0,0.0,1.0,0.0,0.0,0.0,8.0,8.0,0.0,1315.8750276369974,731036.045048618,1249.4284307870548,66.44659684994258,JR-CheapSummary（简化表示消融）；两种子均值,JR-CheapSummary; 2-seed mean,SIMPLIFIED_REPRESENTATION_ABLATION
test,quality,FullCheapSummary-mean17/29,11,JR-DUAL-r011-R12-g0170,False,2,True,2.0,10.0,1309710.108432145,1311148.438464307,1438.3300321619026,0.10982048797681866,4.483002416789532,8.932336691766977,1.0,1.0,0.0,0.0,1.0,0.0,0.0,0.0,8.0,8.0,0.0,1438.3300321619026,1311148.438464307,1187.9974463549443,250.33258580695838,JR-CheapSummary（简化表示消融）；两种子均值,JR-CheapSummary; 2-seed mean,SIMPLIFIED_REPRESENTATION_ABLATION
test,quality,FullCheapSummary-mean17/29,11,JR-DUAL-r011-R12-g0340,False,2,True,2.0,10.0,1207263.813126226,1211168.326449476,3904.513323249994,0.32341840124729687,3.1777391396462917,8.295825460925698,1.0,1.0,0.0,0.0,1.0,0.0,0.0,0.0,8.0,8.0,0.0,3904.513323249994,1211168.326449476,3230.222770435037,674.2905528149568,JR-CheapSummary（简化表示消融）；两种子均值,JR-CheapSummary; 2-seed mean,SIMPLIFIED_REPRESENTATION_ABLATION
test,quality,FullCheapSummary-mean17/29,11,JR-DUAL-r011-R12-g0680,False,2,True,2.0,10.0,996565.623874682,998503.525917519,1937.9020428369986,0.19445804635547909,2.4335026685148478,7.475100116804242,1.0,1.0,0.0,0.0,1.0,0.0,0.0,0.0,8.0,8.0,0.0,1937.9020428369986,998503.525917519,1146.2667337020393,791.6353091349592,JR-CheapSummary（简化表示消融）；两种子均值,JR-CheapSummary; 2-seed mean,SIMPLIFIED_REPRESENTATION_ABLATION
test,quality,FullCheapSummary-mean17/29,11,JR-DUAL-r011-R8-g0170,False,2,True,2.0,10.0,1065376.358638791,1069164.206413786,3787.8477749950252,0.35554081374911295,2.689070574939251,6.817918587476015,1.0,1.0,0.0,0.0,1.0,0.0,0.0,0.0,7.0,7.0,0.0,3787.8477749950252,1069164.206413786,2622.570562876994,1165.2772121180315,JR-CheapSummary（简化表示消融）；两种子均值,JR-CheapSummary; 2-seed mean,SIMPLIFIED_REPRESENTATION_ABLATION
test,quality,FullCheapSummary-mean17/29,11,JR-DUAL-r011-R8-g0340,False,2,True,2.0,10.0,961749.203495802,964940.392041908,3191.1885461059865,0.33181088526057884,2.0466223806142807,6.533534191548824,1.0,1.0,0.0,0.0,1.0,0.0,0.0,0.0,8.0,8.0,0.0,3191.1885461059865,964940.392041908,2574.4641978610307,616.7243482449558,JR-CheapSummary（简化表示消融）；两种子均值,JR-CheapSummary; 2-seed mean,SIMPLIFIED_REPRESENTATION_ABLATION
test,quality,FullCheapSummary-mean17/29,11,JR-DUAL-r011-R8-g0680,False,2,True,2.0,10.0,730874.623950481,731929.972561589,1055.3486111080274,0.14439530071569848,2.6024955958127975,6.863027339801192,1.0,1.0,0.0,0.0,1.0,0.0,0.0,0.0,8.0,8.0,0.0,1055.3486111080274,731929.972561589,1055.3486111080274,0.0,JR-CheapSummary（简化表示消融）；两种子均值,JR-CheapSummary; 2-seed mean,SIMPLIFIED_REPRESENTATION_ABLATION
test,quality,FullCheapSummary-seed17,8,JR-DUAL-r008-R12-g0170,False,1,True,1.0,10.0,1308539.931227763,1310601.940398075,2062.009170311969,0.1575809129781197,3.457676786929369,8.646638579666615,1.0,1.0,0.0,0.0,1.0,0.0,0.0,0.0,7.0,7.0,0.0,2062.009170311969,1310601.940398075,1545.2884029019624,516.7207674100064,JR-CheapSummary（简化表示消融）；seed17,JR-CheapSummary; seed17,SIMPLIFIED_REPRESENTATION_ABLATION
test,quality,FullCheapSummary-seed17,8,JR-DUAL-r008-R12-g0340,False,1,True,1.0,10.0,1206858.411921518,1210753.609808727,3895.1978872090112,0.32275516736111676,3.288812518119812,7.776916470378637,1.0,1.0,0.0,0.0,1.0,0.0,0.0,0.0,8.0,8.0,0.0,3895.1978872090112,1210753.609808727,2293.9027097311337,1601.2951774778776,JR-CheapSummary（简化表示消融）；seed17,JR-CheapSummary; seed17,SIMPLIFIED_REPRESENTATION_ABLATION
test,quality,FullCheapSummary-seed17,8,JR-DUAL-r008-R12-g0680,False,1,True,1.0,10.0,996252.482559234,998653.972644334,2401.49008509994,0.241052356419815,3.0333175882697105,8.313154496252537,1.0,1.0,0.0,0.0,1.0,0.0,0.0,0.0,8.0,8.0,0.0,2401.49008509994,998653.972644334,1752.890491288039,648.5995938119013,JR-CheapSummary（简化表示消融）；seed17,JR-CheapSummary; seed17,SIMPLIFIED_REPRESENTATION_ABLATION
test,quality,FullCheapSummary-seed17,8,JR-DUAL-r008-R8-g0170,False,1,True,1.0,10.0,1064212.05311729,1067758.36865486,3546.3155375700444,0.33323391961049276,3.988605957478285,8.080540537834167,1.0,1.0,0.0,0.0,1.0,0.0,0.0,0.0,8.0,8.0,0.0,3546.3155375700444,1067758.36865486,2186.9149603929836,1359.4005771770608,JR-CheapSummary（简化表示消融）；seed17,JR-CheapSummary; seed17,SIMPLIFIED_REPRESENTATION_ABLATION
test,quality,FullCheapSummary-seed17,8,JR-DUAL-r008-R8-g0340,False,1,True,1.0,10.0,964674.094508257,967744.796548355,3070.7020400980255,0.318314968503774,3.944211930036545,8.863770112395287,1.0,1.0,0.0,0.0,1.0,0.0,0.0,0.0,8.0,8.0,0.0,3070.7020400980255,967744.796548355,2213.5059239330003,857.1961161650252,JR-CheapSummary（简化表示消融）；seed17,JR-CheapSummary; seed17,SIMPLIFIED_REPRESENTATION_ABLATION
test,quality,FullCheapSummary-seed17,8,JR-DUAL-r008-R8-g0680,False,1,True,1.0,10.0,725058.74017615,727062.211266697,2003.471090547042,0.2763184524967325,3.7958719842135906,8.006486788392067,1.0,1.0,0.0,0.0,1.0,0.0,0.0,0.0,8.0,8.0,0.0,2003.471090547042,727062.211266697,1072.9688282109564,930.5022623360856,JR-CheapSummary（简化表示消融）；seed17,JR-CheapSummary; seed17,SIMPLIFIED_REPRESENTATION_ABLATION
test,quality,FullCheapSummary-seed17,9,JR-DUAL-r009-R12-g0170,False,1,True,1.0,10.0,1303588.958822233,1305244.951142674,1655.9923204411753,0.12703331899476442,3.528122466057539,7.918514747172594,1.0,1.0,0.0,0.0,1.0,0.0,0.0,0.0,8.0,8.0,0.0,1655.9923204411753,1305244.951142674,1480.9733000150882,175.01902042608708,JR-CheapSummary（简化表示消融）；seed17,JR-CheapSummary; seed17,SIMPLIFIED_REPRESENTATION_ABLATION
test,quality,FullCheapSummary-seed17,9,JR-DUAL-r009-R12-g0340,False,1,True,1.0,10.0,1201896.359864861,1204184.639125805,2288.2792609441094,0.19038906659151536,3.5827344320714474,8.436959113925695,1.0,1.0,0.0,0.0,1.0,0.0,0.0,0.0,7.0,7.0,0.0,2288.2792609441094,1204184.639125805,1088.1848472019192,1200.0944137421902,JR-CheapSummary（简化表示消融）；seed17,JR-CheapSummary; seed17,SIMPLIFIED_REPRESENTATION_ABLATION
test,quality,FullCheapSummary-seed17,9,JR-DUAL-r009-R12-g0680,False,1,True,1.0,10.0,995328.900324943,996691.239721992,1362.3393970490433,0.136873288478239,4.189312033355236,9.12064503133297,1.0,1.0,0.0,0.0,1.0,0.0,0.0,0.0,8.0,8.0,0.0,1362.3393970490433,996691.239721992,1132.9280402449658,229.4113568040775,JR-CheapSummary（简化表示消融）；seed17,JR-CheapSummary; seed17,SIMPLIFIED_REPRESENTATION_ABLATION
test,quality,FullCheapSummary-seed17,9,JR-DUAL-r009-R8-g0170,False,1,True,1.0,10.0,1069460.8401523,1072358.373683807,2897.5335315070115,0.270934046644885,2.716161996126175,6.66593524813652,1.0,1.0,0.0,0.0,1.0,0.0,0.0,0.0,7.0,7.0,0.0,2897.5335315070115,1072358.373683807,1700.94802728598,1196.5855042210314,JR-CheapSummary（简化表示消融）；seed17,JR-CheapSummary; seed17,SIMPLIFIED_REPRESENTATION_ABLATION
test,quality,FullCheapSummary-seed17,9,JR-DUAL-r009-R8-g0340,False,1,True,1.0,10.0,958942.247525348,962784.318409774,3842.070884426008,0.40065717141369867,2.68757177144289,7.362628482282162,1.0,1.0,0.0,0.0,1.0,0.0,0.0,0.0,8.0,8.0,0.0,3842.070884426008,962784.318409774,2413.828959963983,1428.241924462025,JR-CheapSummary（简化表示消融）；seed17,JR-CheapSummary; seed17,SIMPLIFIED_REPRESENTATION_ABLATION
test,quality,FullCheapSummary-seed17,9,JR-DUAL-r009-R8-g0680,False,1,True,1.0,10.0,727027.842792866,728717.263461693,1689.4206688269041,0.2323735859051864,2.5864074118435383,6.757718686014414,1.0,1.0,0.0,0.0,1.0,0.0,0.0,0.0,8.0,8.0,0.0,1689.4206688269041,728717.263461693,856.4749668039149,832.9457020229893,JR-CheapSummary（简化表示消融）；seed17,JR-CheapSummary; seed17,SIMPLIFIED_REPRESENTATION_ABLATION
test,quality,FullCheapSummary-seed17,10,JR-DUAL-r010-R12-g0170,False,1,True,1.0,10.0,1304524.980145348,1306337.307063753,1812.326918405015,0.13892619505094403,4.442797958850861,9.57123376429081,1.0,1.0,0.0,0.0,1.0,0.0,0.0,0.0,8.0,8.0,0.0,1812.326918405015,1306337.307063753,1409.6677442491055,402.65917415590957,JR-CheapSummary（简化表示消融）；seed17,JR-CheapSummary; seed17,SIMPLIFIED_REPRESENTATION_ABLATION
test,quality,FullCheapSummary-seed17,10,JR-DUAL-r010-R12-g0340,False,1,True,1.0,10.0,1204766.032426266,1208402.552936319,3636.5205100530293,0.3018445417762549,3.2459083981812,8.162976503372192,1.0,1.0,0.0,0.0,1.0,0.0,0.0,0.0,8.0,8.0,0.0,3636.5205100530293,1208402.552936319,2638.0165747040883,998.503935348941,JR-CheapSummary（简化表示消融）；seed17,JR-CheapSummary; seed17,SIMPLIFIED_REPRESENTATION_ABLATION
test,quality,FullCheapSummary-seed17,10,JR-DUAL-r010-R12-g0680,False,1,True,1.0,10.0,997301.877515741,1000413.196392745,3111.3188770039706,0.3119736307680683,3.0191748663783073,8.212209858000278,1.0,1.0,0.0,0.0,1.0,0.0,0.0,0.0,8.0,8.0,0.0,3111.3188770039706,1000413.196392745,1689.2379566929303,1422.0809203110402,JR-CheapSummary（简化表示消融）；seed17,JR-CheapSummary; seed17,SIMPLIFIED_REPRESENTATION_ABLATION
test,quality,FullCheapSummary-seed17,10,JR-DUAL-r010-R8-g0170,False,1,True,1.0,10.0,1063723.76085508,1067005.870427666,3282.109572585905,0.30854905130139837,3.91249630600214,8.084215704351664,1.0,1.0,0.0,0.0,1.0,0.0,0.0,0.0,8.0,8.0,0.0,3282.109572585905,1067005.870427666,1999.1203333488666,1282.9892392370384,JR-CheapSummary（简化表示消融）；seed17,JR-CheapSummary; seed17,SIMPLIFIED_REPRESENTATION_ABLATION
test,quality,FullCheapSummary-seed17,10,JR-DUAL-r010-R8-g0340,False,1,True,1.0,10.0,961329.66255596,965900.661665852,4570.999109891942,0.4754871599133517,2.668857179582119,7.312712211161852,1.0,1.0,0.0,0.0,1.0,0.0,0.0,0.0,8.0,8.0,0.0,4570.999109891942,965900.661665852,2815.9254813429434,1755.0736285489984,JR-CheapSummary（简化表示消融）；seed17,JR-CheapSummary; seed17,SIMPLIFIED_REPRESENTATION_ABLATION
test,quality,FullCheapSummary-seed17,10,JR-DUAL-r010-R8-g0680,False,1,True,1.0,10.0,729720.170020981,731036.045048618,1315.8750276369974,0.18032597723030777,2.4708382822573185,7.111215632408857,1.0,1.0,0.0,0.0,1.0,0.0,0.0,0.0,8.0,8.0,0.0,1315.8750276369974,731036.045048618,1249.4284307870548,66.44659684994258,JR-CheapSummary（简化表示消融）；seed17,JR-CheapSummary; seed17,SIMPLIFIED_REPRESENTATION_ABLATION
test,quality,FullCheapSummary-seed17,11,JR-DUAL-r011-R12-g0170,False,1,True,1.0,10.0,1309710.108432145,1311148.438464307,1438.3300321619026,0.10982048797681866,4.495941367000341,9.033312551677227,1.0,1.0,0.0,0.0,1.0,0.0,0.0,0.0,8.0,8.0,0.0,1438.3300321619026,1311148.438464307,1187.9974463549443,250.33258580695838,JR-CheapSummary（简化表示消融）；seed17,JR-CheapSummary; seed17,SIMPLIFIED_REPRESENTATION_ABLATION
test,quality,FullCheapSummary-seed17,11,JR-DUAL-r011-R12-g0340,False,1,True,1.0,10.0,1207263.813126226,1211168.326449476,3904.513323249994,0.32341840124729687,3.144345700740814,8.27721244841814,1.0,1.0,0.0,0.0,1.0,0.0,0.0,0.0,8.0,8.0,0.0,3904.513323249994,1211168.326449476,3230.222770435037,674.2905528149568,JR-CheapSummary（简化表示消融）；seed17,JR-CheapSummary; seed17,SIMPLIFIED_REPRESENTATION_ABLATION
test,quality,FullCheapSummary-seed17,11,JR-DUAL-r011-R12-g0680,False,1,True,1.0,10.0,996565.623874682,998503.525917519,1937.9020428369986,0.19445804635547909,2.985409215092659,7.87376793846488,1.0,1.0,0.0,0.0,1.0,0.0,0.0,0.0,8.0,8.0,0.0,1937.9020428369986,998503.525917519,1146.2667337020393,791.6353091349592,JR-CheapSummary（简化表示消融）；seed17,JR-CheapSummary; seed17,SIMPLIFIED_REPRESENTATION_ABLATION
test,quality,FullCheapSummary-seed17,11,JR-DUAL-r011-R8-g0170,False,1,True,1.0,10.0,1065376.358638791,1069164.206413786,3787.8477749950252,0.35554081374911295,2.6917653754353523,6.867697324603796,1.0,1.0,0.0,0.0,1.0,0.0,0.0,0.0,7.0,7.0,0.0,3787.8477749950252,1069164.206413786,2622.570562876994,1165.2772121180315,JR-CheapSummary（简化表示消融）；seed17,JR-CheapSummary; seed17,SIMPLIFIED_REPRESENTATION_ABLATION
test,quality,FullCheapSummary-seed17,11,JR-DUAL-r011-R8-g0340,False,1,True,1.0,10.0,961749.203495802,964940.392041908,3191.1885461059865,0.33181088526057884,2.6355095617473125,7.667421881109476,1.0,1.0,0.0,0.0,1.0,0.0,0.0,0.0,8.0,8.0,0.0,3191.1885461059865,964940.392041908,2574.4641978610307,616.7243482449558,JR-CheapSummary（简化表示消融）；seed17,JR-CheapSummary; seed17,SIMPLIFIED_REPRESENTATION_ABLATION
test,quality,FullCheapSummary-seed17,11,JR-DUAL-r011-R8-g0680,False,1,True,1.0,10.0,730874.623950481,731929.972561589,1055.3486111080274,0.14439530071569848,2.531753271818161,6.915512982755899,1.0,1.0,0.0,0.0,1.0,0.0,0.0,0.0,8.0,8.0,0.0,1055.3486111080274,731929.972561589,1055.3486111080274,0.0,JR-CheapSummary（简化表示消融）；seed17,JR-CheapSummary; seed17,SIMPLIFIED_REPRESENTATION_ABLATION
test,quality,FullCheapSummary-seed29,8,JR-DUAL-r008-R12-g0170,False,1,True,1.0,10.0,1308539.931227763,1310601.940398075,2062.009170311969,0.1575809129781197,3.246877521276474,8.305570591241121,1.0,1.0,0.0,0.0,1.0,0.0,0.0,0.0,7.0,7.0,0.0,2062.009170311969,1310601.940398075,1545.2884029019624,516.7207674100064,JR-CheapSummary（简化表示消融）；seed29,JR-CheapSummary; seed29,SIMPLIFIED_REPRESENTATION_ABLATION
test,quality,FullCheapSummary-seed29,8,JR-DUAL-r008-R12-g0340,False,1,True,1.0,10.0,1206858.411921518,1210753.609808727,3895.1978872090112,0.32275516736111676,3.5750079043209553,9.07172467187047,1.0,1.0,0.0,0.0,1.0,0.0,0.0,0.0,8.0,8.0,0.0,3895.1978872090112,1210753.609808727,2293.9027097311337,1601.2951774778776,JR-CheapSummary（简化表示消融）；seed29,JR-CheapSummary; seed29,SIMPLIFIED_REPRESENTATION_ABLATION
test,quality,FullCheapSummary-seed29,8,JR-DUAL-r008-R12-g0680,False,1,True,1.0,10.0,996252.482559234,998653.972644334,2401.49008509994,0.241052356419815,3.065684702247381,8.428691279143095,1.0,1.0,0.0,0.0,1.0,0.0,0.0,0.0,8.0,8.0,0.0,2401.49008509994,998653.972644334,1752.890491288039,648.5995938119013,JR-CheapSummary（简化表示消融）；seed29,JR-CheapSummary; seed29,SIMPLIFIED_REPRESENTATION_ABLATION
test,quality,FullCheapSummary-seed29,8,JR-DUAL-r008-R8-g0170,False,1,True,1.0,10.0,1064212.05311729,1067742.629697501,3530.5765802110545,0.33175498904276546,2.7817158699035645,7.272644147276878,1.0,1.0,0.0,0.0,1.0,0.0,0.0,0.0,7.0,7.0,0.0,3530.5765802110545,1067742.629697501,2186.9149603929836,1343.661619818071,JR-CheapSummary（简化表示消融）；seed29,JR-CheapSummary; seed29,SIMPLIFIED_REPRESENTATION_ABLATION
test,quality,FullCheapSummary-seed29,8,JR-DUAL-r008-R8-g0340,False,1,True,1.0,10.0,964674.094508257,967744.796548355,3070.7020400980255,0.318314968503774,2.6794586814939976,7.115677088499069,1.0,1.0,0.0,0.0,1.0,0.0,0.0,0.0,8.0,8.0,0.0,3070.7020400980255,967744.796548355,2213.5059239330003,857.1961161650252,JR-CheapSummary（简化表示消融）；seed29,JR-CheapSummary; seed29,SIMPLIFIED_REPRESENTATION_ABLATION
test,quality,FullCheapSummary-seed29,8,JR-DUAL-r008-R8-g0680,False,1,True,1.0,10.0,725058.74017615,727062.211266697,2003.471090547042,0.2763184524967325,2.6331740878522396,7.656335264444351,1.0,1.0,0.0,0.0,1.0,0.0,0.0,0.0,8.0,8.0,0.0,2003.471090547042,727062.211266697,1072.9688282109564,930.5022623360856,JR-CheapSummary（简化表示消融）；seed29,JR-CheapSummary; seed29,SIMPLIFIED_REPRESENTATION_ABLATION
test,quality,FullCheapSummary-seed29,9,JR-DUAL-r009-R12-g0170,False,1,True,1.0,10.0,1303588.958822233,1305244.951142674,1655.9923204411753,0.12703331899476442,3.2673014290630817,8.371703006327152,1.0,1.0,0.0,0.0,1.0,0.0,0.0,0.0,8.0,8.0,0.0,1655.9923204411753,1305244.951142674,1480.9733000150882,175.01902042608708,JR-CheapSummary（简化表示消融）；seed29,JR-CheapSummary; seed29,SIMPLIFIED_REPRESENTATION_ABLATION
test,quality,FullCheapSummary-seed29,9,JR-DUAL-r009-R12-g0340,False,1,True,1.0,10.0,1201896.359864861,1204184.639125805,2288.2792609441094,0.19038906659151536,4.559842221438885,9.931684296578169,1.0,1.0,0.0,0.0,1.0,0.0,0.0,0.0,8.0,8.0,0.0,2288.2792609441094,1204184.639125805,1088.1848472019192,1200.0944137421902,JR-CheapSummary（简化表示消融）；seed29,JR-CheapSummary; seed29,SIMPLIFIED_REPRESENTATION_ABLATION
test,quality,FullCheapSummary-seed29,9,JR-DUAL-r009-R12-g0680,False,1,True,1.0,10.0,995328.900324943,996691.239721992,1362.3393970490433,0.136873288478239,3.0903349108994007,7.662237610667944,1.0,1.0,0.0,0.0,1.0,0.0,0.0,0.0,8.0,8.0,0.0,1362.3393970490433,996691.239721992,1132.9280402449658,229.4113568040775,JR-CheapSummary（简化表示消融）；seed29,JR-CheapSummary; seed29,SIMPLIFIED_REPRESENTATION_ABLATION
test,quality,FullCheapSummary-seed29,9,JR-DUAL-r009-R8-g0170,False,1,True,1.0,10.0,1069460.8401523,1072358.373683807,2897.5335315070115,0.270934046644885,2.74970493465662,7.317739095538855,1.0,1.0,0.0,0.0,1.0,0.0,0.0,0.0,7.0,7.0,0.0,2897.5335315070115,1072358.373683807,1700.94802728598,1196.5855042210314,JR-CheapSummary（简化表示消融）；seed29,JR-CheapSummary; seed29,SIMPLIFIED_REPRESENTATION_ABLATION
test,quality,FullCheapSummary-seed29,9,JR-DUAL-r009-R8-g0340,False,1,True,1.0,10.0,958942.247525348,962784.318409774,3842.070884426008,0.40065717141369867,2.7063695415854454,8.42354416102171,1.0,1.0,0.0,0.0,1.0,0.0,0.0,0.0,8.0,8.0,0.0,3842.070884426008,962784.318409774,2413.828959963983,1428.241924462025,JR-CheapSummary（简化表示消融）；seed29,JR-CheapSummary; seed29,SIMPLIFIED_REPRESENTATION_ABLATION
test,quality,FullCheapSummary-seed29,9,JR-DUAL-r009-R8-g0680,False,1,True,1.0,10.0,727027.842792866,728717.263461693,1689.4206688269041,0.2323735859051864,2.5518635734915733,6.748473960906267,1.0,1.0,0.0,0.0,1.0,0.0,0.0,0.0,8.0,8.0,0.0,1689.4206688269041,728717.263461693,856.4749668039149,832.9457020229893,JR-CheapSummary（简化表示消融）；seed29,JR-CheapSummary; seed29,SIMPLIFIED_REPRESENTATION_ABLATION
test,quality,FullCheapSummary-seed29,10,JR-DUAL-r010-R12-g0170,False,1,True,1.0,10.0,1304524.980145348,1306337.307063753,1812.326918405015,0.13892619505094403,3.4191219583153725,8.430110167711973,1.0,1.0,0.0,0.0,1.0,0.0,0.0,0.0,8.0,8.0,0.0,1812.326918405015,1306337.307063753,1409.6677442491055,402.65917415590957,JR-CheapSummary（简化表示消融）；seed29,JR-CheapSummary; seed29,SIMPLIFIED_REPRESENTATION_ABLATION
test,quality,FullCheapSummary-seed29,10,JR-DUAL-r010-R12-g0340,False,1,True,1.0,10.0,1204766.032426266,1208402.552936319,3636.5205100530293,0.3018445417762549,2.10455521941185,7.322479002177715,1.0,1.0,0.0,0.0,1.0,0.0,0.0,0.0,8.0,8.0,0.0,3636.5205100530293,1208402.552936319,2638.0165747040883,998.503935348941,JR-CheapSummary（简化表示消融）；seed29,JR-CheapSummary; seed29,SIMPLIFIED_REPRESENTATION_ABLATION
test,quality,FullCheapSummary-seed29,10,JR-DUAL-r010-R12-g0680,False,1,True,1.0,10.0,997301.877515741,1000413.196392745,3111.3188770039706,0.3119736307680683,3.0182065591216087,7.9726122841238976,1.0,1.0,0.0,0.0,1.0,0.0,0.0,0.0,8.0,8.0,0.0,3111.3188770039706,1000413.196392745,1689.2379566929303,1422.0809203110402,JR-CheapSummary（简化表示消融）；seed29,JR-CheapSummary; seed29,SIMPLIFIED_REPRESENTATION_ABLATION
test,quality,FullCheapSummary-seed29,10,JR-DUAL-r010-R8-g0170,False,1,True,1.0,10.0,1063723.76085508,1067005.870427666,3282.109572585905,0.30854905130139837,3.898522537201643,7.7824995405972,1.0,1.0,0.0,0.0,1.0,0.0,0.0,0.0,8.0,8.0,0.0,3282.109572585905,1067005.870427666,1999.1203333488666,1282.9892392370384,JR-CheapSummary（简化表示消融）；seed29,JR-CheapSummary; seed29,SIMPLIFIED_REPRESENTATION_ABLATION
test,quality,FullCheapSummary-seed29,10,JR-DUAL-r010-R8-g0340,False,1,True,1.0,10.0,961329.66255596,965900.661665852,4570.999109891942,0.4754871599133517,2.649119012057781,7.211888644844294,1.0,1.0,0.0,0.0,1.0,0.0,0.0,0.0,8.0,8.0,0.0,4570.999109891942,965900.661665852,2815.9254813429434,1755.0736285489984,JR-CheapSummary（简化表示消融）；seed29,JR-CheapSummary; seed29,SIMPLIFIED_REPRESENTATION_ABLATION
test,quality,FullCheapSummary-seed29,10,JR-DUAL-r010-R8-g0680,False,1,True,1.0,10.0,729720.170020981,731036.045048618,1315.8750276369974,0.18032597723030777,2.460562899708748,7.069517146795988,1.0,1.0,0.0,0.0,1.0,0.0,0.0,0.0,8.0,8.0,0.0,1315.8750276369974,731036.045048618,1249.4284307870548,66.44659684994258,JR-CheapSummary（简化表示消融）；seed29,JR-CheapSummary; seed29,SIMPLIFIED_REPRESENTATION_ABLATION
test,quality,FullCheapSummary-seed29,11,JR-DUAL-r011-R12-g0170,False,1,True,1.0,10.0,1309710.108432145,1311148.438464307,1438.3300321619026,0.10982048797681866,4.470063466578722,8.831360831856728,1.0,1.0,0.0,0.0,1.0,0.0,0.0,0.0,8.0,8.0,0.0,1438.3300321619026,1311148.438464307,1187.9974463549443,250.33258580695838,JR-CheapSummary（简化表示消融）；seed29,JR-CheapSummary; seed29,SIMPLIFIED_REPRESENTATION_ABLATION
test,quality,FullCheapSummary-seed29,11,JR-DUAL-r011-R12-g0340,False,1,True,1.0,10.0,1207263.813126226,1211168.326449476,3904.513323249994,0.32341840124729687,3.2111325785517693,8.314438473433256,1.0,1.0,0.0,0.0,1.0,0.0,0.0,0.0,8.0,8.0,0.0,3904.513323249994,1211168.326449476,3230.222770435037,674.2905528149568,JR-CheapSummary（简化表示消融）；seed29,JR-CheapSummary; seed29,SIMPLIFIED_REPRESENTATION_ABLATION
test,quality,FullCheapSummary-seed29,11,JR-DUAL-r011-R12-g0680,False,1,True,1.0,10.0,996565.623874682,998503.525917519,1937.9020428369986,0.19445804635547909,1.8815961219370365,7.076432295143604,1.0,1.0,0.0,0.0,1.0,0.0,0.0,0.0,8.0,8.0,0.0,1937.9020428369986,998503.525917519,1146.2667337020393,791.6353091349592,JR-CheapSummary（简化表示消融）；seed29,JR-CheapSummary; seed29,SIMPLIFIED_REPRESENTATION_ABLATION
test,quality,FullCheapSummary-seed29,11,JR-DUAL-r011-R8-g0170,False,1,True,1.0,10.0,1065376.358638791,1069164.206413786,3787.8477749950252,0.35554081374911295,2.6863757744431496,6.768139850348234,1.0,1.0,0.0,0.0,1.0,0.0,0.0,0.0,7.0,7.0,0.0,3787.8477749950252,1069164.206413786,2622.570562876994,1165.2772121180315,JR-CheapSummary（简化表示消融）；seed29,JR-CheapSummary; seed29,SIMPLIFIED_REPRESENTATION_ABLATION
test,quality,FullCheapSummary-seed29,11,JR-DUAL-r011-R8-g0340,False,1,True,1.0,10.0,961749.203495802,964940.392041908,3191.1885461059865,0.33181088526057884,1.4577351994812489,5.3996465019881725,1.0,1.0,0.0,0.0,1.0,0.0,0.0,0.0,8.0,8.0,0.0,3191.1885461059865,964940.392041908,2574.4641978610307,616.7243482449558,JR-CheapSummary（简化表示消融）；seed29,JR-CheapSummary; seed29,SIMPLIFIED_REPRESENTATION_ABLATION
test,quality,FullCheapSummary-seed29,11,JR-DUAL-r011-R8-g0680,False,1,True,1.0,10.0,730874.623950481,731929.972561589,1055.3486111080274,0.14439530071569848,2.673237919807434,6.810541696846485,1.0,1.0,0.0,0.0,1.0,0.0,0.0,0.0,8.0,8.0,0.0,1055.3486111080274,731929.972561589,1055.3486111080274,0.0,JR-CheapSummary（简化表示消融）；seed29,JR-CheapSummary; seed29,SIMPLIFIED_REPRESENTATION_ABLATION
test,quality,FullP1,8,JR-DUAL-r008-R12-g0170,False,1,True,1.0,10.0,1308539.931227763,1310085.219630665,1545.2884029019624,0.11809256760334899,0.7084261663258076,6.0696074068546295,1.0,1.0,0.0,0.0,1.0,0.0,0.0,0.0,2.0,2.0,0.0,1545.2884029019624,1310085.219630665,1545.2884029019624,0.0,Independent-replacement+CHILS（独立替代估计对照）,Independent-replacement+CHILS,INTERNAL_INDEPENDENT_REPLACEMENT_CONTROL
test,quality,FullP1,8,JR-DUAL-r008-R12-g0340,False,1,True,1.0,10.0,1206858.411921518,1209152.314631249,2293.9027097311337,0.1900722310978354,1.2393881231546402,6.224560044705868,1.0,1.0,0.0,0.0,1.0,0.0,0.0,0.0,6.0,6.0,0.0,2293.9027097311337,1209152.314631249,2293.9027097311337,0.0,Independent-replacement+CHILS（独立替代估计对照）,Independent-replacement+CHILS,INTERNAL_INDEPENDENT_REPLACEMENT_CONTROL
test,quality,FullP1,8,JR-DUAL-r008-R12-g0680,False,1,True,1.0,10.0,996252.482559234,998005.3730505221,1752.890491288039,0.1759484188972967,3.221487581729889,7.907290231436491,1.0,1.0,0.0,0.0,1.0,0.0,0.0,0.0,8.0,8.0,0.0,1752.890491288039,998005.3730505221,1752.890491288039,0.0,Independent-replacement+CHILS（独立替代估计对照）,Independent-replacement+CHILS,INTERNAL_INDEPENDENT_REPLACEMENT_CONTROL
test,quality,FullP1,8,JR-DUAL-r008-R8-g0170,False,1,True,1.0,10.0,1064212.05311729,1066398.968077683,2186.9149603929836,0.20549616535417659,0.5004335269331932,5.01457504555583,1.0,1.0,0.0,0.0,1.0,0.0,0.0,0.0,2.0,2.0,0.0,2186.9149603929836,1066398.968077683,2186.9149603929836,0.0,Independent-replacement+CHILS（独立替代估计对照）,Independent-replacement+CHILS,INTERNAL_INDEPENDENT_REPLACEMENT_CONTROL
test,quality,FullP1,8,JR-DUAL-r008-R8-g0340,False,1,True,1.0,10.0,964674.094508257,966887.60043219,2213.5059239330003,0.22945634557143735,1.1993107497692108,5.622180353850126,1.0,1.0,0.0,0.0,1.0,0.0,0.0,0.0,8.0,8.0,0.0,2213.5059239330003,966887.60043219,2213.5059239330003,0.0,Independent-replacement+CHILS（独立替代估计对照）,Independent-replacement+CHILS,INTERNAL_INDEPENDENT_REPLACEMENT_CONTROL
test,quality,FullP1,8,JR-DUAL-r008-R8-g0680,False,1,True,1.0,10.0,725058.74017615,726131.709004361,1072.9688282109564,0.14798371066463983,1.1961640156805515,5.76130373775959,1.0,1.0,0.0,0.0,1.0,0.0,0.0,0.0,8.0,8.0,0.0,1072.9688282109564,726131.709004361,1072.9688282109564,0.0,Independent-replacement+CHILS（独立替代估计对照）,Independent-replacement+CHILS,INTERNAL_INDEPENDENT_REPLACEMENT_CONTROL
test,quality,FullP1,9,JR-DUAL-r009-R12-g0170,False,1,True,1.0,10.0,1303588.958822233,1305069.932122248,1480.9733000150882,0.11360738290949615,1.1546004302799702,6.230785198509693,1.0,1.0,0.0,0.0,1.0,0.0,0.0,0.0,8.0,8.0,0.0,1480.9733000150882,1305069.932122248,1480.9733000150882,0.0,Independent-replacement+CHILS（独立替代估计对照）,Independent-replacement+CHILS,INTERNAL_INDEPENDENT_REPLACEMENT_CONTROL
test,quality,FullP1,9,JR-DUAL-r009-R12-g0340,False,1,True,1.0,10.0,1201896.359864861,1202984.544712063,1088.1848472019192,0.09053899184154886,0.6075158156454563,6.0614414773881435,1.0,0.0,0.0,1.0,1.0,0.0,0.0,0.0,0.0,0.0,0.0,1088.1848472019192,1202984.544712063,1088.1848472019192,0.0,Independent-replacement+CHILS（独立替代估计对照）,Independent-replacement+CHILS,INTERNAL_INDEPENDENT_REPLACEMENT_CONTROL
test,quality,FullP1,9,JR-DUAL-r009-R12-g0680,False,1,True,1.0,10.0,995328.900324943,996461.828365188,1132.9280402449658,0.11382448956069709,1.2849212512373924,6.282284662127495,1.0,1.0,0.0,0.0,1.0,0.0,0.0,0.0,8.0,8.0,0.0,1132.9280402449658,996461.828365188,1132.9280402449658,0.0,Independent-replacement+CHILS（独立替代估计对照）,Independent-replacement+CHILS,INTERNAL_INDEPENDENT_REPLACEMENT_CONTROL
test,quality,FullP1,9,JR-DUAL-r009-R8-g0170,False,1,True,1.0,10.0,1069460.8401523,1071161.788179586,1700.94802728598,0.15904724730675984,0.4312594011425972,4.31421198323369,1.0,1.0,0.0,0.0,1.0,0.0,0.0,0.0,1.0,1.0,0.0,1700.94802728598,1071161.788179586,1700.94802728598,0.0,Independent-replacement+CHILS（独立替代估计对照）,Independent-replacement+CHILS,INTERNAL_INDEPENDENT_REPLACEMENT_CONTROL
test,quality,FullP1,9,JR-DUAL-r009-R8-g0340,False,1,True,1.0,10.0,958942.247525348,961356.076485312,2413.828959963983,0.25171786582488404,1.1033211573958397,5.254829678684473,1.0,1.0,0.0,0.0,1.0,0.0,0.0,0.0,8.0,8.0,0.0,2413.828959963983,961356.076485312,2413.828959963983,0.0,Independent-replacement+CHILS（独立替代估计对照）,Independent-replacement+CHILS,INTERNAL_INDEPENDENT_REPLACEMENT_CONTROL
test,quality,FullP1,9,JR-DUAL-r009-R8-g0680,False,1,True,1.0,10.0,727027.842792866,727884.31775967,856.4749668039149,0.1178049747742507,3.0731436870992184,7.918716710060835,1.0,1.0,0.0,0.0,1.0,0.0,0.0,0.0,8.0,8.0,0.0,856.4749668039149,727884.31775967,856.4749668039149,0.0,Independent-replacement+CHILS（独立替代估计对照）,Independent-replacement+CHILS,INTERNAL_INDEPENDENT_REPLACEMENT_CONTROL
test,quality,FullP1,10,JR-DUAL-r010-R12-g0170,False,1,True,1.0,10.0,1304524.980145348,1306303.631660412,1778.6515150640626,0.13634476473312823,0.9991954527795315,5.680541668087244,1.0,1.0,0.0,0.0,1.0,0.0,0.0,0.0,6.0,6.0,0.0,1778.6515150640626,1306303.631660412,1409.6677442491055,368.9837708149571,Independent-replacement+CHILS（独立替代估计对照）,Independent-replacement+CHILS,INTERNAL_INDEPENDENT_REPLACEMENT_CONTROL
test,quality,FullP1,10,JR-DUAL-r010-R12-g0340,False,1,True,1.0,10.0,1204766.032426266,1207404.04900097,2638.0165747040883,0.2189650524418765,1.1655164957046509,6.671603802591562,1.0,1.0,0.0,0.0,1.0,0.0,0.0,0.0,6.0,6.0,0.0,2638.0165747040883,1207404.04900097,2638.0165747040883,0.0,Independent-replacement+CHILS（独立替代估计对照）,Independent-replacement+CHILS,INTERNAL_INDEPENDENT_REPLACEMENT_CONTROL
test,quality,FullP1,10,JR-DUAL-r010-R12-g0680,False,1,True,1.0,10.0,997301.877515741,998991.115472434,1689.2379566929303,0.16938080582990458,1.290069229900837,6.5772535018622875,1.0,1.0,0.0,0.0,1.0,0.0,0.0,0.0,8.0,8.0,0.0,1689.2379566929303,998991.115472434,1689.2379566929303,0.0,Independent-replacement+CHILS（独立替代估计对照）,Independent-replacement+CHILS,INTERNAL_INDEPENDENT_REPLACEMENT_CONTROL
test,quality,FullP1,10,JR-DUAL-r010-R8-g0170,False,1,True,1.0,10.0,1063723.76085508,1065722.881188429,1999.1203333488666,0.18793604194211688,0.4241468384861946,4.860245931893587,1.0,1.0,0.0,0.0,1.0,0.0,0.0,0.0,1.0,1.0,0.0,1999.1203333488666,1065722.881188429,1999.1203333488666,0.0,Independent-replacement+CHILS（独立替代估计对照）,Independent-replacement+CHILS,INTERNAL_INDEPENDENT_REPLACEMENT_CONTROL
test,quality,FullP1,10,JR-DUAL-r010-R8-g0340,False,1,True,1.0,10.0,961329.66255596,964145.588037303,2815.9254813429434,0.2929198578826777,1.1023102328181267,5.411187384277582,1.0,1.0,0.0,0.0,1.0,0.0,0.0,0.0,8.0,8.0,0.0,2815.9254813429434,964145.588037303,2815.9254813429434,0.0,Independent-replacement+CHILS（独立替代估计对照）,Independent-replacement+CHILS,INTERNAL_INDEPENDENT_REPLACEMENT_CONTROL
test,quality,FullP1,10,JR-DUAL-r010-R8-g0680,False,1,True,1.0,10.0,729720.170020981,730969.598451768,1249.4284307870548,0.17122021318817748,3.026854630559683,7.713545650243759,1.0,1.0,0.0,0.0,1.0,0.0,0.0,0.0,8.0,8.0,0.0,1249.4284307870548,730969.598451768,1249.4284307870548,0.0,Independent-replacement+CHILS（独立替代估计对照）,Independent-replacement+CHILS,INTERNAL_INDEPENDENT_REPLACEMENT_CONTROL
test,quality,FullP1,11,JR-DUAL-r011-R12-g0170,False,1,True,1.0,10.0,1309710.108432145,1310898.1058785,1187.9974463549443,0.09070690061154807,0.5354631878435612,5.315887942910194,1.0,0.0,0.0,1.0,1.0,0.0,0.0,0.0,0.0,0.0,0.0,1187.9974463549443,1310898.1058785,1187.9974463549443,0.0,Independent-replacement+CHILS（独立替代估计对照）,Independent-replacement+CHILS,INTERNAL_INDEPENDENT_REPLACEMENT_CONTROL
test,quality,FullP1,11,JR-DUAL-r011-R12-g0340,False,1,True,1.0,10.0,1207263.813126226,1210494.035896661,3230.222770435037,0.26756560871897017,1.2274727895855904,6.0693304464221,1.0,1.0,0.0,0.0,1.0,0.0,0.0,0.0,6.0,6.0,0.0,3230.222770435037,1210494.035896661,3230.222770435037,0.0,Independent-replacement+CHILS（独立替代估计对照）,Independent-replacement+CHILS,INTERNAL_INDEPENDENT_REPLACEMENT_CONTROL
test,quality,FullP1,11,JR-DUAL-r011-R12-g0680,False,1,True,1.0,10.0,996565.623874682,997711.890608384,1146.2667337020393,0.11502170115454256,2.083633568137884,7.336723580956459,1.0,1.0,0.0,0.0,1.0,0.0,0.0,0.0,8.0,8.0,0.0,1146.2667337020393,997711.890608384,1146.2667337020393,0.0,Independent-replacement+CHILS（独立替代估计对照）,Independent-replacement+CHILS,INTERNAL_INDEPENDENT_REPLACEMENT_CONTROL
test,quality,FullP1,11,JR-DUAL-r011-R8-g0170,False,1,True,1.0,10.0,1065376.358638791,1067998.929201668,2622.570562876994,0.24616376566003373,0.41585464775562286,4.4559688456356525,1.0,1.0,0.0,0.0,1.0,0.0,0.0,0.0,1.0,1.0,0.0,2622.570562876994,1067998.929201668,2622.570562876994,0.0,Independent-replacement+CHILS（独立替代估计对照）,Independent-replacement+CHILS,INTERNAL_INDEPENDENT_REPLACEMENT_CONTROL
test,quality,FullP1,11,JR-DUAL-r011-R8-g0340,False,1,True,1.0,10.0,961749.203495802,964323.667693663,2574.4641978610307,0.267685607485119,3.0232414305210114,7.303427830338478,1.0,1.0,0.0,0.0,1.0,0.0,0.0,0.0,8.0,8.0,0.0,2574.4641978610307,964323.667693663,2574.4641978610307,0.0,Independent-replacement+CHILS（独立替代估计对照）,Independent-replacement+CHILS,INTERNAL_INDEPENDENT_REPLACEMENT_CONTROL
test,quality,FullP1,11,JR-DUAL-r011-R8-g0680,False,1,True,1.0,10.0,730874.623950481,731969.789376776,1095.1654262950178,0.14984313183230982,3.049944207072258,7.918644215911627,1.0,1.0,0.0,0.0,1.0,0.0,0.0,0.0,8.0,8.0,0.0,1095.1654262950178,731969.789376776,1055.3486111080274,39.816815186990425,Independent-replacement+CHILS（独立替代估计对照）,Independent-replacement+CHILS,INTERNAL_INDEPENDENT_REPLACEMENT_CONTROL
test,quality,FullGreedy,8,JR-DUAL-r008-R12-g0170,False,1,True,1.0,10.0,1308539.931227763,1310601.940398075,2062.009170311969,0.1575809129781197,2.134771753102541,6.866002518683672,1.0,1.0,0.0,0.0,1.0,0.0,0.0,0.0,7.0,7.0,0.0,2062.009170311969,1310601.940398075,1545.2884029019624,516.7207674100064,Greedy-rank+CHILS（贪心请求排序内部对照）,Greedy-rank+CHILS,INTERNAL_GREEDY_REQUEST_RANKING
test,quality,FullGreedy,8,JR-DUAL-r008-R12-g0340,False,1,True,1.0,10.0,1206858.411921518,1210753.609808727,3895.1978872090112,0.32275516736111676,1.0211978517472744,6.278452042490244,1.0,1.0,0.0,0.0,1.0,0.0,0.0,0.0,8.0,8.0,0.0,3895.1978872090112,1210753.609808727,2293.9027097311337,1601.2951774778776,Greedy-rank+CHILS（贪心请求排序内部对照）,Greedy-rank+CHILS,INTERNAL_GREEDY_REQUEST_RANKING
test,quality,FullGreedy,8,JR-DUAL-r008-R12-g0680,False,1,True,1.0,10.0,996252.482559234,998653.972644334,2401.49008509994,0.241052356419815,2.0736079774796963,7.467166878283024,1.0,1.0,0.0,0.0,1.0,0.0,0.0,0.0,8.0,8.0,0.0,2401.49008509994,998653.972644334,1752.890491288039,648.5995938119013,Greedy-rank+CHILS（贪心请求排序内部对照）,Greedy-rank+CHILS,INTERNAL_GREEDY_REQUEST_RANKING
test,quality,FullGreedy,8,JR-DUAL-r008-R8-g0170,False,1,True,1.0,10.0,1064212.05311729,1067742.629697501,3530.5765802110545,0.33175498904276546,0.7274810783565044,5.229513995349407,1.0,1.0,0.0,0.0,1.0,0.0,0.0,0.0,7.0,7.0,0.0,3530.5765802110545,1067742.629697501,2186.9149603929836,1343.661619818071,Greedy-rank+CHILS（贪心请求排序内部对照）,Greedy-rank+CHILS,INTERNAL_GREEDY_REQUEST_RANKING
test,quality,FullGreedy,8,JR-DUAL-r008-R8-g0340,False,1,True,1.0,10.0,964674.094508257,967744.796548355,3070.7020400980255,0.318314968503774,1.9864715486764908,6.207362093031406,1.0,1.0,0.0,0.0,1.0,0.0,0.0,0.0,8.0,8.0,0.0,3070.7020400980255,967744.796548355,2213.5059239330003,857.1961161650252,Greedy-rank+CHILS（贪心请求排序内部对照）,Greedy-rank+CHILS,INTERNAL_GREEDY_REQUEST_RANKING
test,quality,FullGreedy,8,JR-DUAL-r008-R8-g0680,False,1,True,1.0,10.0,725058.74017615,727062.211266697,2003.471090547042,0.2763184524967325,1.935209259390831,5.954644534736872,1.0,1.0,0.0,0.0,1.0,0.0,0.0,0.0,8.0,8.0,0.0,2003.471090547042,727062.211266697,1072.9688282109564,930.5022623360856,Greedy-rank+CHILS（贪心请求排序内部对照）,Greedy-rank+CHILS,INTERNAL_GREEDY_REQUEST_RANKING
test,quality,FullGreedy,9,JR-DUAL-r009-R12-g0170,False,1,True,1.0,10.0,1303588.958822233,1305244.951142674,1655.9923204411753,0.12703331899476442,0.9448942095041275,5.52170092985034,1.0,1.0,0.0,0.0,1.0,0.0,0.0,0.0,8.0,8.0,0.0,1655.9923204411753,1305244.951142674,1480.9733000150882,175.01902042608708,Greedy-rank+CHILS（贪心请求排序内部对照）,Greedy-rank+CHILS,INTERNAL_GREEDY_REQUEST_RANKING
test,quality,FullGreedy,9,JR-DUAL-r009-R12-g0340,False,1,True,1.0,10.0,1201896.359864861,1204184.639125805,2288.2792609441094,0.19038906659151536,0.9172396510839462,5.811065427958965,1.0,1.0,0.0,0.0,1.0,0.0,0.0,0.0,6.0,6.0,0.0,2288.2792609441094,1204184.639125805,1088.1848472019192,1200.0944137421902,Greedy-rank+CHILS（贪心请求排序内部对照）,Greedy-rank+CHILS,INTERNAL_GREEDY_REQUEST_RANKING
test,quality,FullGreedy,9,JR-DUAL-r009-R12-g0680,False,1,True,1.0,10.0,995328.900324943,996691.239721992,1362.3393970490433,0.136873288478239,2.049822475761175,7.285226568579674,1.0,1.0,0.0,0.0,1.0,0.0,0.0,0.0,8.0,8.0,0.0,1362.3393970490433,996691.239721992,1132.9280402449658,229.4113568040775,Greedy-rank+CHILS（贪心请求排序内部对照）,Greedy-rank+CHILS,INTERNAL_GREEDY_REQUEST_RANKING
test,quality,FullGreedy,9,JR-DUAL-r009-R8-g0170,False,1,True,1.0,10.0,1069460.8401523,1072358.373683807,2897.5335315070115,0.270934046644885,1.891113843768835,6.462127938866615,1.0,1.0,0.0,0.0,1.0,0.0,0.0,0.0,7.0,7.0,0.0,2897.5335315070115,1072358.373683807,1700.94802728598,1196.5855042210314,Greedy-rank+CHILS（贪心请求排序内部对照）,Greedy-rank+CHILS,INTERNAL_GREEDY_REQUEST_RANKING
test,quality,FullGreedy,9,JR-DUAL-r009-R8-g0340,False,1,True,1.0,10.0,958942.247525348,962784.318409774,3842.070884426008,0.40065717141369867,0.7613613978028297,5.415783356875181,1.0,1.0,0.0,0.0,1.0,0.0,0.0,0.0,8.0,8.0,0.0,3842.070884426008,962784.318409774,2413.828959963983,1428.241924462025,Greedy-rank+CHILS（贪心请求排序内部对照）,Greedy-rank+CHILS,INTERNAL_GREEDY_REQUEST_RANKING
test,quality,FullGreedy,9,JR-DUAL-r009-R8-g0680,False,1,True,1.0,10.0,727027.842792866,728717.263461693,1689.4206688269041,0.2323735859051864,1.9004470892250538,6.75365848466754,1.0,1.0,0.0,0.0,1.0,0.0,0.0,0.0,8.0,8.0,0.0,1689.4206688269041,728717.263461693,856.4749668039149,832.9457020229893,Greedy-rank+CHILS（贪心请求排序内部对照）,Greedy-rank+CHILS,INTERNAL_GREEDY_REQUEST_RANKING
test,quality,FullGreedy,10,JR-DUAL-r010-R12-g0170,False,1,True,1.0,10.0,1304524.980145348,1306337.307063753,1812.326918405015,0.13892619505094403,0.920723345130682,6.682808753103018,1.0,1.0,0.0,0.0,1.0,0.0,0.0,0.0,8.0,8.0,0.0,1812.326918405015,1306337.307063753,1409.6677442491055,402.65917415590957,Greedy-rank+CHILS（贪心请求排序内部对照）,Greedy-rank+CHILS,INTERNAL_GREEDY_REQUEST_RANKING
test,quality,FullGreedy,10,JR-DUAL-r010-R12-g0340,False,1,True,1.0,10.0,1204766.032426266,1208402.552936319,3636.5205100530293,0.3018445417762549,0.9450851902365685,5.867544315755367,1.0,1.0,0.0,0.0,1.0,0.0,0.0,0.0,8.0,8.0,0.0,3636.5205100530293,1208402.552936319,2638.0165747040883,998.503935348941,Greedy-rank+CHILS（贪心请求排序内部对照）,Greedy-rank+CHILS,INTERNAL_GREEDY_REQUEST_RANKING
test,quality,FullGreedy,10,JR-DUAL-r010-R12-g0680,False,1,True,1.0,10.0,997301.877515741,1000413.196392745,3111.3188770039706,0.3119736307680683,2.099140912294388,6.805523429065943,1.0,1.0,0.0,0.0,1.0,0.0,0.0,0.0,8.0,8.0,0.0,3111.3188770039706,1000413.196392745,1689.2379566929303,1422.0809203110402,Greedy-rank+CHILS（贪心请求排序内部对照）,Greedy-rank+CHILS,INTERNAL_GREEDY_REQUEST_RANKING
test,quality,FullGreedy,10,JR-DUAL-r010-R8-g0170,False,1,True,1.0,10.0,1063723.76085508,1067005.870427666,3282.109572585905,0.30854905130139837,3.0821072570979595,7.528809104114771,1.0,1.0,0.0,0.0,1.0,0.0,0.0,0.0,8.0,8.0,0.0,3282.109572585905,1067005.870427666,1999.1203333488666,1282.9892392370384,Greedy-rank+CHILS（贪心请求排序内部对照）,Greedy-rank+CHILS,INTERNAL_GREEDY_REQUEST_RANKING
test,quality,FullGreedy,10,JR-DUAL-r010-R8-g0340,False,1,True,1.0,10.0,961329.66255596,965900.661665852,4570.999109891942,0.4754871599133517,1.9369021952152252,6.1138099655508995,1.0,1.0,0.0,0.0,1.0,0.0,0.0,0.0,8.0,8.0,0.0,4570.999109891942,965900.661665852,2815.9254813429434,1755.0736285489984,Greedy-rank+CHILS（贪心请求排序内部对照）,Greedy-rank+CHILS,INTERNAL_GREEDY_REQUEST_RANKING
test,quality,FullGreedy,10,JR-DUAL-r010-R8-g0680,False,1,True,1.0,10.0,729720.170020981,731036.045048618,1315.8750276369974,0.18032597723030777,1.8594551645219326,5.760213177651167,1.0,1.0,0.0,0.0,1.0,0.0,0.0,0.0,8.0,8.0,0.0,1315.8750276369974,731036.045048618,1249.4284307870548,66.44659684994258,Greedy-rank+CHILS（贪心请求排序内部对照）,Greedy-rank+CHILS,INTERNAL_GREEDY_REQUEST_RANKING
test,quality,FullGreedy,11,JR-DUAL-r011-R12-g0170,False,1,True,1.0,10.0,1309710.108432145,1311148.438464307,1438.3300321619026,0.10982048797681866,2.096350397914648,6.713034614920616,1.0,1.0,0.0,0.0,1.0,0.0,0.0,0.0,7.0,7.0,0.0,1438.3300321619026,1311148.438464307,1187.9974463549443,250.33258580695838,Greedy-rank+CHILS（贪心请求排序内部对照）,Greedy-rank+CHILS,INTERNAL_GREEDY_REQUEST_RANKING
test,quality,FullGreedy,11,JR-DUAL-r011-R12-g0340,False,1,True,1.0,10.0,1207263.813126226,1211168.326449476,3904.513323249994,0.32341840124729687,2.019781995564699,7.071558617055416,1.0,1.0,0.0,0.0,1.0,0.0,0.0,0.0,8.0,8.0,0.0,3904.513323249994,1211168.326449476,3230.222770435037,674.2905528149568,Greedy-rank+CHILS（贪心请求排序内部对照）,Greedy-rank+CHILS,INTERNAL_GREEDY_REQUEST_RANKING
test,quality,FullGreedy,11,JR-DUAL-r011-R12-g0680,False,1,True,1.0,10.0,996565.623874682,998503.525917519,1937.9020428369986,0.19445804635547909,2.072589248418808,6.97074718773365,1.0,1.0,0.0,0.0,1.0,0.0,0.0,0.0,8.0,8.0,0.0,1937.9020428369986,998503.525917519,1146.2667337020393,791.6353091349592,Greedy-rank+CHILS（贪心请求排序内部对照）,Greedy-rank+CHILS,INTERNAL_GREEDY_REQUEST_RANKING
test,quality,FullGreedy,11,JR-DUAL-r011-R8-g0170,False,1,True,1.0,10.0,1065376.358638791,1069164.206413786,3787.8477749950252,0.35554081374911295,0.652395449578762,4.61188280582428,1.0,1.0,0.0,0.0,1.0,0.0,0.0,0.0,6.0,6.0,0.0,3787.8477749950252,1069164.206413786,2622.570562876994,1165.2772121180315,Greedy-rank+CHILS（贪心请求排序内部对照）,Greedy-rank+CHILS,INTERNAL_GREEDY_REQUEST_RANKING
test,quality,FullGreedy,11,JR-DUAL-r011-R8-g0340,False,1,True,1.0,10.0,961749.203495802,964940.392041908,3191.1885461059865,0.33181088526057884,1.8751262538135052,5.707157254219055,1.0,1.0,0.0,0.0,1.0,0.0,0.0,0.0,8.0,8.0,0.0,3191.1885461059865,964940.392041908,2574.4641978610307,616.7243482449558,Greedy-rank+CHILS（贪心请求排序内部对照）,Greedy-rank+CHILS,INTERNAL_GREEDY_REQUEST_RANKING
test,quality,FullGreedy,11,JR-DUAL-r011-R8-g0680,False,1,True,1.0,10.0,730874.623950481,731929.972561589,1055.3486111080274,0.14439530071569848,1.1048820577561855,5.5070168897509575,1.0,1.0,0.0,0.0,1.0,0.0,0.0,0.0,8.0,8.0,0.0,1055.3486111080274,731929.972561589,1055.3486111080274,0.0,Greedy-rank+CHILS（贪心请求排序内部对照）,Greedy-rank+CHILS,INTERNAL_GREEDY_REQUEST_RANKING
test,quality,CHILS-p1,8,JR-DUAL-r008-R12-g0170,False,1,True,1.0,10.0,1308539.931227763,1373005.289139165,64465.35791140213,4.926510561348804,7.213745519518852,8.394836187362671,1.0,1.0,0.0,0.0,1.0,0.0,0.0,0.0,1.0,0.0,0.0,64465.35791140213,1373005.289139165,0.0,64465.35791140213,CHILS-p1（SEA 2025 公开 MWIS 算法）,CHILS-p1 (SEA 2025),PUBLISHED_MWIS_BASELINE
test,quality,CHILS-p1,8,JR-DUAL-r008-R12-g0340,False,1,True,1.0,10.0,1206858.411921518,1294400.009641353,87541.59771983512,7.253675895621793,7.230662826448679,8.654246378690004,1.0,1.0,0.0,0.0,1.0,0.0,0.0,0.0,1.0,0.0,0.0,87541.59771983512,1294400.009641353,0.0,87541.59771983512,CHILS-p1（SEA 2025 公开 MWIS 算法）,CHILS-p1 (SEA 2025),PUBLISHED_MWIS_BASELINE
test,quality,CHILS-p1,8,JR-DUAL-r008-R12-g0680,False,1,True,1.0,10.0,996252.482559234,1103513.852351108,107261.36979187408,10.766484567881282,7.247161448001862,8.640351291745901,1.0,1.0,0.0,0.0,1.0,0.0,0.0,0.0,1.0,0.0,0.0,107261.36979187408,1103513.852351108,0.0,107261.36979187408,CHILS-p1（SEA 2025 公开 MWIS 算法）,CHILS-p1 (SEA 2025),PUBLISHED_MWIS_BASELINE
test,quality,CHILS-p1,8,JR-DUAL-r008-R8-g0170,False,1,True,1.0,10.0,1064212.05311729,1178548.20784974,114336.15473245014,10.74373799822476,7.118780504912138,7.839707061648369,1.0,1.0,0.0,0.0,1.0,0.0,0.0,0.0,1.0,0.0,0.0,114336.15473245014,1178548.20784974,0.0,114336.15473245014,CHILS-p1（SEA 2025 公开 MWIS 算法）,CHILS-p1 (SEA 2025),PUBLISHED_MWIS_BASELINE
test,quality,CHILS-p1,8,JR-DUAL-r008-R8-g0340,False,1,True,1.0,10.0,964674.094508257,1049060.577088023,84386.48257976607,8.747667534576236,7.131110675632954,7.915739860385656,1.0,1.0,0.0,0.0,1.0,0.0,0.0,0.0,1.0,0.0,0.0,84386.48257976607,1049060.577088023,0.0,84386.48257976607,CHILS-p1（SEA 2025 公开 MWIS 算法）,CHILS-p1 (SEA 2025),PUBLISHED_MWIS_BASELINE
test,quality,CHILS-p1,8,JR-DUAL-r008-R8-g0680,False,1,True,1.0,10.0,725058.74017615,792022.099953682,66963.35977753205,9.235577211477182,7.15858967974782,8.106378853321075,1.0,1.0,0.0,0.0,1.0,0.0,0.0,0.0,1.0,0.0,0.0,66963.35977753205,792022.099953682,0.0,66963.35977753205,CHILS-p1（SEA 2025 公开 MWIS 算法）,CHILS-p1 (SEA 2025),PUBLISHED_MWIS_BASELINE
test,quality,CHILS-p1,9,JR-DUAL-r009-R12-g0170,False,1,True,1.0,10.0,1303588.958822233,1370180.228984872,66591.27016263921,5.108302713978424,7.218828845769167,8.442823082208633,1.0,1.0,0.0,0.0,1.0,0.0,0.0,0.0,1.0,0.0,0.0,66591.27016263921,1370180.228984872,0.0,66591.27016263921,CHILS-p1（SEA 2025 公开 MWIS 算法）,CHILS-p1 (SEA 2025),PUBLISHED_MWIS_BASELINE
test,quality,CHILS-p1,9,JR-DUAL-r009-R12-g0340,False,1,True,1.0,10.0,1201896.359864861,1290863.682761216,88967.32289635506,7.402245806481881,7.231513623148203,8.660151652991772,1.0,1.0,0.0,0.0,1.0,0.0,0.0,0.0,1.0,0.0,0.0,88967.32289635506,1290863.682761216,0.0,88967.32289635506,CHILS-p1（SEA 2025 公开 MWIS 算法）,CHILS-p1 (SEA 2025),PUBLISHED_MWIS_BASELINE
test,quality,CHILS-p1,9,JR-DUAL-r009-R12-g0680,False,1,True,1.0,10.0,995328.900324943,1102545.630515975,107216.73019103194,10.771990058364537,7.246614247560501,8.689420070499182,1.0,1.0,0.0,0.0,1.0,0.0,0.0,0.0,1.0,0.0,0.0,107216.73019103194,1102545.630515975,0.0,107216.73019103194,CHILS-p1（SEA 2025 公开 MWIS 算法）,CHILS-p1 (SEA 2025),PUBLISHED_MWIS_BASELINE
test,quality,CHILS-p1,9,JR-DUAL-r009-R8-g0170,False,1,True,1.0,10.0,1069460.8401523,1176814.584358797,107353.74420649698,10.038118290634085,7.118733115494251,7.838690053671598,1.0,1.0,0.0,0.0,1.0,0.0,0.0,0.0,1.0,0.0,0.0,107353.74420649698,1176814.584358797,0.0,107353.74420649698,CHILS-p1（SEA 2025 公开 MWIS 算法）,CHILS-p1 (SEA 2025),PUBLISHED_MWIS_BASELINE
test,quality,CHILS-p1,9,JR-DUAL-r009-R8-g0340,False,1,True,1.0,10.0,958942.247525348,1046208.037150012,87265.789624664,9.100213266217294,7.130443561822176,7.991440262645483,1.0,1.0,0.0,0.0,1.0,0.0,0.0,0.0,1.0,0.0,0.0,87265.789624664,1046208.037150012,0.0,87265.789624664,CHILS-p1（SEA 2025 公开 MWIS 算法）,CHILS-p1 (SEA 2025),PUBLISHED_MWIS_BASELINE
test,quality,CHILS-p1,9,JR-DUAL-r009-R8-g0680,False,1,True,1.0,10.0,727027.842792866,792048.696116105,65020.8533232389,8.943378712081,7.163204610347748,8.149023931473494,1.0,1.0,0.0,0.0,1.0,0.0,0.0,0.0,1.0,0.0,0.0,65020.8533232389,792048.696116105,0.0,65020.8533232389,CHILS-p1（SEA 2025 公开 MWIS 算法）,CHILS-p1 (SEA 2025),PUBLISHED_MWIS_BASELINE
test,quality,CHILS-p1,10,JR-DUAL-r010-R12-g0170,False,1,True,1.0,10.0,1304524.980145348,1373542.622497288,69017.64235194004,5.2906340163950105,7.216572847217321,8.442752968519926,1.0,1.0,0.0,0.0,1.0,0.0,0.0,0.0,1.0,0.0,0.0,69017.64235194004,1373542.622497288,0.0,69017.64235194004,CHILS-p1（SEA 2025 公开 MWIS 算法）,CHILS-p1 (SEA 2025),PUBLISHED_MWIS_BASELINE
test,quality,CHILS-p1,10,JR-DUAL-r010-R12-g0340,False,1,True,1.0,10.0,1204766.032426266,1292797.006811059,88030.97438479308,7.306893788124853,7.216068238019943,8.491797398775816,1.0,1.0,0.0,0.0,1.0,0.0,0.0,0.0,1.0,0.0,0.0,88030.97438479308,1292797.006811059,0.0,88030.97438479308,CHILS-p1（SEA 2025 公开 MWIS 算法）,CHILS-p1 (SEA 2025),PUBLISHED_MWIS_BASELINE
test,quality,CHILS-p1,10,JR-DUAL-r010-R12-g0680,False,1,True,1.0,10.0,997301.877515741,1104558.095511978,107256.21799623698,10.75463913327929,7.250893134623766,8.70388898998499,1.0,1.0,0.0,0.0,1.0,0.0,0.0,0.0,1.0,0.0,0.0,107256.21799623698,1104558.095511978,0.0,107256.21799623698,CHILS-p1（SEA 2025 公开 MWIS 算法）,CHILS-p1 (SEA 2025),PUBLISHED_MWIS_BASELINE
test,quality,CHILS-p1,10,JR-DUAL-r010-R8-g0170,False,1,True,1.0,10.0,1063723.76085508,1176483.690542617,112759.92968753702,10.60048988629288,7.119522824883461,7.843125455081463,1.0,1.0,0.0,0.0,1.0,0.0,0.0,0.0,1.0,0.0,0.0,112759.92968753702,1176483.690542617,0.0,112759.92968753702,CHILS-p1（SEA 2025 公开 MWIS 算法）,CHILS-p1 (SEA 2025),PUBLISHED_MWIS_BASELINE
test,quality,CHILS-p1,10,JR-DUAL-r010-R8-g0340,False,1,True,1.0,10.0,961329.66255596,1045191.160612998,83861.49805703794,8.72349011202557,7.129761643707752,7.94199126586318,1.0,1.0,0.0,0.0,1.0,0.0,0.0,0.0,1.0,0.0,0.0,83861.49805703794,1045191.160612998,0.0,83861.49805703794,CHILS-p1（SEA 2025 公开 MWIS 算法）,CHILS-p1 (SEA 2025),PUBLISHED_MWIS_BASELINE
test,quality,CHILS-p1,10,JR-DUAL-r010-R8-g0680,False,1,True,1.0,10.0,729720.170020981,792869.770090217,63149.60006923601,8.653947453229959,7.157519418746233,8.086063869297504,1.0,1.0,0.0,0.0,1.0,0.0,0.0,0.0,1.0,0.0,0.0,63149.60006923601,792869.770090217,0.0,63149.60006923601,CHILS-p1（SEA 2025 公开 MWIS 算法）,CHILS-p1 (SEA 2025),PUBLISHED_MWIS_BASELINE
test,quality,CHILS-p1,11,JR-DUAL-r011-R12-g0170,False,1,True,1.0,10.0,1309710.108432145,1372466.351313972,62756.24288182682,4.79161323393559,7.215888950973749,8.46401572600007,1.0,1.0,0.0,0.0,1.0,0.0,0.0,0.0,1.0,0.0,0.0,62756.24288182682,1372466.351313972,0.0,62756.24288182682,CHILS-p1（SEA 2025 公开 MWIS 算法）,CHILS-p1 (SEA 2025),PUBLISHED_MWIS_BASELINE
test,quality,CHILS-p1,11,JR-DUAL-r011-R12-g0340,False,1,True,1.0,10.0,1207263.813126226,1292377.959646138,85114.14651991194,7.050169614502709,7.225522216409445,8.54149654135108,1.0,1.0,0.0,0.0,1.0,0.0,0.0,0.0,1.0,0.0,0.0,85114.14651991194,1292377.959646138,0.0,85114.14651991194,CHILS-p1（SEA 2025 公开 MWIS 算法）,CHILS-p1 (SEA 2025),PUBLISHED_MWIS_BASELINE
test,quality,CHILS-p1,11,JR-DUAL-r011-R12-g0680,False,1,True,1.0,10.0,996565.623874682,1103865.191513469,107299.56763878698,10.766934466553492,7.249792966991663,8.692866545170546,1.0,1.0,0.0,0.0,1.0,0.0,0.0,0.0,1.0,0.0,0.0,107299.56763878698,1103865.191513469,0.0,107299.56763878698,CHILS-p1（SEA 2025 公开 MWIS 算法）,CHILS-p1 (SEA 2025),PUBLISHED_MWIS_BASELINE
test,quality,CHILS-p1,11,JR-DUAL-r011-R8-g0170,False,1,True,1.0,10.0,1065376.358638791,1180228.816315998,114852.45767720719,10.780458637542113,7.119828250259161,7.8387776874005795,1.0,1.0,0.0,0.0,1.0,0.0,0.0,0.0,1.0,0.0,0.0,114852.45767720719,1180228.816315998,0.0,114852.45767720719,CHILS-p1（SEA 2025 公开 MWIS 算法）,CHILS-p1 (SEA 2025),PUBLISHED_MWIS_BASELINE
test,quality,CHILS-p1,11,JR-DUAL-r011-R8-g0340,False,1,True,1.0,10.0,961749.203495802,1041345.514801268,79596.31130546599,8.276202466936946,7.1303036995232105,7.937364298850298,1.0,1.0,0.0,0.0,1.0,0.0,0.0,0.0,1.0,0.0,0.0,79596.31130546599,1041345.514801268,0.0,79596.31130546599,CHILS-p1（SEA 2025 公开 MWIS 算法）,CHILS-p1 (SEA 2025),PUBLISHED_MWIS_BASELINE
test,quality,CHILS-p1,11,JR-DUAL-r011-R8-g0680,False,1,True,1.0,10.0,730874.623950481,793355.38584622,62480.76189573901,8.548766073997976,7.150738496333361,8.093275487422943,1.0,1.0,0.0,0.0,1.0,0.0,0.0,0.0,1.0,0.0,0.0,62480.76189573901,793355.38584622,0.0,62480.76189573901,CHILS-p1（SEA 2025 公开 MWIS 算法）,CHILS-p1 (SEA 2025),PUBLISHED_MWIS_BASELINE
test,quality,HiGHS-MILP,8,JR-DUAL-r008-R12-g0170,False,1,True,1.0,10.0,1308539.931227763,1308539.931227763,0.0,0.0,7.788894809782505,9.195958953350782,1.0,1.0,0.0,0.0,1.0,0.0,0.0,0.0,1.0,0.0,0.0,0.0,1308539.931227763,0.0,0.0,HiGHS-MILP（通用 MILP 软件参照）,HiGHS (generic MILP),GENERIC_MILP_SOFTWARE_REFERENCE
test,quality,HiGHS-MILP,8,JR-DUAL-r008-R12-g0340,False,1,True,0.0,10.0,1206858.411921518,null,null,null,10.578969851136208,12.222799435257912,0.0,0.0,1.0,0.0,0.0,1.0,0.0,0.0,null,0.0,0.0,0.0,1206858.411921518,0.0,0.0,HiGHS-MILP（通用 MILP 软件参照）,HiGHS (generic MILP),GENERIC_MILP_SOFTWARE_REFERENCE
test,quality,HiGHS-MILP,8,JR-DUAL-r008-R12-g0680,False,1,True,0.0,10.0,996252.482559234,null,null,null,11.27257176861167,12.83988630399108,0.0,0.0,1.0,0.0,0.0,1.0,0.0,0.0,null,0.0,0.0,0.0,996252.482559234,0.0,0.0,HiGHS-MILP（通用 MILP 软件参照）,HiGHS (generic MILP),GENERIC_MILP_SOFTWARE_REFERENCE
test,quality,HiGHS-MILP,8,JR-DUAL-r008-R8-g0170,False,1,True,1.0,10.0,1064212.05311729,1064212.05311729,0.0,0.0,9.138222735375166,9.991168934851885,1.0,1.0,0.0,0.0,1.0,0.0,0.0,0.0,1.0,0.0,0.0,0.0,1064212.05311729,0.0,0.0,HiGHS-MILP（通用 MILP 软件参照）,HiGHS (generic MILP),GENERIC_MILP_SOFTWARE_REFERENCE
test,quality,HiGHS-MILP,8,JR-DUAL-r008-R8-g0340,False,1,True,1.0,10.0,964674.094508257,964674.094508257,0.0,0.0,7.191406216472387,8.24878104031086,1.0,1.0,0.0,0.0,1.0,0.0,0.0,0.0,1.0,0.0,0.0,0.0,964674.094508257,0.0,0.0,HiGHS-MILP（通用 MILP 软件参照）,HiGHS (generic MILP),GENERIC_MILP_SOFTWARE_REFERENCE
test,quality,HiGHS-MILP,8,JR-DUAL-r008-R8-g0680,False,1,True,1.0,10.0,725058.74017615,725058.74017615,0.0,0.0,7.22330117225647,8.297604281455278,1.0,1.0,0.0,0.0,1.0,0.0,0.0,0.0,1.0,0.0,0.0,0.0,725058.74017615,0.0,0.0,HiGHS-MILP（通用 MILP 软件参照）,HiGHS (generic MILP),GENERIC_MILP_SOFTWARE_REFERENCE
test,quality,HiGHS-MILP,9,JR-DUAL-r009-R12-g0170,False,1,True,1.0,10.0,1303588.958822233,1303588.958822233,0.0,0.0,7.718608409166336,9.10688241571188,1.0,1.0,0.0,0.0,1.0,0.0,0.0,0.0,1.0,0.0,0.0,0.0,1303588.958822233,0.0,0.0,HiGHS-MILP（通用 MILP 软件参照）,HiGHS (generic MILP),GENERIC_MILP_SOFTWARE_REFERENCE
test,quality,HiGHS-MILP,9,JR-DUAL-r009-R12-g0340,False,1,True,0.0,10.0,1201896.359864861,null,null,null,11.876919731497765,13.59247487038374,0.0,0.0,1.0,0.0,0.0,1.0,0.0,0.0,null,0.0,0.0,0.0,1201896.359864861,0.0,0.0,HiGHS-MILP（通用 MILP 软件参照）,HiGHS (generic MILP),GENERIC_MILP_SOFTWARE_REFERENCE
test,quality,HiGHS-MILP,9,JR-DUAL-r009-R12-g0680,False,1,True,0.0,10.0,995328.900324943,null,null,null,10.916630607098341,12.49922201782465,0.0,0.0,1.0,0.0,0.0,1.0,0.0,0.0,null,0.0,0.0,0.0,995328.900324943,0.0,0.0,HiGHS-MILP（通用 MILP 软件参照）,HiGHS (generic MILP),GENERIC_MILP_SOFTWARE_REFERENCE
test,quality,HiGHS-MILP,9,JR-DUAL-r009-R8-g0170,False,1,True,1.0,10.0,1069460.8401523,1069460.8401523,0.0,0.0,8.590644501149654,9.439979083836079,1.0,1.0,0.0,0.0,1.0,0.0,0.0,0.0,1.0,0.0,0.0,0.0,1069460.8401523,0.0,0.0,HiGHS-MILP（通用 MILP 软件参照）,HiGHS (generic MILP),GENERIC_MILP_SOFTWARE_REFERENCE
test,quality,HiGHS-MILP,9,JR-DUAL-r009-R8-g0340,False,1,True,1.0,10.0,958942.247525348,958942.247525348,0.0,0.0,7.18234059214592,8.153922941535711,1.0,1.0,0.0,0.0,1.0,0.0,0.0,0.0,1.0,0.0,0.0,0.0,958942.247525348,0.0,0.0,HiGHS-MILP（通用 MILP 软件参照）,HiGHS (generic MILP),GENERIC_MILP_SOFTWARE_REFERENCE
test,quality,HiGHS-MILP,9,JR-DUAL-r009-R8-g0680,False,1,True,1.0,10.0,727027.842792866,727027.842792866,0.0,0.0,7.226927559822798,8.337548281997442,1.0,1.0,0.0,0.0,1.0,0.0,0.0,0.0,1.0,0.0,0.0,0.0,727027.842792866,0.0,0.0,HiGHS-MILP（通用 MILP 软件参照）,HiGHS (generic MILP),GENERIC_MILP_SOFTWARE_REFERENCE
test,quality,HiGHS-MILP,10,JR-DUAL-r010-R12-g0170,False,1,True,1.0,10.0,1304524.980145348,1304524.980145348,0.0,0.0,7.551671925932169,8.956846367567778,1.0,1.0,0.0,0.0,1.0,0.0,0.0,0.0,1.0,0.0,0.0,0.0,1304524.980145348,0.0,0.0,HiGHS-MILP（通用 MILP 软件参照）,HiGHS (generic MILP),GENERIC_MILP_SOFTWARE_REFERENCE
test,quality,HiGHS-MILP,10,JR-DUAL-r010-R12-g0340,False,1,True,0.0,10.0,1204766.032426266,null,null,null,11.14723950251937,12.616836335510015,0.0,0.0,1.0,0.0,0.0,1.0,0.0,0.0,null,0.0,0.0,0.0,1204766.032426266,0.0,0.0,HiGHS-MILP（通用 MILP 软件参照）,HiGHS (generic MILP),GENERIC_MILP_SOFTWARE_REFERENCE
test,quality,HiGHS-MILP,10,JR-DUAL-r010-R12-g0680,False,1,True,0.0,10.0,997301.877515741,null,null,null,10.610461216419935,12.219236049801111,0.0,0.0,1.0,0.0,0.0,1.0,0.0,0.0,null,0.0,0.0,0.0,997301.877515741,0.0,0.0,HiGHS-MILP（通用 MILP 软件参照）,HiGHS (generic MILP),GENERIC_MILP_SOFTWARE_REFERENCE
test,quality,HiGHS-MILP,10,JR-DUAL-r010-R8-g0170,False,1,True,1.0,10.0,1063723.76085508,1063723.76085508,0.0,0.0,9.208498906344175,10.038898311555386,1.0,1.0,0.0,0.0,1.0,0.0,0.0,0.0,1.0,0.0,0.0,0.0,1063723.76085508,0.0,0.0,HiGHS-MILP（通用 MILP 软件参照）,HiGHS (generic MILP),GENERIC_MILP_SOFTWARE_REFERENCE
test,quality,HiGHS-MILP,10,JR-DUAL-r010-R8-g0340,False,1,True,1.0,10.0,961329.66255596,961329.66255596,0.0,0.0,7.18567518144846,8.086727764457464,1.0,1.0,0.0,0.0,1.0,0.0,0.0,0.0,1.0,0.0,0.0,0.0,961329.66255596,0.0,0.0,HiGHS-MILP（通用 MILP 软件参照）,HiGHS (generic MILP),GENERIC_MILP_SOFTWARE_REFERENCE
test,quality,HiGHS-MILP,10,JR-DUAL-r010-R8-g0680,False,1,True,1.0,10.0,729720.170020981,729720.170020981,0.0,0.0,7.225483227521181,8.236508172005415,1.0,1.0,0.0,0.0,1.0,0.0,0.0,0.0,1.0,0.0,0.0,0.0,729720.170020981,0.0,0.0,HiGHS-MILP（通用 MILP 软件参照）,HiGHS (generic MILP),GENERIC_MILP_SOFTWARE_REFERENCE
test,quality,HiGHS-MILP,11,JR-DUAL-r011-R12-g0170,False,1,True,1.0,10.0,1309710.108432145,1309710.108432145,0.0,0.0,7.896890211850405,9.311402350664139,1.0,1.0,0.0,0.0,1.0,0.0,0.0,0.0,1.0,0.0,0.0,0.0,1309710.108432145,0.0,0.0,HiGHS-MILP（通用 MILP 软件参照）,HiGHS (generic MILP),GENERIC_MILP_SOFTWARE_REFERENCE
test,quality,HiGHS-MILP,11,JR-DUAL-r011-R12-g0340,False,1,True,0.0,10.0,1207263.813126226,null,null,null,10.807178512215614,12.429585073143244,0.0,0.0,1.0,0.0,0.0,1.0,0.0,0.0,null,0.0,0.0,0.0,1207263.813126226,0.0,0.0,HiGHS-MILP（通用 MILP 软件参照）,HiGHS (generic MILP),GENERIC_MILP_SOFTWARE_REFERENCE
test,quality,HiGHS-MILP,11,JR-DUAL-r011-R12-g0680,False,1,True,0.0,10.0,996565.623874682,null,null,null,10.797439027577639,12.385894250124693,0.0,0.0,1.0,0.0,0.0,1.0,0.0,0.0,null,0.0,0.0,0.0,996565.623874682,0.0,0.0,HiGHS-MILP（通用 MILP 软件参照）,HiGHS (generic MILP),GENERIC_MILP_SOFTWARE_REFERENCE
test,quality,HiGHS-MILP,11,JR-DUAL-r011-R8-g0170,False,1,True,1.0,10.0,1065376.358638791,1065376.358638791,0.0,0.0,8.807507444173098,9.638190656900406,1.0,1.0,0.0,0.0,1.0,0.0,0.0,0.0,1.0,0.0,0.0,0.0,1065376.358638791,0.0,0.0,HiGHS-MILP（通用 MILP 软件参照）,HiGHS (generic MILP),GENERIC_MILP_SOFTWARE_REFERENCE
test,quality,HiGHS-MILP,11,JR-DUAL-r011-R8-g0340,False,1,True,1.0,10.0,961749.203495802,961749.203495802,0.0,0.0,7.181891314685345,8.085855174809694,1.0,1.0,0.0,0.0,1.0,0.0,0.0,0.0,1.0,0.0,0.0,0.0,961749.203495802,0.0,0.0,HiGHS-MILP（通用 MILP 软件参照）,HiGHS (generic MILP),GENERIC_MILP_SOFTWARE_REFERENCE
test,quality,HiGHS-MILP,11,JR-DUAL-r011-R8-g0680,False,1,True,1.0,10.0,730874.623950481,730874.623950481,0.0,0.0,7.221700351685286,8.287123657763004,1.0,1.0,0.0,0.0,1.0,0.0,0.0,0.0,1.0,0.0,0.0,0.0,730874.623950481,0.0,0.0,HiGHS-MILP（通用 MILP 软件参照）,HiGHS (generic MILP),GENERIC_MILP_SOFTWARE_REFERENCE
test,quality,FullCapacity-mean17/29,8,JR-DUAL-r008-R12-g0170,False,2,True,2.0,30.0,1308539.931227763,1310601.940398075,2062.009170311969,0.1575809129781197,4.119869338348508,8.5975670106709,1.0,1.0,0.0,0.0,1.0,0.0,0.0,0.0,7.5,7.5,0.0,2062.009170311969,1310601.940398075,1545.2884029019624,516.7207674100064,JointRecovery（本文方法，JR；完整框架 STK 迁移）；两种子均值,"JointRecovery (JR, ours); 2-seed mean",PROPOSED_FULL_FRAMEWORK
test,quality,FullCapacity-mean17/29,8,JR-DUAL-r008-R12-g0340,False,2,True,2.0,30.0,1206858.411921518,1210753.609808727,3895.1978872090112,0.32275516736111676,3.2525982446968555,8.247098580002785,1.0,1.0,0.0,0.0,1.0,0.0,0.0,0.0,8.0,8.0,0.0,3895.1978872090112,1210753.609808727,2293.9027097311337,1601.2951774778776,JointRecovery（本文方法，JR；完整框架 STK 迁移）；两种子均值,"JointRecovery (JR, ours); 2-seed mean",PROPOSED_FULL_FRAMEWORK
test,quality,FullCapacity-mean17/29,8,JR-DUAL-r008-R12-g0680,False,2,True,2.0,30.0,996252.482559234,998653.972644334,2401.49008509994,0.241052356419815,3.2319652922451496,8.114154597744346,1.0,1.0,0.0,0.0,1.0,0.0,0.0,0.0,8.0,8.0,0.0,2401.49008509994,998653.972644334,1752.890491288039,648.5995938119013,JointRecovery（本文方法，JR；完整框架 STK 迁移）；两种子均值,"JointRecovery (JR, ours); 2-seed mean",PROPOSED_FULL_FRAMEWORK
test,quality,FullCapacity-mean17/29,8,JR-DUAL-r008-R8-g0170,False,2,True,2.0,30.0,1064212.05311729,1067750.4991761805,3538.4460588905495,0.3324944543266291,3.5845926627516747,8.244176229462028,1.0,1.0,0.0,0.0,1.0,0.0,0.0,0.0,7.5,7.5,0.0,3538.4460588905495,1067750.4991761805,2186.9149603929836,1351.5310984975658,JointRecovery（本文方法，JR；完整框架 STK 迁移）；两种子均值,"JointRecovery (JR, ours); 2-seed mean",PROPOSED_FULL_FRAMEWORK
test,quality,FullCapacity-mean17/29,8,JR-DUAL-r008-R8-g0340,False,2,True,2.0,30.0,964674.094508257,967744.796548355,3070.7020400980255,0.318314968503774,2.777113242074847,7.309050552546978,1.0,1.0,0.0,0.0,1.0,0.0,0.0,0.0,8.0,8.0,0.0,3070.7020400980255,967744.796548355,2213.5059239330003,857.1961161650252,JointRecovery（本文方法，JR；完整框架 STK 迁移）；两种子均值,"JointRecovery (JR, ours); 2-seed mean",PROPOSED_FULL_FRAMEWORK
test,quality,FullCapacity-mean17/29,8,JR-DUAL-r008-R8-g0680,False,2,True,2.0,30.0,725058.74017615,727062.211266697,2003.471090547042,0.2763184524967325,2.674714909866452,7.298913178965449,1.0,1.0,0.0,0.0,1.0,0.0,0.0,0.0,8.0,8.0,0.0,2003.471090547042,727062.211266697,1072.9688282109564,930.5022623360856,JointRecovery（本文方法，JR；完整框架 STK 迁移）；两种子均值,"JointRecovery (JR, ours); 2-seed mean",PROPOSED_FULL_FRAMEWORK
test,quality,FullCapacity-mean17/29,9,JR-DUAL-r009-R12-g0170,False,2,True,2.0,30.0,1303588.958822233,1305244.951142674,1655.9923204411753,0.12703331899476442,4.041283007711172,9.27801444940269,1.0,1.0,0.0,0.0,1.0,0.0,0.0,0.0,8.0,8.0,0.0,1655.9923204411753,1305244.951142674,1480.9733000150882,175.01902042608708,JointRecovery（本文方法，JR；完整框架 STK 迁移）；两种子均值,"JointRecovery (JR, ours); 2-seed mean",PROPOSED_FULL_FRAMEWORK
test,quality,FullCapacity-mean17/29,9,JR-DUAL-r009-R12-g0340,False,2,True,2.0,30.0,1201896.359864861,1204184.639125805,2288.2792609441094,0.19038906659151536,3.9802644569426775,8.50309431925416,1.0,1.0,0.0,0.0,1.0,0.0,0.0,0.0,7.0,7.0,0.0,2288.2792609441094,1204184.639125805,1088.1848472019192,1200.0944137421902,JointRecovery（本文方法，JR；完整框架 STK 迁移）；两种子均值,"JointRecovery (JR, ours); 2-seed mean",PROPOSED_FULL_FRAMEWORK
test,quality,FullCapacity-mean17/29,9,JR-DUAL-r009-R12-g0680,False,2,True,2.0,30.0,995328.900324943,996691.239721992,1362.3393970490433,0.136873288478239,3.7138156685978174,8.748245073482394,1.0,1.0,0.0,0.0,1.0,0.0,0.0,0.0,8.0,8.0,0.0,1362.3393970490433,996691.239721992,1132.9280402449658,229.4113568040775,JointRecovery（本文方法，JR；完整框架 STK 迁移）；两种子均值,"JointRecovery (JR, ours); 2-seed mean",PROPOSED_FULL_FRAMEWORK
test,quality,FullCapacity-mean17/29,9,JR-DUAL-r009-R8-g0170,False,2,True,2.0,30.0,1069460.8401523,1072358.373683807,2897.5335315070115,0.270934046644885,2.882995745167136,7.315713373944163,1.0,1.0,0.0,0.0,1.0,0.0,0.0,0.0,7.0,7.0,0.0,2897.5335315070115,1072358.373683807,1700.94802728598,1196.5855042210314,JointRecovery（本文方法，JR；完整框架 STK 迁移）；两种子均值,"JointRecovery (JR, ours); 2-seed mean",PROPOSED_FULL_FRAMEWORK
test,quality,FullCapacity-mean17/29,9,JR-DUAL-r009-R8-g0340,False,2,True,2.0,30.0,958942.247525348,962784.318409774,3842.070884426008,0.40065717141369867,2.7978758178651333,7.465326827019453,1.0,1.0,0.0,0.0,1.0,0.0,0.0,0.0,8.0,8.0,0.0,3842.070884426008,962784.318409774,2413.828959963983,1428.241924462025,JointRecovery（本文方法，JR；完整框架 STK 迁移）；两种子均值,"JointRecovery (JR, ours); 2-seed mean",PROPOSED_FULL_FRAMEWORK
test,quality,FullCapacity-mean17/29,9,JR-DUAL-r009-R8-g0680,False,2,True,2.0,30.0,727027.842792866,728717.263461693,1689.4206688269041,0.2323735859051864,2.655568700283766,7.05115476809442,1.0,1.0,0.0,0.0,1.0,0.0,0.0,0.0,8.0,8.0,0.0,1689.4206688269041,728717.263461693,856.4749668039149,832.9457020229893,JointRecovery（本文方法，JR；完整框架 STK 迁移）；两种子均值,"JointRecovery (JR, ours); 2-seed mean",PROPOSED_FULL_FRAMEWORK
test,quality,FullCapacity-mean17/29,10,JR-DUAL-r010-R12-g0170,False,2,True,2.0,30.0,1304524.980145348,1306337.307063753,1812.326918405015,0.13892619505094403,4.013238951563835,8.960042843595147,1.0,1.0,0.0,0.0,1.0,0.0,0.0,0.0,8.0,8.0,0.0,1812.326918405015,1306337.307063753,1409.6677442491055,402.65917415590957,JointRecovery（本文方法，JR；完整框架 STK 迁移）；两种子均值,"JointRecovery (JR, ours); 2-seed mean",PROPOSED_FULL_FRAMEWORK
test,quality,FullCapacity-mean17/29,10,JR-DUAL-r010-R12-g0340,False,2,True,2.0,30.0,1204766.032426266,1208402.552936319,3636.5205100530293,0.3018445417762549,2.759837491437793,8.191593799740076,1.0,1.0,0.0,0.0,1.0,0.0,0.0,0.0,8.0,8.0,0.0,3636.5205100530293,1208402.552936319,2638.0165747040883,998.503935348941,JointRecovery（本文方法，JR；完整框架 STK 迁移）；两种子均值,"JointRecovery (JR, ours); 2-seed mean",PROPOSED_FULL_FRAMEWORK
test,quality,FullCapacity-mean17/29,10,JR-DUAL-r010-R12-g0680,False,2,True,2.0,30.0,997301.877515741,1000413.196392745,3111.3188770039706,0.3119736307680683,3.1514466144144535,8.232421090826392,1.0,1.0,0.0,0.0,1.0,0.0,0.0,0.0,8.0,8.0,0.0,3111.3188770039706,1000413.196392745,1689.2379566929303,1422.0809203110402,JointRecovery（本文方法，JR；完整框架 STK 迁移）；两种子均值,"JointRecovery (JR, ours); 2-seed mean",PROPOSED_FULL_FRAMEWORK
test,quality,FullCapacity-mean17/29,10,JR-DUAL-r010-R8-g0170,False,2,True,2.0,30.0,1063723.76085508,1067005.870427666,3282.109572585905,0.30854905130139837,4.010146679356694,8.420686457306147,1.0,1.0,0.0,0.0,1.0,0.0,0.0,0.0,8.0,8.0,0.0,3282.109572585905,1067005.870427666,1999.1203333488666,1282.9892392370384,JointRecovery（本文方法，JR；完整框架 STK 迁移）；两种子均值,"JointRecovery (JR, ours); 2-seed mean",PROPOSED_FULL_FRAMEWORK
test,quality,FullCapacity-mean17/29,10,JR-DUAL-r010-R8-g0340,False,2,True,2.0,30.0,961329.66255596,965900.661665852,4570.999109891942,0.4754871599133517,2.7433980014175177,7.410110920667648,1.0,1.0,0.0,0.0,1.0,0.0,0.0,0.0,8.0,8.0,0.0,4570.999109891942,965900.661665852,2815.9254813429434,1755.0736285489984,JointRecovery（本文方法，JR；完整框架 STK 迁移）；两种子均值,"JointRecovery (JR, ours); 2-seed mean",PROPOSED_FULL_FRAMEWORK
test,quality,FullCapacity-mean17/29,10,JR-DUAL-r010-R8-g0680,False,2,True,2.0,30.0,729720.170020981,731299.5775384535,1579.4075174725149,0.21644016190851673,2.7329478412866592,7.083583861589432,1.0,1.0,0.0,0.0,1.0,0.0,0.0,0.0,8.0,8.0,0.0,1579.4075174725149,731299.5775384535,1249.4284307870548,329.97908668546006,JointRecovery（本文方法，JR；完整框架 STK 迁移）；两种子均值,"JointRecovery (JR, ours); 2-seed mean",PROPOSED_FULL_FRAMEWORK
test,quality,FullCapacity-mean17/29,11,JR-DUAL-r011-R12-g0170,False,2,True,2.0,30.0,1309710.108432145,1311148.438464307,1438.3300321619026,0.10982048797681866,4.6486307345330715,9.511041371151805,1.0,1.0,0.0,0.0,1.0,0.0,0.0,0.0,8.0,8.0,0.0,1438.3300321619026,1311148.438464307,1187.9974463549443,250.33258580695838,JointRecovery（本文方法，JR；完整框架 STK 迁移）；两种子均值,"JointRecovery (JR, ours); 2-seed mean",PROPOSED_FULL_FRAMEWORK
test,quality,FullCapacity-mean17/29,11,JR-DUAL-r011-R12-g0340,False,2,True,2.0,30.0,1207263.813126226,1211168.326449476,3904.513323249994,0.32341840124729687,3.3244262132793665,8.563733054324985,1.0,1.0,0.0,0.0,1.0,0.0,0.0,0.0,8.0,8.0,0.0,3904.513323249994,1211168.326449476,3230.222770435037,674.2905528149568,JointRecovery（本文方法，JR；完整框架 STK 迁移）；两种子均值,"JointRecovery (JR, ours); 2-seed mean",PROPOSED_FULL_FRAMEWORK
test,quality,FullCapacity-mean17/29,11,JR-DUAL-r011-R12-g0680,False,2,True,2.0,30.0,996565.623874682,998503.525917519,1937.9020428369986,0.19445804635547909,2.498438362032175,7.820998283103108,1.0,1.0,0.0,0.0,1.0,0.0,0.0,0.0,8.0,8.0,0.0,1937.9020428369986,998503.525917519,1146.2667337020393,791.6353091349592,JointRecovery（本文方法，JR；完整框架 STK 迁移）；两种子均值,"JointRecovery (JR, ours); 2-seed mean",PROPOSED_FULL_FRAMEWORK
test,quality,FullCapacity-mean17/29,11,JR-DUAL-r011-R8-g0170,False,2,True,2.0,30.0,1065376.358638791,1069164.206413786,3787.8477749950252,0.35554081374911295,2.801393799483776,6.908875111490488,1.0,1.0,0.0,0.0,1.0,0.0,0.0,0.0,7.0,7.0,0.0,3787.8477749950252,1069164.206413786,2622.570562876994,1165.2772121180315,JointRecovery（本文方法，JR；完整框架 STK 迁移）；两种子均值,"JointRecovery (JR, ours); 2-seed mean",PROPOSED_FULL_FRAMEWORK
test,quality,FullCapacity-mean17/29,11,JR-DUAL-r011-R8-g0340,False,2,True,2.0,30.0,961749.203495802,964940.392041908,3191.1885461059865,0.33181088526057884,2.1594496183097363,6.3497250862419605,1.0,1.0,0.0,0.0,1.0,0.0,0.0,0.0,8.0,8.0,0.0,3191.1885461059865,964940.392041908,2574.4641978610307,616.7243482449558,JointRecovery（本文方法，JR；完整框架 STK 迁移）；两种子均值,"JointRecovery (JR, ours); 2-seed mean",PROPOSED_FULL_FRAMEWORK
test,quality,FullCapacity-mean17/29,11,JR-DUAL-r011-R8-g0680,False,2,True,2.0,30.0,730874.623950481,731929.972561589,1055.3486111080274,0.14439530071569848,2.81264403834939,6.956576496362686,1.0,1.0,0.0,0.0,1.0,0.0,0.0,0.0,8.0,8.0,0.0,1055.3486111080274,731929.972561589,1055.3486111080274,0.0,JointRecovery（本文方法，JR；完整框架 STK 迁移）；两种子均值,"JointRecovery (JR, ours); 2-seed mean",PROPOSED_FULL_FRAMEWORK
test,quality,FullCapacity-seed17,8,JR-DUAL-r008-R12-g0170,False,1,True,1.0,30.0,1308539.931227763,1310601.940398075,2062.009170311969,0.1575809129781197,3.5771790891885757,8.024977035820484,1.0,1.0,0.0,0.0,1.0,0.0,0.0,0.0,7.0,7.0,0.0,2062.009170311969,1310601.940398075,1545.2884029019624,516.7207674100064,JointRecovery（本文方法，JR；完整框架 STK 迁移）；seed17,"JointRecovery (JR, ours); seed17",PROPOSED_FULL_FRAMEWORK
test,quality,FullCapacity-seed17,8,JR-DUAL-r008-R12-g0340,False,1,True,1.0,30.0,1206858.411921518,1210753.609808727,3895.1978872090112,0.32275516736111676,3.260154653340578,8.064453639090061,1.0,1.0,0.0,0.0,1.0,0.0,0.0,0.0,8.0,8.0,0.0,3895.1978872090112,1210753.609808727,2293.9027097311337,1601.2951774778776,JointRecovery（本文方法，JR；完整框架 STK 迁移）；seed17,"JointRecovery (JR, ours); seed17",PROPOSED_FULL_FRAMEWORK
test,quality,FullCapacity-seed17,8,JR-DUAL-r008-R12-g0680,False,1,True,1.0,30.0,996252.482559234,998653.972644334,2401.49008509994,0.241052356419815,3.1213809959590435,7.657248489558697,1.0,1.0,0.0,0.0,1.0,0.0,0.0,0.0,8.0,8.0,0.0,2401.49008509994,998653.972644334,1752.890491288039,648.5995938119013,JointRecovery（本文方法，JR；完整框架 STK 迁移）；seed17,"JointRecovery (JR, ours); seed17",PROPOSED_FULL_FRAMEWORK
test,quality,FullCapacity-seed17,8,JR-DUAL-r008-R8-g0170,False,1,True,1.0,30.0,1064212.05311729,1067742.629697501,3530.5765802110545,0.33175498904276546,2.9984381161630154,7.661255206912756,1.0,1.0,0.0,0.0,1.0,0.0,0.0,0.0,7.0,7.0,0.0,3530.5765802110545,1067742.629697501,2186.9149603929836,1343.661619818071,JointRecovery（本文方法，JR；完整框架 STK 迁移）；seed17,"JointRecovery (JR, ours); seed17",PROPOSED_FULL_FRAMEWORK
test,quality,FullCapacity-seed17,8,JR-DUAL-r008-R8-g0340,False,1,True,1.0,30.0,964674.094508257,967744.796548355,3070.7020400980255,0.318314968503774,2.812798358500004,7.515617784112692,1.0,1.0,0.0,0.0,1.0,0.0,0.0,0.0,8.0,8.0,0.0,3070.7020400980255,967744.796548355,2213.5059239330003,857.1961161650252,JointRecovery（本文方法，JR；完整框架 STK 迁移）；seed17,"JointRecovery (JR, ours); seed17",PROPOSED_FULL_FRAMEWORK
test,quality,FullCapacity-seed17,8,JR-DUAL-r008-R8-g0680,False,1,True,1.0,30.0,725058.74017615,727062.211266697,2003.471090547042,0.2763184524967325,2.693826299160719,7.198796708136797,1.0,1.0,0.0,0.0,1.0,0.0,0.0,0.0,8.0,8.0,0.0,2003.471090547042,727062.211266697,1072.9688282109564,930.5022623360856,JointRecovery（本文方法，JR；完整框架 STK 迁移）；seed17,"JointRecovery (JR, ours); seed17",PROPOSED_FULL_FRAMEWORK
test,quality,FullCapacity-seed17,9,JR-DUAL-r009-R12-g0170,False,1,True,1.0,30.0,1303588.958822233,1305244.951142674,1655.9923204411753,0.12703331899476442,3.466762874275446,8.68219232186675,1.0,1.0,0.0,0.0,1.0,0.0,0.0,0.0,8.0,8.0,0.0,1655.9923204411753,1305244.951142674,1480.9733000150882,175.01902042608708,JointRecovery（本文方法，JR；完整框架 STK 迁移）；seed17,"JointRecovery (JR, ours); seed17",PROPOSED_FULL_FRAMEWORK
test,quality,FullCapacity-seed17,9,JR-DUAL-r009-R12-g0340,False,1,True,1.0,30.0,1201896.359864861,1204184.639125805,2288.2792609441094,0.19038906659151536,3.2113930732011795,7.916481748223305,1.0,1.0,0.0,0.0,1.0,0.0,0.0,0.0,6.0,6.0,0.0,2288.2792609441094,1204184.639125805,1088.1848472019192,1200.0944137421902,JointRecovery（本文方法，JR；完整框架 STK 迁移）；seed17,"JointRecovery (JR, ours); seed17",PROPOSED_FULL_FRAMEWORK
test,quality,FullCapacity-seed17,9,JR-DUAL-r009-R12-g0680,False,1,True,1.0,30.0,995328.900324943,996691.239721992,1362.3393970490433,0.136873288478239,3.143575321882963,8.02257589623332,1.0,1.0,0.0,0.0,1.0,0.0,0.0,0.0,8.0,8.0,0.0,1362.3393970490433,996691.239721992,1132.9280402449658,229.4113568040775,JointRecovery（本文方法，JR；完整框架 STK 迁移）；seed17,"JointRecovery (JR, ours); seed17",PROPOSED_FULL_FRAMEWORK
test,quality,FullCapacity-seed17,9,JR-DUAL-r009-R8-g0170,False,1,True,1.0,30.0,1069460.8401523,1072358.373683807,2897.5335315070115,0.270934046644885,2.833880342543125,7.172032222151756,1.0,1.0,0.0,0.0,1.0,0.0,0.0,0.0,7.0,7.0,0.0,2897.5335315070115,1072358.373683807,1700.94802728598,1196.5855042210314,JointRecovery（本文方法，JR；完整框架 STK 迁移）；seed17,"JointRecovery (JR, ours); seed17",PROPOSED_FULL_FRAMEWORK
test,quality,FullCapacity-seed17,9,JR-DUAL-r009-R8-g0340,False,1,True,1.0,30.0,958942.247525348,962784.318409774,3842.070884426008,0.40065717141369867,2.7904780209064484,7.455196738243103,1.0,1.0,0.0,0.0,1.0,0.0,0.0,0.0,8.0,8.0,0.0,3842.070884426008,962784.318409774,2413.828959963983,1428.241924462025,JointRecovery（本文方法，JR；完整框架 STK 迁移）；seed17,"JointRecovery (JR, ours); seed17",PROPOSED_FULL_FRAMEWORK
test,quality,FullCapacity-seed17,9,JR-DUAL-r009-R8-g0680,False,1,True,1.0,30.0,727027.842792866,728717.263461693,1689.4206688269041,0.2323735859051864,1.4893986284732819,5.996601182967424,1.0,1.0,0.0,0.0,1.0,0.0,0.0,0.0,8.0,8.0,0.0,1689.4206688269041,728717.263461693,856.4749668039149,832.9457020229893,JointRecovery（本文方法，JR；完整框架 STK 迁移）；seed17,"JointRecovery (JR, ours); seed17",PROPOSED_FULL_FRAMEWORK
test,quality,FullCapacity-seed17,10,JR-DUAL-r010-R12-g0170,False,1,True,1.0,30.0,1304524.980145348,1306337.307063753,1812.326918405015,0.13892619505094403,3.337650168687105,8.036050263792276,1.0,1.0,0.0,0.0,1.0,0.0,0.0,0.0,8.0,8.0,0.0,1812.326918405015,1306337.307063753,1409.6677442491055,402.65917415590957,JointRecovery（本文方法，JR；完整框架 STK 迁移）；seed17,"JointRecovery (JR, ours); seed17",PROPOSED_FULL_FRAMEWORK
test,quality,FullCapacity-seed17,10,JR-DUAL-r010-R12-g0340,False,1,True,1.0,30.0,1204766.032426266,1208402.552936319,3636.5205100530293,0.3018445417762549,2.269350126385689,7.413154821842909,1.0,1.0,0.0,0.0,1.0,0.0,0.0,0.0,8.0,8.0,0.0,3636.5205100530293,1208402.552936319,2638.0165747040883,998.503935348941,JointRecovery（本文方法，JR；完整框架 STK 迁移）；seed17,"JointRecovery (JR, ours); seed17",PROPOSED_FULL_FRAMEWORK
test,quality,FullCapacity-seed17,10,JR-DUAL-r010-R12-g0680,False,1,True,1.0,30.0,997301.877515741,1000413.196392745,3111.3188770039706,0.3119736307680683,3.140735287219286,8.364803720265627,1.0,1.0,0.0,0.0,1.0,0.0,0.0,0.0,8.0,8.0,0.0,3111.3188770039706,1000413.196392745,1689.2379566929303,1422.0809203110402,JointRecovery（本文方法，JR；完整框架 STK 迁移）；seed17,"JointRecovery (JR, ours); seed17",PROPOSED_FULL_FRAMEWORK
test,quality,FullCapacity-seed17,10,JR-DUAL-r010-R8-g0170,False,1,True,1.0,30.0,1063723.76085508,1067005.870427666,3282.109572585905,0.30854905130139837,4.00760393217206,8.363481294363737,1.0,1.0,0.0,0.0,1.0,0.0,0.0,0.0,8.0,8.0,0.0,3282.109572585905,1067005.870427666,1999.1203333488666,1282.9892392370384,JointRecovery（本文方法，JR；完整框架 STK 迁移）；seed17,"JointRecovery (JR, ours); seed17",PROPOSED_FULL_FRAMEWORK
test,quality,FullCapacity-seed17,10,JR-DUAL-r010-R8-g0340,False,1,True,1.0,30.0,961329.66255596,965900.661665852,4570.999109891942,0.4754871599133517,2.7664266377687454,7.353696770966053,1.0,1.0,0.0,0.0,1.0,0.0,0.0,0.0,8.0,8.0,0.0,4570.999109891942,965900.661665852,2815.9254813429434,1755.0736285489984,JointRecovery（本文方法，JR；完整框架 STK 迁移）；seed17,"JointRecovery (JR, ours); seed17",PROPOSED_FULL_FRAMEWORK
test,quality,FullCapacity-seed17,10,JR-DUAL-r010-R8-g0680,False,1,True,1.0,30.0,729720.170020981,731036.045048618,1315.8750276369974,0.18032597723030777,1.6609387136995792,5.66271547973156,1.0,1.0,0.0,0.0,1.0,0.0,0.0,0.0,8.0,8.0,0.0,1315.8750276369974,731036.045048618,1249.4284307870548,66.44659684994258,JointRecovery（本文方法，JR；完整框架 STK 迁移）；seed17,"JointRecovery (JR, ours); seed17",PROPOSED_FULL_FRAMEWORK
test,quality,FullCapacity-seed17,11,JR-DUAL-r011-R12-g0170,False,1,True,1.0,30.0,1309710.108432145,1311148.438464307,1438.3300321619026,0.10982048797681866,4.683535914868116,9.999986406415701,1.0,1.0,0.0,0.0,1.0,0.0,0.0,0.0,8.0,8.0,0.0,1438.3300321619026,1311148.438464307,1187.9974463549443,250.33258580695838,JointRecovery（本文方法，JR；完整框架 STK 迁移）；seed17,"JointRecovery (JR, ours); seed17",PROPOSED_FULL_FRAMEWORK
test,quality,FullCapacity-seed17,11,JR-DUAL-r011-R12-g0340,False,1,True,1.0,30.0,1207263.813126226,1211168.326449476,3904.513323249994,0.32341840124729687,3.352697730064392,8.539763741195202,1.0,1.0,0.0,0.0,1.0,0.0,0.0,0.0,8.0,8.0,0.0,3904.513323249994,1211168.326449476,3230.222770435037,674.2905528149568,JointRecovery（本文方法，JR；完整框架 STK 迁移）；seed17,"JointRecovery (JR, ours); seed17",PROPOSED_FULL_FRAMEWORK
test,quality,FullCapacity-seed17,11,JR-DUAL-r011-R12-g0680,False,1,True,1.0,30.0,996565.623874682,998503.525917519,1937.9020428369986,0.19445804635547909,1.9287753105163574,6.722383048385382,1.0,1.0,0.0,0.0,1.0,0.0,0.0,0.0,8.0,8.0,0.0,1937.9020428369986,998503.525917519,1146.2667337020393,791.6353091349592,JointRecovery（本文方法，JR；完整框架 STK 迁移）；seed17,"JointRecovery (JR, ours); seed17",PROPOSED_FULL_FRAMEWORK
test,quality,FullCapacity-seed17,11,JR-DUAL-r011-R8-g0170,False,1,True,1.0,30.0,1065376.358638791,1069164.206413786,3787.8477749950252,0.35554081374911295,2.801814202219248,7.288197170943022,1.0,1.0,0.0,0.0,1.0,0.0,0.0,0.0,7.0,7.0,0.0,3787.8477749950252,1069164.206413786,2622.570562876994,1165.2772121180315,JointRecovery（本文方法，JR；完整框架 STK 迁移）；seed17,"JointRecovery (JR, ours); seed17",PROPOSED_FULL_FRAMEWORK
test,quality,FullCapacity-seed17,11,JR-DUAL-r011-R8-g0340,False,1,True,1.0,30.0,961749.203495802,964940.392041908,3191.1885461059865,0.33181088526057884,1.5678971149027348,6.119841482490301,1.0,1.0,0.0,0.0,1.0,0.0,0.0,0.0,8.0,8.0,0.0,3191.1885461059865,964940.392041908,2574.4641978610307,616.7243482449558,JointRecovery（本文方法，JR；完整框架 STK 迁移）；seed17,"JointRecovery (JR, ours); seed17",PROPOSED_FULL_FRAMEWORK
test,quality,FullCapacity-seed17,11,JR-DUAL-r011-R8-g0680,False,1,True,1.0,30.0,730874.623950481,731929.972561589,1055.3486111080274,0.14439530071569848,1.85635282471776,6.196748647838831,1.0,1.0,0.0,0.0,1.0,0.0,0.0,0.0,8.0,8.0,0.0,1055.3486111080274,731929.972561589,1055.3486111080274,0.0,JointRecovery（本文方法，JR；完整框架 STK 迁移）；seed17,"JointRecovery (JR, ours); seed17",PROPOSED_FULL_FRAMEWORK
test,quality,FullCapacity-seed29,8,JR-DUAL-r008-R12-g0170,False,1,True,1.0,30.0,1308539.931227763,1310601.940398075,2062.009170311969,0.1575809129781197,4.66255958750844,9.170156985521317,1.0,1.0,0.0,0.0,1.0,0.0,0.0,0.0,8.0,8.0,0.0,2062.009170311969,1310601.940398075,1545.2884029019624,516.7207674100064,JointRecovery（本文方法，JR；完整框架 STK 迁移）；seed29,"JointRecovery (JR, ours); seed29",PROPOSED_FULL_FRAMEWORK
test,quality,FullCapacity-seed29,8,JR-DUAL-r008-R12-g0340,False,1,True,1.0,30.0,1206858.411921518,1210753.609808727,3895.1978872090112,0.32275516736111676,3.245041836053133,8.429743520915508,1.0,1.0,0.0,0.0,1.0,0.0,0.0,0.0,8.0,8.0,0.0,3895.1978872090112,1210753.609808727,2293.9027097311337,1601.2951774778776,JointRecovery（本文方法，JR；完整框架 STK 迁移）；seed29,"JointRecovery (JR, ours); seed29",PROPOSED_FULL_FRAMEWORK
test,quality,FullCapacity-seed29,8,JR-DUAL-r008-R12-g0680,False,1,True,1.0,30.0,996252.482559234,998653.972644334,2401.49008509994,0.241052356419815,3.3425495885312557,8.571060705929995,1.0,1.0,0.0,0.0,1.0,0.0,0.0,0.0,8.0,8.0,0.0,2401.49008509994,998653.972644334,1752.890491288039,648.5995938119013,JointRecovery（本文方法，JR；完整框架 STK 迁移）；seed29,"JointRecovery (JR, ours); seed29",PROPOSED_FULL_FRAMEWORK
test,quality,FullCapacity-seed29,8,JR-DUAL-r008-R8-g0170,False,1,True,1.0,30.0,1064212.05311729,1067758.36865486,3546.3155375700444,0.33323391961049276,4.170747209340334,8.8270972520113,1.0,1.0,0.0,0.0,1.0,0.0,0.0,0.0,8.0,8.0,0.0,3546.3155375700444,1067758.36865486,2186.9149603929836,1359.4005771770608,JointRecovery（本文方法，JR；完整框架 STK 迁移）；seed29,"JointRecovery (JR, ours); seed29",PROPOSED_FULL_FRAMEWORK
test,quality,FullCapacity-seed29,8,JR-DUAL-r008-R8-g0340,False,1,True,1.0,30.0,964674.094508257,967744.796548355,3070.7020400980255,0.318314968503774,2.7414281256496906,7.102483320981264,1.0,1.0,0.0,0.0,1.0,0.0,0.0,0.0,8.0,8.0,0.0,3070.7020400980255,967744.796548355,2213.5059239330003,857.1961161650252,JointRecovery（本文方法，JR；完整框架 STK 迁移）；seed29,"JointRecovery (JR, ours); seed29",PROPOSED_FULL_FRAMEWORK
test,quality,FullCapacity-seed29,8,JR-DUAL-r008-R8-g0680,False,1,True,1.0,30.0,725058.74017615,727062.211266697,2003.471090547042,0.2763184524967325,2.6556035205721855,7.399029649794102,1.0,1.0,0.0,0.0,1.0,0.0,0.0,0.0,8.0,8.0,0.0,2003.471090547042,727062.211266697,1072.9688282109564,930.5022623360856,JointRecovery（本文方法，JR；完整框架 STK 迁移）；seed29,"JointRecovery (JR, ours); seed29",PROPOSED_FULL_FRAMEWORK
test,quality,FullCapacity-seed29,9,JR-DUAL-r009-R12-g0170,False,1,True,1.0,30.0,1303588.958822233,1305244.951142674,1655.9923204411753,0.12703331899476442,4.615803141146898,9.87383657693863,1.0,1.0,0.0,0.0,1.0,0.0,0.0,0.0,8.0,8.0,0.0,1655.9923204411753,1305244.951142674,1480.9733000150882,175.01902042608708,JointRecovery（本文方法，JR；完整框架 STK 迁移）；seed29,"JointRecovery (JR, ours); seed29",PROPOSED_FULL_FRAMEWORK
test,quality,FullCapacity-seed29,9,JR-DUAL-r009-R12-g0340,False,1,True,1.0,30.0,1201896.359864861,1204184.639125805,2288.2792609441094,0.19038906659151536,4.7491358406841755,9.089706890285015,1.0,1.0,0.0,0.0,1.0,0.0,0.0,0.0,8.0,8.0,0.0,2288.2792609441094,1204184.639125805,1088.1848472019192,1200.0944137421902,JointRecovery（本文方法，JR；完整框架 STK 迁移）；seed29,"JointRecovery (JR, ours); seed29",PROPOSED_FULL_FRAMEWORK
test,quality,FullCapacity-seed29,9,JR-DUAL-r009-R12-g0680,False,1,True,1.0,30.0,995328.900324943,996691.239721992,1362.3393970490433,0.136873288478239,4.284056015312672,9.473914250731468,1.0,1.0,0.0,0.0,1.0,0.0,0.0,0.0,8.0,8.0,0.0,1362.3393970490433,996691.239721992,1132.9280402449658,229.4113568040775,JointRecovery（本文方法，JR；完整框架 STK 迁移）；seed29,"JointRecovery (JR, ours); seed29",PROPOSED_FULL_FRAMEWORK
test,quality,FullCapacity-seed29,9,JR-DUAL-r009-R8-g0170,False,1,True,1.0,30.0,1069460.8401523,1072358.373683807,2897.5335315070115,0.270934046644885,2.9321111477911472,7.45939452573657,1.0,1.0,0.0,0.0,1.0,0.0,0.0,0.0,7.0,7.0,0.0,2897.5335315070115,1072358.373683807,1700.94802728598,1196.5855042210314,JointRecovery（本文方法，JR；完整框架 STK 迁移）；seed29,"JointRecovery (JR, ours); seed29",PROPOSED_FULL_FRAMEWORK
test,quality,FullCapacity-seed29,9,JR-DUAL-r009-R8-g0340,False,1,True,1.0,30.0,958942.247525348,962784.318409774,3842.070884426008,0.40065717141369867,2.805273614823818,7.475456915795803,1.0,1.0,0.0,0.0,1.0,0.0,0.0,0.0,8.0,8.0,0.0,3842.070884426008,962784.318409774,2413.828959963983,1428.241924462025,JointRecovery（本文方法，JR；完整框架 STK 迁移）；seed29,"JointRecovery (JR, ours); seed29",PROPOSED_FULL_FRAMEWORK
test,quality,FullCapacity-seed29,9,JR-DUAL-r009-R8-g0680,False,1,True,1.0,30.0,727027.842792866,728717.263461693,1689.4206688269041,0.2323735859051864,3.8217387720942497,8.105708353221416,1.0,1.0,0.0,0.0,1.0,0.0,0.0,0.0,8.0,8.0,0.0,1689.4206688269041,728717.263461693,856.4749668039149,832.9457020229893,JointRecovery（本文方法，JR；完整框架 STK 迁移）；seed29,"JointRecovery (JR, ours); seed29",PROPOSED_FULL_FRAMEWORK
test,quality,FullCapacity-seed29,10,JR-DUAL-r010-R12-g0170,False,1,True,1.0,30.0,1304524.980145348,1306337.307063753,1812.326918405015,0.13892619505094403,4.688827734440565,9.884035423398018,1.0,1.0,0.0,0.0,1.0,0.0,0.0,0.0,8.0,8.0,0.0,1812.326918405015,1306337.307063753,1409.6677442491055,402.65917415590957,JointRecovery（本文方法，JR；完整框架 STK 迁移）；seed29,"JointRecovery (JR, ours); seed29",PROPOSED_FULL_FRAMEWORK
test,quality,FullCapacity-seed29,10,JR-DUAL-r010-R12-g0340,False,1,True,1.0,30.0,1204766.032426266,1208402.552936319,3636.5205100530293,0.3018445417762549,3.2503248564898968,8.970032777637243,1.0,1.0,0.0,0.0,1.0,0.0,0.0,0.0,8.0,8.0,0.0,3636.5205100530293,1208402.552936319,2638.0165747040883,998.503935348941,JointRecovery（本文方法，JR；完整框架 STK 迁移）；seed29,"JointRecovery (JR, ours); seed29",PROPOSED_FULL_FRAMEWORK
test,quality,FullCapacity-seed29,10,JR-DUAL-r010-R12-g0680,False,1,True,1.0,30.0,997301.877515741,1000413.196392745,3111.3188770039706,0.3119736307680683,3.162157941609621,8.100038461387157,1.0,1.0,0.0,0.0,1.0,0.0,0.0,0.0,8.0,8.0,0.0,3111.3188770039706,1000413.196392745,1689.2379566929303,1422.0809203110402,JointRecovery（本文方法，JR；完整框架 STK 迁移）；seed29,"JointRecovery (JR, ours); seed29",PROPOSED_FULL_FRAMEWORK
test,quality,FullCapacity-seed29,10,JR-DUAL-r010-R8-g0170,False,1,True,1.0,30.0,1063723.76085508,1067005.870427666,3282.109572585905,0.30854905130139837,4.012689426541328,8.477891620248556,1.0,1.0,0.0,0.0,1.0,0.0,0.0,0.0,8.0,8.0,0.0,3282.109572585905,1067005.870427666,1999.1203333488666,1282.9892392370384,JointRecovery（本文方法，JR；完整框架 STK 迁移）；seed29,"JointRecovery (JR, ours); seed29",PROPOSED_FULL_FRAMEWORK
test,quality,FullCapacity-seed29,10,JR-DUAL-r010-R8-g0340,False,1,True,1.0,30.0,961329.66255596,965900.661665852,4570.999109891942,0.4754871599133517,2.72036936506629,7.466525070369244,1.0,1.0,0.0,0.0,1.0,0.0,0.0,0.0,8.0,8.0,0.0,4570.999109891942,965900.661665852,2815.9254813429434,1755.0736285489984,JointRecovery（本文方法，JR；完整框架 STK 迁移）；seed29,"JointRecovery (JR, ours); seed29",PROPOSED_FULL_FRAMEWORK
test,quality,FullCapacity-seed29,10,JR-DUAL-r010-R8-g0680,False,1,True,1.0,30.0,729720.170020981,731563.110028289,1842.9400073080324,0.2525543465867257,3.8049569688737392,8.504452243447304,1.0,1.0,0.0,0.0,1.0,0.0,0.0,0.0,8.0,8.0,0.0,1842.9400073080324,731563.110028289,1249.4284307870548,593.5115765209775,JointRecovery（本文方法，JR；完整框架 STK 迁移）；seed29,"JointRecovery (JR, ours); seed29",PROPOSED_FULL_FRAMEWORK
test,quality,FullCapacity-seed29,11,JR-DUAL-r011-R12-g0170,False,1,True,1.0,30.0,1309710.108432145,1311148.438464307,1438.3300321619026,0.10982048797681866,4.613725554198027,9.022096335887909,1.0,1.0,0.0,0.0,1.0,0.0,0.0,0.0,8.0,8.0,0.0,1438.3300321619026,1311148.438464307,1187.9974463549443,250.33258580695838,JointRecovery（本文方法，JR；完整框架 STK 迁移）；seed29,"JointRecovery (JR, ours); seed29",PROPOSED_FULL_FRAMEWORK
test,quality,FullCapacity-seed29,11,JR-DUAL-r011-R12-g0340,False,1,True,1.0,30.0,1207263.813126226,1211168.326449476,3904.513323249994,0.32341840124729687,3.296154696494341,8.587702367454767,1.0,1.0,0.0,0.0,1.0,0.0,0.0,0.0,8.0,8.0,0.0,3904.513323249994,1211168.326449476,3230.222770435037,674.2905528149568,JointRecovery（本文方法，JR；完整框架 STK 迁移）；seed29,"JointRecovery (JR, ours); seed29",PROPOSED_FULL_FRAMEWORK
test,quality,FullCapacity-seed29,11,JR-DUAL-r011-R12-g0680,False,1,True,1.0,30.0,996565.623874682,998503.525917519,1937.9020428369986,0.19445804635547909,3.0681014135479927,8.919613517820835,1.0,1.0,0.0,0.0,1.0,0.0,0.0,0.0,8.0,8.0,0.0,1937.9020428369986,998503.525917519,1146.2667337020393,791.6353091349592,JointRecovery（本文方法，JR；完整框架 STK 迁移）；seed29,"JointRecovery (JR, ours); seed29",PROPOSED_FULL_FRAMEWORK
test,quality,FullCapacity-seed29,11,JR-DUAL-r011-R8-g0170,False,1,True,1.0,30.0,1065376.358638791,1069164.206413786,3787.8477749950252,0.35554081374911295,2.8009733967483044,6.529553052037954,1.0,1.0,0.0,0.0,1.0,0.0,0.0,0.0,7.0,7.0,0.0,3787.8477749950252,1069164.206413786,2622.570562876994,1165.2772121180315,JointRecovery（本文方法，JR；完整框架 STK 迁移）；seed29,"JointRecovery (JR, ours); seed29",PROPOSED_FULL_FRAMEWORK
test,quality,FullCapacity-seed29,11,JR-DUAL-r011-R8-g0340,False,1,True,1.0,30.0,961749.203495802,964940.392041908,3191.1885461059865,0.33181088526057884,2.7510021217167377,6.57960868999362,1.0,1.0,0.0,0.0,1.0,0.0,0.0,0.0,8.0,8.0,0.0,3191.1885461059865,964940.392041908,2574.4641978610307,616.7243482449558,JointRecovery（本文方法，JR；完整框架 STK 迁移）；seed29,"JointRecovery (JR, ours); seed29",PROPOSED_FULL_FRAMEWORK
test,quality,FullCapacity-seed29,11,JR-DUAL-r011-R8-g0680,False,1,True,1.0,30.0,730874.623950481,731929.972561589,1055.3486111080274,0.14439530071569848,3.76893525198102,7.716404344886541,1.0,1.0,0.0,0.0,1.0,0.0,0.0,0.0,8.0,8.0,0.0,1055.3486111080274,731929.972561589,1055.3486111080274,0.0,JointRecovery（本文方法，JR；完整框架 STK 迁移）；seed29,"JointRecovery (JR, ours); seed29",PROPOSED_FULL_FRAMEWORK
test,quality,FullCheapSummary-mean17/29,8,JR-DUAL-r008-R12-g0170,False,2,True,2.0,30.0,1308539.931227763,1310601.940398075,2062.009170311969,0.1575809129781197,3.3004438932985067,8.658899335190654,1.0,1.0,0.0,0.0,1.0,0.0,0.0,0.0,7.0,7.0,0.0,2062.009170311969,1310601.940398075,1545.2884029019624,516.7207674100064,JR-CheapSummary（简化表示消融）；两种子均值,JR-CheapSummary; 2-seed mean,SIMPLIFIED_REPRESENTATION_ABLATION
test,quality,FullCheapSummary-mean17/29,8,JR-DUAL-r008-R12-g0340,False,2,True,2.0,30.0,1206858.411921518,1210753.609808727,3895.1978872090112,0.32275516736111676,3.138799974694848,7.702751355245709,1.0,1.0,0.0,0.0,1.0,0.0,0.0,0.0,8.0,8.0,0.0,3895.1978872090112,1210753.609808727,2293.9027097311337,1601.2951774778776,JR-CheapSummary（简化表示消融）；两种子均值,JR-CheapSummary; 2-seed mean,SIMPLIFIED_REPRESENTATION_ABLATION
test,quality,FullCheapSummary-mean17/29,8,JR-DUAL-r008-R12-g0680,False,2,True,2.0,30.0,996252.482559234,998653.972644334,2401.49008509994,0.241052356419815,3.020885944366455,8.140857625752687,1.0,1.0,0.0,0.0,1.0,0.0,0.0,0.0,8.0,8.0,0.0,2401.49008509994,998653.972644334,1752.890491288039,648.5995938119013,JR-CheapSummary（简化表示消融）；两种子均值,JR-CheapSummary; 2-seed mean,SIMPLIFIED_REPRESENTATION_ABLATION
test,quality,FullCheapSummary-mean17/29,8,JR-DUAL-r008-R8-g0170,False,2,True,2.0,30.0,1064212.05311729,1067750.4991761805,3538.4460588905495,0.3324944543266291,3.4050140250474215,7.5503083653748035,1.0,1.0,0.0,0.0,1.0,0.0,0.0,0.0,7.5,7.5,0.0,3538.4460588905495,1067750.4991761805,2186.9149603929836,1351.5310984975658,JR-CheapSummary（简化表示消融）；两种子均值,JR-CheapSummary; 2-seed mean,SIMPLIFIED_REPRESENTATION_ABLATION
test,quality,FullCheapSummary-mean17/29,8,JR-DUAL-r008-R8-g0340,False,2,True,2.0,30.0,964674.094508257,967744.796548355,3070.7020400980255,0.318314968503774,3.2968995422124863,7.582893889397383,1.0,1.0,0.0,0.0,1.0,0.0,0.0,0.0,8.0,8.0,0.0,3070.7020400980255,967744.796548355,2213.5059239330003,857.1961161650252,JR-CheapSummary（简化表示消融）；两种子均值,JR-CheapSummary; 2-seed mean,SIMPLIFIED_REPRESENTATION_ABLATION
test,quality,FullCheapSummary-mean17/29,8,JR-DUAL-r008-R8-g0680,False,2,True,2.0,30.0,725058.74017615,727062.211266697,2003.471090547042,0.2763184524967325,3.132914090529084,7.610638488084078,1.0,1.0,0.0,0.0,1.0,0.0,0.0,0.0,8.0,8.0,0.0,2003.471090547042,727062.211266697,1072.9688282109564,930.5022623360856,JR-CheapSummary（简化表示消融）；两种子均值,JR-CheapSummary; 2-seed mean,SIMPLIFIED_REPRESENTATION_ABLATION
test,quality,FullCheapSummary-mean17/29,9,JR-DUAL-r009-R12-g0170,False,2,True,2.0,30.0,1303588.958822233,1305244.951142674,1655.9923204411753,0.12703331899476442,3.341055154800415,8.255246689543128,1.0,1.0,0.0,0.0,1.0,0.0,0.0,0.0,8.0,8.0,0.0,1655.9923204411753,1305244.951142674,1480.9733000150882,175.01902042608708,JR-CheapSummary（简化表示消融）；两种子均值,JR-CheapSummary; 2-seed mean,SIMPLIFIED_REPRESENTATION_ABLATION
test,quality,FullCheapSummary-mean17/29,9,JR-DUAL-r009-R12-g0340,False,2,True,2.0,30.0,1201896.359864861,1204184.639125805,2288.2792609441094,0.19038906659151536,3.808231132104993,8.963479036465287,1.0,1.0,0.0,0.0,1.0,0.0,0.0,0.0,7.5,7.5,0.0,2288.2792609441094,1204184.639125805,1088.1848472019192,1200.0944137421902,JR-CheapSummary（简化表示消融）；两种子均值,JR-CheapSummary; 2-seed mean,SIMPLIFIED_REPRESENTATION_ABLATION
test,quality,FullCheapSummary-mean17/29,9,JR-DUAL-r009-R12-g0680,False,2,True,2.0,30.0,995328.900324943,996691.239721992,1362.3393970490433,0.136873288478239,3.5936964955180883,8.836666218936443,1.0,1.0,0.0,0.0,1.0,0.0,0.0,0.0,8.0,8.0,0.0,1362.3393970490433,996691.239721992,1132.9280402449658,229.4113568040775,JR-CheapSummary（简化表示消融）；两种子均值,JR-CheapSummary; 2-seed mean,SIMPLIFIED_REPRESENTATION_ABLATION
test,quality,FullCheapSummary-mean17/29,9,JR-DUAL-r009-R8-g0170,False,2,True,2.0,30.0,1069460.8401523,1072358.373683807,2897.5335315070115,0.270934046644885,2.862070258706808,7.3181244898587465,1.0,1.0,0.0,0.0,1.0,0.0,0.0,0.0,7.0,7.0,0.0,2897.5335315070115,1072358.373683807,1700.94802728598,1196.5855042210314,JR-CheapSummary（简化表示消融）；两种子均值,JR-CheapSummary; 2-seed mean,SIMPLIFIED_REPRESENTATION_ABLATION
test,quality,FullCheapSummary-mean17/29,9,JR-DUAL-r009-R8-g0340,False,2,True,2.0,30.0,958942.247525348,962784.318409774,3842.070884426008,0.40065717141369867,2.68616128154099,7.619177617132664,1.0,1.0,0.0,0.0,1.0,0.0,0.0,0.0,8.0,8.0,0.0,3842.070884426008,962784.318409774,2413.828959963983,1428.241924462025,JR-CheapSummary（简化表示消融）；两种子均值,JR-CheapSummary; 2-seed mean,SIMPLIFIED_REPRESENTATION_ABLATION
test,quality,FullCheapSummary-mean17/29,9,JR-DUAL-r009-R8-g0680,False,2,True,2.0,30.0,727027.842792866,728717.263461693,1689.4206688269041,0.2323735859051864,2.554871829226613,6.922558860853314,1.0,1.0,0.0,0.0,1.0,0.0,0.0,0.0,8.0,8.0,0.0,1689.4206688269041,728717.263461693,856.4749668039149,832.9457020229893,JR-CheapSummary（简化表示消融）；两种子均值,JR-CheapSummary; 2-seed mean,SIMPLIFIED_REPRESENTATION_ABLATION
test,quality,FullCheapSummary-mean17/29,10,JR-DUAL-r010-R12-g0170,False,2,True,2.0,30.0,1304524.980145348,1306337.307063753,1812.326918405015,0.13892619505094403,4.142645668238401,8.678971728309989,1.0,1.0,0.0,0.0,1.0,0.0,0.0,0.0,8.0,8.0,0.0,1812.326918405015,1306337.307063753,1409.6677442491055,402.65917415590957,JR-CheapSummary（简化表示消融）；两种子均值,JR-CheapSummary; 2-seed mean,SIMPLIFIED_REPRESENTATION_ABLATION
test,quality,FullCheapSummary-mean17/29,10,JR-DUAL-r010-R12-g0340,False,2,True,2.0,30.0,1204766.032426266,1208402.552936319,3636.5205100530293,0.3018445417762549,2.6452729739248753,7.453506043180823,1.0,1.0,0.0,0.0,1.0,0.0,0.0,0.0,8.0,8.0,0.0,3636.5205100530293,1208402.552936319,2638.0165747040883,998.503935348941,JR-CheapSummary（简化表示消融）；两种子均值,JR-CheapSummary; 2-seed mean,SIMPLIFIED_REPRESENTATION_ABLATION
test,quality,FullCheapSummary-mean17/29,10,JR-DUAL-r010-R12-g0680,False,2,True,2.0,30.0,997301.877515741,1000413.196392745,3111.3188770039706,0.3119736307680683,3.016877967864275,8.47021964751184,1.0,1.0,0.0,0.0,1.0,0.0,0.0,0.0,8.0,8.0,0.0,3111.3188770039706,1000413.196392745,1689.2379566929303,1422.0809203110402,JR-CheapSummary（简化表示消融）；两种子均值,JR-CheapSummary; 2-seed mean,SIMPLIFIED_REPRESENTATION_ABLATION
test,quality,FullCheapSummary-mean17/29,10,JR-DUAL-r010-R8-g0170,False,2,True,2.0,30.0,1063723.76085508,1067005.870427666,3282.109572585905,0.30854905130139837,3.90405011177063,8.42330009676516,1.0,1.0,0.0,0.0,1.0,0.0,0.0,0.0,8.0,8.0,0.0,3282.109572585905,1067005.870427666,1999.1203333488666,1282.9892392370384,JR-CheapSummary（简化表示消融）；两种子均值,JR-CheapSummary; 2-seed mean,SIMPLIFIED_REPRESENTATION_ABLATION
test,quality,FullCheapSummary-mean17/29,10,JR-DUAL-r010-R8-g0340,False,2,True,2.0,30.0,961329.66255596,965900.661665852,4570.999109891942,0.4754871599133517,2.6646556239575148,6.683900352567434,1.0,1.0,0.0,0.0,1.0,0.0,0.0,0.0,8.0,8.0,0.0,4570.999109891942,965900.661665852,2815.9254813429434,1755.0736285489984,JR-CheapSummary（简化表示消融）；两种子均值,JR-CheapSummary; 2-seed mean,SIMPLIFIED_REPRESENTATION_ABLATION
test,quality,FullCheapSummary-mean17/29,10,JR-DUAL-r010-R8-g0680,False,2,True,2.0,30.0,729720.170020981,731036.045048618,1315.8750276369974,0.18032597723030777,2.4734538476914167,6.939468793570995,1.0,1.0,0.0,0.0,1.0,0.0,0.0,0.0,8.0,8.0,0.0,1315.8750276369974,731036.045048618,1249.4284307870548,66.44659684994258,JR-CheapSummary（简化表示消融）；两种子均值,JR-CheapSummary; 2-seed mean,SIMPLIFIED_REPRESENTATION_ABLATION
test,quality,FullCheapSummary-mean17/29,11,JR-DUAL-r011-R12-g0170,False,2,True,2.0,30.0,1309710.108432145,1311148.438464307,1438.3300321619026,0.10982048797681866,4.62651046179235,9.576075181365013,1.0,1.0,0.0,0.0,1.0,0.0,0.0,0.0,8.0,8.0,0.0,1438.3300321619026,1311148.438464307,1187.9974463549443,250.33258580695838,JR-CheapSummary（简化表示消融）；两种子均值,JR-CheapSummary; 2-seed mean,SIMPLIFIED_REPRESENTATION_ABLATION
test,quality,FullCheapSummary-mean17/29,11,JR-DUAL-r011-R12-g0340,False,2,True,2.0,30.0,1207263.813126226,1211168.326449476,3904.513323249994,0.32341840124729687,3.3209635242819786,8.2983458917588,1.0,1.0,0.0,0.0,1.0,0.0,0.0,0.0,8.0,8.0,0.0,3904.513323249994,1211168.326449476,3230.222770435037,674.2905528149568,JR-CheapSummary（简化表示消融）；两种子均值,JR-CheapSummary; 2-seed mean,SIMPLIFIED_REPRESENTATION_ABLATION
test,quality,FullCheapSummary-mean17/29,11,JR-DUAL-r011-R12-g0680,False,2,True,2.0,30.0,996565.623874682,998503.525917519,1937.9020428369986,0.19445804635547909,2.424520904198289,7.589519942179322,1.0,1.0,0.0,0.0,1.0,0.0,0.0,0.0,8.0,8.0,0.0,1937.9020428369986,998503.525917519,1146.2667337020393,791.6353091349592,JR-CheapSummary（简化表示消融）；两种子均值,JR-CheapSummary; 2-seed mean,SIMPLIFIED_REPRESENTATION_ABLATION
test,quality,FullCheapSummary-mean17/29,11,JR-DUAL-r011-R8-g0170,False,2,True,2.0,30.0,1065376.358638791,1069164.206413786,3787.8477749950252,0.35554081374911295,2.701795745640993,7.225989677011967,1.0,1.0,0.0,0.0,1.0,0.0,0.0,0.0,7.0,7.0,0.0,3787.8477749950252,1069164.206413786,2622.570562876994,1165.2772121180315,JR-CheapSummary（简化表示消融）；两种子均值,JR-CheapSummary; 2-seed mean,SIMPLIFIED_REPRESENTATION_ABLATION
test,quality,FullCheapSummary-mean17/29,11,JR-DUAL-r011-R8-g0340,False,2,True,2.0,30.0,961749.203495802,964940.392041908,3191.1885461059865,0.33181088526057884,2.0173497200012207,6.321964792907238,1.0,1.0,0.0,0.0,1.0,0.0,0.0,0.0,8.0,8.0,0.0,3191.1885461059865,964940.392041908,2574.4641978610307,616.7243482449558,JR-CheapSummary（简化表示消融）；两种子均值,JR-CheapSummary; 2-seed mean,SIMPLIFIED_REPRESENTATION_ABLATION
test,quality,FullCheapSummary-mean17/29,11,JR-DUAL-r011-R8-g0680,False,2,True,2.0,30.0,730874.623950481,731929.972561589,1055.3486111080274,0.14439530071569848,2.619434241205454,6.685908045619726,1.0,1.0,0.0,0.0,1.0,0.0,0.0,0.0,8.0,8.0,0.0,1055.3486111080274,731929.972561589,1055.3486111080274,0.0,JR-CheapSummary（简化表示消融）；两种子均值,JR-CheapSummary; 2-seed mean,SIMPLIFIED_REPRESENTATION_ABLATION
test,quality,FullCheapSummary-seed17,8,JR-DUAL-r008-R12-g0170,False,1,True,1.0,30.0,1308539.931227763,1310601.940398075,2062.009170311969,0.1575809129781197,3.2541730292141438,7.894385274499655,1.0,1.0,0.0,0.0,1.0,0.0,0.0,0.0,7.0,7.0,0.0,2062.009170311969,1310601.940398075,1545.2884029019624,516.7207674100064,JR-CheapSummary（简化表示消融）；seed17,JR-CheapSummary; seed17,SIMPLIFIED_REPRESENTATION_ABLATION
test,quality,FullCheapSummary-seed17,8,JR-DUAL-r008-R12-g0340,False,1,True,1.0,30.0,1206858.411921518,1210753.609808727,3895.1978872090112,0.32275516736111676,3.1025080792605877,7.723946113139391,1.0,1.0,0.0,0.0,1.0,0.0,0.0,0.0,8.0,8.0,0.0,3895.1978872090112,1210753.609808727,2293.9027097311337,1601.2951774778776,JR-CheapSummary（简化表示消融）；seed17,JR-CheapSummary; seed17,SIMPLIFIED_REPRESENTATION_ABLATION
test,quality,FullCheapSummary-seed17,8,JR-DUAL-r008-R12-g0680,False,1,True,1.0,30.0,996252.482559234,998653.972644334,2401.49008509994,0.241052356419815,3.034630786627531,8.205376423895359,1.0,1.0,0.0,0.0,1.0,0.0,0.0,0.0,8.0,8.0,0.0,2401.49008509994,998653.972644334,1752.890491288039,648.5995938119013,JR-CheapSummary（简化表示消融）；seed17,JR-CheapSummary; seed17,SIMPLIFIED_REPRESENTATION_ABLATION
test,quality,FullCheapSummary-seed17,8,JR-DUAL-r008-R8-g0170,False,1,True,1.0,30.0,1064212.05311729,1067758.36865486,3546.3155375700444,0.33323391961049276,4.06763431429863,7.818541459739208,1.0,1.0,0.0,0.0,1.0,0.0,0.0,0.0,8.0,8.0,0.0,3546.3155375700444,1067758.36865486,2186.9149603929836,1359.4005771770608,JR-CheapSummary（简化表示消融）；seed17,JR-CheapSummary; seed17,SIMPLIFIED_REPRESENTATION_ABLATION
test,quality,FullCheapSummary-seed17,8,JR-DUAL-r008-R8-g0340,False,1,True,1.0,30.0,964674.094508257,967744.796548355,3070.7020400980255,0.318314968503774,3.8678421676158905,8.455451346933842,1.0,1.0,0.0,0.0,1.0,0.0,0.0,0.0,8.0,8.0,0.0,3070.7020400980255,967744.796548355,2213.5059239330003,857.1961161650252,JR-CheapSummary（简化表示消融）；seed17,JR-CheapSummary; seed17,SIMPLIFIED_REPRESENTATION_ABLATION
test,quality,FullCheapSummary-seed17,8,JR-DUAL-r008-R8-g0680,False,1,True,1.0,30.0,725058.74017615,727062.211266697,2003.471090547042,0.2763184524967325,3.704432364553213,8.35491469874978,1.0,1.0,0.0,0.0,1.0,0.0,0.0,0.0,8.0,8.0,0.0,2003.471090547042,727062.211266697,1072.9688282109564,930.5022623360856,JR-CheapSummary（简化表示消融）；seed17,JR-CheapSummary; seed17,SIMPLIFIED_REPRESENTATION_ABLATION
test,quality,FullCheapSummary-seed17,9,JR-DUAL-r009-R12-g0170,False,1,True,1.0,30.0,1303588.958822233,1305244.951142674,1655.9923204411753,0.12703331899476442,3.4225812777876854,8.12936345115304,1.0,1.0,0.0,0.0,1.0,0.0,0.0,0.0,8.0,8.0,0.0,1655.9923204411753,1305244.951142674,1480.9733000150882,175.01902042608708,JR-CheapSummary（简化表示消融）；seed17,JR-CheapSummary; seed17,SIMPLIFIED_REPRESENTATION_ABLATION
test,quality,FullCheapSummary-seed17,9,JR-DUAL-r009-R12-g0340,False,1,True,1.0,30.0,1201896.359864861,1204184.639125805,2288.2792609441094,0.19038906659151536,3.20021964982152,7.492674142122269,1.0,1.0,0.0,0.0,1.0,0.0,0.0,0.0,7.0,7.0,0.0,2288.2792609441094,1204184.639125805,1088.1848472019192,1200.0944137421902,JR-CheapSummary（简化表示消融）；seed17,JR-CheapSummary; seed17,SIMPLIFIED_REPRESENTATION_ABLATION
test,quality,FullCheapSummary-seed17,9,JR-DUAL-r009-R12-g0680,False,1,True,1.0,30.0,995328.900324943,996691.239721992,1362.3393970490433,0.136873288478239,4.197587229311466,9.436587356030941,1.0,1.0,0.0,0.0,1.0,0.0,0.0,0.0,8.0,8.0,0.0,1362.3393970490433,996691.239721992,1132.9280402449658,229.4113568040775,JR-CheapSummary（简化表示消融）；seed17,JR-CheapSummary; seed17,SIMPLIFIED_REPRESENTATION_ABLATION
test,quality,FullCheapSummary-seed17,9,JR-DUAL-r009-R8-g0170,False,1,True,1.0,30.0,1069460.8401523,1072358.373683807,2897.5335315070115,0.270934046644885,2.8507095091044903,6.967595219612122,1.0,1.0,0.0,0.0,1.0,0.0,0.0,0.0,7.0,7.0,0.0,2897.5335315070115,1072358.373683807,1700.94802728598,1196.5855042210314,JR-CheapSummary（简化表示消融）；seed17,JR-CheapSummary; seed17,SIMPLIFIED_REPRESENTATION_ABLATION
test,quality,FullCheapSummary-seed17,9,JR-DUAL-r009-R8-g0340,False,1,True,1.0,30.0,958942.247525348,962784.318409774,3842.070884426008,0.40065717141369867,2.679770678281784,6.82122827321291,1.0,1.0,0.0,0.0,1.0,0.0,0.0,0.0,8.0,8.0,0.0,3842.070884426008,962784.318409774,2413.828959963983,1428.241924462025,JR-CheapSummary（简化表示消融）；seed17,JR-CheapSummary; seed17,SIMPLIFIED_REPRESENTATION_ABLATION
test,quality,FullCheapSummary-seed17,9,JR-DUAL-r009-R8-g0680,False,1,True,1.0,30.0,727027.842792866,728717.263461693,1689.4206688269041,0.2323735859051864,2.5867013670504093,7.291922517120838,1.0,1.0,0.0,0.0,1.0,0.0,0.0,0.0,8.0,8.0,0.0,1689.4206688269041,728717.263461693,856.4749668039149,832.9457020229893,JR-CheapSummary（简化表示消融）；seed17,JR-CheapSummary; seed17,SIMPLIFIED_REPRESENTATION_ABLATION
test,quality,FullCheapSummary-seed17,10,JR-DUAL-r010-R12-g0170,False,1,True,1.0,30.0,1304524.980145348,1306337.307063753,1812.326918405015,0.13892619505094403,4.65395374968648,9.222962118685246,1.0,1.0,0.0,0.0,1.0,0.0,0.0,0.0,8.0,8.0,0.0,1812.326918405015,1306337.307063753,1409.6677442491055,402.65917415590957,JR-CheapSummary（简化表示消融）；seed17,JR-CheapSummary; seed17,SIMPLIFIED_REPRESENTATION_ABLATION
test,quality,FullCheapSummary-seed17,10,JR-DUAL-r010-R12-g0340,False,1,True,1.0,30.0,1204766.032426266,1208402.552936319,3636.5205100530293,0.3018445417762549,3.1542259082198143,7.592933963984251,1.0,1.0,0.0,0.0,1.0,0.0,0.0,0.0,8.0,8.0,0.0,3636.5205100530293,1208402.552936319,2638.0165747040883,998.503935348941,JR-CheapSummary（简化表示消融）；seed17,JR-CheapSummary; seed17,SIMPLIFIED_REPRESENTATION_ABLATION
test,quality,FullCheapSummary-seed17,10,JR-DUAL-r010-R12-g0680,False,1,True,1.0,30.0,997301.877515741,1000413.196392745,3111.3188770039706,0.3119736307680683,3.0149605497717857,8.44129864871502,1.0,1.0,0.0,0.0,1.0,0.0,0.0,0.0,8.0,8.0,0.0,3111.3188770039706,1000413.196392745,1689.2379566929303,1422.0809203110402,JR-CheapSummary（简化表示消融）；seed17,JR-CheapSummary; seed17,SIMPLIFIED_REPRESENTATION_ABLATION
test,quality,FullCheapSummary-seed17,10,JR-DUAL-r010-R8-g0170,False,1,True,1.0,30.0,1063723.76085508,1067005.870427666,3282.109572585905,0.30854905130139837,3.9130249843001366,8.371106926351786,1.0,1.0,0.0,0.0,1.0,0.0,0.0,0.0,8.0,8.0,0.0,3282.109572585905,1067005.870427666,1999.1203333488666,1282.9892392370384,JR-CheapSummary（简化表示消融）；seed17,JR-CheapSummary; seed17,SIMPLIFIED_REPRESENTATION_ABLATION
test,quality,FullCheapSummary-seed17,10,JR-DUAL-r010-R8-g0340,False,1,True,1.0,30.0,961329.66255596,965900.661665852,4570.999109891942,0.4754871599133517,2.666593972593546,6.66039490327239,1.0,1.0,0.0,0.0,1.0,0.0,0.0,0.0,8.0,8.0,0.0,4570.999109891942,965900.661665852,2815.9254813429434,1755.0736285489984,JR-CheapSummary（简化表示消融）；seed17,JR-CheapSummary; seed17,SIMPLIFIED_REPRESENTATION_ABLATION
test,quality,FullCheapSummary-seed17,10,JR-DUAL-r010-R8-g0680,False,1,True,1.0,30.0,729720.170020981,731036.045048618,1315.8750276369974,0.18032597723030777,2.4675338715314865,7.1122844740748405,1.0,1.0,0.0,0.0,1.0,0.0,0.0,0.0,8.0,8.0,0.0,1315.8750276369974,731036.045048618,1249.4284307870548,66.44659684994258,JR-CheapSummary（简化表示消融）；seed17,JR-CheapSummary; seed17,SIMPLIFIED_REPRESENTATION_ABLATION
test,quality,FullCheapSummary-seed17,11,JR-DUAL-r011-R12-g0170,False,1,True,1.0,30.0,1309710.108432145,1311148.438464307,1438.3300321619026,0.10982048797681866,4.651803407818079,9.8207934089005,1.0,1.0,0.0,0.0,1.0,0.0,0.0,0.0,8.0,8.0,0.0,1438.3300321619026,1311148.438464307,1187.9974463549443,250.33258580695838,JR-CheapSummary（简化表示消融）；seed17,JR-CheapSummary; seed17,SIMPLIFIED_REPRESENTATION_ABLATION
test,quality,FullCheapSummary-seed17,11,JR-DUAL-r011-R12-g0340,False,1,True,1.0,30.0,1207263.813126226,1211168.326449476,3904.513323249994,0.32341840124729687,3.211827166378498,8.382235769182444,1.0,1.0,0.0,0.0,1.0,0.0,0.0,0.0,8.0,8.0,0.0,3904.513323249994,1211168.326449476,3230.222770435037,674.2905528149568,JR-CheapSummary（简化表示消融）；seed17,JR-CheapSummary; seed17,SIMPLIFIED_REPRESENTATION_ABLATION
test,quality,FullCheapSummary-seed17,11,JR-DUAL-r011-R12-g0680,False,1,True,1.0,30.0,996565.623874682,998503.525917519,1937.9020428369986,0.19445804635547909,2.999060120433569,8.1587032712996,1.0,1.0,0.0,0.0,1.0,0.0,0.0,0.0,8.0,8.0,0.0,1937.9020428369986,998503.525917519,1146.2667337020393,791.6353091349592,JR-CheapSummary（简化表示消融）；seed17,JR-CheapSummary; seed17,SIMPLIFIED_REPRESENTATION_ABLATION
test,quality,FullCheapSummary-seed17,11,JR-DUAL-r011-R8-g0170,False,1,True,1.0,30.0,1065376.358638791,1069164.206413786,3787.8477749950252,0.35554081374911295,2.7091808170080185,6.831272039562464,1.0,1.0,0.0,0.0,1.0,0.0,0.0,0.0,7.0,7.0,0.0,3787.8477749950252,1069164.206413786,2622.570562876994,1165.2772121180315,JR-CheapSummary（简化表示消融）；seed17,JR-CheapSummary; seed17,SIMPLIFIED_REPRESENTATION_ABLATION
test,quality,FullCheapSummary-seed17,11,JR-DUAL-r011-R8-g0340,False,1,True,1.0,30.0,961749.203495802,964940.392041908,3191.1885461059865,0.33181088526057884,2.594818167388439,6.812116980552673,1.0,1.0,0.0,0.0,1.0,0.0,0.0,0.0,8.0,8.0,0.0,3191.1885461059865,964940.392041908,2574.4641978610307,616.7243482449558,JR-CheapSummary（简化表示消融）；seed17,JR-CheapSummary; seed17,SIMPLIFIED_REPRESENTATION_ABLATION
test,quality,FullCheapSummary-seed17,11,JR-DUAL-r011-R8-g0680,False,1,True,1.0,30.0,730874.623950481,731929.972561589,1055.3486111080274,0.14439530071569848,2.5481971986591816,6.71431690081954,1.0,1.0,0.0,0.0,1.0,0.0,0.0,0.0,8.0,8.0,0.0,1055.3486111080274,731929.972561589,1055.3486111080274,0.0,JR-CheapSummary（简化表示消融）；seed17,JR-CheapSummary; seed17,SIMPLIFIED_REPRESENTATION_ABLATION
test,quality,FullCheapSummary-seed29,8,JR-DUAL-r008-R12-g0170,False,1,True,1.0,30.0,1308539.931227763,1310601.940398075,2062.009170311969,0.1575809129781197,3.3467147573828697,9.423413395881653,1.0,1.0,0.0,0.0,1.0,0.0,0.0,0.0,7.0,7.0,0.0,2062.009170311969,1310601.940398075,1545.2884029019624,516.7207674100064,JR-CheapSummary（简化表示消融）；seed29,JR-CheapSummary; seed29,SIMPLIFIED_REPRESENTATION_ABLATION
test,quality,FullCheapSummary-seed29,8,JR-DUAL-r008-R12-g0340,False,1,True,1.0,30.0,1206858.411921518,1210753.609808727,3895.1978872090112,0.32275516736111676,3.1750918701291084,7.681556597352028,1.0,1.0,0.0,0.0,1.0,0.0,0.0,0.0,8.0,8.0,0.0,3895.1978872090112,1210753.609808727,2293.9027097311337,1601.2951774778776,JR-CheapSummary（简化表示消融）；seed29,JR-CheapSummary; seed29,SIMPLIFIED_REPRESENTATION_ABLATION
test,quality,FullCheapSummary-seed29,8,JR-DUAL-r008-R12-g0680,False,1,True,1.0,30.0,996252.482559234,998653.972644334,2401.49008509994,0.241052356419815,3.007141102105379,8.076338827610016,1.0,1.0,0.0,0.0,1.0,0.0,0.0,0.0,8.0,8.0,0.0,2401.49008509994,998653.972644334,1752.890491288039,648.5995938119013,JR-CheapSummary（简化表示消融）；seed29,JR-CheapSummary; seed29,SIMPLIFIED_REPRESENTATION_ABLATION
test,quality,FullCheapSummary-seed29,8,JR-DUAL-r008-R8-g0170,False,1,True,1.0,30.0,1064212.05311729,1067742.629697501,3530.5765802110545,0.33175498904276546,2.742393735796213,7.282075271010399,1.0,1.0,0.0,0.0,1.0,0.0,0.0,0.0,7.0,7.0,0.0,3530.5765802110545,1067742.629697501,2186.9149603929836,1343.661619818071,JR-CheapSummary（简化表示消融）；seed29,JR-CheapSummary; seed29,SIMPLIFIED_REPRESENTATION_ABLATION
test,quality,FullCheapSummary-seed29,8,JR-DUAL-r008-R8-g0340,False,1,True,1.0,30.0,964674.094508257,967744.796548355,3070.7020400980255,0.318314968503774,2.725956916809082,6.710336431860924,1.0,1.0,0.0,0.0,1.0,0.0,0.0,0.0,8.0,8.0,0.0,3070.7020400980255,967744.796548355,2213.5059239330003,857.1961161650252,JR-CheapSummary（简化表示消融）；seed29,JR-CheapSummary; seed29,SIMPLIFIED_REPRESENTATION_ABLATION
test,quality,FullCheapSummary-seed29,8,JR-DUAL-r008-R8-g0680,False,1,True,1.0,30.0,725058.74017615,727062.211266697,2003.471090547042,0.2763184524967325,2.5613958165049553,6.866362277418375,1.0,1.0,0.0,0.0,1.0,0.0,0.0,0.0,8.0,8.0,0.0,2003.471090547042,727062.211266697,1072.9688282109564,930.5022623360856,JR-CheapSummary（简化表示消融）；seed29,JR-CheapSummary; seed29,SIMPLIFIED_REPRESENTATION_ABLATION
test,quality,FullCheapSummary-seed29,9,JR-DUAL-r009-R12-g0170,False,1,True,1.0,30.0,1303588.958822233,1305244.951142674,1655.9923204411753,0.12703331899476442,3.2595290318131447,8.381129927933216,1.0,1.0,0.0,0.0,1.0,0.0,0.0,0.0,8.0,8.0,0.0,1655.9923204411753,1305244.951142674,1480.9733000150882,175.01902042608708,JR-CheapSummary（简化表示消融）；seed29,JR-CheapSummary; seed29,SIMPLIFIED_REPRESENTATION_ABLATION
test,quality,FullCheapSummary-seed29,9,JR-DUAL-r009-R12-g0340,False,1,True,1.0,30.0,1201896.359864861,1204184.639125805,2288.2792609441094,0.19038906659151536,4.416242614388466,10.434283930808306,1.0,1.0,0.0,0.0,1.0,0.0,0.0,0.0,8.0,8.0,0.0,2288.2792609441094,1204184.639125805,1088.1848472019192,1200.0944137421902,JR-CheapSummary（简化表示消融）；seed29,JR-CheapSummary; seed29,SIMPLIFIED_REPRESENTATION_ABLATION
test,quality,FullCheapSummary-seed29,9,JR-DUAL-r009-R12-g0680,False,1,True,1.0,30.0,995328.900324943,996691.239721992,1362.3393970490433,0.136873288478239,2.9898057617247105,8.236745081841946,1.0,1.0,0.0,0.0,1.0,0.0,0.0,0.0,8.0,8.0,0.0,1362.3393970490433,996691.239721992,1132.9280402449658,229.4113568040775,JR-CheapSummary（简化表示消融）；seed29,JR-CheapSummary; seed29,SIMPLIFIED_REPRESENTATION_ABLATION
test,quality,FullCheapSummary-seed29,9,JR-DUAL-r009-R8-g0170,False,1,True,1.0,30.0,1069460.8401523,1072358.373683807,2897.5335315070115,0.270934046644885,2.873431008309126,7.6686537601053715,1.0,1.0,0.0,0.0,1.0,0.0,0.0,0.0,7.0,7.0,0.0,2897.5335315070115,1072358.373683807,1700.94802728598,1196.5855042210314,JR-CheapSummary（简化表示消融）；seed29,JR-CheapSummary; seed29,SIMPLIFIED_REPRESENTATION_ABLATION
test,quality,FullCheapSummary-seed29,9,JR-DUAL-r009-R8-g0340,False,1,True,1.0,30.0,958942.247525348,962784.318409774,3842.070884426008,0.40065717141369867,2.6925518848001957,8.417126961052418,1.0,1.0,0.0,0.0,1.0,0.0,0.0,0.0,8.0,8.0,0.0,3842.070884426008,962784.318409774,2413.828959963983,1428.241924462025,JR-CheapSummary（简化表示消融）；seed29,JR-CheapSummary; seed29,SIMPLIFIED_REPRESENTATION_ABLATION
test,quality,FullCheapSummary-seed29,9,JR-DUAL-r009-R8-g0680,False,1,True,1.0,30.0,727027.842792866,728717.263461693,1689.4206688269041,0.2323735859051864,2.5230422914028168,6.553195204585791,1.0,1.0,0.0,0.0,1.0,0.0,0.0,0.0,8.0,8.0,0.0,1689.4206688269041,728717.263461693,856.4749668039149,832.9457020229893,JR-CheapSummary（简化表示消融）；seed29,JR-CheapSummary; seed29,SIMPLIFIED_REPRESENTATION_ABLATION
test,quality,FullCheapSummary-seed29,10,JR-DUAL-r010-R12-g0170,False,1,True,1.0,30.0,1304524.980145348,1306337.307063753,1812.326918405015,0.13892619505094403,3.6313375867903233,8.134981337934732,1.0,1.0,0.0,0.0,1.0,0.0,0.0,0.0,8.0,8.0,0.0,1812.326918405015,1306337.307063753,1409.6677442491055,402.65917415590957,JR-CheapSummary（简化表示消融）；seed29,JR-CheapSummary; seed29,SIMPLIFIED_REPRESENTATION_ABLATION
test,quality,FullCheapSummary-seed29,10,JR-DUAL-r010-R12-g0340,False,1,True,1.0,30.0,1204766.032426266,1208402.552936319,3636.5205100530293,0.3018445417762549,2.136320039629936,7.314078122377396,1.0,1.0,0.0,0.0,1.0,0.0,0.0,0.0,8.0,8.0,0.0,3636.5205100530293,1208402.552936319,2638.0165747040883,998.503935348941,JR-CheapSummary（简化表示消融）；seed29,JR-CheapSummary; seed29,SIMPLIFIED_REPRESENTATION_ABLATION
test,quality,FullCheapSummary-seed29,10,JR-DUAL-r010-R12-g0680,False,1,True,1.0,30.0,997301.877515741,1000413.196392745,3111.3188770039706,0.3119736307680683,3.018795385956764,8.49914064630866,1.0,1.0,0.0,0.0,1.0,0.0,0.0,0.0,8.0,8.0,0.0,3111.3188770039706,1000413.196392745,1689.2379566929303,1422.0809203110402,JR-CheapSummary（简化表示消融）；seed29,JR-CheapSummary; seed29,SIMPLIFIED_REPRESENTATION_ABLATION
test,quality,FullCheapSummary-seed29,10,JR-DUAL-r010-R8-g0170,False,1,True,1.0,30.0,1063723.76085508,1067005.870427666,3282.109572585905,0.30854905130139837,3.895075239241123,8.475493267178535,1.0,1.0,0.0,0.0,1.0,0.0,0.0,0.0,8.0,8.0,0.0,3282.109572585905,1067005.870427666,1999.1203333488666,1282.9892392370384,JR-CheapSummary（简化表示消融）；seed29,JR-CheapSummary; seed29,SIMPLIFIED_REPRESENTATION_ABLATION
test,quality,FullCheapSummary-seed29,10,JR-DUAL-r010-R8-g0340,False,1,True,1.0,30.0,961329.66255596,965900.661665852,4570.999109891942,0.4754871599133517,2.6627172753214836,6.707405801862478,1.0,1.0,0.0,0.0,1.0,0.0,0.0,0.0,8.0,8.0,0.0,4570.999109891942,965900.661665852,2815.9254813429434,1755.0736285489984,JR-CheapSummary（简化表示消融）；seed29,JR-CheapSummary; seed29,SIMPLIFIED_REPRESENTATION_ABLATION
test,quality,FullCheapSummary-seed29,10,JR-DUAL-r010-R8-g0680,False,1,True,1.0,30.0,729720.170020981,731036.045048618,1315.8750276369974,0.18032597723030777,2.479373823851347,6.76665311306715,1.0,1.0,0.0,0.0,1.0,0.0,0.0,0.0,8.0,8.0,0.0,1315.8750276369974,731036.045048618,1249.4284307870548,66.44659684994258,JR-CheapSummary（简化表示消融）；seed29,JR-CheapSummary; seed29,SIMPLIFIED_REPRESENTATION_ABLATION
test,quality,FullCheapSummary-seed29,11,JR-DUAL-r011-R12-g0170,False,1,True,1.0,30.0,1309710.108432145,1311148.438464307,1438.3300321619026,0.10982048797681866,4.601217515766621,9.331356953829527,1.0,1.0,0.0,0.0,1.0,0.0,0.0,0.0,8.0,8.0,0.0,1438.3300321619026,1311148.438464307,1187.9974463549443,250.33258580695838,JR-CheapSummary（简化表示消融）；seed29,JR-CheapSummary; seed29,SIMPLIFIED_REPRESENTATION_ABLATION
test,quality,FullCheapSummary-seed29,11,JR-DUAL-r011-R12-g0340,False,1,True,1.0,30.0,1207263.813126226,1211168.326449476,3904.513323249994,0.32341840124729687,3.430099882185459,8.214456014335155,1.0,1.0,0.0,0.0,1.0,0.0,0.0,0.0,8.0,8.0,0.0,3904.513323249994,1211168.326449476,3230.222770435037,674.2905528149568,JR-CheapSummary（简化表示消融）；seed29,JR-CheapSummary; seed29,SIMPLIFIED_REPRESENTATION_ABLATION
test,quality,FullCheapSummary-seed29,11,JR-DUAL-r011-R12-g0680,False,1,True,1.0,30.0,996565.623874682,998503.525917519,1937.9020428369986,0.19445804635547909,1.8499816879630089,7.020336613059044,1.0,1.0,0.0,0.0,1.0,0.0,0.0,0.0,8.0,8.0,0.0,1937.9020428369986,998503.525917519,1146.2667337020393,791.6353091349592,JR-CheapSummary（简化表示消融）；seed29,JR-CheapSummary; seed29,SIMPLIFIED_REPRESENTATION_ABLATION
test,quality,FullCheapSummary-seed29,11,JR-DUAL-r011-R8-g0170,False,1,True,1.0,30.0,1065376.358638791,1069164.206413786,3787.8477749950252,0.35554081374911295,2.6944106742739677,7.62070731446147,1.0,1.0,0.0,0.0,1.0,0.0,0.0,0.0,7.0,7.0,0.0,3787.8477749950252,1069164.206413786,2622.570562876994,1165.2772121180315,JR-CheapSummary（简化表示消融）；seed29,JR-CheapSummary; seed29,SIMPLIFIED_REPRESENTATION_ABLATION
test,quality,FullCheapSummary-seed29,11,JR-DUAL-r011-R8-g0340,False,1,True,1.0,30.0,961749.203495802,964940.392041908,3191.1885461059865,0.33181088526057884,1.4398812726140022,5.831812605261803,1.0,1.0,0.0,0.0,1.0,0.0,0.0,0.0,8.0,8.0,0.0,3191.1885461059865,964940.392041908,2574.4641978610307,616.7243482449558,JR-CheapSummary（简化表示消融）；seed29,JR-CheapSummary; seed29,SIMPLIFIED_REPRESENTATION_ABLATION
test,quality,FullCheapSummary-seed29,11,JR-DUAL-r011-R8-g0680,False,1,True,1.0,30.0,730874.623950481,731929.972561589,1055.3486111080274,0.14439530071569848,2.690671283751726,6.657499190419912,1.0,1.0,0.0,0.0,1.0,0.0,0.0,0.0,8.0,8.0,0.0,1055.3486111080274,731929.972561589,1055.3486111080274,0.0,JR-CheapSummary（简化表示消融）；seed29,JR-CheapSummary; seed29,SIMPLIFIED_REPRESENTATION_ABLATION
test,quality,FullP1,8,JR-DUAL-r008-R12-g0170,False,1,True,1.0,30.0,1308539.931227763,1310085.219630665,1545.2884029019624,0.11809256760334899,0.6862806119024754,5.513641286641359,1.0,1.0,0.0,0.0,1.0,0.0,0.0,0.0,2.0,2.0,0.0,1545.2884029019624,1310085.219630665,1545.2884029019624,0.0,Independent-replacement+CHILS（独立替代估计对照）,Independent-replacement+CHILS,INTERNAL_INDEPENDENT_REPLACEMENT_CONTROL
test,quality,FullP1,8,JR-DUAL-r008-R12-g0340,False,1,True,1.0,30.0,1206858.411921518,1209152.314631249,2293.9027097311337,0.1900722310978354,1.175457876175642,5.722883120179176,1.0,1.0,0.0,0.0,1.0,0.0,0.0,0.0,6.0,6.0,0.0,2293.9027097311337,1209152.314631249,2293.9027097311337,0.0,Independent-replacement+CHILS（独立替代估计对照）,Independent-replacement+CHILS,INTERNAL_INDEPENDENT_REPLACEMENT_CONTROL
test,quality,FullP1,8,JR-DUAL-r008-R12-g0680,False,1,True,1.0,30.0,996252.482559234,998005.3730505221,1752.890491288039,0.1759484188972967,3.238866925239563,8.52542919293046,1.0,1.0,0.0,0.0,1.0,0.0,0.0,0.0,8.0,8.0,0.0,1752.890491288039,998005.3730505221,1752.890491288039,0.0,Independent-replacement+CHILS（独立替代估计对照）,Independent-replacement+CHILS,INTERNAL_INDEPENDENT_REPLACEMENT_CONTROL
test,quality,FullP1,8,JR-DUAL-r008-R8-g0170,False,1,True,1.0,30.0,1064212.05311729,1066398.968077683,2186.9149603929836,0.20549616535417659,0.5034832544624805,5.009444538503885,1.0,1.0,0.0,0.0,1.0,0.0,0.0,0.0,2.0,2.0,0.0,2186.9149603929836,1066398.968077683,2186.9149603929836,0.0,Independent-replacement+CHILS（独立替代估计对照）,Independent-replacement+CHILS,INTERNAL_INDEPENDENT_REPLACEMENT_CONTROL
test,quality,FullP1,8,JR-DUAL-r008-R8-g0340,False,1,True,1.0,30.0,964674.094508257,966887.60043219,2213.5059239330003,0.22945634557143735,1.1234924644231796,5.156342338770628,1.0,1.0,0.0,0.0,1.0,0.0,0.0,0.0,8.0,8.0,0.0,2213.5059239330003,966887.60043219,2213.5059239330003,0.0,Independent-replacement+CHILS（独立替代估计对照）,Independent-replacement+CHILS,INTERNAL_INDEPENDENT_REPLACEMENT_CONTROL
test,quality,FullP1,8,JR-DUAL-r008-R8-g0680,False,1,True,1.0,30.0,725058.74017615,726131.709004361,1072.9688282109564,0.14798371066463983,1.1148798130452633,5.3983144313097,1.0,1.0,0.0,0.0,1.0,0.0,0.0,0.0,8.0,8.0,0.0,1072.9688282109564,726131.709004361,1072.9688282109564,0.0,Independent-replacement+CHILS（独立替代估计对照）,Independent-replacement+CHILS,INTERNAL_INDEPENDENT_REPLACEMENT_CONTROL
test,quality,FullP1,9,JR-DUAL-r009-R12-g0170,False,1,True,1.0,30.0,1303588.958822233,1305069.932122248,1480.9733000150882,0.11360738290949615,1.1231163293123245,6.274344298988581,1.0,1.0,0.0,0.0,1.0,0.0,0.0,0.0,8.0,8.0,0.0,1480.9733000150882,1305069.932122248,1480.9733000150882,0.0,Independent-replacement+CHILS（独立替代估计对照）,Independent-replacement+CHILS,INTERNAL_INDEPENDENT_REPLACEMENT_CONTROL
test,quality,FullP1,9,JR-DUAL-r009-R12-g0340,False,1,True,1.0,30.0,1201896.359864861,1202984.544712063,1088.1848472019192,0.09053899184154886,0.5665487796068192,5.162759285420179,1.0,0.0,0.0,1.0,1.0,0.0,0.0,0.0,0.0,0.0,0.0,1088.1848472019192,1202984.544712063,1088.1848472019192,0.0,Independent-replacement+CHILS（独立替代估计对照）,Independent-replacement+CHILS,INTERNAL_INDEPENDENT_REPLACEMENT_CONTROL
test,quality,FullP1,9,JR-DUAL-r009-R12-g0680,False,1,True,1.0,30.0,995328.900324943,996461.828365188,1132.9280402449658,0.11382448956069709,1.2625898942351341,6.0609864965081215,1.0,1.0,0.0,0.0,1.0,0.0,0.0,0.0,8.0,8.0,0.0,1132.9280402449658,996461.828365188,1132.9280402449658,0.0,Independent-replacement+CHILS（独立替代估计对照）,Independent-replacement+CHILS,INTERNAL_INDEPENDENT_REPLACEMENT_CONTROL
test,quality,FullP1,9,JR-DUAL-r009-R8-g0170,False,1,True,1.0,30.0,1069460.8401523,1071161.788179586,1700.94802728598,0.15904724730675984,0.4383443035185337,4.366071481257677,1.0,1.0,0.0,0.0,1.0,0.0,0.0,0.0,1.0,1.0,0.0,1700.94802728598,1071161.788179586,1700.94802728598,0.0,Independent-replacement+CHILS（独立替代估计对照）,Independent-replacement+CHILS,INTERNAL_INDEPENDENT_REPLACEMENT_CONTROL
test,quality,FullP1,9,JR-DUAL-r009-R8-g0340,False,1,True,1.0,30.0,958942.247525348,961356.076485312,2413.828959963983,0.25171786582488404,1.1229586079716682,5.151985306292772,1.0,1.0,0.0,0.0,1.0,0.0,0.0,0.0,8.0,8.0,0.0,2413.828959963983,961356.076485312,2413.828959963983,0.0,Independent-replacement+CHILS（独立替代估计对照）,Independent-replacement+CHILS,INTERNAL_INDEPENDENT_REPLACEMENT_CONTROL
test,quality,FullP1,9,JR-DUAL-r009-R8-g0680,False,1,True,1.0,30.0,727027.842792866,727884.31775967,856.4749668039149,0.1178049747742507,3.0700108259916306,7.254889380186796,1.0,1.0,0.0,0.0,1.0,0.0,0.0,0.0,8.0,8.0,0.0,856.4749668039149,727884.31775967,856.4749668039149,0.0,Independent-replacement+CHILS（独立替代估计对照）,Independent-replacement+CHILS,INTERNAL_INDEPENDENT_REPLACEMENT_CONTROL
test,quality,FullP1,10,JR-DUAL-r010-R12-g0170,False,1,True,1.0,30.0,1304524.980145348,1306303.631660412,1778.6515150640626,0.13634476473312823,1.0278118774294853,6.176300156861544,1.0,1.0,0.0,0.0,1.0,0.0,0.0,0.0,6.0,6.0,0.0,1778.6515150640626,1306303.631660412,1409.6677442491055,368.9837708149571,Independent-replacement+CHILS（独立替代估计对照）,Independent-replacement+CHILS,INTERNAL_INDEPENDENT_REPLACEMENT_CONTROL
test,quality,FullP1,10,JR-DUAL-r010-R12-g0340,False,1,True,1.0,30.0,1204766.032426266,1207404.04900097,2638.0165747040883,0.2189650524418765,1.2065428607165813,5.8379000052809715,1.0,1.0,0.0,0.0,1.0,0.0,0.0,0.0,6.0,6.0,0.0,2638.0165747040883,1207404.04900097,2638.0165747040883,0.0,Independent-replacement+CHILS（独立替代估计对照）,Independent-replacement+CHILS,INTERNAL_INDEPENDENT_REPLACEMENT_CONTROL
test,quality,FullP1,10,JR-DUAL-r010-R12-g0680,False,1,True,1.0,30.0,997301.877515741,998991.115472434,1689.2379566929303,0.16938080582990458,1.2905263490974903,6.468789000064135,1.0,1.0,0.0,0.0,1.0,0.0,0.0,0.0,8.0,8.0,0.0,1689.2379566929303,998991.115472434,1689.2379566929303,0.0,Independent-replacement+CHILS（独立替代估计对照）,Independent-replacement+CHILS,INTERNAL_INDEPENDENT_REPLACEMENT_CONTROL
test,quality,FullP1,10,JR-DUAL-r010-R8-g0170,False,1,True,1.0,30.0,1063723.76085508,1065722.881188429,1999.1203333488666,0.18793604194211688,0.4124772772192955,4.965484481304884,1.0,1.0,0.0,0.0,1.0,0.0,0.0,0.0,1.0,1.0,0.0,1999.1203333488666,1065722.881188429,1999.1203333488666,0.0,Independent-replacement+CHILS（独立替代估计对照）,Independent-replacement+CHILS,INTERNAL_INDEPENDENT_REPLACEMENT_CONTROL
test,quality,FullP1,10,JR-DUAL-r010-R8-g0340,False,1,True,1.0,30.0,961329.66255596,964145.588037303,2815.9254813429434,0.2929198578826777,1.0966834500432014,6.612804677337408,1.0,1.0,0.0,0.0,1.0,0.0,0.0,0.0,8.0,8.0,0.0,2815.9254813429434,964145.588037303,2815.9254813429434,0.0,Independent-replacement+CHILS（独立替代估计对照）,Independent-replacement+CHILS,INTERNAL_INDEPENDENT_REPLACEMENT_CONTROL
test,quality,FullP1,10,JR-DUAL-r010-R8-g0680,False,1,True,1.0,30.0,729720.170020981,730969.598451768,1249.4284307870548,0.17122021318817748,3.04154447093606,7.4189588241279125,1.0,1.0,0.0,0.0,1.0,0.0,0.0,0.0,8.0,8.0,0.0,1249.4284307870548,730969.598451768,1249.4284307870548,0.0,Independent-replacement+CHILS（独立替代估计对照）,Independent-replacement+CHILS,INTERNAL_INDEPENDENT_REPLACEMENT_CONTROL
test,quality,FullP1,11,JR-DUAL-r011-R12-g0170,False,1,True,1.0,30.0,1309710.108432145,1310898.1058785,1187.9974463549443,0.09070690061154807,0.5713675022125244,5.361385840922594,1.0,0.0,0.0,1.0,1.0,0.0,0.0,0.0,0.0,0.0,0.0,1187.9974463549443,1310898.1058785,1187.9974463549443,0.0,Independent-replacement+CHILS（独立替代估计对照）,Independent-replacement+CHILS,INTERNAL_INDEPENDENT_REPLACEMENT_CONTROL
test,quality,FullP1,11,JR-DUAL-r011-R12-g0340,False,1,True,1.0,30.0,1207263.813126226,1210494.035896661,3230.222770435037,0.26756560871897017,1.223307341337204,6.472964819520712,1.0,1.0,0.0,0.0,1.0,0.0,0.0,0.0,6.0,6.0,0.0,3230.222770435037,1210494.035896661,3230.222770435037,0.0,Independent-replacement+CHILS（独立替代估计对照）,Independent-replacement+CHILS,INTERNAL_INDEPENDENT_REPLACEMENT_CONTROL
test,quality,FullP1,11,JR-DUAL-r011-R12-g0680,False,1,True,1.0,30.0,996565.623874682,997711.890608384,1146.2667337020393,0.11502170115454256,2.072894185781479,7.372263539582491,1.0,1.0,0.0,0.0,1.0,0.0,0.0,0.0,8.0,8.0,0.0,1146.2667337020393,997711.890608384,1146.2667337020393,0.0,Independent-replacement+CHILS（独立替代估计对照）,Independent-replacement+CHILS,INTERNAL_INDEPENDENT_REPLACEMENT_CONTROL
test,quality,FullP1,11,JR-DUAL-r011-R8-g0170,False,1,True,1.0,30.0,1065376.358638791,1067998.929201668,2622.570562876994,0.24616376566003373,0.41858260333538055,4.112933028489351,1.0,1.0,0.0,0.0,1.0,0.0,0.0,0.0,1.0,1.0,0.0,2622.570562876994,1067998.929201668,2622.570562876994,0.0,Independent-replacement+CHILS（独立替代估计对照）,Independent-replacement+CHILS,INTERNAL_INDEPENDENT_REPLACEMENT_CONTROL
test,quality,FullP1,11,JR-DUAL-r011-R8-g0340,False,1,True,1.0,30.0,961749.203495802,964323.667693663,2574.4641978610307,0.267685607485119,3.0223458632826805,7.821019057184458,1.0,1.0,0.0,0.0,1.0,0.0,0.0,0.0,8.0,8.0,0.0,2574.4641978610307,964323.667693663,2574.4641978610307,0.0,Independent-replacement+CHILS（独立替代估计对照）,Independent-replacement+CHILS,INTERNAL_INDEPENDENT_REPLACEMENT_CONTROL
test,quality,FullP1,11,JR-DUAL-r011-R8-g0680,False,1,True,1.0,30.0,730874.623950481,731969.789376776,1095.1654262950178,0.14984313183230982,3.0650793313980103,7.56099421158433,1.0,1.0,0.0,0.0,1.0,0.0,0.0,0.0,8.0,8.0,0.0,1095.1654262950178,731969.789376776,1055.3486111080274,39.816815186990425,Independent-replacement+CHILS（独立替代估计对照）,Independent-replacement+CHILS,INTERNAL_INDEPENDENT_REPLACEMENT_CONTROL
test,quality,FullGreedy,8,JR-DUAL-r008-R12-g0170,False,1,True,1.0,30.0,1308539.931227763,1310601.940398075,2062.009170311969,0.1575809129781197,2.103670012205839,6.323972105979919,1.0,1.0,0.0,0.0,1.0,0.0,0.0,0.0,7.0,7.0,0.0,2062.009170311969,1310601.940398075,1545.2884029019624,516.7207674100064,Greedy-rank+CHILS（贪心请求排序内部对照）,Greedy-rank+CHILS,INTERNAL_GREEDY_REQUEST_RANKING
test,quality,FullGreedy,8,JR-DUAL-r008-R12-g0340,False,1,True,1.0,30.0,1206858.411921518,1210753.609808727,3895.1978872090112,0.32275516736111676,0.917164821177721,5.359163049608469,1.0,1.0,0.0,0.0,1.0,0.0,0.0,0.0,8.0,8.0,0.0,3895.1978872090112,1210753.609808727,2293.9027097311337,1601.2951774778776,Greedy-rank+CHILS（贪心请求排序内部对照）,Greedy-rank+CHILS,INTERNAL_GREEDY_REQUEST_RANKING
test,quality,FullGreedy,8,JR-DUAL-r008-R12-g0680,False,1,True,1.0,30.0,996252.482559234,998653.972644334,2401.49008509994,0.241052356419815,2.0791508331894875,6.920031130313873,1.0,1.0,0.0,0.0,1.0,0.0,0.0,0.0,8.0,8.0,0.0,2401.49008509994,998653.972644334,1752.890491288039,648.5995938119013,Greedy-rank+CHILS（贪心请求排序内部对照）,Greedy-rank+CHILS,INTERNAL_GREEDY_REQUEST_RANKING
test,quality,FullGreedy,8,JR-DUAL-r008-R8-g0170,False,1,True,1.0,30.0,1064212.05311729,1067742.629697501,3530.5765802110545,0.33175498904276546,0.7407817430794239,5.306162271648645,1.0,1.0,0.0,0.0,1.0,0.0,0.0,0.0,7.0,7.0,0.0,3530.5765802110545,1067742.629697501,2186.9149603929836,1343.661619818071,Greedy-rank+CHILS（贪心请求排序内部对照）,Greedy-rank+CHILS,INTERNAL_GREEDY_REQUEST_RANKING
test,quality,FullGreedy,8,JR-DUAL-r008-R8-g0340,False,1,True,1.0,30.0,964674.094508257,967744.796548355,3070.7020400980255,0.318314968503774,1.9268043525516987,6.106939751654863,1.0,1.0,0.0,0.0,1.0,0.0,0.0,0.0,8.0,8.0,0.0,3070.7020400980255,967744.796548355,2213.5059239330003,857.1961161650252,Greedy-rank+CHILS（贪心请求排序内部对照）,Greedy-rank+CHILS,INTERNAL_GREEDY_REQUEST_RANKING
test,quality,FullGreedy,8,JR-DUAL-r008-R8-g0680,False,1,True,1.0,30.0,725058.74017615,727062.211266697,2003.471090547042,0.2763184524967325,1.9135163985192776,6.608349420130253,1.0,1.0,0.0,0.0,1.0,0.0,0.0,0.0,8.0,8.0,0.0,2003.471090547042,727062.211266697,1072.9688282109564,930.5022623360856,Greedy-rank+CHILS（贪心请求排序内部对照）,Greedy-rank+CHILS,INTERNAL_GREEDY_REQUEST_RANKING
test,quality,FullGreedy,9,JR-DUAL-r009-R12-g0170,False,1,True,1.0,30.0,1303588.958822233,1305244.951142674,1655.9923204411753,0.12703331899476442,0.940095778554678,6.12696111574769,1.0,1.0,0.0,0.0,1.0,0.0,0.0,0.0,8.0,8.0,0.0,1655.9923204411753,1305244.951142674,1480.9733000150882,175.01902042608708,Greedy-rank+CHILS（贪心请求排序内部对照）,Greedy-rank+CHILS,INTERNAL_GREEDY_REQUEST_RANKING
test,quality,FullGreedy,9,JR-DUAL-r009-R12-g0340,False,1,True,1.0,30.0,1201896.359864861,1204184.639125805,2288.2792609441094,0.19038906659151536,0.8709510006010532,5.338502161204815,1.0,1.0,0.0,0.0,1.0,0.0,0.0,0.0,6.0,6.0,0.0,2288.2792609441094,1204184.639125805,1088.1848472019192,1200.0944137421902,Greedy-rank+CHILS（贪心请求排序内部对照）,Greedy-rank+CHILS,INTERNAL_GREEDY_REQUEST_RANKING
test,quality,FullGreedy,9,JR-DUAL-r009-R12-g0680,False,1,True,1.0,30.0,995328.900324943,996691.239721992,1362.3393970490433,0.136873288478239,2.0699662007391453,6.605833068490028,1.0,1.0,0.0,0.0,1.0,0.0,0.0,0.0,8.0,8.0,0.0,1362.3393970490433,996691.239721992,1132.9280402449658,229.4113568040775,Greedy-rank+CHILS（贪心请求排序内部对照）,Greedy-rank+CHILS,INTERNAL_GREEDY_REQUEST_RANKING
test,quality,FullGreedy,9,JR-DUAL-r009-R8-g0170,False,1,True,1.0,30.0,1069460.8401523,1072358.373683807,2897.5335315070115,0.270934046644885,1.874411717057228,5.704993385821581,1.0,1.0,0.0,0.0,1.0,0.0,0.0,0.0,7.0,7.0,0.0,2897.5335315070115,1072358.373683807,1700.94802728598,1196.5855042210314,Greedy-rank+CHILS（贪心请求排序内部对照）,Greedy-rank+CHILS,INTERNAL_GREEDY_REQUEST_RANKING
test,quality,FullGreedy,9,JR-DUAL-r009-R8-g0340,False,1,True,1.0,30.0,958942.247525348,962784.318409774,3842.070884426008,0.40065717141369867,0.7539245896041393,5.149174444377422,1.0,1.0,0.0,0.0,1.0,0.0,0.0,0.0,8.0,8.0,0.0,3842.070884426008,962784.318409774,2413.828959963983,1428.241924462025,Greedy-rank+CHILS（贪心请求排序内部对照）,Greedy-rank+CHILS,INTERNAL_GREEDY_REQUEST_RANKING
test,quality,FullGreedy,9,JR-DUAL-r009-R8-g0680,False,1,True,1.0,30.0,727027.842792866,728717.263461693,1689.4206688269041,0.2323735859051864,1.8766769766807556,6.720444913953543,1.0,1.0,0.0,0.0,1.0,0.0,0.0,0.0,8.0,8.0,0.0,1689.4206688269041,728717.263461693,856.4749668039149,832.9457020229893,Greedy-rank+CHILS（贪心请求排序内部对照）,Greedy-rank+CHILS,INTERNAL_GREEDY_REQUEST_RANKING
test,quality,FullGreedy,10,JR-DUAL-r010-R12-g0170,False,1,True,1.0,30.0,1304524.980145348,1306337.307063753,1812.326918405015,0.13892619505094403,0.9868516065180302,5.964909512549639,1.0,1.0,0.0,0.0,1.0,0.0,0.0,0.0,8.0,8.0,0.0,1812.326918405015,1306337.307063753,1409.6677442491055,402.65917415590957,Greedy-rank+CHILS（贪心请求排序内部对照）,Greedy-rank+CHILS,INTERNAL_GREEDY_REQUEST_RANKING
test,quality,FullGreedy,10,JR-DUAL-r010-R12-g0340,False,1,True,1.0,30.0,1204766.032426266,1208402.552936319,3636.5205100530293,0.3018445417762549,0.9342623837292194,6.16731059923768,1.0,1.0,0.0,0.0,1.0,0.0,0.0,0.0,8.0,8.0,0.0,3636.5205100530293,1208402.552936319,2638.0165747040883,998.503935348941,Greedy-rank+CHILS（贪心请求排序内部对照）,Greedy-rank+CHILS,INTERNAL_GREEDY_REQUEST_RANKING
test,quality,FullGreedy,10,JR-DUAL-r010-R12-g0680,False,1,True,1.0,30.0,997301.877515741,1000413.196392745,3111.3188770039706,0.3119736307680683,2.0757230296730995,6.623252633959055,1.0,1.0,0.0,0.0,1.0,0.0,0.0,0.0,8.0,8.0,0.0,3111.3188770039706,1000413.196392745,1689.2379566929303,1422.0809203110402,Greedy-rank+CHILS（贪心请求排序内部对照）,Greedy-rank+CHILS,INTERNAL_GREEDY_REQUEST_RANKING
test,quality,FullGreedy,10,JR-DUAL-r010-R8-g0170,False,1,True,1.0,30.0,1063723.76085508,1067005.870427666,3282.109572585905,0.30854905130139837,3.075081117451191,7.614044267684221,1.0,1.0,0.0,0.0,1.0,0.0,0.0,0.0,8.0,8.0,0.0,3282.109572585905,1067005.870427666,1999.1203333488666,1282.9892392370384,Greedy-rank+CHILS（贪心请求排序内部对照）,Greedy-rank+CHILS,INTERNAL_GREEDY_REQUEST_RANKING
test,quality,FullGreedy,10,JR-DUAL-r010-R8-g0340,False,1,True,1.0,30.0,961329.66255596,965900.661665852,4570.999109891942,0.4754871599133517,1.923574484884739,6.0160545744001865,1.0,1.0,0.0,0.0,1.0,0.0,0.0,0.0,8.0,8.0,0.0,4570.999109891942,965900.661665852,2815.9254813429434,1755.0736285489984,Greedy-rank+CHILS（贪心请求排序内部对照）,Greedy-rank+CHILS,INTERNAL_GREEDY_REQUEST_RANKING
test,quality,FullGreedy,10,JR-DUAL-r010-R8-g0680,False,1,True,1.0,30.0,729720.170020981,731036.045048618,1315.8750276369974,0.18032597723030777,1.864824801683426,5.773210879415274,1.0,1.0,0.0,0.0,1.0,0.0,0.0,0.0,8.0,8.0,0.0,1315.8750276369974,731036.045048618,1249.4284307870548,66.44659684994258,Greedy-rank+CHILS（贪心请求排序内部对照）,Greedy-rank+CHILS,INTERNAL_GREEDY_REQUEST_RANKING
test,quality,FullGreedy,11,JR-DUAL-r011-R12-g0170,False,1,True,1.0,30.0,1309710.108432145,1311148.438464307,1438.3300321619026,0.10982048797681866,2.164528913795948,7.066507626324892,1.0,1.0,0.0,0.0,1.0,0.0,0.0,0.0,7.0,7.0,0.0,1438.3300321619026,1311148.438464307,1187.9974463549443,250.33258580695838,Greedy-rank+CHILS（贪心请求排序内部对照）,Greedy-rank+CHILS,INTERNAL_GREEDY_REQUEST_RANKING
test,quality,FullGreedy,11,JR-DUAL-r011-R12-g0340,False,1,True,1.0,30.0,1207263.813126226,1211168.326449476,3904.513323249994,0.32341840124729687,2.150177735835314,7.362625751644373,1.0,1.0,0.0,0.0,1.0,0.0,0.0,0.0,8.0,8.0,0.0,3904.513323249994,1211168.326449476,3230.222770435037,674.2905528149568,Greedy-rank+CHILS（贪心请求排序内部对照）,Greedy-rank+CHILS,INTERNAL_GREEDY_REQUEST_RANKING
test,quality,FullGreedy,11,JR-DUAL-r011-R12-g0680,False,1,True,1.0,30.0,996565.623874682,998503.525917519,1937.9020428369986,0.19445804635547909,2.0508300550282,7.4667585380375385,1.0,1.0,0.0,0.0,1.0,0.0,0.0,0.0,8.0,8.0,0.0,1937.9020428369986,998503.525917519,1146.2667337020393,791.6353091349592,Greedy-rank+CHILS（贪心请求排序内部对照）,Greedy-rank+CHILS,INTERNAL_GREEDY_REQUEST_RANKING
test,quality,FullGreedy,11,JR-DUAL-r011-R8-g0170,False,1,True,1.0,30.0,1065376.358638791,1069164.206413786,3787.8477749950252,0.35554081374911295,0.6556285321712494,4.9292542934417725,1.0,1.0,0.0,0.0,1.0,0.0,0.0,0.0,6.0,6.0,0.0,3787.8477749950252,1069164.206413786,2622.570562876994,1165.2772121180315,Greedy-rank+CHILS（贪心请求排序内部对照）,Greedy-rank+CHILS,INTERNAL_GREEDY_REQUEST_RANKING
test,quality,FullGreedy,11,JR-DUAL-r011-R8-g0340,False,1,True,1.0,30.0,961749.203495802,964940.392041908,3191.1885461059865,0.33181088526057884,1.8635630197823048,5.967667415738106,1.0,1.0,0.0,0.0,1.0,0.0,0.0,0.0,8.0,8.0,0.0,3191.1885461059865,964940.392041908,2574.4641978610307,616.7243482449558,Greedy-rank+CHILS（贪心请求排序内部对照）,Greedy-rank+CHILS,INTERNAL_GREEDY_REQUEST_RANKING
test,quality,FullGreedy,11,JR-DUAL-r011-R8-g0680,False,1,True,1.0,30.0,730874.623950481,731929.972561589,1055.3486111080274,0.14439530071569848,1.1158913932740688,5.0501910373568535,1.0,1.0,0.0,0.0,1.0,0.0,0.0,0.0,8.0,8.0,0.0,1055.3486111080274,731929.972561589,1055.3486111080274,0.0,Greedy-rank+CHILS（贪心请求排序内部对照）,Greedy-rank+CHILS,INTERNAL_GREEDY_REQUEST_RANKING
test,quality,CHILS-p1,8,JR-DUAL-r008-R12-g0170,False,1,True,1.0,30.0,1308539.931227763,1373770.502455529,65230.57122776611,4.9849889690842115,21.21711002290249,22.434930626302958,1.0,1.0,0.0,0.0,1.0,0.0,0.0,0.0,1.0,0.0,0.0,65230.57122776611,1373770.502455529,0.0,65230.57122776611,CHILS-p1（SEA 2025 公开 MWIS 算法）,CHILS-p1 (SEA 2025),PUBLISHED_MWIS_BASELINE
test,quality,CHILS-p1,8,JR-DUAL-r008-R12-g0340,False,1,True,1.0,30.0,1206858.411921518,1295922.8839016,89064.4719800821,7.379860893398153,21.229590270668268,22.582058291882277,1.0,1.0,0.0,0.0,1.0,0.0,0.0,0.0,1.0,0.0,0.0,89064.4719800821,1295922.8839016,0.0,89064.4719800821,CHILS-p1（SEA 2025 公开 MWIS 算法）,CHILS-p1 (SEA 2025),PUBLISHED_MWIS_BASELINE
test,quality,CHILS-p1,8,JR-DUAL-r008-R12-g0680,False,1,True,1.0,30.0,996252.482559234,1106346.642020502,110094.15946126787,11.050829120992631,21.256091099232435,22.66533986479044,1.0,1.0,0.0,0.0,1.0,0.0,0.0,0.0,1.0,0.0,0.0,110094.15946126787,1106346.642020502,0.0,110094.15946126787,CHILS-p1（SEA 2025 公开 MWIS 算法）,CHILS-p1 (SEA 2025),PUBLISHED_MWIS_BASELINE
test,quality,CHILS-p1,8,JR-DUAL-r008-R8-g0170,False,1,True,1.0,30.0,1064212.05311729,1179799.191559837,115587.13844254706,10.861288227658127,21.118631578981876,21.813257414847612,1.0,1.0,0.0,0.0,1.0,0.0,0.0,0.0,1.0,0.0,0.0,115587.13844254706,1179799.191559837,0.0,115587.13844254706,CHILS-p1（SEA 2025 公开 MWIS 算法）,CHILS-p1 (SEA 2025),PUBLISHED_MWIS_BASELINE
test,quality,CHILS-p1,8,JR-DUAL-r008-R8-g0340,False,1,True,1.0,30.0,964674.094508257,1049548.715587024,84874.62107876712,8.798268924390674,21.12830989807844,21.96259067207575,1.0,1.0,0.0,0.0,1.0,0.0,0.0,0.0,1.0,0.0,0.0,84874.62107876712,1049548.715587024,0.0,84874.62107876712,CHILS-p1（SEA 2025 公开 MWIS 算法）,CHILS-p1 (SEA 2025),PUBLISHED_MWIS_BASELINE
test,quality,CHILS-p1,8,JR-DUAL-r008-R8-g0680,False,1,True,1.0,30.0,725058.74017615,793645.877948745,68587.13777259504,9.459528445368727,21.158090975135565,22.108084186911583,1.0,1.0,0.0,0.0,1.0,0.0,0.0,0.0,1.0,0.0,0.0,68587.13777259504,793645.877948745,0.0,68587.13777259504,CHILS-p1（SEA 2025 公开 MWIS 算法）,CHILS-p1 (SEA 2025),PUBLISHED_MWIS_BASELINE
test,quality,CHILS-p1,9,JR-DUAL-r009-R12-g0170,False,1,True,1.0,30.0,1303588.958822233,1371138.669505257,67549.71068302402,5.18182592955174,21.21394583210349,22.37412390112877,1.0,1.0,0.0,0.0,1.0,0.0,0.0,0.0,1.0,0.0,0.0,67549.71068302402,1371138.669505257,0.0,67549.71068302402,CHILS-p1（SEA 2025 公开 MWIS 算法）,CHILS-p1 (SEA 2025),PUBLISHED_MWIS_BASELINE
test,quality,CHILS-p1,9,JR-DUAL-r009-R12-g0340,False,1,True,1.0,30.0,1201896.359864861,1292873.009514914,90976.64965005289,7.569425508559003,21.227714031934738,22.5804301276803,1.0,1.0,0.0,0.0,1.0,0.0,0.0,0.0,1.0,0.0,0.0,90976.64965005289,1292873.009514914,0.0,90976.64965005289,CHILS-p1（SEA 2025 公开 MWIS 算法）,CHILS-p1 (SEA 2025),PUBLISHED_MWIS_BASELINE
test,quality,CHILS-p1,9,JR-DUAL-r009-R12-g0680,False,1,True,1.0,30.0,995328.900324943,1104462.808394861,109133.90806991793,10.964607581904756,21.249957617372274,22.66479367017746,1.0,1.0,0.0,0.0,1.0,0.0,0.0,0.0,1.0,0.0,0.0,109133.90806991793,1104462.808394861,0.0,109133.90806991793,CHILS-p1（SEA 2025 公开 MWIS 算法）,CHILS-p1 (SEA 2025),PUBLISHED_MWIS_BASELINE
test,quality,CHILS-p1,9,JR-DUAL-r009-R8-g0170,False,1,True,1.0,30.0,1069460.8401523,1178595.895866356,109135.05571405613,10.204679929983635,21.122146248817444,21.86011378839612,1.0,1.0,0.0,0.0,1.0,0.0,0.0,0.0,1.0,0.0,0.0,109135.05571405613,1178595.895866356,0.0,109135.05571405613,CHILS-p1（SEA 2025 公开 MWIS 算法）,CHILS-p1 (SEA 2025),PUBLISHED_MWIS_BASELINE
test,quality,CHILS-p1,9,JR-DUAL-r009-R8-g0340,False,1,True,1.0,30.0,958942.247525348,1047078.873534863,88136.62600951502,9.19102544881727,21.131684932857752,21.913942709565163,1.0,1.0,0.0,0.0,1.0,0.0,0.0,0.0,1.0,0.0,0.0,88136.62600951502,1047078.873534863,0.0,88136.62600951502,CHILS-p1（SEA 2025 公开 MWIS 算法）,CHILS-p1 (SEA 2025),PUBLISHED_MWIS_BASELINE
test,quality,CHILS-p1,9,JR-DUAL-r009-R8-g0680,False,1,True,1.0,30.0,727027.842792866,793140.5358392,66112.69304633397,9.093557241544298,21.161354187875986,22.108691573143005,1.0,1.0,0.0,0.0,1.0,0.0,0.0,0.0,1.0,0.0,0.0,66112.69304633397,793140.5358392,0.0,66112.69304633397,CHILS-p1（SEA 2025 公开 MWIS 算法）,CHILS-p1 (SEA 2025),PUBLISHED_MWIS_BASELINE
test,quality,CHILS-p1,10,JR-DUAL-r010-R12-g0170,False,1,True,1.0,30.0,1304524.980145348,1374749.460843477,70224.48069812893,5.383145724837299,21.215721525251865,22.468119401484728,1.0,1.0,0.0,0.0,1.0,0.0,0.0,0.0,1.0,0.0,0.0,70224.48069812893,1374749.460843477,0.0,70224.48069812893,CHILS-p1（SEA 2025 公开 MWIS 算法）,CHILS-p1 (SEA 2025),PUBLISHED_MWIS_BASELINE
test,quality,CHILS-p1,10,JR-DUAL-r010-R12-g0340,False,1,True,1.0,30.0,1204766.032426266,1294869.989829854,90103.95740358811,7.4789589827768195,21.222172237932682,22.671964813023806,1.0,1.0,0.0,0.0,1.0,0.0,0.0,0.0,1.0,0.0,0.0,90103.95740358811,1294869.989829854,0.0,90103.95740358811,CHILS-p1（SEA 2025 公开 MWIS 算法）,CHILS-p1 (SEA 2025),PUBLISHED_MWIS_BASELINE
test,quality,CHILS-p1,10,JR-DUAL-r010-R12-g0680,False,1,True,1.0,30.0,997301.877515741,1106677.783485104,109375.90596936306,10.967181395648852,21.25219491496682,22.663951106369495,1.0,1.0,0.0,0.0,1.0,0.0,0.0,0.0,1.0,0.0,0.0,109375.90596936306,1106677.783485104,0.0,109375.90596936306,CHILS-p1（SEA 2025 公开 MWIS 算法）,CHILS-p1 (SEA 2025),PUBLISHED_MWIS_BASELINE
test,quality,CHILS-p1,10,JR-DUAL-r010-R8-g0170,False,1,True,1.0,30.0,1063723.76085508,1178047.438249534,114323.6773944539,10.747496822159373,21.11938989162445,21.811521716415882,1.0,1.0,0.0,0.0,1.0,0.0,0.0,0.0,1.0,0.0,0.0,114323.6773944539,1178047.438249534,0.0,114323.6773944539,CHILS-p1（SEA 2025 公开 MWIS 算法）,CHILS-p1 (SEA 2025),PUBLISHED_MWIS_BASELINE
test,quality,CHILS-p1,10,JR-DUAL-r010-R8-g0340,False,1,True,1.0,30.0,961329.66255596,1047041.433200333,85711.77064437303,8.91596025618149,21.12643262371421,21.90937550738454,1.0,1.0,0.0,0.0,1.0,0.0,0.0,0.0,1.0,0.0,0.0,85711.77064437303,1047041.433200333,0.0,85711.77064437303,CHILS-p1（SEA 2025 公开 MWIS 算法）,CHILS-p1 (SEA 2025),PUBLISHED_MWIS_BASELINE
test,quality,CHILS-p1,10,JR-DUAL-r010-R8-g0680,False,1,True,1.0,30.0,729720.170020981,793412.191906738,63692.021885756985,8.728280305576,21.158085994422436,22.061069518327713,1.0,1.0,0.0,0.0,1.0,0.0,0.0,0.0,1.0,0.0,0.0,63692.021885756985,793412.191906738,0.0,63692.021885756985,CHILS-p1（SEA 2025 公开 MWIS 算法）,CHILS-p1 (SEA 2025),PUBLISHED_MWIS_BASELINE
test,quality,CHILS-p1,11,JR-DUAL-r011-R12-g0170,False,1,True,1.0,30.0,1309710.108432145,1373805.178193073,64095.06976092793,4.8938363801479845,21.208811726421118,22.48265817016363,1.0,1.0,0.0,0.0,1.0,0.0,0.0,0.0,1.0,0.0,0.0,64095.06976092793,1373805.178193073,0.0,64095.06976092793,CHILS-p1（SEA 2025 公开 MWIS 算法）,CHILS-p1 (SEA 2025),PUBLISHED_MWIS_BASELINE
test,quality,CHILS-p1,11,JR-DUAL-r011-R12-g0340,False,1,True,1.0,30.0,1207263.813126226,1293865.670477403,86601.85735117714,7.173399584215191,21.216100320219994,22.666270826011896,1.0,1.0,0.0,0.0,1.0,0.0,0.0,0.0,1.0,0.0,0.0,86601.85735117714,1293865.670477403,0.0,86601.85735117714,CHILS-p1（SEA 2025 公开 MWIS 算法）,CHILS-p1 (SEA 2025),PUBLISHED_MWIS_BASELINE
test,quality,CHILS-p1,11,JR-DUAL-r011-R12-g0680,False,1,True,1.0,30.0,996565.623874682,1106084.339207919,109518.71533323708,10.989614001276152,21.248397387564182,22.66332984343171,1.0,1.0,0.0,0.0,1.0,0.0,0.0,0.0,1.0,0.0,0.0,109518.71533323708,1106084.339207919,0.0,109518.71533323708,CHILS-p1（SEA 2025 公开 MWIS 算法）,CHILS-p1 (SEA 2025),PUBLISHED_MWIS_BASELINE
test,quality,CHILS-p1,11,JR-DUAL-r011-R8-g0170,False,1,True,1.0,30.0,1065376.358638791,1181090.151992294,115713.7933535031,10.861306656114296,21.13601253554225,21.862315978854895,1.0,1.0,0.0,0.0,1.0,0.0,0.0,0.0,1.0,0.0,0.0,115713.7933535031,1181090.151992294,0.0,115713.7933535031,CHILS-p1（SEA 2025 公开 MWIS 算法）,CHILS-p1 (SEA 2025),PUBLISHED_MWIS_BASELINE
test,quality,CHILS-p1,11,JR-DUAL-r011-R8-g0340,False,1,True,1.0,30.0,961749.203495802,1043034.654909569,81285.45141376695,8.451834544630508,21.129839789122343,21.910603530704975,1.0,1.0,0.0,0.0,1.0,0.0,0.0,0.0,1.0,0.0,0.0,81285.45141376695,1043034.654909569,0.0,81285.45141376695,CHILS-p1（SEA 2025 公开 MWIS 算法）,CHILS-p1 (SEA 2025),PUBLISHED_MWIS_BASELINE
test,quality,CHILS-p1,11,JR-DUAL-r011-R8-g0680,False,1,True,1.0,30.0,730874.623950481,795549.625679226,64675.00172874506,8.84898717363691,21.154519386589527,22.115445896983147,1.0,1.0,0.0,0.0,1.0,0.0,0.0,0.0,1.0,0.0,0.0,64675.00172874506,795549.625679226,0.0,64675.00172874506,CHILS-p1（SEA 2025 公开 MWIS 算法）,CHILS-p1 (SEA 2025),PUBLISHED_MWIS_BASELINE
test,quality,HiGHS-MILP,8,JR-DUAL-r008-R12-g0170,False,1,True,1.0,30.0,1308539.931227763,1308539.931227763,0.0,0.0,23.16216241195798,24.585739567875862,1.0,1.0,0.0,0.0,1.0,0.0,0.0,0.0,1.0,0.0,0.0,0.0,1308539.931227763,0.0,0.0,HiGHS-MILP（通用 MILP 软件参照）,HiGHS (generic MILP),GENERIC_MILP_SOFTWARE_REFERENCE
test,quality,HiGHS-MILP,8,JR-DUAL-r008-R12-g0340,False,1,True,0.0,30.0,1206858.411921518,null,null,null,31.941284872591496,33.60590552538633,0.0,0.0,1.0,0.0,0.0,1.0,0.0,0.0,null,0.0,0.0,0.0,1206858.411921518,0.0,0.0,HiGHS-MILP（通用 MILP 软件参照）,HiGHS (generic MILP),GENERIC_MILP_SOFTWARE_REFERENCE
test,quality,HiGHS-MILP,8,JR-DUAL-r008-R12-g0680,False,1,True,0.0,30.0,996252.482559234,null,null,null,30.335584167391062,31.871120899915695,0.0,0.0,1.0,0.0,0.0,1.0,0.0,0.0,null,0.0,0.0,0.0,996252.482559234,0.0,0.0,HiGHS-MILP（通用 MILP 软件参照）,HiGHS (generic MILP),GENERIC_MILP_SOFTWARE_REFERENCE
test,quality,HiGHS-MILP,8,JR-DUAL-r008-R8-g0170,False,1,True,1.0,30.0,1064212.05311729,1064212.05311729,0.0,0.0,21.258494701236486,22.060427621006966,1.0,1.0,0.0,0.0,1.0,0.0,0.0,0.0,1.0,0.0,0.0,0.0,1064212.05311729,0.0,0.0,HiGHS-MILP（通用 MILP 软件参照）,HiGHS (generic MILP),GENERIC_MILP_SOFTWARE_REFERENCE
test,quality,HiGHS-MILP,8,JR-DUAL-r008-R8-g0340,False,1,True,1.0,30.0,964674.094508257,964674.094508257,0.0,0.0,25.343153592199087,26.295869778841734,1.0,1.0,0.0,0.0,1.0,0.0,0.0,0.0,1.0,0.0,0.0,0.0,964674.094508257,0.0,0.0,HiGHS-MILP（通用 MILP 软件参照）,HiGHS (generic MILP),GENERIC_MILP_SOFTWARE_REFERENCE
test,quality,HiGHS-MILP,8,JR-DUAL-r008-R8-g0680,False,1,True,0.0,30.0,725058.74017615,null,null,null,30.04716156795621,31.122606594115496,0.0,0.0,1.0,0.0,0.0,1.0,0.0,0.0,null,0.0,0.0,0.0,725058.74017615,0.0,0.0,HiGHS-MILP（通用 MILP 软件参照）,HiGHS (generic MILP),GENERIC_MILP_SOFTWARE_REFERENCE
test,quality,HiGHS-MILP,9,JR-DUAL-r009-R12-g0170,False,1,True,1.0,30.0,1303588.958822233,1303588.958822233,0.0,0.0,21.384727615863085,22.877191435545683,1.0,1.0,0.0,0.0,1.0,0.0,0.0,0.0,1.0,0.0,0.0,0.0,1303588.958822233,0.0,0.0,HiGHS-MILP（通用 MILP 软件参照）,HiGHS (generic MILP),GENERIC_MILP_SOFTWARE_REFERENCE
test,quality,HiGHS-MILP,9,JR-DUAL-r009-R12-g0340,False,1,True,0.0,30.0,1201896.359864861,null,null,null,30.16254771500826,31.70736013352871,0.0,0.0,1.0,0.0,0.0,1.0,0.0,0.0,null,0.0,0.0,0.0,1201896.359864861,0.0,0.0,HiGHS-MILP（通用 MILP 软件参照）,HiGHS (generic MILP),GENERIC_MILP_SOFTWARE_REFERENCE
test,quality,HiGHS-MILP,9,JR-DUAL-r009-R12-g0680,False,1,True,0.0,30.0,995328.900324943,null,null,null,30.54278813675046,32.123872585594654,0.0,0.0,1.0,0.0,0.0,1.0,0.0,0.0,null,0.0,0.0,0.0,995328.900324943,0.0,0.0,HiGHS-MILP（通用 MILP 软件参照）,HiGHS (generic MILP),GENERIC_MILP_SOFTWARE_REFERENCE
test,quality,HiGHS-MILP,9,JR-DUAL-r009-R8-g0170,False,1,True,1.0,30.0,1069460.8401523,1069460.8401523,0.0,0.0,23.231568589806557,24.071815609931946,1.0,1.0,0.0,0.0,1.0,0.0,0.0,0.0,1.0,0.0,0.0,0.0,1069460.8401523,0.0,0.0,HiGHS-MILP（通用 MILP 软件参照）,HiGHS (generic MILP),GENERIC_MILP_SOFTWARE_REFERENCE
test,quality,HiGHS-MILP,9,JR-DUAL-r009-R8-g0340,False,1,True,1.0,30.0,958942.247525348,958942.247525348,0.0,0.0,25.146099861711264,26.078243266791105,1.0,1.0,0.0,0.0,1.0,0.0,0.0,0.0,1.0,0.0,0.0,0.0,958942.247525348,0.0,0.0,HiGHS-MILP（通用 MILP 软件参照）,HiGHS (generic MILP),GENERIC_MILP_SOFTWARE_REFERENCE
test,quality,HiGHS-MILP,9,JR-DUAL-r009-R8-g0680,False,1,True,1.0,30.0,727027.842792866,727027.842792866,0.0,0.0,23.355361565947533,24.413200706243515,1.0,1.0,0.0,0.0,1.0,0.0,0.0,0.0,1.0,0.0,0.0,0.0,727027.842792866,0.0,0.0,HiGHS-MILP（通用 MILP 软件参照）,HiGHS (generic MILP),GENERIC_MILP_SOFTWARE_REFERENCE
test,quality,HiGHS-MILP,10,JR-DUAL-r010-R12-g0170,False,1,True,1.0,30.0,1304524.980145348,1304524.980145348,0.0,0.0,22.079078305512667,23.47257837280631,1.0,1.0,0.0,0.0,1.0,0.0,0.0,0.0,1.0,0.0,0.0,0.0,1304524.980145348,0.0,0.0,HiGHS-MILP（通用 MILP 软件参照）,HiGHS (generic MILP),GENERIC_MILP_SOFTWARE_REFERENCE
test,quality,HiGHS-MILP,10,JR-DUAL-r010-R12-g0340,False,1,True,0.0,30.0,1204766.032426266,null,null,null,30.343697920441628,31.92844371125102,0.0,0.0,1.0,0.0,0.0,1.0,0.0,0.0,null,0.0,0.0,0.0,1204766.032426266,0.0,0.0,HiGHS-MILP（通用 MILP 软件参照）,HiGHS (generic MILP),GENERIC_MILP_SOFTWARE_REFERENCE
test,quality,HiGHS-MILP,10,JR-DUAL-r010-R12-g0680,False,1,True,0.0,30.0,997301.877515741,null,null,null,30.63337478414178,32.23714042454958,0.0,0.0,1.0,0.0,0.0,1.0,0.0,0.0,null,0.0,0.0,0.0,997301.877515741,0.0,0.0,HiGHS-MILP（通用 MILP 软件参照）,HiGHS (generic MILP),GENERIC_MILP_SOFTWARE_REFERENCE
test,quality,HiGHS-MILP,10,JR-DUAL-r010-R8-g0170,False,1,True,1.0,30.0,1063723.76085508,1063723.76085508,0.0,0.0,23.23658712953329,24.066682189702988,1.0,1.0,0.0,0.0,1.0,0.0,0.0,0.0,1.0,0.0,0.0,0.0,1063723.76085508,0.0,0.0,HiGHS-MILP（通用 MILP 软件参照）,HiGHS (generic MILP),GENERIC_MILP_SOFTWARE_REFERENCE
test,quality,HiGHS-MILP,10,JR-DUAL-r010-R8-g0340,False,1,True,1.0,30.0,961329.66255596,961329.66255596,0.0,0.0,22.710074447095394,23.579301688820124,1.0,1.0,0.0,0.0,1.0,0.0,0.0,0.0,1.0,0.0,0.0,0.0,961329.66255596,0.0,0.0,HiGHS-MILP（通用 MILP 软件参照）,HiGHS (generic MILP),GENERIC_MILP_SOFTWARE_REFERENCE
test,quality,HiGHS-MILP,10,JR-DUAL-r010-R8-g0680,False,1,True,0.0,30.0,729720.170020981,null,null,null,30.045519813895226,31.07388871908188,0.0,0.0,1.0,0.0,0.0,1.0,0.0,0.0,null,0.0,0.0,0.0,729720.170020981,0.0,0.0,HiGHS-MILP（通用 MILP 软件参照）,HiGHS (generic MILP),GENERIC_MILP_SOFTWARE_REFERENCE
test,quality,HiGHS-MILP,11,JR-DUAL-r011-R12-g0170,False,1,True,1.0,30.0,1309710.108432145,1309710.108432145,0.0,0.0,21.28578571602702,22.676901385188103,1.0,1.0,0.0,0.0,1.0,0.0,0.0,0.0,1.0,0.0,0.0,0.0,1309710.108432145,0.0,0.0,HiGHS-MILP（通用 MILP 软件参照）,HiGHS (generic MILP),GENERIC_MILP_SOFTWARE_REFERENCE
test,quality,HiGHS-MILP,11,JR-DUAL-r011-R12-g0340,False,1,True,0.0,30.0,1207263.813126226,null,null,null,30.103227477520704,31.634510904550552,0.0,0.0,1.0,0.0,0.0,1.0,0.0,0.0,null,0.0,0.0,0.0,1207263.813126226,0.0,0.0,HiGHS-MILP（通用 MILP 软件参照）,HiGHS (generic MILP),GENERIC_MILP_SOFTWARE_REFERENCE
test,quality,HiGHS-MILP,11,JR-DUAL-r011-R12-g0680,False,1,True,0.0,30.0,996565.623874682,null,null,null,30.524436615407467,32.09304956719279,0.0,0.0,1.0,0.0,0.0,1.0,0.0,0.0,null,0.0,0.0,0.0,996565.623874682,0.0,0.0,HiGHS-MILP（通用 MILP 软件参照）,HiGHS (generic MILP),GENERIC_MILP_SOFTWARE_REFERENCE
test,quality,HiGHS-MILP,11,JR-DUAL-r011-R8-g0170,False,1,True,1.0,30.0,1065376.358638791,1065376.358638791,0.0,0.0,21.220937453210354,22.009673062711954,1.0,1.0,0.0,0.0,1.0,0.0,0.0,0.0,1.0,0.0,0.0,0.0,1065376.358638791,0.0,0.0,HiGHS-MILP（通用 MILP 软件参照）,HiGHS (generic MILP),GENERIC_MILP_SOFTWARE_REFERENCE
test,quality,HiGHS-MILP,11,JR-DUAL-r011-R8-g0340,False,1,True,1.0,30.0,961749.203495802,961749.203495802,0.0,0.0,24.15778846666217,25.0144000723958,1.0,1.0,0.0,0.0,1.0,0.0,0.0,0.0,1.0,0.0,0.0,0.0,961749.203495802,0.0,0.0,HiGHS-MILP（通用 MILP 软件参照）,HiGHS (generic MILP),GENERIC_MILP_SOFTWARE_REFERENCE
test,quality,HiGHS-MILP,11,JR-DUAL-r011-R8-g0680,False,1,True,0.0,30.0,730874.623950481,null,null,null,30.0440113209188,31.12667766958475,0.0,0.0,1.0,0.0,0.0,1.0,0.0,0.0,null,0.0,0.0,0.0,730874.623950481,0.0,0.0,HiGHS-MILP（通用 MILP 软件参照）,HiGHS (generic MILP),GENERIC_MILP_SOFTWARE_REFERENCE
test,quality,FullCapacity-mean17/29,8,JR-DUAL-r008-R12-g0170,False,2,True,2.0,60.0,1308539.931227763,1310601.940398075,2062.009170311969,0.1575809129781197,4.254399850964546,9.213070398196578,1.0,1.0,0.0,0.0,1.0,0.0,0.0,0.0,7.5,7.5,0.0,2062.009170311969,1310601.940398075,1545.2884029019624,516.7207674100064,JointRecovery（本文方法，JR；完整框架 STK 迁移）；两种子均值,"JointRecovery (JR, ours); 2-seed mean",PROPOSED_FULL_FRAMEWORK
test,quality,FullCapacity-mean17/29,8,JR-DUAL-r008-R12-g0340,False,2,True,2.0,60.0,1206858.411921518,1210753.609808727,3895.1978872090112,0.32275516736111676,3.301279379054904,8.198852339759469,1.0,1.0,0.0,0.0,1.0,0.0,0.0,0.0,8.0,8.0,0.0,3895.1978872090112,1210753.609808727,2293.9027097311337,1601.2951774778776,JointRecovery（本文方法，JR；完整框架 STK 迁移）；两种子均值,"JointRecovery (JR, ours); 2-seed mean",PROPOSED_FULL_FRAMEWORK
test,quality,FullCapacity-mean17/29,8,JR-DUAL-r008-R12-g0680,False,2,True,2.0,60.0,996252.482559234,998653.972644334,2401.49008509994,0.241052356419815,3.2157889306545258,8.628973837941885,1.0,1.0,0.0,0.0,1.0,0.0,0.0,0.0,8.0,8.0,0.0,2401.49008509994,998653.972644334,1752.890491288039,648.5995938119013,JointRecovery（本文方法，JR；完整框架 STK 迁移）；两种子均值,"JointRecovery (JR, ours); 2-seed mean",PROPOSED_FULL_FRAMEWORK
test,quality,FullCapacity-mean17/29,8,JR-DUAL-r008-R8-g0170,False,2,True,2.0,60.0,1064212.05311729,1067750.4991761805,3538.4460588905495,0.3324944543266291,3.435817299410701,7.617687955498695,1.0,1.0,0.0,0.0,1.0,0.0,0.0,0.0,7.5,7.5,0.0,3538.4460588905495,1067750.4991761805,2186.9149603929836,1351.5310984975658,JointRecovery（本文方法，JR；完整框架 STK 迁移）；两种子均值,"JointRecovery (JR, ours); 2-seed mean",PROPOSED_FULL_FRAMEWORK
test,quality,FullCapacity-mean17/29,8,JR-DUAL-r008-R8-g0340,False,2,True,2.0,60.0,964674.094508257,967744.796548355,3070.7020400980255,0.318314968503774,2.8380018435418606,6.85918272100389,1.0,1.0,0.0,0.0,1.0,0.0,0.0,0.0,8.0,8.0,0.0,3070.7020400980255,967744.796548355,2213.5059239330003,857.1961161650252,JointRecovery（本文方法，JR；完整框架 STK 迁移）；两种子均值,"JointRecovery (JR, ours); 2-seed mean",PROPOSED_FULL_FRAMEWORK
test,quality,FullCapacity-mean17/29,8,JR-DUAL-r008-R8-g0680,False,2,True,2.0,60.0,725058.74017615,727062.211266697,2003.471090547042,0.2763184524967325,2.6296439561992884,7.504600970074534,1.0,1.0,0.0,0.0,1.0,0.0,0.0,0.0,8.0,8.0,0.0,2003.471090547042,727062.211266697,1072.9688282109564,930.5022623360856,JointRecovery（本文方法，JR；完整框架 STK 迁移）；两种子均值,"JointRecovery (JR, ours); 2-seed mean",PROPOSED_FULL_FRAMEWORK
test,quality,FullCapacity-mean17/29,9,JR-DUAL-r009-R12-g0170,False,2,True,2.0,60.0,1303588.958822233,1305244.951142674,1655.9923204411753,0.12703331899476442,4.300640461966395,9.383767955005169,1.0,1.0,0.0,0.0,1.0,0.0,0.0,0.0,8.0,8.0,0.0,1655.9923204411753,1305244.951142674,1480.9733000150882,175.01902042608708,JointRecovery（本文方法，JR；完整框架 STK 迁移）；两种子均值,"JointRecovery (JR, ours); 2-seed mean",PROPOSED_FULL_FRAMEWORK
test,quality,FullCapacity-mean17/29,9,JR-DUAL-r009-R12-g0340,False,2,True,2.0,60.0,1201896.359864861,1204184.639125805,2288.2792609441094,0.19038906659151536,3.870300218462944,8.60631031356752,1.0,1.0,0.0,0.0,1.0,0.0,0.0,0.0,7.0,7.0,0.0,2288.2792609441094,1204184.639125805,1088.1848472019192,1200.0944137421902,JointRecovery（本文方法，JR；完整框架 STK 迁移）；两种子均值,"JointRecovery (JR, ours); 2-seed mean",PROPOSED_FULL_FRAMEWORK
test,quality,FullCapacity-mean17/29,9,JR-DUAL-r009-R12-g0680,False,2,True,2.0,60.0,995328.900324943,996691.239721992,1362.3393970490433,0.136873288478239,3.6845379937440157,8.595392685383558,1.0,1.0,0.0,0.0,1.0,0.0,0.0,0.0,8.0,8.0,0.0,1362.3393970490433,996691.239721992,1132.9280402449658,229.4113568040775,JointRecovery（本文方法，JR；完整框架 STK 迁移）；两种子均值,"JointRecovery (JR, ours); 2-seed mean",PROPOSED_FULL_FRAMEWORK
test,quality,FullCapacity-mean17/29,9,JR-DUAL-r009-R8-g0170,False,2,True,2.0,60.0,1069460.8401523,1072358.373683807,2897.5335315070115,0.270934046644885,2.8206545654684305,7.043489111587405,1.0,1.0,0.0,0.0,1.0,0.0,0.0,0.0,7.0,7.0,0.0,2897.5335315070115,1072358.373683807,1700.94802728598,1196.5855042210314,JointRecovery（本文方法，JR；完整框架 STK 迁移）；两种子均值,"JointRecovery (JR, ours); 2-seed mean",PROPOSED_FULL_FRAMEWORK
test,quality,FullCapacity-mean17/29,9,JR-DUAL-r009-R8-g0340,False,2,True,2.0,60.0,958942.247525348,962784.318409774,3842.070884426008,0.40065717141369867,2.9446435421705246,7.542680395767093,1.0,1.0,0.0,0.0,1.0,0.0,0.0,0.0,8.0,8.0,0.0,3842.070884426008,962784.318409774,2413.828959963983,1428.241924462025,JointRecovery（本文方法，JR；完整框架 STK 迁移）；两种子均值,"JointRecovery (JR, ours); 2-seed mean",PROPOSED_FULL_FRAMEWORK
test,quality,FullCapacity-mean17/29,9,JR-DUAL-r009-R8-g0680,False,2,True,2.0,60.0,727027.842792866,728717.263461693,1689.4206688269041,0.2323735859051864,2.650934448465705,7.397422112524509,1.0,1.0,0.0,0.0,1.0,0.0,0.0,0.0,8.0,8.0,0.0,1689.4206688269041,728717.263461693,856.4749668039149,832.9457020229893,JointRecovery（本文方法，JR；完整框架 STK 迁移）；两种子均值,"JointRecovery (JR, ours); 2-seed mean",PROPOSED_FULL_FRAMEWORK
test,quality,FullCapacity-mean17/29,10,JR-DUAL-r010-R12-g0170,False,2,True,2.0,60.0,1304524.980145348,1306337.307063753,1812.326918405015,0.13892619505094403,4.0139209516346455,9.292084755375981,1.0,1.0,0.0,0.0,1.0,0.0,0.0,0.0,8.0,8.0,0.0,1812.326918405015,1306337.307063753,1409.6677442491055,402.65917415590957,JointRecovery（本文方法，JR；完整框架 STK 迁移）；两种子均值,"JointRecovery (JR, ours); 2-seed mean",PROPOSED_FULL_FRAMEWORK
test,quality,FullCapacity-mean17/29,10,JR-DUAL-r010-R12-g0340,False,2,True,2.0,60.0,1204766.032426266,1208402.552936319,3636.5205100530293,0.3018445417762549,2.650626301765442,7.952586490660906,1.0,1.0,0.0,0.0,1.0,0.0,0.0,0.0,8.0,8.0,0.0,3636.5205100530293,1208402.552936319,2638.0165747040883,998.503935348941,JointRecovery（本文方法，JR；完整框架 STK 迁移）；两种子均值,"JointRecovery (JR, ours); 2-seed mean",PROPOSED_FULL_FRAMEWORK
test,quality,FullCapacity-mean17/29,10,JR-DUAL-r010-R12-g0680,False,2,True,2.0,60.0,997301.877515741,1000413.196392745,3111.3188770039706,0.3119736307680683,3.1588423252105713,8.32459312863648,1.0,1.0,0.0,0.0,1.0,0.0,0.0,0.0,8.0,8.0,0.0,3111.3188770039706,1000413.196392745,1689.2379566929303,1422.0809203110402,JointRecovery（本文方法，JR；完整框架 STK 迁移）；两种子均值,"JointRecovery (JR, ours); 2-seed mean",PROPOSED_FULL_FRAMEWORK
test,quality,FullCapacity-mean17/29,10,JR-DUAL-r010-R8-g0170,False,2,True,2.0,60.0,1063723.76085508,1067005.870427666,3282.109572585905,0.30854905130139837,3.985615011304617,8.284732868894935,1.0,1.0,0.0,0.0,1.0,0.0,0.0,0.0,8.0,8.0,0.0,3282.109572585905,1067005.870427666,1999.1203333488666,1282.9892392370384,JointRecovery（本文方法，JR；完整框架 STK 迁移）；两种子均值,"JointRecovery (JR, ours); 2-seed mean",PROPOSED_FULL_FRAMEWORK
test,quality,FullCapacity-mean17/29,10,JR-DUAL-r010-R8-g0340,False,2,True,2.0,60.0,961329.66255596,965900.661665852,4570.999109891942,0.4754871599133517,2.7492823600769043,7.118560630828142,1.0,1.0,0.0,0.0,1.0,0.0,0.0,0.0,8.0,8.0,0.0,4570.999109891942,965900.661665852,2815.9254813429434,1755.0736285489984,JointRecovery（本文方法，JR；完整框架 STK 迁移）；两种子均值,"JointRecovery (JR, ours); 2-seed mean",PROPOSED_FULL_FRAMEWORK
test,quality,FullCapacity-mean17/29,10,JR-DUAL-r010-R8-g0680,False,2,True,2.0,60.0,729720.170020981,731299.5775384535,1579.4075174725149,0.21644016190851673,2.7010745126754045,7.337612461298704,1.0,1.0,0.0,0.0,1.0,0.0,0.0,0.0,8.0,8.0,0.0,1579.4075174725149,731299.5775384535,1249.4284307870548,329.97908668546006,JointRecovery（本文方法，JR；完整框架 STK 迁移）；两种子均值,"JointRecovery (JR, ours); 2-seed mean",PROPOSED_FULL_FRAMEWORK
test,quality,FullCapacity-mean17/29,11,JR-DUAL-r011-R12-g0170,False,2,True,2.0,60.0,1309710.108432145,1311148.438464307,1438.3300321619026,0.10982048797681866,4.61206410638988,9.47020336613059,1.0,1.0,0.0,0.0,1.0,0.0,0.0,0.0,8.0,8.0,0.0,1438.3300321619026,1311148.438464307,1187.9974463549443,250.33258580695838,JointRecovery（本文方法，JR；完整框架 STK 迁移）；两种子均值,"JointRecovery (JR, ours); 2-seed mean",PROPOSED_FULL_FRAMEWORK
test,quality,FullCapacity-mean17/29,11,JR-DUAL-r011-R12-g0340,False,2,True,2.0,60.0,1207263.813126226,1211168.326449476,3904.513323249994,0.32341840124729687,3.467515930533409,8.425037413835526,1.0,1.0,0.0,0.0,1.0,0.0,0.0,0.0,8.0,8.0,0.0,3904.513323249994,1211168.326449476,3230.222770435037,674.2905528149568,JointRecovery（本文方法，JR；完整框架 STK 迁移）；两种子均值,"JointRecovery (JR, ours); 2-seed mean",PROPOSED_FULL_FRAMEWORK
test,quality,FullCapacity-mean17/29,11,JR-DUAL-r011-R12-g0680,False,2,True,2.0,60.0,996565.623874682,998503.525917519,1937.9020428369986,0.19445804635547909,2.5157752707600594,7.748412657529116,1.0,1.0,0.0,0.0,1.0,0.0,0.0,0.0,8.0,8.0,0.0,1937.9020428369986,998503.525917519,1146.2667337020393,791.6353091349592,JointRecovery（本文方法，JR；完整框架 STK 迁移）；两种子均值,"JointRecovery (JR, ours); 2-seed mean",PROPOSED_FULL_FRAMEWORK
test,quality,FullCapacity-mean17/29,11,JR-DUAL-r011-R8-g0170,False,2,True,2.0,60.0,1065376.358638791,1069164.206413786,3787.8477749950252,0.35554081374911295,2.793740851804614,6.571708180010319,1.0,1.0,0.0,0.0,1.0,0.0,0.0,0.0,7.0,7.0,0.0,3787.8477749950252,1069164.206413786,2622.570562876994,1165.2772121180315,JointRecovery（本文方法，JR；完整框架 STK 迁移）；两种子均值,"JointRecovery (JR, ours); 2-seed mean",PROPOSED_FULL_FRAMEWORK
test,quality,FullCapacity-mean17/29,11,JR-DUAL-r011-R8-g0340,False,2,True,2.0,60.0,961749.203495802,964940.392041908,3191.1885461059865,0.33181088526057884,2.131456643342972,6.092497378587723,1.0,1.0,0.0,0.0,1.0,0.0,0.0,0.0,8.0,8.0,0.0,3191.1885461059865,964940.392041908,2574.4641978610307,616.7243482449558,JointRecovery（本文方法，JR；完整框架 STK 迁移）；两种子均值,"JointRecovery (JR, ours); 2-seed mean",PROPOSED_FULL_FRAMEWORK
test,quality,FullCapacity-mean17/29,11,JR-DUAL-r011-R8-g0680,False,2,True,2.0,60.0,730874.623950481,731929.972561589,1055.3486111080274,0.14439530071569848,2.7989564202725887,7.611649848520756,1.0,1.0,0.0,0.0,1.0,0.0,0.0,0.0,8.0,8.0,0.0,1055.3486111080274,731929.972561589,1055.3486111080274,0.0,JointRecovery（本文方法，JR；完整框架 STK 迁移）；两种子均值,"JointRecovery (JR, ours); 2-seed mean",PROPOSED_FULL_FRAMEWORK
test,quality,FullCapacity-seed17,8,JR-DUAL-r008-R12-g0170,False,1,True,1.0,60.0,1308539.931227763,1310601.940398075,2062.009170311969,0.1575809129781197,3.685988735407591,9.040957275778055,1.0,1.0,0.0,0.0,1.0,0.0,0.0,0.0,7.0,7.0,0.0,2062.009170311969,1310601.940398075,1545.2884029019624,516.7207674100064,JointRecovery（本文方法，JR；完整框架 STK 迁移）；seed17,"JointRecovery (JR, ours); seed17",PROPOSED_FULL_FRAMEWORK
test,quality,FullCapacity-seed17,8,JR-DUAL-r008-R12-g0340,False,1,True,1.0,60.0,1206858.411921518,1210753.609808727,3895.1978872090112,0.32275516736111676,3.3350377790629864,8.313262566924095,1.0,1.0,0.0,0.0,1.0,0.0,0.0,0.0,8.0,8.0,0.0,3895.1978872090112,1210753.609808727,2293.9027097311337,1601.2951774778776,JointRecovery（本文方法，JR；完整框架 STK 迁移）；seed17,"JointRecovery (JR, ours); seed17",PROPOSED_FULL_FRAMEWORK
test,quality,FullCapacity-seed17,8,JR-DUAL-r008-R12-g0680,False,1,True,1.0,60.0,996252.482559234,998653.972644334,2401.49008509994,0.241052356419815,3.1142657212913036,7.771416407078505,1.0,1.0,0.0,0.0,1.0,0.0,0.0,0.0,8.0,8.0,0.0,2401.49008509994,998653.972644334,1752.890491288039,648.5995938119013,JointRecovery（本文方法，JR；完整框架 STK 迁移）；seed17,"JointRecovery (JR, ours); seed17",PROPOSED_FULL_FRAMEWORK
test,quality,FullCapacity-seed17,8,JR-DUAL-r008-R8-g0170,False,1,True,1.0,60.0,1064212.05311729,1067742.629697501,3530.5765802110545,0.33175498904276546,2.8111374117434025,7.3681625649333,1.0,1.0,0.0,0.0,1.0,0.0,0.0,0.0,7.0,7.0,0.0,3530.5765802110545,1067742.629697501,2186.9149603929836,1343.661619818071,JointRecovery（本文方法，JR；完整框架 STK 迁移）；seed17,"JointRecovery (JR, ours); seed17",PROPOSED_FULL_FRAMEWORK
test,quality,FullCapacity-seed17,8,JR-DUAL-r008-R8-g0340,False,1,True,1.0,60.0,964674.094508257,967744.796548355,3070.7020400980255,0.318314968503774,2.836458921432495,6.904141176491976,1.0,1.0,0.0,0.0,1.0,0.0,0.0,0.0,8.0,8.0,0.0,3070.7020400980255,967744.796548355,2213.5059239330003,857.1961161650252,JointRecovery（本文方法，JR；完整框架 STK 迁移）；seed17,"JointRecovery (JR, ours); seed17",PROPOSED_FULL_FRAMEWORK
test,quality,FullCapacity-seed17,8,JR-DUAL-r008-R8-g0680,False,1,True,1.0,60.0,725058.74017615,727062.211266697,2003.471090547042,0.2763184524967325,2.6509005911648273,7.511111650615931,1.0,1.0,0.0,0.0,1.0,0.0,0.0,0.0,8.0,8.0,0.0,2003.471090547042,727062.211266697,1072.9688282109564,930.5022623360856,JointRecovery（本文方法，JR；完整框架 STK 迁移）；seed17,"JointRecovery (JR, ours); seed17",PROPOSED_FULL_FRAMEWORK
test,quality,FullCapacity-seed17,9,JR-DUAL-r009-R12-g0170,False,1,True,1.0,60.0,1303588.958822233,1305244.951142674,1655.9923204411753,0.12703331899476442,3.8461084812879562,8.636654045432806,1.0,1.0,0.0,0.0,1.0,0.0,0.0,0.0,8.0,8.0,0.0,1655.9923204411753,1305244.951142674,1480.9733000150882,175.01902042608708,JointRecovery（本文方法，JR；完整框架 STK 迁移）；seed17,"JointRecovery (JR, ours); seed17",PROPOSED_FULL_FRAMEWORK
test,quality,FullCapacity-seed17,9,JR-DUAL-r009-R12-g0340,False,1,True,1.0,60.0,1201896.359864861,1204184.639125805,2288.2792609441094,0.19038906659151536,3.138378068804741,8.188557140529156,1.0,1.0,0.0,0.0,1.0,0.0,0.0,0.0,6.0,6.0,0.0,2288.2792609441094,1204184.639125805,1088.1848472019192,1200.0944137421902,JointRecovery（本文方法，JR；完整框架 STK 迁移）；seed17,"JointRecovery (JR, ours); seed17",PROPOSED_FULL_FRAMEWORK
test,quality,FullCapacity-seed17,9,JR-DUAL-r009-R12-g0680,False,1,True,1.0,60.0,995328.900324943,996691.239721992,1362.3393970490433,0.136873288478239,3.109843470156193,7.869117133319378,1.0,1.0,0.0,0.0,1.0,0.0,0.0,0.0,8.0,8.0,0.0,1362.3393970490433,996691.239721992,1132.9280402449658,229.4113568040775,JointRecovery（本文方法，JR；完整框架 STK 迁移）；seed17,"JointRecovery (JR, ours); seed17",PROPOSED_FULL_FRAMEWORK
test,quality,FullCapacity-seed17,9,JR-DUAL-r009-R8-g0170,False,1,True,1.0,60.0,1069460.8401523,1072358.373683807,2897.5335315070115,0.270934046644885,2.8143948391079903,7.5206872671842575,1.0,1.0,0.0,0.0,1.0,0.0,0.0,0.0,7.0,7.0,0.0,2897.5335315070115,1072358.373683807,1700.94802728598,1196.5855042210314,JointRecovery（本文方法，JR；完整框架 STK 迁移）；seed17,"JointRecovery (JR, ours); seed17",PROPOSED_FULL_FRAMEWORK
test,quality,FullCapacity-seed17,9,JR-DUAL-r009-R8-g0340,False,1,True,1.0,60.0,958942.247525348,962784.318409774,3842.070884426008,0.40065717141369867,2.9293795712292194,7.715562418103218,1.0,1.0,0.0,0.0,1.0,0.0,0.0,0.0,8.0,8.0,0.0,3842.070884426008,962784.318409774,2413.828959963983,1428.241924462025,JointRecovery（本文方法，JR；完整框架 STK 迁移）；seed17,"JointRecovery (JR, ours); seed17",PROPOSED_FULL_FRAMEWORK
test,quality,FullCapacity-seed17,9,JR-DUAL-r009-R8-g0680,False,1,True,1.0,60.0,727027.842792866,728717.263461693,1689.4206688269041,0.2323735859051864,1.5063759200274944,6.20802440866828,1.0,1.0,0.0,0.0,1.0,0.0,0.0,0.0,8.0,8.0,0.0,1689.4206688269041,728717.263461693,856.4749668039149,832.9457020229893,JointRecovery（本文方法，JR；完整框架 STK 迁移）；seed17,"JointRecovery (JR, ours); seed17",PROPOSED_FULL_FRAMEWORK
test,quality,FullCapacity-seed17,10,JR-DUAL-r010-R12-g0170,False,1,True,1.0,60.0,1304524.980145348,1306337.307063753,1812.326918405015,0.13892619505094403,3.426180139183998,9.287750627845526,1.0,1.0,0.0,0.0,1.0,0.0,0.0,0.0,8.0,8.0,0.0,1812.326918405015,1306337.307063753,1409.6677442491055,402.65917415590957,JointRecovery（本文方法，JR；完整框架 STK 迁移）；seed17,"JointRecovery (JR, ours); seed17",PROPOSED_FULL_FRAMEWORK
test,quality,FullCapacity-seed17,10,JR-DUAL-r010-R12-g0340,False,1,True,1.0,60.0,1204766.032426266,1208402.552936319,3636.5205100530293,0.3018445417762549,2.0895020738244057,7.626694161444902,1.0,1.0,0.0,0.0,1.0,0.0,0.0,0.0,8.0,8.0,0.0,3636.5205100530293,1208402.552936319,2638.0165747040883,998.503935348941,JointRecovery（本文方法，JR；完整框架 STK 迁移）；seed17,"JointRecovery (JR, ours); seed17",PROPOSED_FULL_FRAMEWORK
test,quality,FullCapacity-seed17,10,JR-DUAL-r010-R12-g0680,False,1,True,1.0,60.0,997301.877515741,1000413.196392745,3111.3188770039706,0.3119736307680683,3.1652454398572445,8.332026936113834,1.0,1.0,0.0,0.0,1.0,0.0,0.0,0.0,8.0,8.0,0.0,3111.3188770039706,1000413.196392745,1689.2379566929303,1422.0809203110402,JointRecovery（本文方法，JR；完整框架 STK 迁移）；seed17,"JointRecovery (JR, ours); seed17",PROPOSED_FULL_FRAMEWORK
test,quality,FullCapacity-seed17,10,JR-DUAL-r010-R8-g0170,False,1,True,1.0,60.0,1063723.76085508,1067005.870427666,3282.109572585905,0.30854905130139837,3.980745930224657,8.4242809638381,1.0,1.0,0.0,0.0,1.0,0.0,0.0,0.0,8.0,8.0,0.0,3282.109572585905,1067005.870427666,1999.1203333488666,1282.9892392370384,JointRecovery（本文方法，JR；完整框架 STK 迁移）；seed17,"JointRecovery (JR, ours); seed17",PROPOSED_FULL_FRAMEWORK
test,quality,FullCapacity-seed17,10,JR-DUAL-r010-R8-g0340,False,1,True,1.0,60.0,961329.66255596,965900.661665852,4570.999109891942,0.4754871599133517,2.7548174522817135,6.966560449451208,1.0,1.0,0.0,0.0,1.0,0.0,0.0,0.0,8.0,8.0,0.0,4570.999109891942,965900.661665852,2815.9254813429434,1755.0736285489984,JointRecovery（本文方法，JR；完整框架 STK 迁移）；seed17,"JointRecovery (JR, ours); seed17",PROPOSED_FULL_FRAMEWORK
test,quality,FullCapacity-seed17,10,JR-DUAL-r010-R8-g0680,False,1,True,1.0,60.0,729720.170020981,731036.045048618,1315.8750276369974,0.18032597723030777,1.635406255722046,6.263310071080923,1.0,1.0,0.0,0.0,1.0,0.0,0.0,0.0,8.0,8.0,0.0,1315.8750276369974,731036.045048618,1249.4284307870548,66.44659684994258,JointRecovery（本文方法，JR；完整框架 STK 迁移）；seed17,"JointRecovery (JR, ours); seed17",PROPOSED_FULL_FRAMEWORK
test,quality,FullCapacity-seed17,11,JR-DUAL-r011-R12-g0170,False,1,True,1.0,60.0,1309710.108432145,1311148.438464307,1438.3300321619026,0.10982048797681866,4.582933180034161,9.871226377785206,1.0,1.0,0.0,0.0,1.0,0.0,0.0,0.0,8.0,8.0,0.0,1438.3300321619026,1311148.438464307,1187.9974463549443,250.33258580695838,JointRecovery（本文方法，JR；完整框架 STK 迁移）；seed17,"JointRecovery (JR, ours); seed17",PROPOSED_FULL_FRAMEWORK
test,quality,FullCapacity-seed17,11,JR-DUAL-r011-R12-g0340,False,1,True,1.0,60.0,1207263.813126226,1211168.326449476,3904.513323249994,0.32341840124729687,3.362512618303299,8.028621520847082,1.0,1.0,0.0,0.0,1.0,0.0,0.0,0.0,8.0,8.0,0.0,3904.513323249994,1211168.326449476,3230.222770435037,674.2905528149568,JointRecovery（本文方法，JR；完整框架 STK 迁移）；seed17,"JointRecovery (JR, ours); seed17",PROPOSED_FULL_FRAMEWORK
test,quality,FullCapacity-seed17,11,JR-DUAL-r011-R12-g0680,False,1,True,1.0,60.0,996565.623874682,998503.525917519,1937.9020428369986,0.19445804635547909,1.9727753959596157,7.115212086588144,1.0,1.0,0.0,0.0,1.0,0.0,0.0,0.0,8.0,8.0,0.0,1937.9020428369986,998503.525917519,1146.2667337020393,791.6353091349592,JointRecovery（本文方法，JR；完整框架 STK 迁移）；seed17,"JointRecovery (JR, ours); seed17",PROPOSED_FULL_FRAMEWORK
test,quality,FullCapacity-seed17,11,JR-DUAL-r011-R8-g0170,False,1,True,1.0,60.0,1065376.358638791,1069164.206413786,3787.8477749950252,0.35554081374911295,2.802089750766754,6.575648665428162,1.0,1.0,0.0,0.0,1.0,0.0,0.0,0.0,7.0,7.0,0.0,3787.8477749950252,1069164.206413786,2622.570562876994,1165.2772121180315,JointRecovery（本文方法，JR；完整框架 STK 迁移）；seed17,"JointRecovery (JR, ours); seed17",PROPOSED_FULL_FRAMEWORK
test,quality,FullCapacity-seed17,11,JR-DUAL-r011-R8-g0340,False,1,True,1.0,60.0,961749.203495802,964940.392041908,3191.1885461059865,0.33181088526057884,1.5685728453099728,5.42111849039793,1.0,1.0,0.0,0.0,1.0,0.0,0.0,0.0,8.0,8.0,0.0,3191.1885461059865,964940.392041908,2574.4641978610307,616.7243482449558,JointRecovery（本文方法，JR；完整框架 STK 迁移）；seed17,"JointRecovery (JR, ours); seed17",PROPOSED_FULL_FRAMEWORK
test,quality,FullCapacity-seed17,11,JR-DUAL-r011-R8-g0680,False,1,True,1.0,60.0,730874.623950481,731929.972561589,1055.3486111080274,0.14439530071569848,1.821451373398304,6.609756015241146,1.0,1.0,0.0,0.0,1.0,0.0,0.0,0.0,8.0,8.0,0.0,1055.3486111080274,731929.972561589,1055.3486111080274,0.0,JointRecovery（本文方法，JR；完整框架 STK 迁移）；seed17,"JointRecovery (JR, ours); seed17",PROPOSED_FULL_FRAMEWORK
test,quality,FullCapacity-seed29,8,JR-DUAL-r008-R12-g0170,False,1,True,1.0,60.0,1308539.931227763,1310601.940398075,2062.009170311969,0.1575809129781197,4.8228109665215015,9.3851835206151,1.0,1.0,0.0,0.0,1.0,0.0,0.0,0.0,8.0,8.0,0.0,2062.009170311969,1310601.940398075,1545.2884029019624,516.7207674100064,JointRecovery（本文方法，JR；完整框架 STK 迁移）；seed29,"JointRecovery (JR, ours); seed29",PROPOSED_FULL_FRAMEWORK
test,quality,FullCapacity-seed29,8,JR-DUAL-r008-R12-g0340,False,1,True,1.0,60.0,1206858.411921518,1210753.609808727,3895.1978872090112,0.32275516736111676,3.2675209790468216,8.084442112594843,1.0,1.0,0.0,0.0,1.0,0.0,0.0,0.0,8.0,8.0,0.0,3895.1978872090112,1210753.609808727,2293.9027097311337,1601.2951774778776,JointRecovery（本文方法，JR；完整框架 STK 迁移）；seed29,"JointRecovery (JR, ours); seed29",PROPOSED_FULL_FRAMEWORK
test,quality,FullCapacity-seed29,8,JR-DUAL-r008-R12-g0680,False,1,True,1.0,60.0,996252.482559234,998653.972644334,2401.49008509994,0.241052356419815,3.317312140017748,9.486531268805265,1.0,1.0,0.0,0.0,1.0,0.0,0.0,0.0,8.0,8.0,0.0,2401.49008509994,998653.972644334,1752.890491288039,648.5995938119013,JointRecovery（本文方法，JR；完整框架 STK 迁移）；seed29,"JointRecovery (JR, ours); seed29",PROPOSED_FULL_FRAMEWORK
test,quality,FullCapacity-seed29,8,JR-DUAL-r008-R8-g0170,False,1,True,1.0,60.0,1064212.05311729,1067758.36865486,3546.3155375700444,0.33323391961049276,4.060497187077999,7.867213346064091,1.0,1.0,0.0,0.0,1.0,0.0,0.0,0.0,8.0,8.0,0.0,3546.3155375700444,1067758.36865486,2186.9149603929836,1359.4005771770608,JointRecovery（本文方法，JR；完整框架 STK 迁移）；seed29,"JointRecovery (JR, ours); seed29",PROPOSED_FULL_FRAMEWORK
test,quality,FullCapacity-seed29,8,JR-DUAL-r008-R8-g0340,False,1,True,1.0,60.0,964674.094508257,967744.796548355,3070.7020400980255,0.318314968503774,2.839544765651226,6.814224265515804,1.0,1.0,0.0,0.0,1.0,0.0,0.0,0.0,8.0,8.0,0.0,3070.7020400980255,967744.796548355,2213.5059239330003,857.1961161650252,JointRecovery（本文方法，JR；完整框架 STK 迁移）；seed29,"JointRecovery (JR, ours); seed29",PROPOSED_FULL_FRAMEWORK
test,quality,FullCapacity-seed29,8,JR-DUAL-r008-R8-g0680,False,1,True,1.0,60.0,725058.74017615,727062.211266697,2003.471090547042,0.2763184524967325,2.6083873212337494,7.498090289533138,1.0,1.0,0.0,0.0,1.0,0.0,0.0,0.0,8.0,8.0,0.0,2003.471090547042,727062.211266697,1072.9688282109564,930.5022623360856,JointRecovery（本文方法，JR；完整框架 STK 迁移）；seed29,"JointRecovery (JR, ours); seed29",PROPOSED_FULL_FRAMEWORK
test,quality,FullCapacity-seed29,9,JR-DUAL-r009-R12-g0170,False,1,True,1.0,60.0,1303588.958822233,1305244.951142674,1655.9923204411753,0.12703331899476442,4.7551724426448345,10.130881864577532,1.0,1.0,0.0,0.0,1.0,0.0,0.0,0.0,8.0,8.0,0.0,1655.9923204411753,1305244.951142674,1480.9733000150882,175.01902042608708,JointRecovery（本文方法，JR；完整框架 STK 迁移）；seed29,"JointRecovery (JR, ours); seed29",PROPOSED_FULL_FRAMEWORK
test,quality,FullCapacity-seed29,9,JR-DUAL-r009-R12-g0340,False,1,True,1.0,60.0,1201896.359864861,1204184.639125805,2288.2792609441094,0.19038906659151536,4.602222368121147,9.024063486605883,1.0,1.0,0.0,0.0,1.0,0.0,0.0,0.0,8.0,8.0,0.0,2288.2792609441094,1204184.639125805,1088.1848472019192,1200.0944137421902,JointRecovery（本文方法，JR；完整框架 STK 迁移）；seed29,"JointRecovery (JR, ours); seed29",PROPOSED_FULL_FRAMEWORK
test,quality,FullCapacity-seed29,9,JR-DUAL-r009-R12-g0680,False,1,True,1.0,60.0,995328.900324943,996691.239721992,1362.3393970490433,0.136873288478239,4.259232517331839,9.321668237447739,1.0,1.0,0.0,0.0,1.0,0.0,0.0,0.0,8.0,8.0,0.0,1362.3393970490433,996691.239721992,1132.9280402449658,229.4113568040775,JointRecovery（本文方法，JR；完整框架 STK 迁移）；seed29,"JointRecovery (JR, ours); seed29",PROPOSED_FULL_FRAMEWORK
test,quality,FullCapacity-seed29,9,JR-DUAL-r009-R8-g0170,False,1,True,1.0,60.0,1069460.8401523,1072358.373683807,2897.5335315070115,0.270934046644885,2.8269142918288708,6.566290955990553,1.0,1.0,0.0,0.0,1.0,0.0,0.0,0.0,7.0,7.0,0.0,2897.5335315070115,1072358.373683807,1700.94802728598,1196.5855042210314,JointRecovery（本文方法，JR；完整框架 STK 迁移）；seed29,"JointRecovery (JR, ours); seed29",PROPOSED_FULL_FRAMEWORK
test,quality,FullCapacity-seed29,9,JR-DUAL-r009-R8-g0340,False,1,True,1.0,60.0,958942.247525348,962784.318409774,3842.070884426008,0.40065717141369867,2.9599075131118298,7.369798373430967,1.0,1.0,0.0,0.0,1.0,0.0,0.0,0.0,8.0,8.0,0.0,3842.070884426008,962784.318409774,2413.828959963983,1428.241924462025,JointRecovery（本文方法，JR；完整框架 STK 迁移）；seed29,"JointRecovery (JR, ours); seed29",PROPOSED_FULL_FRAMEWORK
test,quality,FullCapacity-seed29,9,JR-DUAL-r009-R8-g0680,False,1,True,1.0,60.0,727027.842792866,728717.263461693,1689.4206688269041,0.2323735859051864,3.7954929769039154,8.58681981638074,1.0,1.0,0.0,0.0,1.0,0.0,0.0,0.0,8.0,8.0,0.0,1689.4206688269041,728717.263461693,856.4749668039149,832.9457020229893,JointRecovery（本文方法，JR；完整框架 STK 迁移）；seed29,"JointRecovery (JR, ours); seed29",PROPOSED_FULL_FRAMEWORK
test,quality,FullCapacity-seed29,10,JR-DUAL-r010-R12-g0170,False,1,True,1.0,60.0,1304524.980145348,1306337.307063753,1812.326918405015,0.13892619505094403,4.601661764085293,9.296418882906437,1.0,1.0,0.0,0.0,1.0,0.0,0.0,0.0,8.0,8.0,0.0,1812.326918405015,1306337.307063753,1409.6677442491055,402.65917415590957,JointRecovery（本文方法，JR；完整框架 STK 迁移）；seed29,"JointRecovery (JR, ours); seed29",PROPOSED_FULL_FRAMEWORK
test,quality,FullCapacity-seed29,10,JR-DUAL-r010-R12-g0340,False,1,True,1.0,60.0,1204766.032426266,1208402.552936319,3636.5205100530293,0.3018445417762549,3.211750529706478,8.27847881987691,1.0,1.0,0.0,0.0,1.0,0.0,0.0,0.0,8.0,8.0,0.0,3636.5205100530293,1208402.552936319,2638.0165747040883,998.503935348941,JointRecovery（本文方法，JR；完整框架 STK 迁移）；seed29,"JointRecovery (JR, ours); seed29",PROPOSED_FULL_FRAMEWORK
test,quality,FullCapacity-seed29,10,JR-DUAL-r010-R12-g0680,False,1,True,1.0,60.0,997301.877515741,1000413.196392745,3111.3188770039706,0.3119736307680683,3.152439210563898,8.317159321159124,1.0,1.0,0.0,0.0,1.0,0.0,0.0,0.0,8.0,8.0,0.0,3111.3188770039706,1000413.196392745,1689.2379566929303,1422.0809203110402,JointRecovery（本文方法，JR；完整框架 STK 迁移）；seed29,"JointRecovery (JR, ours); seed29",PROPOSED_FULL_FRAMEWORK
test,quality,FullCapacity-seed29,10,JR-DUAL-r010-R8-g0170,False,1,True,1.0,60.0,1063723.76085508,1067005.870427666,3282.109572585905,0.30854905130139837,3.990484092384577,8.145184773951769,1.0,1.0,0.0,0.0,1.0,0.0,0.0,0.0,8.0,8.0,0.0,3282.109572585905,1067005.870427666,1999.1203333488666,1282.9892392370384,JointRecovery（本文方法，JR；完整框架 STK 迁移）；seed29,"JointRecovery (JR, ours); seed29",PROPOSED_FULL_FRAMEWORK
test,quality,FullCapacity-seed29,10,JR-DUAL-r010-R8-g0340,False,1,True,1.0,60.0,961329.66255596,965900.661665852,4570.999109891942,0.4754871599133517,2.743747267872095,7.270560812205076,1.0,1.0,0.0,0.0,1.0,0.0,0.0,0.0,8.0,8.0,0.0,4570.999109891942,965900.661665852,2815.9254813429434,1755.0736285489984,JointRecovery（本文方法，JR；完整框架 STK 迁移）；seed29,"JointRecovery (JR, ours); seed29",PROPOSED_FULL_FRAMEWORK
test,quality,FullCapacity-seed29,10,JR-DUAL-r010-R8-g0680,False,1,True,1.0,60.0,729720.170020981,731563.110028289,1842.9400073080324,0.2525543465867257,3.766742769628763,8.411914851516485,1.0,1.0,0.0,0.0,1.0,0.0,0.0,0.0,8.0,8.0,0.0,1842.9400073080324,731563.110028289,1249.4284307870548,593.5115765209775,JointRecovery（本文方法，JR；完整框架 STK 迁移）；seed29,"JointRecovery (JR, ours); seed29",PROPOSED_FULL_FRAMEWORK
test,quality,FullCapacity-seed29,11,JR-DUAL-r011-R12-g0170,False,1,True,1.0,60.0,1309710.108432145,1311148.438464307,1438.3300321619026,0.10982048797681866,4.6411950327456,9.069180354475975,1.0,1.0,0.0,0.0,1.0,0.0,0.0,0.0,8.0,8.0,0.0,1438.3300321619026,1311148.438464307,1187.9974463549443,250.33258580695838,JointRecovery（本文方法，JR；完整框架 STK 迁移）；seed29,"JointRecovery (JR, ours); seed29",PROPOSED_FULL_FRAMEWORK
test,quality,FullCapacity-seed29,11,JR-DUAL-r011-R12-g0340,False,1,True,1.0,60.0,1207263.813126226,1211168.326449476,3904.513323249994,0.32341840124729687,3.5725192427635193,8.821453306823969,1.0,1.0,0.0,0.0,1.0,0.0,0.0,0.0,8.0,8.0,0.0,3904.513323249994,1211168.326449476,3230.222770435037,674.2905528149568,JointRecovery（本文方法，JR；完整框架 STK 迁移）；seed29,"JointRecovery (JR, ours); seed29",PROPOSED_FULL_FRAMEWORK
test,quality,FullCapacity-seed29,11,JR-DUAL-r011-R12-g0680,False,1,True,1.0,60.0,996565.623874682,998503.525917519,1937.9020428369986,0.19445804635547909,3.058775145560503,8.381613228470087,1.0,1.0,0.0,0.0,1.0,0.0,0.0,0.0,8.0,8.0,0.0,1937.9020428369986,998503.525917519,1146.2667337020393,791.6353091349592,JointRecovery（本文方法，JR；完整框架 STK 迁移）；seed29,"JointRecovery (JR, ours); seed29",PROPOSED_FULL_FRAMEWORK
test,quality,FullCapacity-seed29,11,JR-DUAL-r011-R8-g0170,False,1,True,1.0,60.0,1065376.358638791,1069164.206413786,3787.8477749950252,0.35554081374911295,2.785391952842474,6.567767694592476,1.0,1.0,0.0,0.0,1.0,0.0,0.0,0.0,7.0,7.0,0.0,3787.8477749950252,1069164.206413786,2622.570562876994,1165.2772121180315,JointRecovery（本文方法，JR；完整框架 STK 迁移）；seed29,"JointRecovery (JR, ours); seed29",PROPOSED_FULL_FRAMEWORK
test,quality,FullCapacity-seed29,11,JR-DUAL-r011-R8-g0340,False,1,True,1.0,60.0,961749.203495802,964940.392041908,3191.1885461059865,0.33181088526057884,2.694340441375971,6.763876266777515,1.0,1.0,0.0,0.0,1.0,0.0,0.0,0.0,8.0,8.0,0.0,3191.1885461059865,964940.392041908,2574.4641978610307,616.7243482449558,JointRecovery（本文方法，JR；完整框架 STK 迁移）；seed29,"JointRecovery (JR, ours); seed29",PROPOSED_FULL_FRAMEWORK
test,quality,FullCapacity-seed29,11,JR-DUAL-r011-R8-g0680,False,1,True,1.0,60.0,730874.623950481,731929.972561589,1055.3486111080274,0.14439530071569848,3.7764614671468735,8.613543681800365,1.0,1.0,0.0,0.0,1.0,0.0,0.0,0.0,8.0,8.0,0.0,1055.3486111080274,731929.972561589,1055.3486111080274,0.0,JointRecovery（本文方法，JR；完整框架 STK 迁移）；seed29,"JointRecovery (JR, ours); seed29",PROPOSED_FULL_FRAMEWORK
test,quality,FullCheapSummary-mean17/29,8,JR-DUAL-r008-R12-g0170,False,2,True,2.0,60.0,1308539.931227763,1310601.940398075,2062.009170311969,0.1575809129781197,3.498021302744746,8.335137821733952,1.0,1.0,0.0,0.0,1.0,0.0,0.0,0.0,7.0,7.0,0.0,2062.009170311969,1310601.940398075,1545.2884029019624,516.7207674100064,JR-CheapSummary（简化表示消融）；两种子均值,JR-CheapSummary; 2-seed mean,SIMPLIFIED_REPRESENTATION_ABLATION
test,quality,FullCheapSummary-mean17/29,8,JR-DUAL-r008-R12-g0340,False,2,True,2.0,60.0,1206858.411921518,1210753.609808727,3895.1978872090112,0.32275516736111676,3.1717946100980043,7.964880185201764,1.0,1.0,0.0,0.0,1.0,0.0,0.0,0.0,8.0,8.0,0.0,3895.1978872090112,1210753.609808727,2293.9027097311337,1601.2951774778776,JR-CheapSummary（简化表示消融）；两种子均值,JR-CheapSummary; 2-seed mean,SIMPLIFIED_REPRESENTATION_ABLATION
test,quality,FullCheapSummary-mean17/29,8,JR-DUAL-r008-R12-g0680,False,2,True,2.0,60.0,996252.482559234,998653.972644334,2401.49008509994,0.241052356419815,3.001799313351512,8.11824712716043,1.0,1.0,0.0,0.0,1.0,0.0,0.0,0.0,8.0,8.0,0.0,2401.49008509994,998653.972644334,1752.890491288039,648.5995938119013,JR-CheapSummary（简化表示消融）；两种子均值,JR-CheapSummary; 2-seed mean,SIMPLIFIED_REPRESENTATION_ABLATION
test,quality,FullCheapSummary-mean17/29,8,JR-DUAL-r008-R8-g0170,False,2,True,2.0,60.0,1064212.05311729,1067750.4991761805,3538.4460588905495,0.3324944543266291,3.2978991251438856,7.124296352267265,1.0,1.0,0.0,0.0,1.0,0.0,0.0,0.0,7.5,7.5,0.0,3538.4460588905495,1067750.4991761805,2186.9149603929836,1351.5310984975658,JR-CheapSummary（简化表示消融）；两种子均值,JR-CheapSummary; 2-seed mean,SIMPLIFIED_REPRESENTATION_ABLATION
test,quality,FullCheapSummary-mean17/29,8,JR-DUAL-r008-R8-g0340,False,2,True,2.0,60.0,964674.094508257,967744.796548355,3070.7020400980255,0.318314968503774,3.2859646771103144,7.908440513536334,1.0,1.0,0.0,0.0,1.0,0.0,0.0,0.0,8.0,8.0,0.0,3070.7020400980255,967744.796548355,2213.5059239330003,857.1961161650252,JR-CheapSummary（简化表示消融）；两种子均值,JR-CheapSummary; 2-seed mean,SIMPLIFIED_REPRESENTATION_ABLATION
test,quality,FullCheapSummary-mean17/29,8,JR-DUAL-r008-R8-g0680,False,2,True,2.0,60.0,725058.74017615,727062.211266697,2003.471090547042,0.2763184524967325,3.114022072404623,7.9145461563020945,1.0,1.0,0.0,0.0,1.0,0.0,0.0,0.0,8.0,8.0,0.0,2003.471090547042,727062.211266697,1072.9688282109564,930.5022623360856,JR-CheapSummary（简化表示消融）；两种子均值,JR-CheapSummary; 2-seed mean,SIMPLIFIED_REPRESENTATION_ABLATION
test,quality,FullCheapSummary-mean17/29,9,JR-DUAL-r009-R12-g0170,False,2,True,2.0,60.0,1303588.958822233,1305244.951142674,1655.9923204411753,0.12703331899476442,3.5199918914586306,8.872738154605031,1.0,1.0,0.0,0.0,1.0,0.0,0.0,0.0,8.0,8.0,0.0,1655.9923204411753,1305244.951142674,1480.9733000150882,175.01902042608708,JR-CheapSummary（简化表示消融）；两种子均值,JR-CheapSummary; 2-seed mean,SIMPLIFIED_REPRESENTATION_ABLATION
test,quality,FullCheapSummary-mean17/29,9,JR-DUAL-r009-R12-g0340,False,2,True,2.0,60.0,1201896.359864861,1204184.639125805,2288.2792609441094,0.19038906659151536,3.7939985785633326,8.679901396855712,1.0,1.0,0.0,0.0,1.0,0.0,0.0,0.0,7.5,7.5,0.0,2288.2792609441094,1204184.639125805,1088.1848472019192,1200.0944137421902,JR-CheapSummary（简化表示消融）；两种子均值,JR-CheapSummary; 2-seed mean,SIMPLIFIED_REPRESENTATION_ABLATION
test,quality,FullCheapSummary-mean17/29,9,JR-DUAL-r009-R12-g0680,False,2,True,2.0,60.0,995328.900324943,996691.239721992,1362.3393970490433,0.136873288478239,3.5941630583256483,8.916265135630965,1.0,1.0,0.0,0.0,1.0,0.0,0.0,0.0,8.0,8.0,0.0,1362.3393970490433,996691.239721992,1132.9280402449658,229.4113568040775,JR-CheapSummary（简化表示消融）；两种子均值,JR-CheapSummary; 2-seed mean,SIMPLIFIED_REPRESENTATION_ABLATION
test,quality,FullCheapSummary-mean17/29,9,JR-DUAL-r009-R8-g0170,False,2,True,2.0,60.0,1069460.8401523,1072358.373683807,2897.5335315070115,0.270934046644885,2.6971729695796967,7.071973057463765,1.0,1.0,0.0,0.0,1.0,0.0,0.0,0.0,7.0,7.0,0.0,2897.5335315070115,1072358.373683807,1700.94802728598,1196.5855042210314,JR-CheapSummary（简化表示消融）；两种子均值,JR-CheapSummary; 2-seed mean,SIMPLIFIED_REPRESENTATION_ABLATION
test,quality,FullCheapSummary-mean17/29,9,JR-DUAL-r009-R8-g0340,False,2,True,2.0,60.0,958942.247525348,962784.318409774,3842.070884426008,0.40065717141369867,2.7928906437009573,7.428071657195687,1.0,1.0,0.0,0.0,1.0,0.0,0.0,0.0,8.0,8.0,0.0,3842.070884426008,962784.318409774,2413.828959963983,1428.241924462025,JR-CheapSummary（简化表示消融）；两种子均值,JR-CheapSummary; 2-seed mean,SIMPLIFIED_REPRESENTATION_ABLATION
test,quality,FullCheapSummary-mean17/29,9,JR-DUAL-r009-R8-g0680,False,2,True,2.0,60.0,727027.842792866,728717.263461693,1689.4206688269041,0.2323735859051864,2.5114330146461725,6.957527965307236,1.0,1.0,0.0,0.0,1.0,0.0,0.0,0.0,8.0,8.0,0.0,1689.4206688269041,728717.263461693,856.4749668039149,832.9457020229893,JR-CheapSummary（简化表示消融）；两种子均值,JR-CheapSummary; 2-seed mean,SIMPLIFIED_REPRESENTATION_ABLATION
test,quality,FullCheapSummary-mean17/29,10,JR-DUAL-r010-R12-g0170,False,2,True,2.0,60.0,1304524.980145348,1306337.307063753,1812.326918405015,0.13892619505094403,3.9693936370313168,9.146816363558173,1.0,1.0,0.0,0.0,1.0,0.0,0.0,0.0,8.0,8.0,0.0,1812.326918405015,1306337.307063753,1409.6677442491055,402.65917415590957,JR-CheapSummary（简化表示消融）；两种子均值,JR-CheapSummary; 2-seed mean,SIMPLIFIED_REPRESENTATION_ABLATION
test,quality,FullCheapSummary-mean17/29,10,JR-DUAL-r010-R12-g0340,False,2,True,2.0,60.0,1204766.032426266,1208402.552936319,3636.5205100530293,0.3018445417762549,2.5283701177686453,7.222087845206261,1.0,1.0,0.0,0.0,1.0,0.0,0.0,0.0,8.0,8.0,0.0,3636.5205100530293,1208402.552936319,2638.0165747040883,998.503935348941,JR-CheapSummary（简化表示消融）；两种子均值,JR-CheapSummary; 2-seed mean,SIMPLIFIED_REPRESENTATION_ABLATION
test,quality,FullCheapSummary-mean17/29,10,JR-DUAL-r010-R12-g0680,False,2,True,2.0,60.0,997301.877515741,1000413.196392745,3111.3188770039706,0.3119736307680683,3.0087464302778244,8.733798433095217,1.0,1.0,0.0,0.0,1.0,0.0,0.0,0.0,8.0,8.0,0.0,3111.3188770039706,1000413.196392745,1689.2379566929303,1422.0809203110402,JR-CheapSummary（简化表示消融）；两种子均值,JR-CheapSummary; 2-seed mean,SIMPLIFIED_REPRESENTATION_ABLATION
test,quality,FullCheapSummary-mean17/29,10,JR-DUAL-r010-R8-g0170,False,2,True,2.0,60.0,1063723.76085508,1067005.870427666,3282.109572585905,0.30854905130139837,3.914129078388214,7.850832279771566,1.0,1.0,0.0,0.0,1.0,0.0,0.0,0.0,8.0,8.0,0.0,3282.109572585905,1067005.870427666,1999.1203333488666,1282.9892392370384,JR-CheapSummary（简化表示消融）；两种子均值,JR-CheapSummary; 2-seed mean,SIMPLIFIED_REPRESENTATION_ABLATION
test,quality,FullCheapSummary-mean17/29,10,JR-DUAL-r010-R8-g0340,False,2,True,2.0,60.0,961329.66255596,965900.661665852,4570.999109891942,0.4754871599133517,2.6758518498390913,7.039527609944344,1.0,1.0,0.0,0.0,1.0,0.0,0.0,0.0,8.0,8.0,0.0,4570.999109891942,965900.661665852,2815.9254813429434,1755.0736285489984,JR-CheapSummary（简化表示消融）；两种子均值,JR-CheapSummary; 2-seed mean,SIMPLIFIED_REPRESENTATION_ABLATION
test,quality,FullCheapSummary-mean17/29,10,JR-DUAL-r010-R8-g0680,False,2,True,2.0,60.0,729720.170020981,731036.045048618,1315.8750276369974,0.18032597723030777,2.473033268004656,7.3342504650354385,1.0,1.0,0.0,0.0,1.0,0.0,0.0,0.0,8.0,8.0,0.0,1315.8750276369974,731036.045048618,1249.4284307870548,66.44659684994258,JR-CheapSummary（简化表示消融）；两种子均值,JR-CheapSummary; 2-seed mean,SIMPLIFIED_REPRESENTATION_ABLATION
test,quality,FullCheapSummary-mean17/29,11,JR-DUAL-r011-R12-g0170,False,2,True,2.0,60.0,1309710.108432145,1311148.438464307,1438.3300321619026,0.10982048797681866,4.502696707844734,9.465443905442953,1.0,1.0,0.0,0.0,1.0,0.0,0.0,0.0,8.0,8.0,0.0,1438.3300321619026,1311148.438464307,1187.9974463549443,250.33258580695838,JR-CheapSummary（简化表示消融）；两种子均值,JR-CheapSummary; 2-seed mean,SIMPLIFIED_REPRESENTATION_ABLATION
test,quality,FullCheapSummary-mean17/29,11,JR-DUAL-r011-R12-g0340,False,2,True,2.0,60.0,1207263.813126226,1211168.326449476,3904.513323249994,0.32341840124729687,3.3709410037845373,8.254955507814884,1.0,1.0,0.0,0.0,1.0,0.0,0.0,0.0,8.0,8.0,0.0,3904.513323249994,1211168.326449476,3230.222770435037,674.2905528149568,JR-CheapSummary（简化表示消融）；两种子均值,JR-CheapSummary; 2-seed mean,SIMPLIFIED_REPRESENTATION_ABLATION
test,quality,FullCheapSummary-mean17/29,11,JR-DUAL-r011-R12-g0680,False,2,True,2.0,60.0,996565.623874682,998503.525917519,1937.9020428369986,0.19445804635547909,2.4244112968444824,7.2669415678828955,1.0,1.0,0.0,0.0,1.0,0.0,0.0,0.0,8.0,8.0,0.0,1937.9020428369986,998503.525917519,1146.2667337020393,791.6353091349592,JR-CheapSummary（简化表示消融）；两种子均值,JR-CheapSummary; 2-seed mean,SIMPLIFIED_REPRESENTATION_ABLATION
test,quality,FullCheapSummary-mean17/29,11,JR-DUAL-r011-R8-g0170,False,2,True,2.0,60.0,1065376.358638791,1069164.206413786,3787.8477749950252,0.35554081374911295,2.706372458487749,7.055863108485937,1.0,1.0,0.0,0.0,1.0,0.0,0.0,0.0,7.0,7.0,0.0,3787.8477749950252,1069164.206413786,2622.570562876994,1165.2772121180315,JR-CheapSummary（简化表示消融）；两种子均值,JR-CheapSummary; 2-seed mean,SIMPLIFIED_REPRESENTATION_ABLATION
test,quality,FullCheapSummary-mean17/29,11,JR-DUAL-r011-R8-g0340,False,2,True,2.0,60.0,961749.203495802,964940.392041908,3191.1885461059865,0.33181088526057884,2.0247977171093225,6.582946753129363,1.0,1.0,0.0,0.0,1.0,0.0,0.0,0.0,8.0,8.0,0.0,3191.1885461059865,964940.392041908,2574.4641978610307,616.7243482449558,JR-CheapSummary（简化表示消融）；两种子均值,JR-CheapSummary; 2-seed mean,SIMPLIFIED_REPRESENTATION_ABLATION
test,quality,FullCheapSummary-mean17/29,11,JR-DUAL-r011-R8-g0680,False,2,True,2.0,60.0,730874.623950481,731929.972561589,1055.3486111080274,0.14439530071569848,2.596047645434737,7.230003133416176,1.0,1.0,0.0,0.0,1.0,0.0,0.0,0.0,8.0,8.0,0.0,1055.3486111080274,731929.972561589,1055.3486111080274,0.0,JR-CheapSummary（简化表示消融）；两种子均值,JR-CheapSummary; 2-seed mean,SIMPLIFIED_REPRESENTATION_ABLATION
test,quality,FullCheapSummary-seed17,8,JR-DUAL-r008-R12-g0170,False,1,True,1.0,60.0,1308539.931227763,1310601.940398075,2062.009170311969,0.1575809129781197,3.4339789785444736,8.68171713873744,1.0,1.0,0.0,0.0,1.0,0.0,0.0,0.0,7.0,7.0,0.0,2062.009170311969,1310601.940398075,1545.2884029019624,516.7207674100064,JR-CheapSummary（简化表示消融）；seed17,JR-CheapSummary; seed17,SIMPLIFIED_REPRESENTATION_ABLATION
test,quality,FullCheapSummary-seed17,8,JR-DUAL-r008-R12-g0340,False,1,True,1.0,60.0,1206858.411921518,1210753.609808727,3895.1978872090112,0.32275516736111676,3.1212596967816353,8.266272474080324,1.0,1.0,0.0,0.0,1.0,0.0,0.0,0.0,8.0,8.0,0.0,3895.1978872090112,1210753.609808727,2293.9027097311337,1601.2951774778776,JR-CheapSummary（简化表示消融）；seed17,JR-CheapSummary; seed17,SIMPLIFIED_REPRESENTATION_ABLATION
test,quality,FullCheapSummary-seed17,8,JR-DUAL-r008-R12-g0680,False,1,True,1.0,60.0,996252.482559234,998653.972644334,2401.49008509994,0.241052356419815,2.99529130756855,7.812142349779606,1.0,1.0,0.0,0.0,1.0,0.0,0.0,0.0,8.0,8.0,0.0,2401.49008509994,998653.972644334,1752.890491288039,648.5995938119013,JR-CheapSummary（简化表示消融）；seed17,JR-CheapSummary; seed17,SIMPLIFIED_REPRESENTATION_ABLATION
test,quality,FullCheapSummary-seed17,8,JR-DUAL-r008-R8-g0170,False,1,True,1.0,60.0,1064212.05311729,1067758.36865486,3546.3155375700444,0.33323391961049276,3.9098530635237694,7.725613001734018,1.0,1.0,0.0,0.0,1.0,0.0,0.0,0.0,8.0,8.0,0.0,3546.3155375700444,1067758.36865486,2186.9149603929836,1359.4005771770608,JR-CheapSummary（简化表示消融）；seed17,JR-CheapSummary; seed17,SIMPLIFIED_REPRESENTATION_ABLATION
test,quality,FullCheapSummary-seed17,8,JR-DUAL-r008-R8-g0340,False,1,True,1.0,60.0,964674.094508257,967744.796548355,3070.7020400980255,0.318314968503774,3.8404392637312412,8.4634989798069,1.0,1.0,0.0,0.0,1.0,0.0,0.0,0.0,8.0,8.0,0.0,3070.7020400980255,967744.796548355,2213.5059239330003,857.1961161650252,JR-CheapSummary（简化表示消融）；seed17,JR-CheapSummary; seed17,SIMPLIFIED_REPRESENTATION_ABLATION
test,quality,FullCheapSummary-seed17,8,JR-DUAL-r008-R8-g0680,False,1,True,1.0,60.0,725058.74017615,727062.211266697,2003.471090547042,0.2763184524967325,3.6816857494413853,8.466664928942919,1.0,1.0,0.0,0.0,1.0,0.0,0.0,0.0,8.0,8.0,0.0,2003.471090547042,727062.211266697,1072.9688282109564,930.5022623360856,JR-CheapSummary（简化表示消融）；seed17,JR-CheapSummary; seed17,SIMPLIFIED_REPRESENTATION_ABLATION
test,quality,FullCheapSummary-seed17,9,JR-DUAL-r009-R12-g0170,False,1,True,1.0,60.0,1303588.958822233,1305244.951142674,1655.9923204411753,0.12703331899476442,3.6348460130393505,9.62286338582635,1.0,1.0,0.0,0.0,1.0,0.0,0.0,0.0,8.0,8.0,0.0,1655.9923204411753,1305244.951142674,1480.9733000150882,175.01902042608708,JR-CheapSummary（简化表示消融）；seed17,JR-CheapSummary; seed17,SIMPLIFIED_REPRESENTATION_ABLATION
test,quality,FullCheapSummary-seed17,9,JR-DUAL-r009-R12-g0340,False,1,True,1.0,60.0,1201896.359864861,1204184.639125805,2288.2792609441094,0.19038906659151536,3.2236975766718388,7.926393125206232,1.0,1.0,0.0,0.0,1.0,0.0,0.0,0.0,7.0,7.0,0.0,2288.2792609441094,1204184.639125805,1088.1848472019192,1200.0944137421902,JR-CheapSummary（简化表示消融）；seed17,JR-CheapSummary; seed17,SIMPLIFIED_REPRESENTATION_ABLATION
test,quality,FullCheapSummary-seed17,9,JR-DUAL-r009-R12-g0680,False,1,True,1.0,60.0,995328.900324943,996691.239721992,1362.3393970490433,0.136873288478239,4.195898957550526,9.223429076373577,1.0,1.0,0.0,0.0,1.0,0.0,0.0,0.0,8.0,8.0,0.0,1362.3393970490433,996691.239721992,1132.9280402449658,229.4113568040775,JR-CheapSummary（简化表示消融）；seed17,JR-CheapSummary; seed17,SIMPLIFIED_REPRESENTATION_ABLATION
test,quality,FullCheapSummary-seed17,9,JR-DUAL-r009-R8-g0170,False,1,True,1.0,60.0,1069460.8401523,1072358.373683807,2897.5335315070115,0.270934046644885,2.7049687802791595,7.3293150290846825,1.0,1.0,0.0,0.0,1.0,0.0,0.0,0.0,7.0,7.0,0.0,2897.5335315070115,1072358.373683807,1700.94802728598,1196.5855042210314,JR-CheapSummary（简化表示消融）；seed17,JR-CheapSummary; seed17,SIMPLIFIED_REPRESENTATION_ABLATION
test,quality,FullCheapSummary-seed17,9,JR-DUAL-r009-R8-g0340,False,1,True,1.0,60.0,958942.247525348,962784.318409774,3842.070884426008,0.40065717141369867,2.894372895359993,7.292878858745098,1.0,1.0,0.0,0.0,1.0,0.0,0.0,0.0,8.0,8.0,0.0,3842.070884426008,962784.318409774,2413.828959963983,1428.241924462025,JR-CheapSummary（简化表示消融）；seed17,JR-CheapSummary; seed17,SIMPLIFIED_REPRESENTATION_ABLATION
test,quality,FullCheapSummary-seed17,9,JR-DUAL-r009-R8-g0680,False,1,True,1.0,60.0,727027.842792866,728717.263461693,1689.4206688269041,0.2323735859051864,2.527401842176914,6.658940602093935,1.0,1.0,0.0,0.0,1.0,0.0,0.0,0.0,8.0,8.0,0.0,1689.4206688269041,728717.263461693,856.4749668039149,832.9457020229893,JR-CheapSummary（简化表示消融）；seed17,JR-CheapSummary; seed17,SIMPLIFIED_REPRESENTATION_ABLATION
test,quality,FullCheapSummary-seed17,10,JR-DUAL-r010-R12-g0170,False,1,True,1.0,60.0,1304524.980145348,1306337.307063753,1812.326918405015,0.13892619505094403,4.450126383453608,9.520263005048037,1.0,1.0,0.0,0.0,1.0,0.0,0.0,0.0,8.0,8.0,0.0,1812.326918405015,1306337.307063753,1409.6677442491055,402.65917415590957,JR-CheapSummary（简化表示消融）；seed17,JR-CheapSummary; seed17,SIMPLIFIED_REPRESENTATION_ABLATION
test,quality,FullCheapSummary-seed17,10,JR-DUAL-r010-R12-g0340,False,1,True,1.0,60.0,1204766.032426266,1208402.552936319,3636.5205100530293,0.3018445417762549,3.1018057987093925,7.379790555685759,1.0,1.0,0.0,0.0,1.0,0.0,0.0,0.0,8.0,8.0,0.0,3636.5205100530293,1208402.552936319,2638.0165747040883,998.503935348941,JR-CheapSummary（简化表示消融）；seed17,JR-CheapSummary; seed17,SIMPLIFIED_REPRESENTATION_ABLATION
test,quality,FullCheapSummary-seed17,10,JR-DUAL-r010-R12-g0680,False,1,True,1.0,60.0,997301.877515741,1000413.196392745,3111.3188770039706,0.3119736307680683,3.002544444054365,9.264575075358152,1.0,1.0,0.0,0.0,1.0,0.0,0.0,0.0,8.0,8.0,0.0,3111.3188770039706,1000413.196392745,1689.2379566929303,1422.0809203110402,JR-CheapSummary（简化表示消融）；seed17,JR-CheapSummary; seed17,SIMPLIFIED_REPRESENTATION_ABLATION
test,quality,FullCheapSummary-seed17,10,JR-DUAL-r010-R8-g0170,False,1,True,1.0,60.0,1063723.76085508,1067005.870427666,3282.109572585905,0.30854905130139837,3.9168230928480625,7.9324186854064465,1.0,1.0,0.0,0.0,1.0,0.0,0.0,0.0,8.0,8.0,0.0,3282.109572585905,1067005.870427666,1999.1203333488666,1282.9892392370384,JR-CheapSummary（简化表示消融）；seed17,JR-CheapSummary; seed17,SIMPLIFIED_REPRESENTATION_ABLATION
test,quality,FullCheapSummary-seed17,10,JR-DUAL-r010-R8-g0340,False,1,True,1.0,60.0,961329.66255596,965900.661665852,4570.999109891942,0.4754871599133517,2.6918286569416523,7.219519127160311,1.0,1.0,0.0,0.0,1.0,0.0,0.0,0.0,8.0,8.0,0.0,4570.999109891942,965900.661665852,2815.9254813429434,1755.0736285489984,JR-CheapSummary（简化表示消融）；seed17,JR-CheapSummary; seed17,SIMPLIFIED_REPRESENTATION_ABLATION
test,quality,FullCheapSummary-seed17,10,JR-DUAL-r010-R8-g0680,False,1,True,1.0,60.0,729720.170020981,731036.045048618,1315.8750276369974,0.18032597723030777,2.479327466338873,7.757760483771563,1.0,1.0,0.0,0.0,1.0,0.0,0.0,0.0,8.0,8.0,0.0,1315.8750276369974,731036.045048618,1249.4284307870548,66.44659684994258,JR-CheapSummary（简化表示消融）；seed17,JR-CheapSummary; seed17,SIMPLIFIED_REPRESENTATION_ABLATION
test,quality,FullCheapSummary-seed17,11,JR-DUAL-r011-R12-g0170,False,1,True,1.0,60.0,1309710.108432145,1311148.438464307,1438.3300321619026,0.10982048797681866,4.502274360507727,9.295912116765976,1.0,1.0,0.0,0.0,1.0,0.0,0.0,0.0,8.0,8.0,0.0,1438.3300321619026,1311148.438464307,1187.9974463549443,250.33258580695838,JR-CheapSummary（简化表示消融）；seed17,JR-CheapSummary; seed17,SIMPLIFIED_REPRESENTATION_ABLATION
test,quality,FullCheapSummary-seed17,11,JR-DUAL-r011-R12-g0340,False,1,True,1.0,60.0,1207263.813126226,1211168.326449476,3904.513323249994,0.32341840124729687,3.2279052548110485,8.375687386840582,1.0,1.0,0.0,0.0,1.0,0.0,0.0,0.0,8.0,8.0,0.0,3904.513323249994,1211168.326449476,3230.222770435037,674.2905528149568,JR-CheapSummary（简化表示消融）；seed17,JR-CheapSummary; seed17,SIMPLIFIED_REPRESENTATION_ABLATION
test,quality,FullCheapSummary-seed17,11,JR-DUAL-r011-R12-g0680,False,1,True,1.0,60.0,996565.623874682,998503.525917519,1937.9020428369986,0.19445804635547909,2.985697217285633,8.208449576050043,1.0,1.0,0.0,0.0,1.0,0.0,0.0,0.0,8.0,8.0,0.0,1937.9020428369986,998503.525917519,1146.2667337020393,791.6353091349592,JR-CheapSummary（简化表示消融）；seed17,JR-CheapSummary; seed17,SIMPLIFIED_REPRESENTATION_ABLATION
test,quality,FullCheapSummary-seed17,11,JR-DUAL-r011-R8-g0170,False,1,True,1.0,60.0,1065376.358638791,1069164.206413786,3787.8477749950252,0.35554081374911295,2.6973892599344254,7.36749129742384,1.0,1.0,0.0,0.0,1.0,0.0,0.0,0.0,7.0,7.0,0.0,3787.8477749950252,1069164.206413786,2622.570562876994,1165.2772121180315,JR-CheapSummary（简化表示消融）；seed17,JR-CheapSummary; seed17,SIMPLIFIED_REPRESENTATION_ABLATION
test,quality,FullCheapSummary-seed17,11,JR-DUAL-r011-R8-g0340,False,1,True,1.0,60.0,961749.203495802,964940.392041908,3191.1885461059865,0.33181088526057884,2.6007748767733574,7.154661890119314,1.0,1.0,0.0,0.0,1.0,0.0,0.0,0.0,8.0,8.0,0.0,3191.1885461059865,964940.392041908,2574.4641978610307,616.7243482449558,JR-CheapSummary（简化表示消融）；seed17,JR-CheapSummary; seed17,SIMPLIFIED_REPRESENTATION_ABLATION
test,quality,FullCheapSummary-seed17,11,JR-DUAL-r011-R8-g0680,False,1,True,1.0,60.0,730874.623950481,731929.972561589,1055.3486111080274,0.14439530071569848,2.519499972462654,7.157846536487341,1.0,1.0,0.0,0.0,1.0,0.0,0.0,0.0,8.0,8.0,0.0,1055.3486111080274,731929.972561589,1055.3486111080274,0.0,JR-CheapSummary（简化表示消融）；seed17,JR-CheapSummary; seed17,SIMPLIFIED_REPRESENTATION_ABLATION
test,quality,FullCheapSummary-seed29,8,JR-DUAL-r008-R12-g0170,False,1,True,1.0,60.0,1308539.931227763,1310601.940398075,2062.009170311969,0.1575809129781197,3.5620636269450188,7.988558504730463,1.0,1.0,0.0,0.0,1.0,0.0,0.0,0.0,7.0,7.0,0.0,2062.009170311969,1310601.940398075,1545.2884029019624,516.7207674100064,JR-CheapSummary（简化表示消融）；seed29,JR-CheapSummary; seed29,SIMPLIFIED_REPRESENTATION_ABLATION
test,quality,FullCheapSummary-seed29,8,JR-DUAL-r008-R12-g0340,False,1,True,1.0,60.0,1206858.411921518,1210753.609808727,3895.1978872090112,0.32275516736111676,3.2223295234143734,7.663487896323204,1.0,1.0,0.0,0.0,1.0,0.0,0.0,0.0,8.0,8.0,0.0,3895.1978872090112,1210753.609808727,2293.9027097311337,1601.2951774778776,JR-CheapSummary（简化表示消融）；seed29,JR-CheapSummary; seed29,SIMPLIFIED_REPRESENTATION_ABLATION
test,quality,FullCheapSummary-seed29,8,JR-DUAL-r008-R12-g0680,False,1,True,1.0,60.0,996252.482559234,998653.972644334,2401.49008509994,0.241052356419815,3.008307319134474,8.424351904541254,1.0,1.0,0.0,0.0,1.0,0.0,0.0,0.0,8.0,8.0,0.0,2401.49008509994,998653.972644334,1752.890491288039,648.5995938119013,JR-CheapSummary（简化表示消融）；seed29,JR-CheapSummary; seed29,SIMPLIFIED_REPRESENTATION_ABLATION
test,quality,FullCheapSummary-seed29,8,JR-DUAL-r008-R8-g0170,False,1,True,1.0,60.0,1064212.05311729,1067742.629697501,3530.5765802110545,0.33175498904276546,2.685945186764002,6.522979702800512,1.0,1.0,0.0,0.0,1.0,0.0,0.0,0.0,7.0,7.0,0.0,3530.5765802110545,1067742.629697501,2186.9149603929836,1343.661619818071,JR-CheapSummary（简化表示消融）；seed29,JR-CheapSummary; seed29,SIMPLIFIED_REPRESENTATION_ABLATION
test,quality,FullCheapSummary-seed29,8,JR-DUAL-r008-R8-g0340,False,1,True,1.0,60.0,964674.094508257,967744.796548355,3070.7020400980255,0.318314968503774,2.7314900904893875,7.353382047265768,1.0,1.0,0.0,0.0,1.0,0.0,0.0,0.0,8.0,8.0,0.0,3070.7020400980255,967744.796548355,2213.5059239330003,857.1961161650252,JR-CheapSummary（简化表示消融）；seed29,JR-CheapSummary; seed29,SIMPLIFIED_REPRESENTATION_ABLATION
test,quality,FullCheapSummary-seed29,8,JR-DUAL-r008-R8-g0680,False,1,True,1.0,60.0,725058.74017615,727062.211266697,2003.471090547042,0.2763184524967325,2.546358395367861,7.36242738366127,1.0,1.0,0.0,0.0,1.0,0.0,0.0,0.0,8.0,8.0,0.0,2003.471090547042,727062.211266697,1072.9688282109564,930.5022623360856,JR-CheapSummary（简化表示消融）；seed29,JR-CheapSummary; seed29,SIMPLIFIED_REPRESENTATION_ABLATION
test,quality,FullCheapSummary-seed29,9,JR-DUAL-r009-R12-g0170,False,1,True,1.0,60.0,1303588.958822233,1305244.951142674,1655.9923204411753,0.12703331899476442,3.4051377698779106,8.122612923383713,1.0,1.0,0.0,0.0,1.0,0.0,0.0,0.0,8.0,8.0,0.0,1655.9923204411753,1305244.951142674,1480.9733000150882,175.01902042608708,JR-CheapSummary（简化表示消融）；seed29,JR-CheapSummary; seed29,SIMPLIFIED_REPRESENTATION_ABLATION
test,quality,FullCheapSummary-seed29,9,JR-DUAL-r009-R12-g0340,False,1,True,1.0,60.0,1201896.359864861,1204184.639125805,2288.2792609441094,0.19038906659151536,4.364299580454826,9.433409668505192,1.0,1.0,0.0,0.0,1.0,0.0,0.0,0.0,8.0,8.0,0.0,2288.2792609441094,1204184.639125805,1088.1848472019192,1200.0944137421902,JR-CheapSummary（简化表示消融）；seed29,JR-CheapSummary; seed29,SIMPLIFIED_REPRESENTATION_ABLATION
test,quality,FullCheapSummary-seed29,9,JR-DUAL-r009-R12-g0680,False,1,True,1.0,60.0,995328.900324943,996691.239721992,1362.3393970490433,0.136873288478239,2.992427159100771,8.609101194888353,1.0,1.0,0.0,0.0,1.0,0.0,0.0,0.0,8.0,8.0,0.0,1362.3393970490433,996691.239721992,1132.9280402449658,229.4113568040775,JR-CheapSummary（简化表示消融）；seed29,JR-CheapSummary; seed29,SIMPLIFIED_REPRESENTATION_ABLATION
test,quality,FullCheapSummary-seed29,9,JR-DUAL-r009-R8-g0170,False,1,True,1.0,60.0,1069460.8401523,1072358.373683807,2897.5335315070115,0.270934046644885,2.6893771588802338,6.814631085842848,1.0,1.0,0.0,0.0,1.0,0.0,0.0,0.0,7.0,7.0,0.0,2897.5335315070115,1072358.373683807,1700.94802728598,1196.5855042210314,JR-CheapSummary（简化表示消融）；seed29,JR-CheapSummary; seed29,SIMPLIFIED_REPRESENTATION_ABLATION
test,quality,FullCheapSummary-seed29,9,JR-DUAL-r009-R8-g0340,False,1,True,1.0,60.0,958942.247525348,962784.318409774,3842.070884426008,0.40065717141369867,2.6914083920419216,7.5632644556462765,1.0,1.0,0.0,0.0,1.0,0.0,0.0,0.0,8.0,8.0,0.0,3842.070884426008,962784.318409774,2413.828959963983,1428.241924462025,JR-CheapSummary（简化表示消融）；seed29,JR-CheapSummary; seed29,SIMPLIFIED_REPRESENTATION_ABLATION
test,quality,FullCheapSummary-seed29,9,JR-DUAL-r009-R8-g0680,False,1,True,1.0,60.0,727027.842792866,728717.263461693,1689.4206688269041,0.2323735859051864,2.495464187115431,7.256115328520536,1.0,1.0,0.0,0.0,1.0,0.0,0.0,0.0,8.0,8.0,0.0,1689.4206688269041,728717.263461693,856.4749668039149,832.9457020229893,JR-CheapSummary（简化表示消融）；seed29,JR-CheapSummary; seed29,SIMPLIFIED_REPRESENTATION_ABLATION
test,quality,FullCheapSummary-seed29,10,JR-DUAL-r010-R12-g0170,False,1,True,1.0,60.0,1304524.980145348,1306337.307063753,1812.326918405015,0.13892619505094403,3.488660890609026,8.77336972206831,1.0,1.0,0.0,0.0,1.0,0.0,0.0,0.0,8.0,8.0,0.0,1812.326918405015,1306337.307063753,1409.6677442491055,402.65917415590957,JR-CheapSummary（简化表示消融）；seed29,JR-CheapSummary; seed29,SIMPLIFIED_REPRESENTATION_ABLATION
test,quality,FullCheapSummary-seed29,10,JR-DUAL-r010-R12-g0340,False,1,True,1.0,60.0,1204766.032426266,1208402.552936319,3636.5205100530293,0.3018445417762549,1.954934436827898,7.064385134726763,1.0,1.0,0.0,0.0,1.0,0.0,0.0,0.0,8.0,8.0,0.0,3636.5205100530293,1208402.552936319,2638.0165747040883,998.503935348941,JR-CheapSummary（简化表示消融）；seed29,JR-CheapSummary; seed29,SIMPLIFIED_REPRESENTATION_ABLATION
test,quality,FullCheapSummary-seed29,10,JR-DUAL-r010-R12-g0680,False,1,True,1.0,60.0,997301.877515741,1000413.196392745,3111.3188770039706,0.3119736307680683,3.0149484165012836,8.203021790832281,1.0,1.0,0.0,0.0,1.0,0.0,0.0,0.0,8.0,8.0,0.0,3111.3188770039706,1000413.196392745,1689.2379566929303,1422.0809203110402,JR-CheapSummary（简化表示消融）；seed29,JR-CheapSummary; seed29,SIMPLIFIED_REPRESENTATION_ABLATION
test,quality,FullCheapSummary-seed29,10,JR-DUAL-r010-R8-g0170,False,1,True,1.0,60.0,1063723.76085508,1067005.870427666,3282.109572585905,0.30854905130139837,3.9114350639283657,7.769245874136686,1.0,1.0,0.0,0.0,1.0,0.0,0.0,0.0,8.0,8.0,0.0,3282.109572585905,1067005.870427666,1999.1203333488666,1282.9892392370384,JR-CheapSummary（简化表示消融）；seed29,JR-CheapSummary; seed29,SIMPLIFIED_REPRESENTATION_ABLATION
test,quality,FullCheapSummary-seed29,10,JR-DUAL-r010-R8-g0340,False,1,True,1.0,60.0,961329.66255596,965900.661665852,4570.999109891942,0.4754871599133517,2.6598750427365303,6.859536092728376,1.0,1.0,0.0,0.0,1.0,0.0,0.0,0.0,8.0,8.0,0.0,4570.999109891942,965900.661665852,2815.9254813429434,1755.0736285489984,JR-CheapSummary（简化表示消融）；seed29,JR-CheapSummary; seed29,SIMPLIFIED_REPRESENTATION_ABLATION
test,quality,FullCheapSummary-seed29,10,JR-DUAL-r010-R8-g0680,False,1,True,1.0,60.0,729720.170020981,731036.045048618,1315.8750276369974,0.18032597723030777,2.4667390696704388,6.9107404462993145,1.0,1.0,0.0,0.0,1.0,0.0,0.0,0.0,8.0,8.0,0.0,1315.8750276369974,731036.045048618,1249.4284307870548,66.44659684994258,JR-CheapSummary（简化表示消融）；seed29,JR-CheapSummary; seed29,SIMPLIFIED_REPRESENTATION_ABLATION
test,quality,FullCheapSummary-seed29,11,JR-DUAL-r011-R12-g0170,False,1,True,1.0,60.0,1309710.108432145,1311148.438464307,1438.3300321619026,0.10982048797681866,4.503119055181742,9.63497569411993,1.0,1.0,0.0,0.0,1.0,0.0,0.0,0.0,8.0,8.0,0.0,1438.3300321619026,1311148.438464307,1187.9974463549443,250.33258580695838,JR-CheapSummary（简化表示消融）；seed29,JR-CheapSummary; seed29,SIMPLIFIED_REPRESENTATION_ABLATION
test,quality,FullCheapSummary-seed29,11,JR-DUAL-r011-R12-g0340,False,1,True,1.0,60.0,1207263.813126226,1211168.326449476,3904.513323249994,0.32341840124729687,3.513976752758026,8.134223628789186,1.0,1.0,0.0,0.0,1.0,0.0,0.0,0.0,8.0,8.0,0.0,3904.513323249994,1211168.326449476,3230.222770435037,674.2905528149568,JR-CheapSummary（简化表示消融）；seed29,JR-CheapSummary; seed29,SIMPLIFIED_REPRESENTATION_ABLATION
test,quality,FullCheapSummary-seed29,11,JR-DUAL-r011-R12-g0680,False,1,True,1.0,60.0,996565.623874682,998503.525917519,1937.9020428369986,0.19445804635547909,1.8631253764033318,6.325433559715748,1.0,1.0,0.0,0.0,1.0,0.0,0.0,0.0,8.0,8.0,0.0,1937.9020428369986,998503.525917519,1146.2667337020393,791.6353091349592,JR-CheapSummary（简化表示消融）；seed29,JR-CheapSummary; seed29,SIMPLIFIED_REPRESENTATION_ABLATION
test,quality,FullCheapSummary-seed29,11,JR-DUAL-r011-R8-g0170,False,1,True,1.0,60.0,1065376.358638791,1069164.206413786,3787.8477749950252,0.35554081374911295,2.715355657041073,6.744234919548035,1.0,1.0,0.0,0.0,1.0,0.0,0.0,0.0,7.0,7.0,0.0,3787.8477749950252,1069164.206413786,2622.570562876994,1165.2772121180315,JR-CheapSummary（简化表示消融）；seed29,JR-CheapSummary; seed29,SIMPLIFIED_REPRESENTATION_ABLATION
test,quality,FullCheapSummary-seed29,11,JR-DUAL-r011-R8-g0340,False,1,True,1.0,60.0,961749.203495802,964940.392041908,3191.1885461059865,0.33181088526057884,1.4488205574452877,6.011231616139412,1.0,1.0,0.0,0.0,1.0,0.0,0.0,0.0,8.0,8.0,0.0,3191.1885461059865,964940.392041908,2574.4641978610307,616.7243482449558,JR-CheapSummary（简化表示消融）；seed29,JR-CheapSummary; seed29,SIMPLIFIED_REPRESENTATION_ABLATION
test,quality,FullCheapSummary-seed29,11,JR-DUAL-r011-R8-g0680,False,1,True,1.0,60.0,730874.623950481,731929.972561589,1055.3486111080274,0.14439530071569848,2.6725953184068203,7.302159730345011,1.0,1.0,0.0,0.0,1.0,0.0,0.0,0.0,8.0,8.0,0.0,1055.3486111080274,731929.972561589,1055.3486111080274,0.0,JR-CheapSummary（简化表示消融）；seed29,JR-CheapSummary; seed29,SIMPLIFIED_REPRESENTATION_ABLATION
test,quality,FullP1,8,JR-DUAL-r008-R12-g0170,False,1,True,1.0,60.0,1308539.931227763,1310085.219630665,1545.2884029019624,0.11809256760334899,0.7019033655524254,5.46228689327836,1.0,1.0,0.0,0.0,1.0,0.0,0.0,0.0,2.0,2.0,0.0,1545.2884029019624,1310085.219630665,1545.2884029019624,0.0,Independent-replacement+CHILS（独立替代估计对照）,Independent-replacement+CHILS,INTERNAL_INDEPENDENT_REPLACEMENT_CONTROL
test,quality,FullP1,8,JR-DUAL-r008-R12-g0340,False,1,True,1.0,60.0,1206858.411921518,1209152.314631249,2293.9027097311337,0.1900722310978354,1.1578361466526985,6.114292170852423,1.0,1.0,0.0,0.0,1.0,0.0,0.0,0.0,6.0,6.0,0.0,2293.9027097311337,1209152.314631249,2293.9027097311337,0.0,Independent-replacement+CHILS（独立替代估计对照）,Independent-replacement+CHILS,INTERNAL_INDEPENDENT_REPLACEMENT_CONTROL
test,quality,FullP1,8,JR-DUAL-r008-R12-g0680,False,1,True,1.0,60.0,996252.482559234,998005.3730505221,1752.890491288039,0.1759484188972967,3.241817630827427,8.261929795145988,1.0,1.0,0.0,0.0,1.0,0.0,0.0,0.0,8.0,8.0,0.0,1752.890491288039,998005.3730505221,1752.890491288039,0.0,Independent-replacement+CHILS（独立替代估计对照）,Independent-replacement+CHILS,INTERNAL_INDEPENDENT_REPLACEMENT_CONTROL
test,quality,FullP1,8,JR-DUAL-r008-R8-g0170,False,1,True,1.0,60.0,1064212.05311729,1066398.968077683,2186.9149603929836,0.20549616535417659,0.48559708148241043,5.064332976937294,1.0,1.0,0.0,0.0,1.0,0.0,0.0,0.0,2.0,2.0,0.0,2186.9149603929836,1066398.968077683,2186.9149603929836,0.0,Independent-replacement+CHILS（独立替代估计对照）,Independent-replacement+CHILS,INTERNAL_INDEPENDENT_REPLACEMENT_CONTROL
test,quality,FullP1,8,JR-DUAL-r008-R8-g0340,False,1,True,1.0,60.0,964674.094508257,966887.60043219,2213.5059239330003,0.22945634557143735,1.1572609581053257,5.215596843510866,1.0,1.0,0.0,0.0,1.0,0.0,0.0,0.0,8.0,8.0,0.0,2213.5059239330003,966887.60043219,2213.5059239330003,0.0,Independent-replacement+CHILS（独立替代估计对照）,Independent-replacement+CHILS,INTERNAL_INDEPENDENT_REPLACEMENT_CONTROL
test,quality,FullP1,8,JR-DUAL-r008-R8-g0680,False,1,True,1.0,60.0,725058.74017615,726131.709004361,1072.9688282109564,0.14798371066463983,1.1003074161708355,5.36544294282794,1.0,1.0,0.0,0.0,1.0,0.0,0.0,0.0,8.0,8.0,0.0,1072.9688282109564,726131.709004361,1072.9688282109564,0.0,Independent-replacement+CHILS（独立替代估计对照）,Independent-replacement+CHILS,INTERNAL_INDEPENDENT_REPLACEMENT_CONTROL
test,quality,FullP1,9,JR-DUAL-r009-R12-g0170,False,1,True,1.0,60.0,1303588.958822233,1305069.932122248,1480.9733000150882,0.11360738290949615,1.117523830384016,6.316205121576786,1.0,1.0,0.0,0.0,1.0,0.0,0.0,0.0,8.0,8.0,0.0,1480.9733000150882,1305069.932122248,1480.9733000150882,0.0,Independent-replacement+CHILS（独立替代估计对照）,Independent-replacement+CHILS,INTERNAL_INDEPENDENT_REPLACEMENT_CONTROL
test,quality,FullP1,9,JR-DUAL-r009-R12-g0340,False,1,True,1.0,60.0,1201896.359864861,1202984.544712063,1088.1848472019192,0.09053899184154886,0.5328291580080986,5.565689314156771,1.0,0.0,0.0,1.0,1.0,0.0,0.0,0.0,0.0,0.0,0.0,1088.1848472019192,1202984.544712063,1088.1848472019192,0.0,Independent-replacement+CHILS（独立替代估计对照）,Independent-replacement+CHILS,INTERNAL_INDEPENDENT_REPLACEMENT_CONTROL
test,quality,FullP1,9,JR-DUAL-r009-R12-g0680,False,1,True,1.0,60.0,995328.900324943,996461.828365188,1132.9280402449658,0.11382448956069709,1.2580922357738018,6.015639044344425,1.0,1.0,0.0,0.0,1.0,0.0,0.0,0.0,8.0,8.0,0.0,1132.9280402449658,996461.828365188,1132.9280402449658,0.0,Independent-replacement+CHILS（独立替代估计对照）,Independent-replacement+CHILS,INTERNAL_INDEPENDENT_REPLACEMENT_CONTROL
test,quality,FullP1,9,JR-DUAL-r009-R8-g0170,False,1,True,1.0,60.0,1069460.8401523,1071161.788179586,1700.94802728598,0.15904724730675984,0.4377058632671833,5.9199985302984715,1.0,1.0,0.0,0.0,1.0,0.0,0.0,0.0,1.0,1.0,0.0,1700.94802728598,1071161.788179586,1700.94802728598,0.0,Independent-replacement+CHILS（独立替代估计对照）,Independent-replacement+CHILS,INTERNAL_INDEPENDENT_REPLACEMENT_CONTROL
test,quality,FullP1,9,JR-DUAL-r009-R8-g0340,False,1,True,1.0,60.0,958942.247525348,961356.076485312,2413.828959963983,0.25171786582488404,1.1235199645161629,5.769436951726675,1.0,1.0,0.0,0.0,1.0,0.0,0.0,0.0,8.0,8.0,0.0,2413.828959963983,961356.076485312,2413.828959963983,0.0,Independent-replacement+CHILS（独立替代估计对照）,Independent-replacement+CHILS,INTERNAL_INDEPENDENT_REPLACEMENT_CONTROL
test,quality,FullP1,9,JR-DUAL-r009-R8-g0680,False,1,True,1.0,60.0,727027.842792866,727884.31775967,856.4749668039149,0.1178049747742507,3.027063425630331,7.413476809859276,1.0,1.0,0.0,0.0,1.0,0.0,0.0,0.0,8.0,8.0,0.0,856.4749668039149,727884.31775967,856.4749668039149,0.0,Independent-replacement+CHILS（独立替代估计对照）,Independent-replacement+CHILS,INTERNAL_INDEPENDENT_REPLACEMENT_CONTROL
test,quality,FullP1,10,JR-DUAL-r010-R12-g0170,False,1,True,1.0,60.0,1304524.980145348,1306303.631660412,1778.6515150640626,0.13634476473312823,1.0658019594848156,5.419698540121317,1.0,1.0,0.0,0.0,1.0,0.0,0.0,0.0,6.0,6.0,0.0,1778.6515150640626,1306303.631660412,1409.6677442491055,368.9837708149571,Independent-replacement+CHILS（独立替代估计对照）,Independent-replacement+CHILS,INTERNAL_INDEPENDENT_REPLACEMENT_CONTROL
test,quality,FullP1,10,JR-DUAL-r010-R12-g0340,False,1,True,1.0,60.0,1204766.032426266,1207404.04900097,2638.0165747040883,0.2189650524418765,1.2299450747668743,6.1172865107655525,1.0,1.0,0.0,0.0,1.0,0.0,0.0,0.0,6.0,6.0,0.0,2638.0165747040883,1207404.04900097,2638.0165747040883,0.0,Independent-replacement+CHILS（独立替代估计对照）,Independent-replacement+CHILS,INTERNAL_INDEPENDENT_REPLACEMENT_CONTROL
test,quality,FullP1,10,JR-DUAL-r010-R12-g0680,False,1,True,1.0,60.0,997301.877515741,998991.115472434,1689.2379566929303,0.16938080582990458,1.2682294249534607,5.715640522539616,1.0,1.0,0.0,0.0,1.0,0.0,0.0,0.0,8.0,8.0,0.0,1689.2379566929303,998991.115472434,1689.2379566929303,0.0,Independent-replacement+CHILS（独立替代估计对照）,Independent-replacement+CHILS,INTERNAL_INDEPENDENT_REPLACEMENT_CONTROL
test,quality,FullP1,10,JR-DUAL-r010-R8-g0170,False,1,True,1.0,60.0,1063723.76085508,1065722.881188429,1999.1203333488666,0.18793604194211688,0.42039695754647255,4.114854156970978,1.0,1.0,0.0,0.0,1.0,0.0,0.0,0.0,1.0,1.0,0.0,1999.1203333488666,1065722.881188429,1999.1203333488666,0.0,Independent-replacement+CHILS（独立替代估计对照）,Independent-replacement+CHILS,INTERNAL_INDEPENDENT_REPLACEMENT_CONTROL
test,quality,FullP1,10,JR-DUAL-r010-R8-g0340,False,1,True,1.0,60.0,961329.66255596,964145.588037303,2815.9254813429434,0.2929198578826777,1.1106594502925873,5.718077898025513,1.0,1.0,0.0,0.0,1.0,0.0,0.0,0.0,8.0,8.0,0.0,2815.9254813429434,964145.588037303,2815.9254813429434,0.0,Independent-replacement+CHILS（独立替代估计对照）,Independent-replacement+CHILS,INTERNAL_INDEPENDENT_REPLACEMENT_CONTROL
test,quality,FullP1,10,JR-DUAL-r010-R8-g0680,False,1,True,1.0,60.0,729720.170020981,730969.598451768,1249.4284307870548,0.17122021318817748,3.020405985414982,7.461970936506987,1.0,1.0,0.0,0.0,1.0,0.0,0.0,0.0,8.0,8.0,0.0,1249.4284307870548,730969.598451768,1249.4284307870548,0.0,Independent-replacement+CHILS（独立替代估计对照）,Independent-replacement+CHILS,INTERNAL_INDEPENDENT_REPLACEMENT_CONTROL
test,quality,FullP1,11,JR-DUAL-r011-R12-g0170,False,1,True,1.0,60.0,1309710.108432145,1310898.1058785,1187.9974463549443,0.09070690061154807,0.5644155740737915,5.411148194223642,1.0,0.0,0.0,1.0,1.0,0.0,0.0,0.0,0.0,0.0,0.0,1187.9974463549443,1310898.1058785,1187.9974463549443,0.0,Independent-replacement+CHILS（独立替代估计对照）,Independent-replacement+CHILS,INTERNAL_INDEPENDENT_REPLACEMENT_CONTROL
test,quality,FullP1,11,JR-DUAL-r011-R12-g0340,False,1,True,1.0,60.0,1207263.813126226,1210494.035896661,3230.222770435037,0.26756560871897017,1.2653381861746311,6.522219695150852,1.0,1.0,0.0,0.0,1.0,0.0,0.0,0.0,6.0,6.0,0.0,3230.222770435037,1210494.035896661,3230.222770435037,0.0,Independent-replacement+CHILS（独立替代估计对照）,Independent-replacement+CHILS,INTERNAL_INDEPENDENT_REPLACEMENT_CONTROL
test,quality,FullP1,11,JR-DUAL-r011-R12-g0680,False,1,True,1.0,60.0,996565.623874682,997711.890608384,1146.2667337020393,0.11502170115454256,2.0746606700122356,7.376829046756029,1.0,1.0,0.0,0.0,1.0,0.0,0.0,0.0,8.0,8.0,0.0,1146.2667337020393,997711.890608384,1146.2667337020393,0.0,Independent-replacement+CHILS（独立替代估计对照）,Independent-replacement+CHILS,INTERNAL_INDEPENDENT_REPLACEMENT_CONTROL
test,quality,FullP1,11,JR-DUAL-r011-R8-g0170,False,1,True,1.0,60.0,1065376.358638791,1067998.929201668,2622.570562876994,0.24616376566003373,0.42969832941889763,4.565007079392672,1.0,1.0,0.0,0.0,1.0,0.0,0.0,0.0,1.0,1.0,0.0,2622.570562876994,1067998.929201668,2622.570562876994,0.0,Independent-replacement+CHILS（独立替代估计对照）,Independent-replacement+CHILS,INTERNAL_INDEPENDENT_REPLACEMENT_CONTROL
test,quality,FullP1,11,JR-DUAL-r011-R8-g0340,False,1,True,1.0,60.0,961749.203495802,964323.667693663,2574.4641978610307,0.267685607485119,3.0358161069452763,7.617570351809263,1.0,1.0,0.0,0.0,1.0,0.0,0.0,0.0,8.0,8.0,0.0,2574.4641978610307,964323.667693663,2574.4641978610307,0.0,Independent-replacement+CHILS（独立替代估计对照）,Independent-replacement+CHILS,INTERNAL_INDEPENDENT_REPLACEMENT_CONTROL
test,quality,FullP1,11,JR-DUAL-r011-R8-g0680,False,1,True,1.0,60.0,730874.623950481,731969.789376776,1095.1654262950178,0.14984313183230982,3.0613370314240456,7.364163421094418,1.0,1.0,0.0,0.0,1.0,0.0,0.0,0.0,8.0,8.0,0.0,1095.1654262950178,731969.789376776,1055.3486111080274,39.816815186990425,Independent-replacement+CHILS（独立替代估计对照）,Independent-replacement+CHILS,INTERNAL_INDEPENDENT_REPLACEMENT_CONTROL
test,quality,FullGreedy,8,JR-DUAL-r008-R12-g0170,False,1,True,1.0,60.0,1308539.931227763,1310601.940398075,2062.009170311969,0.1575809129781197,2.1219139099121094,7.433637339621782,1.0,1.0,0.0,0.0,1.0,0.0,0.0,0.0,7.0,7.0,0.0,2062.009170311969,1310601.940398075,1545.2884029019624,516.7207674100064,Greedy-rank+CHILS（贪心请求排序内部对照）,Greedy-rank+CHILS,INTERNAL_GREEDY_REQUEST_RANKING
test,quality,FullGreedy,8,JR-DUAL-r008-R12-g0340,False,1,True,1.0,60.0,1206858.411921518,1210753.609808727,3895.1978872090112,0.32275516736111676,0.9270805679261684,5.6146960109472275,1.0,1.0,0.0,0.0,1.0,0.0,0.0,0.0,8.0,8.0,0.0,3895.1978872090112,1210753.609808727,2293.9027097311337,1601.2951774778776,Greedy-rank+CHILS（贪心请求排序内部对照）,Greedy-rank+CHILS,INTERNAL_GREEDY_REQUEST_RANKING
test,quality,FullGreedy,8,JR-DUAL-r008-R12-g0680,False,1,True,1.0,60.0,996252.482559234,998653.972644334,2401.49008509994,0.241052356419815,2.0626124553382397,6.580124404281378,1.0,1.0,0.0,0.0,1.0,0.0,0.0,0.0,8.0,8.0,0.0,2401.49008509994,998653.972644334,1752.890491288039,648.5995938119013,Greedy-rank+CHILS（贪心请求排序内部对照）,Greedy-rank+CHILS,INTERNAL_GREEDY_REQUEST_RANKING
test,quality,FullGreedy,8,JR-DUAL-r008-R8-g0170,False,1,True,1.0,60.0,1064212.05311729,1067742.629697501,3530.5765802110545,0.33175498904276546,0.7228856980800629,5.32024397701025,1.0,1.0,0.0,0.0,1.0,0.0,0.0,0.0,7.0,7.0,0.0,3530.5765802110545,1067742.629697501,2186.9149603929836,1343.661619818071,Greedy-rank+CHILS（贪心请求排序内部对照）,Greedy-rank+CHILS,INTERNAL_GREEDY_REQUEST_RANKING
test,quality,FullGreedy,8,JR-DUAL-r008-R8-g0340,False,1,True,1.0,60.0,964674.094508257,967744.796548355,3070.7020400980255,0.318314968503774,1.9512588307261467,6.309506360441446,1.0,1.0,0.0,0.0,1.0,0.0,0.0,0.0,8.0,8.0,0.0,3070.7020400980255,967744.796548355,2213.5059239330003,857.1961161650252,Greedy-rank+CHILS（贪心请求排序内部对照）,Greedy-rank+CHILS,INTERNAL_GREEDY_REQUEST_RANKING
test,quality,FullGreedy,8,JR-DUAL-r008-R8-g0680,False,1,True,1.0,60.0,725058.74017615,727062.211266697,2003.471090547042,0.2763184524967325,1.9122577533125877,6.713393770158291,1.0,1.0,0.0,0.0,1.0,0.0,0.0,0.0,8.0,8.0,0.0,2003.471090547042,727062.211266697,1072.9688282109564,930.5022623360856,Greedy-rank+CHILS（贪心请求排序内部对照）,Greedy-rank+CHILS,INTERNAL_GREEDY_REQUEST_RANKING
test,quality,FullGreedy,9,JR-DUAL-r009-R12-g0170,False,1,True,1.0,60.0,1303588.958822233,1305244.951142674,1655.9923204411753,0.12703331899476442,0.9440750889480114,5.42833336815238,1.0,1.0,0.0,0.0,1.0,0.0,0.0,0.0,8.0,8.0,0.0,1655.9923204411753,1305244.951142674,1480.9733000150882,175.01902042608708,Greedy-rank+CHILS（贪心请求排序内部对照）,Greedy-rank+CHILS,INTERNAL_GREEDY_REQUEST_RANKING
test,quality,FullGreedy,9,JR-DUAL-r009-R12-g0340,False,1,True,1.0,60.0,1201896.359864861,1204184.639125805,2288.2792609441094,0.19038906659151536,0.8482607528567314,5.918441511690617,1.0,1.0,0.0,0.0,1.0,0.0,0.0,0.0,6.0,6.0,0.0,2288.2792609441094,1204184.639125805,1088.1848472019192,1200.0944137421902,Greedy-rank+CHILS（贪心请求排序内部对照）,Greedy-rank+CHILS,INTERNAL_GREEDY_REQUEST_RANKING
test,quality,FullGreedy,9,JR-DUAL-r009-R12-g0680,False,1,True,1.0,60.0,995328.900324943,996691.239721992,1362.3393970490433,0.136873288478239,2.069681655615568,6.579765934497118,1.0,1.0,0.0,0.0,1.0,0.0,0.0,0.0,8.0,8.0,0.0,1362.3393970490433,996691.239721992,1132.9280402449658,229.4113568040775,Greedy-rank+CHILS（贪心请求排序内部对照）,Greedy-rank+CHILS,INTERNAL_GREEDY_REQUEST_RANKING
test,quality,FullGreedy,9,JR-DUAL-r009-R8-g0170,False,1,True,1.0,60.0,1069460.8401523,1072358.373683807,2897.5335315070115,0.270934046644885,1.86043107137084,6.5648517571389675,1.0,1.0,0.0,0.0,1.0,0.0,0.0,0.0,7.0,7.0,0.0,2897.5335315070115,1072358.373683807,1700.94802728598,1196.5855042210314,Greedy-rank+CHILS（贪心请求排序内部对照）,Greedy-rank+CHILS,INTERNAL_GREEDY_REQUEST_RANKING
test,quality,FullGreedy,9,JR-DUAL-r009-R8-g0340,False,1,True,1.0,60.0,958942.247525348,962784.318409774,3842.070884426008,0.40065717141369867,0.7760485373437405,5.583700902760029,1.0,1.0,0.0,0.0,1.0,0.0,0.0,0.0,8.0,8.0,0.0,3842.070884426008,962784.318409774,2413.828959963983,1428.241924462025,Greedy-rank+CHILS（贪心请求排序内部对照）,Greedy-rank+CHILS,INTERNAL_GREEDY_REQUEST_RANKING
test,quality,FullGreedy,9,JR-DUAL-r009-R8-g0680,False,1,True,1.0,60.0,727027.842792866,728717.263461693,1689.4206688269041,0.2323735859051864,1.898751188069582,6.098099768161774,1.0,1.0,0.0,0.0,1.0,0.0,0.0,0.0,8.0,8.0,0.0,1689.4206688269041,728717.263461693,856.4749668039149,832.9457020229893,Greedy-rank+CHILS（贪心请求排序内部对照）,Greedy-rank+CHILS,INTERNAL_GREEDY_REQUEST_RANKING
test,quality,FullGreedy,10,JR-DUAL-r010-R12-g0170,False,1,True,1.0,60.0,1304524.980145348,1306337.307063753,1812.326918405015,0.13892619505094403,0.9703847281634808,5.576646860688925,1.0,1.0,0.0,0.0,1.0,0.0,0.0,0.0,8.0,8.0,0.0,1812.326918405015,1306337.307063753,1409.6677442491055,402.65917415590957,Greedy-rank+CHILS（贪心请求排序内部对照）,Greedy-rank+CHILS,INTERNAL_GREEDY_REQUEST_RANKING
test,quality,FullGreedy,10,JR-DUAL-r010-R12-g0340,False,1,True,1.0,60.0,1204766.032426266,1208402.552936319,3636.5205100530293,0.3018445417762549,0.9141793884336948,6.320095915347338,1.0,1.0,0.0,0.0,1.0,0.0,0.0,0.0,8.0,8.0,0.0,3636.5205100530293,1208402.552936319,2638.0165747040883,998.503935348941,Greedy-rank+CHILS（贪心请求排序内部对照）,Greedy-rank+CHILS,INTERNAL_GREEDY_REQUEST_RANKING
test,quality,FullGreedy,10,JR-DUAL-r010-R12-g0680,False,1,True,1.0,60.0,997301.877515741,1000413.196392745,3111.3188770039706,0.3119736307680683,2.092488057911396,6.865637045353651,1.0,1.0,0.0,0.0,1.0,0.0,0.0,0.0,8.0,8.0,0.0,3111.3188770039706,1000413.196392745,1689.2379566929303,1422.0809203110402,Greedy-rank+CHILS（贪心请求排序内部对照）,Greedy-rank+CHILS,INTERNAL_GREEDY_REQUEST_RANKING
test,quality,FullGreedy,10,JR-DUAL-r010-R8-g0170,False,1,True,1.0,60.0,1063723.76085508,1067005.870427666,3282.109572585905,0.30854905130139837,3.0748277083039284,6.871425069868565,1.0,1.0,0.0,0.0,1.0,0.0,0.0,0.0,8.0,8.0,0.0,3282.109572585905,1067005.870427666,1999.1203333488666,1282.9892392370384,Greedy-rank+CHILS（贪心请求排序内部对照）,Greedy-rank+CHILS,INTERNAL_GREEDY_REQUEST_RANKING
test,quality,FullGreedy,10,JR-DUAL-r010-R8-g0340,False,1,True,1.0,60.0,961329.66255596,965900.661665852,4570.999109891942,0.4754871599133517,1.9407690539956093,6.10925068333745,1.0,1.0,0.0,0.0,1.0,0.0,0.0,0.0,8.0,8.0,0.0,4570.999109891942,965900.661665852,2815.9254813429434,1755.0736285489984,Greedy-rank+CHILS（贪心请求排序内部对照）,Greedy-rank+CHILS,INTERNAL_GREEDY_REQUEST_RANKING
test,quality,FullGreedy,10,JR-DUAL-r010-R8-g0680,False,1,True,1.0,60.0,729720.170020981,731036.045048618,1315.8750276369974,0.18032597723030777,1.855902150273323,5.852891821414232,1.0,1.0,0.0,0.0,1.0,0.0,0.0,0.0,8.0,8.0,0.0,1315.8750276369974,731036.045048618,1249.4284307870548,66.44659684994258,Greedy-rank+CHILS（贪心请求排序内部对照）,Greedy-rank+CHILS,INTERNAL_GREEDY_REQUEST_RANKING
test,quality,FullGreedy,11,JR-DUAL-r011-R12-g0170,False,1,True,1.0,60.0,1309710.108432145,1311148.438464307,1438.3300321619026,0.10982048797681866,2.111927140504122,6.573670517653227,1.0,1.0,0.0,0.0,1.0,0.0,0.0,0.0,7.0,7.0,0.0,1438.3300321619026,1311148.438464307,1187.9974463549443,250.33258580695838,Greedy-rank+CHILS（贪心请求排序内部对照）,Greedy-rank+CHILS,INTERNAL_GREEDY_REQUEST_RANKING
test,quality,FullGreedy,11,JR-DUAL-r011-R12-g0340,False,1,True,1.0,60.0,1207263.813126226,1211168.326449476,3904.513323249994,0.32341840124729687,2.174455475062132,7.514163851737976,1.0,1.0,0.0,0.0,1.0,0.0,0.0,0.0,8.0,8.0,0.0,3904.513323249994,1211168.326449476,3230.222770435037,674.2905528149568,Greedy-rank+CHILS（贪心请求排序内部对照）,Greedy-rank+CHILS,INTERNAL_GREEDY_REQUEST_RANKING
test,quality,FullGreedy,11,JR-DUAL-r011-R12-g0680,False,1,True,1.0,60.0,996565.623874682,998503.525917519,1937.9020428369986,0.19445804635547909,2.0658723190426826,7.07665029540658,1.0,1.0,0.0,0.0,1.0,0.0,0.0,0.0,8.0,8.0,0.0,1937.9020428369986,998503.525917519,1146.2667337020393,791.6353091349592,Greedy-rank+CHILS（贪心请求排序内部对照）,Greedy-rank+CHILS,INTERNAL_GREEDY_REQUEST_RANKING
test,quality,FullGreedy,11,JR-DUAL-r011-R8-g0170,False,1,True,1.0,60.0,1065376.358638791,1069164.206413786,3787.8477749950252,0.35554081374911295,0.6463525854051113,5.081176787614822,1.0,1.0,0.0,0.0,1.0,0.0,0.0,0.0,6.0,6.0,0.0,3787.8477749950252,1069164.206413786,2622.570562876994,1165.2772121180315,Greedy-rank+CHILS（贪心请求排序内部对照）,Greedy-rank+CHILS,INTERNAL_GREEDY_REQUEST_RANKING
test,quality,FullGreedy,11,JR-DUAL-r011-R8-g0340,False,1,True,1.0,60.0,961749.203495802,964940.392041908,3191.1885461059865,0.33181088526057884,1.882304858416319,6.113173149526119,1.0,1.0,0.0,0.0,1.0,0.0,0.0,0.0,8.0,8.0,0.0,3191.1885461059865,964940.392041908,2574.4641978610307,616.7243482449558,Greedy-rank+CHILS（贪心请求排序内部对照）,Greedy-rank+CHILS,INTERNAL_GREEDY_REQUEST_RANKING
test,quality,FullGreedy,11,JR-DUAL-r011-R8-g0680,False,1,True,1.0,60.0,730874.623950481,731929.972561589,1055.3486111080274,0.14439530071569848,1.1244653314352036,5.007025673985481,1.0,1.0,0.0,0.0,1.0,0.0,0.0,0.0,8.0,8.0,0.0,1055.3486111080274,731929.972561589,1055.3486111080274,0.0,Greedy-rank+CHILS（贪心请求排序内部对照）,Greedy-rank+CHILS,INTERNAL_GREEDY_REQUEST_RANKING
test,quality,CHILS-p1,8,JR-DUAL-r008-R12-g0170,False,1,True,1.0,60.0,1308539.931227763,1374346.835243082,65806.90401531896,5.029032927835405,42.21021693199873,43.4767683185637,1.0,1.0,0.0,0.0,1.0,0.0,0.0,0.0,1.0,0.0,0.0,65806.90401531896,1374346.835243082,0.0,65806.90401531896,CHILS-p1（SEA 2025 公开 MWIS 算法）,CHILS-p1 (SEA 2025),PUBLISHED_MWIS_BASELINE
test,quality,CHILS-p1,8,JR-DUAL-r008-R12-g0340,False,1,True,1.0,60.0,1206858.411921518,1296368.483270003,89510.07134848507,7.4167831507235595,42.223642479628325,43.56534689664841,1.0,1.0,0.0,0.0,1.0,0.0,0.0,0.0,1.0,0.0,0.0,89510.07134848507,1296368.483270003,0.0,89510.07134848507,CHILS-p1（SEA 2025 公开 MWIS 算法）,CHILS-p1 (SEA 2025),PUBLISHED_MWIS_BASELINE
test,quality,CHILS-p1,8,JR-DUAL-r008-R12-g0680,False,1,True,1.0,60.0,996252.482559234,1110168.107484365,113915.6249251311,11.434413155237285,42.248405650258064,43.65244111791253,1.0,1.0,0.0,0.0,1.0,0.0,0.0,0.0,1.0,0.0,0.0,113915.6249251311,1110168.107484365,0.0,113915.6249251311,CHILS-p1（SEA 2025 公开 MWIS 算法）,CHILS-p1 (SEA 2025),PUBLISHED_MWIS_BASELINE
test,quality,CHILS-p1,8,JR-DUAL-r008-R8-g0170,False,1,True,1.0,60.0,1064212.05311729,1180666.76284513,116454.70972784003,10.942810635034709,42.1198250092566,42.79993365332484,1.0,1.0,0.0,0.0,1.0,0.0,0.0,0.0,1.0,0.0,0.0,116454.70972784003,1180666.76284513,0.0,116454.70972784003,CHILS-p1（SEA 2025 公开 MWIS 算法）,CHILS-p1 (SEA 2025),PUBLISHED_MWIS_BASELINE
test,quality,CHILS-p1,8,JR-DUAL-r008-R8-g0340,False,1,True,1.0,60.0,964674.094508257,1049548.715587024,84874.62107876712,8.798268924390674,42.13100195303559,42.954534627497196,1.0,1.0,0.0,0.0,1.0,0.0,0.0,0.0,1.0,0.0,0.0,84874.62107876712,1049548.715587024,0.0,84874.62107876712,CHILS-p1（SEA 2025 公开 MWIS 算法）,CHILS-p1 (SEA 2025),PUBLISHED_MWIS_BASELINE
test,quality,CHILS-p1,8,JR-DUAL-r008-R8-g0680,False,1,True,1.0,60.0,725058.74017615,795107.284461967,70048.54428581696,9.661085427202623,42.159294825047255,43.098161082714796,1.0,1.0,0.0,0.0,1.0,0.0,0.0,0.0,1.0,0.0,0.0,70048.54428581696,795107.284461967,0.0,70048.54428581696,CHILS-p1（SEA 2025 公开 MWIS 算法）,CHILS-p1 (SEA 2025),PUBLISHED_MWIS_BASELINE
test,quality,CHILS-p1,9,JR-DUAL-r009-R12-g0170,False,1,True,1.0,60.0,1303588.958822233,1371307.459083725,67718.5002614921,5.194773997063801,42.204704750329256,43.4301870316267,1.0,1.0,0.0,0.0,1.0,0.0,0.0,0.0,1.0,0.0,0.0,67718.5002614921,1371307.459083725,0.0,67718.5002614921,CHILS-p1（SEA 2025 公开 MWIS 算法）,CHILS-p1 (SEA 2025),PUBLISHED_MWIS_BASELINE
test,quality,CHILS-p1,9,JR-DUAL-r009-R12-g0340,False,1,True,1.0,60.0,1201896.359864861,1293436.281397673,91539.92153281206,7.616290770953382,42.22284556925297,43.55816476047039,1.0,1.0,0.0,0.0,1.0,0.0,0.0,0.0,1.0,0.0,0.0,91539.92153281206,1293436.281397673,0.0,91539.92153281206,CHILS-p1（SEA 2025 公开 MWIS 算法）,CHILS-p1 (SEA 2025),PUBLISHED_MWIS_BASELINE
test,quality,CHILS-p1,9,JR-DUAL-r009-R12-g0680,False,1,True,1.0,60.0,995328.900324943,1104809.87343496,109480.9731100169,10.999476964275313,42.251299265772104,43.657991107553244,1.0,1.0,0.0,0.0,1.0,0.0,0.0,0.0,1.0,0.0,0.0,109480.9731100169,1104809.87343496,0.0,109480.9731100169,CHILS-p1（SEA 2025 公开 MWIS 算法）,CHILS-p1 (SEA 2025),PUBLISHED_MWIS_BASELINE
test,quality,CHILS-p1,9,JR-DUAL-r009-R8-g0170,False,1,True,1.0,60.0,1069460.8401523,1178595.895866356,109135.05571405613,10.204679929983635,42.12027859687805,42.84509900957346,1.0,1.0,0.0,0.0,1.0,0.0,0.0,0.0,1.0,0.0,0.0,109135.05571405613,1178595.895866356,0.0,109135.05571405613,CHILS-p1（SEA 2025 公开 MWIS 算法）,CHILS-p1 (SEA 2025),PUBLISHED_MWIS_BASELINE
test,quality,CHILS-p1,9,JR-DUAL-r009-R8-g0340,False,1,True,1.0,60.0,958942.247525348,1047078.873534863,88136.62600951502,9.19102544881727,42.13046687096357,42.96445485576987,1.0,1.0,0.0,0.0,1.0,0.0,0.0,0.0,1.0,0.0,0.0,88136.62600951502,1047078.873534863,0.0,88136.62600951502,CHILS-p1（SEA 2025 公开 MWIS 算法）,CHILS-p1 (SEA 2025),PUBLISHED_MWIS_BASELINE
test,quality,CHILS-p1,9,JR-DUAL-r009-R8-g0680,False,1,True,1.0,60.0,727027.842792866,794257.025091503,67229.182298637,9.24712622289363,42.154875088483095,43.1087452955544,1.0,1.0,0.0,0.0,1.0,0.0,0.0,0.0,1.0,0.0,0.0,67229.182298637,794257.025091503,0.0,67229.182298637,CHILS-p1（SEA 2025 公开 MWIS 算法）,CHILS-p1 (SEA 2025),PUBLISHED_MWIS_BASELINE
test,quality,CHILS-p1,10,JR-DUAL-r010-R12-g0170,False,1,True,1.0,60.0,1304524.980145348,1375080.516151907,70555.53600655892,5.408523185098207,42.21426959708333,43.52308323979378,1.0,1.0,0.0,0.0,1.0,0.0,0.0,0.0,1.0,0.0,0.0,70555.53600655892,1375080.516151907,0.0,70555.53600655892,CHILS-p1（SEA 2025 公开 MWIS 算法）,CHILS-p1 (SEA 2025),PUBLISHED_MWIS_BASELINE
test,quality,CHILS-p1,10,JR-DUAL-r010-R12-g0340,False,1,True,1.0,60.0,1204766.032426266,1295347.599681191,90581.56725492491,7.518602352400626,42.222282350063324,43.5636035092175,1.0,1.0,0.0,0.0,1.0,0.0,0.0,0.0,1.0,0.0,0.0,90581.56725492491,1295347.599681191,0.0,90581.56725492491,CHILS-p1（SEA 2025 公开 MWIS 算法）,CHILS-p1 (SEA 2025),PUBLISHED_MWIS_BASELINE
test,quality,CHILS-p1,10,JR-DUAL-r010-R12-g0680,False,1,True,1.0,60.0,997301.877515741,1107509.259452297,110207.38193655584,11.050553941709227,42.24826258793473,43.64752762764692,1.0,1.0,0.0,0.0,1.0,0.0,0.0,0.0,1.0,0.0,0.0,110207.38193655584,1107509.259452297,0.0,110207.38193655584,CHILS-p1（SEA 2025 公开 MWIS 算法）,CHILS-p1 (SEA 2025),PUBLISHED_MWIS_BASELINE
test,quality,CHILS-p1,10,JR-DUAL-r010-R8-g0170,False,1,True,1.0,60.0,1063723.76085508,1178047.438249534,114323.6773944539,10.747496822159373,42.12376081943512,42.84543773904443,1.0,1.0,0.0,0.0,1.0,0.0,0.0,0.0,1.0,0.0,0.0,114323.6773944539,1178047.438249534,0.0,114323.6773944539,CHILS-p1（SEA 2025 公开 MWIS 算法）,CHILS-p1 (SEA 2025),PUBLISHED_MWIS_BASELINE
test,quality,CHILS-p1,10,JR-DUAL-r010-R8-g0340,False,1,True,1.0,60.0,961329.66255596,1047625.820640716,86296.158084756,8.976749750477255,42.128815207630396,42.904794964939356,1.0,1.0,0.0,0.0,1.0,0.0,0.0,0.0,1.0,0.0,0.0,86296.158084756,1047625.820640716,0.0,86296.158084756,CHILS-p1（SEA 2025 公开 MWIS 算法）,CHILS-p1 (SEA 2025),PUBLISHED_MWIS_BASELINE
test,quality,CHILS-p1,10,JR-DUAL-r010-R8-g0680,False,1,True,1.0,60.0,729720.170020981,794046.530500671,64326.36047969002,8.815209325766684,42.16452515125275,43.04679528623819,1.0,1.0,0.0,0.0,1.0,0.0,0.0,0.0,1.0,0.0,0.0,64326.36047969002,794046.530500671,0.0,64326.36047969002,CHILS-p1（SEA 2025 公开 MWIS 算法）,CHILS-p1 (SEA 2025),PUBLISHED_MWIS_BASELINE
test,quality,CHILS-p1,11,JR-DUAL-r011-R12-g0170,False,1,True,1.0,60.0,1309710.108432145,1374108.427347014,64398.31891486887,4.916990294284293,42.216119192540646,43.51784298941493,1.0,1.0,0.0,0.0,1.0,0.0,0.0,0.0,1.0,0.0,0.0,64398.31891486887,1374108.427347014,0.0,64398.31891486887,CHILS-p1（SEA 2025 公开 MWIS 算法）,CHILS-p1 (SEA 2025),PUBLISHED_MWIS_BASELINE
test,quality,CHILS-p1,11,JR-DUAL-r011-R12-g0340,False,1,True,1.0,60.0,1207263.813126226,1294514.458772875,87250.64564664895,7.227139975372261,42.22941416874528,43.658870689570904,1.0,1.0,0.0,0.0,1.0,0.0,0.0,0.0,1.0,0.0,0.0,87250.64564664895,1294514.458772875,0.0,87250.64564664895,CHILS-p1（SEA 2025 公开 MWIS 算法）,CHILS-p1 (SEA 2025),PUBLISHED_MWIS_BASELINE
test,quality,CHILS-p1,11,JR-DUAL-r011-R12-g0680,False,1,True,1.0,60.0,996565.623874682,1107640.64821901,111075.02434432809,11.145781239419488,42.25215354561806,43.648028030991554,1.0,1.0,0.0,0.0,1.0,0.0,0.0,0.0,1.0,0.0,0.0,111075.02434432809,1107640.64821901,0.0,111075.02434432809,CHILS-p1（SEA 2025 公开 MWIS 算法）,CHILS-p1 (SEA 2025),PUBLISHED_MWIS_BASELINE
test,quality,CHILS-p1,11,JR-DUAL-r011-R8-g0170,False,1,True,1.0,60.0,1065376.358638791,1181231.619384729,115855.26074593817,10.87458528683366,42.12256409972906,42.849830228835344,1.0,1.0,0.0,0.0,1.0,0.0,0.0,0.0,1.0,0.0,0.0,115855.26074593817,1181231.619384729,0.0,115855.26074593817,CHILS-p1（SEA 2025 公开 MWIS 算法）,CHILS-p1 (SEA 2025),PUBLISHED_MWIS_BASELINE
test,quality,CHILS-p1,11,JR-DUAL-r011-R8-g0340,False,1,True,1.0,60.0,961749.203495802,1043779.523950559,82030.32045475696,8.529283950180576,42.129114143550396,42.891878828406334,1.0,1.0,0.0,0.0,1.0,0.0,0.0,0.0,1.0,0.0,0.0,82030.32045475696,1043779.523950559,0.0,82030.32045475696,CHILS-p1（SEA 2025 公开 MWIS 算法）,CHILS-p1 (SEA 2025),PUBLISHED_MWIS_BASELINE
test,quality,CHILS-p1,11,JR-DUAL-r011-R8-g0680,False,1,True,1.0,60.0,730874.623950481,795549.625679226,64675.00172874506,8.84898717363691,42.16015564650297,43.09151766449213,1.0,1.0,0.0,0.0,1.0,0.0,0.0,0.0,1.0,0.0,0.0,64675.00172874506,795549.625679226,0.0,64675.00172874506,CHILS-p1（SEA 2025 公开 MWIS 算法）,CHILS-p1 (SEA 2025),PUBLISHED_MWIS_BASELINE
test,quality,HiGHS-MILP,8,JR-DUAL-r008-R12-g0170,False,1,True,1.0,60.0,1308539.931227763,1308539.931227763,0.0,0.0,44.36307569593191,45.862160582095385,1.0,1.0,0.0,0.0,1.0,0.0,0.0,0.0,1.0,0.0,0.0,0.0,1308539.931227763,0.0,0.0,HiGHS-MILP（通用 MILP 软件参照）,HiGHS (generic MILP),GENERIC_MILP_SOFTWARE_REFERENCE
test,quality,HiGHS-MILP,8,JR-DUAL-r008-R12-g0340,False,1,True,0.0,60.0,1206858.411921518,null,null,null,61.94345808029175,63.545273542404175,0.0,0.0,1.0,0.0,0.0,1.0,0.0,0.0,null,0.0,0.0,0.0,1206858.411921518,0.0,0.0,HiGHS-MILP（通用 MILP 软件参照）,HiGHS (generic MILP),GENERIC_MILP_SOFTWARE_REFERENCE
test,quality,HiGHS-MILP,8,JR-DUAL-r008-R12-g0680,False,1,True,0.0,60.0,996252.482559234,null,null,null,61.361130859702826,62.94315531104803,0.0,0.0,1.0,0.0,0.0,1.0,0.0,0.0,null,0.0,0.0,0.0,996252.482559234,0.0,0.0,HiGHS-MILP（通用 MILP 软件参照）,HiGHS (generic MILP),GENERIC_MILP_SOFTWARE_REFERENCE
test,quality,HiGHS-MILP,8,JR-DUAL-r008-R8-g0170,False,1,True,1.0,60.0,1064212.05311729,1064212.05311729,0.0,0.0,44.13668371364474,44.95534973964095,1.0,1.0,0.0,0.0,1.0,0.0,0.0,0.0,1.0,0.0,0.0,0.0,1064212.05311729,0.0,0.0,HiGHS-MILP（通用 MILP 软件参照）,HiGHS (generic MILP),GENERIC_MILP_SOFTWARE_REFERENCE
test,quality,HiGHS-MILP,8,JR-DUAL-r008-R8-g0340,False,1,True,0.0,60.0,964674.094508257,null,null,null,60.076882272958755,61.047602500766516,0.0,0.0,1.0,0.0,0.0,1.0,0.0,0.0,null,0.0,0.0,0.0,964674.094508257,0.0,0.0,HiGHS-MILP（通用 MILP 软件参照）,HiGHS (generic MILP),GENERIC_MILP_SOFTWARE_REFERENCE
test,quality,HiGHS-MILP,8,JR-DUAL-r008-R8-g0680,False,1,True,0.0,60.0,725058.74017615,null,null,null,60.07459960505366,61.16964039206505,0.0,0.0,1.0,0.0,0.0,1.0,0.0,0.0,null,0.0,0.0,0.0,725058.74017615,0.0,0.0,HiGHS-MILP（通用 MILP 软件参照）,HiGHS (generic MILP),GENERIC_MILP_SOFTWARE_REFERENCE
test,quality,HiGHS-MILP,9,JR-DUAL-r009-R12-g0170,False,1,True,1.0,60.0,1303588.958822233,1303588.958822233,0.0,0.0,42.30065741017461,43.76781797781587,1.0,1.0,0.0,0.0,1.0,0.0,0.0,0.0,1.0,0.0,0.0,0.0,1303588.958822233,0.0,0.0,HiGHS-MILP（通用 MILP 软件参照）,HiGHS (generic MILP),GENERIC_MILP_SOFTWARE_REFERENCE
test,quality,HiGHS-MILP,9,JR-DUAL-r009-R12-g0340,False,1,True,0.0,60.0,1201896.359864861,null,null,null,61.39874670654535,62.979389887303114,0.0,0.0,1.0,0.0,0.0,1.0,0.0,0.0,null,0.0,0.0,0.0,1201896.359864861,0.0,0.0,HiGHS-MILP（通用 MILP 软件参照）,HiGHS (generic MILP),GENERIC_MILP_SOFTWARE_REFERENCE
test,quality,HiGHS-MILP,9,JR-DUAL-r009-R12-g0680,False,1,True,0.0,60.0,995328.900324943,null,null,null,60.37536196783185,61.952956072986126,0.0,0.0,1.0,0.0,0.0,1.0,0.0,0.0,null,0.0,0.0,0.0,995328.900324943,0.0,0.0,HiGHS-MILP（通用 MILP 软件参照）,HiGHS (generic MILP),GENERIC_MILP_SOFTWARE_REFERENCE
test,quality,HiGHS-MILP,9,JR-DUAL-r009-R8-g0170,False,1,True,1.0,60.0,1069460.8401523,1069460.8401523,0.0,0.0,42.164534982293844,43.00078110396862,1.0,1.0,0.0,0.0,1.0,0.0,0.0,0.0,1.0,0.0,0.0,0.0,1069460.8401523,0.0,0.0,HiGHS-MILP（通用 MILP 软件参照）,HiGHS (generic MILP),GENERIC_MILP_SOFTWARE_REFERENCE
test,quality,HiGHS-MILP,9,JR-DUAL-r009-R8-g0340,False,1,True,1.0,60.0,958942.247525348,958942.247525348,0.0,0.0,52.06365305557847,53.02869100868702,1.0,1.0,0.0,0.0,1.0,0.0,0.0,0.0,1.0,0.0,0.0,0.0,958942.247525348,0.0,0.0,HiGHS-MILP（通用 MILP 软件参照）,HiGHS (generic MILP),GENERIC_MILP_SOFTWARE_REFERENCE
test,quality,HiGHS-MILP,9,JR-DUAL-r009-R8-g0680,False,1,True,0.0,60.0,727027.842792866,null,null,null,60.07599113881588,61.12667381763458,0.0,0.0,1.0,0.0,0.0,1.0,0.0,0.0,null,0.0,0.0,0.0,727027.842792866,0.0,0.0,HiGHS-MILP（通用 MILP 软件参照）,HiGHS (generic MILP),GENERIC_MILP_SOFTWARE_REFERENCE
test,quality,HiGHS-MILP,10,JR-DUAL-r010-R12-g0170,False,1,True,1.0,60.0,1304524.980145348,1304524.980145348,0.0,0.0,46.005342084914446,47.410169053822756,1.0,1.0,0.0,0.0,1.0,0.0,0.0,0.0,1.0,0.0,0.0,0.0,1304524.980145348,0.0,0.0,HiGHS-MILP（通用 MILP 软件参照）,HiGHS (generic MILP),GENERIC_MILP_SOFTWARE_REFERENCE
test,quality,HiGHS-MILP,10,JR-DUAL-r010-R12-g0340,False,1,True,0.0,60.0,1204766.032426266,null,null,null,61.53208400309086,63.15308401361108,0.0,0.0,1.0,0.0,0.0,1.0,0.0,0.0,null,0.0,0.0,0.0,1204766.032426266,0.0,0.0,HiGHS-MILP（通用 MILP 软件参照）,HiGHS (generic MILP),GENERIC_MILP_SOFTWARE_REFERENCE
test,quality,HiGHS-MILP,10,JR-DUAL-r010-R12-g0680,False,1,True,0.0,60.0,997301.877515741,null,null,null,60.93682926520705,62.53068020567298,0.0,0.0,1.0,0.0,0.0,1.0,0.0,0.0,null,0.0,0.0,0.0,997301.877515741,0.0,0.0,HiGHS-MILP（通用 MILP 软件参照）,HiGHS (generic MILP),GENERIC_MILP_SOFTWARE_REFERENCE
test,quality,HiGHS-MILP,10,JR-DUAL-r010-R8-g0170,False,1,True,1.0,60.0,1063723.76085508,1063723.76085508,0.0,0.0,45.299966495484114,46.11073790490627,1.0,1.0,0.0,0.0,1.0,0.0,0.0,0.0,1.0,0.0,0.0,0.0,1063723.76085508,0.0,0.0,HiGHS-MILP（通用 MILP 软件参照）,HiGHS (generic MILP),GENERIC_MILP_SOFTWARE_REFERENCE
test,quality,HiGHS-MILP,10,JR-DUAL-r010-R8-g0340,False,1,True,1.0,60.0,961329.66255596,961329.66255596,0.0,0.0,50.67547929286957,51.55673014372587,1.0,1.0,0.0,0.0,1.0,0.0,0.0,0.0,1.0,0.0,0.0,0.0,961329.66255596,0.0,0.0,HiGHS-MILP（通用 MILP 软件参照）,HiGHS (generic MILP),GENERIC_MILP_SOFTWARE_REFERENCE
test,quality,HiGHS-MILP,10,JR-DUAL-r010-R8-g0680,False,1,True,0.0,60.0,729720.170020981,null,null,null,60.07556338235736,61.12422813102603,0.0,0.0,1.0,0.0,0.0,1.0,0.0,0.0,null,0.0,0.0,0.0,729720.170020981,0.0,0.0,HiGHS-MILP（通用 MILP 软件参照）,HiGHS (generic MILP),GENERIC_MILP_SOFTWARE_REFERENCE
test,quality,HiGHS-MILP,11,JR-DUAL-r011-R12-g0170,False,1,True,1.0,60.0,1309710.108432145,1309710.108432145,0.0,0.0,49.69760550558567,51.081195153295994,1.0,1.0,0.0,0.0,1.0,0.0,0.0,0.0,1.0,0.0,0.0,0.0,1309710.108432145,0.0,0.0,HiGHS-MILP（通用 MILP 软件参照）,HiGHS (generic MILP),GENERIC_MILP_SOFTWARE_REFERENCE
test,quality,HiGHS-MILP,11,JR-DUAL-r011-R12-g0340,False,1,True,0.0,60.0,1207263.813126226,null,null,null,61.25025732815266,62.77186622470617,0.0,0.0,1.0,0.0,0.0,1.0,0.0,0.0,null,0.0,0.0,0.0,1207263.813126226,0.0,0.0,HiGHS-MILP（通用 MILP 软件参照）,HiGHS (generic MILP),GENERIC_MILP_SOFTWARE_REFERENCE
test,quality,HiGHS-MILP,11,JR-DUAL-r011-R12-g0680,False,1,True,0.0,60.0,996565.623874682,null,null,null,61.76855231821537,63.361399699002504,0.0,0.0,1.0,0.0,0.0,1.0,0.0,0.0,null,0.0,0.0,0.0,996565.623874682,0.0,0.0,HiGHS-MILP（通用 MILP 软件参照）,HiGHS (generic MILP),GENERIC_MILP_SOFTWARE_REFERENCE
test,quality,HiGHS-MILP,11,JR-DUAL-r011-R8-g0170,False,1,True,1.0,60.0,1065376.358638791,1065376.358638791,0.0,0.0,42.678259287029505,43.49527391418815,1.0,1.0,0.0,0.0,1.0,0.0,0.0,0.0,1.0,0.0,0.0,0.0,1065376.358638791,0.0,0.0,HiGHS-MILP（通用 MILP 软件参照）,HiGHS (generic MILP),GENERIC_MILP_SOFTWARE_REFERENCE
test,quality,HiGHS-MILP,11,JR-DUAL-r011-R8-g0340,False,1,True,1.0,60.0,961749.203495802,961749.203495802,0.0,0.0,58.611822467297316,59.52238202095032,1.0,1.0,0.0,0.0,1.0,0.0,0.0,0.0,1.0,0.0,0.0,0.0,961749.203495802,0.0,0.0,HiGHS-MILP（通用 MILP 软件参照）,HiGHS (generic MILP),GENERIC_MILP_SOFTWARE_REFERENCE
test,quality,HiGHS-MILP,11,JR-DUAL-r011-R8-g0680,False,1,True,1.0,60.0,730874.623950481,730874.623950481,0.0,0.0,42.2053645439446,43.25173270702362,1.0,1.0,0.0,0.0,1.0,0.0,0.0,0.0,1.0,0.0,0.0,0.0,730874.623950481,0.0,0.0,HiGHS-MILP（通用 MILP 软件参照）,HiGHS (generic MILP),GENERIC_MILP_SOFTWARE_REFERENCE
test,quality,FullCapacity-mean17/29,8,JR-DUAL-r008-R12-g0170,False,2,True,2.0,120.0,1308539.931227763,1310601.940398075,2062.009170311969,0.1575809129781197,4.403858656063676,9.343456907197833,1.0,1.0,0.0,0.0,1.0,0.0,0.0,0.0,7.5,7.5,0.0,2062.009170311969,1310601.940398075,1545.2884029019624,516.7207674100064,JointRecovery（本文方法，JR；完整框架 STK 迁移）；两种子均值,"JointRecovery (JR, ours); 2-seed mean",PROPOSED_FULL_FRAMEWORK
test,quality,FullCapacity-mean17/29,8,JR-DUAL-r008-R12-g0340,False,2,True,2.0,120.0,1206858.411921518,1210753.609808727,3895.1978872090112,0.32275516736111676,3.310340952128172,8.138436743989587,1.0,1.0,0.0,0.0,1.0,0.0,0.0,0.0,8.0,8.0,0.0,3895.1978872090112,1210753.609808727,2293.9027097311337,1601.2951774778776,JointRecovery（本文方法，JR；完整框架 STK 迁移）；两种子均值,"JointRecovery (JR, ours); 2-seed mean",PROPOSED_FULL_FRAMEWORK
test,quality,FullCapacity-mean17/29,8,JR-DUAL-r008-R12-g0680,False,2,True,2.0,120.0,996252.482559234,998653.972644334,2401.49008509994,0.241052356419815,3.219439595937729,7.983166264370084,1.0,1.0,0.0,0.0,1.0,0.0,0.0,0.0,8.0,8.0,0.0,2401.49008509994,998653.972644334,1752.890491288039,648.5995938119013,JointRecovery（本文方法，JR；完整框架 STK 迁移）；两种子均值,"JointRecovery (JR, ours); 2-seed mean",PROPOSED_FULL_FRAMEWORK
test,quality,FullCapacity-mean17/29,8,JR-DUAL-r008-R8-g0170,False,2,True,2.0,120.0,1064212.05311729,1067750.4991761805,3538.4460588905495,0.3324944543266291,3.4355304539203644,8.112922709435225,1.0,1.0,0.0,0.0,1.0,0.0,0.0,0.0,7.5,7.5,0.0,3538.4460588905495,1067750.4991761805,2186.9149603929836,1351.5310984975658,JointRecovery（本文方法，JR；完整框架 STK 迁移）；两种子均值,"JointRecovery (JR, ours); 2-seed mean",PROPOSED_FULL_FRAMEWORK
test,quality,FullCapacity-mean17/29,8,JR-DUAL-r008-R8-g0340,False,2,True,2.0,120.0,964674.094508257,967744.796548355,3070.7020400980255,0.318314968503774,2.768313517794013,6.832973146811128,1.0,1.0,0.0,0.0,1.0,0.0,0.0,0.0,8.0,8.0,0.0,3070.7020400980255,967744.796548355,2213.5059239330003,857.1961161650252,JointRecovery（本文方法，JR；完整框架 STK 迁移）；两种子均值,"JointRecovery (JR, ours); 2-seed mean",PROPOSED_FULL_FRAMEWORK
test,quality,FullCapacity-mean17/29,8,JR-DUAL-r008-R8-g0680,False,2,True,2.0,120.0,725058.74017615,727062.211266697,2003.471090547042,0.2763184524967325,2.619388833642006,6.755220148712397,1.0,1.0,0.0,0.0,1.0,0.0,0.0,0.0,8.0,8.0,0.0,2003.471090547042,727062.211266697,1072.9688282109564,930.5022623360856,JointRecovery（本文方法，JR；完整框架 STK 迁移）；两种子均值,"JointRecovery (JR, ours); 2-seed mean",PROPOSED_FULL_FRAMEWORK
test,quality,FullCapacity-mean17/29,9,JR-DUAL-r009-R12-g0170,False,2,True,2.0,120.0,1303588.958822233,1305244.951142674,1655.9923204411753,0.12703331899476442,4.474444407969713,9.301818449050188,1.0,1.0,0.0,0.0,1.0,0.0,0.0,0.0,8.0,8.0,0.0,1655.9923204411753,1305244.951142674,1480.9733000150882,175.01902042608708,JointRecovery（本文方法，JR；完整框架 STK 迁移）；两种子均值,"JointRecovery (JR, ours); 2-seed mean",PROPOSED_FULL_FRAMEWORK
test,quality,FullCapacity-mean17/29,9,JR-DUAL-r009-R12-g0340,False,2,True,2.0,120.0,1201896.359864861,1204184.639125805,2288.2792609441094,0.19038906659151536,3.8033414985984564,8.925025336444378,1.0,1.0,0.0,0.0,1.0,0.0,0.0,0.0,7.0,7.0,0.0,2288.2792609441094,1204184.639125805,1088.1848472019192,1200.0944137421902,JointRecovery（本文方法，JR；完整框架 STK 迁移）；两种子均值,"JointRecovery (JR, ours); 2-seed mean",PROPOSED_FULL_FRAMEWORK
test,quality,FullCapacity-mean17/29,9,JR-DUAL-r009-R12-g0680,False,2,True,2.0,120.0,995328.900324943,996691.239721992,1362.3393970490433,0.136873288478239,3.751735942438245,9.159872379153967,1.0,1.0,0.0,0.0,1.0,0.0,0.0,0.0,8.0,8.0,0.0,1362.3393970490433,996691.239721992,1132.9280402449658,229.4113568040775,JointRecovery（本文方法，JR；完整框架 STK 迁移）；两种子均值,"JointRecovery (JR, ours); 2-seed mean",PROPOSED_FULL_FRAMEWORK
test,quality,FullCapacity-mean17/29,9,JR-DUAL-r009-R8-g0170,False,2,True,2.0,120.0,1069460.8401523,1072358.373683807,2897.5335315070115,0.270934046644885,2.83367632701993,7.41466742567718,1.0,1.0,0.0,0.0,1.0,0.0,0.0,0.0,7.0,7.0,0.0,2897.5335315070115,1072358.373683807,1700.94802728598,1196.5855042210314,JointRecovery（本文方法，JR；完整框架 STK 迁移）；两种子均值,"JointRecovery (JR, ours); 2-seed mean",PROPOSED_FULL_FRAMEWORK
test,quality,FullCapacity-mean17/29,9,JR-DUAL-r009-R8-g0340,False,2,True,2.0,120.0,958942.247525348,962784.318409774,3842.070884426008,0.40065717141369867,2.9404818546026945,7.542357919737697,1.0,1.0,0.0,0.0,1.0,0.0,0.0,0.0,8.0,8.0,0.0,3842.070884426008,962784.318409774,2413.828959963983,1428.241924462025,JointRecovery（本文方法，JR；完整框架 STK 迁移）；两种子均值,"JointRecovery (JR, ours); 2-seed mean",PROPOSED_FULL_FRAMEWORK
test,quality,FullCapacity-mean17/29,9,JR-DUAL-r009-R8-g0680,False,2,True,2.0,120.0,727027.842792866,728717.263461693,1689.4206688269041,0.2323735859051864,2.6092239301651716,6.914280818775296,1.0,1.0,0.0,0.0,1.0,0.0,0.0,0.0,8.0,8.0,0.0,1689.4206688269041,728717.263461693,856.4749668039149,832.9457020229893,JointRecovery（本文方法，JR；完整框架 STK 迁移）；两种子均值,"JointRecovery (JR, ours); 2-seed mean",PROPOSED_FULL_FRAMEWORK
test,quality,FullCapacity-mean17/29,10,JR-DUAL-r010-R12-g0170,False,2,True,2.0,120.0,1304524.980145348,1306337.307063753,1812.326918405015,0.13892619505094403,4.333841839805245,8.779721489176154,1.0,1.0,0.0,0.0,1.0,0.0,0.0,0.0,8.0,8.0,0.0,1812.326918405015,1306337.307063753,1409.6677442491055,402.65917415590957,JointRecovery（本文方法，JR；完整框架 STK 迁移）；两种子均值,"JointRecovery (JR, ours); 2-seed mean",PROPOSED_FULL_FRAMEWORK
test,quality,FullCapacity-mean17/29,10,JR-DUAL-r010-R12-g0340,False,2,True,2.0,120.0,1204766.032426266,1208402.552936319,3636.5205100530293,0.3018445417762549,2.633370812982321,7.333656584843993,1.0,1.0,0.0,0.0,1.0,0.0,0.0,0.0,8.0,8.0,0.0,3636.5205100530293,1208402.552936319,2638.0165747040883,998.503935348941,JointRecovery（本文方法，JR；完整框架 STK 迁移）；两种子均值,"JointRecovery (JR, ours); 2-seed mean",PROPOSED_FULL_FRAMEWORK
test,quality,FullCapacity-mean17/29,10,JR-DUAL-r010-R12-g0680,False,2,True,2.0,120.0,997301.877515741,1000413.196392745,3111.3188770039706,0.3119736307680683,3.1437024120241404,8.057095704600215,1.0,1.0,0.0,0.0,1.0,0.0,0.0,0.0,8.0,8.0,0.0,3111.3188770039706,1000413.196392745,1689.2379566929303,1422.0809203110402,JointRecovery（本文方法，JR；完整框架 STK 迁移）；两种子均值,"JointRecovery (JR, ours); 2-seed mean",PROPOSED_FULL_FRAMEWORK
test,quality,FullCapacity-mean17/29,10,JR-DUAL-r010-R8-g0170,False,2,True,2.0,120.0,1063723.76085508,1067005.870427666,3282.109572585905,0.30854905130139837,3.998015584424138,8.47046378813684,1.0,1.0,0.0,0.0,1.0,0.0,0.0,0.0,8.0,8.0,0.0,3282.109572585905,1067005.870427666,1999.1203333488666,1282.9892392370384,JointRecovery（本文方法，JR；完整框架 STK 迁移）；两种子均值,"JointRecovery (JR, ours); 2-seed mean",PROPOSED_FULL_FRAMEWORK
test,quality,FullCapacity-mean17/29,10,JR-DUAL-r010-R8-g0340,False,2,True,2.0,120.0,961329.66255596,965900.661665852,4570.999109891942,0.4754871599133517,2.733305459842086,7.194695685058832,1.0,1.0,0.0,0.0,1.0,0.0,0.0,0.0,8.0,8.0,0.0,4570.999109891942,965900.661665852,2815.9254813429434,1755.0736285489984,JointRecovery（本文方法，JR；完整框架 STK 迁移）；两种子均值,"JointRecovery (JR, ours); 2-seed mean",PROPOSED_FULL_FRAMEWORK
test,quality,FullCapacity-mean17/29,10,JR-DUAL-r010-R8-g0680,False,2,True,2.0,120.0,729720.170020981,731299.5775384535,1579.4075174725149,0.21644016190851673,2.6871961522847414,6.959104456007481,1.0,1.0,0.0,0.0,1.0,0.0,0.0,0.0,8.0,8.0,0.0,1579.4075174725149,731299.5775384535,1249.4284307870548,329.97908668546006,JointRecovery（本文方法，JR；完整框架 STK 迁移）；两种子均值,"JointRecovery (JR, ours); 2-seed mean",PROPOSED_FULL_FRAMEWORK
test,quality,FullCapacity-mean17/29,11,JR-DUAL-r011-R12-g0170,False,2,True,2.0,120.0,1309710.108432145,1311148.438464307,1438.3300321619026,0.10982048797681866,4.924800455570221,10.024138905107975,1.0,1.0,0.0,0.0,1.0,0.0,0.0,0.0,8.0,8.0,0.0,1438.3300321619026,1311148.438464307,1187.9974463549443,250.33258580695838,JointRecovery（本文方法，JR；完整框架 STK 迁移）；两种子均值,"JointRecovery (JR, ours); 2-seed mean",PROPOSED_FULL_FRAMEWORK
test,quality,FullCapacity-mean17/29,11,JR-DUAL-r011-R12-g0340,False,2,True,2.0,120.0,1207263.813126226,1211168.326449476,3904.513323249994,0.32341840124729687,3.2998301330953836,8.702862814068794,1.0,1.0,0.0,0.0,1.0,0.0,0.0,0.0,8.0,8.0,0.0,3904.513323249994,1211168.326449476,3230.222770435037,674.2905528149568,JointRecovery（本文方法，JR；完整框架 STK 迁移）；两种子均值,"JointRecovery (JR, ours); 2-seed mean",PROPOSED_FULL_FRAMEWORK
test,quality,FullCapacity-mean17/29,11,JR-DUAL-r011-R12-g0680,False,2,True,2.0,120.0,996565.623874682,998503.525917519,1937.9020428369986,0.19445804635547909,2.541240246966481,7.407468741759658,1.0,1.0,0.0,0.0,1.0,0.0,0.0,0.0,8.0,8.0,0.0,1937.9020428369986,998503.525917519,1146.2667337020393,791.6353091349592,JointRecovery（本文方法，JR；完整框架 STK 迁移）；两种子均值,"JointRecovery (JR, ours); 2-seed mean",PROPOSED_FULL_FRAMEWORK
test,quality,FullCapacity-mean17/29,11,JR-DUAL-r011-R8-g0170,False,2,True,2.0,120.0,1065376.358638791,1069164.206413786,3787.8477749950252,0.35554081374911295,2.788909710943699,7.357771206647158,1.0,1.0,0.0,0.0,1.0,0.0,0.0,0.0,7.0,7.0,0.0,3787.8477749950252,1069164.206413786,2622.570562876994,1165.2772121180315,JointRecovery（本文方法，JR；完整框架 STK 迁移）；两种子均值,"JointRecovery (JR, ours); 2-seed mean",PROPOSED_FULL_FRAMEWORK
test,quality,FullCapacity-mean17/29,11,JR-DUAL-r011-R8-g0340,False,2,True,2.0,120.0,961749.203495802,964940.392041908,3191.1885461059865,0.33181088526057884,2.1234266329556704,6.336121995002031,1.0,1.0,0.0,0.0,1.0,0.0,0.0,0.0,8.0,8.0,0.0,3191.1885461059865,964940.392041908,2574.4641978610307,616.7243482449558,JointRecovery（本文方法，JR；完整框架 STK 迁移）；两种子均值,"JointRecovery (JR, ours); 2-seed mean",PROPOSED_FULL_FRAMEWORK
test,quality,FullCapacity-mean17/29,11,JR-DUAL-r011-R8-g0680,False,2,True,2.0,120.0,730874.623950481,731929.972561589,1055.3486111080274,0.14439530071569848,2.791191613301635,7.458804735913873,1.0,1.0,0.0,0.0,1.0,0.0,0.0,0.0,8.0,8.0,0.0,1055.3486111080274,731929.972561589,1055.3486111080274,0.0,JointRecovery（本文方法，JR；完整框架 STK 迁移）；两种子均值,"JointRecovery (JR, ours); 2-seed mean",PROPOSED_FULL_FRAMEWORK
test,quality,FullCapacity-seed17,8,JR-DUAL-r008-R12-g0170,False,1,True,1.0,120.0,1308539.931227763,1310601.940398075,2062.009170311969,0.1575809129781197,3.734474215656519,8.33956267312169,1.0,1.0,0.0,0.0,1.0,0.0,0.0,0.0,7.0,7.0,0.0,2062.009170311969,1310601.940398075,1545.2884029019624,516.7207674100064,JointRecovery（本文方法，JR；完整框架 STK 迁移）；seed17,"JointRecovery (JR, ours); seed17",PROPOSED_FULL_FRAMEWORK
test,quality,FullCapacity-seed17,8,JR-DUAL-r008-R12-g0340,False,1,True,1.0,120.0,1206858.411921518,1210753.609808727,3895.1978872090112,0.32275516736111676,3.3162216506898403,7.690443616360426,1.0,1.0,0.0,0.0,1.0,0.0,0.0,0.0,8.0,8.0,0.0,3895.1978872090112,1210753.609808727,2293.9027097311337,1601.2951774778776,JointRecovery（本文方法，JR；完整框架 STK 迁移）；seed17,"JointRecovery (JR, ours); seed17",PROPOSED_FULL_FRAMEWORK
test,quality,FullCapacity-seed17,8,JR-DUAL-r008-R12-g0680,False,1,True,1.0,120.0,996252.482559234,998653.972644334,2401.49008509994,0.241052356419815,3.1226481944322586,7.585261020809412,1.0,1.0,0.0,0.0,1.0,0.0,0.0,0.0,8.0,8.0,0.0,2401.49008509994,998653.972644334,1752.890491288039,648.5995938119013,JointRecovery（本文方法，JR；完整框架 STK 迁移）；seed17,"JointRecovery (JR, ours); seed17",PROPOSED_FULL_FRAMEWORK
test,quality,FullCapacity-seed17,8,JR-DUAL-r008-R8-g0170,False,1,True,1.0,120.0,1064212.05311729,1067742.629697501,3530.5765802110545,0.33175498904276546,2.838234353810549,7.562218103557825,1.0,1.0,0.0,0.0,1.0,0.0,0.0,0.0,7.0,7.0,0.0,3530.5765802110545,1067742.629697501,2186.9149603929836,1343.661619818071,JointRecovery（本文方法，JR；完整框架 STK 迁移）；seed17,"JointRecovery (JR, ours); seed17",PROPOSED_FULL_FRAMEWORK
test,quality,FullCapacity-seed17,8,JR-DUAL-r008-R8-g0340,False,1,True,1.0,120.0,964674.094508257,967744.796548355,3070.7020400980255,0.318314968503774,2.8057428523898125,6.863820616155863,1.0,1.0,0.0,0.0,1.0,0.0,0.0,0.0,8.0,8.0,0.0,3070.7020400980255,967744.796548355,2213.5059239330003,857.1961161650252,JointRecovery（本文方法，JR；完整框架 STK 迁移）；seed17,"JointRecovery (JR, ours); seed17",PROPOSED_FULL_FRAMEWORK
test,quality,FullCapacity-seed17,8,JR-DUAL-r008-R8-g0680,False,1,True,1.0,120.0,725058.74017615,727062.211266697,2003.471090547042,0.2763184524967325,2.6342549957334995,6.959560792893171,1.0,1.0,0.0,0.0,1.0,0.0,0.0,0.0,8.0,8.0,0.0,2003.471090547042,727062.211266697,1072.9688282109564,930.5022623360856,JointRecovery（本文方法，JR；完整框架 STK 迁移）；seed17,"JointRecovery (JR, ours); seed17",PROPOSED_FULL_FRAMEWORK
test,quality,FullCapacity-seed17,9,JR-DUAL-r009-R12-g0170,False,1,True,1.0,120.0,1303588.958822233,1305244.951142674,1655.9923204411753,0.12703331899476442,3.888279177248478,8.669007424265146,1.0,1.0,0.0,0.0,1.0,0.0,0.0,0.0,8.0,8.0,0.0,1655.9923204411753,1305244.951142674,1480.9733000150882,175.01902042608708,JointRecovery（本文方法，JR；完整框架 STK 迁移）；seed17,"JointRecovery (JR, ours); seed17",PROPOSED_FULL_FRAMEWORK
test,quality,FullCapacity-seed17,9,JR-DUAL-r009-R12-g0340,False,1,True,1.0,120.0,1201896.359864861,1204184.639125805,2288.2792609441094,0.19038906659151536,3.1679908484220505,8.23360950499773,1.0,1.0,0.0,0.0,1.0,0.0,0.0,0.0,6.0,6.0,0.0,2288.2792609441094,1204184.639125805,1088.1848472019192,1200.0944137421902,JointRecovery（本文方法，JR；完整框架 STK 迁移）；seed17,"JointRecovery (JR, ours); seed17",PROPOSED_FULL_FRAMEWORK
test,quality,FullCapacity-seed17,9,JR-DUAL-r009-R12-g0680,False,1,True,1.0,120.0,995328.900324943,996691.239721992,1362.3393970490433,0.136873288478239,3.1372792199254036,8.937132965773344,1.0,1.0,0.0,0.0,1.0,0.0,0.0,0.0,8.0,8.0,0.0,1362.3393970490433,996691.239721992,1132.9280402449658,229.4113568040775,JointRecovery（本文方法，JR；完整框架 STK 迁移）；seed17,"JointRecovery (JR, ours); seed17",PROPOSED_FULL_FRAMEWORK
test,quality,FullCapacity-seed17,9,JR-DUAL-r009-R8-g0170,False,1,True,1.0,120.0,1069460.8401523,1072358.373683807,2897.5335315070115,0.270934046644885,2.8209029622375965,7.35909827798605,1.0,1.0,0.0,0.0,1.0,0.0,0.0,0.0,7.0,7.0,0.0,2897.5335315070115,1072358.373683807,1700.94802728598,1196.5855042210314,JointRecovery（本文方法，JR；完整框架 STK 迁移）；seed17,"JointRecovery (JR, ours); seed17",PROPOSED_FULL_FRAMEWORK
test,quality,FullCapacity-seed17,9,JR-DUAL-r009-R8-g0340,False,1,True,1.0,120.0,958942.247525348,962784.318409774,3842.070884426008,0.40065717141369867,2.9340138509869576,7.376079246401787,1.0,1.0,0.0,0.0,1.0,0.0,0.0,0.0,8.0,8.0,0.0,3842.070884426008,962784.318409774,2413.828959963983,1428.241924462025,JointRecovery（本文方法，JR；完整框架 STK 迁移）；seed17,"JointRecovery (JR, ours); seed17",PROPOSED_FULL_FRAMEWORK
test,quality,FullCapacity-seed17,9,JR-DUAL-r009-R8-g0680,False,1,True,1.0,120.0,727027.842792866,728717.263461693,1689.4206688269041,0.2323735859051864,1.4416890554130077,5.758534021675587,1.0,1.0,0.0,0.0,1.0,0.0,0.0,0.0,8.0,8.0,0.0,1689.4206688269041,728717.263461693,856.4749668039149,832.9457020229893,JointRecovery（本文方法，JR；完整框架 STK 迁移）；seed17,"JointRecovery (JR, ours); seed17",PROPOSED_FULL_FRAMEWORK
test,quality,FullCapacity-seed17,10,JR-DUAL-r010-R12-g0170,False,1,True,1.0,120.0,1304524.980145348,1306337.307063753,1812.326918405015,0.13892619505094403,3.7062442153692245,8.133281577378511,1.0,1.0,0.0,0.0,1.0,0.0,0.0,0.0,8.0,8.0,0.0,1812.326918405015,1306337.307063753,1409.6677442491055,402.65917415590957,JointRecovery（本文方法，JR；完整框架 STK 迁移）；seed17,"JointRecovery (JR, ours); seed17",PROPOSED_FULL_FRAMEWORK
test,quality,FullCapacity-seed17,10,JR-DUAL-r010-R12-g0340,False,1,True,1.0,120.0,1204766.032426266,1208402.552936319,3636.5205100530293,0.3018445417762549,2.064086064696312,6.381854332983494,1.0,1.0,0.0,0.0,1.0,0.0,0.0,0.0,8.0,8.0,0.0,3636.5205100530293,1208402.552936319,2638.0165747040883,998.503935348941,JointRecovery（本文方法，JR；完整框架 STK 迁移）；seed17,"JointRecovery (JR, ours); seed17",PROPOSED_FULL_FRAMEWORK
test,quality,FullCapacity-seed17,10,JR-DUAL-r010-R12-g0680,False,1,True,1.0,120.0,997301.877515741,1000413.196392745,3111.3188770039706,0.3119736307680683,3.1380075477063656,7.775447331368923,1.0,1.0,0.0,0.0,1.0,0.0,0.0,0.0,8.0,8.0,0.0,3111.3188770039706,1000413.196392745,1689.2379566929303,1422.0809203110402,JointRecovery（本文方法，JR；完整框架 STK 迁移）；seed17,"JointRecovery (JR, ours); seed17",PROPOSED_FULL_FRAMEWORK
test,quality,FullCapacity-seed17,10,JR-DUAL-r010-R8-g0170,False,1,True,1.0,120.0,1063723.76085508,1067005.870427666,3282.109572585905,0.30854905130139837,4.00053533539176,8.470760755240917,1.0,1.0,0.0,0.0,1.0,0.0,0.0,0.0,8.0,8.0,0.0,3282.109572585905,1067005.870427666,1999.1203333488666,1282.9892392370384,JointRecovery（本文方法，JR；完整框架 STK 迁移）；seed17,"JointRecovery (JR, ours); seed17",PROPOSED_FULL_FRAMEWORK
test,quality,FullCapacity-seed17,10,JR-DUAL-r010-R8-g0340,False,1,True,1.0,120.0,961329.66255596,965900.661665852,4570.999109891942,0.4754871599133517,2.7473711036145687,7.017302215099335,1.0,1.0,0.0,0.0,1.0,0.0,0.0,0.0,8.0,8.0,0.0,4570.999109891942,965900.661665852,2815.9254813429434,1755.0736285489984,JointRecovery（本文方法，JR；完整框架 STK 迁移）；seed17,"JointRecovery (JR, ours); seed17",PROPOSED_FULL_FRAMEWORK
test,quality,FullCapacity-seed17,10,JR-DUAL-r010-R8-g0680,False,1,True,1.0,120.0,729720.170020981,731036.045048618,1315.8750276369974,0.18032597723030777,1.624304573982954,6.262702137231827,1.0,1.0,0.0,0.0,1.0,0.0,0.0,0.0,8.0,8.0,0.0,1315.8750276369974,731036.045048618,1249.4284307870548,66.44659684994258,JointRecovery（本文方法，JR；完整框架 STK 迁移）；seed17,"JointRecovery (JR, ours); seed17",PROPOSED_FULL_FRAMEWORK
test,quality,FullCapacity-seed17,11,JR-DUAL-r011-R12-g0170,False,1,True,1.0,120.0,1309710.108432145,1311148.438464307,1438.3300321619026,0.10982048797681866,4.891343351453543,10.132449202239513,1.0,1.0,0.0,0.0,1.0,0.0,0.0,0.0,8.0,8.0,0.0,1438.3300321619026,1311148.438464307,1187.9974463549443,250.33258580695838,JointRecovery（本文方法，JR；完整框架 STK 迁移）；seed17,"JointRecovery (JR, ours); seed17",PROPOSED_FULL_FRAMEWORK
test,quality,FullCapacity-seed17,11,JR-DUAL-r011-R12-g0340,False,1,True,1.0,120.0,1207263.813126226,1211168.326449476,3904.513323249994,0.32341840124729687,3.2618173733353615,8.369539931416512,1.0,1.0,0.0,0.0,1.0,0.0,0.0,0.0,8.0,8.0,0.0,3904.513323249994,1211168.326449476,3230.222770435037,674.2905528149568,JointRecovery（本文方法，JR；完整框架 STK 迁移）；seed17,"JointRecovery (JR, ours); seed17",PROPOSED_FULL_FRAMEWORK
test,quality,FullCapacity-seed17,11,JR-DUAL-r011-R12-g0680,False,1,True,1.0,120.0,996565.623874682,998503.525917519,1937.9020428369986,0.19445804635547909,1.981682538986206,7.127703595906496,1.0,1.0,0.0,0.0,1.0,0.0,0.0,0.0,8.0,8.0,0.0,1937.9020428369986,998503.525917519,1146.2667337020393,791.6353091349592,JointRecovery（本文方法，JR；完整框架 STK 迁移）；seed17,"JointRecovery (JR, ours); seed17",PROPOSED_FULL_FRAMEWORK
test,quality,FullCapacity-seed17,11,JR-DUAL-r011-R8-g0170,False,1,True,1.0,120.0,1065376.358638791,1069164.206413786,3787.8477749950252,0.35554081374911295,2.7915822863578796,7.4843373373150826,1.0,1.0,0.0,0.0,1.0,0.0,0.0,0.0,7.0,7.0,0.0,3787.8477749950252,1069164.206413786,2622.570562876994,1165.2772121180315,JointRecovery（本文方法，JR；完整框架 STK 迁移）；seed17,"JointRecovery (JR, ours); seed17",PROPOSED_FULL_FRAMEWORK
test,quality,FullCapacity-seed17,11,JR-DUAL-r011-R8-g0340,False,1,True,1.0,120.0,961749.203495802,964940.392041908,3191.1885461059865,0.33181088526057884,1.5654716901481152,6.161562718451023,1.0,1.0,0.0,0.0,1.0,0.0,0.0,0.0,8.0,8.0,0.0,3191.1885461059865,964940.392041908,2574.4641978610307,616.7243482449558,JointRecovery（本文方法，JR；完整框架 STK 迁移）；seed17,"JointRecovery (JR, ours); seed17",PROPOSED_FULL_FRAMEWORK
test,quality,FullCapacity-seed17,11,JR-DUAL-r011-R8-g0680,False,1,True,1.0,120.0,730874.623950481,731929.972561589,1055.3486111080274,0.14439530071569848,1.825537160038948,6.449460458010435,1.0,1.0,0.0,0.0,1.0,0.0,0.0,0.0,8.0,8.0,0.0,1055.3486111080274,731929.972561589,1055.3486111080274,0.0,JointRecovery（本文方法，JR；完整框架 STK 迁移）；seed17,"JointRecovery (JR, ours); seed17",PROPOSED_FULL_FRAMEWORK
test,quality,FullCapacity-seed29,8,JR-DUAL-r008-R12-g0170,False,1,True,1.0,120.0,1308539.931227763,1310601.940398075,2062.009170311969,0.1575809129781197,5.073243096470833,10.347351141273975,1.0,1.0,0.0,0.0,1.0,0.0,0.0,0.0,8.0,8.0,0.0,2062.009170311969,1310601.940398075,1545.2884029019624,516.7207674100064,JointRecovery（本文方法，JR；完整框架 STK 迁移）；seed29,"JointRecovery (JR, ours); seed29",PROPOSED_FULL_FRAMEWORK
test,quality,FullCapacity-seed29,8,JR-DUAL-r008-R12-g0340,False,1,True,1.0,120.0,1206858.411921518,1210753.609808727,3895.1978872090112,0.32275516736111676,3.3044602535665035,8.586429871618748,1.0,1.0,0.0,0.0,1.0,0.0,0.0,0.0,8.0,8.0,0.0,3895.1978872090112,1210753.609808727,2293.9027097311337,1601.2951774778776,JointRecovery（本文方法，JR；完整框架 STK 迁移）；seed29,"JointRecovery (JR, ours); seed29",PROPOSED_FULL_FRAMEWORK
test,quality,FullCapacity-seed29,8,JR-DUAL-r008-R12-g0680,False,1,True,1.0,120.0,996252.482559234,998653.972644334,2401.49008509994,0.241052356419815,3.316230997443199,8.381071507930756,1.0,1.0,0.0,0.0,1.0,0.0,0.0,0.0,8.0,8.0,0.0,2401.49008509994,998653.972644334,1752.890491288039,648.5995938119013,JointRecovery（本文方法，JR；完整框架 STK 迁移）；seed29,"JointRecovery (JR, ours); seed29",PROPOSED_FULL_FRAMEWORK
test,quality,FullCapacity-seed29,8,JR-DUAL-r008-R8-g0170,False,1,True,1.0,120.0,1064212.05311729,1067758.36865486,3546.3155375700444,0.33323391961049276,4.03282655403018,8.663627315312624,1.0,1.0,0.0,0.0,1.0,0.0,0.0,0.0,8.0,8.0,0.0,3546.3155375700444,1067758.36865486,2186.9149603929836,1359.4005771770608,JointRecovery（本文方法，JR；完整框架 STK 迁移）；seed29,"JointRecovery (JR, ours); seed29",PROPOSED_FULL_FRAMEWORK
test,quality,FullCapacity-seed29,8,JR-DUAL-r008-R8-g0340,False,1,True,1.0,120.0,964674.094508257,967744.796548355,3070.7020400980255,0.318314968503774,2.7308841831982136,6.8021256774663925,1.0,1.0,0.0,0.0,1.0,0.0,0.0,0.0,8.0,8.0,0.0,3070.7020400980255,967744.796548355,2213.5059239330003,857.1961161650252,JointRecovery（本文方法，JR；完整框架 STK 迁移）；seed29,"JointRecovery (JR, ours); seed29",PROPOSED_FULL_FRAMEWORK
test,quality,FullCapacity-seed29,8,JR-DUAL-r008-R8-g0680,False,1,True,1.0,120.0,725058.74017615,727062.211266697,2003.471090547042,0.2763184524967325,2.6045226715505123,6.550879504531622,1.0,1.0,0.0,0.0,1.0,0.0,0.0,0.0,8.0,8.0,0.0,2003.471090547042,727062.211266697,1072.9688282109564,930.5022623360856,JointRecovery（本文方法，JR；完整框架 STK 迁移）；seed29,"JointRecovery (JR, ours); seed29",PROPOSED_FULL_FRAMEWORK
test,quality,FullCapacity-seed29,9,JR-DUAL-r009-R12-g0170,False,1,True,1.0,120.0,1303588.958822233,1305244.951142674,1655.9923204411753,0.12703331899476442,5.0606096386909485,9.93462947383523,1.0,1.0,0.0,0.0,1.0,0.0,0.0,0.0,8.0,8.0,0.0,1655.9923204411753,1305244.951142674,1480.9733000150882,175.01902042608708,JointRecovery（本文方法，JR；完整框架 STK 迁移）；seed29,"JointRecovery (JR, ours); seed29",PROPOSED_FULL_FRAMEWORK
test,quality,FullCapacity-seed29,9,JR-DUAL-r009-R12-g0340,False,1,True,1.0,120.0,1201896.359864861,1204184.639125805,2288.2792609441094,0.19038906659151536,4.438692148774862,9.616441167891026,1.0,1.0,0.0,0.0,1.0,0.0,0.0,0.0,8.0,8.0,0.0,2288.2792609441094,1204184.639125805,1088.1848472019192,1200.0944137421902,JointRecovery（本文方法，JR；完整框架 STK 迁移）；seed29,"JointRecovery (JR, ours); seed29",PROPOSED_FULL_FRAMEWORK
test,quality,FullCapacity-seed29,9,JR-DUAL-r009-R12-g0680,False,1,True,1.0,120.0,995328.900324943,996691.239721992,1362.3393970490433,0.136873288478239,4.366192664951086,9.38261179253459,1.0,1.0,0.0,0.0,1.0,0.0,0.0,0.0,8.0,8.0,0.0,1362.3393970490433,996691.239721992,1132.9280402449658,229.4113568040775,JointRecovery（本文方法，JR；完整框架 STK 迁移）；seed29,"JointRecovery (JR, ours); seed29",PROPOSED_FULL_FRAMEWORK
test,quality,FullCapacity-seed29,9,JR-DUAL-r009-R8-g0170,False,1,True,1.0,120.0,1069460.8401523,1072358.373683807,2897.5335315070115,0.270934046644885,2.8464496918022633,7.470236573368311,1.0,1.0,0.0,0.0,1.0,0.0,0.0,0.0,7.0,7.0,0.0,2897.5335315070115,1072358.373683807,1700.94802728598,1196.5855042210314,JointRecovery（本文方法，JR；完整框架 STK 迁移）；seed29,"JointRecovery (JR, ours); seed29",PROPOSED_FULL_FRAMEWORK
test,quality,FullCapacity-seed29,9,JR-DUAL-r009-R8-g0340,False,1,True,1.0,120.0,958942.247525348,962784.318409774,3842.070884426008,0.40065717141369867,2.9469498582184315,7.7086365930736065,1.0,1.0,0.0,0.0,1.0,0.0,0.0,0.0,8.0,8.0,0.0,3842.070884426008,962784.318409774,2413.828959963983,1428.241924462025,JointRecovery（本文方法，JR；完整框架 STK 迁移）；seed29,"JointRecovery (JR, ours); seed29",PROPOSED_FULL_FRAMEWORK
test,quality,FullCapacity-seed29,9,JR-DUAL-r009-R8-g0680,False,1,True,1.0,120.0,727027.842792866,728717.263461693,1689.4206688269041,0.2323735859051864,3.7767588049173355,8.070027615875006,1.0,1.0,0.0,0.0,1.0,0.0,0.0,0.0,8.0,8.0,0.0,1689.4206688269041,728717.263461693,856.4749668039149,832.9457020229893,JointRecovery（本文方法，JR；完整框架 STK 迁移）；seed29,"JointRecovery (JR, ours); seed29",PROPOSED_FULL_FRAMEWORK
test,quality,FullCapacity-seed29,10,JR-DUAL-r010-R12-g0170,False,1,True,1.0,120.0,1304524.980145348,1306337.307063753,1812.326918405015,0.13892619505094403,4.961439464241266,9.426161400973797,1.0,1.0,0.0,0.0,1.0,0.0,0.0,0.0,8.0,8.0,0.0,1812.326918405015,1306337.307063753,1409.6677442491055,402.65917415590957,JointRecovery（本文方法，JR；完整框架 STK 迁移）；seed29,"JointRecovery (JR, ours); seed29",PROPOSED_FULL_FRAMEWORK
test,quality,FullCapacity-seed29,10,JR-DUAL-r010-R12-g0340,False,1,True,1.0,120.0,1204766.032426266,1208402.552936319,3636.5205100530293,0.3018445417762549,3.2026555612683296,8.285458836704493,1.0,1.0,0.0,0.0,1.0,0.0,0.0,0.0,8.0,8.0,0.0,3636.5205100530293,1208402.552936319,2638.0165747040883,998.503935348941,JointRecovery（本文方法，JR；完整框架 STK 迁移）；seed29,"JointRecovery (JR, ours); seed29",PROPOSED_FULL_FRAMEWORK
test,quality,FullCapacity-seed29,10,JR-DUAL-r010-R12-g0680,False,1,True,1.0,120.0,997301.877515741,1000413.196392745,3111.3188770039706,0.3119736307680683,3.149397276341915,8.338744077831507,1.0,1.0,0.0,0.0,1.0,0.0,0.0,0.0,8.0,8.0,0.0,3111.3188770039706,1000413.196392745,1689.2379566929303,1422.0809203110402,JointRecovery（本文方法，JR；完整框架 STK 迁移）；seed29,"JointRecovery (JR, ours); seed29",PROPOSED_FULL_FRAMEWORK
test,quality,FullCapacity-seed29,10,JR-DUAL-r010-R8-g0170,False,1,True,1.0,120.0,1063723.76085508,1067005.870427666,3282.109572585905,0.30854905130139837,3.9954958334565163,8.470166821032763,1.0,1.0,0.0,0.0,1.0,0.0,0.0,0.0,8.0,8.0,0.0,3282.109572585905,1067005.870427666,1999.1203333488666,1282.9892392370384,JointRecovery（本文方法，JR；完整框架 STK 迁移）；seed29,"JointRecovery (JR, ours); seed29",PROPOSED_FULL_FRAMEWORK
test,quality,FullCapacity-seed29,10,JR-DUAL-r010-R8-g0340,False,1,True,1.0,120.0,961329.66255596,965900.661665852,4570.999109891942,0.4754871599133517,2.719239816069603,7.37208915501833,1.0,1.0,0.0,0.0,1.0,0.0,0.0,0.0,8.0,8.0,0.0,4570.999109891942,965900.661665852,2815.9254813429434,1755.0736285489984,JointRecovery（本文方法，JR；完整框架 STK 迁移）；seed29,"JointRecovery (JR, ours); seed29",PROPOSED_FULL_FRAMEWORK
test,quality,FullCapacity-seed29,10,JR-DUAL-r010-R8-g0680,False,1,True,1.0,120.0,729720.170020981,731563.110028289,1842.9400073080324,0.2525543465867257,3.750087730586529,7.6555067747831345,1.0,1.0,0.0,0.0,1.0,0.0,0.0,0.0,8.0,8.0,0.0,1842.9400073080324,731563.110028289,1249.4284307870548,593.5115765209775,JointRecovery（本文方法，JR；完整框架 STK 迁移）；seed29,"JointRecovery (JR, ours); seed29",PROPOSED_FULL_FRAMEWORK
test,quality,FullCapacity-seed29,11,JR-DUAL-r011-R12-g0170,False,1,True,1.0,120.0,1309710.108432145,1311148.438464307,1438.3300321619026,0.10982048797681866,4.958257559686899,9.915828607976437,1.0,1.0,0.0,0.0,1.0,0.0,0.0,0.0,8.0,8.0,0.0,1438.3300321619026,1311148.438464307,1187.9974463549443,250.33258580695838,JointRecovery（本文方法，JR；完整框架 STK 迁移）；seed29,"JointRecovery (JR, ours); seed29",PROPOSED_FULL_FRAMEWORK
test,quality,FullCapacity-seed29,11,JR-DUAL-r011-R12-g0340,False,1,True,1.0,120.0,1207263.813126226,1211168.326449476,3904.513323249994,0.32341840124729687,3.337842892855406,9.036185696721077,1.0,1.0,0.0,0.0,1.0,0.0,0.0,0.0,8.0,8.0,0.0,3904.513323249994,1211168.326449476,3230.222770435037,674.2905528149568,JointRecovery（本文方法，JR；完整框架 STK 迁移）；seed29,"JointRecovery (JR, ours); seed29",PROPOSED_FULL_FRAMEWORK
test,quality,FullCapacity-seed29,11,JR-DUAL-r011-R12-g0680,False,1,True,1.0,120.0,996565.623874682,998503.525917519,1937.9020428369986,0.19445804635547909,3.1007979549467564,7.68723388761282,1.0,1.0,0.0,0.0,1.0,0.0,0.0,0.0,8.0,8.0,0.0,1937.9020428369986,998503.525917519,1146.2667337020393,791.6353091349592,JointRecovery（本文方法，JR；完整框架 STK 迁移）；seed29,"JointRecovery (JR, ours); seed29",PROPOSED_FULL_FRAMEWORK
test,quality,FullCapacity-seed29,11,JR-DUAL-r011-R8-g0170,False,1,True,1.0,120.0,1065376.358638791,1069164.206413786,3787.8477749950252,0.35554081374911295,2.786237135529518,7.231205075979233,1.0,1.0,0.0,0.0,1.0,0.0,0.0,0.0,7.0,7.0,0.0,3787.8477749950252,1069164.206413786,2622.570562876994,1165.2772121180315,JointRecovery（本文方法，JR；完整框架 STK 迁移）；seed29,"JointRecovery (JR, ours); seed29",PROPOSED_FULL_FRAMEWORK
test,quality,FullCapacity-seed29,11,JR-DUAL-r011-R8-g0340,False,1,True,1.0,120.0,961749.203495802,964940.392041908,3191.1885461059865,0.33181088526057884,2.6813815757632256,6.5106812715530396,1.0,1.0,0.0,0.0,1.0,0.0,0.0,0.0,8.0,8.0,0.0,3191.1885461059865,964940.392041908,2574.4641978610307,616.7243482449558,JointRecovery（本文方法，JR；完整框架 STK 迁移）；seed29,"JointRecovery (JR, ours); seed29",PROPOSED_FULL_FRAMEWORK
test,quality,FullCapacity-seed29,11,JR-DUAL-r011-R8-g0680,False,1,True,1.0,120.0,730874.623950481,731929.972561589,1055.3486111080274,0.14439530071569848,3.7568460665643215,8.46814901381731,1.0,1.0,0.0,0.0,1.0,0.0,0.0,0.0,8.0,8.0,0.0,1055.3486111080274,731929.972561589,1055.3486111080274,0.0,JointRecovery（本文方法，JR；完整框架 STK 迁移）；seed29,"JointRecovery (JR, ours); seed29",PROPOSED_FULL_FRAMEWORK
test,quality,FullCheapSummary-mean17/29,8,JR-DUAL-r008-R12-g0170,False,2,True,2.0,120.0,1308539.931227763,1310601.940398075,2062.009170311969,0.1575809129781197,3.2308176327496767,8.394922122359276,1.0,1.0,0.0,0.0,1.0,0.0,0.0,0.0,7.0,7.0,0.0,2062.009170311969,1310601.940398075,1545.2884029019624,516.7207674100064,JR-CheapSummary（简化表示消融）；两种子均值,JR-CheapSummary; 2-seed mean,SIMPLIFIED_REPRESENTATION_ABLATION
test,quality,FullCheapSummary-mean17/29,8,JR-DUAL-r008-R12-g0340,False,2,True,2.0,120.0,1206858.411921518,1210753.609808727,3895.1978872090112,0.32275516736111676,3.197324762120843,8.178153485059738,1.0,1.0,0.0,0.0,1.0,0.0,0.0,0.0,8.0,8.0,0.0,3895.1978872090112,1210753.609808727,2293.9027097311337,1601.2951774778776,JR-CheapSummary（简化表示消融）；两种子均值,JR-CheapSummary; 2-seed mean,SIMPLIFIED_REPRESENTATION_ABLATION
test,quality,FullCheapSummary-mean17/29,8,JR-DUAL-r008-R12-g0680,False,2,True,2.0,120.0,996252.482559234,998653.972644334,2401.49008509994,0.241052356419815,3.015825206413865,7.867624890059233,1.0,1.0,0.0,0.0,1.0,0.0,0.0,0.0,8.0,8.0,0.0,2401.49008509994,998653.972644334,1752.890491288039,648.5995938119013,JR-CheapSummary（简化表示消融）；两种子均值,JR-CheapSummary; 2-seed mean,SIMPLIFIED_REPRESENTATION_ABLATION
test,quality,FullCheapSummary-mean17/29,8,JR-DUAL-r008-R8-g0170,False,2,True,2.0,120.0,1064212.05311729,1067750.4991761805,3538.4460588905495,0.3324944543266291,3.3205618634819984,7.741466585546732,1.0,1.0,0.0,0.0,1.0,0.0,0.0,0.0,7.5,7.5,0.0,3538.4460588905495,1067750.4991761805,2186.9149603929836,1351.5310984975658,JR-CheapSummary（简化表示消融）；两种子均值,JR-CheapSummary; 2-seed mean,SIMPLIFIED_REPRESENTATION_ABLATION
test,quality,FullCheapSummary-mean17/29,8,JR-DUAL-r008-R8-g0340,False,2,True,2.0,120.0,964674.094508257,967744.796548355,3070.7020400980255,0.318314968503774,3.2209558971226215,7.920411953702569,1.0,1.0,0.0,0.0,1.0,0.0,0.0,0.0,8.0,8.0,0.0,3070.7020400980255,967744.796548355,2213.5059239330003,857.1961161650252,JR-CheapSummary（简化表示消融）；两种子均值,JR-CheapSummary; 2-seed mean,SIMPLIFIED_REPRESENTATION_ABLATION
test,quality,FullCheapSummary-mean17/29,8,JR-DUAL-r008-R8-g0680,False,2,True,2.0,120.0,725058.74017615,727062.211266697,2003.471090547042,0.2763184524967325,3.099344689399004,7.186956312507391,1.0,1.0,0.0,0.0,1.0,0.0,0.0,0.0,8.0,8.0,0.0,2003.471090547042,727062.211266697,1072.9688282109564,930.5022623360856,JR-CheapSummary（简化表示消融）；两种子均值,JR-CheapSummary; 2-seed mean,SIMPLIFIED_REPRESENTATION_ABLATION
test,quality,FullCheapSummary-mean17/29,9,JR-DUAL-r009-R12-g0170,False,2,True,2.0,120.0,1303588.958822233,1305244.951142674,1655.9923204411753,0.12703331899476442,3.4970364086329937,8.489892115816474,1.0,1.0,0.0,0.0,1.0,0.0,0.0,0.0,8.0,8.0,0.0,1655.9923204411753,1305244.951142674,1480.9733000150882,175.01902042608708,JR-CheapSummary（简化表示消融）；两种子均值,JR-CheapSummary; 2-seed mean,SIMPLIFIED_REPRESENTATION_ABLATION
test,quality,FullCheapSummary-mean17/29,9,JR-DUAL-r009-R12-g0340,False,2,True,2.0,120.0,1201896.359864861,1204184.639125805,2288.2792609441094,0.19038906659151536,3.7260530404746532,8.601001625880599,1.0,1.0,0.0,0.0,1.0,0.0,0.0,0.0,7.5,7.5,0.0,2288.2792609441094,1204184.639125805,1088.1848472019192,1200.0944137421902,JR-CheapSummary（简化表示消融）；两种子均值,JR-CheapSummary; 2-seed mean,SIMPLIFIED_REPRESENTATION_ABLATION
test,quality,FullCheapSummary-mean17/29,9,JR-DUAL-r009-R12-g0680,False,2,True,2.0,120.0,995328.900324943,996691.239721992,1362.3393970490433,0.136873288478239,3.5946502704173326,8.685841849073768,1.0,1.0,0.0,0.0,1.0,0.0,0.0,0.0,8.0,8.0,0.0,1362.3393970490433,996691.239721992,1132.9280402449658,229.4113568040775,JR-CheapSummary（简化表示消融）；两种子均值,JR-CheapSummary; 2-seed mean,SIMPLIFIED_REPRESENTATION_ABLATION
test,quality,FullCheapSummary-mean17/29,9,JR-DUAL-r009-R8-g0170,False,2,True,2.0,120.0,1069460.8401523,1072358.373683807,2897.5335315070115,0.270934046644885,2.6994483452290297,6.967615321278572,1.0,1.0,0.0,0.0,1.0,0.0,0.0,0.0,7.0,7.0,0.0,2897.5335315070115,1072358.373683807,1700.94802728598,1196.5855042210314,JR-CheapSummary（简化表示消融）；两种子均值,JR-CheapSummary; 2-seed mean,SIMPLIFIED_REPRESENTATION_ABLATION
test,quality,FullCheapSummary-mean17/29,9,JR-DUAL-r009-R8-g0340,False,2,True,2.0,120.0,958942.247525348,962784.318409774,3842.070884426008,0.40065717141369867,2.65912046469748,7.3210195284336805,1.0,1.0,0.0,0.0,1.0,0.0,0.0,0.0,8.0,8.0,0.0,3842.070884426008,962784.318409774,2413.828959963983,1428.241924462025,JR-CheapSummary（简化表示消融）；两种子均值,JR-CheapSummary; 2-seed mean,SIMPLIFIED_REPRESENTATION_ABLATION
test,quality,FullCheapSummary-mean17/29,9,JR-DUAL-r009-R8-g0680,False,2,True,2.0,120.0,727027.842792866,728717.263461693,1689.4206688269041,0.2323735859051864,2.505345007404685,6.860515106469393,1.0,1.0,0.0,0.0,1.0,0.0,0.0,0.0,8.0,8.0,0.0,1689.4206688269041,728717.263461693,856.4749668039149,832.9457020229893,JR-CheapSummary（简化表示消融）；两种子均值,JR-CheapSummary; 2-seed mean,SIMPLIFIED_REPRESENTATION_ABLATION
test,quality,FullCheapSummary-mean17/29,10,JR-DUAL-r010-R12-g0170,False,2,True,2.0,120.0,1304524.980145348,1306337.307063753,1812.326918405015,0.13892619505094403,4.2069036569446325,9.302622707560658,1.0,1.0,0.0,0.0,1.0,0.0,0.0,0.0,8.0,8.0,0.0,1812.326918405015,1306337.307063753,1409.6677442491055,402.65917415590957,JR-CheapSummary（简化表示消融）；两种子均值,JR-CheapSummary; 2-seed mean,SIMPLIFIED_REPRESENTATION_ABLATION
test,quality,FullCheapSummary-mean17/29,10,JR-DUAL-r010-R12-g0340,False,2,True,2.0,120.0,1204766.032426266,1208402.552936319,3636.5205100530293,0.3018445417762549,2.5912261977791786,7.749645354226232,1.0,1.0,0.0,0.0,1.0,0.0,0.0,0.0,8.0,8.0,0.0,3636.5205100530293,1208402.552936319,2638.0165747040883,998.503935348941,JR-CheapSummary（简化表示消融）；两种子均值,JR-CheapSummary; 2-seed mean,SIMPLIFIED_REPRESENTATION_ABLATION
test,quality,FullCheapSummary-mean17/29,10,JR-DUAL-r010-R12-g0680,False,2,True,2.0,120.0,997301.877515741,1000413.196392745,3111.3188770039706,0.3119736307680683,3.0110534373670816,8.569288950413465,1.0,1.0,0.0,0.0,1.0,0.0,0.0,0.0,8.0,8.0,0.0,3111.3188770039706,1000413.196392745,1689.2379566929303,1422.0809203110402,JR-CheapSummary（简化表示消融）；两种子均值,JR-CheapSummary; 2-seed mean,SIMPLIFIED_REPRESENTATION_ABLATION
test,quality,FullCheapSummary-mean17/29,10,JR-DUAL-r010-R8-g0170,False,2,True,2.0,120.0,1063723.76085508,1067005.870427666,3282.109572585905,0.30854905130139837,3.9003088008612394,8.1727086994797,1.0,1.0,0.0,0.0,1.0,0.0,0.0,0.0,8.0,8.0,0.0,3282.109572585905,1067005.870427666,1999.1203333488666,1282.9892392370384,JR-CheapSummary（简化表示消融）；两种子均值,JR-CheapSummary; 2-seed mean,SIMPLIFIED_REPRESENTATION_ABLATION
test,quality,FullCheapSummary-mean17/29,10,JR-DUAL-r010-R8-g0340,False,2,True,2.0,120.0,961329.66255596,965900.661665852,4570.999109891942,0.4754871599133517,2.670203885063529,7.817788979038596,1.0,1.0,0.0,0.0,1.0,0.0,0.0,0.0,8.0,8.0,0.0,4570.999109891942,965900.661665852,2815.9254813429434,1755.0736285489984,JR-CheapSummary（简化表示消融）；两种子均值,JR-CheapSummary; 2-seed mean,SIMPLIFIED_REPRESENTATION_ABLATION
test,quality,FullCheapSummary-mean17/29,10,JR-DUAL-r010-R8-g0680,False,2,True,2.0,120.0,729720.170020981,731036.045048618,1315.8750276369974,0.18032597723030777,2.461422484368086,7.434866977855563,1.0,1.0,0.0,0.0,1.0,0.0,0.0,0.0,8.0,8.0,0.0,1315.8750276369974,731036.045048618,1249.4284307870548,66.44659684994258,JR-CheapSummary（简化表示消融）；两种子均值,JR-CheapSummary; 2-seed mean,SIMPLIFIED_REPRESENTATION_ABLATION
test,quality,FullCheapSummary-mean17/29,11,JR-DUAL-r011-R12-g0170,False,2,True,2.0,120.0,1309710.108432145,1311148.438464307,1438.3300321619026,0.10982048797681866,4.549426682293415,9.388952694833279,1.0,1.0,0.0,0.0,1.0,0.0,0.0,0.0,8.0,8.0,0.0,1438.3300321619026,1311148.438464307,1187.9974463549443,250.33258580695838,JR-CheapSummary（简化表示消融）；两种子均值,JR-CheapSummary; 2-seed mean,SIMPLIFIED_REPRESENTATION_ABLATION
test,quality,FullCheapSummary-mean17/29,11,JR-DUAL-r011-R12-g0340,False,2,True,2.0,120.0,1207263.813126226,1211168.326449476,3904.513323249994,0.32341840124729687,3.5328097250312567,8.474724221974611,1.0,1.0,0.0,0.0,1.0,0.0,0.0,0.0,8.0,8.0,0.0,3904.513323249994,1211168.326449476,3230.222770435037,674.2905528149568,JR-CheapSummary（简化表示消融）；两种子均值,JR-CheapSummary; 2-seed mean,SIMPLIFIED_REPRESENTATION_ABLATION
test,quality,FullCheapSummary-mean17/29,11,JR-DUAL-r011-R12-g0680,False,2,True,2.0,120.0,996565.623874682,998503.525917519,1937.9020428369986,0.19445804635547909,2.4356165435165167,7.654580224305391,1.0,1.0,0.0,0.0,1.0,0.0,0.0,0.0,8.0,8.0,0.0,1937.9020428369986,998503.525917519,1146.2667337020393,791.6353091349592,JR-CheapSummary（简化表示消融）；两种子均值,JR-CheapSummary; 2-seed mean,SIMPLIFIED_REPRESENTATION_ABLATION
test,quality,FullCheapSummary-mean17/29,11,JR-DUAL-r011-R8-g0170,False,2,True,2.0,120.0,1065376.358638791,1069164.206413786,3787.8477749950252,0.35554081374911295,2.696614485234022,6.744652960449457,1.0,1.0,0.0,0.0,1.0,0.0,0.0,0.0,7.0,7.0,0.0,3787.8477749950252,1069164.206413786,2622.570562876994,1165.2772121180315,JR-CheapSummary（简化表示消融）；两种子均值,JR-CheapSummary; 2-seed mean,SIMPLIFIED_REPRESENTATION_ABLATION
test,quality,FullCheapSummary-mean17/29,11,JR-DUAL-r011-R8-g0340,False,2,True,2.0,120.0,961749.203495802,964940.392041908,3191.1885461059865,0.33181088526057884,2.034101827070117,6.4093008525669575,1.0,1.0,0.0,0.0,1.0,0.0,0.0,0.0,8.0,8.0,0.0,3191.1885461059865,964940.392041908,2574.4641978610307,616.7243482449558,JR-CheapSummary（简化表示消融）；两种子均值,JR-CheapSummary; 2-seed mean,SIMPLIFIED_REPRESENTATION_ABLATION
test,quality,FullCheapSummary-mean17/29,11,JR-DUAL-r011-R8-g0680,False,2,True,2.0,120.0,730874.623950481,731929.972561589,1055.3486111080274,0.14439530071569848,2.6093095559626818,6.866136282682419,1.0,1.0,0.0,0.0,1.0,0.0,0.0,0.0,8.0,8.0,0.0,1055.3486111080274,731929.972561589,1055.3486111080274,0.0,JR-CheapSummary（简化表示消融）；两种子均值,JR-CheapSummary; 2-seed mean,SIMPLIFIED_REPRESENTATION_ABLATION
test,quality,FullCheapSummary-seed17,8,JR-DUAL-r008-R12-g0170,False,1,True,1.0,120.0,1308539.931227763,1310601.940398075,2062.009170311969,0.1575809129781197,3.2483932711184025,7.956591751426458,1.0,1.0,0.0,0.0,1.0,0.0,0.0,0.0,7.0,7.0,0.0,2062.009170311969,1310601.940398075,1545.2884029019624,516.7207674100064,JR-CheapSummary（简化表示消融）；seed17,JR-CheapSummary; seed17,SIMPLIFIED_REPRESENTATION_ABLATION
test,quality,FullCheapSummary-seed17,8,JR-DUAL-r008-R12-g0340,False,1,True,1.0,120.0,1206858.411921518,1210753.609808727,3895.1978872090112,0.32275516736111676,3.2049930840730667,8.322802130132914,1.0,1.0,0.0,0.0,1.0,0.0,0.0,0.0,8.0,8.0,0.0,3895.1978872090112,1210753.609808727,2293.9027097311337,1601.2951774778776,JR-CheapSummary（简化表示消融）；seed17,JR-CheapSummary; seed17,SIMPLIFIED_REPRESENTATION_ABLATION
test,quality,FullCheapSummary-seed17,8,JR-DUAL-r008-R12-g0680,False,1,True,1.0,120.0,996252.482559234,998653.972644334,2401.49008509994,0.241052356419815,3.013840112835169,8.164198089390993,1.0,1.0,0.0,0.0,1.0,0.0,0.0,0.0,8.0,8.0,0.0,2401.49008509994,998653.972644334,1752.890491288039,648.5995938119013,JR-CheapSummary（简化表示消融）；seed17,JR-CheapSummary; seed17,SIMPLIFIED_REPRESENTATION_ABLATION
test,quality,FullCheapSummary-seed17,8,JR-DUAL-r008-R8-g0170,False,1,True,1.0,120.0,1064212.05311729,1067758.36865486,3546.3155375700444,0.33323391961049276,3.9384974502027035,8.270806834101677,1.0,1.0,0.0,0.0,1.0,0.0,0.0,0.0,8.0,8.0,0.0,3546.3155375700444,1067758.36865486,2186.9149603929836,1359.4005771770608,JR-CheapSummary（简化表示消融）；seed17,JR-CheapSummary; seed17,SIMPLIFIED_REPRESENTATION_ABLATION
test,quality,FullCheapSummary-seed17,8,JR-DUAL-r008-R8-g0340,False,1,True,1.0,120.0,964674.094508257,967744.796548355,3070.7020400980255,0.318314968503774,3.791342578828335,9.367861486971378,1.0,1.0,0.0,0.0,1.0,0.0,0.0,0.0,8.0,8.0,0.0,3070.7020400980255,967744.796548355,2213.5059239330003,857.1961161650252,JR-CheapSummary（简化表示消融）；seed17,JR-CheapSummary; seed17,SIMPLIFIED_REPRESENTATION_ABLATION
test,quality,FullCheapSummary-seed17,8,JR-DUAL-r008-R8-g0680,False,1,True,1.0,120.0,725058.74017615,727062.211266697,2003.471090547042,0.2763184524967325,3.6736482940614223,7.757564332336187,1.0,1.0,0.0,0.0,1.0,0.0,0.0,0.0,8.0,8.0,0.0,2003.471090547042,727062.211266697,1072.9688282109564,930.5022623360856,JR-CheapSummary（简化表示消融）；seed17,JR-CheapSummary; seed17,SIMPLIFIED_REPRESENTATION_ABLATION
test,quality,FullCheapSummary-seed17,9,JR-DUAL-r009-R12-g0170,False,1,True,1.0,120.0,1303588.958822233,1305244.951142674,1655.9923204411753,0.12703331899476442,3.692577786743641,8.598173145204782,1.0,1.0,0.0,0.0,1.0,0.0,0.0,0.0,8.0,8.0,0.0,1655.9923204411753,1305244.951142674,1480.9733000150882,175.01902042608708,JR-CheapSummary（简化表示消融）；seed17,JR-CheapSummary; seed17,SIMPLIFIED_REPRESENTATION_ABLATION
test,quality,FullCheapSummary-seed17,9,JR-DUAL-r009-R12-g0340,False,1,True,1.0,120.0,1201896.359864861,1204184.639125805,2288.2792609441094,0.19038906659151536,3.1310500502586365,7.720966842025518,1.0,1.0,0.0,0.0,1.0,0.0,0.0,0.0,7.0,7.0,0.0,2288.2792609441094,1204184.639125805,1088.1848472019192,1200.0944137421902,JR-CheapSummary（简化表示消融）；seed17,JR-CheapSummary; seed17,SIMPLIFIED_REPRESENTATION_ABLATION
test,quality,FullCheapSummary-seed17,9,JR-DUAL-r009-R12-g0680,False,1,True,1.0,120.0,995328.900324943,996691.239721992,1362.3393970490433,0.136873288478239,4.183927662670612,9.65169970691204,1.0,1.0,0.0,0.0,1.0,0.0,0.0,0.0,8.0,8.0,0.0,1362.3393970490433,996691.239721992,1132.9280402449658,229.4113568040775,JR-CheapSummary（简化表示消融）；seed17,JR-CheapSummary; seed17,SIMPLIFIED_REPRESENTATION_ABLATION
test,quality,FullCheapSummary-seed17,9,JR-DUAL-r009-R8-g0170,False,1,True,1.0,120.0,1069460.8401523,1072358.373683807,2897.5335315070115,0.270934046644885,2.700565081089735,7.216150537133217,1.0,1.0,0.0,0.0,1.0,0.0,0.0,0.0,7.0,7.0,0.0,2897.5335315070115,1072358.373683807,1700.94802728598,1196.5855042210314,JR-CheapSummary（简化表示消融）；seed17,JR-CheapSummary; seed17,SIMPLIFIED_REPRESENTATION_ABLATION
test,quality,FullCheapSummary-seed17,9,JR-DUAL-r009-R8-g0340,False,1,True,1.0,120.0,958942.247525348,962784.318409774,3842.070884426008,0.40065717141369867,2.6944488286972046,7.370871655642986,1.0,1.0,0.0,0.0,1.0,0.0,0.0,0.0,8.0,8.0,0.0,3842.070884426008,962784.318409774,2413.828959963983,1428.241924462025,JR-CheapSummary（简化表示消融）；seed17,JR-CheapSummary; seed17,SIMPLIFIED_REPRESENTATION_ABLATION
test,quality,FullCheapSummary-seed17,9,JR-DUAL-r009-R8-g0680,False,1,True,1.0,120.0,727027.842792866,728717.263461693,1689.4206688269041,0.2323735859051864,2.534021455794573,7.210004724562168,1.0,1.0,0.0,0.0,1.0,0.0,0.0,0.0,8.0,8.0,0.0,1689.4206688269041,728717.263461693,856.4749668039149,832.9457020229893,JR-CheapSummary（简化表示消融）；seed17,JR-CheapSummary; seed17,SIMPLIFIED_REPRESENTATION_ABLATION
test,quality,FullCheapSummary-seed17,10,JR-DUAL-r010-R12-g0170,False,1,True,1.0,120.0,1304524.980145348,1306337.307063753,1812.326918405015,0.13892619505094403,4.735217645764351,9.683575101196766,1.0,1.0,0.0,0.0,1.0,0.0,0.0,0.0,8.0,8.0,0.0,1812.326918405015,1306337.307063753,1409.6677442491055,402.65917415590957,JR-CheapSummary（简化表示消融）；seed17,JR-CheapSummary; seed17,SIMPLIFIED_REPRESENTATION_ABLATION
test,quality,FullCheapSummary-seed17,10,JR-DUAL-r010-R12-g0340,False,1,True,1.0,120.0,1204766.032426266,1208402.552936319,3636.5205100530293,0.3018445417762549,3.0965719930827618,8.31934416666627,1.0,1.0,0.0,0.0,1.0,0.0,0.0,0.0,8.0,8.0,0.0,3636.5205100530293,1208402.552936319,2638.0165747040883,998.503935348941,JR-CheapSummary（简化表示消融）；seed17,JR-CheapSummary; seed17,SIMPLIFIED_REPRESENTATION_ABLATION
test,quality,FullCheapSummary-seed17,10,JR-DUAL-r010-R12-g0680,False,1,True,1.0,120.0,997301.877515741,1000413.196392745,3111.3188770039706,0.3119736307680683,3.019074507057667,8.697378724813461,1.0,1.0,0.0,0.0,1.0,0.0,0.0,0.0,8.0,8.0,0.0,3111.3188770039706,1000413.196392745,1689.2379566929303,1422.0809203110402,JR-CheapSummary（简化表示消融）；seed17,JR-CheapSummary; seed17,SIMPLIFIED_REPRESENTATION_ABLATION
test,quality,FullCheapSummary-seed17,10,JR-DUAL-r010-R8-g0170,False,1,True,1.0,120.0,1063723.76085508,1067005.870427666,3282.109572585905,0.30854905130139837,3.9068783558905125,8.36285201460123,1.0,1.0,0.0,0.0,1.0,0.0,0.0,0.0,8.0,8.0,0.0,3282.109572585905,1067005.870427666,1999.1203333488666,1282.9892392370384,JR-CheapSummary（简化表示消融）；seed17,JR-CheapSummary; seed17,SIMPLIFIED_REPRESENTATION_ABLATION
test,quality,FullCheapSummary-seed17,10,JR-DUAL-r010-R8-g0340,False,1,True,1.0,120.0,961329.66255596,965900.661665852,4570.999109891942,0.4754871599133517,2.6721800081431866,8.218423251062632,1.0,1.0,0.0,0.0,1.0,0.0,0.0,0.0,8.0,8.0,0.0,4570.999109891942,965900.661665852,2815.9254813429434,1755.0736285489984,JR-CheapSummary（简化表示消融）；seed17,JR-CheapSummary; seed17,SIMPLIFIED_REPRESENTATION_ABLATION
test,quality,FullCheapSummary-seed17,10,JR-DUAL-r010-R8-g0680,False,1,True,1.0,120.0,729720.170020981,731036.045048618,1315.8750276369974,0.18032597723030777,2.4563739746809006,6.753170900046825,1.0,1.0,0.0,0.0,1.0,0.0,0.0,0.0,8.0,8.0,0.0,1315.8750276369974,731036.045048618,1249.4284307870548,66.44659684994258,JR-CheapSummary（简化表示消融）；seed17,JR-CheapSummary; seed17,SIMPLIFIED_REPRESENTATION_ABLATION
test,quality,FullCheapSummary-seed17,11,JR-DUAL-r011-R12-g0170,False,1,True,1.0,120.0,1309710.108432145,1311148.438464307,1438.3300321619026,0.10982048797681866,4.579257268458605,9.783322311937809,1.0,1.0,0.0,0.0,1.0,0.0,0.0,0.0,8.0,8.0,0.0,1438.3300321619026,1311148.438464307,1187.9974463549443,250.33258580695838,JR-CheapSummary（简化表示消融）；seed17,JR-CheapSummary; seed17,SIMPLIFIED_REPRESENTATION_ABLATION
test,quality,FullCheapSummary-seed17,11,JR-DUAL-r011-R12-g0340,False,1,True,1.0,120.0,1207263.813126226,1211168.326449476,3904.513323249994,0.32341840124729687,3.49999837949872,8.375923000276089,1.0,1.0,0.0,0.0,1.0,0.0,0.0,0.0,8.0,8.0,0.0,3904.513323249994,1211168.326449476,3230.222770435037,674.2905528149568,JR-CheapSummary（简化表示消融）；seed17,JR-CheapSummary; seed17,SIMPLIFIED_REPRESENTATION_ABLATION
test,quality,FullCheapSummary-seed17,11,JR-DUAL-r011-R12-g0680,False,1,True,1.0,120.0,996565.623874682,998503.525917519,1937.9020428369986,0.19445804635547909,3.010965310037136,8.227189358323812,1.0,1.0,0.0,0.0,1.0,0.0,0.0,0.0,8.0,8.0,0.0,1937.9020428369986,998503.525917519,1146.2667337020393,791.6353091349592,JR-CheapSummary（简化表示消融）；seed17,JR-CheapSummary; seed17,SIMPLIFIED_REPRESENTATION_ABLATION
test,quality,FullCheapSummary-seed17,11,JR-DUAL-r011-R8-g0170,False,1,True,1.0,120.0,1065376.358638791,1069164.206413786,3787.8477749950252,0.35554081374911295,2.6877139061689377,6.670067489147186,1.0,1.0,0.0,0.0,1.0,0.0,0.0,0.0,7.0,7.0,0.0,3787.8477749950252,1069164.206413786,2622.570562876994,1165.2772121180315,JR-CheapSummary（简化表示消融）；seed17,JR-CheapSummary; seed17,SIMPLIFIED_REPRESENTATION_ABLATION
test,quality,FullCheapSummary-seed17,11,JR-DUAL-r011-R8-g0340,False,1,True,1.0,120.0,961749.203495802,964940.392041908,3191.1885461059865,0.33181088526057884,2.606235094368458,7.310980964452028,1.0,1.0,0.0,0.0,1.0,0.0,0.0,0.0,8.0,8.0,0.0,3191.1885461059865,964940.392041908,2574.4641978610307,616.7243482449558,JR-CheapSummary（简化表示消融）；seed17,JR-CheapSummary; seed17,SIMPLIFIED_REPRESENTATION_ABLATION
test,quality,FullCheapSummary-seed17,11,JR-DUAL-r011-R8-g0680,False,1,True,1.0,120.0,730874.623950481,731929.972561589,1055.3486111080274,0.14439530071569848,2.5363569110631943,6.434459913522005,1.0,1.0,0.0,0.0,1.0,0.0,0.0,0.0,8.0,8.0,0.0,1055.3486111080274,731929.972561589,1055.3486111080274,0.0,JR-CheapSummary（简化表示消融）；seed17,JR-CheapSummary; seed17,SIMPLIFIED_REPRESENTATION_ABLATION
test,quality,FullCheapSummary-seed29,8,JR-DUAL-r008-R12-g0170,False,1,True,1.0,120.0,1308539.931227763,1310601.940398075,2062.009170311969,0.1575809129781197,3.213241994380951,8.833252493292093,1.0,1.0,0.0,0.0,1.0,0.0,0.0,0.0,7.0,7.0,0.0,2062.009170311969,1310601.940398075,1545.2884029019624,516.7207674100064,JR-CheapSummary（简化表示消融）；seed29,JR-CheapSummary; seed29,SIMPLIFIED_REPRESENTATION_ABLATION
test,quality,FullCheapSummary-seed29,8,JR-DUAL-r008-R12-g0340,False,1,True,1.0,120.0,1206858.411921518,1210753.609808727,3895.1978872090112,0.32275516736111676,3.189656440168619,8.033504839986563,1.0,1.0,0.0,0.0,1.0,0.0,0.0,0.0,8.0,8.0,0.0,3895.1978872090112,1210753.609808727,2293.9027097311337,1601.2951774778776,JR-CheapSummary（简化表示消融）；seed29,JR-CheapSummary; seed29,SIMPLIFIED_REPRESENTATION_ABLATION
test,quality,FullCheapSummary-seed29,8,JR-DUAL-r008-R12-g0680,False,1,True,1.0,120.0,996252.482559234,998653.972644334,2401.49008509994,0.241052356419815,3.0178102999925613,7.571051690727472,1.0,1.0,0.0,0.0,1.0,0.0,0.0,0.0,8.0,8.0,0.0,2401.49008509994,998653.972644334,1752.890491288039,648.5995938119013,JR-CheapSummary（简化表示消融）；seed29,JR-CheapSummary; seed29,SIMPLIFIED_REPRESENTATION_ABLATION
test,quality,FullCheapSummary-seed29,8,JR-DUAL-r008-R8-g0170,False,1,True,1.0,120.0,1064212.05311729,1067742.629697501,3530.5765802110545,0.33175498904276546,2.7026262767612934,7.212126336991787,1.0,1.0,0.0,0.0,1.0,0.0,0.0,0.0,7.0,7.0,0.0,3530.5765802110545,1067742.629697501,2186.9149603929836,1343.661619818071,JR-CheapSummary（简化表示消融）；seed29,JR-CheapSummary; seed29,SIMPLIFIED_REPRESENTATION_ABLATION
test,quality,FullCheapSummary-seed29,8,JR-DUAL-r008-R8-g0340,False,1,True,1.0,120.0,964674.094508257,967744.796548355,3070.7020400980255,0.318314968503774,2.6505692154169083,6.47296242043376,1.0,1.0,0.0,0.0,1.0,0.0,0.0,0.0,8.0,8.0,0.0,3070.7020400980255,967744.796548355,2213.5059239330003,857.1961161650252,JR-CheapSummary（简化表示消融）；seed29,JR-CheapSummary; seed29,SIMPLIFIED_REPRESENTATION_ABLATION
test,quality,FullCheapSummary-seed29,8,JR-DUAL-r008-R8-g0680,False,1,True,1.0,120.0,725058.74017615,727062.211266697,2003.471090547042,0.2763184524967325,2.5250410847365856,6.616348292678595,1.0,1.0,0.0,0.0,1.0,0.0,0.0,0.0,8.0,8.0,0.0,2003.471090547042,727062.211266697,1072.9688282109564,930.5022623360856,JR-CheapSummary（简化表示消融）；seed29,JR-CheapSummary; seed29,SIMPLIFIED_REPRESENTATION_ABLATION
test,quality,FullCheapSummary-seed29,9,JR-DUAL-r009-R12-g0170,False,1,True,1.0,120.0,1303588.958822233,1305244.951142674,1655.9923204411753,0.12703331899476442,3.3014950305223465,8.381611086428165,1.0,1.0,0.0,0.0,1.0,0.0,0.0,0.0,8.0,8.0,0.0,1655.9923204411753,1305244.951142674,1480.9733000150882,175.01902042608708,JR-CheapSummary（简化表示消融）；seed29,JR-CheapSummary; seed29,SIMPLIFIED_REPRESENTATION_ABLATION
test,quality,FullCheapSummary-seed29,9,JR-DUAL-r009-R12-g0340,False,1,True,1.0,120.0,1201896.359864861,1204184.639125805,2288.2792609441094,0.19038906659151536,4.32105603069067,9.48103640973568,1.0,1.0,0.0,0.0,1.0,0.0,0.0,0.0,8.0,8.0,0.0,2288.2792609441094,1204184.639125805,1088.1848472019192,1200.0944137421902,JR-CheapSummary（简化表示消融）；seed29,JR-CheapSummary; seed29,SIMPLIFIED_REPRESENTATION_ABLATION
test,quality,FullCheapSummary-seed29,9,JR-DUAL-r009-R12-g0680,False,1,True,1.0,120.0,995328.900324943,996691.239721992,1362.3393970490433,0.136873288478239,3.005372878164053,7.719983991235495,1.0,1.0,0.0,0.0,1.0,0.0,0.0,0.0,8.0,8.0,0.0,1362.3393970490433,996691.239721992,1132.9280402449658,229.4113568040775,JR-CheapSummary（简化表示消融）；seed29,JR-CheapSummary; seed29,SIMPLIFIED_REPRESENTATION_ABLATION
test,quality,FullCheapSummary-seed29,9,JR-DUAL-r009-R8-g0170,False,1,True,1.0,120.0,1069460.8401523,1072358.373683807,2897.5335315070115,0.270934046644885,2.6983316093683243,6.719080105423927,1.0,1.0,0.0,0.0,1.0,0.0,0.0,0.0,7.0,7.0,0.0,2897.5335315070115,1072358.373683807,1700.94802728598,1196.5855042210314,JR-CheapSummary（简化表示消融）；seed29,JR-CheapSummary; seed29,SIMPLIFIED_REPRESENTATION_ABLATION
test,quality,FullCheapSummary-seed29,9,JR-DUAL-r009-R8-g0340,False,1,True,1.0,120.0,958942.247525348,962784.318409774,3842.070884426008,0.40065717141369867,2.623792100697756,7.271167401224375,1.0,1.0,0.0,0.0,1.0,0.0,0.0,0.0,8.0,8.0,0.0,3842.070884426008,962784.318409774,2413.828959963983,1428.241924462025,JR-CheapSummary（简化表示消融）；seed29,JR-CheapSummary; seed29,SIMPLIFIED_REPRESENTATION_ABLATION
test,quality,FullCheapSummary-seed29,9,JR-DUAL-r009-R8-g0680,False,1,True,1.0,120.0,727027.842792866,728717.263461693,1689.4206688269041,0.2323735859051864,2.476668559014797,6.511025488376617,1.0,1.0,0.0,0.0,1.0,0.0,0.0,0.0,8.0,8.0,0.0,1689.4206688269041,728717.263461693,856.4749668039149,832.9457020229893,JR-CheapSummary（简化表示消融）；seed29,JR-CheapSummary; seed29,SIMPLIFIED_REPRESENTATION_ABLATION
test,quality,FullCheapSummary-seed29,10,JR-DUAL-r010-R12-g0170,False,1,True,1.0,120.0,1304524.980145348,1306337.307063753,1812.326918405015,0.13892619505094403,3.678589668124914,8.921670313924551,1.0,1.0,0.0,0.0,1.0,0.0,0.0,0.0,8.0,8.0,0.0,1812.326918405015,1306337.307063753,1409.6677442491055,402.65917415590957,JR-CheapSummary（简化表示消融）；seed29,JR-CheapSummary; seed29,SIMPLIFIED_REPRESENTATION_ABLATION
test,quality,FullCheapSummary-seed29,10,JR-DUAL-r010-R12-g0340,False,1,True,1.0,120.0,1204766.032426266,1208402.552936319,3636.5205100530293,0.3018445417762549,2.0858804024755955,7.179946541786194,1.0,1.0,0.0,0.0,1.0,0.0,0.0,0.0,8.0,8.0,0.0,3636.5205100530293,1208402.552936319,2638.0165747040883,998.503935348941,JR-CheapSummary（简化表示消融）；seed29,JR-CheapSummary; seed29,SIMPLIFIED_REPRESENTATION_ABLATION
test,quality,FullCheapSummary-seed29,10,JR-DUAL-r010-R12-g0680,False,1,True,1.0,120.0,997301.877515741,1000413.196392745,3111.3188770039706,0.3119736307680683,3.0030323676764965,8.44119917601347,1.0,1.0,0.0,0.0,1.0,0.0,0.0,0.0,8.0,8.0,0.0,3111.3188770039706,1000413.196392745,1689.2379566929303,1422.0809203110402,JR-CheapSummary（简化表示消融）；seed29,JR-CheapSummary; seed29,SIMPLIFIED_REPRESENTATION_ABLATION
test,quality,FullCheapSummary-seed29,10,JR-DUAL-r010-R8-g0170,False,1,True,1.0,120.0,1063723.76085508,1067005.870427666,3282.109572585905,0.30854905130139837,3.8937392458319664,7.982565384358168,1.0,1.0,0.0,0.0,1.0,0.0,0.0,0.0,8.0,8.0,0.0,3282.109572585905,1067005.870427666,1999.1203333488666,1282.9892392370384,JR-CheapSummary（简化表示消融）；seed29,JR-CheapSummary; seed29,SIMPLIFIED_REPRESENTATION_ABLATION
test,quality,FullCheapSummary-seed29,10,JR-DUAL-r010-R8-g0340,False,1,True,1.0,120.0,961329.66255596,965900.661665852,4570.999109891942,0.4754871599133517,2.6682277619838715,7.417154707014561,1.0,1.0,0.0,0.0,1.0,0.0,0.0,0.0,8.0,8.0,0.0,4570.999109891942,965900.661665852,2815.9254813429434,1755.0736285489984,JR-CheapSummary（简化表示消融）；seed29,JR-CheapSummary; seed29,SIMPLIFIED_REPRESENTATION_ABLATION
test,quality,FullCheapSummary-seed29,10,JR-DUAL-r010-R8-g0680,False,1,True,1.0,120.0,729720.170020981,731036.045048618,1315.8750276369974,0.18032597723030777,2.466470994055271,8.116563055664301,1.0,1.0,0.0,0.0,1.0,0.0,0.0,0.0,8.0,8.0,0.0,1315.8750276369974,731036.045048618,1249.4284307870548,66.44659684994258,JR-CheapSummary（简化表示消融）；seed29,JR-CheapSummary; seed29,SIMPLIFIED_REPRESENTATION_ABLATION
test,quality,FullCheapSummary-seed29,11,JR-DUAL-r011-R12-g0170,False,1,True,1.0,120.0,1309710.108432145,1311148.438464307,1438.3300321619026,0.10982048797681866,4.519596096128225,8.994583077728748,1.0,1.0,0.0,0.0,1.0,0.0,0.0,0.0,8.0,8.0,0.0,1438.3300321619026,1311148.438464307,1187.9974463549443,250.33258580695838,JR-CheapSummary（简化表示消融）；seed29,JR-CheapSummary; seed29,SIMPLIFIED_REPRESENTATION_ABLATION
test,quality,FullCheapSummary-seed29,11,JR-DUAL-r011-R12-g0340,False,1,True,1.0,120.0,1207263.813126226,1211168.326449476,3904.513323249994,0.32341840124729687,3.565621070563793,8.573525443673134,1.0,1.0,0.0,0.0,1.0,0.0,0.0,0.0,8.0,8.0,0.0,3904.513323249994,1211168.326449476,3230.222770435037,674.2905528149568,JR-CheapSummary（简化表示消融）；seed29,JR-CheapSummary; seed29,SIMPLIFIED_REPRESENTATION_ABLATION
test,quality,FullCheapSummary-seed29,11,JR-DUAL-r011-R12-g0680,False,1,True,1.0,120.0,996565.623874682,998503.525917519,1937.9020428369986,0.19445804635547909,1.8602677769958973,7.08197109028697,1.0,1.0,0.0,0.0,1.0,0.0,0.0,0.0,8.0,8.0,0.0,1937.9020428369986,998503.525917519,1146.2667337020393,791.6353091349592,JR-CheapSummary（简化表示消融）；seed29,JR-CheapSummary; seed29,SIMPLIFIED_REPRESENTATION_ABLATION
test,quality,FullCheapSummary-seed29,11,JR-DUAL-r011-R8-g0170,False,1,True,1.0,120.0,1065376.358638791,1069164.206413786,3787.8477749950252,0.35554081374911295,2.7055150642991066,6.819238431751728,1.0,1.0,0.0,0.0,1.0,0.0,0.0,0.0,7.0,7.0,0.0,3787.8477749950252,1069164.206413786,2622.570562876994,1165.2772121180315,JR-CheapSummary（简化表示消融）；seed29,JR-CheapSummary; seed29,SIMPLIFIED_REPRESENTATION_ABLATION
test,quality,FullCheapSummary-seed29,11,JR-DUAL-r011-R8-g0340,False,1,True,1.0,120.0,961749.203495802,964940.392041908,3191.1885461059865,0.33181088526057884,1.4619685597717762,5.507620740681887,1.0,1.0,0.0,0.0,1.0,0.0,0.0,0.0,8.0,8.0,0.0,3191.1885461059865,964940.392041908,2574.4641978610307,616.7243482449558,JR-CheapSummary（简化表示消融）；seed29,JR-CheapSummary; seed29,SIMPLIFIED_REPRESENTATION_ABLATION
test,quality,FullCheapSummary-seed29,11,JR-DUAL-r011-R8-g0680,False,1,True,1.0,120.0,730874.623950481,731929.972561589,1055.3486111080274,0.14439530071569848,2.6822622008621693,7.297812651842833,1.0,1.0,0.0,0.0,1.0,0.0,0.0,0.0,8.0,8.0,0.0,1055.3486111080274,731929.972561589,1055.3486111080274,0.0,JR-CheapSummary（简化表示消融）；seed29,JR-CheapSummary; seed29,SIMPLIFIED_REPRESENTATION_ABLATION
test,quality,FullP1,8,JR-DUAL-r008-R12-g0170,False,1,True,1.0,120.0,1308539.931227763,1310085.219630665,1545.2884029019624,0.11809256760334899,0.6505033187568188,5.326207529753447,1.0,1.0,0.0,0.0,1.0,0.0,0.0,0.0,2.0,2.0,0.0,1545.2884029019624,1310085.219630665,1545.2884029019624,0.0,Independent-replacement+CHILS（独立替代估计对照）,Independent-replacement+CHILS,INTERNAL_INDEPENDENT_REPLACEMENT_CONTROL
test,quality,FullP1,8,JR-DUAL-r008-R12-g0340,False,1,True,1.0,120.0,1206858.411921518,1209152.314631249,2293.9027097311337,0.1900722310978354,1.1854457966983318,6.369500361382961,1.0,1.0,0.0,0.0,1.0,0.0,0.0,0.0,6.0,6.0,0.0,2293.9027097311337,1209152.314631249,2293.9027097311337,0.0,Independent-replacement+CHILS（独立替代估计对照）,Independent-replacement+CHILS,INTERNAL_INDEPENDENT_REPLACEMENT_CONTROL
test,quality,FullP1,8,JR-DUAL-r008-R12-g0680,False,1,True,1.0,120.0,996252.482559234,998005.3730505221,1752.890491288039,0.1759484188972967,3.2171061746776104,7.763419792056084,1.0,1.0,0.0,0.0,1.0,0.0,0.0,0.0,8.0,8.0,0.0,1752.890491288039,998005.3730505221,1752.890491288039,0.0,Independent-replacement+CHILS（独立替代估计对照）,Independent-replacement+CHILS,INTERNAL_INDEPENDENT_REPLACEMENT_CONTROL
test,quality,FullP1,8,JR-DUAL-r008-R8-g0170,False,1,True,1.0,120.0,1064212.05311729,1066398.968077683,2186.9149603929836,0.20549616535417659,0.48678792640566826,4.663687892258167,1.0,1.0,0.0,0.0,1.0,0.0,0.0,0.0,2.0,2.0,0.0,2186.9149603929836,1066398.968077683,2186.9149603929836,0.0,Independent-replacement+CHILS（独立替代估计对照）,Independent-replacement+CHILS,INTERNAL_INDEPENDENT_REPLACEMENT_CONTROL
test,quality,FullP1,8,JR-DUAL-r008-R8-g0340,False,1,True,1.0,120.0,964674.094508257,966887.60043219,2213.5059239330003,0.22945634557143735,1.0802036747336388,5.000986661761999,1.0,1.0,0.0,0.0,1.0,0.0,0.0,0.0,8.0,8.0,0.0,2213.5059239330003,966887.60043219,2213.5059239330003,0.0,Independent-replacement+CHILS（独立替代估计对照）,Independent-replacement+CHILS,INTERNAL_INDEPENDENT_REPLACEMENT_CONTROL
test,quality,FullP1,8,JR-DUAL-r008-R8-g0680,False,1,True,1.0,120.0,725058.74017615,726131.709004361,1072.9688282109564,0.14798371066463983,1.0782397873699665,5.457014463841915,1.0,1.0,0.0,0.0,1.0,0.0,0.0,0.0,8.0,8.0,0.0,1072.9688282109564,726131.709004361,1072.9688282109564,0.0,Independent-replacement+CHILS（独立替代估计对照）,Independent-replacement+CHILS,INTERNAL_INDEPENDENT_REPLACEMENT_CONTROL
test,quality,FullP1,9,JR-DUAL-r009-R12-g0170,False,1,True,1.0,120.0,1303588.958822233,1305069.932122248,1480.9733000150882,0.11360738290949615,1.143672313541174,6.237984150648117,1.0,1.0,0.0,0.0,1.0,0.0,0.0,0.0,8.0,8.0,0.0,1480.9733000150882,1305069.932122248,1480.9733000150882,0.0,Independent-replacement+CHILS（独立替代估计对照）,Independent-replacement+CHILS,INTERNAL_INDEPENDENT_REPLACEMENT_CONTROL
test,quality,FullP1,9,JR-DUAL-r009-R12-g0340,False,1,True,1.0,120.0,1201896.359864861,1202984.544712063,1088.1848472019192,0.09053899184154886,0.5095973499119282,5.261444304138422,1.0,0.0,0.0,1.0,1.0,0.0,0.0,0.0,0.0,0.0,0.0,1088.1848472019192,1202984.544712063,1088.1848472019192,0.0,Independent-replacement+CHILS（独立替代估计对照）,Independent-replacement+CHILS,INTERNAL_INDEPENDENT_REPLACEMENT_CONTROL
test,quality,FullP1,9,JR-DUAL-r009-R12-g0680,False,1,True,1.0,120.0,995328.900324943,996461.828365188,1132.9280402449658,0.11382448956069709,1.2857477106153965,6.228513553738594,1.0,1.0,0.0,0.0,1.0,0.0,0.0,0.0,8.0,8.0,0.0,1132.9280402449658,996461.828365188,1132.9280402449658,0.0,Independent-replacement+CHILS（独立替代估计对照）,Independent-replacement+CHILS,INTERNAL_INDEPENDENT_REPLACEMENT_CONTROL
test,quality,FullP1,9,JR-DUAL-r009-R8-g0170,False,1,True,1.0,120.0,1069460.8401523,1071161.788179586,1700.94802728598,0.15904724730675984,0.4211045578122139,4.324763555079699,1.0,1.0,0.0,0.0,1.0,0.0,0.0,0.0,1.0,1.0,0.0,1700.94802728598,1071161.788179586,1700.94802728598,0.0,Independent-replacement+CHILS（独立替代估计对照）,Independent-replacement+CHILS,INTERNAL_INDEPENDENT_REPLACEMENT_CONTROL
test,quality,FullP1,9,JR-DUAL-r009-R8-g0340,False,1,True,1.0,120.0,958942.247525348,961356.076485312,2413.828959963983,0.25171786582488404,1.0788610689342022,5.61558848246932,1.0,1.0,0.0,0.0,1.0,0.0,0.0,0.0,8.0,8.0,0.0,2413.828959963983,961356.076485312,2413.828959963983,0.0,Independent-replacement+CHILS（独立替代估计对照）,Independent-replacement+CHILS,INTERNAL_INDEPENDENT_REPLACEMENT_CONTROL
test,quality,FullP1,9,JR-DUAL-r009-R8-g0680,False,1,True,1.0,120.0,727027.842792866,727884.31775967,856.4749668039149,0.1178049747742507,3.0565032474696636,7.353549066931009,1.0,1.0,0.0,0.0,1.0,0.0,0.0,0.0,8.0,8.0,0.0,856.4749668039149,727884.31775967,856.4749668039149,0.0,Independent-replacement+CHILS（独立替代估计对照）,Independent-replacement+CHILS,INTERNAL_INDEPENDENT_REPLACEMENT_CONTROL
test,quality,FullP1,10,JR-DUAL-r010-R12-g0170,False,1,True,1.0,120.0,1304524.980145348,1306303.631660412,1778.6515150640626,0.13634476473312823,1.0752042904496193,5.919450789690018,1.0,1.0,0.0,0.0,1.0,0.0,0.0,0.0,6.0,6.0,0.0,1778.6515150640626,1306303.631660412,1409.6677442491055,368.9837708149571,Independent-replacement+CHILS（独立替代估计对照）,Independent-replacement+CHILS,INTERNAL_INDEPENDENT_REPLACEMENT_CONTROL
test,quality,FullP1,10,JR-DUAL-r010-R12-g0340,False,1,True,1.0,120.0,1204766.032426266,1207404.04900097,2638.0165747040883,0.2189650524418765,1.1921722032129765,6.263433523476124,1.0,1.0,0.0,0.0,1.0,0.0,0.0,0.0,6.0,6.0,0.0,2638.0165747040883,1207404.04900097,2638.0165747040883,0.0,Independent-replacement+CHILS（独立替代估计对照）,Independent-replacement+CHILS,INTERNAL_INDEPENDENT_REPLACEMENT_CONTROL
test,quality,FullP1,10,JR-DUAL-r010-R12-g0680,False,1,True,1.0,120.0,997301.877515741,998991.115472434,1689.2379566929303,0.16938080582990458,1.2684153243899345,5.665878042578697,1.0,1.0,0.0,0.0,1.0,0.0,0.0,0.0,8.0,8.0,0.0,1689.2379566929303,998991.115472434,1689.2379566929303,0.0,Independent-replacement+CHILS（独立替代估计对照）,Independent-replacement+CHILS,INTERNAL_INDEPENDENT_REPLACEMENT_CONTROL
test,quality,FullP1,10,JR-DUAL-r010-R8-g0170,False,1,True,1.0,120.0,1063723.76085508,1065722.881188429,1999.1203333488666,0.18793604194211688,0.4116746000945568,4.865479435771704,1.0,1.0,0.0,0.0,1.0,0.0,0.0,0.0,1.0,1.0,0.0,1999.1203333488666,1065722.881188429,1999.1203333488666,0.0,Independent-replacement+CHILS（独立替代估计对照）,Independent-replacement+CHILS,INTERNAL_INDEPENDENT_REPLACEMENT_CONTROL
test,quality,FullP1,10,JR-DUAL-r010-R8-g0340,False,1,True,1.0,120.0,961329.66255596,964145.588037303,2815.9254813429434,0.2929198578826777,1.092648446559906,5.626032780855894,1.0,1.0,0.0,0.0,1.0,0.0,0.0,0.0,8.0,8.0,0.0,2815.9254813429434,964145.588037303,2815.9254813429434,0.0,Independent-replacement+CHILS（独立替代估计对照）,Independent-replacement+CHILS,INTERNAL_INDEPENDENT_REPLACEMENT_CONTROL
test,quality,FullP1,10,JR-DUAL-r010-R8-g0680,False,1,True,1.0,120.0,729720.170020981,730969.598451768,1249.4284307870548,0.17122021318817748,3.028419401496649,7.767795599997044,1.0,1.0,0.0,0.0,1.0,0.0,0.0,0.0,8.0,8.0,0.0,1249.4284307870548,730969.598451768,1249.4284307870548,0.0,Independent-replacement+CHILS（独立替代估计对照）,Independent-replacement+CHILS,INTERNAL_INDEPENDENT_REPLACEMENT_CONTROL
test,quality,FullP1,11,JR-DUAL-r011-R12-g0170,False,1,True,1.0,120.0,1309710.108432145,1310898.1058785,1187.9974463549443,0.09070690061154807,0.6047802865505219,6.829337678849697,1.0,0.0,0.0,1.0,1.0,0.0,0.0,0.0,0.0,0.0,0.0,1187.9974463549443,1310898.1058785,1187.9974463549443,0.0,Independent-replacement+CHILS（独立替代估计对照）,Independent-replacement+CHILS,INTERNAL_INDEPENDENT_REPLACEMENT_CONTROL
test,quality,FullP1,11,JR-DUAL-r011-R12-g0340,False,1,True,1.0,120.0,1207263.813126226,1210494.035896661,3230.222770435037,0.26756560871897017,1.2869373969733715,6.674201425164938,1.0,1.0,0.0,0.0,1.0,0.0,0.0,0.0,6.0,6.0,0.0,3230.222770435037,1210494.035896661,3230.222770435037,0.0,Independent-replacement+CHILS（独立替代估计对照）,Independent-replacement+CHILS,INTERNAL_INDEPENDENT_REPLACEMENT_CONTROL
test,quality,FullP1,11,JR-DUAL-r011-R12-g0680,False,1,True,1.0,120.0,996565.623874682,997711.890608384,1146.2667337020393,0.11502170115454256,2.1034237928688526,7.320065397769213,1.0,1.0,0.0,0.0,1.0,0.0,0.0,0.0,8.0,8.0,0.0,1146.2667337020393,997711.890608384,1146.2667337020393,0.0,Independent-replacement+CHILS（独立替代估计对照）,Independent-replacement+CHILS,INTERNAL_INDEPENDENT_REPLACEMENT_CONTROL
test,quality,FullP1,11,JR-DUAL-r011-R8-g0170,False,1,True,1.0,120.0,1065376.358638791,1067998.929201668,2622.570562876994,0.24616376566003373,0.4134606122970581,5.9141267612576485,1.0,1.0,0.0,0.0,1.0,0.0,0.0,0.0,1.0,1.0,0.0,2622.570562876994,1067998.929201668,2622.570562876994,0.0,Independent-replacement+CHILS（独立替代估计对照）,Independent-replacement+CHILS,INTERNAL_INDEPENDENT_REPLACEMENT_CONTROL
test,quality,FullP1,11,JR-DUAL-r011-R8-g0340,False,1,True,1.0,120.0,961749.203495802,964323.667693663,2574.4641978610307,0.267685607485119,3.0468216948211193,7.567018665373325,1.0,1.0,0.0,0.0,1.0,0.0,0.0,0.0,8.0,8.0,0.0,2574.4641978610307,964323.667693663,2574.4641978610307,0.0,Independent-replacement+CHILS（独立替代估计对照）,Independent-replacement+CHILS,INTERNAL_INDEPENDENT_REPLACEMENT_CONTROL
test,quality,FullP1,11,JR-DUAL-r011-R8-g0680,False,1,True,1.0,120.0,730874.623950481,731969.789376776,1095.1654262950178,0.14984313183230982,3.066045705229044,7.702859733253717,1.0,1.0,0.0,0.0,1.0,0.0,0.0,0.0,8.0,8.0,0.0,1095.1654262950178,731969.789376776,1055.3486111080274,39.816815186990425,Independent-replacement+CHILS（独立替代估计对照）,Independent-replacement+CHILS,INTERNAL_INDEPENDENT_REPLACEMENT_CONTROL
test,quality,FullGreedy,8,JR-DUAL-r008-R12-g0170,False,1,True,1.0,120.0,1308539.931227763,1310601.940398075,2062.009170311969,0.1575809129781197,2.0822937563061714,6.828550819307566,1.0,1.0,0.0,0.0,1.0,0.0,0.0,0.0,7.0,7.0,0.0,2062.009170311969,1310601.940398075,1545.2884029019624,516.7207674100064,Greedy-rank+CHILS（贪心请求排序内部对照）,Greedy-rank+CHILS,INTERNAL_GREEDY_REQUEST_RANKING
test,quality,FullGreedy,8,JR-DUAL-r008-R12-g0340,False,1,True,1.0,120.0,1206858.411921518,1210753.609808727,3895.1978872090112,0.32275516736111676,0.9223539158701897,5.4856033101677895,1.0,1.0,0.0,0.0,1.0,0.0,0.0,0.0,8.0,8.0,0.0,3895.1978872090112,1210753.609808727,2293.9027097311337,1601.2951774778776,Greedy-rank+CHILS（贪心请求排序内部对照）,Greedy-rank+CHILS,INTERNAL_GREEDY_REQUEST_RANKING
test,quality,FullGreedy,8,JR-DUAL-r008-R12-g0680,False,1,True,1.0,120.0,996252.482559234,998653.972644334,2401.49008509994,0.241052356419815,2.088233981281519,7.272362377494574,1.0,1.0,0.0,0.0,1.0,0.0,0.0,0.0,8.0,8.0,0.0,2401.49008509994,998653.972644334,1752.890491288039,648.5995938119013,Greedy-rank+CHILS（贪心请求排序内部对照）,Greedy-rank+CHILS,INTERNAL_GREEDY_REQUEST_RANKING
test,quality,FullGreedy,8,JR-DUAL-r008-R8-g0170,False,1,True,1.0,120.0,1064212.05311729,1067742.629697501,3530.5765802110545,0.33175498904276546,0.7122526988387108,5.530137125402689,1.0,1.0,0.0,0.0,1.0,0.0,0.0,0.0,7.0,7.0,0.0,3530.5765802110545,1067742.629697501,2186.9149603929836,1343.661619818071,Greedy-rank+CHILS（贪心请求排序内部对照）,Greedy-rank+CHILS,INTERNAL_GREEDY_REQUEST_RANKING
test,quality,FullGreedy,8,JR-DUAL-r008-R8-g0340,False,1,True,1.0,120.0,964674.094508257,967744.796548355,3070.7020400980255,0.318314968503774,1.9026137702167034,6.172995738685131,1.0,1.0,0.0,0.0,1.0,0.0,0.0,0.0,8.0,8.0,0.0,3070.7020400980255,967744.796548355,2213.5059239330003,857.1961161650252,Greedy-rank+CHILS（贪心请求排序内部对照）,Greedy-rank+CHILS,INTERNAL_GREEDY_REQUEST_RANKING
test,quality,FullGreedy,8,JR-DUAL-r008-R8-g0680,False,1,True,1.0,120.0,725058.74017615,727062.211266697,2003.471090547042,0.2763184524967325,1.9050957188010216,6.195779886096716,1.0,1.0,0.0,0.0,1.0,0.0,0.0,0.0,8.0,8.0,0.0,2003.471090547042,727062.211266697,1072.9688282109564,930.5022623360856,Greedy-rank+CHILS（贪心请求排序内部对照）,Greedy-rank+CHILS,INTERNAL_GREEDY_REQUEST_RANKING
test,quality,FullGreedy,9,JR-DUAL-r009-R12-g0170,False,1,True,1.0,120.0,1303588.958822233,1305244.951142674,1655.9923204411753,0.12703331899476442,1.0028837248682976,6.227774538099766,1.0,1.0,0.0,0.0,1.0,0.0,0.0,0.0,8.0,8.0,0.0,1655.9923204411753,1305244.951142674,1480.9733000150882,175.01902042608708,Greedy-rank+CHILS（贪心请求排序内部对照）,Greedy-rank+CHILS,INTERNAL_GREEDY_REQUEST_RANKING
test,quality,FullGreedy,9,JR-DUAL-r009-R12-g0340,False,1,True,1.0,120.0,1201896.359864861,1204184.639125805,2288.2792609441094,0.19038906659151536,0.8129637688398361,5.9108291156589985,1.0,1.0,0.0,0.0,1.0,0.0,0.0,0.0,6.0,6.0,0.0,2288.2792609441094,1204184.639125805,1088.1848472019192,1200.0944137421902,Greedy-rank+CHILS（贪心请求排序内部对照）,Greedy-rank+CHILS,INTERNAL_GREEDY_REQUEST_RANKING
test,quality,FullGreedy,9,JR-DUAL-r009-R12-g0680,False,1,True,1.0,120.0,995328.900324943,996691.239721992,1362.3393970490433,0.136873288478239,2.055304903537035,7.05929808691144,1.0,1.0,0.0,0.0,1.0,0.0,0.0,0.0,8.0,8.0,0.0,1362.3393970490433,996691.239721992,1132.9280402449658,229.4113568040775,Greedy-rank+CHILS（贪心请求排序内部对照）,Greedy-rank+CHILS,INTERNAL_GREEDY_REQUEST_RANKING
test,quality,FullGreedy,9,JR-DUAL-r009-R8-g0170,False,1,True,1.0,120.0,1069460.8401523,1072358.373683807,2897.5335315070115,0.270934046644885,1.876817062497139,6.317087791860104,1.0,1.0,0.0,0.0,1.0,0.0,0.0,0.0,7.0,7.0,0.0,2897.5335315070115,1072358.373683807,1700.94802728598,1196.5855042210314,Greedy-rank+CHILS（贪心请求排序内部对照）,Greedy-rank+CHILS,INTERNAL_GREEDY_REQUEST_RANKING
test,quality,FullGreedy,9,JR-DUAL-r009-R8-g0340,False,1,True,1.0,120.0,958942.247525348,962784.318409774,3842.070884426008,0.40065717141369867,0.7139585390686989,4.517731837928295,1.0,1.0,0.0,0.0,1.0,0.0,0.0,0.0,8.0,8.0,0.0,3842.070884426008,962784.318409774,2413.828959963983,1428.241924462025,Greedy-rank+CHILS（贪心请求排序内部对照）,Greedy-rank+CHILS,INTERNAL_GREEDY_REQUEST_RANKING
test,quality,FullGreedy,9,JR-DUAL-r009-R8-g0680,False,1,True,1.0,120.0,727027.842792866,728717.263461693,1689.4206688269041,0.2323735859051864,1.8650622926652431,6.647194933146238,1.0,1.0,0.0,0.0,1.0,0.0,0.0,0.0,8.0,8.0,0.0,1689.4206688269041,728717.263461693,856.4749668039149,832.9457020229893,Greedy-rank+CHILS（贪心请求排序内部对照）,Greedy-rank+CHILS,INTERNAL_GREEDY_REQUEST_RANKING
test,quality,FullGreedy,10,JR-DUAL-r010-R12-g0170,False,1,True,1.0,120.0,1304524.980145348,1306337.307063753,1812.326918405015,0.13892619505094403,0.9449344016611576,6.063403192907572,1.0,1.0,0.0,0.0,1.0,0.0,0.0,0.0,8.0,8.0,0.0,1812.326918405015,1306337.307063753,1409.6677442491055,402.65917415590957,Greedy-rank+CHILS（贪心请求排序内部对照）,Greedy-rank+CHILS,INTERNAL_GREEDY_REQUEST_RANKING
test,quality,FullGreedy,10,JR-DUAL-r010-R12-g0340,False,1,True,1.0,120.0,1204766.032426266,1208402.552936319,3636.5205100530293,0.3018445417762549,0.9401677213609219,5.765962533652782,1.0,1.0,0.0,0.0,1.0,0.0,0.0,0.0,8.0,8.0,0.0,3636.5205100530293,1208402.552936319,2638.0165747040883,998.503935348941,Greedy-rank+CHILS（贪心请求排序内部对照）,Greedy-rank+CHILS,INTERNAL_GREEDY_REQUEST_RANKING
test,quality,FullGreedy,10,JR-DUAL-r010-R12-g0680,False,1,True,1.0,120.0,997301.877515741,1000413.196392745,3111.3188770039706,0.3119736307680683,2.0718978568911552,7.431208994239569,1.0,1.0,0.0,0.0,1.0,0.0,0.0,0.0,8.0,8.0,0.0,3111.3188770039706,1000413.196392745,1689.2379566929303,1422.0809203110402,Greedy-rank+CHILS（贪心请求排序内部对照）,Greedy-rank+CHILS,INTERNAL_GREEDY_REQUEST_RANKING
test,quality,FullGreedy,10,JR-DUAL-r010-R8-g0170,False,1,True,1.0,120.0,1063723.76085508,1067005.870427666,3282.109572585905,0.30854905130139837,3.0772356428205967,7.62723845988512,1.0,1.0,0.0,0.0,1.0,0.0,0.0,0.0,8.0,8.0,0.0,3282.109572585905,1067005.870427666,1999.1203333488666,1282.9892392370384,Greedy-rank+CHILS（贪心请求排序内部对照）,Greedy-rank+CHILS,INTERNAL_GREEDY_REQUEST_RANKING
test,quality,FullGreedy,10,JR-DUAL-r010-R8-g0340,False,1,True,1.0,120.0,961329.66255596,965900.661665852,4570.999109891942,0.4754871599133517,1.9163792170584202,7.516984727233648,1.0,1.0,0.0,0.0,1.0,0.0,0.0,0.0,8.0,8.0,0.0,4570.999109891942,965900.661665852,2815.9254813429434,1755.0736285489984,Greedy-rank+CHILS（贪心请求排序内部对照）,Greedy-rank+CHILS,INTERNAL_GREEDY_REQUEST_RANKING
test,quality,FullGreedy,10,JR-DUAL-r010-R8-g0680,False,1,True,1.0,120.0,729720.170020981,731036.045048618,1315.8750276369974,0.18032597723030777,1.8595497980713844,6.166809484362602,1.0,1.0,0.0,0.0,1.0,0.0,0.0,0.0,8.0,8.0,0.0,1315.8750276369974,731036.045048618,1249.4284307870548,66.44659684994258,Greedy-rank+CHILS（贪心请求排序内部对照）,Greedy-rank+CHILS,INTERNAL_GREEDY_REQUEST_RANKING
test,quality,FullGreedy,11,JR-DUAL-r011-R12-g0170,False,1,True,1.0,120.0,1309710.108432145,1311148.438464307,1438.3300321619026,0.10982048797681866,2.1938918828964233,7.528070781379938,1.0,1.0,0.0,0.0,1.0,0.0,0.0,0.0,7.0,7.0,0.0,1438.3300321619026,1311148.438464307,1187.9974463549443,250.33258580695838,Greedy-rank+CHILS（贪心请求排序内部对照）,Greedy-rank+CHILS,INTERNAL_GREEDY_REQUEST_RANKING
test,quality,FullGreedy,11,JR-DUAL-r011-R12-g0340,False,1,True,1.0,120.0,1207263.813126226,1211168.326449476,3904.513323249994,0.32341840124729687,2.1905591040849686,7.67054383456707,1.0,1.0,0.0,0.0,1.0,0.0,0.0,0.0,8.0,8.0,0.0,3904.513323249994,1211168.326449476,3230.222770435037,674.2905528149568,Greedy-rank+CHILS（贪心请求排序内部对照）,Greedy-rank+CHILS,INTERNAL_GREEDY_REQUEST_RANKING
test,quality,FullGreedy,11,JR-DUAL-r011-R12-g0680,False,1,True,1.0,120.0,996565.623874682,998503.525917519,1937.9020428369986,0.19445804635547909,2.0698824040591717,7.275437548756599,1.0,1.0,0.0,0.0,1.0,0.0,0.0,0.0,8.0,8.0,0.0,1937.9020428369986,998503.525917519,1146.2667337020393,791.6353091349592,Greedy-rank+CHILS（贪心请求排序内部对照）,Greedy-rank+CHILS,INTERNAL_GREEDY_REQUEST_RANKING
test,quality,FullGreedy,11,JR-DUAL-r011-R8-g0170,False,1,True,1.0,120.0,1065376.358638791,1069164.206413786,3787.8477749950252,0.35554081374911295,0.6438037119805813,5.074107527732849,1.0,1.0,0.0,0.0,1.0,0.0,0.0,0.0,6.0,6.0,0.0,3787.8477749950252,1069164.206413786,2622.570562876994,1165.2772121180315,Greedy-rank+CHILS（贪心请求排序内部对照）,Greedy-rank+CHILS,INTERNAL_GREEDY_REQUEST_RANKING
test,quality,FullGreedy,11,JR-DUAL-r011-R8-g0340,False,1,True,1.0,120.0,961749.203495802,964940.392041908,3191.1885461059865,0.33181088526057884,1.8656743206083775,6.612068980932236,1.0,1.0,0.0,0.0,1.0,0.0,0.0,0.0,8.0,8.0,0.0,3191.1885461059865,964940.392041908,2574.4641978610307,616.7243482449558,Greedy-rank+CHILS（贪心请求排序内部对照）,Greedy-rank+CHILS,INTERNAL_GREEDY_REQUEST_RANKING
test,quality,FullGreedy,11,JR-DUAL-r011-R8-g0680,False,1,True,1.0,120.0,730874.623950481,731929.972561589,1055.3486111080274,0.14439530071569848,1.1225268691778183,5.006764534860849,1.0,1.0,0.0,0.0,1.0,0.0,0.0,0.0,8.0,8.0,0.0,1055.3486111080274,731929.972561589,1055.3486111080274,0.0,Greedy-rank+CHILS（贪心请求排序内部对照）,Greedy-rank+CHILS,INTERNAL_GREEDY_REQUEST_RANKING
test,quality,CHILS-p1,8,JR-DUAL-r008-R12-g0170,False,1,True,1.0,120.0,1308539.931227763,1374846.538211467,66306.60698370403,5.067220755081625,84.21071543172002,85.52533999457955,1.0,1.0,0.0,0.0,1.0,0.0,0.0,0.0,1.0,0.0,0.0,66306.60698370403,1374846.538211467,0.0,66306.60698370403,CHILS-p1（SEA 2025 公开 MWIS 算法）,CHILS-p1 (SEA 2025),PUBLISHED_MWIS_BASELINE
test,quality,CHILS-p1,8,JR-DUAL-r008-R12-g0340,False,1,True,1.0,120.0,1206858.411921518,1296368.483270003,89510.07134848507,7.4167831507235595,84.24148939922452,85.53426700085402,1.0,1.0,0.0,0.0,1.0,0.0,0.0,0.0,1.0,0.0,0.0,89510.07134848507,1296368.483270003,0.0,89510.07134848507,CHILS-p1（SEA 2025 公开 MWIS 算法）,CHILS-p1 (SEA 2025),PUBLISHED_MWIS_BASELINE
test,quality,CHILS-p1,8,JR-DUAL-r008-R12-g0680,False,1,True,1.0,120.0,996252.482559234,1112140.454040302,115887.97148106794,11.632389731503391,84.24829291179776,85.67194885388017,1.0,1.0,0.0,0.0,1.0,0.0,0.0,0.0,1.0,0.0,0.0,115887.97148106794,1112140.454040302,0.0,115887.97148106794,CHILS-p1（SEA 2025 公开 MWIS 算法）,CHILS-p1 (SEA 2025),PUBLISHED_MWIS_BASELINE
test,quality,CHILS-p1,8,JR-DUAL-r008-R8-g0170,False,1,True,1.0,120.0,1064212.05311729,1180867.293242463,116655.240125173,10.961653721499063,84.120002027601,84.82379860430956,1.0,1.0,0.0,0.0,1.0,0.0,0.0,0.0,1.0,0.0,0.0,116655.240125173,1180867.293242463,0.0,116655.240125173,CHILS-p1（SEA 2025 公开 MWIS 算法）,CHILS-p1 (SEA 2025),PUBLISHED_MWIS_BASELINE
test,quality,CHILS-p1,8,JR-DUAL-r008-R8-g0340,False,1,True,1.0,120.0,964674.094508257,1049548.715587024,84874.62107876712,8.798268924390674,84.1299569606781,84.88344728946686,1.0,1.0,0.0,0.0,1.0,0.0,0.0,0.0,1.0,0.0,0.0,84874.62107876712,1049548.715587024,0.0,84874.62107876712,CHILS-p1（SEA 2025 公开 MWIS 算法）,CHILS-p1 (SEA 2025),PUBLISHED_MWIS_BASELINE
test,quality,CHILS-p1,8,JR-DUAL-r008-R8-g0680,False,1,True,1.0,120.0,725058.74017615,795176.092892003,70117.35271585302,9.670575476246007,84.16404999420047,85.08120600134134,1.0,1.0,0.0,0.0,1.0,0.0,0.0,0.0,1.0,0.0,0.0,70117.35271585302,795176.092892003,0.0,70117.35271585302,CHILS-p1（SEA 2025 公开 MWIS 算法）,CHILS-p1 (SEA 2025),PUBLISHED_MWIS_BASELINE
test,quality,CHILS-p1,9,JR-DUAL-r009-R12-g0170,False,1,True,1.0,120.0,1303588.958822233,1371307.459083725,67718.5002614921,5.194773997063801,84.20391168445349,85.4024913944304,1.0,1.0,0.0,0.0,1.0,0.0,0.0,0.0,1.0,0.0,0.0,67718.5002614921,1371307.459083725,0.0,67718.5002614921,CHILS-p1（SEA 2025 公开 MWIS 算法）,CHILS-p1 (SEA 2025),PUBLISHED_MWIS_BASELINE
test,quality,CHILS-p1,9,JR-DUAL-r009-R12-g0340,False,1,True,1.0,120.0,1201896.359864861,1293487.961321943,91591.60145708197,7.620590636232591,84.22645638510585,85.55148466676474,1.0,1.0,0.0,0.0,1.0,0.0,0.0,0.0,1.0,0.0,0.0,91591.60145708197,1293487.961321943,0.0,91591.60145708197,CHILS-p1（SEA 2025 公开 MWIS 算法）,CHILS-p1 (SEA 2025),PUBLISHED_MWIS_BASELINE
test,quality,CHILS-p1,9,JR-DUAL-r009-R12-g0680,False,1,True,1.0,120.0,995328.900324943,1105927.703214599,110598.80288965604,11.11178454212965,84.25505923107266,85.67582691460848,1.0,1.0,0.0,0.0,1.0,0.0,0.0,0.0,1.0,0.0,0.0,110598.80288965604,1105927.703214599,0.0,110598.80288965604,CHILS-p1（SEA 2025 公开 MWIS 算法）,CHILS-p1 (SEA 2025),PUBLISHED_MWIS_BASELINE
test,quality,CHILS-p1,9,JR-DUAL-r009-R8-g0170,False,1,True,1.0,120.0,1069460.8401523,1178595.895866356,109135.05571405613,10.204679929983635,84.12436860054731,84.81585586816072,1.0,1.0,0.0,0.0,1.0,0.0,0.0,0.0,1.0,0.0,0.0,109135.05571405613,1178595.895866356,0.0,109135.05571405613,CHILS-p1（SEA 2025 公开 MWIS 算法）,CHILS-p1 (SEA 2025),PUBLISHED_MWIS_BASELINE
test,quality,CHILS-p1,9,JR-DUAL-r009-R8-g0340,False,1,True,1.0,120.0,958942.247525348,1047078.873534863,88136.62600951502,9.19102544881727,84.12783185020089,84.92320086807013,1.0,1.0,0.0,0.0,1.0,0.0,0.0,0.0,1.0,0.0,0.0,88136.62600951502,1047078.873534863,0.0,88136.62600951502,CHILS-p1（SEA 2025 公开 MWIS 算法）,CHILS-p1 (SEA 2025),PUBLISHED_MWIS_BASELINE
test,quality,CHILS-p1,9,JR-DUAL-r009-R8-g0680,False,1,True,1.0,120.0,727027.842792866,794257.025091503,67229.182298637,9.24712622289363,84.15518902614713,85.13372983410954,1.0,1.0,0.0,0.0,1.0,0.0,0.0,0.0,1.0,0.0,0.0,67229.182298637,794257.025091503,0.0,67229.182298637,CHILS-p1（SEA 2025 公开 MWIS 算法）,CHILS-p1 (SEA 2025),PUBLISHED_MWIS_BASELINE
test,quality,CHILS-p1,10,JR-DUAL-r010-R12-g0170,False,1,True,1.0,120.0,1304524.980145348,1375265.578730085,70740.59858473693,5.422709389348384,84.20902052521706,85.4152746014297,1.0,1.0,0.0,0.0,1.0,0.0,0.0,0.0,1.0,0.0,0.0,70740.59858473693,1375265.578730085,0.0,70740.59858473693,CHILS-p1（SEA 2025 公开 MWIS 算法）,CHILS-p1 (SEA 2025),PUBLISHED_MWIS_BASELINE
test,quality,CHILS-p1,10,JR-DUAL-r010-R12-g0340,False,1,True,1.0,120.0,1204766.032426266,1295459.612673599,90693.58024733304,7.527899841655245,84.22819003090262,85.60573706403375,1.0,1.0,0.0,0.0,1.0,0.0,0.0,0.0,1.0,0.0,0.0,90693.58024733304,1295459.612673599,0.0,90693.58024733304,CHILS-p1（SEA 2025 公开 MWIS 算法）,CHILS-p1 (SEA 2025),PUBLISHED_MWIS_BASELINE
test,quality,CHILS-p1,10,JR-DUAL-r010-R12-g0680,False,1,True,1.0,120.0,997301.877515741,1108322.896784403,111021.01926866185,11.132137798157261,84.24826521798968,85.68373343348503,1.0,1.0,0.0,0.0,1.0,0.0,0.0,0.0,1.0,0.0,0.0,111021.01926866185,1108322.896784403,0.0,111021.01926866185,CHILS-p1（SEA 2025 公开 MWIS 算法）,CHILS-p1 (SEA 2025),PUBLISHED_MWIS_BASELINE
test,quality,CHILS-p1,10,JR-DUAL-r010-R8-g0170,False,1,True,1.0,120.0,1063723.76085508,1178047.438249534,114323.6773944539,10.747496822159373,84.12031621485949,84.84119503200054,1.0,1.0,0.0,0.0,1.0,0.0,0.0,0.0,1.0,0.0,0.0,114323.6773944539,1178047.438249534,0.0,114323.6773944539,CHILS-p1（SEA 2025 公开 MWIS 算法）,CHILS-p1 (SEA 2025),PUBLISHED_MWIS_BASELINE
test,quality,CHILS-p1,10,JR-DUAL-r010-R8-g0340,False,1,True,1.0,120.0,961329.66255596,1047625.820640716,86296.158084756,8.976749750477255,84.12625056132674,84.92099734023213,1.0,1.0,0.0,0.0,1.0,0.0,0.0,0.0,1.0,0.0,0.0,86296.158084756,1047625.820640716,0.0,86296.158084756,CHILS-p1（SEA 2025 公开 MWIS 算法）,CHILS-p1 (SEA 2025),PUBLISHED_MWIS_BASELINE
test,quality,CHILS-p1,10,JR-DUAL-r010-R8-g0680,False,1,True,1.0,120.0,729720.170020981,794046.530500671,64326.36047969002,8.815209325766684,84.15555897727609,85.07292636483908,1.0,1.0,0.0,0.0,1.0,0.0,0.0,0.0,1.0,0.0,0.0,64326.36047969002,794046.530500671,0.0,64326.36047969002,CHILS-p1（SEA 2025 公开 MWIS 算法）,CHILS-p1 (SEA 2025),PUBLISHED_MWIS_BASELINE
test,quality,CHILS-p1,11,JR-DUAL-r011-R12-g0170,False,1,True,1.0,120.0,1309710.108432145,1374201.038526892,64490.93009474687,4.924061414777428,84.21937923133373,85.55165216326714,1.0,1.0,0.0,0.0,1.0,0.0,0.0,0.0,1.0,0.0,0.0,64490.93009474687,1374201.038526892,0.0,64490.93009474687,CHILS-p1（SEA 2025 公开 MWIS 算法）,CHILS-p1 (SEA 2025),PUBLISHED_MWIS_BASELINE
test,quality,CHILS-p1,11,JR-DUAL-r011-R12-g0340,False,1,True,1.0,120.0,1207263.813126226,1295471.227843405,88207.41471717902,7.306391010657788,84.22609554231167,85.65236071124673,1.0,1.0,0.0,0.0,1.0,0.0,0.0,0.0,1.0,0.0,0.0,88207.41471717902,1295471.227843405,0.0,88207.41471717902,CHILS-p1（SEA 2025 公开 MWIS 算法）,CHILS-p1 (SEA 2025),PUBLISHED_MWIS_BASELINE
test,quality,CHILS-p1,11,JR-DUAL-r011-R12-g0680,False,1,True,1.0,120.0,996565.623874682,1108515.397683528,111949.77380884602,11.2335576430563,84.24883895367384,85.6667564548552,1.0,1.0,0.0,0.0,1.0,0.0,0.0,0.0,1.0,0.0,0.0,111949.77380884602,1108515.397683528,0.0,111949.77380884602,CHILS-p1（SEA 2025 公开 MWIS 算法）,CHILS-p1 (SEA 2025),PUBLISHED_MWIS_BASELINE
test,quality,CHILS-p1,11,JR-DUAL-r011-R8-g0170,False,1,True,1.0,120.0,1065376.358638791,1181231.619384729,115855.26074593817,10.87458528683366,84.12443452328444,84.8377178311348,1.0,1.0,0.0,0.0,1.0,0.0,0.0,0.0,1.0,0.0,0.0,115855.26074593817,1181231.619384729,0.0,115855.26074593817,CHILS-p1（SEA 2025 公开 MWIS 算法）,CHILS-p1 (SEA 2025),PUBLISHED_MWIS_BASELINE
test,quality,CHILS-p1,11,JR-DUAL-r011-R8-g0340,False,1,True,1.0,120.0,961749.203495802,1043779.523950559,82030.32045475696,8.529283950180576,84.1270656362176,84.91362603008747,1.0,1.0,0.0,0.0,1.0,0.0,0.0,0.0,1.0,0.0,0.0,82030.32045475696,1043779.523950559,0.0,82030.32045475696,CHILS-p1（SEA 2025 公开 MWIS 算法）,CHILS-p1 (SEA 2025),PUBLISHED_MWIS_BASELINE
test,quality,CHILS-p1,11,JR-DUAL-r011-R8-g0680,False,1,True,1.0,120.0,730874.623950481,795549.625679226,64675.00172874506,8.84898717363691,84.16295030713081,85.08206110820174,1.0,1.0,0.0,0.0,1.0,0.0,0.0,0.0,1.0,0.0,0.0,64675.00172874506,795549.625679226,0.0,64675.00172874506,CHILS-p1（SEA 2025 公开 MWIS 算法）,CHILS-p1 (SEA 2025),PUBLISHED_MWIS_BASELINE
test,quality,HiGHS-MILP,8,JR-DUAL-r008-R12-g0170,False,1,True,1.0,120.0,1308539.931227763,1308539.931227763,0.0,0.0,87.40454404428601,88.89631194993854,1.0,1.0,0.0,0.0,1.0,0.0,0.0,0.0,1.0,0.0,0.0,0.0,1308539.931227763,0.0,0.0,HiGHS-MILP（通用 MILP 软件参照）,HiGHS (generic MILP),GENERIC_MILP_SOFTWARE_REFERENCE
test,quality,HiGHS-MILP,8,JR-DUAL-r008-R12-g0340,False,1,True,0.0,120.0,1206858.411921518,null,null,null,121.60107059031725,123.13957431167364,0.0,0.0,1.0,0.0,0.0,1.0,0.0,0.0,null,0.0,0.0,0.0,1206858.411921518,0.0,0.0,HiGHS-MILP（通用 MILP 软件参照）,HiGHS (generic MILP),GENERIC_MILP_SOFTWARE_REFERENCE
test,quality,HiGHS-MILP,8,JR-DUAL-r008-R12-g0680,False,1,True,0.0,120.0,996252.482559234,null,null,null,120.63356311246753,122.16324693709612,0.0,0.0,1.0,0.0,0.0,1.0,0.0,0.0,null,0.0,0.0,0.0,996252.482559234,0.0,0.0,HiGHS-MILP（通用 MILP 软件参照）,HiGHS (generic MILP),GENERIC_MILP_SOFTWARE_REFERENCE
test,quality,HiGHS-MILP,8,JR-DUAL-r008-R8-g0170,False,1,True,1.0,120.0,1064212.05311729,1064212.05311729,0.0,0.0,96.95838015899062,97.7893351316452,1.0,1.0,0.0,0.0,1.0,0.0,0.0,0.0,1.0,0.0,0.0,0.0,1064212.05311729,0.0,0.0,HiGHS-MILP（通用 MILP 软件参照）,HiGHS (generic MILP),GENERIC_MILP_SOFTWARE_REFERENCE
test,quality,HiGHS-MILP,8,JR-DUAL-r008-R8-g0340,False,1,True,1.0,120.0,964674.094508257,964674.094508257,0.0,0.0,84.90996974334121,85.86930620670319,1.0,1.0,0.0,0.0,1.0,0.0,0.0,0.0,1.0,0.0,0.0,0.0,964674.094508257,0.0,0.0,HiGHS-MILP（通用 MILP 软件参照）,HiGHS (generic MILP),GENERIC_MILP_SOFTWARE_REFERENCE
test,quality,HiGHS-MILP,8,JR-DUAL-r008-R8-g0680,False,1,True,1.0,120.0,725058.74017615,725058.74017615,0.0,0.0,88.98048257827759,90.10096322372556,1.0,1.0,0.0,0.0,1.0,0.0,0.0,0.0,1.0,0.0,0.0,0.0,725058.74017615,0.0,0.0,HiGHS-MILP（通用 MILP 软件参照）,HiGHS (generic MILP),GENERIC_MILP_SOFTWARE_REFERENCE
test,quality,HiGHS-MILP,9,JR-DUAL-r009-R12-g0170,False,1,True,1.0,120.0,1303588.958822233,1303588.958822233,0.0,0.0,85.43527359515429,86.94691864773631,1.0,1.0,0.0,0.0,1.0,0.0,0.0,0.0,1.0,0.0,0.0,0.0,1303588.958822233,0.0,0.0,HiGHS-MILP（通用 MILP 软件参照）,HiGHS (generic MILP),GENERIC_MILP_SOFTWARE_REFERENCE
test,quality,HiGHS-MILP,9,JR-DUAL-r009-R12-g0340,False,1,True,0.0,120.0,1201896.359864861,null,null,null,120.4394542388618,121.96814916282892,0.0,0.0,1.0,0.0,0.0,1.0,0.0,0.0,null,0.0,0.0,0.0,1201896.359864861,0.0,0.0,HiGHS-MILP（通用 MILP 软件参照）,HiGHS (generic MILP),GENERIC_MILP_SOFTWARE_REFERENCE
test,quality,HiGHS-MILP,9,JR-DUAL-r009-R12-g0680,False,1,True,0.0,120.0,995328.900324943,null,null,null,121.07384495809674,122.63737336546183,0.0,0.0,1.0,0.0,0.0,1.0,0.0,0.0,null,0.0,0.0,0.0,995328.900324943,0.0,0.0,HiGHS-MILP（通用 MILP 软件参照）,HiGHS (generic MILP),GENERIC_MILP_SOFTWARE_REFERENCE
test,quality,HiGHS-MILP,9,JR-DUAL-r009-R8-g0170,False,1,True,1.0,120.0,1069460.8401523,1069460.8401523,0.0,0.0,85.30330673605204,86.1210234388709,1.0,1.0,0.0,0.0,1.0,0.0,0.0,0.0,1.0,0.0,0.0,0.0,1069460.8401523,0.0,0.0,HiGHS-MILP（通用 MILP 软件参照）,HiGHS (generic MILP),GENERIC_MILP_SOFTWARE_REFERENCE
test,quality,HiGHS-MILP,9,JR-DUAL-r009-R8-g0340,False,1,True,1.0,120.0,958942.247525348,958942.247525348,0.0,0.0,111.79414545744658,112.72168807685375,1.0,1.0,0.0,0.0,1.0,0.0,0.0,0.0,1.0,0.0,0.0,0.0,958942.247525348,0.0,0.0,HiGHS-MILP（通用 MILP 软件参照）,HiGHS (generic MILP),GENERIC_MILP_SOFTWARE_REFERENCE
test,quality,HiGHS-MILP,9,JR-DUAL-r009-R8-g0680,False,1,True,1.0,120.0,727027.842792866,727027.842792866,0.0,0.0,100.96747825294733,102.06375341117382,1.0,1.0,0.0,0.0,1.0,0.0,0.0,0.0,1.0,0.0,0.0,0.0,727027.842792866,0.0,0.0,HiGHS-MILP（通用 MILP 软件参照）,HiGHS (generic MILP),GENERIC_MILP_SOFTWARE_REFERENCE
test,quality,HiGHS-MILP,10,JR-DUAL-r010-R12-g0170,False,1,True,1.0,120.0,1304524.980145348,1304524.980145348,0.0,0.0,87.79231560602784,89.25246035680175,1.0,1.0,0.0,0.0,1.0,0.0,0.0,0.0,1.0,0.0,0.0,0.0,1304524.980145348,0.0,0.0,HiGHS-MILP（通用 MILP 软件参照）,HiGHS (generic MILP),GENERIC_MILP_SOFTWARE_REFERENCE
test,quality,HiGHS-MILP,10,JR-DUAL-r010-R12-g0340,False,1,True,0.0,120.0,1204766.032426266,null,null,null,121.32212452217937,122.89781764149666,0.0,0.0,1.0,0.0,0.0,1.0,0.0,0.0,null,0.0,0.0,0.0,1204766.032426266,0.0,0.0,HiGHS-MILP（通用 MILP 软件参照）,HiGHS (generic MILP),GENERIC_MILP_SOFTWARE_REFERENCE
test,quality,HiGHS-MILP,10,JR-DUAL-r010-R12-g0680,False,1,True,0.0,120.0,997301.877515741,null,null,null,121.14391711726785,122.72412179037929,0.0,0.0,1.0,0.0,0.0,1.0,0.0,0.0,null,0.0,0.0,0.0,997301.877515741,0.0,0.0,HiGHS-MILP（通用 MILP 软件参照）,HiGHS (generic MILP),GENERIC_MILP_SOFTWARE_REFERENCE
test,quality,HiGHS-MILP,10,JR-DUAL-r010-R8-g0170,False,1,True,1.0,120.0,1063723.76085508,1063723.76085508,0.0,0.0,86.93553729355335,87.88830335438251,1.0,1.0,0.0,0.0,1.0,0.0,0.0,0.0,1.0,0.0,0.0,0.0,1063723.76085508,0.0,0.0,HiGHS-MILP（通用 MILP 软件参照）,HiGHS (generic MILP),GENERIC_MILP_SOFTWARE_REFERENCE
test,quality,HiGHS-MILP,10,JR-DUAL-r010-R8-g0340,False,1,True,1.0,120.0,961329.66255596,961329.66255596,0.0,0.0,84.89191387593746,85.76478355377913,1.0,1.0,0.0,0.0,1.0,0.0,0.0,0.0,1.0,0.0,0.0,0.0,961329.66255596,0.0,0.0,HiGHS-MILP（通用 MILP 软件参照）,HiGHS (generic MILP),GENERIC_MILP_SOFTWARE_REFERENCE
test,quality,HiGHS-MILP,10,JR-DUAL-r010-R8-g0680,False,1,True,1.0,120.0,729720.170020981,729720.170020981,0.0,0.0,101.8375914990902,102.84505646303296,1.0,1.0,0.0,0.0,1.0,0.0,0.0,0.0,1.0,0.0,0.0,0.0,729720.170020981,0.0,0.0,HiGHS-MILP（通用 MILP 软件参照）,HiGHS (generic MILP),GENERIC_MILP_SOFTWARE_REFERENCE
test,quality,HiGHS-MILP,11,JR-DUAL-r011-R12-g0170,False,1,True,1.0,120.0,1309710.108432145,1309710.108432145,0.0,0.0,84.81205504760146,86.54487070813775,1.0,1.0,0.0,0.0,1.0,0.0,0.0,0.0,1.0,0.0,0.0,0.0,1309710.108432145,0.0,0.0,HiGHS-MILP（通用 MILP 软件参照）,HiGHS (generic MILP),GENERIC_MILP_SOFTWARE_REFERENCE
test,quality,HiGHS-MILP,11,JR-DUAL-r011-R12-g0340,False,1,True,0.0,120.0,1207263.813126226,null,null,null,120.41556177660823,121.93529252335429,0.0,0.0,1.0,0.0,0.0,1.0,0.0,0.0,null,0.0,0.0,0.0,1207263.813126226,0.0,0.0,HiGHS-MILP（通用 MILP 软件参照）,HiGHS (generic MILP),GENERIC_MILP_SOFTWARE_REFERENCE
test,quality,HiGHS-MILP,11,JR-DUAL-r011-R12-g0680,False,1,True,0.0,120.0,996565.623874682,null,null,null,120.3601655960083,121.95616123080254,0.0,0.0,1.0,0.0,0.0,1.0,0.0,0.0,null,0.0,0.0,0.0,996565.623874682,0.0,0.0,HiGHS-MILP（通用 MILP 软件参照）,HiGHS (generic MILP),GENERIC_MILP_SOFTWARE_REFERENCE
test,quality,HiGHS-MILP,11,JR-DUAL-r011-R8-g0170,False,1,True,1.0,120.0,1065376.358638791,1065376.358638791,0.0,0.0,86.24996471777558,87.18445023521781,1.0,1.0,0.0,0.0,1.0,0.0,0.0,0.0,1.0,0.0,0.0,0.0,1065376.358638791,0.0,0.0,HiGHS-MILP（通用 MILP 软件参照）,HiGHS (generic MILP),GENERIC_MILP_SOFTWARE_REFERENCE
test,quality,HiGHS-MILP,11,JR-DUAL-r011-R8-g0340,False,1,True,1.0,120.0,961749.203495802,961749.203495802,0.0,0.0,96.32008935138583,97.23800279200077,1.0,1.0,0.0,0.0,1.0,0.0,0.0,0.0,1.0,0.0,0.0,0.0,961749.203495802,0.0,0.0,HiGHS-MILP（通用 MILP 软件参照）,HiGHS (generic MILP),GENERIC_MILP_SOFTWARE_REFERENCE
test,quality,HiGHS-MILP,11,JR-DUAL-r011-R8-g0680,False,1,True,1.0,120.0,730874.623950481,730874.623950481,0.0,0.0,91.56027088686824,92.5752251110971,1.0,1.0,0.0,0.0,1.0,0.0,0.0,0.0,1.0,0.0,0.0,0.0,730874.623950481,0.0,0.0,HiGHS-MILP（通用 MILP 软件参照）,HiGHS (generic MILP),GENERIC_MILP_SOFTWARE_REFERENCE
test,quality,FullCapacity-mean17/29,8,JR-DUAL-r008-R12-g0170,True,2,True,2.0,300.0,1308539.931227763,1310601.940398075,2062.009170311969,0.1575809129781197,4.056817835196853,9.133893797174096,1.0,1.0,0.0,0.0,1.0,0.0,0.0,0.0,7.5,7.5,0.0,2062.009170311969,1310601.940398075,1545.2884029019624,516.7207674100064,JointRecovery（本文方法，JR；完整框架 STK 迁移）；两种子均值,"JointRecovery (JR, ours); 2-seed mean",PROPOSED_FULL_FRAMEWORK
test,quality,FullCapacity-mean17/29,8,JR-DUAL-r008-R12-g0340,True,2,True,2.0,300.0,1206858.411921518,1210753.609808727,3895.1978872090112,0.32275516736111676,3.236319102346897,8.35694045573473,1.0,1.0,0.0,0.0,1.0,0.0,0.0,0.0,8.0,8.0,0.0,3895.1978872090112,1210753.609808727,2293.9027097311337,1601.2951774778776,JointRecovery（本文方法，JR；完整框架 STK 迁移）；两种子均值,"JointRecovery (JR, ours); 2-seed mean",PROPOSED_FULL_FRAMEWORK
test,quality,FullCapacity-mean17/29,8,JR-DUAL-r008-R12-g0680,True,2,True,2.0,300.0,996252.482559234,998653.972644334,2401.49008509994,0.241052356419815,3.2286740243434906,8.139155860990286,1.0,1.0,0.0,0.0,1.0,0.0,0.0,0.0,8.0,8.0,0.0,2401.49008509994,998653.972644334,1752.890491288039,648.5995938119013,JointRecovery（本文方法，JR；完整框架 STK 迁移）；两种子均值,"JointRecovery (JR, ours); 2-seed mean",PROPOSED_FULL_FRAMEWORK
test,quality,FullCapacity-mean17/29,8,JR-DUAL-r008-R8-g0170,True,2,True,2.0,300.0,1064212.05311729,1067750.4991761805,3538.4460588905495,0.3324944543266291,3.408657271414995,7.652601448819041,1.0,1.0,0.0,0.0,1.0,0.0,0.0,0.0,7.5,7.5,0.0,3538.4460588905495,1067750.4991761805,2186.9149603929836,1351.5310984975658,JointRecovery（本文方法，JR；完整框架 STK 迁移）；两种子均值,"JointRecovery (JR, ours); 2-seed mean",PROPOSED_FULL_FRAMEWORK
test,quality,FullCapacity-mean17/29,8,JR-DUAL-r008-R8-g0340,True,2,True,2.0,300.0,964674.094508257,967744.796548355,3070.7020400980255,0.318314968503774,2.8098168335855007,6.96132249571383,1.0,1.0,0.0,0.0,1.0,0.0,0.0,0.0,8.0,8.0,0.0,3070.7020400980255,967744.796548355,2213.5059239330003,857.1961161650252,JointRecovery（本文方法，JR；完整框架 STK 迁移）；两种子均值,"JointRecovery (JR, ours); 2-seed mean",PROPOSED_FULL_FRAMEWORK
test,quality,FullCapacity-mean17/29,8,JR-DUAL-r008-R8-g0680,True,2,True,2.0,300.0,725058.74017615,727062.211266697,2003.471090547042,0.2763184524967325,2.7459816839545965,7.209718907251954,1.0,1.0,0.0,0.0,1.0,0.0,0.0,0.0,8.0,8.0,0.0,2003.471090547042,727062.211266697,1072.9688282109564,930.5022623360856,JointRecovery（本文方法，JR；完整框架 STK 迁移）；两种子均值,"JointRecovery (JR, ours); 2-seed mean",PROPOSED_FULL_FRAMEWORK
test,quality,FullCapacity-mean17/29,9,JR-DUAL-r009-R12-g0170,True,2,True,2.0,300.0,1303588.958822233,1305244.951142674,1655.9923204411753,0.12703331899476442,4.251818893477321,9.200453637167811,1.0,1.0,0.0,0.0,1.0,0.0,0.0,0.0,8.0,8.0,0.0,1655.9923204411753,1305244.951142674,1480.9733000150882,175.01902042608708,JointRecovery（本文方法，JR；完整框架 STK 迁移）；两种子均值,"JointRecovery (JR, ours); 2-seed mean",PROPOSED_FULL_FRAMEWORK
test,quality,FullCapacity-mean17/29,9,JR-DUAL-r009-R12-g0340,True,2,True,2.0,300.0,1201896.359864861,1204184.639125805,2288.2792609441094,0.19038906659151536,3.8098627999424934,8.669116206467152,1.0,1.0,0.0,0.0,1.0,0.0,0.0,0.0,7.0,7.0,0.0,2288.2792609441094,1204184.639125805,1088.1848472019192,1200.0944137421902,JointRecovery（本文方法，JR；完整框架 STK 迁移）；两种子均值,"JointRecovery (JR, ours); 2-seed mean",PROPOSED_FULL_FRAMEWORK
test,quality,FullCapacity-mean17/29,9,JR-DUAL-r009-R12-g0680,True,2,True,2.0,300.0,995328.900324943,996691.239721992,1362.3393970490433,0.136873288478239,3.7050063274800777,8.454915512353182,1.0,1.0,0.0,0.0,1.0,0.0,0.0,0.0,8.0,8.0,0.0,1362.3393970490433,996691.239721992,1132.9280402449658,229.4113568040775,JointRecovery（本文方法，JR；完整框架 STK 迁移）；两种子均值,"JointRecovery (JR, ours); 2-seed mean",PROPOSED_FULL_FRAMEWORK
test,quality,FullCapacity-mean17/29,9,JR-DUAL-r009-R8-g0170,True,2,True,2.0,300.0,1069460.8401523,1072358.373683807,2897.5335315070115,0.270934046644885,2.8059531189501286,7.302363650873303,1.0,1.0,0.0,0.0,1.0,0.0,0.0,0.0,7.0,7.0,0.0,2897.5335315070115,1072358.373683807,1700.94802728598,1196.5855042210314,JointRecovery（本文方法，JR；完整框架 STK 迁移）；两种子均值,"JointRecovery (JR, ours); 2-seed mean",PROPOSED_FULL_FRAMEWORK
test,quality,FullCapacity-mean17/29,9,JR-DUAL-r009-R8-g0340,True,2,True,2.0,300.0,958942.247525348,962784.318409774,3842.070884426008,0.40065717141369867,2.9239103607833385,7.159636987373233,1.0,1.0,0.0,0.0,1.0,0.0,0.0,0.0,8.0,8.0,0.0,3842.070884426008,962784.318409774,2413.828959963983,1428.241924462025,JointRecovery（本文方法，JR；完整框架 STK 迁移）；两种子均值,"JointRecovery (JR, ours); 2-seed mean",PROPOSED_FULL_FRAMEWORK
test,quality,FullCapacity-mean17/29,9,JR-DUAL-r009-R8-g0680,True,2,True,2.0,300.0,727027.842792866,728717.263461693,1689.4206688269041,0.2323735859051864,2.859794830903411,7.835282005369663,1.0,1.0,0.0,0.0,1.0,0.0,0.0,0.0,8.0,8.0,0.0,1689.4206688269041,728717.263461693,856.4749668039149,832.9457020229893,JointRecovery（本文方法，JR；完整框架 STK 迁移）；两种子均值,"JointRecovery (JR, ours); 2-seed mean",PROPOSED_FULL_FRAMEWORK
test,quality,FullCapacity-mean17/29,10,JR-DUAL-r010-R12-g0170,True,2,True,2.0,300.0,1304524.980145348,1306337.307063753,1812.326918405015,0.13892619505094403,4.390983419492841,9.615479875355959,1.0,1.0,0.0,0.0,1.0,0.0,0.0,0.0,8.0,8.0,0.0,1812.326918405015,1306337.307063753,1409.6677442491055,402.65917415590957,JointRecovery（本文方法，JR；完整框架 STK 迁移）；两种子均值,"JointRecovery (JR, ours); 2-seed mean",PROPOSED_FULL_FRAMEWORK
test,quality,FullCapacity-mean17/29,10,JR-DUAL-r010-R12-g0340,True,2,True,2.0,300.0,1204766.032426266,1208402.552936319,3636.5205100530293,0.3018445417762549,2.6246875878423452,7.449664020910859,1.0,1.0,0.0,0.0,1.0,0.0,0.0,0.0,8.0,8.0,0.0,3636.5205100530293,1208402.552936319,2638.0165747040883,998.503935348941,JointRecovery（本文方法，JR；完整框架 STK 迁移）；两种子均值,"JointRecovery (JR, ours); 2-seed mean",PROPOSED_FULL_FRAMEWORK
test,quality,FullCapacity-mean17/29,10,JR-DUAL-r010-R12-g0680,True,2,True,2.0,300.0,997301.877515741,1000413.196392745,3111.3188770039706,0.3119736307680683,3.1342422664165497,7.894975263625383,1.0,1.0,0.0,0.0,1.0,0.0,0.0,0.0,8.0,8.0,0.0,3111.3188770039706,1000413.196392745,1689.2379566929303,1422.0809203110402,JointRecovery（本文方法，JR；完整框架 STK 迁移）；两种子均值,"JointRecovery (JR, ours); 2-seed mean",PROPOSED_FULL_FRAMEWORK
test,quality,FullCapacity-mean17/29,10,JR-DUAL-r010-R8-g0170,True,2,True,2.0,300.0,1063723.76085508,1067005.870427666,3282.109572585905,0.30854905130139837,4.065397493541241,8.360438419505954,1.0,1.0,0.0,0.0,1.0,0.0,0.0,0.0,8.0,8.0,0.0,3282.109572585905,1067005.870427666,1999.1203333488666,1282.9892392370384,JointRecovery（本文方法，JR；完整框架 STK 迁移）；两种子均值,"JointRecovery (JR, ours); 2-seed mean",PROPOSED_FULL_FRAMEWORK
test,quality,FullCapacity-mean17/29,10,JR-DUAL-r010-R8-g0340,True,2,True,2.0,300.0,961329.66255596,965900.661665852,4570.999109891942,0.4754871599133517,2.7508002892136574,7.295042354613543,1.0,1.0,0.0,0.0,1.0,0.0,0.0,0.0,8.0,8.0,0.0,4570.999109891942,965900.661665852,2815.9254813429434,1755.0736285489984,JointRecovery（本文方法，JR；完整框架 STK 迁移）；两种子均值,"JointRecovery (JR, ours); 2-seed mean",PROPOSED_FULL_FRAMEWORK
test,quality,FullCapacity-mean17/29,10,JR-DUAL-r010-R8-g0680,True,2,True,2.0,300.0,729720.170020981,731299.5775384535,1579.4075174725149,0.21644016190851673,2.6956200134009123,7.085448062047362,1.0,1.0,0.0,0.0,1.0,0.0,0.0,0.0,8.0,8.0,0.0,1579.4075174725149,731299.5775384535,1249.4284307870548,329.97908668546006,JointRecovery（本文方法，JR；完整框架 STK 迁移）；两种子均值,"JointRecovery (JR, ours); 2-seed mean",PROPOSED_FULL_FRAMEWORK
test,quality,FullCapacity-mean17/29,11,JR-DUAL-r011-R12-g0170,True,2,True,2.0,300.0,1309710.108432145,1311148.438464307,1438.3300321619026,0.10982048797681866,4.952346721664071,9.914057090878487,1.0,1.0,0.0,0.0,1.0,0.0,0.0,0.0,8.0,8.0,0.0,1438.3300321619026,1311148.438464307,1187.9974463549443,250.33258580695838,JointRecovery（本文方法，JR；完整框架 STK 迁移）；两种子均值,"JointRecovery (JR, ours); 2-seed mean",PROPOSED_FULL_FRAMEWORK
test,quality,FullCapacity-mean17/29,11,JR-DUAL-r011-R12-g0340,True,2,True,2.0,300.0,1207263.813126226,1211168.326449476,3904.513323249994,0.32341840124729687,3.250475909560919,8.351627748459578,1.0,1.0,0.0,0.0,1.0,0.0,0.0,0.0,8.0,8.0,0.0,3904.513323249994,1211168.326449476,3230.222770435037,674.2905528149568,JointRecovery（本文方法，JR；完整框架 STK 迁移）；两种子均值,"JointRecovery (JR, ours); 2-seed mean",PROPOSED_FULL_FRAMEWORK
test,quality,FullCapacity-mean17/29,11,JR-DUAL-r011-R12-g0680,True,2,True,2.0,300.0,996565.623874682,998503.525917519,1937.9020428369986,0.19445804635547909,2.5469625163823366,7.456078028306365,1.0,1.0,0.0,0.0,1.0,0.0,0.0,0.0,8.0,8.0,0.0,1937.9020428369986,998503.525917519,1146.2667337020393,791.6353091349592,JointRecovery（本文方法，JR；完整框架 STK 迁移）；两种子均值,"JointRecovery (JR, ours); 2-seed mean",PROPOSED_FULL_FRAMEWORK
test,quality,FullCapacity-mean17/29,11,JR-DUAL-r011-R8-g0170,True,2,True,2.0,300.0,1065376.358638791,1069164.206413786,3787.8477749950252,0.35554081374911295,2.9451689552515745,7.264617377892137,1.0,1.0,0.0,0.0,1.0,0.0,0.0,0.0,7.0,7.0,0.0,3787.8477749950252,1069164.206413786,2622.570562876994,1165.2772121180315,JointRecovery（本文方法，JR；完整框架 STK 迁移）；两种子均值,"JointRecovery (JR, ours); 2-seed mean",PROPOSED_FULL_FRAMEWORK
test,quality,FullCapacity-mean17/29,11,JR-DUAL-r011-R8-g0340,True,2,True,2.0,300.0,961749.203495802,964940.392041908,3191.1885461059865,0.33181088526057884,2.1248010378330946,6.718329135328531,1.0,1.0,0.0,0.0,1.0,0.0,0.0,0.0,8.0,8.0,0.0,3191.1885461059865,964940.392041908,2574.4641978610307,616.7243482449558,JointRecovery（本文方法，JR；完整框架 STK 迁移）；两种子均值,"JointRecovery (JR, ours); 2-seed mean",PROPOSED_FULL_FRAMEWORK
test,quality,FullCapacity-mean17/29,11,JR-DUAL-r011-R8-g0680,True,2,True,2.0,300.0,730874.623950481,731929.972561589,1055.3486111080274,0.14439530071569848,2.8051980305463076,6.913967525586486,1.0,1.0,0.0,0.0,1.0,0.0,0.0,0.0,8.0,8.0,0.0,1055.3486111080274,731929.972561589,1055.3486111080274,0.0,JointRecovery（本文方法，JR；完整框架 STK 迁移）；两种子均值,"JointRecovery (JR, ours); 2-seed mean",PROPOSED_FULL_FRAMEWORK
test,quality,FullCapacity-seed17,8,JR-DUAL-r008-R12-g0170,True,1,True,1.0,300.0,1308539.931227763,1310601.940398075,2062.009170311969,0.1575809129781197,3.460457444190979,8.444026559591293,1.0,1.0,0.0,0.0,1.0,0.0,0.0,0.0,7.0,7.0,0.0,2062.009170311969,1310601.940398075,1545.2884029019624,516.7207674100064,JointRecovery（本文方法，JR；完整框架 STK 迁移）；seed17,"JointRecovery (JR, ours); seed17",PROPOSED_FULL_FRAMEWORK
test,quality,FullCapacity-seed17,8,JR-DUAL-r008-R12-g0340,True,1,True,1.0,300.0,1206858.411921518,1210753.609808727,3895.1978872090112,0.32275516736111676,3.2489392198622227,8.277480285614729,1.0,1.0,0.0,0.0,1.0,0.0,0.0,0.0,8.0,8.0,0.0,3895.1978872090112,1210753.609808727,2293.9027097311337,1601.2951774778776,JointRecovery（本文方法，JR；完整框架 STK 迁移）；seed17,"JointRecovery (JR, ours); seed17",PROPOSED_FULL_FRAMEWORK
test,quality,FullCapacity-seed17,8,JR-DUAL-r008-R12-g0680,True,1,True,1.0,300.0,996252.482559234,998653.972644334,2401.49008509994,0.241052356419815,3.1291845701634884,8.419135112315416,1.0,1.0,0.0,0.0,1.0,0.0,0.0,0.0,8.0,8.0,0.0,2401.49008509994,998653.972644334,1752.890491288039,648.5995938119013,JointRecovery（本文方法，JR；完整框架 STK 迁移）；seed17,"JointRecovery (JR, ours); seed17",PROPOSED_FULL_FRAMEWORK
test,quality,FullCapacity-seed17,8,JR-DUAL-r008-R8-g0170,True,1,True,1.0,300.0,1064212.05311729,1067742.629697501,3530.5765802110545,0.33175498904276546,2.779744692146778,7.277710314840078,1.0,1.0,0.0,0.0,1.0,0.0,0.0,0.0,7.0,7.0,0.0,3530.5765802110545,1067742.629697501,2186.9149603929836,1343.661619818071,JointRecovery（本文方法，JR；完整框架 STK 迁移）；seed17,"JointRecovery (JR, ours); seed17",PROPOSED_FULL_FRAMEWORK
test,quality,FullCapacity-seed17,8,JR-DUAL-r008-R8-g0340,True,1,True,1.0,300.0,964674.094508257,967744.796548355,3070.7020400980255,0.318314968503774,2.80338516458869,7.118801921606064,1.0,1.0,0.0,0.0,1.0,0.0,0.0,0.0,8.0,8.0,0.0,3070.7020400980255,967744.796548355,2213.5059239330003,857.1961161650252,JointRecovery（本文方法，JR；完整框架 STK 迁移）；seed17,"JointRecovery (JR, ours); seed17",PROPOSED_FULL_FRAMEWORK
test,quality,FullCapacity-seed17,8,JR-DUAL-r008-R8-g0680,True,1,True,1.0,300.0,725058.74017615,727062.211266697,2003.471090547042,0.2763184524967325,2.7907556369900703,7.106859780848026,1.0,1.0,0.0,0.0,1.0,0.0,0.0,0.0,8.0,8.0,0.0,2003.471090547042,727062.211266697,1072.9688282109564,930.5022623360856,JointRecovery（本文方法，JR；完整框架 STK 迁移）；seed17,"JointRecovery (JR, ours); seed17",PROPOSED_FULL_FRAMEWORK
test,quality,FullCapacity-seed17,9,JR-DUAL-r009-R12-g0170,True,1,True,1.0,300.0,1303588.958822233,1305244.951142674,1655.9923204411753,0.12703331899476442,3.8166627176105976,8.827372014522552,1.0,1.0,0.0,0.0,1.0,0.0,0.0,0.0,8.0,8.0,0.0,1655.9923204411753,1305244.951142674,1480.9733000150882,175.01902042608708,JointRecovery（本文方法，JR；完整框架 STK 迁移）；seed17,"JointRecovery (JR, ours); seed17",PROPOSED_FULL_FRAMEWORK
test,quality,FullCapacity-seed17,9,JR-DUAL-r009-R12-g0340,True,1,True,1.0,300.0,1201896.359864861,1204184.639125805,2288.2792609441094,0.19038906659151536,3.156491421163082,7.765528377145529,1.0,1.0,0.0,0.0,1.0,0.0,0.0,0.0,6.0,6.0,0.0,2288.2792609441094,1204184.639125805,1088.1848472019192,1200.0944137421902,JointRecovery（本文方法，JR；完整框架 STK 迁移）；seed17,"JointRecovery (JR, ours); seed17",PROPOSED_FULL_FRAMEWORK
test,quality,FullCapacity-seed17,9,JR-DUAL-r009-R12-g0680,True,1,True,1.0,300.0,995328.900324943,996691.239721992,1362.3393970490433,0.136873288478239,3.1143258213996887,8.114712040871382,1.0,1.0,0.0,0.0,1.0,0.0,0.0,0.0,8.0,8.0,0.0,1362.3393970490433,996691.239721992,1132.9280402449658,229.4113568040775,JointRecovery（本文方法，JR；完整框架 STK 迁移）；seed17,"JointRecovery (JR, ours); seed17",PROPOSED_FULL_FRAMEWORK
test,quality,FullCapacity-seed17,9,JR-DUAL-r009-R8-g0170,True,1,True,1.0,300.0,1069460.8401523,1072358.373683807,2897.5335315070115,0.270934046644885,2.778468068689108,7.323209147900343,1.0,1.0,0.0,0.0,1.0,0.0,0.0,0.0,7.0,7.0,0.0,2897.5335315070115,1072358.373683807,1700.94802728598,1196.5855042210314,JointRecovery（本文方法，JR；完整框架 STK 迁移）；seed17,"JointRecovery (JR, ours); seed17",PROPOSED_FULL_FRAMEWORK
test,quality,FullCapacity-seed17,9,JR-DUAL-r009-R8-g0340,True,1,True,1.0,300.0,958942.247525348,962784.318409774,3842.070884426008,0.40065717141369867,2.9451653473079205,7.306763842701912,1.0,1.0,0.0,0.0,1.0,0.0,0.0,0.0,8.0,8.0,0.0,3842.070884426008,962784.318409774,2413.828959963983,1428.241924462025,JointRecovery（本文方法，JR；完整框架 STK 迁移）；seed17,"JointRecovery (JR, ours); seed17",PROPOSED_FULL_FRAMEWORK
test,quality,FullCapacity-seed17,9,JR-DUAL-r009-R8-g0680,True,1,True,1.0,300.0,727027.842792866,728717.263461693,1689.4206688269041,0.2323735859051864,1.6781632006168365,6.498137388378382,1.0,1.0,0.0,0.0,1.0,0.0,0.0,0.0,8.0,8.0,0.0,1689.4206688269041,728717.263461693,856.4749668039149,832.9457020229893,JointRecovery（本文方法，JR；完整框架 STK 迁移）；seed17,"JointRecovery (JR, ours); seed17",PROPOSED_FULL_FRAMEWORK
test,quality,FullCapacity-seed17,10,JR-DUAL-r010-R12-g0170,True,1,True,1.0,300.0,1304524.980145348,1306337.307063753,1812.326918405015,0.13892619505094403,3.797138500958681,8.834331832826138,1.0,1.0,0.0,0.0,1.0,0.0,0.0,0.0,8.0,8.0,0.0,1812.326918405015,1306337.307063753,1409.6677442491055,402.65917415590957,JointRecovery（本文方法，JR；完整框架 STK 迁移）；seed17,"JointRecovery (JR, ours); seed17",PROPOSED_FULL_FRAMEWORK
test,quality,FullCapacity-seed17,10,JR-DUAL-r010-R12-g0340,True,1,True,1.0,300.0,1204766.032426266,1208402.552936319,3636.5205100530293,0.3018445417762549,2.060483243316412,6.584041330963373,1.0,1.0,0.0,0.0,1.0,0.0,0.0,0.0,8.0,8.0,0.0,3636.5205100530293,1208402.552936319,2638.0165747040883,998.503935348941,JointRecovery（本文方法，JR；完整框架 STK 迁移）；seed17,"JointRecovery (JR, ours); seed17",PROPOSED_FULL_FRAMEWORK
test,quality,FullCapacity-seed17,10,JR-DUAL-r010-R12-g0680,True,1,True,1.0,300.0,997301.877515741,1000413.196392745,3111.3188770039706,0.3119736307680683,3.1264778822660446,7.819690015166998,1.0,1.0,0.0,0.0,1.0,0.0,0.0,0.0,8.0,8.0,0.0,3111.3188770039706,1000413.196392745,1689.2379566929303,1422.0809203110402,JointRecovery（本文方法，JR；完整框架 STK 迁移）；seed17,"JointRecovery (JR, ours); seed17",PROPOSED_FULL_FRAMEWORK
test,quality,FullCapacity-seed17,10,JR-DUAL-r010-R8-g0170,True,1,True,1.0,300.0,1063723.76085508,1067005.870427666,3282.109572585905,0.30854905130139837,4.039562091231346,8.06144317984581,1.0,1.0,0.0,0.0,1.0,0.0,0.0,0.0,8.0,8.0,0.0,3282.109572585905,1067005.870427666,1999.1203333488666,1282.9892392370384,JointRecovery（本文方法，JR；完整框架 STK 迁移）；seed17,"JointRecovery (JR, ours); seed17",PROPOSED_FULL_FRAMEWORK
test,quality,FullCapacity-seed17,10,JR-DUAL-r010-R8-g0340,True,1,True,1.0,300.0,961329.66255596,965900.661665852,4570.999109891942,0.4754871599133517,2.7578181363642216,7.429346740245819,1.0,1.0,0.0,0.0,1.0,0.0,0.0,0.0,8.0,8.0,0.0,4570.999109891942,965900.661665852,2815.9254813429434,1755.0736285489984,JointRecovery（本文方法，JR；完整框架 STK 迁移）；seed17,"JointRecovery (JR, ours); seed17",PROPOSED_FULL_FRAMEWORK
test,quality,FullCapacity-seed17,10,JR-DUAL-r010-R8-g0680,True,1,True,1.0,300.0,729720.170020981,731036.045048618,1315.8750276369974,0.18032597723030777,1.617568526417017,5.753254570066929,1.0,1.0,0.0,0.0,1.0,0.0,0.0,0.0,8.0,8.0,0.0,1315.8750276369974,731036.045048618,1249.4284307870548,66.44659684994258,JointRecovery（本文方法，JR；完整框架 STK 迁移）；seed17,"JointRecovery (JR, ours); seed17",PROPOSED_FULL_FRAMEWORK
test,quality,FullCapacity-seed17,11,JR-DUAL-r011-R12-g0170,True,1,True,1.0,300.0,1309710.108432145,1311148.438464307,1438.3300321619026,0.10982048797681866,4.852005377411842,9.827479023486376,1.0,1.0,0.0,0.0,1.0,0.0,0.0,0.0,8.0,8.0,0.0,1438.3300321619026,1311148.438464307,1187.9974463549443,250.33258580695838,JointRecovery（本文方法，JR；完整框架 STK 迁移）；seed17,"JointRecovery (JR, ours); seed17",PROPOSED_FULL_FRAMEWORK
test,quality,FullCapacity-seed17,11,JR-DUAL-r011-R12-g0340,True,1,True,1.0,300.0,1207263.813126226,1211168.326449476,3904.513323249994,0.32341840124729687,3.2264250069856644,8.277192376554012,1.0,1.0,0.0,0.0,1.0,0.0,0.0,0.0,8.0,8.0,0.0,3904.513323249994,1211168.326449476,3230.222770435037,674.2905528149568,JointRecovery（本文方法，JR；完整框架 STK 迁移）；seed17,"JointRecovery (JR, ours); seed17",PROPOSED_FULL_FRAMEWORK
test,quality,FullCapacity-seed17,11,JR-DUAL-r011-R12-g0680,True,1,True,1.0,300.0,996565.623874682,998503.525917519,1937.9020428369986,0.19445804635547909,2.009672701358795,7.22928599268198,1.0,1.0,0.0,0.0,1.0,0.0,0.0,0.0,8.0,8.0,0.0,1937.9020428369986,998503.525917519,1146.2667337020393,791.6353091349592,JointRecovery（本文方法，JR；完整框架 STK 迁移）；seed17,"JointRecovery (JR, ours); seed17",PROPOSED_FULL_FRAMEWORK
test,quality,FullCapacity-seed17,11,JR-DUAL-r011-R8-g0170,True,1,True,1.0,300.0,1065376.358638791,1069164.206413786,3787.8477749950252,0.35554081374911295,3.009507231414318,7.371248409152031,1.0,1.0,0.0,0.0,1.0,0.0,0.0,0.0,7.0,7.0,0.0,3787.8477749950252,1069164.206413786,2622.570562876994,1165.2772121180315,JointRecovery（本文方法，JR；完整框架 STK 迁移）；seed17,"JointRecovery (JR, ours); seed17",PROPOSED_FULL_FRAMEWORK
test,quality,FullCapacity-seed17,11,JR-DUAL-r011-R8-g0340,True,1,True,1.0,300.0,961749.203495802,964940.392041908,3191.1885461059865,0.33181088526057884,1.5603706315159798,6.263757552951574,1.0,1.0,0.0,0.0,1.0,0.0,0.0,0.0,8.0,8.0,0.0,3191.1885461059865,964940.392041908,2574.4641978610307,616.7243482449558,JointRecovery（本文方法，JR；完整框架 STK 迁移）；seed17,"JointRecovery (JR, ours); seed17",PROPOSED_FULL_FRAMEWORK
test,quality,FullCapacity-seed17,11,JR-DUAL-r011-R8-g0680,True,1,True,1.0,300.0,730874.623950481,731929.972561589,1055.3486111080274,0.14439530071569848,1.8285804614424706,5.9628903195261955,1.0,1.0,0.0,0.0,1.0,0.0,0.0,0.0,8.0,8.0,0.0,1055.3486111080274,731929.972561589,1055.3486111080274,0.0,JointRecovery（本文方法，JR；完整框架 STK 迁移）；seed17,"JointRecovery (JR, ours); seed17",PROPOSED_FULL_FRAMEWORK
test,quality,FullCapacity-seed29,8,JR-DUAL-r008-R12-g0170,True,1,True,1.0,300.0,1308539.931227763,1310601.940398075,2062.009170311969,0.1575809129781197,4.653178226202726,9.823761034756899,1.0,1.0,0.0,0.0,1.0,0.0,0.0,0.0,8.0,8.0,0.0,2062.009170311969,1310601.940398075,1545.2884029019624,516.7207674100064,JointRecovery（本文方法，JR；完整框架 STK 迁移）；seed29,"JointRecovery (JR, ours); seed29",PROPOSED_FULL_FRAMEWORK
test,quality,FullCapacity-seed29,8,JR-DUAL-r008-R12-g0340,True,1,True,1.0,300.0,1206858.411921518,1210753.609808727,3895.1978872090112,0.32275516736111676,3.2236989848315716,8.43640062585473,1.0,1.0,0.0,0.0,1.0,0.0,0.0,0.0,8.0,8.0,0.0,3895.1978872090112,1210753.609808727,2293.9027097311337,1601.2951774778776,JointRecovery（本文方法，JR；完整框架 STK 迁移）；seed29,"JointRecovery (JR, ours); seed29",PROPOSED_FULL_FRAMEWORK
test,quality,FullCapacity-seed29,8,JR-DUAL-r008-R12-g0680,True,1,True,1.0,300.0,996252.482559234,998653.972644334,2401.49008509994,0.241052356419815,3.328163478523493,7.859176609665155,1.0,1.0,0.0,0.0,1.0,0.0,0.0,0.0,8.0,8.0,0.0,2401.49008509994,998653.972644334,1752.890491288039,648.5995938119013,JointRecovery（本文方法，JR；完整框架 STK 迁移）；seed29,"JointRecovery (JR, ours); seed29",PROPOSED_FULL_FRAMEWORK
test,quality,FullCapacity-seed29,8,JR-DUAL-r008-R8-g0170,True,1,True,1.0,300.0,1064212.05311729,1067758.36865486,3546.3155375700444,0.33323391961049276,4.037569850683212,8.027492582798004,1.0,1.0,0.0,0.0,1.0,0.0,0.0,0.0,8.0,8.0,0.0,3546.3155375700444,1067758.36865486,2186.9149603929836,1359.4005771770608,JointRecovery（本文方法，JR；完整框架 STK 迁移）；seed29,"JointRecovery (JR, ours); seed29",PROPOSED_FULL_FRAMEWORK
test,quality,FullCapacity-seed29,8,JR-DUAL-r008-R8-g0340,True,1,True,1.0,300.0,964674.094508257,967744.796548355,3070.7020400980255,0.318314968503774,2.8162485025823116,6.803843069821596,1.0,1.0,0.0,0.0,1.0,0.0,0.0,0.0,8.0,8.0,0.0,3070.7020400980255,967744.796548355,2213.5059239330003,857.1961161650252,JointRecovery（本文方法，JR；完整框架 STK 迁移）；seed29,"JointRecovery (JR, ours); seed29",PROPOSED_FULL_FRAMEWORK
test,quality,FullCapacity-seed29,8,JR-DUAL-r008-R8-g0680,True,1,True,1.0,300.0,725058.74017615,727062.211266697,2003.471090547042,0.2763184524967325,2.7012077309191227,7.312578033655882,1.0,1.0,0.0,0.0,1.0,0.0,0.0,0.0,8.0,8.0,0.0,2003.471090547042,727062.211266697,1072.9688282109564,930.5022623360856,JointRecovery（本文方法，JR；完整框架 STK 迁移）；seed29,"JointRecovery (JR, ours); seed29",PROPOSED_FULL_FRAMEWORK
test,quality,FullCapacity-seed29,9,JR-DUAL-r009-R12-g0170,True,1,True,1.0,300.0,1303588.958822233,1305244.951142674,1655.9923204411753,0.12703331899476442,4.686975069344044,9.57353525981307,1.0,1.0,0.0,0.0,1.0,0.0,0.0,0.0,8.0,8.0,0.0,1655.9923204411753,1305244.951142674,1480.9733000150882,175.01902042608708,JointRecovery（本文方法，JR；完整框架 STK 迁移）；seed29,"JointRecovery (JR, ours); seed29",PROPOSED_FULL_FRAMEWORK
test,quality,FullCapacity-seed29,9,JR-DUAL-r009-R12-g0340,True,1,True,1.0,300.0,1201896.359864861,1204184.639125805,2288.2792609441094,0.19038906659151536,4.463234178721905,9.572704035788774,1.0,1.0,0.0,0.0,1.0,0.0,0.0,0.0,8.0,8.0,0.0,2288.2792609441094,1204184.639125805,1088.1848472019192,1200.0944137421902,JointRecovery（本文方法，JR；完整框架 STK 迁移）；seed29,"JointRecovery (JR, ours); seed29",PROPOSED_FULL_FRAMEWORK
test,quality,FullCapacity-seed29,9,JR-DUAL-r009-R12-g0680,True,1,True,1.0,300.0,995328.900324943,996691.239721992,1362.3393970490433,0.136873288478239,4.295686833560467,8.795118983834982,1.0,1.0,0.0,0.0,1.0,0.0,0.0,0.0,8.0,8.0,0.0,1362.3393970490433,996691.239721992,1132.9280402449658,229.4113568040775,JointRecovery（本文方法，JR；完整框架 STK 迁移）；seed29,"JointRecovery (JR, ours); seed29",PROPOSED_FULL_FRAMEWORK
test,quality,FullCapacity-seed29,9,JR-DUAL-r009-R8-g0170,True,1,True,1.0,300.0,1069460.8401523,1072358.373683807,2897.5335315070115,0.270934046644885,2.833438169211149,7.281518153846264,1.0,1.0,0.0,0.0,1.0,0.0,0.0,0.0,7.0,7.0,0.0,2897.5335315070115,1072358.373683807,1700.94802728598,1196.5855042210314,JointRecovery（本文方法，JR；完整框架 STK 迁移）；seed29,"JointRecovery (JR, ours); seed29",PROPOSED_FULL_FRAMEWORK
test,quality,FullCapacity-seed29,9,JR-DUAL-r009-R8-g0340,True,1,True,1.0,300.0,958942.247525348,962784.318409774,3842.070884426008,0.40065717141369867,2.9026553742587566,7.012510132044554,1.0,1.0,0.0,0.0,1.0,0.0,0.0,0.0,8.0,8.0,0.0,3842.070884426008,962784.318409774,2413.828959963983,1428.241924462025,JointRecovery（本文方法，JR；完整框架 STK 迁移）；seed29,"JointRecovery (JR, ours); seed29",PROPOSED_FULL_FRAMEWORK
test,quality,FullCapacity-seed29,9,JR-DUAL-r009-R8-g0680,True,1,True,1.0,300.0,727027.842792866,728717.263461693,1689.4206688269041,0.2323735859051864,4.041426461189985,9.172426622360945,1.0,1.0,0.0,0.0,1.0,0.0,0.0,0.0,8.0,8.0,0.0,1689.4206688269041,728717.263461693,856.4749668039149,832.9457020229893,JointRecovery（本文方法，JR；完整框架 STK 迁移）；seed29,"JointRecovery (JR, ours); seed29",PROPOSED_FULL_FRAMEWORK
test,quality,FullCapacity-seed29,10,JR-DUAL-r010-R12-g0170,True,1,True,1.0,300.0,1304524.980145348,1306337.307063753,1812.326918405015,0.13892619505094403,4.984828338027,10.39662791788578,1.0,1.0,0.0,0.0,1.0,0.0,0.0,0.0,8.0,8.0,0.0,1812.326918405015,1306337.307063753,1409.6677442491055,402.65917415590957,JointRecovery（本文方法，JR；完整框架 STK 迁移）；seed29,"JointRecovery (JR, ours); seed29",PROPOSED_FULL_FRAMEWORK
test,quality,FullCapacity-seed29,10,JR-DUAL-r010-R12-g0340,True,1,True,1.0,300.0,1204766.032426266,1208402.552936319,3636.5205100530293,0.3018445417762549,3.1888919323682785,8.315286710858345,1.0,1.0,0.0,0.0,1.0,0.0,0.0,0.0,8.0,8.0,0.0,3636.5205100530293,1208402.552936319,2638.0165747040883,998.503935348941,JointRecovery（本文方法，JR；完整框架 STK 迁移）；seed29,"JointRecovery (JR, ours); seed29",PROPOSED_FULL_FRAMEWORK
test,quality,FullCapacity-seed29,10,JR-DUAL-r010-R12-g0680,True,1,True,1.0,300.0,997301.877515741,1000413.196392745,3111.3188770039706,0.3119736307680683,3.1420066505670547,7.970260512083769,1.0,1.0,0.0,0.0,1.0,0.0,0.0,0.0,8.0,8.0,0.0,3111.3188770039706,1000413.196392745,1689.2379566929303,1422.0809203110402,JointRecovery（本文方法，JR；完整框架 STK 迁移）；seed29,"JointRecovery (JR, ours); seed29",PROPOSED_FULL_FRAMEWORK
test,quality,FullCapacity-seed29,10,JR-DUAL-r010-R8-g0170,True,1,True,1.0,300.0,1063723.76085508,1067005.870427666,3282.109572585905,0.30854905130139837,4.091232895851135,8.659433659166098,1.0,1.0,0.0,0.0,1.0,0.0,0.0,0.0,8.0,8.0,0.0,3282.109572585905,1067005.870427666,1999.1203333488666,1282.9892392370384,JointRecovery（本文方法，JR；完整框架 STK 迁移）；seed29,"JointRecovery (JR, ours); seed29",PROPOSED_FULL_FRAMEWORK
test,quality,FullCapacity-seed29,10,JR-DUAL-r010-R8-g0340,True,1,True,1.0,300.0,961329.66255596,965900.661665852,4570.999109891942,0.4754871599133517,2.743782442063093,7.160737968981266,1.0,1.0,0.0,0.0,1.0,0.0,0.0,0.0,8.0,8.0,0.0,4570.999109891942,965900.661665852,2815.9254813429434,1755.0736285489984,JointRecovery（本文方法，JR；完整框架 STK 迁移）；seed29,"JointRecovery (JR, ours); seed29",PROPOSED_FULL_FRAMEWORK
test,quality,FullCapacity-seed29,10,JR-DUAL-r010-R8-g0680,True,1,True,1.0,300.0,729720.170020981,731563.110028289,1842.9400073080324,0.2525543465867257,3.7736715003848076,8.417641554027796,1.0,1.0,0.0,0.0,1.0,0.0,0.0,0.0,8.0,8.0,0.0,1842.9400073080324,731563.110028289,1249.4284307870548,593.5115765209775,JointRecovery（本文方法，JR；完整框架 STK 迁移）；seed29,"JointRecovery (JR, ours); seed29",PROPOSED_FULL_FRAMEWORK
test,quality,FullCapacity-seed29,11,JR-DUAL-r011-R12-g0170,True,1,True,1.0,300.0,1309710.108432145,1311148.438464307,1438.3300321619026,0.10982048797681866,5.0526880659163,10.000635158270597,1.0,1.0,0.0,0.0,1.0,0.0,0.0,0.0,8.0,8.0,0.0,1438.3300321619026,1311148.438464307,1187.9974463549443,250.33258580695838,JointRecovery（本文方法，JR；完整框架 STK 迁移）；seed29,"JointRecovery (JR, ours); seed29",PROPOSED_FULL_FRAMEWORK
test,quality,FullCapacity-seed29,11,JR-DUAL-r011-R12-g0340,True,1,True,1.0,300.0,1207263.813126226,1211168.326449476,3904.513323249994,0.32341840124729687,3.2745268121361732,8.426063120365143,1.0,1.0,0.0,0.0,1.0,0.0,0.0,0.0,8.0,8.0,0.0,3904.513323249994,1211168.326449476,3230.222770435037,674.2905528149568,JointRecovery（本文方法，JR；完整框架 STK 迁移）；seed29,"JointRecovery (JR, ours); seed29",PROPOSED_FULL_FRAMEWORK
test,quality,FullCapacity-seed29,11,JR-DUAL-r011-R12-g0680,True,1,True,1.0,300.0,996565.623874682,998503.525917519,1937.9020428369986,0.19445804635547909,3.084252331405878,7.68287006393075,1.0,1.0,0.0,0.0,1.0,0.0,0.0,0.0,8.0,8.0,0.0,1937.9020428369986,998503.525917519,1146.2667337020393,791.6353091349592,JointRecovery（本文方法，JR；完整框架 STK 迁移）；seed29,"JointRecovery (JR, ours); seed29",PROPOSED_FULL_FRAMEWORK
test,quality,FullCapacity-seed29,11,JR-DUAL-r011-R8-g0170,True,1,True,1.0,300.0,1065376.358638791,1069164.206413786,3787.8477749950252,0.35554081374911295,2.880830679088831,7.157986346632242,1.0,1.0,0.0,0.0,1.0,0.0,0.0,0.0,7.0,7.0,0.0,3787.8477749950252,1069164.206413786,2622.570562876994,1165.2772121180315,JointRecovery（本文方法，JR；完整框架 STK 迁移）；seed29,"JointRecovery (JR, ours); seed29",PROPOSED_FULL_FRAMEWORK
test,quality,FullCapacity-seed29,11,JR-DUAL-r011-R8-g0340,True,1,True,1.0,300.0,961749.203495802,964940.392041908,3191.1885461059865,0.33181088526057884,2.6892314441502094,7.172900717705488,1.0,1.0,0.0,0.0,1.0,0.0,0.0,0.0,8.0,8.0,0.0,3191.1885461059865,964940.392041908,2574.4641978610307,616.7243482449558,JointRecovery（本文方法，JR；完整框架 STK 迁移）；seed29,"JointRecovery (JR, ours); seed29",PROPOSED_FULL_FRAMEWORK
test,quality,FullCapacity-seed29,11,JR-DUAL-r011-R8-g0680,True,1,True,1.0,300.0,730874.623950481,731929.972561589,1055.3486111080274,0.14439530071569848,3.7818155996501446,7.865044731646776,1.0,1.0,0.0,0.0,1.0,0.0,0.0,0.0,8.0,8.0,0.0,1055.3486111080274,731929.972561589,1055.3486111080274,0.0,JointRecovery（本文方法，JR；完整框架 STK 迁移）；seed29,"JointRecovery (JR, ours); seed29",PROPOSED_FULL_FRAMEWORK
test,quality,FullCheapSummary-mean17/29,8,JR-DUAL-r008-R12-g0170,True,2,True,2.0,300.0,1308539.931227763,1310601.940398075,2062.009170311969,0.1575809129781197,3.4112763814628124,8.597078589722514,1.0,1.0,0.0,0.0,1.0,0.0,0.0,0.0,7.0,7.0,0.0,2062.009170311969,1310601.940398075,1545.2884029019624,516.7207674100064,JR-CheapSummary（简化表示消融）；两种子均值,JR-CheapSummary; 2-seed mean,SIMPLIFIED_REPRESENTATION_ABLATION
test,quality,FullCheapSummary-mean17/29,8,JR-DUAL-r008-R12-g0340,True,2,True,2.0,300.0,1206858.411921518,1210753.609808727,3895.1978872090112,0.32275516736111676,3.202466370537877,7.7440209444612265,1.0,1.0,0.0,0.0,1.0,0.0,0.0,0.0,8.0,8.0,0.0,3895.1978872090112,1210753.609808727,2293.9027097311337,1601.2951774778776,JR-CheapSummary（简化表示消融）；两种子均值,JR-CheapSummary; 2-seed mean,SIMPLIFIED_REPRESENTATION_ABLATION
test,quality,FullCheapSummary-mean17/29,8,JR-DUAL-r008-R12-g0680,True,2,True,2.0,300.0,996252.482559234,998653.972644334,2401.49008509994,0.241052356419815,3.030916001647711,7.9981132838875055,1.0,1.0,0.0,0.0,1.0,0.0,0.0,0.0,8.0,8.0,0.0,2401.49008509994,998653.972644334,1752.890491288039,648.5995938119013,JR-CheapSummary（简化表示消融）；两种子均值,JR-CheapSummary; 2-seed mean,SIMPLIFIED_REPRESENTATION_ABLATION
test,quality,FullCheapSummary-mean17/29,8,JR-DUAL-r008-R8-g0170,True,2,True,2.0,300.0,1064212.05311729,1067750.4991761805,3538.4460588905495,0.3324944543266291,3.309890741482377,7.244754446670413,1.0,1.0,0.0,0.0,1.0,0.0,0.0,0.0,7.5,7.5,0.0,3538.4460588905495,1067750.4991761805,2186.9149603929836,1351.5310984975658,JR-CheapSummary（简化表示消融）；两种子均值,JR-CheapSummary; 2-seed mean,SIMPLIFIED_REPRESENTATION_ABLATION
test,quality,FullCheapSummary-mean17/29,8,JR-DUAL-r008-R8-g0340,True,2,True,2.0,300.0,964674.094508257,967744.796548355,3070.7020400980255,0.318314968503774,3.314041716977954,7.51065443828702,1.0,1.0,0.0,0.0,1.0,0.0,0.0,0.0,8.0,8.0,0.0,3070.7020400980255,967744.796548355,2213.5059239330003,857.1961161650252,JR-CheapSummary（简化表示消融）；两种子均值,JR-CheapSummary; 2-seed mean,SIMPLIFIED_REPRESENTATION_ABLATION
test,quality,FullCheapSummary-mean17/29,8,JR-DUAL-r008-R8-g0680,True,2,True,2.0,300.0,725058.74017615,727062.211266697,2003.471090547042,0.2763184524967325,3.1759588811546564,7.629866652190685,1.0,1.0,0.0,0.0,1.0,0.0,0.0,0.0,8.0,8.0,0.0,2003.471090547042,727062.211266697,1072.9688282109564,930.5022623360856,JR-CheapSummary（简化表示消融）；两种子均值,JR-CheapSummary; 2-seed mean,SIMPLIFIED_REPRESENTATION_ABLATION
test,quality,FullCheapSummary-mean17/29,9,JR-DUAL-r009-R12-g0170,True,2,True,2.0,300.0,1303588.958822233,1305244.951142674,1655.9923204411753,0.12703331899476442,3.5139994863420725,8.463588282465935,1.0,1.0,0.0,0.0,1.0,0.0,0.0,0.0,8.0,8.0,0.0,1655.9923204411753,1305244.951142674,1480.9733000150882,175.01902042608708,JR-CheapSummary（简化表示消融）；两种子均值,JR-CheapSummary; 2-seed mean,SIMPLIFIED_REPRESENTATION_ABLATION
test,quality,FullCheapSummary-mean17/29,9,JR-DUAL-r009-R12-g0340,True,2,True,2.0,300.0,1201896.359864861,1204184.639125805,2288.2792609441094,0.19038906659151536,3.730796154588461,8.453956585377455,1.0,1.0,0.0,0.0,1.0,0.0,0.0,0.0,7.5,7.5,0.0,2288.2792609441094,1204184.639125805,1088.1848472019192,1200.0944137421902,JR-CheapSummary（简化表示消融）；两种子均值,JR-CheapSummary; 2-seed mean,SIMPLIFIED_REPRESENTATION_ABLATION
test,quality,FullCheapSummary-mean17/29,9,JR-DUAL-r009-R12-g0680,True,2,True,2.0,300.0,995328.900324943,996691.239721992,1362.3393970490433,0.136873288478239,3.61596467345953,8.741651559248567,1.0,1.0,0.0,0.0,1.0,0.0,0.0,0.0,8.0,8.0,0.0,1362.3393970490433,996691.239721992,1132.9280402449658,229.4113568040775,JR-CheapSummary（简化表示消融）；两种子均值,JR-CheapSummary; 2-seed mean,SIMPLIFIED_REPRESENTATION_ABLATION
test,quality,FullCheapSummary-mean17/29,9,JR-DUAL-r009-R8-g0170,True,2,True,2.0,300.0,1069460.8401523,1072358.373683807,2897.5335315070115,0.270934046644885,2.7296765372157097,6.947993125766516,1.0,1.0,0.0,0.0,1.0,0.0,0.0,0.0,7.0,7.0,0.0,2897.5335315070115,1072358.373683807,1700.94802728598,1196.5855042210314,JR-CheapSummary（简化表示消融）；两种子均值,JR-CheapSummary; 2-seed mean,SIMPLIFIED_REPRESENTATION_ABLATION
test,quality,FullCheapSummary-mean17/29,9,JR-DUAL-r009-R8-g0340,True,2,True,2.0,300.0,958942.247525348,962784.318409774,3842.070884426008,0.40065717141369867,2.7297176383435726,7.357570489868522,1.0,1.0,0.0,0.0,1.0,0.0,0.0,0.0,8.0,8.0,0.0,3842.070884426008,962784.318409774,2413.828959963983,1428.241924462025,JR-CheapSummary（简化表示消融）；两种子均值,JR-CheapSummary; 2-seed mean,SIMPLIFIED_REPRESENTATION_ABLATION
test,quality,FullCheapSummary-mean17/29,9,JR-DUAL-r009-R8-g0680,True,2,True,2.0,300.0,727027.842792866,728717.263461693,1689.4206688269041,0.2323735859051864,2.6828271131962538,7.507619580253959,1.0,1.0,0.0,0.0,1.0,0.0,0.0,0.0,8.0,8.0,0.0,1689.4206688269041,728717.263461693,856.4749668039149,832.9457020229893,JR-CheapSummary（简化表示消融）；两种子均值,JR-CheapSummary; 2-seed mean,SIMPLIFIED_REPRESENTATION_ABLATION
test,quality,FullCheapSummary-mean17/29,10,JR-DUAL-r010-R12-g0170,True,2,True,2.0,300.0,1304524.980145348,1306337.307063753,1812.326918405015,0.13892619505094403,4.3178730718791485,9.34771148301661,1.0,1.0,0.0,0.0,1.0,0.0,0.0,0.0,8.0,8.0,0.0,1812.326918405015,1306337.307063753,1409.6677442491055,402.65917415590957,JR-CheapSummary（简化表示消融）；两种子均值,JR-CheapSummary; 2-seed mean,SIMPLIFIED_REPRESENTATION_ABLATION
test,quality,FullCheapSummary-mean17/29,10,JR-DUAL-r010-R12-g0340,True,2,True,2.0,300.0,1204766.032426266,1208402.552936319,3636.5205100530293,0.3018445417762549,2.5282928328961134,7.578588889911771,1.0,1.0,0.0,0.0,1.0,0.0,0.0,0.0,8.0,8.0,0.0,3636.5205100530293,1208402.552936319,2638.0165747040883,998.503935348941,JR-CheapSummary（简化表示消融）；两种子均值,JR-CheapSummary; 2-seed mean,SIMPLIFIED_REPRESENTATION_ABLATION
test,quality,FullCheapSummary-mean17/29,10,JR-DUAL-r010-R12-g0680,True,2,True,2.0,300.0,997301.877515741,1000413.196392745,3111.3188770039706,0.3119736307680683,3.0129592325538397,8.236667446792126,1.0,1.0,0.0,0.0,1.0,0.0,0.0,0.0,8.0,8.0,0.0,3111.3188770039706,1000413.196392745,1689.2379566929303,1422.0809203110402,JR-CheapSummary（简化表示消融）；两种子均值,JR-CheapSummary; 2-seed mean,SIMPLIFIED_REPRESENTATION_ABLATION
test,quality,FullCheapSummary-mean17/29,10,JR-DUAL-r010-R8-g0170,True,2,True,2.0,300.0,1063723.76085508,1067005.870427666,3282.109572585905,0.30854905130139837,4.00884697213769,8.396887015551329,1.0,1.0,0.0,0.0,1.0,0.0,0.0,0.0,8.0,8.0,0.0,3282.109572585905,1067005.870427666,1999.1203333488666,1282.9892392370384,JR-CheapSummary（简化表示消融）；两种子均值,JR-CheapSummary; 2-seed mean,SIMPLIFIED_REPRESENTATION_ABLATION
test,quality,FullCheapSummary-mean17/29,10,JR-DUAL-r010-R8-g0340,True,2,True,2.0,300.0,961329.66255596,965900.661665852,4570.999109891942,0.4754871599133517,2.6739284116774797,7.747398776933551,1.0,1.0,0.0,0.0,1.0,0.0,0.0,0.0,8.0,8.0,0.0,4570.999109891942,965900.661665852,2815.9254813429434,1755.0736285489984,JR-CheapSummary（简化表示消融）；两种子均值,JR-CheapSummary; 2-seed mean,SIMPLIFIED_REPRESENTATION_ABLATION
test,quality,FullCheapSummary-mean17/29,10,JR-DUAL-r010-R8-g0680,True,2,True,2.0,300.0,729720.170020981,731036.045048618,1315.8750276369974,0.18032597723030777,2.4527070466428995,7.490736657753587,1.0,1.0,0.0,0.0,1.0,0.0,0.0,0.0,8.0,8.0,0.0,1315.8750276369974,731036.045048618,1249.4284307870548,66.44659684994258,JR-CheapSummary（简化表示消融）；两种子均值,JR-CheapSummary; 2-seed mean,SIMPLIFIED_REPRESENTATION_ABLATION
test,quality,FullCheapSummary-mean17/29,11,JR-DUAL-r011-R12-g0170,True,2,True,2.0,300.0,1309710.108432145,1311148.438464307,1438.3300321619026,0.10982048797681866,4.856918001547456,9.886880598962307,1.0,1.0,0.0,0.0,1.0,0.0,0.0,0.0,8.0,8.0,0.0,1438.3300321619026,1311148.438464307,1187.9974463549443,250.33258580695838,JR-CheapSummary（简化表示消融）；两种子均值,JR-CheapSummary; 2-seed mean,SIMPLIFIED_REPRESENTATION_ABLATION
test,quality,FullCheapSummary-mean17/29,11,JR-DUAL-r011-R12-g0340,True,2,True,2.0,300.0,1207263.813126226,1211168.326449476,3904.513323249994,0.32341840124729687,3.160161705687642,7.868662752211094,1.0,1.0,0.0,0.0,1.0,0.0,0.0,0.0,8.0,8.0,0.0,3904.513323249994,1211168.326449476,3230.222770435037,674.2905528149568,JR-CheapSummary（简化表示消融）；两种子均值,JR-CheapSummary; 2-seed mean,SIMPLIFIED_REPRESENTATION_ABLATION
test,quality,FullCheapSummary-mean17/29,11,JR-DUAL-r011-R12-g0680,True,2,True,2.0,300.0,996565.623874682,998503.525917519,1937.9020428369986,0.19445804635547909,2.42004931345582,7.191603409126401,1.0,1.0,0.0,0.0,1.0,0.0,0.0,0.0,8.0,8.0,0.0,1937.9020428369986,998503.525917519,1146.2667337020393,791.6353091349592,JR-CheapSummary（简化表示消融）；两种子均值,JR-CheapSummary; 2-seed mean,SIMPLIFIED_REPRESENTATION_ABLATION
test,quality,FullCheapSummary-mean17/29,11,JR-DUAL-r011-R8-g0170,True,2,True,2.0,300.0,1065376.358638791,1069164.206413786,3787.8477749950252,0.35554081374911295,2.8032012954354286,7.926137588918209,1.0,1.0,0.0,0.0,1.0,0.0,0.0,0.0,7.0,7.0,0.0,3787.8477749950252,1069164.206413786,2622.570562876994,1165.2772121180315,JR-CheapSummary（简化表示消融）；两种子均值,JR-CheapSummary; 2-seed mean,SIMPLIFIED_REPRESENTATION_ABLATION
test,quality,FullCheapSummary-mean17/29,11,JR-DUAL-r011-R8-g0340,True,2,True,2.0,300.0,961749.203495802,964940.392041908,3191.1885461059865,0.33181088526057884,2.037179732695222,6.939520979300141,1.0,1.0,0.0,0.0,1.0,0.0,0.0,0.0,8.0,8.0,0.0,3191.1885461059865,964940.392041908,2574.4641978610307,616.7243482449558,JR-CheapSummary（简化表示消融）；两种子均值,JR-CheapSummary; 2-seed mean,SIMPLIFIED_REPRESENTATION_ABLATION
test,quality,FullCheapSummary-mean17/29,11,JR-DUAL-r011-R8-g0680,True,2,True,2.0,300.0,730874.623950481,731929.972561589,1055.3486111080274,0.14439530071569848,2.596064494922757,6.989225013181567,1.0,1.0,0.0,0.0,1.0,0.0,0.0,0.0,8.0,8.0,0.0,1055.3486111080274,731929.972561589,1055.3486111080274,0.0,JR-CheapSummary（简化表示消融）；两种子均值,JR-CheapSummary; 2-seed mean,SIMPLIFIED_REPRESENTATION_ABLATION
test,quality,FullCheapSummary-seed17,8,JR-DUAL-r008-R12-g0170,True,1,True,1.0,300.0,1308539.931227763,1310601.940398075,2062.009170311969,0.1575809129781197,3.325092241168022,8.471141442656517,1.0,1.0,0.0,0.0,1.0,0.0,0.0,0.0,7.0,7.0,0.0,2062.009170311969,1310601.940398075,1545.2884029019624,516.7207674100064,JR-CheapSummary（简化表示消融）；seed17,JR-CheapSummary; seed17,SIMPLIFIED_REPRESENTATION_ABLATION
test,quality,FullCheapSummary-seed17,8,JR-DUAL-r008-R12-g0340,True,1,True,1.0,300.0,1206858.411921518,1210753.609808727,3895.1978872090112,0.32275516736111676,3.282720148563385,7.625515468418598,1.0,1.0,0.0,0.0,1.0,0.0,0.0,0.0,8.0,8.0,0.0,3895.1978872090112,1210753.609808727,2293.9027097311337,1601.2951774778776,JR-CheapSummary（简化表示消融）；seed17,JR-CheapSummary; seed17,SIMPLIFIED_REPRESENTATION_ABLATION
test,quality,FullCheapSummary-seed17,8,JR-DUAL-r008-R12-g0680,True,1,True,1.0,300.0,996252.482559234,998653.972644334,2401.49008509994,0.241052356419815,3.0215084068477154,8.281026054173708,1.0,1.0,0.0,0.0,1.0,0.0,0.0,0.0,8.0,8.0,0.0,2401.49008509994,998653.972644334,1752.890491288039,648.5995938119013,JR-CheapSummary（简化表示消融）；seed17,JR-CheapSummary; seed17,SIMPLIFIED_REPRESENTATION_ABLATION
test,quality,FullCheapSummary-seed17,8,JR-DUAL-r008-R8-g0170,True,1,True,1.0,300.0,1064212.05311729,1067758.36865486,3546.3155375700444,0.33323391961049276,3.924279022961855,8.06248389184475,1.0,1.0,0.0,0.0,1.0,0.0,0.0,0.0,8.0,8.0,0.0,3546.3155375700444,1067758.36865486,2186.9149603929836,1359.4005771770608,JR-CheapSummary（简化表示消融）；seed17,JR-CheapSummary; seed17,SIMPLIFIED_REPRESENTATION_ABLATION
test,quality,FullCheapSummary-seed17,8,JR-DUAL-r008-R8-g0340,True,1,True,1.0,300.0,964674.094508257,967744.796548355,3070.7020400980255,0.318314968503774,3.9013379402458668,8.307807371020317,1.0,1.0,0.0,0.0,1.0,0.0,0.0,0.0,8.0,8.0,0.0,3070.7020400980255,967744.796548355,2213.5059239330003,857.1961161650252,JR-CheapSummary（简化表示消融）；seed17,JR-CheapSummary; seed17,SIMPLIFIED_REPRESENTATION_ABLATION
test,quality,FullCheapSummary-seed17,8,JR-DUAL-r008-R8-g0680,True,1,True,1.0,300.0,725058.74017615,727062.211266697,2003.471090547042,0.2763184524967325,3.7665137983858585,7.853773280978203,1.0,1.0,0.0,0.0,1.0,0.0,0.0,0.0,8.0,8.0,0.0,2003.471090547042,727062.211266697,1072.9688282109564,930.5022623360856,JR-CheapSummary（简化表示消融）；seed17,JR-CheapSummary; seed17,SIMPLIFIED_REPRESENTATION_ABLATION
test,quality,FullCheapSummary-seed17,9,JR-DUAL-r009-R12-g0170,True,1,True,1.0,300.0,1303588.958822233,1305244.951142674,1655.9923204411753,0.12703331899476442,3.5896886251866817,8.69571091979742,1.0,1.0,0.0,0.0,1.0,0.0,0.0,0.0,8.0,8.0,0.0,1655.9923204411753,1305244.951142674,1480.9733000150882,175.01902042608708,JR-CheapSummary（简化表示消融）；seed17,JR-CheapSummary; seed17,SIMPLIFIED_REPRESENTATION_ABLATION
test,quality,FullCheapSummary-seed17,9,JR-DUAL-r009-R12-g0340,True,1,True,1.0,300.0,1201896.359864861,1204184.639125805,2288.2792609441094,0.19038906659151536,3.092134442180395,7.834410548210144,1.0,1.0,0.0,0.0,1.0,0.0,0.0,0.0,7.0,7.0,0.0,2288.2792609441094,1204184.639125805,1088.1848472019192,1200.0944137421902,JR-CheapSummary（简化表示消融）；seed17,JR-CheapSummary; seed17,SIMPLIFIED_REPRESENTATION_ABLATION
test,quality,FullCheapSummary-seed17,9,JR-DUAL-r009-R12-g0680,True,1,True,1.0,300.0,995328.900324943,996691.239721992,1362.3393970490433,0.136873288478239,4.1944297179579735,8.915664192289114,1.0,1.0,0.0,0.0,1.0,0.0,0.0,0.0,8.0,8.0,0.0,1362.3393970490433,996691.239721992,1132.9280402449658,229.4113568040775,JR-CheapSummary（简化表示消融）；seed17,JR-CheapSummary; seed17,SIMPLIFIED_REPRESENTATION_ABLATION
test,quality,FullCheapSummary-seed17,9,JR-DUAL-r009-R8-g0170,True,1,True,1.0,300.0,1069460.8401523,1072358.373683807,2897.5335315070115,0.270934046644885,2.759546674787998,7.228801071643829,1.0,1.0,0.0,0.0,1.0,0.0,0.0,0.0,7.0,7.0,0.0,2897.5335315070115,1072358.373683807,1700.94802728598,1196.5855042210314,JR-CheapSummary（简化表示消融）；seed17,JR-CheapSummary; seed17,SIMPLIFIED_REPRESENTATION_ABLATION
test,quality,FullCheapSummary-seed17,9,JR-DUAL-r009-R8-g0340,True,1,True,1.0,300.0,958942.247525348,962784.318409774,3842.070884426008,0.40065717141369867,2.6472431235015392,7.306114628911018,1.0,1.0,0.0,0.0,1.0,0.0,0.0,0.0,8.0,8.0,0.0,3842.070884426008,962784.318409774,2413.828959963983,1428.241924462025,JR-CheapSummary（简化表示消融）；seed17,JR-CheapSummary; seed17,SIMPLIFIED_REPRESENTATION_ABLATION
test,quality,FullCheapSummary-seed17,9,JR-DUAL-r009-R8-g0680,True,1,True,1.0,300.0,727027.842792866,728717.263461693,1689.4206688269041,0.2323735859051864,2.7127263844013214,7.302023459225893,1.0,1.0,0.0,0.0,1.0,0.0,0.0,0.0,8.0,8.0,0.0,1689.4206688269041,728717.263461693,856.4749668039149,832.9457020229893,JR-CheapSummary（简化表示消融）；seed17,JR-CheapSummary; seed17,SIMPLIFIED_REPRESENTATION_ABLATION
test,quality,FullCheapSummary-seed17,10,JR-DUAL-r010-R12-g0170,True,1,True,1.0,300.0,1304524.980145348,1306337.307063753,1812.326918405015,0.13892619505094403,4.799807168543339,10.125397484749556,1.0,1.0,0.0,0.0,1.0,0.0,0.0,0.0,8.0,8.0,0.0,1812.326918405015,1306337.307063753,1409.6677442491055,402.65917415590957,JR-CheapSummary（简化表示消融）；seed17,JR-CheapSummary; seed17,SIMPLIFIED_REPRESENTATION_ABLATION
test,quality,FullCheapSummary-seed17,10,JR-DUAL-r010-R12-g0340,True,1,True,1.0,300.0,1204766.032426266,1208402.552936319,3636.5205100530293,0.3018445417762549,3.09107468649745,8.175776813179255,1.0,1.0,0.0,0.0,1.0,0.0,0.0,0.0,8.0,8.0,0.0,3636.5205100530293,1208402.552936319,2638.0165747040883,998.503935348941,JR-CheapSummary（简化表示消融）；seed17,JR-CheapSummary; seed17,SIMPLIFIED_REPRESENTATION_ABLATION
test,quality,FullCheapSummary-seed17,10,JR-DUAL-r010-R12-g0680,True,1,True,1.0,300.0,997301.877515741,1000413.196392745,3111.3188770039706,0.3119736307680683,3.013876259326935,8.196456387639046,1.0,1.0,0.0,0.0,1.0,0.0,0.0,0.0,8.0,8.0,0.0,3111.3188770039706,1000413.196392745,1689.2379566929303,1422.0809203110402,JR-CheapSummary（简化表示消融）；seed17,JR-CheapSummary; seed17,SIMPLIFIED_REPRESENTATION_ABLATION
test,quality,FullCheapSummary-seed17,10,JR-DUAL-r010-R8-g0170,True,1,True,1.0,300.0,1063723.76085508,1067005.870427666,3282.109572585905,0.30854905130139837,3.9989206343889236,8.779707621783018,1.0,1.0,0.0,0.0,1.0,0.0,0.0,0.0,8.0,8.0,0.0,3282.109572585905,1067005.870427666,1999.1203333488666,1282.9892392370384,JR-CheapSummary（简化表示消融）；seed17,JR-CheapSummary; seed17,SIMPLIFIED_REPRESENTATION_ABLATION
test,quality,FullCheapSummary-seed17,10,JR-DUAL-r010-R8-g0340,True,1,True,1.0,300.0,961329.66255596,965900.661665852,4570.999109891942,0.4754871599133517,2.693998049944639,7.266855999827385,1.0,1.0,0.0,0.0,1.0,0.0,0.0,0.0,8.0,8.0,0.0,4570.999109891942,965900.661665852,2815.9254813429434,1755.0736285489984,JR-CheapSummary（简化表示消融）；seed17,JR-CheapSummary; seed17,SIMPLIFIED_REPRESENTATION_ABLATION
test,quality,FullCheapSummary-seed17,10,JR-DUAL-r010-R8-g0680,True,1,True,1.0,300.0,729720.170020981,731036.045048618,1315.8750276369974,0.18032597723030777,2.4365075789391994,8.115958489477634,1.0,1.0,0.0,0.0,1.0,0.0,0.0,0.0,8.0,8.0,0.0,1315.8750276369974,731036.045048618,1249.4284307870548,66.44659684994258,JR-CheapSummary（简化表示消融）；seed17,JR-CheapSummary; seed17,SIMPLIFIED_REPRESENTATION_ABLATION
test,quality,FullCheapSummary-seed17,11,JR-DUAL-r011-R12-g0170,True,1,True,1.0,300.0,1309710.108432145,1311148.438464307,1438.3300321619026,0.10982048797681866,4.931101597845554,10.150861598551273,1.0,1.0,0.0,0.0,1.0,0.0,0.0,0.0,8.0,8.0,0.0,1438.3300321619026,1311148.438464307,1187.9974463549443,250.33258580695838,JR-CheapSummary（简化表示消融）；seed17,JR-CheapSummary; seed17,SIMPLIFIED_REPRESENTATION_ABLATION
test,quality,FullCheapSummary-seed17,11,JR-DUAL-r011-R12-g0340,True,1,True,1.0,300.0,1207263.813126226,1211168.326449476,3904.513323249994,0.32341840124729687,3.117325436323881,7.962772898375988,1.0,1.0,0.0,0.0,1.0,0.0,0.0,0.0,8.0,8.0,0.0,3904.513323249994,1211168.326449476,3230.222770435037,674.2905528149568,JR-CheapSummary（简化表示消融）；seed17,JR-CheapSummary; seed17,SIMPLIFIED_REPRESENTATION_ABLATION
test,quality,FullCheapSummary-seed17,11,JR-DUAL-r011-R12-g0680,True,1,True,1.0,300.0,996565.623874682,998503.525917519,1937.9020428369986,0.19445804635547909,2.992299772799015,7.710208095610142,1.0,1.0,0.0,0.0,1.0,0.0,0.0,0.0,8.0,8.0,0.0,1937.9020428369986,998503.525917519,1146.2667337020393,791.6353091349592,JR-CheapSummary（简化表示消融）；seed17,JR-CheapSummary; seed17,SIMPLIFIED_REPRESENTATION_ABLATION
test,quality,FullCheapSummary-seed17,11,JR-DUAL-r011-R8-g0170,True,1,True,1.0,300.0,1065376.358638791,1069164.206413786,3787.8477749950252,0.35554081374911295,2.7644831761717796,8.488599997013807,1.0,1.0,0.0,0.0,1.0,0.0,0.0,0.0,7.0,7.0,0.0,3787.8477749950252,1069164.206413786,2622.570562876994,1165.2772121180315,JR-CheapSummary（简化表示消融）；seed17,JR-CheapSummary; seed17,SIMPLIFIED_REPRESENTATION_ABLATION
test,quality,FullCheapSummary-seed17,11,JR-DUAL-r011-R8-g0340,True,1,True,1.0,300.0,961749.203495802,964940.392041908,3191.1885461059865,0.33181088526057884,2.5977089516818523,8.175713274627924,1.0,1.0,0.0,0.0,1.0,0.0,0.0,0.0,8.0,8.0,0.0,3191.1885461059865,964940.392041908,2574.4641978610307,616.7243482449558,JR-CheapSummary（简化表示消融）；seed17,JR-CheapSummary; seed17,SIMPLIFIED_REPRESENTATION_ABLATION
test,quality,FullCheapSummary-seed17,11,JR-DUAL-r011-R8-g0680,True,1,True,1.0,300.0,730874.623950481,731929.972561589,1055.3486111080274,0.14439530071569848,2.5218978598713875,6.669818971306086,1.0,1.0,0.0,0.0,1.0,0.0,0.0,0.0,8.0,8.0,0.0,1055.3486111080274,731929.972561589,1055.3486111080274,0.0,JR-CheapSummary（简化表示消融）；seed17,JR-CheapSummary; seed17,SIMPLIFIED_REPRESENTATION_ABLATION
test,quality,FullCheapSummary-seed29,8,JR-DUAL-r008-R12-g0170,True,1,True,1.0,300.0,1308539.931227763,1310601.940398075,2062.009170311969,0.1575809129781197,3.4974605217576027,8.723015736788511,1.0,1.0,0.0,0.0,1.0,0.0,0.0,0.0,7.0,7.0,0.0,2062.009170311969,1310601.940398075,1545.2884029019624,516.7207674100064,JR-CheapSummary（简化表示消融）；seed29,JR-CheapSummary; seed29,SIMPLIFIED_REPRESENTATION_ABLATION
test,quality,FullCheapSummary-seed29,8,JR-DUAL-r008-R12-g0340,True,1,True,1.0,300.0,1206858.411921518,1210753.609808727,3895.1978872090112,0.32275516736111676,3.122212592512369,7.862526420503855,1.0,1.0,0.0,0.0,1.0,0.0,0.0,0.0,8.0,8.0,0.0,3895.1978872090112,1210753.609808727,2293.9027097311337,1601.2951774778776,JR-CheapSummary（简化表示消融）；seed29,JR-CheapSummary; seed29,SIMPLIFIED_REPRESENTATION_ABLATION
test,quality,FullCheapSummary-seed29,8,JR-DUAL-r008-R12-g0680,True,1,True,1.0,300.0,996252.482559234,998653.972644334,2401.49008509994,0.241052356419815,3.0403235964477062,7.715200513601303,1.0,1.0,0.0,0.0,1.0,0.0,0.0,0.0,8.0,8.0,0.0,2401.49008509994,998653.972644334,1752.890491288039,648.5995938119013,JR-CheapSummary（简化表示消融）；seed29,JR-CheapSummary; seed29,SIMPLIFIED_REPRESENTATION_ABLATION
test,quality,FullCheapSummary-seed29,8,JR-DUAL-r008-R8-g0170,True,1,True,1.0,300.0,1064212.05311729,1067742.629697501,3530.5765802110545,0.33175498904276546,2.695502460002899,6.427025001496077,1.0,1.0,0.0,0.0,1.0,0.0,0.0,0.0,7.0,7.0,0.0,3530.5765802110545,1067742.629697501,2186.9149603929836,1343.661619818071,JR-CheapSummary（简化表示消融）；seed29,JR-CheapSummary; seed29,SIMPLIFIED_REPRESENTATION_ABLATION
test,quality,FullCheapSummary-seed29,8,JR-DUAL-r008-R8-g0340,True,1,True,1.0,300.0,964674.094508257,967744.796548355,3070.7020400980255,0.318314968503774,2.726745493710041,6.713501505553722,1.0,1.0,0.0,0.0,1.0,0.0,0.0,0.0,8.0,8.0,0.0,3070.7020400980255,967744.796548355,2213.5059239330003,857.1961161650252,JR-CheapSummary（简化表示消融）；seed29,JR-CheapSummary; seed29,SIMPLIFIED_REPRESENTATION_ABLATION
test,quality,FullCheapSummary-seed29,8,JR-DUAL-r008-R8-g0680,True,1,True,1.0,300.0,725058.74017615,727062.211266697,2003.471090547042,0.2763184524967325,2.5854039639234543,7.405960023403168,1.0,1.0,0.0,0.0,1.0,0.0,0.0,0.0,8.0,8.0,0.0,2003.471090547042,727062.211266697,1072.9688282109564,930.5022623360856,JR-CheapSummary（简化表示消融）；seed29,JR-CheapSummary; seed29,SIMPLIFIED_REPRESENTATION_ABLATION
test,quality,FullCheapSummary-seed29,9,JR-DUAL-r009-R12-g0170,True,1,True,1.0,300.0,1303588.958822233,1305244.951142674,1655.9923204411753,0.12703331899476442,3.4383103474974632,8.231465645134449,1.0,1.0,0.0,0.0,1.0,0.0,0.0,0.0,8.0,8.0,0.0,1655.9923204411753,1305244.951142674,1480.9733000150882,175.01902042608708,JR-CheapSummary（简化表示消融）；seed29,JR-CheapSummary; seed29,SIMPLIFIED_REPRESENTATION_ABLATION
test,quality,FullCheapSummary-seed29,9,JR-DUAL-r009-R12-g0340,True,1,True,1.0,300.0,1201896.359864861,1204184.639125805,2288.2792609441094,0.19038906659151536,4.369457866996527,9.073502622544765,1.0,1.0,0.0,0.0,1.0,0.0,0.0,0.0,8.0,8.0,0.0,2288.2792609441094,1204184.639125805,1088.1848472019192,1200.0944137421902,JR-CheapSummary（简化表示消融）；seed29,JR-CheapSummary; seed29,SIMPLIFIED_REPRESENTATION_ABLATION
test,quality,FullCheapSummary-seed29,9,JR-DUAL-r009-R12-g0680,True,1,True,1.0,300.0,995328.900324943,996691.239721992,1362.3393970490433,0.136873288478239,3.0374996289610863,8.56763892620802,1.0,1.0,0.0,0.0,1.0,0.0,0.0,0.0,8.0,8.0,0.0,1362.3393970490433,996691.239721992,1132.9280402449658,229.4113568040775,JR-CheapSummary（简化表示消融）；seed29,JR-CheapSummary; seed29,SIMPLIFIED_REPRESENTATION_ABLATION
test,quality,FullCheapSummary-seed29,9,JR-DUAL-r009-R8-g0170,True,1,True,1.0,300.0,1069460.8401523,1072358.373683807,2897.5335315070115,0.270934046644885,2.699806399643421,6.667185179889202,1.0,1.0,0.0,0.0,1.0,0.0,0.0,0.0,7.0,7.0,0.0,2897.5335315070115,1072358.373683807,1700.94802728598,1196.5855042210314,JR-CheapSummary（简化表示消融）；seed29,JR-CheapSummary; seed29,SIMPLIFIED_REPRESENTATION_ABLATION
test,quality,FullCheapSummary-seed29,9,JR-DUAL-r009-R8-g0340,True,1,True,1.0,300.0,958942.247525348,962784.318409774,3842.070884426008,0.40065717141369867,2.812192153185606,7.409026350826025,1.0,1.0,0.0,0.0,1.0,0.0,0.0,0.0,8.0,8.0,0.0,3842.070884426008,962784.318409774,2413.828959963983,1428.241924462025,JR-CheapSummary（简化表示消融）；seed29,JR-CheapSummary; seed29,SIMPLIFIED_REPRESENTATION_ABLATION
test,quality,FullCheapSummary-seed29,9,JR-DUAL-r009-R8-g0680,True,1,True,1.0,300.0,727027.842792866,728717.263461693,1689.4206688269041,0.2323735859051864,2.652927841991186,7.713215701282024,1.0,1.0,0.0,0.0,1.0,0.0,0.0,0.0,8.0,8.0,0.0,1689.4206688269041,728717.263461693,856.4749668039149,832.9457020229893,JR-CheapSummary（简化表示消融）；seed29,JR-CheapSummary; seed29,SIMPLIFIED_REPRESENTATION_ABLATION
test,quality,FullCheapSummary-seed29,10,JR-DUAL-r010-R12-g0170,True,1,True,1.0,300.0,1304524.980145348,1306337.307063753,1812.326918405015,0.13892619505094403,3.835938975214958,8.570025481283665,1.0,1.0,0.0,0.0,1.0,0.0,0.0,0.0,8.0,8.0,0.0,1812.326918405015,1306337.307063753,1409.6677442491055,402.65917415590957,JR-CheapSummary（简化表示消融）；seed29,JR-CheapSummary; seed29,SIMPLIFIED_REPRESENTATION_ABLATION
test,quality,FullCheapSummary-seed29,10,JR-DUAL-r010-R12-g0340,True,1,True,1.0,300.0,1204766.032426266,1208402.552936319,3636.5205100530293,0.3018445417762549,1.965510979294777,6.981400966644287,1.0,1.0,0.0,0.0,1.0,0.0,0.0,0.0,8.0,8.0,0.0,3636.5205100530293,1208402.552936319,2638.0165747040883,998.503935348941,JR-CheapSummary（简化表示消融）；seed29,JR-CheapSummary; seed29,SIMPLIFIED_REPRESENTATION_ABLATION
test,quality,FullCheapSummary-seed29,10,JR-DUAL-r010-R12-g0680,True,1,True,1.0,300.0,997301.877515741,1000413.196392745,3111.3188770039706,0.3119736307680683,3.0120422057807446,8.276878505945206,1.0,1.0,0.0,0.0,1.0,0.0,0.0,0.0,8.0,8.0,0.0,3111.3188770039706,1000413.196392745,1689.2379566929303,1422.0809203110402,JR-CheapSummary（简化表示消融）；seed29,JR-CheapSummary; seed29,SIMPLIFIED_REPRESENTATION_ABLATION
test,quality,FullCheapSummary-seed29,10,JR-DUAL-r010-R8-g0170,True,1,True,1.0,300.0,1063723.76085508,1067005.870427666,3282.109572585905,0.30854905130139837,4.0187733098864555,8.01406640931964,1.0,1.0,0.0,0.0,1.0,0.0,0.0,0.0,8.0,8.0,0.0,3282.109572585905,1067005.870427666,1999.1203333488666,1282.9892392370384,JR-CheapSummary（简化表示消融）；seed29,JR-CheapSummary; seed29,SIMPLIFIED_REPRESENTATION_ABLATION
test,quality,FullCheapSummary-seed29,10,JR-DUAL-r010-R8-g0340,True,1,True,1.0,300.0,961329.66255596,965900.661665852,4570.999109891942,0.4754871599133517,2.6538587734103203,8.227941554039717,1.0,1.0,0.0,0.0,1.0,0.0,0.0,0.0,8.0,8.0,0.0,4570.999109891942,965900.661665852,2815.9254813429434,1755.0736285489984,JR-CheapSummary（简化表示消融）；seed29,JR-CheapSummary; seed29,SIMPLIFIED_REPRESENTATION_ABLATION
test,quality,FullCheapSummary-seed29,10,JR-DUAL-r010-R8-g0680,True,1,True,1.0,300.0,729720.170020981,731036.045048618,1315.8750276369974,0.18032597723030777,2.4689065143465996,6.865514826029539,1.0,1.0,0.0,0.0,1.0,0.0,0.0,0.0,8.0,8.0,0.0,1315.8750276369974,731036.045048618,1249.4284307870548,66.44659684994258,JR-CheapSummary（简化表示消融）；seed29,JR-CheapSummary; seed29,SIMPLIFIED_REPRESENTATION_ABLATION
test,quality,FullCheapSummary-seed29,11,JR-DUAL-r011-R12-g0170,True,1,True,1.0,300.0,1309710.108432145,1311148.438464307,1438.3300321619026,0.10982048797681866,4.782734405249357,9.62289959937334,1.0,1.0,0.0,0.0,1.0,0.0,0.0,0.0,8.0,8.0,0.0,1438.3300321619026,1311148.438464307,1187.9974463549443,250.33258580695838,JR-CheapSummary（简化表示消融）；seed29,JR-CheapSummary; seed29,SIMPLIFIED_REPRESENTATION_ABLATION
test,quality,FullCheapSummary-seed29,11,JR-DUAL-r011-R12-g0340,True,1,True,1.0,300.0,1207263.813126226,1211168.326449476,3904.513323249994,0.32341840124729687,3.202997975051403,7.7745526060462,1.0,1.0,0.0,0.0,1.0,0.0,0.0,0.0,8.0,8.0,0.0,3904.513323249994,1211168.326449476,3230.222770435037,674.2905528149568,JR-CheapSummary（简化表示消融）；seed29,JR-CheapSummary; seed29,SIMPLIFIED_REPRESENTATION_ABLATION
test,quality,FullCheapSummary-seed29,11,JR-DUAL-r011-R12-g0680,True,1,True,1.0,300.0,996565.623874682,998503.525917519,1937.9020428369986,0.19445804635547909,1.8477988541126251,6.67299872264266,1.0,1.0,0.0,0.0,1.0,0.0,0.0,0.0,8.0,8.0,0.0,1937.9020428369986,998503.525917519,1146.2667337020393,791.6353091349592,JR-CheapSummary（简化表示消融）；seed29,JR-CheapSummary; seed29,SIMPLIFIED_REPRESENTATION_ABLATION
test,quality,FullCheapSummary-seed29,11,JR-DUAL-r011-R8-g0170,True,1,True,1.0,300.0,1065376.358638791,1069164.206413786,3787.8477749950252,0.35554081374911295,2.8419194146990776,7.363675180822611,1.0,1.0,0.0,0.0,1.0,0.0,0.0,0.0,7.0,7.0,0.0,3787.8477749950252,1069164.206413786,2622.570562876994,1165.2772121180315,JR-CheapSummary（简化表示消融）；seed29,JR-CheapSummary; seed29,SIMPLIFIED_REPRESENTATION_ABLATION
test,quality,FullCheapSummary-seed29,11,JR-DUAL-r011-R8-g0340,True,1,True,1.0,300.0,961749.203495802,964940.392041908,3191.1885461059865,0.33181088526057884,1.4766505137085915,5.703328683972359,1.0,1.0,0.0,0.0,1.0,0.0,0.0,0.0,8.0,8.0,0.0,3191.1885461059865,964940.392041908,2574.4641978610307,616.7243482449558,JR-CheapSummary（简化表示消融）；seed29,JR-CheapSummary; seed29,SIMPLIFIED_REPRESENTATION_ABLATION
test,quality,FullCheapSummary-seed29,11,JR-DUAL-r011-R8-g0680,True,1,True,1.0,300.0,730874.623950481,731929.972561589,1055.3486111080274,0.14439530071569848,2.670231129974127,7.308631055057049,1.0,1.0,0.0,0.0,1.0,0.0,0.0,0.0,8.0,8.0,0.0,1055.3486111080274,731929.972561589,1055.3486111080274,0.0,JR-CheapSummary（简化表示消融）；seed29,JR-CheapSummary; seed29,SIMPLIFIED_REPRESENTATION_ABLATION
test,quality,FullP1,8,JR-DUAL-r008-R12-g0170,True,1,True,1.0,300.0,1308539.931227763,1310085.219630665,1545.2884029019624,0.11809256760334899,0.6803088746964931,5.927029490470886,1.0,1.0,0.0,0.0,1.0,0.0,0.0,0.0,2.0,2.0,0.0,1545.2884029019624,1310085.219630665,1545.2884029019624,0.0,Independent-replacement+CHILS（独立替代估计对照）,Independent-replacement+CHILS,INTERNAL_INDEPENDENT_REPLACEMENT_CONTROL
test,quality,FullP1,8,JR-DUAL-r008-R12-g0340,True,1,True,1.0,300.0,1206858.411921518,1209152.314631249,2293.9027097311337,0.1900722310978354,1.19567446783185,6.322030492126942,1.0,1.0,0.0,0.0,1.0,0.0,0.0,0.0,6.0,6.0,0.0,2293.9027097311337,1209152.314631249,2293.9027097311337,0.0,Independent-replacement+CHILS（独立替代估计对照）,Independent-replacement+CHILS,INTERNAL_INDEPENDENT_REPLACEMENT_CONTROL
test,quality,FullP1,8,JR-DUAL-r008-R12-g0680,True,1,True,1.0,300.0,996252.482559234,998005.3730505221,1752.890491288039,0.1759484188972967,3.2151096388697624,7.714894853532314,1.0,1.0,0.0,0.0,1.0,0.0,0.0,0.0,8.0,8.0,0.0,1752.890491288039,998005.3730505221,1752.890491288039,0.0,Independent-replacement+CHILS（独立替代估计对照）,Independent-replacement+CHILS,INTERNAL_INDEPENDENT_REPLACEMENT_CONTROL
test,quality,FullP1,8,JR-DUAL-r008-R8-g0170,True,1,True,1.0,300.0,1064212.05311729,1066398.968077683,2186.9149603929836,0.20549616535417659,0.48614460974931717,4.377498984336853,1.0,1.0,0.0,0.0,1.0,0.0,0.0,0.0,2.0,2.0,0.0,2186.9149603929836,1066398.968077683,2186.9149603929836,0.0,Independent-replacement+CHILS（独立替代估计对照）,Independent-replacement+CHILS,INTERNAL_INDEPENDENT_REPLACEMENT_CONTROL
test,quality,FullP1,8,JR-DUAL-r008-R8-g0340,True,1,True,1.0,300.0,964674.094508257,966887.60043219,2213.5059239330003,0.22945634557143735,1.0960910581052303,5.10871995985508,1.0,1.0,0.0,0.0,1.0,0.0,0.0,0.0,8.0,8.0,0.0,2213.5059239330003,966887.60043219,2213.5059239330003,0.0,Independent-replacement+CHILS（独立替代估计对照）,Independent-replacement+CHILS,INTERNAL_INDEPENDENT_REPLACEMENT_CONTROL
test,quality,FullP1,8,JR-DUAL-r008-R8-g0680,True,1,True,1.0,300.0,725058.74017615,726131.709004361,1072.9688282109564,0.14798371066463983,1.1173403970897198,5.444780375808477,1.0,1.0,0.0,0.0,1.0,0.0,0.0,0.0,8.0,8.0,0.0,1072.9688282109564,726131.709004361,1072.9688282109564,0.0,Independent-replacement+CHILS（独立替代估计对照）,Independent-replacement+CHILS,INTERNAL_INDEPENDENT_REPLACEMENT_CONTROL
test,quality,FullP1,9,JR-DUAL-r009-R12-g0170,True,1,True,1.0,300.0,1303588.958822233,1305069.932122248,1480.9733000150882,0.11360738290949615,1.1962645053863525,6.532903514802456,1.0,1.0,0.0,0.0,1.0,0.0,0.0,0.0,8.0,8.0,0.0,1480.9733000150882,1305069.932122248,1480.9733000150882,0.0,Independent-replacement+CHILS（独立替代估计对照）,Independent-replacement+CHILS,INTERNAL_INDEPENDENT_REPLACEMENT_CONTROL
test,quality,FullP1,9,JR-DUAL-r009-R12-g0340,True,1,True,1.0,300.0,1201896.359864861,1202984.544712063,1088.1848472019192,0.09053899184154886,0.5123754069209099,5.42633169516921,1.0,0.0,0.0,1.0,1.0,0.0,0.0,0.0,0.0,0.0,0.0,1088.1848472019192,1202984.544712063,1088.1848472019192,0.0,Independent-replacement+CHILS（独立替代估计对照）,Independent-replacement+CHILS,INTERNAL_INDEPENDENT_REPLACEMENT_CONTROL
test,quality,FullP1,9,JR-DUAL-r009-R12-g0680,True,1,True,1.0,300.0,995328.900324943,996461.828365188,1132.9280402449658,0.11382448956069709,1.2792573645710945,6.769352626055479,1.0,1.0,0.0,0.0,1.0,0.0,0.0,0.0,8.0,8.0,0.0,1132.9280402449658,996461.828365188,1132.9280402449658,0.0,Independent-replacement+CHILS（独立替代估计对照）,Independent-replacement+CHILS,INTERNAL_INDEPENDENT_REPLACEMENT_CONTROL
test,quality,FullP1,9,JR-DUAL-r009-R8-g0170,True,1,True,1.0,300.0,1069460.8401523,1071161.788179586,1700.94802728598,0.15904724730675984,0.41966960951685905,4.908670242875814,1.0,1.0,0.0,0.0,1.0,0.0,0.0,0.0,1.0,1.0,0.0,1700.94802728598,1071161.788179586,1700.94802728598,0.0,Independent-replacement+CHILS（独立替代估计对照）,Independent-replacement+CHILS,INTERNAL_INDEPENDENT_REPLACEMENT_CONTROL
test,quality,FullP1,9,JR-DUAL-r009-R8-g0340,True,1,True,1.0,300.0,958942.247525348,961356.076485312,2413.828959963983,0.25171786582488404,1.1154138408601284,5.811989933252335,1.0,1.0,0.0,0.0,1.0,0.0,0.0,0.0,8.0,8.0,0.0,2413.828959963983,961356.076485312,2413.828959963983,0.0,Independent-replacement+CHILS（独立替代估计对照）,Independent-replacement+CHILS,INTERNAL_INDEPENDENT_REPLACEMENT_CONTROL
test,quality,FullP1,9,JR-DUAL-r009-R8-g0680,True,1,True,1.0,300.0,727027.842792866,727884.31775967,856.4749668039149,0.1178049747742507,3.052552618086338,7.763083022087812,1.0,1.0,0.0,0.0,1.0,0.0,0.0,0.0,8.0,8.0,0.0,856.4749668039149,727884.31775967,856.4749668039149,0.0,Independent-replacement+CHILS（独立替代估计对照）,Independent-replacement+CHILS,INTERNAL_INDEPENDENT_REPLACEMENT_CONTROL
test,quality,FullP1,10,JR-DUAL-r010-R12-g0170,True,1,True,1.0,300.0,1304524.980145348,1306303.631660412,1778.6515150640626,0.13634476473312823,1.062523428350687,5.618424467742443,1.0,1.0,0.0,0.0,1.0,0.0,0.0,0.0,6.0,6.0,0.0,1778.6515150640626,1306303.631660412,1409.6677442491055,368.9837708149571,Independent-replacement+CHILS（独立替代估计对照）,Independent-replacement+CHILS,INTERNAL_INDEPENDENT_REPLACEMENT_CONTROL
test,quality,FullP1,10,JR-DUAL-r010-R12-g0340,True,1,True,1.0,300.0,1204766.032426266,1207404.04900097,2638.0165747040883,0.2189650524418765,1.1751124188303947,5.477220367640257,1.0,1.0,0.0,0.0,1.0,0.0,0.0,0.0,6.0,6.0,0.0,2638.0165747040883,1207404.04900097,2638.0165747040883,0.0,Independent-replacement+CHILS（独立替代估计对照）,Independent-replacement+CHILS,INTERNAL_INDEPENDENT_REPLACEMENT_CONTROL
test,quality,FullP1,10,JR-DUAL-r010-R12-g0680,True,1,True,1.0,300.0,997301.877515741,998991.115472434,1689.2379566929303,0.16938080582990458,1.3020442686975002,6.517908658832312,1.0,1.0,0.0,0.0,1.0,0.0,0.0,0.0,8.0,8.0,0.0,1689.2379566929303,998991.115472434,1689.2379566929303,0.0,Independent-replacement+CHILS（独立替代估计对照）,Independent-replacement+CHILS,INTERNAL_INDEPENDENT_REPLACEMENT_CONTROL
test,quality,FullP1,10,JR-DUAL-r010-R8-g0170,True,1,True,1.0,300.0,1063723.76085508,1065722.881188429,1999.1203333488666,0.18793604194211688,0.4349724315106869,4.780750069767237,1.0,1.0,0.0,0.0,1.0,0.0,0.0,0.0,1.0,1.0,0.0,1999.1203333488666,1065722.881188429,1999.1203333488666,0.0,Independent-replacement+CHILS（独立替代估计对照）,Independent-replacement+CHILS,INTERNAL_INDEPENDENT_REPLACEMENT_CONTROL
test,quality,FullP1,10,JR-DUAL-r010-R8-g0340,True,1,True,1.0,300.0,961329.66255596,964145.588037303,2815.9254813429434,0.2929198578826777,1.091015312820673,5.31119916960597,1.0,1.0,0.0,0.0,1.0,0.0,0.0,0.0,8.0,8.0,0.0,2815.9254813429434,964145.588037303,2815.9254813429434,0.0,Independent-replacement+CHILS（独立替代估计对照）,Independent-replacement+CHILS,INTERNAL_INDEPENDENT_REPLACEMENT_CONTROL
test,quality,FullP1,10,JR-DUAL-r010-R8-g0680,True,1,True,1.0,300.0,729720.170020981,730969.598451768,1249.4284307870548,0.17122021318817748,3.0200427435338497,7.8159073032438755,1.0,1.0,0.0,0.0,1.0,0.0,0.0,0.0,8.0,8.0,0.0,1249.4284307870548,730969.598451768,1249.4284307870548,0.0,Independent-replacement+CHILS（独立替代估计对照）,Independent-replacement+CHILS,INTERNAL_INDEPENDENT_REPLACEMENT_CONTROL
test,quality,FullP1,11,JR-DUAL-r011-R12-g0170,True,1,True,1.0,300.0,1309710.108432145,1310898.1058785,1187.9974463549443,0.09070690061154807,0.64068903028965,5.916070435196161,1.0,0.0,0.0,1.0,1.0,0.0,0.0,0.0,0.0,0.0,0.0,1187.9974463549443,1310898.1058785,1187.9974463549443,0.0,Independent-replacement+CHILS（独立替代估计对照）,Independent-replacement+CHILS,INTERNAL_INDEPENDENT_REPLACEMENT_CONTROL
test,quality,FullP1,11,JR-DUAL-r011-R12-g0340,True,1,True,1.0,300.0,1207263.813126226,1210494.035896661,3230.222770435037,0.26756560871897017,1.1646486856043339,6.322627726942301,1.0,1.0,0.0,0.0,1.0,0.0,0.0,0.0,6.0,6.0,0.0,3230.222770435037,1210494.035896661,3230.222770435037,0.0,Independent-replacement+CHILS（独立替代估计对照）,Independent-replacement+CHILS,INTERNAL_INDEPENDENT_REPLACEMENT_CONTROL
test,quality,FullP1,11,JR-DUAL-r011-R12-g0680,True,1,True,1.0,300.0,996565.623874682,997711.890608384,1146.2667337020393,0.11502170115454256,2.077592447400093,6.925107292830944,1.0,1.0,0.0,0.0,1.0,0.0,0.0,0.0,8.0,8.0,0.0,1146.2667337020393,997711.890608384,1146.2667337020393,0.0,Independent-replacement+CHILS（独立替代估计对照）,Independent-replacement+CHILS,INTERNAL_INDEPENDENT_REPLACEMENT_CONTROL
test,quality,FullP1,11,JR-DUAL-r011-R8-g0170,True,1,True,1.0,300.0,1065376.358638791,1067998.929201668,2622.570562876994,0.24616376566003373,0.43803147599101067,4.413262650370598,1.0,1.0,0.0,0.0,1.0,0.0,0.0,0.0,1.0,1.0,0.0,2622.570562876994,1067998.929201668,2622.570562876994,0.0,Independent-replacement+CHILS（独立替代估计对照）,Independent-replacement+CHILS,INTERNAL_INDEPENDENT_REPLACEMENT_CONTROL
test,quality,FullP1,11,JR-DUAL-r011-R8-g0340,True,1,True,1.0,300.0,961749.203495802,964323.667693663,2574.4641978610307,0.267685607485119,3.032926931977272,7.016691856086254,1.0,1.0,0.0,0.0,1.0,0.0,0.0,0.0,8.0,8.0,0.0,2574.4641978610307,964323.667693663,2574.4641978610307,0.0,Independent-replacement+CHILS（独立替代估计对照）,Independent-replacement+CHILS,INTERNAL_INDEPENDENT_REPLACEMENT_CONTROL
test,quality,FullP1,11,JR-DUAL-r011-R8-g0680,True,1,True,1.0,300.0,730874.623950481,731969.789376776,1095.1654262950178,0.14984313183230982,3.0670057348906994,7.914296559989452,1.0,1.0,0.0,0.0,1.0,0.0,0.0,0.0,8.0,8.0,0.0,1095.1654262950178,731969.789376776,1055.3486111080274,39.816815186990425,Independent-replacement+CHILS（独立替代估计对照）,Independent-replacement+CHILS,INTERNAL_INDEPENDENT_REPLACEMENT_CONTROL
test,quality,FullGreedy,8,JR-DUAL-r008-R12-g0170,True,1,True,1.0,300.0,1308539.931227763,1310601.940398075,2062.009170311969,0.1575809129781197,2.0719887539744377,7.275552701205015,1.0,1.0,0.0,0.0,1.0,0.0,0.0,0.0,7.0,7.0,0.0,2062.009170311969,1310601.940398075,1545.2884029019624,516.7207674100064,Greedy-rank+CHILS（贪心请求排序内部对照）,Greedy-rank+CHILS,INTERNAL_GREEDY_REQUEST_RANKING
test,quality,FullGreedy,8,JR-DUAL-r008-R12-g0340,True,1,True,1.0,300.0,1206858.411921518,1210753.609808727,3895.1978872090112,0.32275516736111676,0.9214164726436138,5.541874475777149,1.0,1.0,0.0,0.0,1.0,0.0,0.0,0.0,8.0,8.0,0.0,3895.1978872090112,1210753.609808727,2293.9027097311337,1601.2951774778776,Greedy-rank+CHILS（贪心请求排序内部对照）,Greedy-rank+CHILS,INTERNAL_GREEDY_REQUEST_RANKING
test,quality,FullGreedy,8,JR-DUAL-r008-R12-g0680,True,1,True,1.0,300.0,996252.482559234,998653.972644334,2401.49008509994,0.241052356419815,2.0746715031564236,7.276983547955751,1.0,1.0,0.0,0.0,1.0,0.0,0.0,0.0,8.0,8.0,0.0,2401.49008509994,998653.972644334,1752.890491288039,648.5995938119013,Greedy-rank+CHILS（贪心请求排序内部对照）,Greedy-rank+CHILS,INTERNAL_GREEDY_REQUEST_RANKING
test,quality,FullGreedy,8,JR-DUAL-r008-R8-g0170,True,1,True,1.0,300.0,1064212.05311729,1067742.629697501,3530.5765802110545,0.33175498904276546,0.7204193286597729,5.372394382953644,1.0,1.0,0.0,0.0,1.0,0.0,0.0,0.0,7.0,7.0,0.0,3530.5765802110545,1067742.629697501,2186.9149603929836,1343.661619818071,Greedy-rank+CHILS（贪心请求排序内部对照）,Greedy-rank+CHILS,INTERNAL_GREEDY_REQUEST_RANKING
test,quality,FullGreedy,8,JR-DUAL-r008-R8-g0340,True,1,True,1.0,300.0,964674.094508257,967744.796548355,3070.7020400980255,0.318314968503774,1.9476854279637337,6.575628437101841,1.0,1.0,0.0,0.0,1.0,0.0,0.0,0.0,8.0,8.0,0.0,3070.7020400980255,967744.796548355,2213.5059239330003,857.1961161650252,Greedy-rank+CHILS（贪心请求排序内部对照）,Greedy-rank+CHILS,INTERNAL_GREEDY_REQUEST_RANKING
test,quality,FullGreedy,8,JR-DUAL-r008-R8-g0680,True,1,True,1.0,300.0,725058.74017615,727062.211266697,2003.471090547042,0.2763184524967325,1.924236848950386,6.653887663036585,1.0,1.0,0.0,0.0,1.0,0.0,0.0,0.0,8.0,8.0,0.0,2003.471090547042,727062.211266697,1072.9688282109564,930.5022623360856,Greedy-rank+CHILS（贪心请求排序内部对照）,Greedy-rank+CHILS,INTERNAL_GREEDY_REQUEST_RANKING
test,quality,FullGreedy,9,JR-DUAL-r009-R12-g0170,True,1,True,1.0,300.0,1303588.958822233,1305244.951142674,1655.9923204411753,0.12703331899476442,0.9837423264980316,5.575270012021065,1.0,1.0,0.0,0.0,1.0,0.0,0.0,0.0,8.0,8.0,0.0,1655.9923204411753,1305244.951142674,1480.9733000150882,175.01902042608708,Greedy-rank+CHILS（贪心请求排序内部对照）,Greedy-rank+CHILS,INTERNAL_GREEDY_REQUEST_RANKING
test,quality,FullGreedy,9,JR-DUAL-r009-R12-g0340,True,1,True,1.0,300.0,1201896.359864861,1204184.639125805,2288.2792609441094,0.19038906659151536,0.8150423429906368,5.218536838889122,1.0,1.0,0.0,0.0,1.0,0.0,0.0,0.0,6.0,6.0,0.0,2288.2792609441094,1204184.639125805,1088.1848472019192,1200.0944137421902,Greedy-rank+CHILS（贪心请求排序内部对照）,Greedy-rank+CHILS,INTERNAL_GREEDY_REQUEST_RANKING
test,quality,FullGreedy,9,JR-DUAL-r009-R12-g0680,True,1,True,1.0,300.0,995328.900324943,996691.239721992,1362.3393970490433,0.136873288478239,2.0766847245395184,8.479471508413553,1.0,1.0,0.0,0.0,1.0,0.0,0.0,0.0,8.0,8.0,0.0,1362.3393970490433,996691.239721992,1132.9280402449658,229.4113568040775,Greedy-rank+CHILS（贪心请求排序内部对照）,Greedy-rank+CHILS,INTERNAL_GREEDY_REQUEST_RANKING
test,quality,FullGreedy,9,JR-DUAL-r009-R8-g0170,True,1,True,1.0,300.0,1069460.8401523,1072358.373683807,2897.5335315070115,0.270934046644885,1.8722911439836025,6.0792743265628815,1.0,1.0,0.0,0.0,1.0,0.0,0.0,0.0,7.0,7.0,0.0,2897.5335315070115,1072358.373683807,1700.94802728598,1196.5855042210314,Greedy-rank+CHILS（贪心请求排序内部对照）,Greedy-rank+CHILS,INTERNAL_GREEDY_REQUEST_RANKING
test,quality,FullGreedy,9,JR-DUAL-r009-R8-g0340,True,1,True,1.0,300.0,958942.247525348,962784.318409774,3842.070884426008,0.40065717141369867,0.7836850993335247,5.407957743853331,1.0,1.0,0.0,0.0,1.0,0.0,0.0,0.0,8.0,8.0,0.0,3842.070884426008,962784.318409774,2413.828959963983,1428.241924462025,Greedy-rank+CHILS（贪心请求排序内部对照）,Greedy-rank+CHILS,INTERNAL_GREEDY_REQUEST_RANKING
test,quality,FullGreedy,9,JR-DUAL-r009-R8-g0680,True,1,True,1.0,300.0,727027.842792866,728717.263461693,1689.4206688269041,0.2323735859051864,1.889255478978157,6.012589912861586,1.0,1.0,0.0,0.0,1.0,0.0,0.0,0.0,8.0,8.0,0.0,1689.4206688269041,728717.263461693,856.4749668039149,832.9457020229893,Greedy-rank+CHILS（贪心请求排序内部对照）,Greedy-rank+CHILS,INTERNAL_GREEDY_REQUEST_RANKING
test,quality,FullGreedy,10,JR-DUAL-r010-R12-g0170,True,1,True,1.0,300.0,1304524.980145348,1306337.307063753,1812.326918405015,0.13892619505094403,1.0428956523537636,5.964705407619476,1.0,1.0,0.0,0.0,1.0,0.0,0.0,0.0,8.0,8.0,0.0,1812.326918405015,1306337.307063753,1409.6677442491055,402.65917415590957,Greedy-rank+CHILS（贪心请求排序内部对照）,Greedy-rank+CHILS,INTERNAL_GREEDY_REQUEST_RANKING
test,quality,FullGreedy,10,JR-DUAL-r010-R12-g0340,True,1,True,1.0,300.0,1204766.032426266,1208402.552936319,3636.5205100530293,0.3018445417762549,0.9896169565618038,6.073653489351273,1.0,1.0,0.0,0.0,1.0,0.0,0.0,0.0,8.0,8.0,0.0,3636.5205100530293,1208402.552936319,2638.0165747040883,998.503935348941,Greedy-rank+CHILS（贪心请求排序内部对照）,Greedy-rank+CHILS,INTERNAL_GREEDY_REQUEST_RANKING
test,quality,FullGreedy,10,JR-DUAL-r010-R12-g0680,True,1,True,1.0,300.0,997301.877515741,1000413.196392745,3111.3188770039706,0.3119736307680683,2.0999932438135147,7.015106480568647,1.0,1.0,0.0,0.0,1.0,0.0,0.0,0.0,8.0,8.0,0.0,3111.3188770039706,1000413.196392745,1689.2379566929303,1422.0809203110402,Greedy-rank+CHILS（贪心请求排序内部对照）,Greedy-rank+CHILS,INTERNAL_GREEDY_REQUEST_RANKING
test,quality,FullGreedy,10,JR-DUAL-r010-R8-g0170,True,1,True,1.0,300.0,1063723.76085508,1067005.870427666,3282.109572585905,0.30854905130139837,3.1002900935709476,7.66071742400527,1.0,1.0,0.0,0.0,1.0,0.0,0.0,0.0,8.0,8.0,0.0,3282.109572585905,1067005.870427666,1999.1203333488666,1282.9892392370384,Greedy-rank+CHILS（贪心请求排序内部对照）,Greedy-rank+CHILS,INTERNAL_GREEDY_REQUEST_RANKING
test,quality,FullGreedy,10,JR-DUAL-r010-R8-g0340,True,1,True,1.0,300.0,961329.66255596,965900.661665852,4570.999109891942,0.4754871599133517,1.9239433445036411,6.16018807888031,1.0,1.0,0.0,0.0,1.0,0.0,0.0,0.0,8.0,8.0,0.0,4570.999109891942,965900.661665852,2815.9254813429434,1755.0736285489984,Greedy-rank+CHILS（贪心请求排序内部对照）,Greedy-rank+CHILS,INTERNAL_GREEDY_REQUEST_RANKING
test,quality,FullGreedy,10,JR-DUAL-r010-R8-g0680,True,1,True,1.0,300.0,729720.170020981,731036.045048618,1315.8750276369974,0.18032597723030777,1.8510113805532455,6.511251803487539,1.0,1.0,0.0,0.0,1.0,0.0,0.0,0.0,8.0,8.0,0.0,1315.8750276369974,731036.045048618,1249.4284307870548,66.44659684994258,Greedy-rank+CHILS（贪心请求排序内部对照）,Greedy-rank+CHILS,INTERNAL_GREEDY_REQUEST_RANKING
test,quality,FullGreedy,11,JR-DUAL-r011-R12-g0170,True,1,True,1.0,300.0,1309710.108432145,1311148.438464307,1438.3300321619026,0.10982048797681866,2.164877563714981,6.7182004898786545,1.0,1.0,0.0,0.0,1.0,0.0,0.0,0.0,7.0,7.0,0.0,1438.3300321619026,1311148.438464307,1187.9974463549443,250.33258580695838,Greedy-rank+CHILS（贪心请求排序内部对照）,Greedy-rank+CHILS,INTERNAL_GREEDY_REQUEST_RANKING
test,quality,FullGreedy,11,JR-DUAL-r011-R12-g0340,True,1,True,1.0,300.0,1207263.813126226,1211168.326449476,3904.513323249994,0.32341840124729687,2.07298968359828,7.147531341761351,1.0,1.0,0.0,0.0,1.0,0.0,0.0,0.0,8.0,8.0,0.0,3904.513323249994,1211168.326449476,3230.222770435037,674.2905528149568,Greedy-rank+CHILS（贪心请求排序内部对照）,Greedy-rank+CHILS,INTERNAL_GREEDY_REQUEST_RANKING
test,quality,FullGreedy,11,JR-DUAL-r011-R12-g0680,True,1,True,1.0,300.0,996565.623874682,998503.525917519,1937.9020428369986,0.19445804635547909,2.083462081849575,7.319158039987087,1.0,1.0,0.0,0.0,1.0,0.0,0.0,0.0,8.0,8.0,0.0,1937.9020428369986,998503.525917519,1146.2667337020393,791.6353091349592,Greedy-rank+CHILS（贪心请求排序内部对照）,Greedy-rank+CHILS,INTERNAL_GREEDY_REQUEST_RANKING
test,quality,FullGreedy,11,JR-DUAL-r011-R8-g0170,True,1,True,1.0,300.0,1065376.358638791,1069164.206413786,3787.8477749950252,0.35554081374911295,0.6997763887047768,5.020557995885611,1.0,1.0,0.0,0.0,1.0,0.0,0.0,0.0,6.0,6.0,0.0,3787.8477749950252,1069164.206413786,2622.570562876994,1165.2772121180315,Greedy-rank+CHILS（贪心请求排序内部对照）,Greedy-rank+CHILS,INTERNAL_GREEDY_REQUEST_RANKING
test,quality,FullGreedy,11,JR-DUAL-r011-R8-g0340,True,1,True,1.0,300.0,961749.203495802,964940.392041908,3191.1885461059865,0.33181088526057884,1.8773913271725178,6.464527890086174,1.0,1.0,0.0,0.0,1.0,0.0,0.0,0.0,8.0,8.0,0.0,3191.1885461059865,964940.392041908,2574.4641978610307,616.7243482449558,Greedy-rank+CHILS（贪心请求排序内部对照）,Greedy-rank+CHILS,INTERNAL_GREEDY_REQUEST_RANKING
test,quality,FullGreedy,11,JR-DUAL-r011-R8-g0680,True,1,True,1.0,300.0,730874.623950481,731929.972561589,1055.3486111080274,0.14439530071569848,1.1211887411773205,5.310847066342831,1.0,1.0,0.0,0.0,1.0,0.0,0.0,0.0,8.0,8.0,0.0,1055.3486111080274,731929.972561589,1055.3486111080274,0.0,Greedy-rank+CHILS（贪心请求排序内部对照）,Greedy-rank+CHILS,INTERNAL_GREEDY_REQUEST_RANKING
test,quality,CHILS-p1,8,JR-DUAL-r008-R12-g0170,True,1,True,1.0,300.0,1308539.931227763,1374905.838794472,66365.90756670898,5.071752568103893,210.2061502225697,211.48562087118626,1.0,1.0,0.0,0.0,1.0,0.0,0.0,0.0,1.0,0.0,0.0,66365.90756670898,1374905.838794472,0.0,66365.90756670898,CHILS-p1（SEA 2025 公开 MWIS 算法）,CHILS-p1 (SEA 2025),PUBLISHED_MWIS_BASELINE
test,quality,CHILS-p1,8,JR-DUAL-r008-R12-g0340,True,1,True,1.0,300.0,1206858.411921518,1296368.483270003,89510.07134848507,7.4167831507235595,210.22412199527025,211.4996431916952,1.0,1.0,0.0,0.0,1.0,0.0,0.0,0.0,1.0,0.0,0.0,89510.07134848507,1296368.483270003,0.0,89510.07134848507,CHILS-p1（SEA 2025 公开 MWIS 算法）,CHILS-p1 (SEA 2025),PUBLISHED_MWIS_BASELINE
test,quality,CHILS-p1,8,JR-DUAL-r008-R12-g0680,True,1,True,1.0,300.0,996252.482559234,1112140.454040302,115887.97148106794,11.632389731503391,210.25273928791285,211.71422313898802,1.0,1.0,0.0,0.0,1.0,0.0,0.0,0.0,1.0,0.0,0.0,115887.97148106794,1112140.454040302,0.0,115887.97148106794,CHILS-p1（SEA 2025 公开 MWIS 算法）,CHILS-p1 (SEA 2025),PUBLISHED_MWIS_BASELINE
test,quality,CHILS-p1,8,JR-DUAL-r008-R8-g0170,True,1,True,1.0,300.0,1064212.05311729,1180867.293242463,116655.240125173,10.961653721499063,210.12297588959336,210.8247402086854,1.0,1.0,0.0,0.0,1.0,0.0,0.0,0.0,1.0,0.0,0.0,116655.240125173,1180867.293242463,0.0,116655.240125173,CHILS-p1（SEA 2025 公开 MWIS 算法）,CHILS-p1 (SEA 2025),PUBLISHED_MWIS_BASELINE
test,quality,CHILS-p1,8,JR-DUAL-r008-R8-g0340,True,1,True,1.0,300.0,964674.094508257,1049548.715587024,84874.62107876712,8.798268924390674,210.13225109875202,210.94931790977716,1.0,1.0,0.0,0.0,1.0,0.0,0.0,0.0,1.0,0.0,0.0,84874.62107876712,1049548.715587024,0.0,84874.62107876712,CHILS-p1（SEA 2025 公开 MWIS 算法）,CHILS-p1 (SEA 2025),PUBLISHED_MWIS_BASELINE
test,quality,CHILS-p1,8,JR-DUAL-r008-R8-g0680,True,1,True,1.0,300.0,725058.74017615,795176.092892003,70117.35271585302,9.670575476246007,210.16344069316983,211.1363701298833,1.0,1.0,0.0,0.0,1.0,0.0,0.0,0.0,1.0,0.0,0.0,70117.35271585302,795176.092892003,0.0,70117.35271585302,CHILS-p1（SEA 2025 公开 MWIS 算法）,CHILS-p1 (SEA 2025),PUBLISHED_MWIS_BASELINE
test,quality,CHILS-p1,9,JR-DUAL-r009-R12-g0170,True,1,True,1.0,300.0,1303588.958822233,1371307.459083725,67718.5002614921,5.194773997063801,210.2159218378365,211.4623020477593,1.0,1.0,0.0,0.0,1.0,0.0,0.0,0.0,1.0,0.0,0.0,67718.5002614921,1371307.459083725,0.0,67718.5002614921,CHILS-p1（SEA 2025 公开 MWIS 算法）,CHILS-p1 (SEA 2025),PUBLISHED_MWIS_BASELINE
test,quality,CHILS-p1,9,JR-DUAL-r009-R12-g0340,True,1,True,1.0,300.0,1201896.359864861,1293487.961321943,91591.60145708197,7.620590636232591,210.21239286661148,211.54287995770574,1.0,1.0,0.0,0.0,1.0,0.0,0.0,0.0,1.0,0.0,0.0,91591.60145708197,1293487.961321943,0.0,91591.60145708197,CHILS-p1（SEA 2025 公开 MWIS 算法）,CHILS-p1 (SEA 2025),PUBLISHED_MWIS_BASELINE
test,quality,CHILS-p1,9,JR-DUAL-r009-R12-g0680,True,1,True,1.0,300.0,995328.900324943,1105927.703214599,110598.80288965604,11.11178454212965,210.25072165578604,211.72201868519187,1.0,1.0,0.0,0.0,1.0,0.0,0.0,0.0,1.0,0.0,0.0,110598.80288965604,1105927.703214599,0.0,110598.80288965604,CHILS-p1（SEA 2025 公开 MWIS 算法）,CHILS-p1 (SEA 2025),PUBLISHED_MWIS_BASELINE
test,quality,CHILS-p1,9,JR-DUAL-r009-R8-g0170,True,1,True,1.0,300.0,1069460.8401523,1178595.895866356,109135.05571405613,10.204679929983635,210.12761737406254,210.8789289407432,1.0,1.0,0.0,0.0,1.0,0.0,0.0,0.0,1.0,0.0,0.0,109135.05571405613,1178595.895866356,0.0,109135.05571405613,CHILS-p1（SEA 2025 公开 MWIS 算法）,CHILS-p1 (SEA 2025),PUBLISHED_MWIS_BASELINE
test,quality,CHILS-p1,9,JR-DUAL-r009-R8-g0340,True,1,True,1.0,300.0,958942.247525348,1047078.873534863,88136.62600951502,9.19102544881727,210.12879337370396,210.98977585881948,1.0,1.0,0.0,0.0,1.0,0.0,0.0,0.0,1.0,0.0,0.0,88136.62600951502,1047078.873534863,0.0,88136.62600951502,CHILS-p1（SEA 2025 公开 MWIS 算法）,CHILS-p1 (SEA 2025),PUBLISHED_MWIS_BASELINE
test,quality,CHILS-p1,9,JR-DUAL-r009-R8-g0680,True,1,True,1.0,300.0,727027.842792866,794257.025091503,67229.182298637,9.24712622289363,210.16072668507695,211.1095221042633,1.0,1.0,0.0,0.0,1.0,0.0,0.0,0.0,1.0,0.0,0.0,67229.182298637,794257.025091503,0.0,67229.182298637,CHILS-p1（SEA 2025 公开 MWIS 算法）,CHILS-p1 (SEA 2025),PUBLISHED_MWIS_BASELINE
test,quality,CHILS-p1,10,JR-DUAL-r010-R12-g0170,True,1,True,1.0,300.0,1304524.980145348,1375265.578730085,70740.59858473693,5.422709389348384,210.21906957030296,211.5360063649714,1.0,1.0,0.0,0.0,1.0,0.0,0.0,0.0,1.0,0.0,0.0,70740.59858473693,1375265.578730085,0.0,70740.59858473693,CHILS-p1（SEA 2025 公开 MWIS 算法）,CHILS-p1 (SEA 2025),PUBLISHED_MWIS_BASELINE
test,quality,CHILS-p1,10,JR-DUAL-r010-R12-g0340,True,1,True,1.0,300.0,1204766.032426266,1295459.612673599,90693.58024733304,7.527899841655245,210.2197143137455,211.58496785908937,1.0,1.0,0.0,0.0,1.0,0.0,0.0,0.0,1.0,0.0,0.0,90693.58024733304,1295459.612673599,0.0,90693.58024733304,CHILS-p1（SEA 2025 公开 MWIS 算法）,CHILS-p1 (SEA 2025),PUBLISHED_MWIS_BASELINE
test,quality,CHILS-p1,10,JR-DUAL-r010-R12-g0680,True,1,True,1.0,300.0,997301.877515741,1108322.896784403,111021.01926866185,11.132137798157261,210.2534920759499,211.72025548666716,1.0,1.0,0.0,0.0,1.0,0.0,0.0,0.0,1.0,0.0,0.0,111021.01926866185,1108322.896784403,0.0,111021.01926866185,CHILS-p1（SEA 2025 公开 MWIS 算法）,CHILS-p1 (SEA 2025),PUBLISHED_MWIS_BASELINE
test,quality,CHILS-p1,10,JR-DUAL-r010-R8-g0170,True,1,True,1.0,300.0,1063723.76085508,1178047.438249534,114323.6773944539,10.747496822159373,210.12104899436235,210.86028610914946,1.0,1.0,0.0,0.0,1.0,0.0,0.0,0.0,1.0,0.0,0.0,114323.6773944539,1178047.438249534,0.0,114323.6773944539,CHILS-p1（SEA 2025 公开 MWIS 算法）,CHILS-p1 (SEA 2025),PUBLISHED_MWIS_BASELINE
test,quality,CHILS-p1,10,JR-DUAL-r010-R8-g0340,True,1,True,1.0,300.0,961329.66255596,1047625.820640716,86296.158084756,8.976749750477255,210.12668772786856,210.93412978947163,1.0,1.0,0.0,0.0,1.0,0.0,0.0,0.0,1.0,0.0,0.0,86296.158084756,1047625.820640716,0.0,86296.158084756,CHILS-p1（SEA 2025 公开 MWIS 算法）,CHILS-p1 (SEA 2025),PUBLISHED_MWIS_BASELINE
test,quality,CHILS-p1,10,JR-DUAL-r010-R8-g0680,True,1,True,1.0,300.0,729720.170020981,794046.530500671,64326.36047969002,8.815209325766684,210.1584496051073,211.09569142758846,1.0,1.0,0.0,0.0,1.0,0.0,0.0,0.0,1.0,0.0,0.0,64326.36047969002,794046.530500671,0.0,64326.36047969002,CHILS-p1（SEA 2025 公开 MWIS 算法）,CHILS-p1 (SEA 2025),PUBLISHED_MWIS_BASELINE
test,quality,CHILS-p1,11,JR-DUAL-r011-R12-g0170,True,1,True,1.0,300.0,1309710.108432145,1374201.038526892,64490.93009474687,4.924061414777428,210.21181228384376,211.50284763798118,1.0,1.0,0.0,0.0,1.0,0.0,0.0,0.0,1.0,0.0,0.0,64490.93009474687,1374201.038526892,0.0,64490.93009474687,CHILS-p1（SEA 2025 公开 MWIS 算法）,CHILS-p1 (SEA 2025),PUBLISHED_MWIS_BASELINE
test,quality,CHILS-p1,11,JR-DUAL-r011-R12-g0340,True,1,True,1.0,300.0,1207263.813126226,1295693.584456463,88429.77133023716,7.324809239601664,210.2351377531886,211.59114872291684,1.0,1.0,0.0,0.0,1.0,0.0,0.0,0.0,1.0,0.0,0.0,88429.77133023716,1295693.584456463,0.0,88429.77133023716,CHILS-p1（SEA 2025 公开 MWIS 算法）,CHILS-p1 (SEA 2025),PUBLISHED_MWIS_BASELINE
test,quality,CHILS-p1,11,JR-DUAL-r011-R12-g0680,True,1,True,1.0,300.0,996565.623874682,1108515.397683528,111949.77380884602,11.2335576430563,210.2543960250914,211.67700209841132,1.0,1.0,0.0,0.0,1.0,0.0,0.0,0.0,1.0,0.0,0.0,111949.77380884602,1108515.397683528,0.0,111949.77380884602,CHILS-p1（SEA 2025 公开 MWIS 算法）,CHILS-p1 (SEA 2025),PUBLISHED_MWIS_BASELINE
test,quality,CHILS-p1,11,JR-DUAL-r011-R8-g0170,True,1,True,1.0,300.0,1065376.358638791,1181231.619384729,115855.26074593817,10.87458528683366,210.11997798457742,210.89655496180058,1.0,1.0,0.0,0.0,1.0,0.0,0.0,0.0,1.0,0.0,0.0,115855.26074593817,1181231.619384729,0.0,115855.26074593817,CHILS-p1（SEA 2025 公开 MWIS 算法）,CHILS-p1 (SEA 2025),PUBLISHED_MWIS_BASELINE
test,quality,CHILS-p1,11,JR-DUAL-r011-R8-g0340,True,1,True,1.0,300.0,961749.203495802,1043779.523950559,82030.32045475696,8.529283950180576,210.12664294987917,210.8945291042328,1.0,1.0,0.0,0.0,1.0,0.0,0.0,0.0,1.0,0.0,0.0,82030.32045475696,1043779.523950559,0.0,82030.32045475696,CHILS-p1（SEA 2025 公开 MWIS 算法）,CHILS-p1 (SEA 2025),PUBLISHED_MWIS_BASELINE
test,quality,CHILS-p1,11,JR-DUAL-r011-R8-g0680,True,1,True,1.0,300.0,730874.623950481,795549.625679226,64675.00172874506,8.84898717363691,210.15640242770314,211.08664363250136,1.0,1.0,0.0,0.0,1.0,0.0,0.0,0.0,1.0,0.0,0.0,64675.00172874506,795549.625679226,0.0,64675.00172874506,CHILS-p1（SEA 2025 公开 MWIS 算法）,CHILS-p1 (SEA 2025),PUBLISHED_MWIS_BASELINE
test,quality,HiGHS-MILP,8,JR-DUAL-r008-R12-g0170,True,1,True,1.0,300.0,1308539.931227763,1308539.931227763,0.0,0.0,210.3819101974368,211.85286680608988,1.0,1.0,0.0,0.0,1.0,0.0,0.0,0.0,1.0,0.0,0.0,0.0,1308539.931227763,0.0,0.0,HiGHS-MILP（通用 MILP 软件参照）,HiGHS (generic MILP),GENERIC_MILP_SOFTWARE_REFERENCE
test,quality,HiGHS-MILP,8,JR-DUAL-r008-R12-g0340,True,1,True,0.0,300.0,1206858.411921518,null,null,null,300.4397800602019,301.88268944248557,0.0,0.0,1.0,0.0,0.0,1.0,0.0,0.0,null,0.0,0.0,0.0,1206858.411921518,0.0,0.0,HiGHS-MILP（通用 MILP 软件参照）,HiGHS (generic MILP),GENERIC_MILP_SOFTWARE_REFERENCE
test,quality,HiGHS-MILP,8,JR-DUAL-r008-R12-g0680,True,1,True,0.0,300.0,996252.482559234,null,null,null,301.5372631140053,303.1538934484124,0.0,0.0,1.0,0.0,0.0,1.0,0.0,0.0,null,0.0,0.0,0.0,996252.482559234,0.0,0.0,HiGHS-MILP（通用 MILP 软件参照）,HiGHS (generic MILP),GENERIC_MILP_SOFTWARE_REFERENCE
test,quality,HiGHS-MILP,8,JR-DUAL-r008-R8-g0170,True,1,True,1.0,300.0,1064212.05311729,1064212.05311729,0.0,0.0,211.1381445042789,212.10233275219798,1.0,1.0,0.0,0.0,1.0,0.0,0.0,0.0,1.0,0.0,0.0,0.0,1064212.05311729,0.0,0.0,HiGHS-MILP（通用 MILP 软件参照）,HiGHS (generic MILP),GENERIC_MILP_SOFTWARE_REFERENCE
test,quality,HiGHS-MILP,8,JR-DUAL-r008-R8-g0340,True,1,True,1.0,300.0,964674.094508257,964674.094508257,0.0,0.0,226.5260923616588,227.5218313895166,1.0,1.0,0.0,0.0,1.0,0.0,0.0,0.0,1.0,0.0,0.0,0.0,964674.094508257,0.0,0.0,HiGHS-MILP（通用 MILP 软件参照）,HiGHS (generic MILP),GENERIC_MILP_SOFTWARE_REFERENCE
test,quality,HiGHS-MILP,8,JR-DUAL-r008-R8-g0680,True,1,True,1.0,300.0,725058.74017615,725058.74017615,0.0,0.0,223.9015419818461,225.07530520483851,1.0,1.0,0.0,0.0,1.0,0.0,0.0,0.0,1.0,0.0,0.0,0.0,725058.74017615,0.0,0.0,HiGHS-MILP（通用 MILP 软件参照）,HiGHS (generic MILP),GENERIC_MILP_SOFTWARE_REFERENCE
test,quality,HiGHS-MILP,9,JR-DUAL-r009-R12-g0170,True,1,True,1.0,300.0,1303588.958822233,1372965.142629324,69376.18380709109,5.321937052134218,210.42596304789186,211.93455062806606,1.0,1.0,0.0,0.0,1.0,0.0,0.0,0.0,1.0,0.0,0.0,69376.18380709109,1372965.142629324,0.0,69376.18380709109,HiGHS-MILP（通用 MILP 软件参照）,HiGHS (generic MILP),GENERIC_MILP_SOFTWARE_REFERENCE
test,quality,HiGHS-MILP,9,JR-DUAL-r009-R12-g0340,True,1,True,0.0,300.0,1201896.359864861,null,null,null,300.2905866727233,301.7154915481806,0.0,0.0,1.0,0.0,0.0,1.0,0.0,0.0,null,0.0,0.0,0.0,1201896.359864861,0.0,0.0,HiGHS-MILP（通用 MILP 软件参照）,HiGHS (generic MILP),GENERIC_MILP_SOFTWARE_REFERENCE
test,quality,HiGHS-MILP,9,JR-DUAL-r009-R12-g0680,True,1,True,0.0,300.0,995328.900324943,null,null,null,301.37723956257105,303.0147892944515,0.0,0.0,1.0,0.0,0.0,1.0,0.0,0.0,null,0.0,0.0,0.0,995328.900324943,0.0,0.0,HiGHS-MILP（通用 MILP 软件参照）,HiGHS (generic MILP),GENERIC_MILP_SOFTWARE_REFERENCE
test,quality,HiGHS-MILP,9,JR-DUAL-r009-R8-g0170,True,1,True,1.0,300.0,1069460.8401523,1069460.8401523,0.0,0.0,226.67685458436608,227.58848230913281,1.0,1.0,0.0,0.0,1.0,0.0,0.0,0.0,1.0,0.0,0.0,0.0,1069460.8401523,0.0,0.0,HiGHS-MILP（通用 MILP 软件参照）,HiGHS (generic MILP),GENERIC_MILP_SOFTWARE_REFERENCE
test,quality,HiGHS-MILP,9,JR-DUAL-r009-R8-g0340,True,1,True,1.0,300.0,958942.247525348,958942.247525348,0.0,0.0,212.84336729720235,213.8800651282072,1.0,1.0,0.0,0.0,1.0,0.0,0.0,0.0,1.0,0.0,0.0,0.0,958942.247525348,0.0,0.0,HiGHS-MILP（通用 MILP 软件参照）,HiGHS (generic MILP),GENERIC_MILP_SOFTWARE_REFERENCE
test,quality,HiGHS-MILP,9,JR-DUAL-r009-R8-g0680,True,1,True,1.0,300.0,727027.842792866,727027.842792866,0.0,0.0,211.13000449165702,212.34441056847572,1.0,1.0,0.0,0.0,1.0,0.0,0.0,0.0,1.0,0.0,0.0,0.0,727027.842792866,0.0,0.0,HiGHS-MILP（通用 MILP 软件参照）,HiGHS (generic MILP),GENERIC_MILP_SOFTWARE_REFERENCE
test,quality,HiGHS-MILP,10,JR-DUAL-r010-R12-g0170,True,1,True,1.0,300.0,1304524.980145348,1376824.790257427,72299.8101120789,5.5422327063467485,210.34486371278763,211.84135288000107,1.0,1.0,0.0,0.0,1.0,0.0,0.0,0.0,1.0,0.0,0.0,72299.8101120789,1376824.790257427,0.0,72299.8101120789,HiGHS-MILP（通用 MILP 软件参照）,HiGHS (generic MILP),GENERIC_MILP_SOFTWARE_REFERENCE
test,quality,HiGHS-MILP,10,JR-DUAL-r010-R12-g0340,True,1,True,0.0,300.0,1204766.032426266,null,null,null,301.0711951702833,302.526524707675,0.0,0.0,1.0,0.0,0.0,1.0,0.0,0.0,null,0.0,0.0,0.0,1204766.032426266,0.0,0.0,HiGHS-MILP（通用 MILP 软件参照）,HiGHS (generic MILP),GENERIC_MILP_SOFTWARE_REFERENCE
test,quality,HiGHS-MILP,10,JR-DUAL-r010-R12-g0680,True,1,True,0.0,300.0,997301.877515741,null,null,null,301.09822404012084,302.90449814125896,0.0,0.0,1.0,0.0,0.0,1.0,0.0,0.0,null,0.0,0.0,0.0,997301.877515741,0.0,0.0,HiGHS-MILP（通用 MILP 软件参照）,HiGHS (generic MILP),GENERIC_MILP_SOFTWARE_REFERENCE
test,quality,HiGHS-MILP,10,JR-DUAL-r010-R8-g0170,True,1,True,1.0,300.0,1063723.76085508,1063723.76085508,0.0,0.0,213.33800699934363,214.21938965842128,1.0,1.0,0.0,0.0,1.0,0.0,0.0,0.0,1.0,0.0,0.0,0.0,1063723.76085508,0.0,0.0,HiGHS-MILP（通用 MILP 软件参照）,HiGHS (generic MILP),GENERIC_MILP_SOFTWARE_REFERENCE
test,quality,HiGHS-MILP,10,JR-DUAL-r010-R8-g0340,True,1,True,1.0,300.0,961329.66255596,961329.66255596,0.0,0.0,219.21259918808937,220.0991398729384,1.0,1.0,0.0,0.0,1.0,0.0,0.0,0.0,1.0,0.0,0.0,0.0,961329.66255596,0.0,0.0,HiGHS-MILP（通用 MILP 软件参照）,HiGHS (generic MILP),GENERIC_MILP_SOFTWARE_REFERENCE
test,quality,HiGHS-MILP,10,JR-DUAL-r010-R8-g0680,True,1,True,0.0,300.0,729720.170020981,null,null,null,300.1109615787864,301.18224148079753,0.0,0.0,1.0,0.0,0.0,1.0,0.0,0.0,null,0.0,0.0,0.0,729720.170020981,0.0,0.0,HiGHS-MILP（通用 MILP 软件参照）,HiGHS (generic MILP),GENERIC_MILP_SOFTWARE_REFERENCE
test,quality,HiGHS-MILP,11,JR-DUAL-r011-R12-g0170,True,1,True,1.0,300.0,1309710.108432145,1376421.448624581,66711.34019243601,5.093595885298328,210.30268877372146,211.80484702065587,1.0,1.0,0.0,0.0,1.0,0.0,0.0,0.0,1.0,0.0,0.0,66711.34019243601,1376421.448624581,0.0,66711.34019243601,HiGHS-MILP（通用 MILP 软件参照）,HiGHS (generic MILP),GENERIC_MILP_SOFTWARE_REFERENCE
test,quality,HiGHS-MILP,11,JR-DUAL-r011-R12-g0340,True,1,True,0.0,300.0,1207263.813126226,null,null,null,301.3545310795307,302.92284774780273,0.0,0.0,1.0,0.0,0.0,1.0,0.0,0.0,null,0.0,0.0,0.0,1207263.813126226,0.0,0.0,HiGHS-MILP（通用 MILP 软件参照）,HiGHS (generic MILP),GENERIC_MILP_SOFTWARE_REFERENCE
test,quality,HiGHS-MILP,11,JR-DUAL-r011-R12-g0680,True,1,True,0.0,300.0,996565.623874682,null,null,null,300.9990050494671,302.65702687576413,0.0,0.0,1.0,0.0,0.0,1.0,0.0,0.0,null,0.0,0.0,0.0,996565.623874682,0.0,0.0,HiGHS-MILP（通用 MILP 软件参照）,HiGHS (generic MILP),GENERIC_MILP_SOFTWARE_REFERENCE
test,quality,HiGHS-MILP,11,JR-DUAL-r011-R8-g0170,True,1,True,1.0,300.0,1065376.358638791,1065376.358638791,0.0,0.0,225.11366782337427,226.04111233726144,1.0,1.0,0.0,0.0,1.0,0.0,0.0,0.0,1.0,0.0,0.0,0.0,1065376.358638791,0.0,0.0,HiGHS-MILP（通用 MILP 软件参照）,HiGHS (generic MILP),GENERIC_MILP_SOFTWARE_REFERENCE
test,quality,HiGHS-MILP,11,JR-DUAL-r011-R8-g0340,True,1,True,1.0,300.0,961749.203495802,961749.203495802,0.0,0.0,211.0743243806064,211.98629638925195,1.0,1.0,0.0,0.0,1.0,0.0,0.0,0.0,1.0,0.0,0.0,0.0,961749.203495802,0.0,0.0,HiGHS-MILP（通用 MILP 软件参照）,HiGHS (generic MILP),GENERIC_MILP_SOFTWARE_REFERENCE
test,quality,HiGHS-MILP,11,JR-DUAL-r011-R8-g0680,True,1,True,1.0,300.0,730874.623950481,730874.623950481,0.0,0.0,234.80120200291276,235.868218742311,1.0,1.0,0.0,0.0,1.0,0.0,0.0,0.0,1.0,0.0,0.0,0.0,730874.623950481,0.0,0.0,HiGHS-MILP（通用 MILP 软件参照）,HiGHS (generic MILP),GENERIC_MILP_SOFTWARE_REFERENCE
