snapshot_id,state_kind,action_index,workpoint_ms,repeat,q_seconds,L_seconds,U_seconds,P1_recovery_seconds,snapshot_best_gain_seconds,recovery_value_seconds,q_plus_recovery_seconds,local_delta,beyond_snapshot_gain_seconds,beyond_snapshot_global_fraction,complete_conditional_return_seconds,failed,zero_extra_gain,earliest_verified_more_than_snapshot_gain_seconds
s-000,after_common_greedy_prefix,0,200,0,-9331.127018495,10136.170105224,19688.933269822,7473.5798095827,805.0430867290124,10793.685121098,1462.5581026029995,0.06486819075136953,657.5150158739871,0.0009085845421652019,0.21766488254070282,False,False,0.21766488254070282
s-000,after_common_greedy_prefix,0,200,1,-9331.127018495,10136.170105224,19688.933269822,7473.5798095827,805.0430867290124,10793.685121098,1462.5581026029995,0.06486819075136953,657.5150158739871,0.0009085845421652019,0.21795401349663734,False,False,0.21795401349663734
s-000,after_common_greedy_prefix,0,1000,0,-9331.127018495,10136.170105224,19688.933269822,7473.5798095827,805.0430867290124,10793.685121098,1462.5581026029995,0.06486819075136953,657.5150158739871,0.0009085845421652019,1.0167742036283016,False,False,1.0167742036283016
s-000,after_common_greedy_prefix,0,1000,1,-9331.127018495,10136.170105224,19688.933269822,7473.5798095827,805.0430867290124,10793.685121098,1462.5581026029995,0.06486819075136953,657.5150158739871,0.0009085845421652019,1.0182110853493214,False,False,1.0182110853493214
s-000,after_common_greedy_prefix,1,200,0,-35728.392121845,35728.392121845,62472.255980844,31458.214592348388,805.0430867290124,36527.812272348,799.4201505029996,0.02237492657874798,0.0,0.0,0.21828854456543922,False,False,
s-000,after_common_greedy_prefix,1,200,1,-35728.392121845,35728.392121845,62472.255980844,31458.214592348388,805.0430867290124,36527.812272348,799.4201505029996,0.02237492657874798,0.0,0.0,0.21790043264627457,False,False,
s-000,after_common_greedy_prefix,1,1000,0,-35728.392121845,35728.392121845,62472.255980844,31458.214592348388,805.0430867290124,36527.812272348,799.4201505029996,0.02237492657874798,0.0,0.0,1.0187343172729015,False,False,
s-000,after_common_greedy_prefix,1,1000,1,-35728.392121845,35728.392121845,62472.255980844,31458.214592348388,805.0430867290124,36527.812272348,799.4201505029996,0.02237492657874798,0.0,0.0,1.0186798311769962,False,False,
s-000,after_common_greedy_prefix,2,200,0,-0.1744706160000078,0.0,0.0,0.0,805.0430867290124,0.0,-0.1744706160000078,0.0,0.0,0.0,0.0035555697977542877,False,True,
s-000,after_common_greedy_prefix,2,200,1,-0.1744706160000078,0.0,0.0,0.0,805.0430867290124,0.0,-0.1744706160000078,0.0,0.0,0.0,0.003511488437652588,False,True,
s-000,after_common_greedy_prefix,2,1000,0,-0.1744706160000078,0.0,0.0,0.0,805.0430867290124,0.0,-0.1744706160000078,0.0,0.0,0.0,0.0035043805837631226,False,True,
s-000,after_common_greedy_prefix,2,1000,1,-0.1744706160000078,0.0,0.0,0.0,805.0430867290124,0.0,-0.1744706160000078,0.0,0.0,0.0,0.0035148896276950836,False,True,
s-000,after_common_greedy_prefix,3,200,0,-10223.278343671,10539.886615737,18239.614360432,7479.93133910186,805.0430867290124,11184.281689618,961.0033459469996,0.061138710251290564,155.9602592179872,0.00021551307163561193,0.21691740304231644,False,False,0.21691740304231644
s-000,after_common_greedy_prefix,3,200,1,-10223.278343671,10539.886615737,18239.614360432,7479.93133910186,805.0430867290124,11184.281689618,961.0033459469996,0.061138710251290564,155.9602592179872,0.00021551307163561193,0.21704011783003807,False,False,0.21704011783003807
s-000,after_common_greedy_prefix,3,1000,0,-10223.278343671,10539.886615737,18239.614360432,7479.93133910186,805.0430867290124,11184.281689618,961.0033459469996,0.061138710251290564,155.9602592179872,0.00021551307163561193,1.0169751420617104,False,False,1.0169751420617104
s-000,after_common_greedy_prefix,3,1000,1,-10223.278343671,10539.886615737,18239.614360432,7479.93133910186,805.0430867290124,11184.281689618,961.0033459469996,0.061138710251290564,155.9602592179872,0.00021551307163561193,1.0168116241693497,False,False,1.0168116241693497
s-000,after_common_greedy_prefix,4,200,0,-38138.907066574,38138.732595958,65693.945373015,34064.14240791717,805.0430867290124,39083.916799577,945.0097330029967,0.024782790074129816,139.96664627398422,0.00019341236040701948,0.2188751921057701,False,False,0.2188751921057701
s-000,after_common_greedy_prefix,4,200,1,-38138.907066574,38138.732595958,65693.945373015,34064.14240791717,805.0430867290124,39083.916799577,945.0097330029967,0.024782790074129816,139.96664627398422,0.00019341236040701948,0.21815256029367447,False,False,0.21815256029367447
s-000,after_common_greedy_prefix,4,1000,0,-38138.907066574,38138.732595958,65693.945373015,34064.14240791717,805.0430867290124,39083.916799577,945.0097330029967,0.024782790074129816,139.96664627398422,0.00019341236040701948,1.0185854472219944,False,False,1.0185854472219944
s-000,after_common_greedy_prefix,4,1000,1,-38138.907066574,38138.732595958,65693.945373015,34064.14240791717,805.0430867290124,39083.916799577,945.0097330029967,0.024782790074129816,139.96664627398422,0.00019341236040701948,1.0180444903671741,False,False,1.0180444903671741
s-000,after_common_greedy_prefix,5,200,0,-0.4236617770000066,396.673308065,396.673308065,396.673308065,805.0430867290124,396.673308065,396.249646288,0.0,0.0,0.0,0.2141774371266365,False,True,
s-000,after_common_greedy_prefix,5,200,1,-0.4236617770000066,396.673308065,396.673308065,396.673308065,805.0430867290124,396.673308065,396.249646288,0.0,0.0,0.0,0.21391744911670685,False,True,
s-000,after_common_greedy_prefix,5,1000,0,-0.4236617770000066,396.673308065,396.673308065,396.673308065,805.0430867290124,396.673308065,396.249646288,0.0,0.0,0.0,1.0138305835425854,False,True,
s-000,after_common_greedy_prefix,5,1000,1,-0.4236617770000066,396.673308065,396.673308065,396.673308065,805.0430867290124,396.673308065,396.249646288,0.0,0.0,0.0,1.0138991512358189,False,True,
s-000,after_common_greedy_prefix,6,200,0,-9470.750118661,10020.593100079,14607.920512797,7118.544781649118,805.0430867290124,10266.710294864,795.9601762029997,0.024561140476112086,0.0,0.0,0.21587510779500008,False,False,
s-000,after_common_greedy_prefix,6,200,1,-9470.750118661,10020.593100079,14607.920512797,7118.544781649118,805.0430867290124,10266.710294864,795.9601762029997,0.024561140476112086,0.0,0.0,0.21624557673931122,False,False,
s-000,after_common_greedy_prefix,6,1000,0,-9470.750118661,10020.593100079,14607.920512797,7118.544781649118,805.0430867290124,10266.710294864,795.9601762029997,0.024561140476112086,0.0,0.0,1.0157128237187862,False,False,
s-000,after_common_greedy_prefix,6,1000,1,-9470.750118661,10020.593100079,14607.920512797,7118.544781649118,805.0430867290124,10266.710294864,795.9601762029997,0.024561140476112086,0.0,0.0,1.016431886702776,False,False,
s-000,after_common_greedy_prefix,7,200,0,-38282.774204071,38282.350542294,66259.258854734,32115.902713296568,805.0430867290124,39111.606552264,828.8323481929983,0.021661575065873864,23.789261463985895,3.2873097516979506e-05,0.21855618432164192,False,False,0.21855618432164192
s-000,after_common_greedy_prefix,7,200,1,-38282.774204071,38282.350542294,66259.258854734,32115.902713296568,805.0430867290124,39111.606552264,828.8323481929983,0.021661575065873864,23.789261463985895,3.2873097516979506e-05,0.21845224127173424,False,False,0.21845224127173424
s-000,after_common_greedy_prefix,7,1000,0,-38282.774204071,38282.350542294,66259.258854734,32115.902713296568,805.0430867290124,39111.606552264,828.8323481929983,0.021661575065873864,23.789261463985895,3.2873097516979506e-05,1.0183120779693127,False,False,1.0183120779693127
s-000,after_common_greedy_prefix,7,1000,1,-38282.774204071,38282.350542294,66259.258854734,32115.902713296568,805.0430867290124,39111.606552264,828.8323481929983,0.021661575065873864,23.789261463985895,3.2873097516979506e-05,1.018907479941845,False,False,1.018907479941845
s-000,after_common_greedy_prefix,8,200,0,-1.6810899669999344,417.329057135,417.329057135,417.329057135,805.0430867290124,417.329057135,415.6479671680001,0.0,0.0,0.0,0.21396109834313393,False,True,
s-000,after_common_greedy_prefix,8,200,1,-1.6810899669999344,417.329057135,417.329057135,417.329057135,805.0430867290124,417.329057135,415.6479671680001,0.0,0.0,0.0,0.21411516889929771,False,True,
s-000,after_common_greedy_prefix,8,1000,0,-1.6810899669999344,417.329057135,417.329057135,417.329057135,805.0430867290124,417.329057135,415.6479671680001,0.0,0.0,0.0,1.0141851119697094,False,True,
s-000,after_common_greedy_prefix,8,1000,1,-1.6810899669999344,417.329057135,417.329057135,417.329057135,805.0430867290124,417.329057135,415.6479671680001,0.0,0.0,0.0,1.0147690102458,False,True,
s-000,after_common_greedy_prefix,9,200,0,-8330.248612071,9090.685046557,14332.500035274,6918.551397987899,805.0430867290124,9857.460546186001,1527.211934115001,0.08434738369023229,722.1688473859886,0.0009979261852993506,0.21840451657772064,False,False,0.21840451657772064
s-000,after_common_greedy_prefix,9,200,1,-8330.248612071,9090.685046557,14332.500035274,6918.551397987899,805.0430867290124,9857.460546186001,1527.211934115001,0.08434738369023229,722.1688473859886,0.0009979261852993506,0.21815311163663864,False,False,0.21815311163663864
s-000,after_common_greedy_prefix,9,1000,0,-8330.248612071,9090.685046557,14332.500035274,6918.551397987899,805.0430867290124,9857.460546186001,1527.211934115001,0.08434738369023229,722.1688473859886,0.0009979261852993506,1.0175125524401665,False,False,1.0175125524401665
s-000,after_common_greedy_prefix,9,1000,1,-8330.248612071,9090.685046557,14332.500035274,6918.551397987899,805.0430867290124,9857.460546186001,1527.211934115001,0.08434738369023229,722.1688473859886,0.0009979261852993506,1.0167639963328838,False,False,1.0167639963328838
s-000,after_common_greedy_prefix,10,200,0,-36470.927252458,37121.843931224,59430.31235912,29899.70291543049,805.0430867290124,38281.621792569,1810.6945401109988,0.031242463695869492,1005.6514533819864,0.0013896555109609184,0.22094522416591644,False,False,0.22094522416591644
s-000,after_common_greedy_prefix,10,200,1,-36470.927252458,37121.843931224,59430.31235912,29899.70291543049,805.0430867290124,38281.621792569,1810.6945401109988,0.031242463695869492,1005.6514533819864,0.0013896555109609184,0.21986804530024529,False,False,0.21986804530024529
s-000,after_common_greedy_prefix,10,1000,0,-36470.927252458,37121.843931224,59430.31235912,29899.70291543049,805.0430867290124,38281.621792569,1810.6945401109988,0.031242463695869492,1005.6514533819864,0.0013896555109609184,1.0196826346218586,False,False,1.0196826346218586
s-000,after_common_greedy_prefix,10,1000,1,-36470.927252458,37121.843931224,59430.31235912,29899.70291543049,805.0430867290124,38281.621792569,1810.6945401109988,0.031242463695869492,1005.6514533819864,0.0013896555109609184,1.0186555832624435,False,False,1.0186555832624435
s-000,after_common_greedy_prefix,0,50,0,-9331.127018495,10136.170105224,19688.933269822,7473.5798095827,805.0430867290124,10793.685121098,1462.5581026029995,0.06486819075136953,657.5150158739871,0.0009085845421652019,0.06966663151979446,False,False,0.06966663151979446
s-000,after_common_greedy_prefix,0,50,1,-9331.127018495,10136.170105224,19688.933269822,7473.5798095827,805.0430867290124,10793.685121098,1462.5581026029995,0.06486819075136953,657.5150158739871,0.0009085845421652019,0.06840460002422333,False,False,0.06840460002422333
s-000,after_common_greedy_prefix,1,50,0,-35728.392121845,35728.392121845,62472.255980844,31458.214592348388,805.0430867290124,36527.812272348,799.4201505029996,0.02237492657874798,0.0,0.0,0.07078131660819054,False,False,
s-000,after_common_greedy_prefix,1,50,1,-35728.392121845,35728.392121845,62472.255980844,31458.214592348388,805.0430867290124,36527.812272348,799.4201505029996,0.02237492657874798,0.0,0.0,0.07117938995361328,False,False,
s-000,after_common_greedy_prefix,2,50,0,-0.1744706160000078,0.0,0.0,0.0,805.0430867290124,0.0,-0.1744706160000078,0.0,0.0,0.0,0.0036643221974372864,False,True,
s-000,after_common_greedy_prefix,2,50,1,-0.1744706160000078,0.0,0.0,0.0,805.0430867290124,0.0,-0.1744706160000078,0.0,0.0,0.0,0.0035721659660339355,False,True,
s-000,after_common_greedy_prefix,3,50,0,-10223.278343671,10539.886615737,18239.614360432,7479.93133910186,805.0430867290124,11184.281689618,961.0033459469996,0.061138710251290564,155.9602592179872,0.00021551307163561193,0.06796716526150703,False,False,0.06796716526150703
s-000,after_common_greedy_prefix,3,50,1,-10223.278343671,10539.886615737,18239.614360432,7479.93133910186,805.0430867290124,11184.281689618,961.0033459469996,0.061138710251290564,155.9602592179872,0.00021551307163561193,0.06977730989456177,False,False,0.06977730989456177
s-000,after_common_greedy_prefix,4,50,0,-38138.907066574,38138.732595958,65693.945373015,34064.14240791717,805.0430867290124,39083.916799577,945.0097330029967,0.024782790074129816,139.96664627398422,0.00019341236040701948,0.07247757539153099,False,False,0.07247757539153099
s-000,after_common_greedy_prefix,4,50,1,-38138.907066574,38138.732595958,65693.945373015,34064.14240791717,805.0430867290124,39083.916799577,945.0097330029967,0.024782790074129816,139.96664627398422,0.00019341236040701948,0.06997096166014671,False,False,0.06997096166014671
s-000,after_common_greedy_prefix,5,50,0,-0.4236617770000066,396.673308065,396.673308065,396.673308065,805.0430867290124,396.673308065,396.249646288,0.0,0.0,0.0,0.06581343710422516,False,True,
s-000,after_common_greedy_prefix,5,50,1,-0.4236617770000066,396.673308065,396.673308065,396.673308065,805.0430867290124,396.673308065,396.249646288,0.0,0.0,0.0,0.06525463983416557,False,True,
s-000,after_common_greedy_prefix,6,50,0,-9470.750118661,10020.593100079,14607.920512797,7118.544781649118,805.0430867290124,10266.710294864,795.9601762029997,0.024561140476112086,0.0,0.0,0.06907228752970695,False,False,
s-000,after_common_greedy_prefix,6,50,1,-9470.750118661,10020.593100079,14607.920512797,7118.544781649118,805.0430867290124,10266.710294864,795.9601762029997,0.024561140476112086,0.0,0.0,0.06858478859066963,False,False,
s-000,after_common_greedy_prefix,7,50,0,-38282.774204071,38282.350542294,66259.258854734,32115.902713296568,805.0430867290124,39111.606552264,828.8323481929983,0.021661575065873864,23.789261463985895,3.2873097516979506e-05,0.06965797767043114,False,False,0.06965797767043114
s-000,after_common_greedy_prefix,7,50,1,-38282.774204071,38282.350542294,66259.258854734,32115.902713296568,805.0430867290124,39111.606552264,828.8323481929983,0.021661575065873864,23.789261463985895,3.2873097516979506e-05,0.07003648579120636,False,False,0.07003648579120636
s-000,after_common_greedy_prefix,8,50,0,-1.6810899669999344,417.329057135,417.329057135,417.329057135,805.0430867290124,417.329057135,415.6479671680001,0.0,0.0,0.0,0.06578589603304863,False,True,
s-000,after_common_greedy_prefix,8,50,1,-1.6810899669999344,417.329057135,417.329057135,417.329057135,805.0430867290124,417.329057135,415.6479671680001,0.0,0.0,0.0,0.06672263517975807,False,True,
s-000,after_common_greedy_prefix,9,50,0,-8330.248612071,9090.685046557,14332.500035274,6918.551397987899,805.0430867290124,9857.460546186001,1527.211934115001,0.08434738369023229,722.1688473859886,0.0009979261852993506,0.06895269826054573,False,False,0.06895269826054573
s-000,after_common_greedy_prefix,9,50,1,-8330.248612071,9090.685046557,14332.500035274,6918.551397987899,805.0430867290124,9857.460546186001,1527.211934115001,0.08434738369023229,722.1688473859886,0.0009979261852993506,0.06716702878475189,False,False,0.06716702878475189
s-000,after_common_greedy_prefix,10,50,0,-36470.927252458,37121.843931224,59430.31235912,29899.70291543049,805.0430867290124,38281.621792569,1810.6945401109988,0.031242463695869492,1005.6514533819864,0.0013896555109609184,0.07045542076230049,False,False,0.07045542076230049
s-000,after_common_greedy_prefix,10,50,1,-36470.927252458,37121.843931224,59430.31235912,29899.70291543049,805.0430867290124,38281.621792569,1810.6945401109988,0.031242463695869492,1005.6514533819864,0.0013896555109609184,0.07174879312515259,False,False,0.07174879312515259
s-000,after_common_greedy_prefix,0,10,0,-9331.127018495,10136.170105224,19688.933269822,7473.5798095827,805.0430867290124,10793.685121098,1462.5581026029995,0.06486819075136953,657.5150158739871,0.0009085845421652019,0.031334154307842255,False,False,0.031334154307842255
s-000,after_common_greedy_prefix,0,10,1,-9331.127018495,10136.170105224,19688.933269822,7473.5798095827,805.0430867290124,10793.685121098,1462.5581026029995,0.06486819075136953,657.5150158739871,0.0009085845421652019,0.028588391840457916,False,False,0.028588391840457916
s-000,after_common_greedy_prefix,1,10,0,-35728.392121845,35728.392121845,62472.255980844,31458.214592348388,805.0430867290124,36527.812272348,799.4201505029996,0.02237492657874798,0.0,0.0,0.030951742082834244,False,False,
s-000,after_common_greedy_prefix,1,10,1,-35728.392121845,35728.392121845,62472.255980844,31458.214592348388,805.0430867290124,36527.812272348,799.4201505029996,0.02237492657874798,0.0,0.0,0.031187232583761215,False,False,
s-000,after_common_greedy_prefix,2,10,0,-0.1744706160000078,0.0,0.0,0.0,805.0430867290124,0.0,-0.1744706160000078,0.0,0.0,0.0,0.0035270974040031433,False,True,
s-000,after_common_greedy_prefix,2,10,1,-0.1744706160000078,0.0,0.0,0.0,805.0430867290124,0.0,-0.1744706160000078,0.0,0.0,0.0,0.003449495881795883,False,True,
s-000,after_common_greedy_prefix,3,10,0,-10223.278343671,10539.886615737,18239.614360432,7479.93133910186,805.0430867290124,11184.281689618,961.0033459469996,0.061138710251290564,155.9602592179872,0.00021551307163561193,0.02785515785217285,False,False,0.02785515785217285
s-000,after_common_greedy_prefix,3,10,1,-10223.278343671,10539.886615737,18239.614360432,7479.93133910186,805.0430867290124,11184.281689618,961.0033459469996,0.061138710251290564,155.9602592179872,0.00021551307163561193,0.029333770275115967,False,False,0.029333770275115967
s-000,after_common_greedy_prefix,4,10,0,-38138.907066574,38138.732595958,65693.945373015,34064.14240791717,805.0430867290124,38960.866053681,821.9589871069984,0.02155639167228467,16.915900377985963,2.3375170496775568e-05,0.03126390278339386,False,False,0.03126390278339386
s-000,after_common_greedy_prefix,4,10,1,-38138.907066574,38138.732595958,65693.945373015,34064.14240791717,805.0430867290124,38960.866053681,821.9589871069984,0.02155639167228467,16.915900377985963,2.3375170496775568e-05,0.03081781417131424,False,False,0.03081781417131424
s-000,after_common_greedy_prefix,5,10,0,-0.4236617770000066,396.673308065,396.673308065,396.673308065,805.0430867290124,396.673308065,396.249646288,0.0,0.0,0.0,0.0270112045109272,False,True,
s-000,after_common_greedy_prefix,5,10,1,-0.4236617770000066,396.673308065,396.673308065,396.673308065,805.0430867290124,396.673308065,396.249646288,0.0,0.0,0.0,0.02560187131166458,False,True,
s-000,after_common_greedy_prefix,6,10,0,-9470.750118661,10020.593100079,14607.920512797,7118.544781649118,805.0430867290124,10266.710294864,795.9601762029997,0.024561140476112086,0.0,0.0,0.02836344763636589,False,False,
s-000,after_common_greedy_prefix,6,10,1,-9470.750118661,10020.593100079,14607.920512797,7118.544781649118,805.0430867290124,10266.710294864,795.9601762029997,0.024561140476112086,0.0,0.0,0.02928651124238968,False,False,
s-000,after_common_greedy_prefix,7,10,0,-38282.774204071,38282.350542294,66259.258854734,32115.902713296568,805.0430867290124,39111.606552264,828.8323481929983,0.021661575065873864,23.789261463985895,3.2873097516979506e-05,0.030108343809843063,False,False,0.030108343809843063
s-000,after_common_greedy_prefix,7,10,1,-38282.774204071,38282.350542294,66259.258854734,32115.902713296568,805.0430867290124,39111.606552264,828.8323481929983,0.021661575065873864,23.789261463985895,3.2873097516979506e-05,0.031317971646785736,False,False,0.031317971646785736
s-000,after_common_greedy_prefix,8,10,0,-1.6810899669999344,417.329057135,417.329057135,417.329057135,805.0430867290124,417.329057135,415.6479671680001,0.0,0.0,0.0,0.025933243334293365,False,True,
s-000,after_common_greedy_prefix,8,10,1,-1.6810899669999344,417.329057135,417.329057135,417.329057135,805.0430867290124,417.329057135,415.6479671680001,0.0,0.0,0.0,0.025253716856241226,False,True,
s-000,after_common_greedy_prefix,9,10,0,-8330.248612071,9090.685046557,14332.500035274,6918.551397987899,805.0430867290124,9857.460546186001,1527.211934115001,0.08434738369023229,722.1688473859886,0.0009979261852993506,0.02843688800930977,False,False,0.02843688800930977
s-000,after_common_greedy_prefix,9,10,1,-8330.248612071,9090.685046557,14332.500035274,6918.551397987899,805.0430867290124,9857.460546186001,1527.211934115001,0.08434738369023229,722.1688473859886,0.0009979261852993506,0.027416668832302094,False,False,0.027416668832302094
s-000,after_common_greedy_prefix,10,10,0,-36470.927252458,37121.843931224,59430.31235912,29899.70291543049,805.0430867290124,38281.621792569,1810.6945401109988,0.031242463695869492,1005.6514533819864,0.0013896555109609184,0.029141221195459366,False,False,0.029141221195459366
s-000,after_common_greedy_prefix,10,10,1,-36470.927252458,37121.843931224,59430.31235912,29899.70291543049,805.0430867290124,38281.621792569,1810.6945401109988,0.031242463695869492,1005.6514533819864,0.0013896555109609184,0.030536383390426636,False,False,0.030536383390426636
s-001,after_one_actual_history_call,0,200,0,-9331.127018495,10793.685121098,19688.933269822,7473.5798095827,1462.558102602954,10793.685121098,1462.5581026029995,0.0,4.547473508864641e-11,6.283908407123006e-17,0.002837352454662323,False,True,
s-001,after_one_actual_history_call,0,200,1,-9331.127018495,10793.685121098,19688.933269822,7473.5798095827,1462.558102602954,10793.685121098,1462.5581026029995,0.0,4.547473508864641e-11,6.283908407123006e-17,0.002473272383213043,False,True,
s-001,after_one_actual_history_call,0,1000,0,-9331.127018495,10793.685121098,19688.933269822,7473.5798095827,1462.558102602954,10793.685121098,1462.5581026029995,0.0,4.547473508864641e-11,6.283908407123006e-17,1.019460741430521,False,True,
s-001,after_one_actual_history_call,0,1000,1,-9331.127018495,10793.685121098,19688.933269822,7473.5798095827,1462.558102602954,10793.685121098,1462.5581026029995,0.0,4.547473508864641e-11,6.283908407123006e-17,1.0185307823121548,False,True,
s-001,after_one_actual_history_call,1,200,0,-35728.392121845,35728.392121845,62472.255980844,31458.214592348388,1462.558102602954,36527.812272348,799.4201505029996,0.02237492657874798,0.0,0.0,0.21933433413505554,False,False,
s-001,after_one_actual_history_call,1,200,1,-35728.392121845,35728.392121845,62472.255980844,31458.214592348388,1462.558102602954,36527.812272348,799.4201505029996,0.02237492657874798,0.0,0.0,0.21935762465000153,False,False,
s-001,after_one_actual_history_call,1,1000,0,-35728.392121845,35728.392121845,62472.255980844,31458.214592348388,1462.558102602954,36527.812272348,799.4201505029996,0.02237492657874798,0.0,0.0,1.0200165361166,False,False,
s-001,after_one_actual_history_call,1,1000,1,-35728.392121845,35728.392121845,62472.255980844,31458.214592348388,1462.558102602954,36527.812272348,799.4201505029996,0.02237492657874798,0.0,0.0,1.0188323557376862,False,False,
s-001,after_one_actual_history_call,2,200,0,-0.1744706160000078,0.0,0.0,0.0,1462.558102602954,0.0,-0.1744706160000078,0.0,0.0,0.0,0.0035732872784137726,False,True,
s-001,after_one_actual_history_call,2,200,1,-0.1744706160000078,0.0,0.0,0.0,1462.558102602954,0.0,-0.1744706160000078,0.0,0.0,0.0,0.0035134218633174896,False,True,
s-001,after_one_actual_history_call,2,1000,0,-0.1744706160000078,0.0,0.0,0.0,1462.558102602954,0.0,-0.1744706160000078,0.0,0.0,0.0,0.0035027489066123962,False,True,
s-001,after_one_actual_history_call,2,1000,1,-0.1744706160000078,0.0,0.0,0.0,1462.558102602954,0.0,-0.1744706160000078,0.0,0.0,0.0,0.0034988820552825928,False,True,
s-001,after_one_actual_history_call,3,200,0,-10223.278343671,10539.886615737,18239.614360432,7479.93133910186,1462.558102602954,11184.281689618,961.0033459469996,0.061138710251290564,0.0,0.0,0.21720104664564133,False,False,
s-001,after_one_actual_history_call,3,200,1,-10223.278343671,10539.886615737,18239.614360432,7479.93133910186,1462.558102602954,11184.281689618,961.0033459469996,0.061138710251290564,0.0,0.0,0.21786939725279808,False,False,
s-001,after_one_actual_history_call,3,1000,0,-10223.278343671,10539.886615737,18239.614360432,7479.93133910186,1462.558102602954,11184.281689618,961.0033459469996,0.061138710251290564,0.0,0.0,1.0178476832807064,False,False,
s-001,after_one_actual_history_call,3,1000,1,-10223.278343671,10539.886615737,18239.614360432,7479.93133910186,1462.558102602954,11184.281689618,961.0033459469996,0.061138710251290564,0.0,0.0,1.0184632986783981,False,False,
s-001,after_one_actual_history_call,4,200,0,-38138.907066574,38138.732595958,65693.945373015,34064.14240791717,1462.558102602954,39083.916799577,945.0097330029967,0.024782790074129816,0.0,0.0,0.2198268473148346,False,False,
s-001,after_one_actual_history_call,4,200,1,-38138.907066574,38138.732595958,65693.945373015,34064.14240791717,1462.558102602954,39083.916799577,945.0097330029967,0.024782790074129816,0.0,0.0,0.2204235903918743,False,False,
s-001,after_one_actual_history_call,4,1000,0,-38138.907066574,38138.732595958,65693.945373015,34064.14240791717,1462.558102602954,39083.916799577,945.0097330029967,0.024782790074129816,0.0,0.0,1.0199101828038692,False,False,
s-001,after_one_actual_history_call,4,1000,1,-38138.907066574,38138.732595958,65693.945373015,34064.14240791717,1462.558102602954,39083.916799577,945.0097330029967,0.024782790074129816,0.0,0.0,1.0195051245391369,False,False,
s-001,after_one_actual_history_call,5,200,0,-0.4236617770000066,396.673308065,396.673308065,396.673308065,1462.558102602954,396.673308065,396.249646288,0.0,0.0,0.0,0.21493365243077278,False,True,
s-001,after_one_actual_history_call,5,200,1,-0.4236617770000066,396.673308065,396.673308065,396.673308065,1462.558102602954,396.673308065,396.249646288,0.0,0.0,0.0,0.2156756967306137,False,True,
s-001,after_one_actual_history_call,5,1000,0,-0.4236617770000066,396.673308065,396.673308065,396.673308065,1462.558102602954,396.673308065,396.249646288,0.0,0.0,0.0,1.0153492242097855,False,True,
s-001,after_one_actual_history_call,5,1000,1,-0.4236617770000066,396.673308065,396.673308065,396.673308065,1462.558102602954,396.673308065,396.249646288,0.0,0.0,0.0,1.0151834040880203,False,True,
s-001,after_one_actual_history_call,6,200,0,-9470.750118661,10020.593100079,14607.920512797,7118.544781649118,1462.558102602954,10266.710294864,795.9601762029997,0.024561140476112086,0.0,0.0,0.21680085361003876,False,False,
s-001,after_one_actual_history_call,6,200,1,-9470.750118661,10020.593100079,14607.920512797,7118.544781649118,1462.558102602954,10266.710294864,795.9601762029997,0.024561140476112086,0.0,0.0,0.21684084832668304,False,False,
s-001,after_one_actual_history_call,6,1000,0,-9470.750118661,10020.593100079,14607.920512797,7118.544781649118,1462.558102602954,10266.710294864,795.9601762029997,0.024561140476112086,0.0,0.0,1.017748635262251,False,False,
s-001,after_one_actual_history_call,6,1000,1,-9470.750118661,10020.593100079,14607.920512797,7118.544781649118,1462.558102602954,10266.710294864,795.9601762029997,0.024561140476112086,0.0,0.0,1.0163060873746872,False,False,
s-001,after_one_actual_history_call,7,200,0,-38282.774204071,38282.350542294,66259.258854734,32115.902713296568,1462.558102602954,39111.606552264,828.8323481929983,0.021661575065873864,0.0,0.0,0.2198367491364479,False,False,
s-001,after_one_actual_history_call,7,200,1,-38282.774204071,38282.350542294,66259.258854734,32115.902713296568,1462.558102602954,39111.606552264,828.8323481929983,0.021661575065873864,0.0,0.0,0.21986782178282738,False,False,
s-001,after_one_actual_history_call,7,1000,0,-38282.774204071,38282.350542294,66259.258854734,32115.902713296568,1462.558102602954,39111.606552264,828.8323481929983,0.021661575065873864,0.0,0.0,1.0194516628980637,False,False,
s-001,after_one_actual_history_call,7,1000,1,-38282.774204071,38282.350542294,66259.258854734,32115.902713296568,1462.558102602954,39111.606552264,828.8323481929983,0.021661575065873864,0.0,0.0,1.0190243273973465,False,False,
s-001,after_one_actual_history_call,8,200,0,-1.6810899669999344,417.329057135,417.329057135,417.329057135,1462.558102602954,417.329057135,415.6479671680001,0.0,0.0,0.0,0.2149726189672947,False,True,
s-001,after_one_actual_history_call,8,200,1,-1.6810899669999344,417.329057135,417.329057135,417.329057135,1462.558102602954,417.329057135,415.6479671680001,0.0,0.0,0.0,0.2149963676929474,False,True,
s-001,after_one_actual_history_call,8,1000,0,-1.6810899669999344,417.329057135,417.329057135,417.329057135,1462.558102602954,417.329057135,415.6479671680001,0.0,0.0,0.0,1.0150671675801277,False,True,
s-001,after_one_actual_history_call,8,1000,1,-1.6810899669999344,417.329057135,417.329057135,417.329057135,1462.558102602954,417.329057135,415.6479671680001,0.0,0.0,0.0,1.0152029991149902,False,True,
s-001,after_one_actual_history_call,9,200,0,-8330.248612071,9090.685046557,14332.500035274,6918.551397987899,1462.558102602954,9857.460546186001,1527.211934115001,0.08434738369023229,64.65383151204696,8.93416431342117e-05,0.21788028627634048,False,False,0.21788028627634048
s-001,after_one_actual_history_call,9,200,1,-8330.248612071,9090.685046557,14332.500035274,6918.551397987899,1462.558102602954,9857.460546186001,1527.211934115001,0.08434738369023229,64.65383151204696,8.93416431342117e-05,0.21770355105400085,False,False,0.21770355105400085
s-001,after_one_actual_history_call,9,1000,0,-8330.248612071,9090.685046557,14332.500035274,6918.551397987899,1462.558102602954,9857.460546186001,1527.211934115001,0.08434738369023229,64.65383151204696,8.93416431342117e-05,1.0174550376832485,False,False,1.0174550376832485
s-001,after_one_actual_history_call,9,1000,1,-8330.248612071,9090.685046557,14332.500035274,6918.551397987899,1462.558102602954,9857.460546186001,1527.211934115001,0.08434738369023229,64.65383151204696,8.93416431342117e-05,1.017336416989565,False,False,1.017336416989565
s-001,after_one_actual_history_call,10,200,0,-36470.927252458,37121.843931224,59430.31235912,29899.70291543049,1462.558102602954,38281.621792569,1810.6945401109988,0.031242463695869492,348.13643750804476,0.00048107096879577944,0.2211443893611431,False,False,0.2211443893611431
s-001,after_one_actual_history_call,10,200,1,-36470.927252458,37121.843931224,59430.31235912,29899.70291543049,1462.558102602954,38281.621792569,1810.6945401109988,0.031242463695869492,348.13643750804476,0.00048107096879577944,0.21970921754837036,False,False,0.21970921754837036
s-001,after_one_actual_history_call,10,1000,0,-36470.927252458,37121.843931224,59430.31235912,29899.70291543049,1462.558102602954,38281.621792569,1810.6945401109988,0.031242463695869492,348.13643750804476,0.00048107096879577944,1.0191371031105518,False,False,1.0191371031105518
s-001,after_one_actual_history_call,10,1000,1,-36470.927252458,37121.843931224,59430.31235912,29899.70291543049,1462.558102602954,38281.621792569,1810.6945401109988,0.031242463695869492,348.13643750804476,0.00048107096879577944,1.0201307386159897,False,False,1.0201307386159897
s-001,after_one_actual_history_call,0,50,0,-9331.127018495,10793.685121098,19688.933269822,7473.5798095827,1462.558102602954,10793.685121098,1462.5581026029995,0.0,4.547473508864641e-11,6.283908407123006e-17,0.06981761008501053,False,True,
s-001,after_one_actual_history_call,0,50,1,-9331.127018495,10793.685121098,19688.933269822,7473.5798095827,1462.558102602954,10793.685121098,1462.5581026029995,0.0,4.547473508864641e-11,6.283908407123006e-17,0.06824637949466705,False,True,
s-001,after_one_actual_history_call,1,50,0,-35728.392121845,35728.392121845,62472.255980844,31458.214592348388,1462.558102602954,36527.812272348,799.4201505029996,0.02237492657874798,0.0,0.0,0.07162133231759071,False,False,
s-001,after_one_actual_history_call,1,50,1,-35728.392121845,35728.392121845,62472.255980844,31458.214592348388,1462.558102602954,36527.812272348,799.4201505029996,0.02237492657874798,0.0,0.0,0.0703621506690979,False,False,
s-001,after_one_actual_history_call,2,50,0,-0.1744706160000078,0.0,0.0,0.0,1462.558102602954,0.0,-0.1744706160000078,0.0,0.0,0.0,0.0035305432975292206,False,True,
s-001,after_one_actual_history_call,2,50,1,-0.1744706160000078,0.0,0.0,0.0,1462.558102602954,0.0,-0.1744706160000078,0.0,0.0,0.0,0.0034810490906238556,False,True,
s-001,after_one_actual_history_call,3,50,0,-10223.278343671,10539.886615737,18239.614360432,7479.93133910186,1462.558102602954,11184.281689618,961.0033459469996,0.061138710251290564,0.0,0.0,0.06953159719705582,False,False,
s-001,after_one_actual_history_call,3,50,1,-10223.278343671,10539.886615737,18239.614360432,7479.93133910186,1462.558102602954,11184.281689618,961.0033459469996,0.061138710251290564,0.0,0.0,0.06880387291312218,False,False,
s-001,after_one_actual_history_call,4,50,0,-38138.907066574,38138.732595958,65693.945373015,34064.14240791717,1462.558102602954,39083.916799577,945.0097330029967,0.024782790074129816,0.0,0.0,0.070738285779953,False,False,
s-001,after_one_actual_history_call,4,50,1,-38138.907066574,38138.732595958,65693.945373015,34064.14240791717,1462.558102602954,39083.916799577,945.0097330029967,0.024782790074129816,0.0,0.0,0.07089656591415405,False,False,
s-001,after_one_actual_history_call,5,50,0,-0.4236617770000066,396.673308065,396.673308065,396.673308065,1462.558102602954,396.673308065,396.249646288,0.0,0.0,0.0,0.06576725468039513,False,True,
s-001,after_one_actual_history_call,5,50,1,-0.4236617770000066,396.673308065,396.673308065,396.673308065,1462.558102602954,396.673308065,396.249646288,0.0,0.0,0.0,0.06635075062513351,False,True,
s-001,after_one_actual_history_call,6,50,0,-9470.750118661,10020.593100079,14607.920512797,7118.544781649118,1462.558102602954,10266.710294864,795.9601762029997,0.024561140476112086,0.0,0.0,0.06764601171016693,False,False,
s-001,after_one_actual_history_call,6,50,1,-9470.750118661,10020.593100079,14607.920512797,7118.544781649118,1462.558102602954,10266.710294864,795.9601762029997,0.024561140476112086,0.0,0.0,0.06752827018499374,False,False,
s-001,after_one_actual_history_call,7,50,0,-38282.774204071,38282.350542294,66259.258854734,32115.902713296568,1462.558102602954,39111.606552264,828.8323481929983,0.021661575065873864,0.0,0.0,0.07086961716413498,False,False,
s-001,after_one_actual_history_call,7,50,1,-38282.774204071,38282.350542294,66259.258854734,32115.902713296568,1462.558102602954,39111.606552264,828.8323481929983,0.021661575065873864,0.0,0.0,0.06979157403111458,False,False,
s-001,after_one_actual_history_call,8,50,0,-1.6810899669999344,417.329057135,417.329057135,417.329057135,1462.558102602954,417.329057135,415.6479671680001,0.0,0.0,0.0,0.06585156545042992,False,True,
s-001,after_one_actual_history_call,8,50,1,-1.6810899669999344,417.329057135,417.329057135,417.329057135,1462.558102602954,417.329057135,415.6479671680001,0.0,0.0,0.0,0.06549911573529243,False,True,
s-001,after_one_actual_history_call,9,50,0,-8330.248612071,9090.685046557,14332.500035274,6918.551397987899,1462.558102602954,9857.460546186001,1527.211934115001,0.08434738369023229,64.65383151204696,8.93416431342117e-05,0.06790067628026009,False,False,0.06790067628026009
s-001,after_one_actual_history_call,9,50,1,-8330.248612071,9090.685046557,14332.500035274,6918.551397987899,1462.558102602954,9857.460546186001,1527.211934115001,0.08434738369023229,64.65383151204696,8.93416431342117e-05,0.06837128102779388,False,False,0.06837128102779388
s-001,after_one_actual_history_call,10,50,0,-36470.927252458,37121.843931224,59430.31235912,29899.70291543049,1462.558102602954,38281.621792569,1810.6945401109988,0.031242463695869492,348.13643750804476,0.00048107096879577944,0.0707755759358406,False,False,0.0707755759358406
s-001,after_one_actual_history_call,10,50,1,-36470.927252458,37121.843931224,59430.31235912,29899.70291543049,1462.558102602954,38281.621792569,1810.6945401109988,0.031242463695869492,348.13643750804476,0.00048107096879577944,0.07036331295967102,False,False,0.07036331295967102
s-001,after_one_actual_history_call,0,10,0,-9331.127018495,10793.685121098,19688.933269822,7473.5798095827,1462.558102602954,10793.685121098,1462.5581026029995,0.0,4.547473508864641e-11,6.283908407123006e-17,0.03123835101723671,False,True,
s-001,after_one_actual_history_call,0,10,1,-9331.127018495,10793.685121098,19688.933269822,7473.5798095827,1462.558102602954,10793.685121098,1462.5581026029995,0.0,4.547473508864641e-11,6.283908407123006e-17,0.030221104621887207,False,True,
s-001,after_one_actual_history_call,1,10,0,-35728.392121845,35728.392121845,62472.255980844,31458.214592348388,1462.558102602954,36527.812272348,799.4201505029996,0.02237492657874798,0.0,0.0,0.03348321095108986,False,False,
s-001,after_one_actual_history_call,1,10,1,-35728.392121845,35728.392121845,62472.255980844,31458.214592348388,1462.558102602954,36527.812272348,799.4201505029996,0.02237492657874798,0.0,0.0,0.03188063204288483,False,False,
s-001,after_one_actual_history_call,2,10,0,-0.1744706160000078,0.0,0.0,0.0,1462.558102602954,0.0,-0.1744706160000078,0.0,0.0,0.0,0.0036427266895771027,False,True,
s-001,after_one_actual_history_call,2,10,1,-0.1744706160000078,0.0,0.0,0.0,1462.558102602954,0.0,-0.1744706160000078,0.0,0.0,0.0,0.003516238182783127,False,True,
s-001,after_one_actual_history_call,3,10,0,-10223.278343671,10539.886615737,18239.614360432,7479.93133910186,1462.558102602954,11184.281689618,961.0033459469996,0.061138710251290564,0.0,0.0,0.02862761914730072,False,False,
s-001,after_one_actual_history_call,3,10,1,-10223.278343671,10539.886615737,18239.614360432,7479.93133910186,1462.558102602954,11184.281689618,961.0033459469996,0.061138710251290564,0.0,0.0,0.030127517879009247,False,False,
s-001,after_one_actual_history_call,4,10,0,-38138.907066574,38138.732595958,65693.945373015,34064.14240791717,1462.558102602954,38960.866053681,821.9589871069984,0.02155639167228467,0.0,0.0,0.0320882685482502,False,False,
s-001,after_one_actual_history_call,4,10,1,-38138.907066574,38138.732595958,65693.945373015,34064.14240791717,1462.558102602954,38960.866053681,821.9589871069984,0.02155639167228467,0.0,0.0,0.032571941614151,False,False,
s-001,after_one_actual_history_call,5,10,0,-0.4236617770000066,396.673308065,396.673308065,396.673308065,1462.558102602954,396.673308065,396.249646288,0.0,0.0,0.0,0.026936031877994537,False,True,
s-001,after_one_actual_history_call,5,10,1,-0.4236617770000066,396.673308065,396.673308065,396.673308065,1462.558102602954,396.673308065,396.249646288,0.0,0.0,0.0,0.026323538273572922,False,True,
s-001,after_one_actual_history_call,6,10,0,-9470.750118661,10020.593100079,14607.920512797,7118.544781649118,1462.558102602954,10266.710294864,795.9601762029997,0.024561140476112086,0.0,0.0,0.028954394161701202,False,False,
s-001,after_one_actual_history_call,6,10,1,-9470.750118661,10020.593100079,14607.920512797,7118.544781649118,1462.558102602954,10266.710294864,795.9601762029997,0.024561140476112086,0.0,0.0,0.028771594166755676,False,False,
s-001,after_one_actual_history_call,7,10,0,-38282.774204071,38282.350542294,66259.258854734,32115.902713296568,1462.558102602954,39111.606552264,828.8323481929983,0.021661575065873864,0.0,0.0,0.03036794811487198,False,False,
s-001,after_one_actual_history_call,7,10,1,-38282.774204071,38282.350542294,66259.258854734,32115.902713296568,1462.558102602954,39111.606552264,828.8323481929983,0.021661575065873864,0.0,0.0,0.031786952167749405,False,False,
s-001,after_one_actual_history_call,8,10,0,-1.6810899669999344,417.329057135,417.329057135,417.329057135,1462.558102602954,417.329057135,415.6479671680001,0.0,0.0,0.0,0.02643270418047905,False,True,
s-001,after_one_actual_history_call,8,10,1,-1.6810899669999344,417.329057135,417.329057135,417.329057135,1462.558102602954,417.329057135,415.6479671680001,0.0,0.0,0.0,0.025634609162807465,False,True,
s-001,after_one_actual_history_call,9,10,0,-8330.248612071,9090.685046557,14332.500035274,6918.551397987899,1462.558102602954,9857.460546186001,1527.211934115001,0.08434738369023229,64.65383151204696,8.93416431342117e-05,0.028577297925949097,False,False,0.028577297925949097
s-001,after_one_actual_history_call,9,10,1,-8330.248612071,9090.685046557,14332.500035274,6918.551397987899,1462.558102602954,9857.460546186001,1527.211934115001,0.08434738369023229,64.65383151204696,8.93416431342117e-05,0.027952726930379868,False,False,0.027952726930379868
s-001,after_one_actual_history_call,10,10,0,-36470.927252458,37121.843931224,59430.31235912,29899.70291543049,1462.558102602954,38281.621792569,1810.6945401109988,0.031242463695869492,348.13643750804476,0.00048107096879577944,0.030683640390634537,False,False,0.030683640390634537
s-001,after_one_actual_history_call,10,10,1,-36470.927252458,37121.843931224,59430.31235912,29899.70291543049,1462.558102602954,38281.621792569,1810.6945401109988,0.031242463695869492,348.13643750804476,0.00048107096879577944,0.030785277485847473,False,False,0.030785277485847473
s-002,after_common_greedy_prefix,0,200,0,-7805.59227044,8472.951548922,20260.701854058,6486.272765333245,760.4364344859496,8888.659373028,1083.0671025880001,0.04906292945330139,322.63066810205055,0.00044582592152106015,0.2186143584549427,False,False,0.2186143584549427
s-002,after_common_greedy_prefix,0,200,1,-7805.59227044,8472.951548922,20260.701854058,6486.272765333245,760.4364344859496,8888.659373028,1083.0671025880001,0.04906292945330139,322.63066810205055,0.00044582592152106015,0.218802347779274,False,False,0.218802347779274
s-002,after_common_greedy_prefix,0,1000,0,-7805.59227044,8472.951548922,20260.701854058,6486.272765333245,760.4364344859496,8888.659373028,1083.0671025880001,0.04906292945330139,322.63066810205055,0.00044582592152106015,1.0184437558054924,False,False,1.0184437558054924
s-002,after_common_greedy_prefix,0,1000,1,-7805.59227044,8472.951548922,20260.701854058,6486.272765333245,760.4364344859496,8888.659373028,1083.0671025880001,0.04906292945330139,322.63066810205055,0.00044582592152106015,1.0181755274534225,False,False,1.0181755274534225
s-002,after_common_greedy_prefix,1,200,0,-36514.264439841,36514.264439841,67779.557447368,32172.958067724867,760.4364344859496,36993.937804784,479.6733649430025,0.013136602155392927,0.0,0.0,0.22067096084356308,False,False,
s-002,after_common_greedy_prefix,1,200,1,-36514.264439841,36514.264439841,67779.557447368,32172.958067724867,760.4364344859496,36993.937804784,479.6733649430025,0.013136602155392927,0.0,0.0,0.22027486562728882,False,False,
s-002,after_common_greedy_prefix,1,1000,0,-36514.264439841,36514.264439841,67779.557447368,32172.958067724867,760.4364344859496,36993.937804784,479.6733649430025,0.013136602155392927,0.0,0.0,1.0204472616314888,False,False,
s-002,after_common_greedy_prefix,1,1000,1,-36514.264439841,36514.264439841,67779.557447368,32172.958067724867,760.4364344859496,36993.937804784,479.6733649430025,0.013136602155392927,0.0,0.0,1.0202528573572636,False,False,
s-002,after_common_greedy_prefix,2,200,0,-0.1744706160000078,0.0,0.0,0.0,760.4364344859496,0.0,-0.1744706160000078,0.0,0.0,0.0,0.0039647407829761505,False,True,
s-002,after_common_greedy_prefix,2,200,1,-0.1744706160000078,0.0,0.0,0.0,760.4364344859496,0.0,-0.1744706160000078,0.0,0.0,0.0,0.0036218389868736267,False,True,
s-002,after_common_greedy_prefix,2,1000,0,-0.1744706160000078,0.0,0.0,0.0,760.4364344859496,0.0,-0.1744706160000078,0.0,0.0,0.0,0.003556288778781891,False,True,
s-002,after_common_greedy_prefix,2,1000,1,-0.1744706160000078,0.0,0.0,0.0,760.4364344859496,0.0,-0.1744706160000078,0.0,0.0,0.0,0.0035830289125442505,False,True,
s-002,after_common_greedy_prefix,3,200,0,-9930.596845906,10247.205117972,17077.311323513,7294.543429259693,760.4364344859496,10719.633525412999,789.0366795069986,0.04610314734623913,28.600245021048977,3.9521136249217695e-05,0.21838555857539177,False,False,0.21838555857539177
s-002,after_common_greedy_prefix,3,200,1,-9930.596845906,10247.205117972,17077.311323513,7294.543429259693,760.4364344859496,10719.633525412999,789.0366795069986,0.04610314734623913,28.600245021048977,3.9521136249217695e-05,0.21769963204860687,False,False,0.21769963204860687
s-002,after_common_greedy_prefix,3,1000,0,-9930.596845906,10247.205117972,17077.311323513,7294.543429259693,760.4364344859496,10719.633525412999,789.0366795069986,0.04610314734623913,28.600245021048977,3.9521136249217695e-05,1.016984112560749,False,False,1.016984112560749
s-002,after_common_greedy_prefix,3,1000,1,-9930.596845906,10247.205117972,17077.311323513,7294.543429259693,760.4364344859496,10719.633525412999,789.0366795069986,0.04610314734623913,28.600245021048977,3.9521136249217695e-05,1.0182470865547657,False,False,1.0182470865547657
s-002,after_common_greedy_prefix,4,200,0,-38095.884226047005,38095.709755431,64836.728926573,34269.2544353669,760.4364344859496,39040.89395905,945.0097330029967,0.024810778160767873,184.57329851704708,0.00025505188760764695,0.22107738256454468,False,False,0.22107738256454468
s-002,after_common_greedy_prefix,4,200,1,-38095.884226047005,38095.709755431,64836.728926573,34269.2544353669,760.4364344859496,39040.89395905,945.0097330029967,0.024810778160767873,184.57329851704708,0.00025505188760764695,0.22067605331540108,False,False,0.22067605331540108
s-002,after_common_greedy_prefix,4,1000,0,-38095.884226047005,38095.709755431,64836.728926573,34269.2544353669,760.4364344859496,39040.89395905,945.0097330029967,0.024810778160767873,184.57329851704708,0.00025505188760764695,1.0196846462786198,False,False,1.0196846462786198
s-002,after_common_greedy_prefix,4,1000,1,-38095.884226047005,38095.709755431,64836.728926573,34269.2544353669,760.4364344859496,39040.89395905,945.0097330029967,0.024810778160767873,184.57329851704708,0.00025505188760764695,1.0196962133049965,False,False,1.0196962133049965
s-002,after_common_greedy_prefix,5,200,0,-0.4236617770000066,396.673308065,396.673308065,396.673308065,760.4364344859496,396.673308065,396.249646288,0.0,0.0,0.0,0.21538887917995453,False,True,
s-002,after_common_greedy_prefix,5,200,1,-0.4236617770000066,396.673308065,396.673308065,396.673308065,760.4364344859496,396.673308065,396.249646288,0.0,0.0,0.0,0.2149832770228386,False,True,
s-002,after_common_greedy_prefix,5,1000,0,-0.4236617770000066,396.673308065,396.673308065,396.673308065,760.4364344859496,396.673308065,396.249646288,0.0,0.0,0.0,1.0151122137904167,False,True,
s-002,after_common_greedy_prefix,5,1000,1,-0.4236617770000066,396.673308065,396.673308065,396.673308065,760.4364344859496,396.673308065,396.249646288,0.0,0.0,0.0,1.0149430148303509,False,True,
s-002,after_common_greedy_prefix,6,200,0,-9393.927366555,10041.593557866,13824.75372594,6882.279391369435,760.4364344859496,10299.859003825999,905.9316372709982,0.02571956776299612,145.4952027850486,0.00020105197450733466,0.21655968204140663,False,False,0.21655968204140663
s-002,after_common_greedy_prefix,6,200,1,-9393.927366555,10041.593557866,13824.75372594,6882.279391369435,760.4364344859496,10299.859003825999,905.9316372709982,0.02571956776299612,145.4952027850486,0.00020105197450733466,0.21708006039261818,False,False,0.21708006039261818
s-002,after_common_greedy_prefix,6,1000,0,-9393.927366555,10041.593557866,13824.75372594,6882.279391369435,760.4364344859496,10299.859003825999,905.9316372709982,0.02571956776299612,145.4952027850486,0.00020105197450733466,1.0164618715643883,False,False,1.0164618715643883
s-002,after_common_greedy_prefix,6,1000,1,-9393.927366555,10041.593557866,13824.75372594,6882.279391369435,760.4364344859496,10299.859003825999,905.9316372709982,0.02571956776299612,145.4952027850486,0.00020105197450733466,1.0166188664734364,False,False,1.0166188664734364
s-002,after_common_greedy_prefix,7,200,0,-38221.795469289005,38221.371807512,65296.650400444,32211.091786703633,760.4364344859496,39050.627817482,828.8323481929983,0.02169613414574054,68.39591370704875,9.451262471760698e-05,0.21915997192263603,False,False,0.21915997192263603
s-002,after_common_greedy_prefix,7,200,1,-38221.795469289005,38221.371807512,65296.650400444,32211.091786703633,760.4364344859496,39050.627817482,828.8323481929983,0.02169613414574054,68.39591370704875,9.451262471760698e-05,0.219587292522192,False,False,0.219587292522192
s-002,after_common_greedy_prefix,7,1000,0,-38221.795469289005,38221.371807512,65296.650400444,32211.091786703633,760.4364344859496,39050.627817482,828.8323481929983,0.02169613414574054,68.39591370704875,9.451262471760698e-05,1.019489523023367,False,False,1.019489523023367
s-002,after_common_greedy_prefix,7,1000,1,-38221.795469289005,38221.371807512,65296.650400444,32211.091786703633,760.4364344859496,39050.627817482,828.8323481929983,0.02169613414574054,68.39591370704875,9.451262471760698e-05,1.018720354884863,False,False,1.018720354884863
s-002,after_common_greedy_prefix,8,200,0,-1.6810899669999344,417.329057135,417.329057135,417.329057135,760.4364344859496,417.329057135,415.6479671680001,0.0,0.0,0.0,0.21494775637984276,False,True,
s-002,after_common_greedy_prefix,8,200,1,-1.6810899669999344,417.329057135,417.329057135,417.329057135,760.4364344859496,417.329057135,415.6479671680001,0.0,0.0,0.0,0.21503401920199394,False,True,
s-002,after_common_greedy_prefix,8,1000,0,-1.6810899669999344,417.329057135,417.329057135,417.329057135,760.4364344859496,417.329057135,415.6479671680001,0.0,0.0,0.0,1.0149677284061909,False,True,
s-002,after_common_greedy_prefix,8,1000,1,-1.6810899669999344,417.329057135,417.329057135,417.329057135,760.4364344859496,417.329057135,415.6479671680001,0.0,0.0,0.0,1.0151320770382881,False,True,
s-002,after_common_greedy_prefix,9,200,0,-8330.248612071,9090.685046557,14332.500035274,6918.551397987899,760.4364344859496,9857.460546186001,1527.211934115001,0.08434738369023229,766.7754996290514,0.0010595657124999782,0.2178879864513874,False,False,0.2178879864513874
s-002,after_common_greedy_prefix,9,200,1,-8330.248612071,9090.685046557,14332.500035274,6918.551397987899,760.4364344859496,9857.460546186001,1527.211934115001,0.08434738369023229,766.7754996290514,0.0010595657124999782,0.21770019084215164,False,False,0.21770019084215164
s-002,after_common_greedy_prefix,9,1000,0,-8330.248612071,9090.685046557,14332.500035274,6918.551397987899,760.4364344859496,9857.460546186001,1527.211934115001,0.08434738369023229,766.7754996290514,0.0010595657124999782,1.0178045555949211,False,False,1.0178045555949211
s-002,after_common_greedy_prefix,9,1000,1,-8330.248612071,9090.685046557,14332.500035274,6918.551397987899,760.4364344859496,9857.460546186001,1527.211934115001,0.08434738369023229,766.7754996290514,0.0010595657124999782,1.017545472830534,False,False,1.017545472830534
s-002,after_common_greedy_prefix,10,200,0,-36470.927252458,37121.843931224,59430.31235912,29899.70291543049,760.4364344859496,38281.621792569,1810.6945401109988,0.031242463695869492,1050.2581056250492,0.001451295038161546,0.21883989870548248,False,False,0.21883989870548248
s-002,after_common_greedy_prefix,10,200,1,-36470.927252458,37121.843931224,59430.31235912,29899.70291543049,760.4364344859496,38281.621792569,1810.6945401109988,0.031242463695869492,1050.2581056250492,0.001451295038161546,0.21938122808933258,False,False,0.21938122808933258
s-002,after_common_greedy_prefix,10,1000,0,-36470.927252458,37121.843931224,59430.31235912,29899.70291543049,760.4364344859496,38281.621792569,1810.6945401109988,0.031242463695869492,1050.2581056250492,0.001451295038161546,1.0194194726645947,False,False,1.0194194726645947
s-002,after_common_greedy_prefix,10,1000,1,-36470.927252458,37121.843931224,59430.31235912,29899.70291543049,760.4364344859496,38281.621792569,1810.6945401109988,0.031242463695869492,1050.2581056250492,0.001451295038161546,1.0198997855186462,False,False,1.0198997855186462
s-002,after_common_greedy_prefix,0,50,0,-7805.59227044,8472.951548922,20260.701854058,6486.272765333245,760.4364344859496,8888.659373028,1083.0671025880001,0.04906292945330139,322.63066810205055,0.00044582592152106015,0.06850709766149521,False,False,0.06850709766149521
s-002,after_common_greedy_prefix,0,50,1,-7805.59227044,8472.951548922,20260.701854058,6486.272765333245,760.4364344859496,8888.659373028,1083.0671025880001,0.04906292945330139,322.63066810205055,0.00044582592152106015,0.06777725741267204,False,False,0.06777725741267204
s-002,after_common_greedy_prefix,1,50,0,-36514.264439841,36514.264439841,67779.557447368,32172.958067724867,760.4364344859496,36993.937804784,479.6733649430025,0.013136602155392927,0.0,0.0,0.0695113092660904,False,False,
s-002,after_common_greedy_prefix,1,50,1,-36514.264439841,36514.264439841,67779.557447368,32172.958067724867,760.4364344859496,36993.937804784,479.6733649430025,0.013136602155392927,0.0,0.0,0.07002401351928711,False,False,
s-002,after_common_greedy_prefix,2,50,0,-0.1744706160000078,0.0,0.0,0.0,760.4364344859496,0.0,-0.1744706160000078,0.0,0.0,0.0,0.003907583653926849,False,True,
s-002,after_common_greedy_prefix,2,50,1,-0.1744706160000078,0.0,0.0,0.0,760.4364344859496,0.0,-0.1744706160000078,0.0,0.0,0.0,0.0038034431636333466,False,True,
s-002,after_common_greedy_prefix,3,50,0,-9930.596845906,10247.205117972,17077.311323513,7294.543429259693,760.4364344859496,10719.633525412999,789.0366795069986,0.04610314734623913,28.600245021048977,3.9521136249217695e-05,0.06903431192040443,False,False,0.06903431192040443
s-002,after_common_greedy_prefix,3,50,1,-9930.596845906,10247.205117972,17077.311323513,7294.543429259693,760.4364344859496,10719.633525412999,789.0366795069986,0.04610314734623913,28.600245021048977,3.9521136249217695e-05,0.068497184664011,False,False,0.068497184664011
s-002,after_common_greedy_prefix,4,50,0,-38095.884226047005,38095.709755431,64836.728926573,34269.2544353669,760.4364344859496,39040.89395905,945.0097330029967,0.024810778160767873,184.57329851704708,0.00025505188760764695,0.07016823068261147,False,False,0.07016823068261147
s-002,after_common_greedy_prefix,4,50,1,-38095.884226047005,38095.709755431,64836.728926573,34269.2544353669,760.4364344859496,39040.89395905,945.0097330029967,0.024810778160767873,184.57329851704708,0.00025505188760764695,0.0700526237487793,False,False,0.0700526237487793
s-002,after_common_greedy_prefix,5,50,0,-0.4236617770000066,396.673308065,396.673308065,396.673308065,760.4364344859496,396.673308065,396.249646288,0.0,0.0,0.0,0.06607738509774208,False,True,
s-002,after_common_greedy_prefix,5,50,1,-0.4236617770000066,396.673308065,396.673308065,396.673308065,760.4364344859496,396.673308065,396.249646288,0.0,0.0,0.0,0.06642568856477737,False,True,
s-002,after_common_greedy_prefix,6,50,0,-9393.927366555,10041.593557866,13824.75372594,6882.279391369435,760.4364344859496,10299.859003825999,905.9316372709982,0.02571956776299612,145.4952027850486,0.00020105197450733466,0.06833112239837646,False,False,0.06833112239837646
s-002,after_common_greedy_prefix,6,50,1,-9393.927366555,10041.593557866,13824.75372594,6882.279391369435,760.4364344859496,10299.859003825999,905.9316372709982,0.02571956776299612,145.4952027850486,0.00020105197450733466,0.0674087181687355,False,False,0.0674087181687355
s-002,after_common_greedy_prefix,7,50,0,-38221.795469289005,38221.371807512,65296.650400444,32211.091786703633,760.4364344859496,39050.627817482,828.8323481929983,0.02169613414574054,68.39591370704875,9.451262471760698e-05,0.07051832601428032,False,False,0.07051832601428032
s-002,after_common_greedy_prefix,7,50,1,-38221.795469289005,38221.371807512,65296.650400444,32211.091786703633,760.4364344859496,39050.627817482,828.8323481929983,0.02169613414574054,68.39591370704875,9.451262471760698e-05,0.07119797170162201,False,False,0.07119797170162201
s-002,after_common_greedy_prefix,8,50,0,-1.6810899669999344,417.329057135,417.329057135,417.329057135,760.4364344859496,417.329057135,415.6479671680001,0.0,0.0,0.0,0.06660078465938568,False,True,
s-002,after_common_greedy_prefix,8,50,1,-1.6810899669999344,417.329057135,417.329057135,417.329057135,760.4364344859496,417.329057135,415.6479671680001,0.0,0.0,0.0,0.06725645437836647,False,True,
s-002,after_common_greedy_prefix,9,50,0,-8330.248612071,9090.685046557,14332.500035274,6918.551397987899,760.4364344859496,9857.460546186001,1527.211934115001,0.08434738369023229,766.7754996290514,0.0010595657124999782,0.06785333156585693,False,False,0.06785333156585693
s-002,after_common_greedy_prefix,9,50,1,-8330.248612071,9090.685046557,14332.500035274,6918.551397987899,760.4364344859496,9857.460546186001,1527.211934115001,0.08434738369023229,766.7754996290514,0.0010595657124999782,0.06986650079488754,False,False,0.06986650079488754
s-002,after_common_greedy_prefix,10,50,0,-36470.927252458,37121.843931224,59430.31235912,29899.70291543049,760.4364344859496,38281.621792569,1810.6945401109988,0.031242463695869492,1050.2581056250492,0.001451295038161546,0.07214420661330223,False,False,0.07214420661330223
s-002,after_common_greedy_prefix,10,50,1,-36470.927252458,37121.843931224,59430.31235912,29899.70291543049,760.4364344859496,38281.621792569,1810.6945401109988,0.031242463695869492,1050.2581056250492,0.001451295038161546,0.06960811838507652,False,False,0.06960811838507652
s-002,after_common_greedy_prefix,0,10,0,-7805.59227044,8472.951548922,20260.701854058,6486.272765333245,760.4364344859496,8888.659373028,1083.0671025880001,0.04906292945330139,322.63066810205055,0.00044582592152106015,0.03083791211247444,False,False,0.03083791211247444
s-002,after_common_greedy_prefix,0,10,1,-7805.59227044,8472.951548922,20260.701854058,6486.272765333245,760.4364344859496,8888.659373028,1083.0671025880001,0.04906292945330139,322.63066810205055,0.00044582592152106015,0.029686789959669113,False,False,0.029686789959669113
s-002,after_common_greedy_prefix,1,10,0,-36514.264439841,36514.264439841,67779.557447368,32172.958067724867,760.4364344859496,36993.937804784,479.6733649430025,0.013136602155392927,0.0,0.0,0.030863456428050995,False,False,
s-002,after_common_greedy_prefix,1,10,1,-36514.264439841,36514.264439841,67779.557447368,32172.958067724867,760.4364344859496,36993.937804784,479.6733649430025,0.013136602155392927,0.0,0.0,0.03005804494023323,False,False,
s-002,after_common_greedy_prefix,2,10,0,-0.1744706160000078,0.0,0.0,0.0,760.4364344859496,0.0,-0.1744706160000078,0.0,0.0,0.0,0.0035946667194366455,False,True,
s-002,after_common_greedy_prefix,2,10,1,-0.1744706160000078,0.0,0.0,0.0,760.4364344859496,0.0,-0.1744706160000078,0.0,0.0,0.0,0.0035257674753665924,False,True,
s-002,after_common_greedy_prefix,3,10,0,-9930.596845906,10247.205117972,17077.311323513,7294.543429259693,760.4364344859496,10719.633525412999,789.0366795069986,0.04610314734623913,28.600245021048977,3.9521136249217695e-05,0.029813066124916077,False,False,0.029813066124916077
s-002,after_common_greedy_prefix,3,10,1,-9930.596845906,10247.205117972,17077.311323513,7294.543429259693,760.4364344859496,10719.633525412999,789.0366795069986,0.04610314734623913,28.600245021048977,3.9521136249217695e-05,0.02951539307832718,False,False,0.02951539307832718
s-002,after_common_greedy_prefix,4,10,0,-38095.884226047005,38095.709755431,64836.728926573,34269.2544353669,760.4364344859496,39040.89395905,945.0097330029967,0.024810778160767873,184.57329851704708,0.00025505188760764695,0.031229645013809204,False,False,0.031229645013809204
s-002,after_common_greedy_prefix,4,10,1,-38095.884226047005,38095.709755431,64836.728926573,34269.2544353669,760.4364344859496,39040.89395905,945.0097330029967,0.024810778160767873,184.57329851704708,0.00025505188760764695,0.0312560610473156,False,False,0.0312560610473156
s-002,after_common_greedy_prefix,5,10,0,-0.4236617770000066,396.673308065,396.673308065,396.673308065,760.4364344859496,396.673308065,396.249646288,0.0,0.0,0.0,0.026832368224859238,False,True,
s-002,after_common_greedy_prefix,5,10,1,-0.4236617770000066,396.673308065,396.673308065,396.673308065,760.4364344859496,396.673308065,396.249646288,0.0,0.0,0.0,0.026412736624479294,False,True,
s-002,after_common_greedy_prefix,6,10,0,-9393.927366555,10041.593557866,13824.75372594,6882.279391369435,760.4364344859496,10299.859003825999,905.9316372709982,0.02571956776299612,145.4952027850486,0.00020105197450733466,0.028987865895032883,False,False,0.028987865895032883
s-002,after_common_greedy_prefix,6,10,1,-9393.927366555,10041.593557866,13824.75372594,6882.279391369435,760.4364344859496,10299.859003825999,905.9316372709982,0.02571956776299612,145.4952027850486,0.00020105197450733466,0.028257492929697037,False,False,0.028257492929697037
s-002,after_common_greedy_prefix,7,10,0,-38221.795469289005,38221.371807512,65296.650400444,32211.091786703633,760.4364344859496,39050.627817482,828.8323481929983,0.02169613414574054,68.39591370704875,9.451262471760698e-05,0.031144648790359497,False,False,0.031144648790359497
s-002,after_common_greedy_prefix,7,10,1,-38221.795469289005,38221.371807512,65296.650400444,32211.091786703633,760.4364344859496,39050.627817482,828.8323481929983,0.02169613414574054,68.39591370704875,9.451262471760698e-05,0.031243648380041122,False,False,0.031243648380041122
s-002,after_common_greedy_prefix,8,10,0,-1.6810899669999344,417.329057135,417.329057135,417.329057135,760.4364344859496,417.329057135,415.6479671680001,0.0,0.0,0.0,0.02665126323699951,False,True,
s-002,after_common_greedy_prefix,8,10,1,-1.6810899669999344,417.329057135,417.329057135,417.329057135,760.4364344859496,417.329057135,415.6479671680001,0.0,0.0,0.0,0.027611542493104935,False,True,
s-002,after_common_greedy_prefix,9,10,0,-8330.248612071,9090.685046557,14332.500035274,6918.551397987899,760.4364344859496,9857.460546186001,1527.211934115001,0.08434738369023229,766.7754996290514,0.0010595657124999782,0.02835451439023018,False,False,0.02835451439023018
s-002,after_common_greedy_prefix,9,10,1,-8330.248612071,9090.685046557,14332.500035274,6918.551397987899,760.4364344859496,9857.460546186001,1527.211934115001,0.08434738369023229,766.7754996290514,0.0010595657124999782,0.028881702572107315,False,False,0.028881702572107315
s-002,after_common_greedy_prefix,10,10,0,-36470.927252458,37121.843931224,59430.31235912,29899.70291543049,760.4364344859496,38281.621792569,1810.6945401109988,0.031242463695869492,1050.2581056250492,0.001451295038161546,0.030637234449386597,False,False,0.030637234449386597
s-002,after_common_greedy_prefix,10,10,1,-36470.927252458,37121.843931224,59430.31235912,29899.70291543049,760.4364344859496,38281.621792569,1810.6945401109988,0.031242463695869492,1050.2581056250492,0.001451295038161546,0.030324768275022507,False,False,0.030324768275022507
s-003,after_one_actual_history_call,0,200,0,-7805.59227044,8472.951548922,20260.701854058,6486.272765333245,760.4364344859496,8888.659373028,1083.0671025880001,0.04906292945330139,322.63066810205055,0.00044582592152106015,0.21740558743476868,False,False,0.21740558743476868
s-003,after_one_actual_history_call,0,200,1,-7805.59227044,8472.951548922,20260.701854058,6486.272765333245,760.4364344859496,8888.659373028,1083.0671025880001,0.04906292945330139,322.63066810205055,0.00044582592152106015,0.21862660720944405,False,False,0.21862660720944405
s-003,after_one_actual_history_call,0,1000,0,-7805.59227044,8472.951548922,20260.701854058,6486.272765333245,760.4364344859496,8888.659373028,1083.0671025880001,0.04906292945330139,322.63066810205055,0.00044582592152106015,1.0178389884531498,False,False,1.0178389884531498
s-003,after_one_actual_history_call,0,1000,1,-7805.59227044,8472.951548922,20260.701854058,6486.272765333245,760.4364344859496,8888.659373028,1083.0671025880001,0.04906292945330139,322.63066810205055,0.00044582592152106015,1.0190521627664566,False,False,1.0190521627664566
s-003,after_one_actual_history_call,1,200,0,-36514.264439841,36993.937804784,67779.557447368,32172.958067724867,760.4364344859496,36993.937804784,479.6733649430025,0.0,0.0,0.0,0.002704579383134842,False,True,
s-003,after_one_actual_history_call,1,200,1,-36514.264439841,36993.937804784,67779.557447368,32172.958067724867,760.4364344859496,36993.937804784,479.6733649430025,0.0,0.0,0.0,0.002564258873462677,False,True,
s-003,after_one_actual_history_call,1,1000,0,-36514.264439841,36993.937804784,67779.557447368,32172.958067724867,760.4364344859496,36993.937804784,479.6733649430025,0.0,0.0,0.0,1.020291481167078,False,True,
s-003,after_one_actual_history_call,1,1000,1,-36514.264439841,36993.937804784,67779.557447368,32172.958067724867,760.4364344859496,36993.937804784,479.6733649430025,0.0,0.0,0.0,1.019793312996626,False,True,
s-003,after_one_actual_history_call,2,200,0,-0.1744706160000078,0.0,0.0,0.0,760.4364344859496,0.0,-0.1744706160000078,0.0,0.0,0.0,0.0035843253135681152,False,True,
s-003,after_one_actual_history_call,2,200,1,-0.1744706160000078,0.0,0.0,0.0,760.4364344859496,0.0,-0.1744706160000078,0.0,0.0,0.0,0.003524813801050186,False,True,
s-003,after_one_actual_history_call,2,1000,0,-0.1744706160000078,0.0,0.0,0.0,760.4364344859496,0.0,-0.1744706160000078,0.0,0.0,0.0,0.0035328641533851624,False,True,
s-003,after_one_actual_history_call,2,1000,1,-0.1744706160000078,0.0,0.0,0.0,760.4364344859496,0.0,-0.1744706160000078,0.0,0.0,0.0,0.00350797176361084,False,True,
s-003,after_one_actual_history_call,3,200,0,-9930.596845906,10247.205117972,17077.311323513,7294.543429259693,760.4364344859496,10719.633525412999,789.0366795069986,0.04610314734623913,28.600245021048977,3.9521136249217695e-05,0.21856969594955444,False,False,0.21856969594955444
s-003,after_one_actual_history_call,3,200,1,-9930.596845906,10247.205117972,17077.311323513,7294.543429259693,760.4364344859496,10719.633525412999,789.0366795069986,0.04610314734623913,28.600245021048977,3.9521136249217695e-05,0.2183075249195099,False,False,0.2183075249195099
s-003,after_one_actual_history_call,3,1000,0,-9930.596845906,10247.205117972,17077.311323513,7294.543429259693,760.4364344859496,10719.633525412999,789.0366795069986,0.04610314734623913,28.600245021048977,3.9521136249217695e-05,1.0187578052282333,False,False,1.0187578052282333
s-003,after_one_actual_history_call,3,1000,1,-9930.596845906,10247.205117972,17077.311323513,7294.543429259693,760.4364344859496,10719.633525412999,789.0366795069986,0.04610314734623913,28.600245021048977,3.9521136249217695e-05,1.0177116729319096,False,False,1.0177116729319096
s-003,after_one_actual_history_call,4,200,0,-38095.884226047005,38095.709755431,64836.728926573,34269.2544353669,760.4364344859496,39040.89395905,945.0097330029967,0.024810778160767873,184.57329851704708,0.00025505188760764695,0.22094908729195595,False,False,0.22094908729195595
s-003,after_one_actual_history_call,4,200,1,-38095.884226047005,38095.709755431,64836.728926573,34269.2544353669,760.4364344859496,39040.89395905,945.0097330029967,0.024810778160767873,184.57329851704708,0.00025505188760764695,0.2201739251613617,False,False,0.2201739251613617
s-003,after_one_actual_history_call,4,1000,0,-38095.884226047005,38095.709755431,64836.728926573,34269.2544353669,760.4364344859496,39040.89395905,945.0097330029967,0.024810778160767873,184.57329851704708,0.00025505188760764695,1.0205568969249725,False,False,1.0205568969249725
s-003,after_one_actual_history_call,4,1000,1,-38095.884226047005,38095.709755431,64836.728926573,34269.2544353669,760.4364344859496,39040.89395905,945.0097330029967,0.024810778160767873,184.57329851704708,0.00025505188760764695,1.0230679586529732,False,False,1.0230679586529732
s-003,after_one_actual_history_call,5,200,0,-0.4236617770000066,396.673308065,396.673308065,396.673308065,760.4364344859496,396.673308065,396.249646288,0.0,0.0,0.0,0.21658231690526009,False,True,
s-003,after_one_actual_history_call,5,200,1,-0.4236617770000066,396.673308065,396.673308065,396.673308065,760.4364344859496,396.673308065,396.249646288,0.0,0.0,0.0,0.21693410351872444,False,True,
s-003,after_one_actual_history_call,5,1000,0,-0.4236617770000066,396.673308065,396.673308065,396.673308065,760.4364344859496,396.673308065,396.249646288,0.0,0.0,0.0,1.0158240534365177,False,True,
s-003,after_one_actual_history_call,5,1000,1,-0.4236617770000066,396.673308065,396.673308065,396.673308065,760.4364344859496,396.673308065,396.249646288,0.0,0.0,0.0,1.0191963613033295,False,True,
s-003,after_one_actual_history_call,6,200,0,-9393.927366555,10041.593557866,13824.75372594,6882.279391369435,760.4364344859496,10299.859003825999,905.9316372709982,0.02571956776299612,145.4952027850486,0.00020105197450733466,0.22285835072398186,False,False,0.22285835072398186
s-003,after_one_actual_history_call,6,200,1,-9393.927366555,10041.593557866,13824.75372594,6882.279391369435,760.4364344859496,10299.859003825999,905.9316372709982,0.02571956776299612,145.4952027850486,0.00020105197450733466,0.2215443216264248,False,False,0.2215443216264248
s-003,after_one_actual_history_call,6,1000,0,-9393.927366555,10041.593557866,13824.75372594,6882.279391369435,760.4364344859496,10299.859003825999,905.9316372709982,0.02571956776299612,145.4952027850486,0.00020105197450733466,1.0182557255029678,False,False,1.0182557255029678
s-003,after_one_actual_history_call,6,1000,1,-9393.927366555,10041.593557866,13824.75372594,6882.279391369435,760.4364344859496,10299.859003825999,905.9316372709982,0.02571956776299612,145.4952027850486,0.00020105197450733466,1.0193159878253937,False,False,1.0193159878253937
s-003,after_one_actual_history_call,7,200,0,-38221.795469289005,38221.371807512,65296.650400444,32211.091786703633,760.4364344859496,39050.627817482,828.8323481929983,0.02169613414574054,68.39591370704875,9.451262471760698e-05,0.22316182032227516,False,False,0.22316182032227516
s-003,after_one_actual_history_call,7,200,1,-38221.795469289005,38221.371807512,65296.650400444,32211.091786703633,760.4364344859496,39050.627817482,828.8323481929983,0.02169613414574054,68.39591370704875,9.451262471760698e-05,0.22369254007935524,False,False,0.22369254007935524
s-003,after_one_actual_history_call,7,1000,0,-38221.795469289005,38221.371807512,65296.650400444,32211.091786703633,760.4364344859496,39050.627817482,828.8323481929983,0.02169613414574054,68.39591370704875,9.451262471760698e-05,1.0213801339268684,False,False,1.0213801339268684
s-003,after_one_actual_history_call,7,1000,1,-38221.795469289005,38221.371807512,65296.650400444,32211.091786703633,760.4364344859496,39050.627817482,828.8323481929983,0.02169613414574054,68.39591370704875,9.451262471760698e-05,1.02248789742589,False,False,1.02248789742589
s-003,after_one_actual_history_call,8,200,0,-1.6810899669999344,417.329057135,417.329057135,417.329057135,760.4364344859496,417.329057135,415.6479671680001,0.0,0.0,0.0,0.21943719685077667,False,True,
s-003,after_one_actual_history_call,8,200,1,-1.6810899669999344,417.329057135,417.329057135,417.329057135,760.4364344859496,417.329057135,415.6479671680001,0.0,0.0,0.0,0.21960724890232086,False,True,
s-003,after_one_actual_history_call,8,1000,0,-1.6810899669999344,417.329057135,417.329057135,417.329057135,760.4364344859496,417.329057135,415.6479671680001,0.0,0.0,0.0,1.0183806046843529,False,True,
s-003,after_one_actual_history_call,8,1000,1,-1.6810899669999344,417.329057135,417.329057135,417.329057135,760.4364344859496,417.329057135,415.6479671680001,0.0,0.0,0.0,1.0195341929793358,False,True,
s-003,after_one_actual_history_call,9,200,0,-8330.248612071,9090.685046557,14332.500035274,6918.551397987899,760.4364344859496,9857.460546186001,1527.211934115001,0.08434738369023229,766.7754996290514,0.0010595657124999782,0.220624890178442,False,False,0.220624890178442
s-003,after_one_actual_history_call,9,200,1,-8330.248612071,9090.685046557,14332.500035274,6918.551397987899,760.4364344859496,9857.460546186001,1527.211934115001,0.08434738369023229,766.7754996290514,0.0010595657124999782,0.2228032760322094,False,False,0.2228032760322094
s-003,after_one_actual_history_call,9,1000,0,-8330.248612071,9090.685046557,14332.500035274,6918.551397987899,760.4364344859496,9857.460546186001,1527.211934115001,0.08434738369023229,766.7754996290514,0.0010595657124999782,1.0194437392055988,False,False,1.0194437392055988
s-003,after_one_actual_history_call,9,1000,1,-8330.248612071,9090.685046557,14332.500035274,6918.551397987899,760.4364344859496,9857.460546186001,1527.211934115001,0.08434738369023229,766.7754996290514,0.0010595657124999782,1.0205434821546078,False,False,1.0205434821546078
s-003,after_one_actual_history_call,10,200,0,-36470.927252458,37121.843931224,59430.31235912,29899.70291543049,760.4364344859496,38281.621792569,1810.6945401109988,0.031242463695869492,1050.2581056250492,0.001451295038161546,0.22422467172145844,False,False,0.22422467172145844
s-003,after_one_actual_history_call,10,200,1,-36470.927252458,37121.843931224,59430.31235912,29899.70291543049,760.4364344859496,38281.621792569,1810.6945401109988,0.031242463695869492,1050.2581056250492,0.001451295038161546,0.2227221578359604,False,False,0.2227221578359604
s-003,after_one_actual_history_call,10,1000,0,-36470.927252458,37121.843931224,59430.31235912,29899.70291543049,760.4364344859496,38281.621792569,1810.6945401109988,0.031242463695869492,1050.2581056250492,0.001451295038161546,1.0226929895579815,False,False,1.0226929895579815
s-003,after_one_actual_history_call,10,1000,1,-36470.927252458,37121.843931224,59430.31235912,29899.70291543049,760.4364344859496,38281.621792569,1810.6945401109988,0.031242463695869492,1050.2581056250492,0.001451295038161546,1.0215022712945938,False,False,1.0215022712945938
s-003,after_one_actual_history_call,0,50,0,-7805.59227044,8472.951548922,20260.701854058,6486.272765333245,760.4364344859496,8888.659373028,1083.0671025880001,0.04906292945330139,322.63066810205055,0.00044582592152106015,0.06886303052306175,False,False,0.06886303052306175
s-003,after_one_actual_history_call,0,50,1,-7805.59227044,8472.951548922,20260.701854058,6486.272765333245,760.4364344859496,8888.659373028,1083.0671025880001,0.04906292945330139,322.63066810205055,0.00044582592152106015,0.06784036755561829,False,False,0.06784036755561829
s-003,after_one_actual_history_call,1,50,0,-36514.264439841,36993.937804784,67779.557447368,32172.958067724867,760.4364344859496,36993.937804784,479.6733649430025,0.0,0.0,0.0,0.07057657465338707,False,True,
s-003,after_one_actual_history_call,1,50,1,-36514.264439841,36993.937804784,67779.557447368,32172.958067724867,760.4364344859496,36993.937804784,479.6733649430025,0.0,0.0,0.0,0.0698964074254036,False,True,
s-003,after_one_actual_history_call,2,50,0,-0.1744706160000078,0.0,0.0,0.0,760.4364344859496,0.0,-0.1744706160000078,0.0,0.0,0.0,0.0035322457551956177,False,True,
s-003,after_one_actual_history_call,2,50,1,-0.1744706160000078,0.0,0.0,0.0,760.4364344859496,0.0,-0.1744706160000078,0.0,0.0,0.0,0.0034804902970790863,False,True,
s-003,after_one_actual_history_call,3,50,0,-9930.596845906,10247.205117972,17077.311323513,7294.543429259693,760.4364344859496,10719.633525412999,789.0366795069986,0.04610314734623913,28.600245021048977,3.9521136249217695e-05,0.06801717355847359,False,False,0.06801717355847359
s-003,after_one_actual_history_call,3,50,1,-9930.596845906,10247.205117972,17077.311323513,7294.543429259693,760.4364344859496,10719.633525412999,789.0366795069986,0.04610314734623913,28.600245021048977,3.9521136249217695e-05,0.06827842071652412,False,False,0.06827842071652412
s-003,after_one_actual_history_call,4,50,0,-38095.884226047005,38095.709755431,64836.728926573,34269.2544353669,760.4364344859496,39040.89395905,945.0097330029967,0.024810778160767873,184.57329851704708,0.00025505188760764695,0.07136494293808937,False,False,0.07136494293808937
s-003,after_one_actual_history_call,4,50,1,-38095.884226047005,38095.709755431,64836.728926573,34269.2544353669,760.4364344859496,39040.89395905,945.0097330029967,0.024810778160767873,184.57329851704708,0.00025505188760764695,0.07075433805584908,False,False,0.07075433805584908
s-003,after_one_actual_history_call,5,50,0,-0.4236617770000066,396.673308065,396.673308065,396.673308065,760.4364344859496,396.673308065,396.249646288,0.0,0.0,0.0,0.06559178605675697,False,True,
s-003,after_one_actual_history_call,5,50,1,-0.4236617770000066,396.673308065,396.673308065,396.673308065,760.4364344859496,396.673308065,396.249646288,0.0,0.0,0.0,0.06704689934849739,False,True,
s-003,after_one_actual_history_call,6,50,0,-9393.927366555,10041.593557866,13824.75372594,6882.279391369435,760.4364344859496,10299.859003825999,905.9316372709982,0.02571956776299612,145.4952027850486,0.00020105197450733466,0.06793934479355812,False,False,0.06793934479355812
s-003,after_one_actual_history_call,6,50,1,-9393.927366555,10041.593557866,13824.75372594,6882.279391369435,760.4364344859496,10299.859003825999,905.9316372709982,0.02571956776299612,145.4952027850486,0.00020105197450733466,0.06837980449199677,False,False,0.06837980449199677
s-003,after_one_actual_history_call,7,50,0,-38221.795469289005,38221.371807512,65296.650400444,32211.091786703633,760.4364344859496,39050.627817482,828.8323481929983,0.02169613414574054,68.39591370704875,9.451262471760698e-05,0.0714503787457943,False,False,0.0714503787457943
s-003,after_one_actual_history_call,7,50,1,-38221.795469289005,38221.371807512,65296.650400444,32211.091786703633,760.4364344859496,39050.627817482,828.8323481929983,0.02169613414574054,68.39591370704875,9.451262471760698e-05,0.06955168023705482,False,False,0.06955168023705482
s-003,after_one_actual_history_call,8,50,0,-1.6810899669999344,417.329057135,417.329057135,417.329057135,760.4364344859496,417.329057135,415.6479671680001,0.0,0.0,0.0,0.06601780280470848,False,True,
s-003,after_one_actual_history_call,8,50,1,-1.6810899669999344,417.329057135,417.329057135,417.329057135,760.4364344859496,417.329057135,415.6479671680001,0.0,0.0,0.0,0.06597951427102089,False,True,
s-003,after_one_actual_history_call,9,50,0,-8330.248612071,9090.685046557,14332.500035274,6918.551397987899,760.4364344859496,9857.460546186001,1527.211934115001,0.08434738369023229,766.7754996290514,0.0010595657124999782,0.06788027286529541,False,False,0.06788027286529541
s-003,after_one_actual_history_call,9,50,1,-8330.248612071,9090.685046557,14332.500035274,6918.551397987899,760.4364344859496,9857.460546186001,1527.211934115001,0.08434738369023229,766.7754996290514,0.0010595657124999782,0.06866887584328651,False,False,0.06866887584328651
s-003,after_one_actual_history_call,10,50,0,-36470.927252458,37121.843931224,59430.31235912,29899.70291543049,760.4364344859496,38281.621792569,1810.6945401109988,0.031242463695869492,1050.2581056250492,0.001451295038161546,0.07114240527153015,False,False,0.07114240527153015
s-003,after_one_actual_history_call,10,50,1,-36470.927252458,37121.843931224,59430.31235912,29899.70291543049,760.4364344859496,38281.621792569,1810.6945401109988,0.031242463695869492,1050.2581056250492,0.001451295038161546,0.0712609738111496,False,False,0.0712609738111496
s-003,after_one_actual_history_call,0,10,0,-7805.59227044,8472.951548922,20260.701854058,6486.272765333245,760.4364344859496,8888.659373028,1083.0671025880001,0.04906292945330139,322.63066810205055,0.00044582592152106015,0.030864324420690536,False,False,0.030864324420690536
s-003,after_one_actual_history_call,0,10,1,-7805.59227044,8472.951548922,20260.701854058,6486.272765333245,760.4364344859496,8888.659373028,1083.0671025880001,0.04906292945330139,322.63066810205055,0.00044582592152106015,0.02892151102423668,False,False,0.02892151102423668
s-003,after_one_actual_history_call,1,10,0,-36514.264439841,36993.937804784,67779.557447368,32172.958067724867,760.4364344859496,36993.937804784,479.6733649430025,0.0,0.0,0.0,0.030527669936418533,False,True,
s-003,after_one_actual_history_call,1,10,1,-36514.264439841,36993.937804784,67779.557447368,32172.958067724867,760.4364344859496,36993.937804784,479.6733649430025,0.0,0.0,0.0,0.032517895102500916,False,True,
s-003,after_one_actual_history_call,2,10,0,-0.1744706160000078,0.0,0.0,0.0,760.4364344859496,0.0,-0.1744706160000078,0.0,0.0,0.0,0.0035885386168956757,False,True,
s-003,after_one_actual_history_call,2,10,1,-0.1744706160000078,0.0,0.0,0.0,760.4364344859496,0.0,-0.1744706160000078,0.0,0.0,0.0,0.0034760162234306335,False,True,
s-003,after_one_actual_history_call,3,10,0,-9930.596845906,10247.205117972,17077.311323513,7294.543429259693,760.4364344859496,10719.633525412999,789.0366795069986,0.04610314734623913,28.600245021048977,3.9521136249217695e-05,0.02984011545777321,False,False,0.02984011545777321
s-003,after_one_actual_history_call,3,10,1,-9930.596845906,10247.205117972,17077.311323513,7294.543429259693,760.4364344859496,10719.633525412999,789.0366795069986,0.04610314734623913,28.600245021048977,3.9521136249217695e-05,0.029679834842681885,False,False,0.029679834842681885
s-003,after_one_actual_history_call,4,10,0,-38095.884226047005,38095.709755431,64836.728926573,34269.2544353669,760.4364344859496,39040.89395905,945.0097330029967,0.024810778160767873,184.57329851704708,0.00025505188760764695,0.031677935272455215,False,False,0.031677935272455215
s-003,after_one_actual_history_call,4,10,1,-38095.884226047005,38095.709755431,64836.728926573,34269.2544353669,760.4364344859496,39040.89395905,945.0097330029967,0.024810778160767873,184.57329851704708,0.00025505188760764695,0.03175603970885277,False,False,0.03175603970885277
s-003,after_one_actual_history_call,5,10,0,-0.4236617770000066,396.673308065,396.673308065,396.673308065,760.4364344859496,396.673308065,396.249646288,0.0,0.0,0.0,0.026962652802467346,False,True,
s-003,after_one_actual_history_call,5,10,1,-0.4236617770000066,396.673308065,396.673308065,396.673308065,760.4364344859496,396.673308065,396.249646288,0.0,0.0,0.0,0.02672376111149788,False,True,
s-003,after_one_actual_history_call,6,10,0,-9393.927366555,10041.593557866,13824.75372594,6882.279391369435,760.4364344859496,10299.859003825999,905.9316372709982,0.02571956776299612,145.4952027850486,0.00020105197450733466,0.02954581379890442,False,False,0.02954581379890442
s-003,after_one_actual_history_call,6,10,1,-9393.927366555,10041.593557866,13824.75372594,6882.279391369435,760.4364344859496,10299.859003825999,905.9316372709982,0.02571956776299612,145.4952027850486,0.00020105197450733466,0.02823394164443016,False,False,0.02823394164443016
s-003,after_one_actual_history_call,7,10,0,-38221.795469289005,38221.371807512,65296.650400444,32211.091786703633,760.4364344859496,39050.627817482,828.8323481929983,0.02169613414574054,68.39591370704875,9.451262471760698e-05,0.03169919550418854,False,False,0.03169919550418854
s-003,after_one_actual_history_call,7,10,1,-38221.795469289005,38221.371807512,65296.650400444,32211.091786703633,760.4364344859496,39050.627817482,828.8323481929983,0.02169613414574054,68.39591370704875,9.451262471760698e-05,0.031445007771253586,False,False,0.031445007771253586
s-003,after_one_actual_history_call,8,10,0,-1.6810899669999344,417.329057135,417.329057135,417.329057135,760.4364344859496,417.329057135,415.6479671680001,0.0,0.0,0.0,0.02690361812710762,False,True,
s-003,after_one_actual_history_call,8,10,1,-1.6810899669999344,417.329057135,417.329057135,417.329057135,760.4364344859496,417.329057135,415.6479671680001,0.0,0.0,0.0,0.026361383497714996,False,True,
s-003,after_one_actual_history_call,9,10,0,-8330.248612071,9090.685046557,14332.500035274,6918.551397987899,760.4364344859496,9857.460546186001,1527.211934115001,0.08434738369023229,766.7754996290514,0.0010595657124999782,0.029030974954366684,False,False,0.029030974954366684
s-003,after_one_actual_history_call,9,10,1,-8330.248612071,9090.685046557,14332.500035274,6918.551397987899,760.4364344859496,9857.460546186001,1527.211934115001,0.08434738369023229,766.7754996290514,0.0010595657124999782,0.02820543944835663,False,False,0.02820543944835663
s-003,after_one_actual_history_call,10,10,0,-36470.927252458,37121.843931224,59430.31235912,29899.70291543049,760.4364344859496,38281.621792569,1810.6945401109988,0.031242463695869492,1050.2581056250492,0.001451295038161546,0.030527599155902863,False,False,0.030527599155902863
s-003,after_one_actual_history_call,10,10,1,-36470.927252458,37121.843931224,59430.31235912,29899.70291543049,760.4364344859496,38281.621792569,1810.6945401109988,0.031242463695869492,1050.2581056250492,0.001451295038161546,0.029421504586935043,False,False,0.029421504586935043
s-004,after_common_greedy_prefix,0,200,0,-9858.6987832,9858.6987832,21486.436350216,7449.850070049656,760.4364344859496,10889.564926397,1030.8661431970013,0.10456411803083776,270.4297087110517,0.0003736922308162007,0.21858056634664536,False,False,0.21858056634664536
s-004,after_common_greedy_prefix,0,200,1,-9858.6987832,9858.6987832,21486.436350216,7449.850070049656,760.4364344859496,10889.564926397,1030.8661431970013,0.10456411803083776,270.4297087110517,0.0003736922308162007,0.21811219677329063,False,False,0.21811219677329063
s-004,after_common_greedy_prefix,0,1000,0,-9858.6987832,9858.6987832,21486.436350216,7449.850070049656,760.4364344859496,10889.564926397,1030.8661431970013,0.10456411803083776,270.4297087110517,0.0003736922308162007,1.022745069116354,False,False,1.022745069116354
s-004,after_common_greedy_prefix,0,1000,1,-9858.6987832,9858.6987832,21486.436350216,7449.850070049656,760.4364344859496,10889.564926397,1030.8661431970013,0.10456411803083776,270.4297087110517,0.0003736922308162007,1.0219620540738106,False,False,1.0219620540738106
s-004,after_common_greedy_prefix,1,200,0,-35830.357139518,35830.357139518,61041.898050982,31847.924523386842,760.4364344859496,36811.22001859,980.8628790720031,0.027375191245029216,220.42644458605355,0.0003045954166827814,0.22473794966936111,False,False,0.22473794966936111
s-004,after_common_greedy_prefix,1,200,1,-35830.357139518,35830.357139518,61041.898050982,31847.924523386842,760.4364344859496,36811.22001859,980.8628790720031,0.027375191245029216,220.42644458605355,0.0003045954166827814,0.22171339765191078,False,False,0.22171339765191078
s-004,after_common_greedy_prefix,1,1000,0,-35830.357139518,35830.357139518,61041.898050982,31847.924523386842,760.4364344859496,36811.22001859,980.8628790720031,0.027375191245029216,220.42644458605355,0.0003045954166827814,1.0204227454960346,False,False,1.0204227454960346
s-004,after_common_greedy_prefix,1,1000,1,-35830.357139518,35830.357139518,61041.898050982,31847.924523386842,760.4364344859496,36811.22001859,980.8628790720031,0.027375191245029216,220.42644458605355,0.0003045954166827814,1.0205664224922657,False,False,1.0205664224922657
s-004,after_common_greedy_prefix,2,200,0,-0.1744706160000078,0.0,0.0,0.0,760.4364344859496,0.0,-0.1744706160000078,0.0,0.0,0.0,0.0036220476031303406,False,True,
s-004,after_common_greedy_prefix,2,200,1,-0.1744706160000078,0.0,0.0,0.0,760.4364344859496,0.0,-0.1744706160000078,0.0,0.0,0.0,0.003577299416065216,False,True,
s-004,after_common_greedy_prefix,2,1000,0,-0.1744706160000078,0.0,0.0,0.0,760.4364344859496,0.0,-0.1744706160000078,0.0,0.0,0.0,0.004038631916046143,False,True,
s-004,after_common_greedy_prefix,2,1000,1,-0.1744706160000078,0.0,0.0,0.0,760.4364344859496,0.0,-0.1744706160000078,0.0,0.0,0.0,0.004402812570333481,False,True,
s-004,after_common_greedy_prefix,3,200,0,-10218.220600184999,10534.828872251,18234.556616946,7698.903508023007,760.4364344859496,11179.223946132,961.0033459470014,0.06116806278442286,200.56691146105186,0.00027715259883624195,0.22090084850788116,False,False,0.22090084850788116
s-004,after_common_greedy_prefix,3,200,1,-10218.220600184999,10534.828872251,18234.556616946,7698.903508023007,760.4364344859496,11179.223946132,961.0033459470014,0.06116806278442286,200.56691146105186,0.00027715259883624195,0.22105177491903305,False,False,0.22105177491903305
s-004,after_common_greedy_prefix,3,1000,0,-10218.220600184999,10534.828872251,18234.556616946,7698.903508023007,760.4364344859496,11179.223946132,961.0033459470014,0.06116806278442286,200.56691146105186,0.00027715259883624195,1.0219082348048687,False,False,1.0219082348048687
s-004,after_common_greedy_prefix,3,1000,1,-10218.220600184999,10534.828872251,18234.556616946,7698.903508023007,760.4364344859496,11179.223946132,961.0033459470014,0.06116806278442286,200.56691146105186,0.00027715259883624195,1.021506179124117,False,False,1.021506179124117
s-004,after_common_greedy_prefix,4,200,0,-38004.481252422,38004.306781806,65517.27216663,34168.060062589,760.4364344859496,38949.490985425,945.0097330029967,0.024870449789956228,184.57329851704708,0.00025505188760764695,0.22150781005620956,False,False,0.22150781005620956
s-004,after_common_greedy_prefix,4,200,1,-38004.481252422,38004.306781806,65517.27216663,34168.060062589,760.4364344859496,38949.490985425,945.0097330029967,0.024870449789956228,184.57329851704708,0.00025505188760764695,0.2220405749976635,False,False,0.2220405749976635
s-004,after_common_greedy_prefix,4,1000,0,-38004.481252422,38004.306781806,65517.27216663,34168.060062589,760.4364344859496,38949.490985425,945.0097330029967,0.024870449789956228,184.57329851704708,0.00025505188760764695,1.0204545073211193,False,False,1.0204545073211193
s-004,after_common_greedy_prefix,4,1000,1,-38004.481252422,38004.306781806,65517.27216663,34168.060062589,760.4364344859496,38949.490985425,945.0097330029967,0.024870449789956228,184.57329851704708,0.00025505188760764695,1.0220493413507938,False,False,1.0220493413507938
s-004,after_common_greedy_prefix,5,200,0,-0.4236617770000066,396.673308065,396.673308065,396.673308065,760.4364344859496,396.673308065,396.249646288,0.0,0.0,0.0,0.21506717801094055,False,True,
s-004,after_common_greedy_prefix,5,200,1,-0.4236617770000066,396.673308065,396.673308065,396.673308065,760.4364344859496,396.673308065,396.249646288,0.0,0.0,0.0,0.21567831560969353,False,True,
s-004,after_common_greedy_prefix,5,1000,0,-0.4236617770000066,396.673308065,396.673308065,396.673308065,760.4364344859496,396.673308065,396.249646288,0.0,0.0,0.0,1.015679094940424,False,True,
s-004,after_common_greedy_prefix,5,1000,1,-0.4236617770000066,396.673308065,396.673308065,396.673308065,760.4364344859496,396.673308065,396.249646288,0.0,0.0,0.0,1.017522118985653,False,True,
s-004,after_common_greedy_prefix,6,200,0,-9394.603988226001,9922.816909396,14286.105090773,6845.179109935823,760.4364344859496,10300.535625497,905.9316372709982,0.03806567424854264,145.4952027850486,0.00020105197450733466,0.22332215309143066,False,False,0.22332215309143066
s-004,after_common_greedy_prefix,6,200,1,-9394.603988226001,9922.816909396,14286.105090773,6845.179109935823,760.4364344859496,10300.535625497,905.9316372709982,0.03806567424854264,145.4952027850486,0.00020105197450733466,0.22141193598508835,False,False,0.22141193598508835
s-004,after_common_greedy_prefix,6,1000,0,-9394.603988226001,9922.816909396,14286.105090773,6845.179109935823,760.4364344859496,10300.535625497,905.9316372709982,0.03806567424854264,145.4952027850486,0.00020105197450733466,1.0173224471509457,False,False,1.0173224471509457
s-004,after_common_greedy_prefix,6,1000,1,-9394.603988226001,9922.816909396,14286.105090773,6845.179109935823,760.4364344859496,10300.535625497,905.9316372709982,0.03806567424854264,145.4952027850486,0.00020105197450733466,1.018396783620119,False,False,1.018396783620119
s-004,after_common_greedy_prefix,7,200,0,-38282.774204071,38282.350542294,66259.258854734,32115.902713296568,760.4364344859496,39111.606552264,828.8323481929983,0.021661575065873864,68.39591370704875,9.451262471760698e-05,0.22112906724214554,False,False,0.22112906724214554
s-004,after_common_greedy_prefix,7,200,1,-38282.774204071,38282.350542294,66259.258854734,32115.902713296568,760.4364344859496,39111.606552264,828.8323481929983,0.021661575065873864,68.39591370704875,9.451262471760698e-05,0.2214633971452713,False,False,0.2214633971452713
s-004,after_common_greedy_prefix,7,1000,0,-38282.774204071,38282.350542294,66259.258854734,32115.902713296568,760.4364344859496,39111.606552264,828.8323481929983,0.021661575065873864,68.39591370704875,9.451262471760698e-05,1.020358756184578,False,False,1.020358756184578
s-004,after_common_greedy_prefix,7,1000,1,-38282.774204071,38282.350542294,66259.258854734,32115.902713296568,760.4364344859496,39111.606552264,828.8323481929983,0.021661575065873864,68.39591370704875,9.451262471760698e-05,1.0199288800358772,False,False,1.0199288800358772
s-004,after_common_greedy_prefix,8,200,0,-1.6810899669999344,417.329057135,417.329057135,417.329057135,760.4364344859496,417.329057135,415.6479671680001,0.0,0.0,0.0,0.21569901704788208,False,True,
s-004,after_common_greedy_prefix,8,200,1,-1.6810899669999344,417.329057135,417.329057135,417.329057135,760.4364344859496,417.329057135,415.6479671680001,0.0,0.0,0.0,0.2155514843761921,False,True,
s-004,after_common_greedy_prefix,8,1000,0,-1.6810899669999344,417.329057135,417.329057135,417.329057135,760.4364344859496,417.329057135,415.6479671680001,0.0,0.0,0.0,1.0152757689356804,False,True,
s-004,after_common_greedy_prefix,8,1000,1,-1.6810899669999344,417.329057135,417.329057135,417.329057135,760.4364344859496,417.329057135,415.6479671680001,0.0,0.0,0.0,1.0158474296331406,False,True,
s-004,after_common_greedy_prefix,9,200,0,-8330.248612071,9090.685046557,14332.500035274,6918.551397987899,760.4364344859496,9857.460546186001,1527.211934115001,0.08434738369023229,766.7754996290514,0.0010595657124999782,0.21756823733448982,False,False,0.21756823733448982
s-004,after_common_greedy_prefix,9,200,1,-8330.248612071,9090.685046557,14332.500035274,6918.551397987899,760.4364344859496,9857.460546186001,1527.211934115001,0.08434738369023229,766.7754996290514,0.0010595657124999782,0.2192806340754032,False,False,0.2192806340754032
s-004,after_common_greedy_prefix,9,1000,0,-8330.248612071,9090.685046557,14332.500035274,6918.551397987899,760.4364344859496,9857.460546186001,1527.211934115001,0.08434738369023229,766.7754996290514,0.0010595657124999782,1.0211095847189426,False,False,1.0211095847189426
s-004,after_common_greedy_prefix,9,1000,1,-8330.248612071,9090.685046557,14332.500035274,6918.551397987899,760.4364344859496,9857.460546186001,1527.211934115001,0.08434738369023229,766.7754996290514,0.0010595657124999782,1.019646804779768,False,False,1.019646804779768
s-004,after_common_greedy_prefix,10,200,0,-36470.927252458,37121.843931224,59430.31235912,29899.70291543049,760.4364344859496,38281.621792569,1810.6945401109988,0.031242463695869492,1050.2581056250492,0.001451295038161546,0.28252507746219635,False,False,0.28252507746219635
s-004,after_common_greedy_prefix,10,200,1,-36470.927252458,37121.843931224,59430.31235912,29899.70291543049,760.4364344859496,38281.621792569,1810.6945401109988,0.031242463695869492,1050.2581056250492,0.001451295038161546,0.2198115959763527,False,False,0.2198115959763527
s-004,after_common_greedy_prefix,10,1000,0,-36470.927252458,37121.843931224,59430.31235912,29899.70291543049,760.4364344859496,38281.621792569,1810.6945401109988,0.031242463695869492,1050.2581056250492,0.001451295038161546,1.0214336700737476,False,False,1.0214336700737476
s-004,after_common_greedy_prefix,10,1000,1,-36470.927252458,37121.843931224,59430.31235912,29899.70291543049,760.4364344859496,38281.621792569,1810.6945401109988,0.031242463695869492,1050.2581056250492,0.001451295038161546,1.0228581875562668,False,False,1.0228581875562668
s-004,after_common_greedy_prefix,0,50,0,-9858.6987832,9858.6987832,21486.436350216,7449.850070049656,760.4364344859496,10889.564926397,1030.8661431970013,0.10456411803083776,270.4297087110517,0.0003736922308162007,0.07128017023205757,False,False,0.07128017023205757
s-004,after_common_greedy_prefix,0,50,1,-9858.6987832,9858.6987832,21486.436350216,7449.850070049656,760.4364344859496,10889.564926397,1030.8661431970013,0.10456411803083776,270.4297087110517,0.0003736922308162007,0.07047244161367416,False,False,0.07047244161367416
s-004,after_common_greedy_prefix,1,50,0,-35830.357139518,35830.357139518,61041.898050982,31847.924523386842,760.4364344859496,36811.22001859,980.8628790720031,0.027375191245029216,220.42644458605355,0.0003045954166827814,0.07127878814935684,False,False,0.07127878814935684
s-004,after_common_greedy_prefix,1,50,1,-35830.357139518,35830.357139518,61041.898050982,31847.924523386842,760.4364344859496,36811.22001859,980.8628790720031,0.027375191245029216,220.42644458605355,0.0003045954166827814,0.07067139074206352,False,False,0.07067139074206352
s-004,after_common_greedy_prefix,2,50,0,-0.1744706160000078,0.0,0.0,0.0,760.4364344859496,0.0,-0.1744706160000078,0.0,0.0,0.0,0.003512546420097351,False,True,
s-004,after_common_greedy_prefix,2,50,1,-0.1744706160000078,0.0,0.0,0.0,760.4364344859496,0.0,-0.1744706160000078,0.0,0.0,0.0,0.003464270383119583,False,True,
s-004,after_common_greedy_prefix,3,50,0,-10218.220600184999,10534.828872251,18234.556616946,7698.903508023007,760.4364344859496,11179.223946132,961.0033459470014,0.06116806278442286,200.56691146105186,0.00027715259883624195,0.06968747079372406,False,False,0.06968747079372406
s-004,after_common_greedy_prefix,3,50,1,-10218.220600184999,10534.828872251,18234.556616946,7698.903508023007,760.4364344859496,11179.223946132,961.0033459470014,0.06116806278442286,200.56691146105186,0.00027715259883624195,0.06984898447990417,False,False,0.06984898447990417
s-004,after_common_greedy_prefix,4,50,0,-38004.481252422,38004.306781806,65517.27216663,34168.060062589,760.4364344859496,38949.490985425,945.0097330029967,0.024870449789956228,184.57329851704708,0.00025505188760764695,0.06994567438960075,False,False,0.06994567438960075
s-004,after_common_greedy_prefix,4,50,1,-38004.481252422,38004.306781806,65517.27216663,34168.060062589,760.4364344859496,38949.490985425,945.0097330029967,0.024870449789956228,184.57329851704708,0.00025505188760764695,0.06943246349692345,False,False,0.06943246349692345
s-004,after_common_greedy_prefix,5,50,0,-0.4236617770000066,396.673308065,396.673308065,396.673308065,760.4364344859496,396.673308065,396.249646288,0.0,0.0,0.0,0.06580860540270805,False,True,
s-004,after_common_greedy_prefix,5,50,1,-0.4236617770000066,396.673308065,396.673308065,396.673308065,760.4364344859496,396.673308065,396.249646288,0.0,0.0,0.0,0.06615522131323814,False,True,
s-004,after_common_greedy_prefix,6,50,0,-9394.603988226001,9922.816909396,14286.105090773,6845.179109935823,760.4364344859496,10300.535625497,905.9316372709982,0.03806567424854264,145.4952027850486,0.00020105197450733466,0.06881439313292503,False,False,0.06881439313292503
s-004,after_common_greedy_prefix,6,50,1,-9394.603988226001,9922.816909396,14286.105090773,6845.179109935823,760.4364344859496,10300.535625497,905.9316372709982,0.03806567424854264,145.4952027850486,0.00020105197450733466,0.06753424555063248,False,False,0.06753424555063248
s-004,after_common_greedy_prefix,7,50,0,-38282.774204071,38282.350542294,66259.258854734,32115.902713296568,760.4364344859496,39111.606552264,828.8323481929983,0.021661575065873864,68.39591370704875,9.451262471760698e-05,0.07086164504289627,False,False,0.07086164504289627
s-004,after_common_greedy_prefix,7,50,1,-38282.774204071,38282.350542294,66259.258854734,32115.902713296568,760.4364344859496,39111.606552264,828.8323481929983,0.021661575065873864,68.39591370704875,9.451262471760698e-05,0.07114290446043015,False,False,0.07114290446043015
s-004,after_common_greedy_prefix,8,50,0,-1.6810899669999344,417.329057135,417.329057135,417.329057135,760.4364344859496,417.329057135,415.6479671680001,0.0,0.0,0.0,0.06726648658514023,False,True,
s-004,after_common_greedy_prefix,8,50,1,-1.6810899669999344,417.329057135,417.329057135,417.329057135,760.4364344859496,417.329057135,415.6479671680001,0.0,0.0,0.0,0.0677073784172535,False,True,
s-004,after_common_greedy_prefix,9,50,0,-8330.248612071,9090.685046557,14332.500035274,6918.551397987899,760.4364344859496,9857.460546186001,1527.211934115001,0.08434738369023229,766.7754996290514,0.0010595657124999782,0.06879520416259766,False,False,0.06879520416259766
s-004,after_common_greedy_prefix,9,50,1,-8330.248612071,9090.685046557,14332.500035274,6918.551397987899,760.4364344859496,9857.460546186001,1527.211934115001,0.08434738369023229,766.7754996290514,0.0010595657124999782,0.0677078552544117,False,False,0.0677078552544117
s-004,after_common_greedy_prefix,10,50,0,-36470.927252458,37121.843931224,59430.31235912,29899.70291543049,760.4364344859496,38281.621792569,1810.6945401109988,0.031242463695869492,1050.2581056250492,0.001451295038161546,0.07088740915060043,False,False,0.07088740915060043
s-004,after_common_greedy_prefix,10,50,1,-36470.927252458,37121.843931224,59430.31235912,29899.70291543049,760.4364344859496,38281.621792569,1810.6945401109988,0.031242463695869492,1050.2581056250492,0.001451295038161546,0.07096001878380775,False,False,0.07096001878380775
s-004,after_common_greedy_prefix,0,10,0,-9858.6987832,9858.6987832,21486.436350216,7449.850070049656,760.4364344859496,10889.564926397,1030.8661431970013,0.10456411803083776,270.4297087110517,0.0003736922308162007,0.030236434191465378,False,False,0.030236434191465378
s-004,after_common_greedy_prefix,0,10,1,-9858.6987832,9858.6987832,21486.436350216,7449.850070049656,760.4364344859496,10889.564926397,1030.8661431970013,0.10456411803083776,270.4297087110517,0.0003736922308162007,0.02999230846762657,False,False,0.02999230846762657
s-004,after_common_greedy_prefix,1,10,0,-35830.357139518,35830.357139518,61041.898050982,31847.924523386842,760.4364344859496,36811.22001859,980.8628790720031,0.027375191245029216,220.42644458605355,0.0003045954166827814,0.030671946704387665,False,False,0.030671946704387665
s-004,after_common_greedy_prefix,1,10,1,-35830.357139518,35830.357139518,61041.898050982,31847.924523386842,760.4364344859496,36811.22001859,980.8628790720031,0.027375191245029216,220.42644458605355,0.0003045954166827814,0.032064735889434814,False,False,0.032064735889434814
s-004,after_common_greedy_prefix,2,10,0,-0.1744706160000078,0.0,0.0,0.0,760.4364344859496,0.0,-0.1744706160000078,0.0,0.0,0.0,0.003519676625728607,False,True,
s-004,after_common_greedy_prefix,2,10,1,-0.1744706160000078,0.0,0.0,0.0,760.4364344859496,0.0,-0.1744706160000078,0.0,0.0,0.0,0.003476351499557495,False,True,
s-004,after_common_greedy_prefix,3,10,0,-10218.220600184999,10534.828872251,18234.556616946,7698.903508023007,760.4364344859496,11150.600933065,932.3803328800004,0.058451073888438544,171.94389839405085,0.0002376000006521514,0.031786490231752396,False,False,0.031786490231752396
s-004,after_common_greedy_prefix,3,10,1,-10218.220600184999,10534.828872251,18234.556616946,7698.903508023007,760.4364344859496,11150.600933065,932.3803328800004,0.058451073888438544,171.94389839405085,0.0002376000006521514,0.03020808845758438,False,False,0.03020808845758438
s-004,after_common_greedy_prefix,4,10,0,-38004.481252422,38004.306781806,65517.27216663,34168.060062589,760.4364344859496,38898.904923699,894.4236712769998,0.023539388496918407,133.98723679105024,0.00018514973689834048,0.031690407544374466,False,False,0.031690407544374466
s-004,after_common_greedy_prefix,4,10,1,-38004.481252422,38004.306781806,65517.27216663,34168.060062589,760.4364344859496,38898.904923699,894.4236712769998,0.023539388496918407,133.98723679105024,0.00018514973689834048,0.03115689754486084,False,False,0.03115689754486084
s-004,after_common_greedy_prefix,5,10,0,-0.4236617770000066,396.673308065,396.673308065,396.673308065,760.4364344859496,396.673308065,396.249646288,0.0,0.0,0.0,0.025560107082128525,False,True,
s-004,after_common_greedy_prefix,5,10,1,-0.4236617770000066,396.673308065,396.673308065,396.673308065,760.4364344859496,396.673308065,396.249646288,0.0,0.0,0.0,0.026658736169338226,False,True,
s-004,after_common_greedy_prefix,6,10,0,-9394.603988226001,9922.816909396,14286.105090773,6845.179109935823,760.4364344859496,10300.535625497,905.9316372709982,0.03806567424854264,145.4952027850486,0.00020105197450733466,0.028567440807819366,False,False,0.028567440807819366
s-004,after_common_greedy_prefix,6,10,1,-9394.603988226001,9922.816909396,14286.105090773,6845.179109935823,760.4364344859496,10300.535625497,905.9316372709982,0.03806567424854264,145.4952027850486,0.00020105197450733466,0.028074100613594055,False,False,0.028074100613594055
s-004,after_common_greedy_prefix,7,10,0,-38282.774204071,38282.350542294,66259.258854734,32115.902713296568,760.4364344859496,39111.606552264,828.8323481929983,0.021661575065873864,68.39591370704875,9.451262471760698e-05,0.03226815536618233,False,False,0.03226815536618233
s-004,after_common_greedy_prefix,7,10,1,-38282.774204071,38282.350542294,66259.258854734,32115.902713296568,760.4364344859496,39111.606552264,828.8323481929983,0.021661575065873864,68.39591370704875,9.451262471760698e-05,0.0320778414607048,False,False,0.0320778414607048
s-004,after_common_greedy_prefix,8,10,0,-1.6810899669999344,417.329057135,417.329057135,417.329057135,760.4364344859496,417.329057135,415.6479671680001,0.0,0.0,0.0,0.02664102613925934,False,True,
s-004,after_common_greedy_prefix,8,10,1,-1.6810899669999344,417.329057135,417.329057135,417.329057135,760.4364344859496,417.329057135,415.6479671680001,0.0,0.0,0.0,0.02673390880227089,False,True,
s-004,after_common_greedy_prefix,9,10,0,-8330.248612071,9090.685046557,14332.500035274,6918.551397987899,760.4364344859496,9857.460546186001,1527.211934115001,0.08434738369023229,766.7754996290514,0.0010595657124999782,0.028590478003025055,False,False,0.028590478003025055
s-004,after_common_greedy_prefix,9,10,1,-8330.248612071,9090.685046557,14332.500035274,6918.551397987899,760.4364344859496,9857.460546186001,1527.211934115001,0.08434738369023229,766.7754996290514,0.0010595657124999782,0.029158148914575577,False,False,0.029158148914575577
s-004,after_common_greedy_prefix,10,10,0,-36470.927252458,37121.843931224,59430.31235912,29899.70291543049,760.4364344859496,38281.621792569,1810.6945401109988,0.031242463695869492,1050.2581056250492,0.001451295038161546,0.030372876673936844,False,False,0.030372876673936844
s-004,after_common_greedy_prefix,10,10,1,-36470.927252458,37121.843931224,59430.31235912,29899.70291543049,760.4364344859496,38281.621792569,1810.6945401109988,0.031242463695869492,1050.2581056250492,0.001451295038161546,0.030049171298742294,False,False,0.030049171298742294
s-005,after_one_actual_history_call,0,200,0,-9858.6987832,9858.6987832,21486.436350216,7449.850070049656,760.4364344859496,10889.564926397,1030.8661431970013,0.10456411803083776,270.4297087110517,0.0003736922308162007,0.22063596919178963,False,False,0.22063596919178963
s-005,after_one_actual_history_call,0,200,1,-9858.6987832,9858.6987832,21486.436350216,7449.850070049656,760.4364344859496,10889.564926397,1030.8661431970013,0.10456411803083776,270.4297087110517,0.0003736922308162007,0.22035711258649826,False,False,0.22035711258649826
s-005,after_one_actual_history_call,0,1000,0,-9858.6987832,9858.6987832,21486.436350216,7449.850070049656,760.4364344859496,10889.564926397,1030.8661431970013,0.10456411803083776,270.4297087110517,0.0003736922308162007,1.0198138244450092,False,False,1.0198138244450092
s-005,after_one_actual_history_call,0,1000,1,-9858.6987832,9858.6987832,21486.436350216,7449.850070049656,760.4364344859496,10889.564926397,1030.8661431970013,0.10456411803083776,270.4297087110517,0.0003736922308162007,1.0201847702264786,False,False,1.0201847702264786
s-005,after_one_actual_history_call,1,200,0,-35830.357139518,35830.357139518,61041.898050982,31847.924523386842,760.4364344859496,36811.22001859,980.8628790720031,0.027375191245029216,220.42644458605355,0.0003045954166827814,0.22218237072229385,False,False,0.22218237072229385
s-005,after_one_actual_history_call,1,200,1,-35830.357139518,35830.357139518,61041.898050982,31847.924523386842,760.4364344859496,36811.22001859,980.8628790720031,0.027375191245029216,220.42644458605355,0.0003045954166827814,0.22219855338335037,False,False,0.22219855338335037
s-005,after_one_actual_history_call,1,1000,0,-35830.357139518,35830.357139518,61041.898050982,31847.924523386842,760.4364344859496,36811.22001859,980.8628790720031,0.027375191245029216,220.42644458605355,0.0003045954166827814,1.0210626609623432,False,False,1.0210626609623432
s-005,after_one_actual_history_call,1,1000,1,-35830.357139518,35830.357139518,61041.898050982,31847.924523386842,760.4364344859496,36811.22001859,980.8628790720031,0.027375191245029216,220.42644458605355,0.0003045954166827814,1.0208934992551804,False,False,1.0208934992551804
s-005,after_one_actual_history_call,2,200,0,-0.1744706160000078,0.0,0.0,0.0,760.4364344859496,0.0,-0.1744706160000078,0.0,0.0,0.0,0.002478174865245819,False,True,
s-005,after_one_actual_history_call,2,200,1,-0.1744706160000078,0.0,0.0,0.0,760.4364344859496,0.0,-0.1744706160000078,0.0,0.0,0.0,0.002323675900697708,False,True,
s-005,after_one_actual_history_call,2,1000,0,-0.1744706160000078,0.0,0.0,0.0,760.4364344859496,0.0,-0.1744706160000078,0.0,0.0,0.0,0.0041686296463012695,False,True,
s-005,after_one_actual_history_call,2,1000,1,-0.1744706160000078,0.0,0.0,0.0,760.4364344859496,0.0,-0.1744706160000078,0.0,0.0,0.0,0.004604320973157883,False,True,
s-005,after_one_actual_history_call,3,200,0,-10218.220600184999,10534.828872251,18234.556616946,7698.903508023007,760.4364344859496,11179.223946132,961.0033459470014,0.06116806278442286,200.56691146105186,0.00027715259883624195,0.22028309851884842,False,False,0.22028309851884842
s-005,after_one_actual_history_call,3,200,1,-10218.220600184999,10534.828872251,18234.556616946,7698.903508023007,760.4364344859496,11179.223946132,961.0033459470014,0.06116806278442286,200.56691146105186,0.00027715259883624195,0.22116092592477798,False,False,0.22116092592477798
s-005,after_one_actual_history_call,3,1000,0,-10218.220600184999,10534.828872251,18234.556616946,7698.903508023007,760.4364344859496,11179.223946132,961.0033459470014,0.06116806278442286,200.56691146105186,0.00027715259883624195,1.0217799432575703,False,False,1.0217799432575703
s-005,after_one_actual_history_call,3,1000,1,-10218.220600184999,10534.828872251,18234.556616946,7698.903508023007,760.4364344859496,11179.223946132,961.0033459470014,0.06116806278442286,200.56691146105186,0.00027715259883624195,1.020004816353321,False,False,1.020004816353321
s-005,after_one_actual_history_call,4,200,0,-38004.481252422,38004.306781806,65517.27216663,34168.060062589,760.4364344859496,38949.490985425,945.0097330029967,0.024870449789956228,184.57329851704708,0.00025505188760764695,0.22169342637062073,False,False,0.22169342637062073
s-005,after_one_actual_history_call,4,200,1,-38004.481252422,38004.306781806,65517.27216663,34168.060062589,760.4364344859496,38949.490985425,945.0097330029967,0.024870449789956228,184.57329851704708,0.00025505188760764695,0.22250594198703766,False,False,0.22250594198703766
s-005,after_one_actual_history_call,4,1000,0,-38004.481252422,38004.306781806,65517.27216663,34168.060062589,760.4364344859496,38949.490985425,945.0097330029967,0.024870449789956228,184.57329851704708,0.00025505188760764695,1.0221938006579876,False,False,1.0221938006579876
s-005,after_one_actual_history_call,4,1000,1,-38004.481252422,38004.306781806,65517.27216663,34168.060062589,760.4364344859496,38949.490985425,945.0097330029967,0.024870449789956228,184.57329851704708,0.00025505188760764695,1.020501147955656,False,False,1.020501147955656
s-005,after_one_actual_history_call,5,200,0,-0.4236617770000066,396.673308065,396.673308065,396.673308065,760.4364344859496,396.673308065,396.249646288,0.0,0.0,0.0,0.21753502264618874,False,True,
s-005,after_one_actual_history_call,5,200,1,-0.4236617770000066,396.673308065,396.673308065,396.673308065,760.4364344859496,396.673308065,396.249646288,0.0,0.0,0.0,0.21751084551215172,False,True,
s-005,after_one_actual_history_call,5,1000,0,-0.4236617770000066,396.673308065,396.673308065,396.673308065,760.4364344859496,396.673308065,396.249646288,0.0,0.0,0.0,1.0180321969091892,False,True,
s-005,after_one_actual_history_call,5,1000,1,-0.4236617770000066,396.673308065,396.673308065,396.673308065,760.4364344859496,396.673308065,396.249646288,0.0,0.0,0.0,1.017666470259428,False,True,
s-005,after_one_actual_history_call,6,200,0,-9394.603988226001,9922.816909396,14286.105090773,6845.179109935823,760.4364344859496,10300.535625497,905.9316372709982,0.03806567424854264,145.4952027850486,0.00020105197450733466,0.21867958828806877,False,False,0.21867958828806877
s-005,after_one_actual_history_call,6,200,1,-9394.603988226001,9922.816909396,14286.105090773,6845.179109935823,760.4364344859496,10300.535625497,905.9316372709982,0.03806567424854264,145.4952027850486,0.00020105197450733466,0.2181711345911026,False,False,0.2181711345911026
s-005,after_one_actual_history_call,6,1000,0,-9394.603988226001,9922.816909396,14286.105090773,6845.179109935823,760.4364344859496,10300.535625497,905.9316372709982,0.03806567424854264,145.4952027850486,0.00020105197450733466,1.0185657888650894,False,False,1.0185657888650894
s-005,after_one_actual_history_call,6,1000,1,-9394.603988226001,9922.816909396,14286.105090773,6845.179109935823,760.4364344859496,10300.535625497,905.9316372709982,0.03806567424854264,145.4952027850486,0.00020105197450733466,1.0204860866069794,False,False,1.0204860866069794
s-005,after_one_actual_history_call,7,200,0,-38282.774204071,38282.350542294,66259.258854734,32115.902713296568,760.4364344859496,39111.606552264,828.8323481929983,0.021661575065873864,68.39591370704875,9.451262471760698e-05,0.22177327796816826,False,False,0.22177327796816826
s-005,after_one_actual_history_call,7,200,1,-38282.774204071,38282.350542294,66259.258854734,32115.902713296568,760.4364344859496,39111.606552264,828.8323481929983,0.021661575065873864,68.39591370704875,9.451262471760698e-05,0.22160855680704117,False,False,0.22160855680704117
s-005,after_one_actual_history_call,7,1000,0,-38282.774204071,38282.350542294,66259.258854734,32115.902713296568,760.4364344859496,39111.606552264,828.8323481929983,0.021661575065873864,68.39591370704875,9.451262471760698e-05,1.022019349038601,False,False,1.022019349038601
s-005,after_one_actual_history_call,7,1000,1,-38282.774204071,38282.350542294,66259.258854734,32115.902713296568,760.4364344859496,39111.606552264,828.8323481929983,0.021661575065873864,68.39591370704875,9.451262471760698e-05,1.0204430781304836,False,False,1.0204430781304836
s-005,after_one_actual_history_call,8,200,0,-1.6810899669999344,417.329057135,417.329057135,417.329057135,760.4364344859496,417.329057135,415.6479671680001,0.0,0.0,0.0,0.2184041365981102,False,True,
s-005,after_one_actual_history_call,8,200,1,-1.6810899669999344,417.329057135,417.329057135,417.329057135,760.4364344859496,417.329057135,415.6479671680001,0.0,0.0,0.0,0.2178523875772953,False,True,
s-005,after_one_actual_history_call,8,1000,0,-1.6810899669999344,417.329057135,417.329057135,417.329057135,760.4364344859496,417.329057135,415.6479671680001,0.0,0.0,0.0,1.0165584832429886,False,True,
s-005,after_one_actual_history_call,8,1000,1,-1.6810899669999344,417.329057135,417.329057135,417.329057135,760.4364344859496,417.329057135,415.6479671680001,0.0,0.0,0.0,1.0156749077141285,False,True,
s-005,after_one_actual_history_call,9,200,0,-8330.248612071,9090.685046557,14332.500035274,6918.551397987899,760.4364344859496,9857.460546186001,1527.211934115001,0.08434738369023229,766.7754996290514,0.0010595657124999782,0.21709643676877022,False,False,0.21709643676877022
s-005,after_one_actual_history_call,9,200,1,-8330.248612071,9090.685046557,14332.500035274,6918.551397987899,760.4364344859496,9857.460546186001,1527.211934115001,0.08434738369023229,766.7754996290514,0.0010595657124999782,0.21740366891026497,False,False,0.21740366891026497
s-005,after_one_actual_history_call,9,1000,0,-8330.248612071,9090.685046557,14332.500035274,6918.551397987899,760.4364344859496,9857.460546186001,1527.211934115001,0.08434738369023229,766.7754996290514,0.0010595657124999782,1.018921583890915,False,False,1.018921583890915
s-005,after_one_actual_history_call,9,1000,1,-8330.248612071,9090.685046557,14332.500035274,6918.551397987899,760.4364344859496,9857.460546186001,1527.211934115001,0.08434738369023229,766.7754996290514,0.0010595657124999782,1.018320370465517,False,False,1.018320370465517
s-005,after_one_actual_history_call,10,200,0,-36470.927252458,37121.843931224,59430.31235912,29899.70291543049,760.4364344859496,38281.621792569,1810.6945401109988,0.031242463695869492,1050.2581056250492,0.001451295038161546,0.22057784721255302,False,False,0.22057784721255302
s-005,after_one_actual_history_call,10,200,1,-36470.927252458,37121.843931224,59430.31235912,29899.70291543049,760.4364344859496,38281.621792569,1810.6945401109988,0.031242463695869492,1050.2581056250492,0.001451295038161546,0.21906104683876038,False,False,0.21906104683876038
s-005,after_one_actual_history_call,10,1000,0,-36470.927252458,37121.843931224,59430.31235912,29899.70291543049,760.4364344859496,38281.621792569,1810.6945401109988,0.031242463695869492,1050.2581056250492,0.001451295038161546,1.020732332020998,False,False,1.020732332020998
s-005,after_one_actual_history_call,10,1000,1,-36470.927252458,37121.843931224,59430.31235912,29899.70291543049,760.4364344859496,38281.621792569,1810.6945401109988,0.031242463695869492,1050.2581056250492,0.001451295038161546,1.0200085453689098,False,False,1.0200085453689098
s-005,after_one_actual_history_call,0,50,0,-9858.6987832,9858.6987832,21486.436350216,7449.850070049656,760.4364344859496,10889.564926397,1030.8661431970013,0.10456411803083776,270.4297087110517,0.0003736922308162007,0.07119282335042953,False,False,0.07119282335042953
s-005,after_one_actual_history_call,0,50,1,-9858.6987832,9858.6987832,21486.436350216,7449.850070049656,760.4364344859496,10889.564926397,1030.8661431970013,0.10456411803083776,270.4297087110517,0.0003736922308162007,0.07078596204519272,False,False,0.07078596204519272
s-005,after_one_actual_history_call,1,50,0,-35830.357139518,35830.357139518,61041.898050982,31847.924523386842,760.4364344859496,36811.22001859,980.8628790720031,0.027375191245029216,220.42644458605355,0.0003045954166827814,0.07017578557133675,False,False,0.07017578557133675
s-005,after_one_actual_history_call,1,50,1,-35830.357139518,35830.357139518,61041.898050982,31847.924523386842,760.4364344859496,36811.22001859,980.8628790720031,0.027375191245029216,220.42644458605355,0.0003045954166827814,0.06983595713973045,False,False,0.06983595713973045
s-005,after_one_actual_history_call,2,50,0,-0.1744706160000078,0.0,0.0,0.0,760.4364344859496,0.0,-0.1744706160000078,0.0,0.0,0.0,0.003516320139169693,False,True,
s-005,after_one_actual_history_call,2,50,1,-0.1744706160000078,0.0,0.0,0.0,760.4364344859496,0.0,-0.1744706160000078,0.0,0.0,0.0,0.0034629590809345245,False,True,
s-005,after_one_actual_history_call,3,50,0,-10218.220600184999,10534.828872251,18234.556616946,7698.903508023007,760.4364344859496,11179.223946132,961.0033459470014,0.06116806278442286,200.56691146105186,0.00027715259883624195,0.06905313581228256,False,False,0.06905313581228256
s-005,after_one_actual_history_call,3,50,1,-10218.220600184999,10534.828872251,18234.556616946,7698.903508023007,760.4364344859496,11179.223946132,961.0033459470014,0.06116806278442286,200.56691146105186,0.00027715259883624195,0.06891238689422607,False,False,0.06891238689422607
s-005,after_one_actual_history_call,4,50,0,-38004.481252422,38004.306781806,65517.27216663,34168.060062589,760.4364344859496,38949.490985425,945.0097330029967,0.024870449789956228,184.57329851704708,0.00025505188760764695,0.0702633410692215,False,False,0.0702633410692215
s-005,after_one_actual_history_call,4,50,1,-38004.481252422,38004.306781806,65517.27216663,34168.060062589,760.4364344859496,38949.490985425,945.0097330029967,0.024870449789956228,184.57329851704708,0.00025505188760764695,0.07041602954268456,False,False,0.07041602954268456
s-005,after_one_actual_history_call,5,50,0,-0.4236617770000066,396.673308065,396.673308065,396.673308065,760.4364344859496,396.673308065,396.249646288,0.0,0.0,0.0,0.06656289473176003,False,True,
s-005,after_one_actual_history_call,5,50,1,-0.4236617770000066,396.673308065,396.673308065,396.673308065,760.4364344859496,396.673308065,396.249646288,0.0,0.0,0.0,0.06561192870140076,False,True,
s-005,after_one_actual_history_call,6,50,0,-9394.603988226001,9922.816909396,14286.105090773,6845.179109935823,760.4364344859496,10300.535625497,905.9316372709982,0.03806567424854264,145.4952027850486,0.00020105197450733466,0.06777757406234741,False,False,0.06777757406234741
s-005,after_one_actual_history_call,6,50,1,-9394.603988226001,9922.816909396,14286.105090773,6845.179109935823,760.4364344859496,10300.535625497,905.9316372709982,0.03806567424854264,145.4952027850486,0.00020105197450733466,0.06774820387363434,False,False,0.06774820387363434
s-005,after_one_actual_history_call,7,50,0,-38282.774204071,38282.350542294,66259.258854734,32115.902713296568,760.4364344859496,39111.606552264,828.8323481929983,0.021661575065873864,68.39591370704875,9.451262471760698e-05,0.07060889899730682,False,False,0.07060889899730682
s-005,after_one_actual_history_call,7,50,1,-38282.774204071,38282.350542294,66259.258854734,32115.902713296568,760.4364344859496,39111.606552264,828.8323481929983,0.021661575065873864,68.39591370704875,9.451262471760698e-05,0.07042548060417175,False,False,0.07042548060417175
s-005,after_one_actual_history_call,8,50,0,-1.6810899669999344,417.329057135,417.329057135,417.329057135,760.4364344859496,417.329057135,415.6479671680001,0.0,0.0,0.0,0.06560970097780228,False,True,
s-005,after_one_actual_history_call,8,50,1,-1.6810899669999344,417.329057135,417.329057135,417.329057135,760.4364344859496,417.329057135,415.6479671680001,0.0,0.0,0.0,0.0661853477358818,False,True,
s-005,after_one_actual_history_call,9,50,0,-8330.248612071,9090.685046557,14332.500035274,6918.551397987899,760.4364344859496,9857.460546186001,1527.211934115001,0.08434738369023229,766.7754996290514,0.0010595657124999782,0.06816248223185539,False,False,0.06816248223185539
s-005,after_one_actual_history_call,9,50,1,-8330.248612071,9090.685046557,14332.500035274,6918.551397987899,760.4364344859496,9857.460546186001,1527.211934115001,0.08434738369023229,766.7754996290514,0.0010595657124999782,0.06846298649907112,False,False,0.06846298649907112
s-005,after_one_actual_history_call,10,50,0,-36470.927252458,37121.843931224,59430.31235912,29899.70291543049,760.4364344859496,38281.621792569,1810.6945401109988,0.031242463695869492,1050.2581056250492,0.001451295038161546,0.07093203067779541,False,False,0.07093203067779541
s-005,after_one_actual_history_call,10,50,1,-36470.927252458,37121.843931224,59430.31235912,29899.70291543049,760.4364344859496,38281.621792569,1810.6945401109988,0.031242463695869492,1050.2581056250492,0.001451295038161546,0.07127898558974266,False,False,0.07127898558974266
s-005,after_one_actual_history_call,0,10,0,-9858.6987832,9858.6987832,21486.436350216,7449.850070049656,760.4364344859496,10889.564926397,1030.8661431970013,0.10456411803083776,270.4297087110517,0.0003736922308162007,0.03141147643327713,False,False,0.03141147643327713
s-005,after_one_actual_history_call,0,10,1,-9858.6987832,9858.6987832,21486.436350216,7449.850070049656,760.4364344859496,10889.564926397,1030.8661431970013,0.10456411803083776,270.4297087110517,0.0003736922308162007,0.031029310077428818,False,False,0.031029310077428818
s-005,after_one_actual_history_call,1,10,0,-35830.357139518,35830.357139518,61041.898050982,31847.924523386842,760.4364344859496,36811.22001859,980.8628790720031,0.027375191245029216,220.42644458605355,0.0003045954166827814,0.030988916754722595,False,False,0.030988916754722595
s-005,after_one_actual_history_call,1,10,1,-35830.357139518,35830.357139518,61041.898050982,31847.924523386842,760.4364344859496,36811.22001859,980.8628790720031,0.027375191245029216,220.42644458605355,0.0003045954166827814,0.031231380999088287,False,False,0.031231380999088287
s-005,after_one_actual_history_call,2,10,0,-0.1744706160000078,0.0,0.0,0.0,760.4364344859496,0.0,-0.1744706160000078,0.0,0.0,0.0,0.003513667732477188,False,True,
s-005,after_one_actual_history_call,2,10,1,-0.1744706160000078,0.0,0.0,0.0,760.4364344859496,0.0,-0.1744706160000078,0.0,0.0,0.0,0.0034794025123119354,False,True,
s-005,after_one_actual_history_call,3,10,0,-10218.220600184999,10534.828872251,18234.556616946,7698.903508023007,760.4364344859496,11150.600933065,932.3803328800004,0.058451073888438544,171.94389839405085,0.0002376000006521514,0.02978682890534401,False,False,0.02978682890534401
s-005,after_one_actual_history_call,3,10,1,-10218.220600184999,10534.828872251,18234.556616946,7698.903508023007,760.4364344859496,11150.600933065,932.3803328800004,0.058451073888438544,171.94389839405085,0.0002376000006521514,0.031640417873859406,False,False,0.031640417873859406
s-005,after_one_actual_history_call,4,10,0,-38004.481252422,38004.306781806,65517.27216663,34168.060062589,760.4364344859496,38898.904923699,894.4236712769998,0.023539388496918407,133.98723679105024,0.00018514973689834048,0.031274423003196716,False,False,0.031274423003196716
s-005,after_one_actual_history_call,4,10,1,-38004.481252422,38004.306781806,65517.27216663,34168.060062589,760.4364344859496,38898.904923699,894.4236712769998,0.023539388496918407,133.98723679105024,0.00018514973689834048,0.0318196602165699,False,False,0.0318196602165699
s-005,after_one_actual_history_call,5,10,0,-0.4236617770000066,396.673308065,396.673308065,396.673308065,760.4364344859496,396.673308065,396.249646288,0.0,0.0,0.0,0.0275510735809803,False,True,
s-005,after_one_actual_history_call,5,10,1,-0.4236617770000066,396.673308065,396.673308065,396.673308065,760.4364344859496,396.673308065,396.249646288,0.0,0.0,0.0,0.026936449110507965,False,True,
s-005,after_one_actual_history_call,6,10,0,-9394.603988226001,9922.816909396,14286.105090773,6845.179109935823,760.4364344859496,10300.535625497,905.9316372709982,0.03806567424854264,145.4952027850486,0.00020105197450733466,0.028891272842884064,False,False,0.028891272842884064
s-005,after_one_actual_history_call,6,10,1,-9394.603988226001,9922.816909396,14286.105090773,6845.179109935823,760.4364344859496,10300.535625497,905.9316372709982,0.03806567424854264,145.4952027850486,0.00020105197450733466,0.029015876352787018,False,False,0.029015876352787018
s-005,after_one_actual_history_call,7,10,0,-38282.774204071,38282.350542294,66259.258854734,32115.902713296568,760.4364344859496,39111.606552264,828.8323481929983,0.021661575065873864,68.39591370704875,9.451262471760698e-05,0.032047104090452194,False,False,0.032047104090452194
s-005,after_one_actual_history_call,7,10,1,-38282.774204071,38282.350542294,66259.258854734,32115.902713296568,760.4364344859496,39111.606552264,828.8323481929983,0.021661575065873864,68.39591370704875,9.451262471760698e-05,0.03207969665527344,False,False,0.03207969665527344
s-005,after_one_actual_history_call,8,10,0,-1.6810899669999344,417.329057135,417.329057135,417.329057135,760.4364344859496,417.329057135,415.6479671680001,0.0,0.0,0.0,0.0276312418282032,False,True,
s-005,after_one_actual_history_call,8,10,1,-1.6810899669999344,417.329057135,417.329057135,417.329057135,760.4364344859496,417.329057135,415.6479671680001,0.0,0.0,0.0,0.02715921401977539,False,True,
s-005,after_one_actual_history_call,9,10,0,-8330.248612071,9090.685046557,14332.500035274,6918.551397987899,760.4364344859496,9857.460546186001,1527.211934115001,0.08434738369023229,766.7754996290514,0.0010595657124999782,0.028767410665750504,False,False,0.028767410665750504
s-005,after_one_actual_history_call,9,10,1,-8330.248612071,9090.685046557,14332.500035274,6918.551397987899,760.4364344859496,9857.460546186001,1527.211934115001,0.08434738369023229,766.7754996290514,0.0010595657124999782,0.02882736176252365,False,False,0.02882736176252365
s-005,after_one_actual_history_call,10,10,0,-36470.927252458,37121.843931224,59430.31235912,29899.70291543049,760.4364344859496,38281.621792569,1810.6945401109988,0.031242463695869492,1050.2581056250492,0.001451295038161546,0.031166285276412964,False,False,0.031166285276412964
s-005,after_one_actual_history_call,10,10,1,-36470.927252458,37121.843931224,59430.31235912,29899.70291543049,760.4364344859496,38281.621792569,1810.6945401109988,0.031242463695869492,1050.2581056250492,0.001451295038161546,0.03059072047472,False,False,0.03059072047472
s-006,after_common_greedy_prefix,0,200,0,-10079.663672012999,10408.141395063,21657.815213374,7508.009456448561,760.4364344859496,10771.201911768,691.5382397550002,0.03488235823518059,0.0,0.0,0.21964000910520554,False,False,
s-006,after_common_greedy_prefix,0,200,1,-10079.663672012999,10408.141395063,21657.815213374,7508.009456448561,760.4364344859496,10771.201911768,691.5382397550002,0.03488235823518059,0.0,0.0,0.22095488384366035,False,False,
s-006,after_common_greedy_prefix,0,1000,0,-10079.663672012999,10408.141395063,21657.815213374,7508.009456448561,760.4364344859496,10771.201911768,691.5382397550002,0.03488235823518059,0.0,0.0,1.02007257938385,False,False,
s-006,after_common_greedy_prefix,0,1000,1,-10079.663672012999,10408.141395063,21657.815213374,7508.009456448561,760.4364344859496,10771.201911768,691.5382397550002,0.03488235823518059,0.0,0.0,1.0195154659450054,False,False,
s-006,after_common_greedy_prefix,1,200,0,-36923.603706905,36923.603706905,56616.857346966,32586.10422675781,760.4364344859496,37101.732368943,178.12866203799786,0.004824249102334679,0.0,0.0,0.22010554745793343,False,False,
s-006,after_common_greedy_prefix,1,200,1,-36923.603706905,36923.603706905,56616.857346966,32586.10422675781,760.4364344859496,37101.732368943,178.12866203799786,0.004824249102334679,0.0,0.0,0.21973388642072678,False,False,
s-006,after_common_greedy_prefix,1,1000,0,-36923.603706905,36923.603706905,56616.857346966,32586.10422675781,760.4364344859496,37101.732368943,178.12866203799786,0.004824249102334679,0.0,0.0,1.0197587311267853,False,False,
s-006,after_common_greedy_prefix,1,1000,1,-36923.603706905,36923.603706905,56616.857346966,32586.10422675781,760.4364344859496,37101.732368943,178.12866203799786,0.004824249102334679,0.0,0.0,1.0200615599751472,False,False,
s-006,after_common_greedy_prefix,2,200,0,-0.1744706160000078,0.0,0.0,0.0,760.4364344859496,0.0,-0.1744706160000078,0.0,0.0,0.0,0.0037074796855449677,False,True,
s-006,after_common_greedy_prefix,2,200,1,-0.1744706160000078,0.0,0.0,0.0,760.4364344859496,0.0,-0.1744706160000078,0.0,0.0,0.0,0.0036951787769794464,False,True,
s-006,after_common_greedy_prefix,2,1000,0,-0.1744706160000078,0.0,0.0,0.0,760.4364344859496,0.0,-0.1744706160000078,0.0,0.0,0.0,0.0035832226276397705,False,True,
s-006,after_common_greedy_prefix,2,1000,1,-0.1744706160000078,0.0,0.0,0.0,760.4364344859496,0.0,-0.1744706160000078,0.0,0.0,0.0,0.003572240471839905,False,True,
s-006,after_common_greedy_prefix,3,200,0,-10329.629649071,10646.237921136999,17699.074377565,7473.033662096557,760.4364344859496,10845.836613212,516.2069641410017,0.018748283999807998,0.0,0.0,0.21800827607512474,False,False,
s-006,after_common_greedy_prefix,3,200,1,-10329.629649071,10646.237921136999,17699.074377565,7473.033662096557,760.4364344859496,10845.836613212,516.2069641410017,0.018748283999807998,0.0,0.0,0.21721288934350014,False,False,
s-006,after_common_greedy_prefix,3,1000,0,-10329.629649071,10646.237921136999,17699.074377565,7473.033662096557,760.4364344859496,10845.836613212,516.2069641410017,0.018748283999807998,0.0,0.0,1.0183188430964947,False,False,
s-006,after_common_greedy_prefix,3,1000,1,-10329.629649071,10646.237921136999,17699.074377565,7473.033662096557,760.4364344859496,10845.836613212,516.2069641410017,0.018748283999807998,0.0,0.0,1.0184499509632587,False,False,
s-006,after_common_greedy_prefix,4,200,0,-37938.247009646,37938.07253903,64169.012169013,33995.843603646,760.4364344859496,38883.256742649,945.0097330029967,0.024913869903290708,184.57329851704708,0.00025505188760764695,0.22054756805300713,False,False,0.22054756805300713
s-006,after_common_greedy_prefix,4,200,1,-37938.247009646,37938.07253903,64169.012169013,33995.843603646,760.4364344859496,38883.256742649,945.0097330029967,0.024913869903290708,184.57329851704708,0.00025505188760764695,0.21935511752963066,False,False,0.21935511752963066
s-006,after_common_greedy_prefix,4,1000,0,-37938.247009646,37938.07253903,64169.012169013,33995.843603646,760.4364344859496,38883.256742649,945.0097330029967,0.024913869903290708,184.57329851704708,0.00025505188760764695,1.0203749872744083,False,False,1.0203749872744083
s-006,after_common_greedy_prefix,4,1000,1,-37938.247009646,37938.07253903,64169.012169013,33995.843603646,760.4364344859496,38883.256742649,945.0097330029967,0.024913869903290708,184.57329851704708,0.00025505188760764695,1.0217298083007336,False,False,1.0217298083007336
s-006,after_common_greedy_prefix,5,200,0,-0.4236617770000066,396.673308065,396.673308065,396.673308065,760.4364344859496,396.673308065,396.249646288,0.0,0.0,0.0,0.21808438003063202,False,True,
s-006,after_common_greedy_prefix,5,200,1,-0.4236617770000066,396.673308065,396.673308065,396.673308065,760.4364344859496,396.673308065,396.249646288,0.0,0.0,0.0,0.21600044146180153,False,True,
s-006,after_common_greedy_prefix,5,1000,0,-0.4236617770000066,396.673308065,396.673308065,396.673308065,760.4364344859496,396.673308065,396.249646288,0.0,0.0,0.0,1.0159517526626587,False,True,
s-006,after_common_greedy_prefix,5,1000,1,-0.4236617770000066,396.673308065,396.673308065,396.673308065,760.4364344859496,396.673308065,396.249646288,0.0,0.0,0.0,1.0162944234907627,False,True,
s-006,after_common_greedy_prefix,6,200,0,-9394.603988226001,9922.816909396,14286.105090773,6845.179109935823,760.4364344859496,10300.535625497,905.9316372709982,0.03806567424854264,145.4952027850486,0.00020105197450733466,0.21818803623318672,False,False,0.21818803623318672
s-006,after_common_greedy_prefix,6,200,1,-9394.603988226001,9922.816909396,14286.105090773,6845.179109935823,760.4364344859496,10300.535625497,905.9316372709982,0.03806567424854264,145.4952027850486,0.00020105197450733466,0.2192130982875824,False,False,0.2192130982875824
s-006,after_common_greedy_prefix,6,1000,0,-9394.603988226001,9922.816909396,14286.105090773,6845.179109935823,760.4364344859496,10300.535625497,905.9316372709982,0.03806567424854264,145.4952027850486,0.00020105197450733466,1.0181758776307106,False,False,1.0181758776307106
s-006,after_common_greedy_prefix,6,1000,1,-9394.603988226001,9922.816909396,14286.105090773,6845.179109935823,760.4364344859496,10300.535625497,905.9316372709982,0.03806567424854264,145.4952027850486,0.00020105197450733466,1.017645362764597,False,False,1.017645362764597
s-006,after_common_greedy_prefix,7,200,0,-38282.774204071,38282.350542294,66259.258854734,32115.902713296568,760.4364344859496,39111.606552264,828.8323481929983,0.021661575065873864,68.39591370704875,9.451262471760698e-05,0.21976739540696144,False,False,0.21976739540696144
s-006,after_common_greedy_prefix,7,200,1,-38282.774204071,38282.350542294,66259.258854734,32115.902713296568,760.4364344859496,39111.606552264,828.8323481929983,0.021661575065873864,68.39591370704875,9.451262471760698e-05,0.21959886327385902,False,False,0.21959886327385902
s-006,after_common_greedy_prefix,7,1000,0,-38282.774204071,38282.350542294,66259.258854734,32115.902713296568,760.4364344859496,39111.606552264,828.8323481929983,0.021661575065873864,68.39591370704875,9.451262471760698e-05,1.0206127651035786,False,False,1.0206127651035786
s-006,after_common_greedy_prefix,7,1000,1,-38282.774204071,38282.350542294,66259.258854734,32115.902713296568,760.4364344859496,39111.606552264,828.8323481929983,0.021661575065873864,68.39591370704875,9.451262471760698e-05,1.0208278149366379,False,False,1.0208278149366379
s-006,after_common_greedy_prefix,8,200,0,-1.6810899669999344,417.329057135,417.329057135,417.329057135,760.4364344859496,417.329057135,415.6479671680001,0.0,0.0,0.0,0.21556205675005913,False,True,
s-006,after_common_greedy_prefix,8,200,1,-1.6810899669999344,417.329057135,417.329057135,417.329057135,760.4364344859496,417.329057135,415.6479671680001,0.0,0.0,0.0,0.21592334285378456,False,True,
s-006,after_common_greedy_prefix,8,1000,0,-1.6810899669999344,417.329057135,417.329057135,417.329057135,760.4364344859496,417.329057135,415.6479671680001,0.0,0.0,0.0,1.0161015577614307,False,True,
s-006,after_common_greedy_prefix,8,1000,1,-1.6810899669999344,417.329057135,417.329057135,417.329057135,760.4364344859496,417.329057135,415.6479671680001,0.0,0.0,0.0,1.01554636657238,False,True,
s-006,after_common_greedy_prefix,9,200,0,-8330.248612071,9090.685046557,14332.500035274,6918.551397987899,760.4364344859496,9857.460546186001,1527.211934115001,0.08434738369023229,766.7754996290514,0.0010595657124999782,0.21788256987929344,False,False,0.21788256987929344
s-006,after_common_greedy_prefix,9,200,1,-8330.248612071,9090.685046557,14332.500035274,6918.551397987899,760.4364344859496,9857.460546186001,1527.211934115001,0.08434738369023229,766.7754996290514,0.0010595657124999782,0.21798360347747803,False,False,0.21798360347747803
s-006,after_common_greedy_prefix,9,1000,0,-8330.248612071,9090.685046557,14332.500035274,6918.551397987899,760.4364344859496,9857.460546186001,1527.211934115001,0.08434738369023229,766.7754996290514,0.0010595657124999782,1.0178420431911945,False,False,1.0178420431911945
s-006,after_common_greedy_prefix,9,1000,1,-8330.248612071,9090.685046557,14332.500035274,6918.551397987899,760.4364344859496,9857.460546186001,1527.211934115001,0.08434738369023229,766.7754996290514,0.0010595657124999782,1.017715696245432,False,False,1.017715696245432
s-006,after_common_greedy_prefix,10,200,0,-36470.927252458,37121.843931224,59430.31235912,29899.70291543049,760.4364344859496,38281.621792569,1810.6945401109988,0.031242463695869492,1050.2581056250492,0.001451295038161546,0.22012974694371223,False,False,0.22012974694371223
s-006,after_common_greedy_prefix,10,200,1,-36470.927252458,37121.843931224,59430.31235912,29899.70291543049,760.4364344859496,38281.621792569,1810.6945401109988,0.031242463695869492,1050.2581056250492,0.001451295038161546,0.22033481672406197,False,False,0.22033481672406197
s-006,after_common_greedy_prefix,10,1000,0,-36470.927252458,37121.843931224,59430.31235912,29899.70291543049,760.4364344859496,38281.621792569,1810.6945401109988,0.031242463695869492,1050.2581056250492,0.001451295038161546,1.021029308438301,False,False,1.021029308438301
s-006,after_common_greedy_prefix,10,1000,1,-36470.927252458,37121.843931224,59430.31235912,29899.70291543049,760.4364344859496,38281.621792569,1810.6945401109988,0.031242463695869492,1050.2581056250492,0.001451295038161546,1.019951295107603,False,False,1.019951295107603
s-006,after_common_greedy_prefix,0,50,0,-10079.663672012999,10408.141395063,21657.815213374,7508.009456448561,760.4364344859496,10771.201911768,691.5382397550002,0.03488235823518059,0.0,0.0,0.07188009098172188,False,False,
s-006,after_common_greedy_prefix,0,50,1,-10079.663672012999,10408.141395063,21657.815213374,7508.009456448561,760.4364344859496,10771.201911768,691.5382397550002,0.03488235823518059,0.0,0.0,0.07150998339056969,False,False,
s-006,after_common_greedy_prefix,1,50,0,-36923.603706905,36923.603706905,56616.857346966,32586.10422675781,760.4364344859496,37101.732368943,178.12866203799786,0.004824249102334679,0.0,0.0,0.07034763693809509,False,False,
s-006,after_common_greedy_prefix,1,50,1,-36923.603706905,36923.603706905,56616.857346966,32586.10422675781,760.4364344859496,37101.732368943,178.12866203799786,0.004824249102334679,0.0,0.0,0.07152803987264633,False,False,
s-006,after_common_greedy_prefix,2,50,0,-0.1744706160000078,0.0,0.0,0.0,760.4364344859496,0.0,-0.1744706160000078,0.0,0.0,0.0,0.0037699230015277863,False,True,
s-006,after_common_greedy_prefix,2,50,1,-0.1744706160000078,0.0,0.0,0.0,760.4364344859496,0.0,-0.1744706160000078,0.0,0.0,0.0,0.003596186637878418,False,True,
s-006,after_common_greedy_prefix,3,50,0,-10329.629649071,10646.237921136999,17699.074377565,7473.033662096557,760.4364344859496,10845.836613212,516.2069641410017,0.018748283999807998,0.0,0.0,0.06886221095919609,False,False,
s-006,after_common_greedy_prefix,3,50,1,-10329.629649071,10646.237921136999,17699.074377565,7473.033662096557,760.4364344859496,10845.836613212,516.2069641410017,0.018748283999807998,0.0,0.0,0.06883659213781357,False,False,
s-006,after_common_greedy_prefix,4,50,0,-37938.247009646,37938.07253903,64169.012169013,33995.843603646,760.4364344859496,38883.256742649,945.0097330029967,0.024913869903290708,184.57329851704708,0.00025505188760764695,0.07107321172952652,False,False,0.07107321172952652
s-006,after_common_greedy_prefix,4,50,1,-37938.247009646,37938.07253903,64169.012169013,33995.843603646,760.4364344859496,38883.256742649,945.0097330029967,0.024913869903290708,184.57329851704708,0.00025505188760764695,0.06992937996983528,False,False,0.06992937996983528
s-006,after_common_greedy_prefix,5,50,0,-0.4236617770000066,396.673308065,396.673308065,396.673308065,760.4364344859496,396.673308065,396.249646288,0.0,0.0,0.0,0.06566116586327553,False,True,
s-006,after_common_greedy_prefix,5,50,1,-0.4236617770000066,396.673308065,396.673308065,396.673308065,760.4364344859496,396.673308065,396.249646288,0.0,0.0,0.0,0.0664595514535904,False,True,
s-006,after_common_greedy_prefix,6,50,0,-9394.603988226001,9922.816909396,14286.105090773,6845.179109935823,760.4364344859496,10300.535625497,905.9316372709982,0.03806567424854264,145.4952027850486,0.00020105197450733466,0.06892939656972885,False,False,0.06892939656972885
s-006,after_common_greedy_prefix,6,50,1,-9394.603988226001,9922.816909396,14286.105090773,6845.179109935823,760.4364344859496,10300.535625497,905.9316372709982,0.03806567424854264,145.4952027850486,0.00020105197450733466,0.06854335963726044,False,False,0.06854335963726044
s-006,after_common_greedy_prefix,7,50,0,-38282.774204071,38282.350542294,66259.258854734,32115.902713296568,760.4364344859496,39111.606552264,828.8323481929983,0.021661575065873864,68.39591370704875,9.451262471760698e-05,0.07169696688652039,False,False,0.07169696688652039
s-006,after_common_greedy_prefix,7,50,1,-38282.774204071,38282.350542294,66259.258854734,32115.902713296568,760.4364344859496,39111.606552264,828.8323481929983,0.021661575065873864,68.39591370704875,9.451262471760698e-05,0.07079493626952171,False,False,0.07079493626952171
s-006,after_common_greedy_prefix,8,50,0,-1.6810899669999344,417.329057135,417.329057135,417.329057135,760.4364344859496,417.329057135,415.6479671680001,0.0,0.0,0.0,0.06631345301866531,False,True,
s-006,after_common_greedy_prefix,8,50,1,-1.6810899669999344,417.329057135,417.329057135,417.329057135,760.4364344859496,417.329057135,415.6479671680001,0.0,0.0,0.0,0.0662069097161293,False,True,
s-006,after_common_greedy_prefix,9,50,0,-8330.248612071,9090.685046557,14332.500035274,6918.551397987899,760.4364344859496,9857.460546186001,1527.211934115001,0.08434738369023229,766.7754996290514,0.0010595657124999782,0.06722577661275864,False,False,0.06722577661275864
s-006,after_common_greedy_prefix,9,50,1,-8330.248612071,9090.685046557,14332.500035274,6918.551397987899,760.4364344859496,9857.460546186001,1527.211934115001,0.08434738369023229,766.7754996290514,0.0010595657124999782,0.0673203282058239,False,False,0.0673203282058239
s-006,after_common_greedy_prefix,10,50,0,-36470.927252458,37121.843931224,59430.31235912,29899.70291543049,760.4364344859496,38281.621792569,1810.6945401109988,0.031242463695869492,1050.2581056250492,0.001451295038161546,0.07071598619222641,False,False,0.07071598619222641
s-006,after_common_greedy_prefix,10,50,1,-36470.927252458,37121.843931224,59430.31235912,29899.70291543049,760.4364344859496,38281.621792569,1810.6945401109988,0.031242463695869492,1050.2581056250492,0.001451295038161546,0.07135343179106712,False,False,0.07135343179106712
s-006,after_common_greedy_prefix,0,10,0,-10079.663672012999,10408.141395063,21657.815213374,7508.009456448561,760.4364344859496,10771.201911768,691.5382397550002,0.03488235823518059,0.0,0.0,0.030772801488637924,False,False,
s-006,after_common_greedy_prefix,0,10,1,-10079.663672012999,10408.141395063,21657.815213374,7508.009456448561,760.4364344859496,10771.201911768,691.5382397550002,0.03488235823518059,0.0,0.0,0.030180800706148148,False,False,
s-006,after_common_greedy_prefix,1,10,0,-36923.603706905,36923.603706905,56616.857346966,32586.10422675781,760.4364344859496,37101.732368943,178.12866203799786,0.004824249102334679,0.0,0.0,0.031942322850227356,False,False,
s-006,after_common_greedy_prefix,1,10,1,-36923.603706905,36923.603706905,56616.857346966,32586.10422675781,760.4364344859496,37101.732368943,178.12866203799786,0.004824249102334679,0.0,0.0,0.03234722465276718,False,False,
s-006,after_common_greedy_prefix,2,10,0,-0.1744706160000078,0.0,0.0,0.0,760.4364344859496,0.0,-0.1744706160000078,0.0,0.0,0.0,0.003691829741001129,False,True,
s-006,after_common_greedy_prefix,2,10,1,-0.1744706160000078,0.0,0.0,0.0,760.4364344859496,0.0,-0.1744706160000078,0.0,0.0,0.0,0.003551490604877472,False,True,
s-006,after_common_greedy_prefix,3,10,0,-10329.629649071,10646.237921136999,17699.074377565,7473.033662096557,760.4364344859496,10845.836613212,516.2069641410017,0.018748283999807998,0.0,0.0,0.028848689049482346,False,False,
s-006,after_common_greedy_prefix,3,10,1,-10329.629649071,10646.237921136999,17699.074377565,7473.033662096557,760.4364344859496,10845.836613212,516.2069641410017,0.018748283999807998,0.0,0.0,0.02903032675385475,False,False,
s-006,after_common_greedy_prefix,4,10,0,-37938.247009646,37938.07253903,64169.012169013,33995.843603646,760.4364344859496,38883.256742649,945.0097330029967,0.024913869903290708,184.57329851704708,0.00025505188760764695,0.03216550871729851,False,False,0.03216550871729851
s-006,after_common_greedy_prefix,4,10,1,-37938.247009646,37938.07253903,64169.012169013,33995.843603646,760.4364344859496,38883.256742649,945.0097330029967,0.024913869903290708,184.57329851704708,0.00025505188760764695,0.03125854209065437,False,False,0.03125854209065437
s-006,after_common_greedy_prefix,5,10,0,-0.4236617770000066,396.673308065,396.673308065,396.673308065,760.4364344859496,396.673308065,396.249646288,0.0,0.0,0.0,0.026876509189605713,False,True,
s-006,after_common_greedy_prefix,5,10,1,-0.4236617770000066,396.673308065,396.673308065,396.673308065,760.4364344859496,396.673308065,396.249646288,0.0,0.0,0.0,0.02682274580001831,False,True,
s-006,after_common_greedy_prefix,6,10,0,-9394.603988226001,9922.816909396,14286.105090773,6845.179109935823,760.4364344859496,10300.535625497,905.9316372709982,0.03806567424854264,145.4952027850486,0.00020105197450733466,0.028502080589532852,False,False,0.028502080589532852
s-006,after_common_greedy_prefix,6,10,1,-9394.603988226001,9922.816909396,14286.105090773,6845.179109935823,760.4364344859496,10300.535625497,905.9316372709982,0.03806567424854264,145.4952027850486,0.00020105197450733466,0.02964942529797554,False,False,0.02964942529797554
s-006,after_common_greedy_prefix,7,10,0,-38282.774204071,38282.350542294,66259.258854734,32115.902713296568,760.4364344859496,39111.606552264,828.8323481929983,0.021661575065873864,68.39591370704875,9.451262471760698e-05,0.03159573674201965,False,False,0.03159573674201965
s-006,after_common_greedy_prefix,7,10,1,-38282.774204071,38282.350542294,66259.258854734,32115.902713296568,760.4364344859496,39111.606552264,828.8323481929983,0.021661575065873864,68.39591370704875,9.451262471760698e-05,0.0323331393301487,False,False,0.0323331393301487
s-006,after_common_greedy_prefix,8,10,0,-1.6810899669999344,417.329057135,417.329057135,417.329057135,760.4364344859496,417.329057135,415.6479671680001,0.0,0.0,0.0,0.026631124317646027,False,True,
s-006,after_common_greedy_prefix,8,10,1,-1.6810899669999344,417.329057135,417.329057135,417.329057135,760.4364344859496,417.329057135,415.6479671680001,0.0,0.0,0.0,0.027083083987236023,False,True,
s-006,after_common_greedy_prefix,9,10,0,-8330.248612071,9090.685046557,14332.500035274,6918.551397987899,760.4364344859496,9857.460546186001,1527.211934115001,0.08434738369023229,766.7754996290514,0.0010595657124999782,0.029007237404584885,False,False,0.029007237404584885
s-006,after_common_greedy_prefix,9,10,1,-8330.248612071,9090.685046557,14332.500035274,6918.551397987899,760.4364344859496,9857.460546186001,1527.211934115001,0.08434738369023229,766.7754996290514,0.0010595657124999782,0.029237229377031326,False,False,0.029237229377031326
s-006,after_common_greedy_prefix,10,10,0,-36470.927252458,37121.843931224,59430.31235912,29899.70291543049,760.4364344859496,38281.621792569,1810.6945401109988,0.031242463695869492,1050.2581056250492,0.001451295038161546,0.031179867684841156,False,False,0.031179867684841156
s-006,after_common_greedy_prefix,10,10,1,-36470.927252458,37121.843931224,59430.31235912,29899.70291543049,760.4364344859496,38281.621792569,1810.6945401109988,0.031242463695869492,1050.2581056250492,0.001451295038161546,0.030884530395269394,False,False,0.030884530395269394
s-007,after_one_actual_history_call,0,200,0,-10079.663672012999,10408.141395063,21657.815213374,7508.009456448561,760.4364344859496,10771.201911768,691.5382397550002,0.03488235823518059,0.0,0.0,0.21959632262587547,False,False,
s-007,after_one_actual_history_call,0,200,1,-10079.663672012999,10408.141395063,21657.815213374,7508.009456448561,760.4364344859496,10771.201911768,691.5382397550002,0.03488235823518059,0.0,0.0,0.21890826150774956,False,False,
s-007,after_one_actual_history_call,0,1000,0,-10079.663672012999,10408.141395063,21657.815213374,7508.009456448561,760.4364344859496,10771.201911768,691.5382397550002,0.03488235823518059,0.0,0.0,1.0212534628808498,False,False,
s-007,after_one_actual_history_call,0,1000,1,-10079.663672012999,10408.141395063,21657.815213374,7508.009456448561,760.4364344859496,10771.201911768,691.5382397550002,0.03488235823518059,0.0,0.0,1.0185426026582718,False,False,
s-007,after_one_actual_history_call,1,200,0,-36923.603706905,36923.603706905,56616.857346966,32586.10422675781,760.4364344859496,37101.732368943,178.12866203799786,0.004824249102334679,0.0,0.0,0.22026097774505615,False,False,
s-007,after_one_actual_history_call,1,200,1,-36923.603706905,36923.603706905,56616.857346966,32586.10422675781,760.4364344859496,37101.732368943,178.12866203799786,0.004824249102334679,0.0,0.0,0.22044691443443298,False,False,
s-007,after_one_actual_history_call,1,1000,0,-36923.603706905,36923.603706905,56616.857346966,32586.10422675781,760.4364344859496,37101.732368943,178.12866203799786,0.004824249102334679,0.0,0.0,1.0199732556939125,False,False,
s-007,after_one_actual_history_call,1,1000,1,-36923.603706905,36923.603706905,56616.857346966,32586.10422675781,760.4364344859496,37101.732368943,178.12866203799786,0.004824249102334679,0.0,0.0,1.0198854096233845,False,False,
s-007,after_one_actual_history_call,2,200,0,-0.1744706160000078,0.0,0.0,0.0,760.4364344859496,0.0,-0.1744706160000078,0.0,0.0,0.0,0.0036038532853126526,False,True,
s-007,after_one_actual_history_call,2,200,1,-0.1744706160000078,0.0,0.0,0.0,760.4364344859496,0.0,-0.1744706160000078,0.0,0.0,0.0,0.0035711079835891724,False,True,
s-007,after_one_actual_history_call,2,1000,0,-0.1744706160000078,0.0,0.0,0.0,760.4364344859496,0.0,-0.1744706160000078,0.0,0.0,0.0,0.0035503841936588287,False,True,
s-007,after_one_actual_history_call,2,1000,1,-0.1744706160000078,0.0,0.0,0.0,760.4364344859496,0.0,-0.1744706160000078,0.0,0.0,0.0,0.003555435687303543,False,True,
s-007,after_one_actual_history_call,3,200,0,-10329.629649071,10845.836613212,17699.074377565,7473.033662096557,760.4364344859496,10845.836613212,516.2069641410017,0.0,0.0,0.0,0.002450913190841675,False,True,
s-007,after_one_actual_history_call,3,200,1,-10329.629649071,10845.836613212,17699.074377565,7473.033662096557,760.4364344859496,10845.836613212,516.2069641410017,0.0,0.0,0.0,0.0023886002600193024,False,True,
s-007,after_one_actual_history_call,3,1000,0,-10329.629649071,10845.836613212,17699.074377565,7473.033662096557,760.4364344859496,10845.836613212,516.2069641410017,0.0,0.0,0.0,1.0185065753757954,False,True,
s-007,after_one_actual_history_call,3,1000,1,-10329.629649071,10845.836613212,17699.074377565,7473.033662096557,760.4364344859496,10845.836613212,516.2069641410017,0.0,0.0,0.0,1.0172704495489597,False,True,
s-007,after_one_actual_history_call,4,200,0,-37938.247009646,37938.07253903,64169.012169013,33995.843603646,760.4364344859496,38883.256742649,945.0097330029967,0.024913869903290708,184.57329851704708,0.00025505188760764695,0.22082913294434547,False,False,0.22082913294434547
s-007,after_one_actual_history_call,4,200,1,-37938.247009646,37938.07253903,64169.012169013,33995.843603646,760.4364344859496,38883.256742649,945.0097330029967,0.024913869903290708,184.57329851704708,0.00025505188760764695,0.22015555948019028,False,False,0.22015555948019028
s-007,after_one_actual_history_call,4,1000,0,-37938.247009646,37938.07253903,64169.012169013,33995.843603646,760.4364344859496,38883.256742649,945.0097330029967,0.024913869903290708,184.57329851704708,0.00025505188760764695,1.0199105367064476,False,False,1.0199105367064476
s-007,after_one_actual_history_call,4,1000,1,-37938.247009646,37938.07253903,64169.012169013,33995.843603646,760.4364344859496,38883.256742649,945.0097330029967,0.024913869903290708,184.57329851704708,0.00025505188760764695,1.0196523293852806,False,False,1.0196523293852806
s-007,after_one_actual_history_call,5,200,0,-0.4236617770000066,396.673308065,396.673308065,396.673308065,760.4364344859496,396.673308065,396.249646288,0.0,0.0,0.0,0.2155330888926983,False,True,
s-007,after_one_actual_history_call,5,200,1,-0.4236617770000066,396.673308065,396.673308065,396.673308065,760.4364344859496,396.673308065,396.249646288,0.0,0.0,0.0,0.2153356373310089,False,True,
s-007,after_one_actual_history_call,5,1000,0,-0.4236617770000066,396.673308065,396.673308065,396.673308065,760.4364344859496,396.673308065,396.249646288,0.0,0.0,0.0,1.0153247527778149,False,True,
s-007,after_one_actual_history_call,5,1000,1,-0.4236617770000066,396.673308065,396.673308065,396.673308065,760.4364344859496,396.673308065,396.249646288,0.0,0.0,0.0,1.0154727809131145,False,True,
s-007,after_one_actual_history_call,6,200,0,-9394.603988226001,9922.816909396,14286.105090773,6845.179109935823,760.4364344859496,10300.535625497,905.9316372709982,0.03806567424854264,145.4952027850486,0.00020105197450733466,0.2171517349779606,False,False,0.2171517349779606
s-007,after_one_actual_history_call,6,200,1,-9394.603988226001,9922.816909396,14286.105090773,6845.179109935823,760.4364344859496,10300.535625497,905.9316372709982,0.03806567424854264,145.4952027850486,0.00020105197450733466,0.2173522710800171,False,False,0.2173522710800171
s-007,after_one_actual_history_call,6,1000,0,-9394.603988226001,9922.816909396,14286.105090773,6845.179109935823,760.4364344859496,10300.535625497,905.9316372709982,0.03806567424854264,145.4952027850486,0.00020105197450733466,1.0181382969021797,False,False,1.0181382969021797
s-007,after_one_actual_history_call,6,1000,1,-9394.603988226001,9922.816909396,14286.105090773,6845.179109935823,760.4364344859496,10300.535625497,905.9316372709982,0.03806567424854264,145.4952027850486,0.00020105197450733466,1.0178614631295204,False,False,1.0178614631295204
s-007,after_one_actual_history_call,7,200,0,-38282.774204071,38282.350542294,66259.258854734,32115.902713296568,760.4364344859496,39111.606552264,828.8323481929983,0.021661575065873864,68.39591370704875,9.451262471760698e-05,0.2205548994243145,False,False,0.2205548994243145
s-007,after_one_actual_history_call,7,200,1,-38282.774204071,38282.350542294,66259.258854734,32115.902713296568,760.4364344859496,39111.606552264,828.8323481929983,0.021661575065873864,68.39591370704875,9.451262471760698e-05,0.2192409262061119,False,False,0.2192409262061119
s-007,after_one_actual_history_call,7,1000,0,-38282.774204071,38282.350542294,66259.258854734,32115.902713296568,760.4364344859496,39111.606552264,828.8323481929983,0.021661575065873864,68.39591370704875,9.451262471760698e-05,1.0197548605501652,False,False,1.0197548605501652
s-007,after_one_actual_history_call,7,1000,1,-38282.774204071,38282.350542294,66259.258854734,32115.902713296568,760.4364344859496,39111.606552264,828.8323481929983,0.021661575065873864,68.39591370704875,9.451262471760698e-05,1.0206894241273403,False,False,1.0206894241273403
s-007,after_one_actual_history_call,8,200,0,-1.6810899669999344,417.329057135,417.329057135,417.329057135,760.4364344859496,417.329057135,415.6479671680001,0.0,0.0,0.0,0.2161654345691204,False,True,
s-007,after_one_actual_history_call,8,200,1,-1.6810899669999344,417.329057135,417.329057135,417.329057135,760.4364344859496,417.329057135,415.6479671680001,0.0,0.0,0.0,0.215252835303545,False,True,
s-007,after_one_actual_history_call,8,1000,0,-1.6810899669999344,417.329057135,417.329057135,417.329057135,760.4364344859496,417.329057135,415.6479671680001,0.0,0.0,0.0,1.0153761990368366,False,True,
s-007,after_one_actual_history_call,8,1000,1,-1.6810899669999344,417.329057135,417.329057135,417.329057135,760.4364344859496,417.329057135,415.6479671680001,0.0,0.0,0.0,1.0152223333716393,False,True,
s-007,after_one_actual_history_call,9,200,0,-8330.248612071,9090.685046557,14332.500035274,6918.551397987899,760.4364344859496,9857.460546186001,1527.211934115001,0.08434738369023229,766.7754996290514,0.0010595657124999782,0.21713516488671303,False,False,0.21713516488671303
s-007,after_one_actual_history_call,9,200,1,-8330.248612071,9090.685046557,14332.500035274,6918.551397987899,760.4364344859496,9857.460546186001,1527.211934115001,0.08434738369023229,766.7754996290514,0.0010595657124999782,0.2178061492741108,False,False,0.2178061492741108
s-007,after_one_actual_history_call,9,1000,0,-8330.248612071,9090.685046557,14332.500035274,6918.551397987899,760.4364344859496,9857.460546186001,1527.211934115001,0.08434738369023229,766.7754996290514,0.0010595657124999782,1.0173804312944412,False,False,1.0173804312944412
s-007,after_one_actual_history_call,9,1000,1,-8330.248612071,9090.685046557,14332.500035274,6918.551397987899,760.4364344859496,9857.460546186001,1527.211934115001,0.08434738369023229,766.7754996290514,0.0010595657124999782,1.017359670251608,False,False,1.017359670251608
s-007,after_one_actual_history_call,10,200,0,-36470.927252458,37121.843931224,59430.31235912,29899.70291543049,760.4364344859496,38281.621792569,1810.6945401109988,0.031242463695869492,1050.2581056250492,0.001451295038161546,0.2192651964724064,False,False,0.2192651964724064
s-007,after_one_actual_history_call,10,200,1,-36470.927252458,37121.843931224,59430.31235912,29899.70291543049,760.4364344859496,38281.621792569,1810.6945401109988,0.031242463695869492,1050.2581056250492,0.001451295038161546,0.2198067419230938,False,False,0.2198067419230938
s-007,after_one_actual_history_call,10,1000,0,-36470.927252458,37121.843931224,59430.31235912,29899.70291543049,760.4364344859496,38281.621792569,1810.6945401109988,0.031242463695869492,1050.2581056250492,0.001451295038161546,1.0195492655038834,False,False,1.0195492655038834
s-007,after_one_actual_history_call,10,1000,1,-36470.927252458,37121.843931224,59430.31235912,29899.70291543049,760.4364344859496,38281.621792569,1810.6945401109988,0.031242463695869492,1050.2581056250492,0.001451295038161546,1.0206573642790318,False,False,1.0206573642790318
s-007,after_one_actual_history_call,0,50,0,-10079.663672012999,10408.141395063,21657.815213374,7508.009456448561,760.4364344859496,10771.201911768,691.5382397550002,0.03488235823518059,0.0,0.0,0.07243737950921059,False,False,
s-007,after_one_actual_history_call,0,50,1,-10079.663672012999,10408.141395063,21657.815213374,7508.009456448561,760.4364344859496,10771.201911768,691.5382397550002,0.03488235823518059,0.0,0.0,0.07258708029985428,False,False,
s-007,after_one_actual_history_call,1,50,0,-36923.603706905,36923.603706905,56616.857346966,32586.10422675781,760.4364344859496,37101.732368943,178.12866203799786,0.004824249102334679,0.0,0.0,0.07155712693929672,False,False,
s-007,after_one_actual_history_call,1,50,1,-36923.603706905,36923.603706905,56616.857346966,32586.10422675781,760.4364344859496,37101.732368943,178.12866203799786,0.004824249102334679,0.0,0.0,0.07048593834042549,False,False,
s-007,after_one_actual_history_call,2,50,0,-0.1744706160000078,0.0,0.0,0.0,760.4364344859496,0.0,-0.1744706160000078,0.0,0.0,0.0,0.0036047063767910004,False,True,
s-007,after_one_actual_history_call,2,50,1,-0.1744706160000078,0.0,0.0,0.0,760.4364344859496,0.0,-0.1744706160000078,0.0,0.0,0.0,0.0035318583250045776,False,True,
s-007,after_one_actual_history_call,3,50,0,-10329.629649071,10845.836613212,17699.074377565,7473.033662096557,760.4364344859496,10845.836613212,516.2069641410017,0.0,0.0,0.0,0.06856044381856918,False,True,
s-007,after_one_actual_history_call,3,50,1,-10329.629649071,10845.836613212,17699.074377565,7473.033662096557,760.4364344859496,10845.836613212,516.2069641410017,0.0,0.0,0.0,0.06789327785372734,False,True,
s-007,after_one_actual_history_call,4,50,0,-37938.247009646,37938.07253903,64169.012169013,33995.843603646,760.4364344859496,38883.256742649,945.0097330029967,0.024913869903290708,184.57329851704708,0.00025505188760764695,0.0704614669084549,False,False,0.0704614669084549
s-007,after_one_actual_history_call,4,50,1,-37938.247009646,37938.07253903,64169.012169013,33995.843603646,760.4364344859496,38883.256742649,945.0097330029967,0.024913869903290708,184.57329851704708,0.00025505188760764695,0.07058030739426613,False,False,0.07058030739426613
s-007,after_one_actual_history_call,5,50,0,-0.4236617770000066,396.673308065,396.673308065,396.673308065,760.4364344859496,396.673308065,396.249646288,0.0,0.0,0.0,0.06594596058130264,False,True,
s-007,after_one_actual_history_call,5,50,1,-0.4236617770000066,396.673308065,396.673308065,396.673308065,760.4364344859496,396.673308065,396.249646288,0.0,0.0,0.0,0.06643341109156609,False,True,
s-007,after_one_actual_history_call,6,50,0,-9394.603988226001,9922.816909396,14286.105090773,6845.179109935823,760.4364344859496,10300.535625497,905.9316372709982,0.03806567424854264,145.4952027850486,0.00020105197450733466,0.06856939569115639,False,False,0.06856939569115639
s-007,after_one_actual_history_call,6,50,1,-9394.603988226001,9922.816909396,14286.105090773,6845.179109935823,760.4364344859496,10300.535625497,905.9316372709982,0.03806567424854264,145.4952027850486,0.00020105197450733466,0.06912079453468323,False,False,0.06912079453468323
s-007,after_one_actual_history_call,7,50,0,-38282.774204071,38282.350542294,66259.258854734,32115.902713296568,760.4364344859496,39111.606552264,828.8323481929983,0.021661575065873864,68.39591370704875,9.451262471760698e-05,0.07045025005936623,False,False,0.07045025005936623
s-007,after_one_actual_history_call,7,50,1,-38282.774204071,38282.350542294,66259.258854734,32115.902713296568,760.4364344859496,39111.606552264,828.8323481929983,0.021661575065873864,68.39591370704875,9.451262471760698e-05,0.07019125297665596,False,False,0.07019125297665596
s-007,after_one_actual_history_call,8,50,0,-1.6810899669999344,417.329057135,417.329057135,417.329057135,760.4364344859496,417.329057135,415.6479671680001,0.0,0.0,0.0,0.06583082675933838,False,True,
s-007,after_one_actual_history_call,8,50,1,-1.6810899669999344,417.329057135,417.329057135,417.329057135,760.4364344859496,417.329057135,415.6479671680001,0.0,0.0,0.0,0.06592108309268951,False,True,
s-007,after_one_actual_history_call,9,50,0,-8330.248612071,9090.685046557,14332.500035274,6918.551397987899,760.4364344859496,9857.460546186001,1527.211934115001,0.08434738369023229,766.7754996290514,0.0010595657124999782,0.06831172108650208,False,False,0.06831172108650208
s-007,after_one_actual_history_call,9,50,1,-8330.248612071,9090.685046557,14332.500035274,6918.551397987899,760.4364344859496,9857.460546186001,1527.211934115001,0.08434738369023229,766.7754996290514,0.0010595657124999782,0.06861628219485283,False,False,0.06861628219485283
s-007,after_one_actual_history_call,10,50,0,-36470.927252458,37121.843931224,59430.31235912,29899.70291543049,760.4364344859496,38281.621792569,1810.6945401109988,0.031242463695869492,1050.2581056250492,0.001451295038161546,0.07128752022981644,False,False,0.07128752022981644
s-007,after_one_actual_history_call,10,50,1,-36470.927252458,37121.843931224,59430.31235912,29899.70291543049,760.4364344859496,38281.621792569,1810.6945401109988,0.031242463695869492,1050.2581056250492,0.001451295038161546,0.07287594303488731,False,False,0.07287594303488731
s-007,after_one_actual_history_call,0,10,0,-10079.663672012999,10408.141395063,21657.815213374,7508.009456448561,760.4364344859496,10771.201911768,691.5382397550002,0.03488235823518059,0.0,0.0,0.030212782323360443,False,False,
s-007,after_one_actual_history_call,0,10,1,-10079.663672012999,10408.141395063,21657.815213374,7508.009456448561,760.4364344859496,10771.201911768,691.5382397550002,0.03488235823518059,0.0,0.0,0.029786523431539536,False,False,
s-007,after_one_actual_history_call,1,10,0,-36923.603706905,36923.603706905,56616.857346966,32586.10422675781,760.4364344859496,37101.732368943,178.12866203799786,0.004824249102334679,0.0,0.0,0.03093109279870987,False,False,
s-007,after_one_actual_history_call,1,10,1,-36923.603706905,36923.603706905,56616.857346966,32586.10422675781,760.4364344859496,37101.732368943,178.12866203799786,0.004824249102334679,0.0,0.0,0.03140757232904434,False,False,
s-007,after_one_actual_history_call,2,10,0,-0.1744706160000078,0.0,0.0,0.0,760.4364344859496,0.0,-0.1744706160000078,0.0,0.0,0.0,0.003544837236404419,False,True,
s-007,after_one_actual_history_call,2,10,1,-0.1744706160000078,0.0,0.0,0.0,760.4364344859496,0.0,-0.1744706160000078,0.0,0.0,0.0,0.0035229958593845367,False,True,
s-007,after_one_actual_history_call,3,10,0,-10329.629649071,10845.836613212,17699.074377565,7473.033662096557,760.4364344859496,10845.836613212,516.2069641410017,0.0,0.0,0.0,0.0303615964949131,False,True,
s-007,after_one_actual_history_call,3,10,1,-10329.629649071,10845.836613212,17699.074377565,7473.033662096557,760.4364344859496,10845.836613212,516.2069641410017,0.0,0.0,0.0,0.030296403914690018,False,True,
s-007,after_one_actual_history_call,4,10,0,-37938.247009646,37938.07253903,64169.012169013,33995.843603646,760.4364344859496,38883.256742649,945.0097330029967,0.024913869903290708,184.57329851704708,0.00025505188760764695,0.03281673416495323,False,False,0.03281673416495323
s-007,after_one_actual_history_call,4,10,1,-37938.247009646,37938.07253903,64169.012169013,33995.843603646,760.4364344859496,38883.256742649,945.0097330029967,0.024913869903290708,184.57329851704708,0.00025505188760764695,0.03194912150502205,False,False,0.03194912150502205
s-007,after_one_actual_history_call,5,10,0,-0.4236617770000066,396.673308065,396.673308065,396.673308065,760.4364344859496,396.673308065,396.249646288,0.0,0.0,0.0,0.027005258947610855,False,True,
s-007,after_one_actual_history_call,5,10,1,-0.4236617770000066,396.673308065,396.673308065,396.673308065,760.4364344859496,396.673308065,396.249646288,0.0,0.0,0.0,0.02681088075041771,False,True,
s-007,after_one_actual_history_call,6,10,0,-9394.603988226001,9922.816909396,14286.105090773,6845.179109935823,760.4364344859496,10300.535625497,905.9316372709982,0.03806567424854264,145.4952027850486,0.00020105197450733466,0.028798017650842667,False,False,0.028798017650842667
s-007,after_one_actual_history_call,6,10,1,-9394.603988226001,9922.816909396,14286.105090773,6845.179109935823,760.4364344859496,10300.535625497,905.9316372709982,0.03806567424854264,145.4952027850486,0.00020105197450733466,0.029000312089920044,False,False,0.029000312089920044
s-007,after_one_actual_history_call,7,10,0,-38282.774204071,38282.350542294,66259.258854734,32115.902713296568,760.4364344859496,39111.606552264,828.8323481929983,0.021661575065873864,68.39591370704875,9.451262471760698e-05,0.031588174402713776,False,False,0.031588174402713776
s-007,after_one_actual_history_call,7,10,1,-38282.774204071,38282.350542294,66259.258854734,32115.902713296568,760.4364344859496,39111.606552264,828.8323481929983,0.021661575065873864,68.39591370704875,9.451262471760698e-05,0.03151600435376167,False,False,0.03151600435376167
s-007,after_one_actual_history_call,8,10,0,-1.6810899669999344,417.329057135,417.329057135,417.329057135,760.4364344859496,417.329057135,415.6479671680001,0.0,0.0,0.0,0.027865685522556305,False,True,
s-007,after_one_actual_history_call,8,10,1,-1.6810899669999344,417.329057135,417.329057135,417.329057135,760.4364344859496,417.329057135,415.6479671680001,0.0,0.0,0.0,0.026133421808481216,False,True,
s-007,after_one_actual_history_call,9,10,0,-8330.248612071,9090.685046557,14332.500035274,6918.551397987899,760.4364344859496,9857.460546186001,1527.211934115001,0.08434738369023229,766.7754996290514,0.0010595657124999782,0.028247859328985214,False,False,0.028247859328985214
s-007,after_one_actual_history_call,9,10,1,-8330.248612071,9090.685046557,14332.500035274,6918.551397987899,760.4364344859496,9857.460546186001,1527.211934115001,0.08434738369023229,766.7754996290514,0.0010595657124999782,0.02808723971247673,False,False,0.02808723971247673
s-007,after_one_actual_history_call,10,10,0,-36470.927252458,37121.843931224,59430.31235912,29899.70291543049,760.4364344859496,38281.621792569,1810.6945401109988,0.031242463695869492,1050.2581056250492,0.001451295038161546,0.029853355139493942,False,False,0.029853355139493942
s-007,after_one_actual_history_call,10,10,1,-36470.927252458,37121.843931224,59430.31235912,29899.70291543049,760.4364344859496,38281.621792569,1810.6945401109988,0.031242463695869492,1050.2581056250492,0.001451295038161546,0.03146730363368988,False,False,0.03146730363368988
s-008,after_common_greedy_prefix,0,200,0,-9115.496679968,9312.505202157,20115.945961882,6956.692056249758,760.4364344859496,10426.927292927,1311.4306129589986,0.11966941940734392,550.994178473049,0.0007613891413843721,0.2192470319569111,False,False,0.2192470319569111
s-008,after_common_greedy_prefix,0,200,1,-9115.496679968,9312.505202157,20115.945961882,6956.692056249758,760.4364344859496,10426.927292927,1311.4306129589986,0.11966941940734392,550.994178473049,0.0007613891413843721,0.21790247783064842,False,False,0.21790247783064842
s-008,after_common_greedy_prefix,0,1000,0,-9115.496679968,9312.505202157,20115.945961882,6956.692056249758,760.4364344859496,10426.927292927,1311.4306129589986,0.11966941940734392,550.994178473049,0.0007613891413843721,1.0183984152972698,False,False,1.0183984152972698
s-008,after_common_greedy_prefix,0,1000,1,-9115.496679968,9312.505202157,20115.945961882,6956.692056249758,760.4364344859496,10426.927292927,1311.4306129589986,0.11966941940734392,550.994178473049,0.0007613891413843721,1.0176371335983276,False,False,1.0176371335983276
s-008,after_common_greedy_prefix,1,200,0,-36794.061262396,36794.061262396,62288.642442785,33036.37834492273,760.4364344859496,37464.064730591,670.0034681950056,0.01820955461852638,0.0,0.0,0.21916670724749565,False,False,
s-008,after_common_greedy_prefix,1,200,1,-36794.061262396,36794.061262396,62288.642442785,33036.37834492273,760.4364344859496,37464.064730591,670.0034681950056,0.01820955461852638,0.0,0.0,0.22008559480309486,False,False,
s-008,after_common_greedy_prefix,1,1000,0,-36794.061262396,36794.061262396,62288.642442785,33036.37834492273,760.4364344859496,37464.064730591,670.0034681950056,0.01820955461852638,0.0,0.0,1.0197178050875664,False,False,
s-008,after_common_greedy_prefix,1,1000,1,-36794.061262396,36794.061262396,62288.642442785,33036.37834492273,760.4364344859496,37464.064730591,670.0034681950056,0.01820955461852638,0.0,0.0,1.0191650055348873,False,False,
s-008,after_common_greedy_prefix,2,200,0,-0.1744706160000078,0.0,0.0,0.0,760.4364344859496,0.0,-0.1744706160000078,0.0,0.0,0.0,0.0036514513194561005,False,True,
s-008,after_common_greedy_prefix,2,200,1,-0.1744706160000078,0.0,0.0,0.0,760.4364344859496,0.0,-0.1744706160000078,0.0,0.0,0.0,0.003589201718568802,False,True,
s-008,after_common_greedy_prefix,2,1000,0,-0.1744706160000078,0.0,0.0,0.0,760.4364344859496,0.0,-0.1744706160000078,0.0,0.0,0.0,0.003562498837709427,False,True,
s-008,after_common_greedy_prefix,2,1000,1,-0.1744706160000078,0.0,0.0,0.0,760.4364344859496,0.0,-0.1744706160000078,0.0,0.0,0.0,0.0035925395786762238,False,True,
s-008,after_common_greedy_prefix,3,200,0,-10147.982985629,10464.591257695,16622.015262033,7339.556146165038,760.4364344859496,10937.019665136,789.0366795070004,0.04514542382088805,28.600245021050796,3.952113624922021e-05,0.21843237429857254,False,False,0.21843237429857254
s-008,after_common_greedy_prefix,3,200,1,-10147.982985629,10464.591257695,16622.015262033,7339.556146165038,760.4364344859496,10937.019665136,789.0366795070004,0.04514542382088805,28.600245021050796,3.952113624922021e-05,0.2179885320365429,False,False,0.2179885320365429
s-008,after_common_greedy_prefix,3,1000,0,-10147.982985629,10464.591257695,16622.015262033,7339.556146165038,760.4364344859496,10937.019665136,789.0366795070004,0.04514542382088805,28.600245021050796,3.952113624922021e-05,1.01838918030262,False,False,1.01838918030262
s-008,after_common_greedy_prefix,3,1000,1,-10147.982985629,10464.591257695,16622.015262033,7339.556146165038,760.4364344859496,10937.019665136,789.0366795070004,0.04514542382088805,28.600245021050796,3.952113624922021e-05,1.0186001248657703,False,False,1.0186001248657703
s-008,after_common_greedy_prefix,4,200,0,-38128.294669666,38128.12019905,64598.16047278,34205.50491795098,760.4364344859496,39073.304402669,945.0097330029967,0.024789687996277072,184.57329851704708,0.00025505188760764695,0.2198702059686184,False,False,0.2198702059686184
s-008,after_common_greedy_prefix,4,200,1,-38128.294669666,38128.12019905,64598.16047278,34205.50491795098,760.4364344859496,39073.304402669,945.0097330029967,0.024789687996277072,184.57329851704708,0.00025505188760764695,0.2201080359518528,False,False,0.2201080359518528
s-008,after_common_greedy_prefix,4,1000,0,-38128.294669666,38128.12019905,64598.16047278,34205.50491795098,760.4364344859496,39073.304402669,945.0097330029967,0.024789687996277072,184.57329851704708,0.00025505188760764695,1.019730232656002,False,False,1.019730232656002
s-008,after_common_greedy_prefix,4,1000,1,-38128.294669666,38128.12019905,64598.16047278,34205.50491795098,760.4364344859496,39073.304402669,945.0097330029967,0.024789687996277072,184.57329851704708,0.00025505188760764695,1.0197636485099792,False,False,1.0197636485099792
s-008,after_common_greedy_prefix,5,200,0,-0.4236617770000066,396.673308065,396.673308065,396.673308065,760.4364344859496,396.673308065,396.249646288,0.0,0.0,0.0,0.21511585265398026,False,True,
s-008,after_common_greedy_prefix,5,200,1,-0.4236617770000066,396.673308065,396.673308065,396.673308065,760.4364344859496,396.673308065,396.249646288,0.0,0.0,0.0,0.21581676229834557,False,True,
s-008,after_common_greedy_prefix,5,1000,0,-0.4236617770000066,396.673308065,396.673308065,396.673308065,760.4364344859496,396.673308065,396.249646288,0.0,0.0,0.0,1.0154849328100681,False,True,
s-008,after_common_greedy_prefix,5,1000,1,-0.4236617770000066,396.673308065,396.673308065,396.673308065,760.4364344859496,396.673308065,396.249646288,0.0,0.0,0.0,1.0150040350854397,False,True,
s-008,after_common_greedy_prefix,6,200,0,-9427.378850095,10186.088904347,14869.734221671999,7081.8520613499595,760.4364344859496,10333.310487366,905.931637271,0.014453200281432037,145.49520278505042,0.00020105197450733715,0.21764551103115082,False,False,0.21764551103115082
s-008,after_common_greedy_prefix,6,200,1,-9427.378850095,10186.088904347,14869.734221671999,7081.8520613499595,760.4364344859496,10333.310487366,905.931637271,0.014453200281432037,145.49520278505042,0.00020105197450733715,0.21804315596818924,False,False,0.21804315596818924
s-008,after_common_greedy_prefix,6,1000,0,-9427.378850095,10186.088904347,14869.734221671999,7081.8520613499595,760.4364344859496,10333.310487366,905.931637271,0.014453200281432037,145.49520278505042,0.00020105197450733715,1.0169266499578953,False,False,1.0169266499578953
s-008,after_common_greedy_prefix,6,1000,1,-9427.378850095,10186.088904347,14869.734221671999,7081.8520613499595,760.4364344859496,10333.310487366,905.931637271,0.014453200281432037,145.49520278505042,0.00020105197450733715,1.0179113931953907,False,False,1.0179113931953907
s-008,after_common_greedy_prefix,7,200,0,-38221.000821845,38220.577160068,64429.264951613,31939.549939554683,760.4364344859496,39049.833170038,828.8323481929983,0.021696585232009173,68.39591370704875,9.451262471760698e-05,0.2193586342036724,False,False,0.2193586342036724
s-008,after_common_greedy_prefix,7,200,1,-38221.000821845,38220.577160068,64429.264951613,31939.549939554683,760.4364344859496,39049.833170038,828.8323481929983,0.021696585232009173,68.39591370704875,9.451262471760698e-05,0.21903803572058678,False,False,0.21903803572058678
s-008,after_common_greedy_prefix,7,1000,0,-38221.000821845,38220.577160068,64429.264951613,31939.549939554683,760.4364344859496,39049.833170038,828.8323481929983,0.021696585232009173,68.39591370704875,9.451262471760698e-05,1.019844587892294,False,False,1.019844587892294
s-008,after_common_greedy_prefix,7,1000,1,-38221.000821845,38220.577160068,64429.264951613,31939.549939554683,760.4364344859496,39049.833170038,828.8323481929983,0.021696585232009173,68.39591370704875,9.451262471760698e-05,1.02024607360363,False,False,1.02024607360363
s-008,after_common_greedy_prefix,8,200,0,-1.6810899669999344,417.329057135,417.329057135,417.329057135,760.4364344859496,417.329057135,415.6479671680001,0.0,0.0,0.0,0.21516850590705872,False,True,
s-008,after_common_greedy_prefix,8,200,1,-1.6810899669999344,417.329057135,417.329057135,417.329057135,760.4364344859496,417.329057135,415.6479671680001,0.0,0.0,0.0,0.2155540995299816,False,True,
s-008,after_common_greedy_prefix,8,1000,0,-1.6810899669999344,417.329057135,417.329057135,417.329057135,760.4364344859496,417.329057135,415.6479671680001,0.0,0.0,0.0,1.0152140855789185,False,True,
s-008,after_common_greedy_prefix,8,1000,1,-1.6810899669999344,417.329057135,417.329057135,417.329057135,760.4364344859496,417.329057135,415.6479671680001,0.0,0.0,0.0,1.016420554369688,False,True,
s-008,after_common_greedy_prefix,9,200,0,-8330.248612071,9090.685046557,14332.500035274,6918.551397987899,760.4364344859496,9857.460546186001,1527.211934115001,0.08434738369023229,766.7754996290514,0.0010595657124999782,0.2178567610681057,False,False,0.2178567610681057
s-008,after_common_greedy_prefix,9,200,1,-8330.248612071,9090.685046557,14332.500035274,6918.551397987899,760.4364344859496,9857.460546186001,1527.211934115001,0.08434738369023229,766.7754996290514,0.0010595657124999782,0.2175949141383171,False,False,0.2175949141383171
s-008,after_common_greedy_prefix,9,1000,0,-8330.248612071,9090.685046557,14332.500035274,6918.551397987899,760.4364344859496,9857.460546186001,1527.211934115001,0.08434738369023229,766.7754996290514,0.0010595657124999782,1.0165953449904919,False,False,1.0165953449904919
s-008,after_common_greedy_prefix,9,1000,1,-8330.248612071,9090.685046557,14332.500035274,6918.551397987899,760.4364344859496,9857.460546186001,1527.211934115001,0.08434738369023229,766.7754996290514,0.0010595657124999782,1.0178437307476997,False,False,1.0178437307476997
s-008,after_common_greedy_prefix,10,200,0,-36470.927252458,37121.843931224,59430.31235912,29899.70291543049,760.4364344859496,38281.621792569,1810.6945401109988,0.031242463695869492,1050.2581056250492,0.001451295038161546,0.21895494684576988,False,False,0.21895494684576988
s-008,after_common_greedy_prefix,10,200,1,-36470.927252458,37121.843931224,59430.31235912,29899.70291543049,760.4364344859496,38281.621792569,1810.6945401109988,0.031242463695869492,1050.2581056250492,0.001451295038161546,0.21992646902799606,False,False,0.21992646902799606
s-008,after_common_greedy_prefix,10,1000,0,-36470.927252458,37121.843931224,59430.31235912,29899.70291543049,760.4364344859496,38281.621792569,1810.6945401109988,0.031242463695869492,1050.2581056250492,0.001451295038161546,1.0193797014653683,False,False,1.0193797014653683
s-008,after_common_greedy_prefix,10,1000,1,-36470.927252458,37121.843931224,59430.31235912,29899.70291543049,760.4364344859496,38281.621792569,1810.6945401109988,0.031242463695869492,1050.2581056250492,0.001451295038161546,1.019685871899128,False,False,1.019685871899128
s-008,after_common_greedy_prefix,0,50,0,-9115.496679968,9312.505202157,20115.945961882,6956.692056249758,760.4364344859496,10426.927292927,1311.4306129589986,0.11966941940734392,550.994178473049,0.0007613891413843721,0.06931779906153679,False,False,0.06931779906153679
s-008,after_common_greedy_prefix,0,50,1,-9115.496679968,9312.505202157,20115.945961882,6956.692056249758,760.4364344859496,10426.927292927,1311.4306129589986,0.11966941940734392,550.994178473049,0.0007613891413843721,0.06906482204794884,False,False,0.06906482204794884
s-008,after_common_greedy_prefix,1,50,0,-36794.061262396,36794.061262396,62288.642442785,33036.37834492273,760.4364344859496,37464.064730591,670.0034681950056,0.01820955461852638,0.0,0.0,0.07048487290740013,False,False,
s-008,after_common_greedy_prefix,1,50,1,-36794.061262396,36794.061262396,62288.642442785,33036.37834492273,760.4364344859496,37464.064730591,670.0034681950056,0.01820955461852638,0.0,0.0,0.0712161734700203,False,False,
s-008,after_common_greedy_prefix,2,50,0,-0.1744706160000078,0.0,0.0,0.0,760.4364344859496,0.0,-0.1744706160000078,0.0,0.0,0.0,0.003801818937063217,False,True,
s-008,after_common_greedy_prefix,2,50,1,-0.1744706160000078,0.0,0.0,0.0,760.4364344859496,0.0,-0.1744706160000078,0.0,0.0,0.0,0.003653470426797867,False,True,
s-008,after_common_greedy_prefix,3,50,0,-10147.982985629,10464.591257695,16622.015262033,7339.556146165038,760.4364344859496,10937.019665136,789.0366795070004,0.04514542382088805,28.600245021050796,3.952113624922021e-05,0.07005486264824867,False,False,0.07005486264824867
s-008,after_common_greedy_prefix,3,50,1,-10147.982985629,10464.591257695,16622.015262033,7339.556146165038,760.4364344859496,10937.019665136,789.0366795070004,0.04514542382088805,28.600245021050796,3.952113624922021e-05,0.06889212876558304,False,False,0.06889212876558304
s-008,after_common_greedy_prefix,4,50,0,-38128.294669666,38128.12019905,64598.16047278,34205.50491795098,760.4364344859496,39073.304402669,945.0097330029967,0.024789687996277072,184.57329851704708,0.00025505188760764695,0.07131092622876167,False,False,0.07131092622876167
s-008,after_common_greedy_prefix,4,50,1,-38128.294669666,38128.12019905,64598.16047278,34205.50491795098,760.4364344859496,39073.304402669,945.0097330029967,0.024789687996277072,184.57329851704708,0.00025505188760764695,0.0711108036339283,False,False,0.0711108036339283
s-008,after_common_greedy_prefix,5,50,0,-0.4236617770000066,396.673308065,396.673308065,396.673308065,760.4364344859496,396.673308065,396.249646288,0.0,0.0,0.0,0.06698933616280556,False,True,
s-008,after_common_greedy_prefix,5,50,1,-0.4236617770000066,396.673308065,396.673308065,396.673308065,760.4364344859496,396.673308065,396.249646288,0.0,0.0,0.0,0.06681462377309799,False,True,
s-008,after_common_greedy_prefix,6,50,0,-9427.378850095,10186.088904347,14869.734221671999,7081.8520613499595,760.4364344859496,10333.310487366,905.931637271,0.014453200281432037,145.49520278505042,0.00020105197450733715,0.06880868598818779,False,False,0.06880868598818779
s-008,after_common_greedy_prefix,6,50,1,-9427.378850095,10186.088904347,14869.734221671999,7081.8520613499595,760.4364344859496,10333.310487366,905.931637271,0.014453200281432037,145.49520278505042,0.00020105197450733715,0.06906849145889282,False,False,0.06906849145889282
s-008,after_common_greedy_prefix,7,50,0,-38221.000821845,38220.577160068,64429.264951613,31939.549939554683,760.4364344859496,39049.833170038,828.8323481929983,0.021696585232009173,68.39591370704875,9.451262471760698e-05,0.0712735615670681,False,False,0.0712735615670681
s-008,after_common_greedy_prefix,7,50,1,-38221.000821845,38220.577160068,64429.264951613,31939.549939554683,760.4364344859496,39049.833170038,828.8323481929983,0.021696585232009173,68.39591370704875,9.451262471760698e-05,0.07234083488583565,False,False,0.07234083488583565
s-008,after_common_greedy_prefix,8,50,0,-1.6810899669999344,417.329057135,417.329057135,417.329057135,760.4364344859496,417.329057135,415.6479671680001,0.0,0.0,0.0,0.06642768904566765,False,True,
s-008,after_common_greedy_prefix,8,50,1,-1.6810899669999344,417.329057135,417.329057135,417.329057135,760.4364344859496,417.329057135,415.6479671680001,0.0,0.0,0.0,0.06708627939224243,False,True,
s-008,after_common_greedy_prefix,9,50,0,-8330.248612071,9090.685046557,14332.500035274,6918.551397987899,760.4364344859496,9857.460546186001,1527.211934115001,0.08434738369023229,766.7754996290514,0.0010595657124999782,0.06900545209646225,False,False,0.06900545209646225
s-008,after_common_greedy_prefix,9,50,1,-8330.248612071,9090.685046557,14332.500035274,6918.551397987899,760.4364344859496,9857.460546186001,1527.211934115001,0.08434738369023229,766.7754996290514,0.0010595657124999782,0.06791055202484131,False,False,0.06791055202484131
s-008,after_common_greedy_prefix,10,50,0,-36470.927252458,37121.843931224,59430.31235912,29899.70291543049,760.4364344859496,38281.621792569,1810.6945401109988,0.031242463695869492,1050.2581056250492,0.001451295038161546,0.07066524028778076,False,False,0.07066524028778076
s-008,after_common_greedy_prefix,10,50,1,-36470.927252458,37121.843931224,59430.31235912,29899.70291543049,760.4364344859496,38281.621792569,1810.6945401109988,0.031242463695869492,1050.2581056250492,0.001451295038161546,0.07078893482685089,False,False,0.07078893482685089
s-008,after_common_greedy_prefix,0,10,0,-9115.496679968,9312.505202157,20115.945961882,6956.692056249758,760.4364344859496,10426.927292927,1311.4306129589986,0.11966941940734392,550.994178473049,0.0007613891413843721,0.03209475427865982,False,False,0.03209475427865982
s-008,after_common_greedy_prefix,0,10,1,-9115.496679968,9312.505202157,20115.945961882,6956.692056249758,760.4364344859496,10426.927292927,1311.4306129589986,0.11966941940734392,550.994178473049,0.0007613891413843721,0.0319795124232769,False,False,0.0319795124232769
s-008,after_common_greedy_prefix,1,10,0,-36794.061262396,36794.061262396,62288.642442785,33036.37834492273,760.4364344859496,37442.250022797,648.1887604010044,0.017616667966562898,0.0,0.0,0.03228676691651344,False,False,
s-008,after_common_greedy_prefix,1,10,1,-36794.061262396,36794.061262396,62288.642442785,33036.37834492273,760.4364344859496,37442.250022797,648.1887604010044,0.017616667966562898,0.0,0.0,0.032355062663555145,False,False,
s-008,after_common_greedy_prefix,2,10,0,-0.1744706160000078,0.0,0.0,0.0,760.4364344859496,0.0,-0.1744706160000078,0.0,0.0,0.0,0.0036268867552280426,False,True,
s-008,after_common_greedy_prefix,2,10,1,-0.1744706160000078,0.0,0.0,0.0,760.4364344859496,0.0,-0.1744706160000078,0.0,0.0,0.0,0.0036086849868297577,False,True,
s-008,after_common_greedy_prefix,3,10,0,-10147.982985629,10464.591257695,16622.015262033,7339.556146165038,760.4364344859496,10937.019665136,789.0366795070004,0.04514542382088805,28.600245021050796,3.952113624922021e-05,0.030623897910118103,False,False,0.030623897910118103
s-008,after_common_greedy_prefix,3,10,1,-10147.982985629,10464.591257695,16622.015262033,7339.556146165038,760.4364344859496,10937.019665136,789.0366795070004,0.04514542382088805,28.600245021050796,3.952113624922021e-05,0.030130520462989807,False,False,0.030130520462989807
s-008,after_common_greedy_prefix,4,10,0,-38128.294669666,38128.12019905,64598.16047278,34205.50491795098,760.4364344859496,39073.304402669,945.0097330029967,0.024789687996277072,184.57329851704708,0.00025505188760764695,0.03170223534107208,False,False,0.03170223534107208
s-008,after_common_greedy_prefix,4,10,1,-38128.294669666,38128.12019905,64598.16047278,34205.50491795098,760.4364344859496,39073.304402669,945.0097330029967,0.024789687996277072,184.57329851704708,0.00025505188760764695,0.03192322328686714,False,False,0.03192322328686714
s-008,after_common_greedy_prefix,5,10,0,-0.4236617770000066,396.673308065,396.673308065,396.673308065,760.4364344859496,396.673308065,396.249646288,0.0,0.0,0.0,0.02804112806916237,False,True,
s-008,after_common_greedy_prefix,5,10,1,-0.4236617770000066,396.673308065,396.673308065,396.673308065,760.4364344859496,396.673308065,396.249646288,0.0,0.0,0.0,0.026888709515333176,False,True,
s-008,after_common_greedy_prefix,6,10,0,-9427.378850095,10186.088904347,14869.734221671999,7081.8520613499595,760.4364344859496,10333.310487366,905.931637271,0.014453200281432037,145.49520278505042,0.00020105197450733715,0.029098976403474808,False,False,0.029098976403474808
s-008,after_common_greedy_prefix,6,10,1,-9427.378850095,10186.088904347,14869.734221671999,7081.8520613499595,760.4364344859496,10333.310487366,905.931637271,0.014453200281432037,145.49520278505042,0.00020105197450733715,0.028201747685670853,False,False,0.028201747685670853
s-008,after_common_greedy_prefix,7,10,0,-38221.000821845,38220.577160068,64429.264951613,31939.549939554683,760.4364344859496,39049.833170038,828.8323481929983,0.021696585232009173,68.39591370704875,9.451262471760698e-05,0.0307992622256279,False,False,0.0307992622256279
s-008,after_common_greedy_prefix,7,10,1,-38221.000821845,38220.577160068,64429.264951613,31939.549939554683,760.4364344859496,39049.833170038,828.8323481929983,0.021696585232009173,68.39591370704875,9.451262471760698e-05,0.031365424394607544,False,False,0.031365424394607544
s-008,after_common_greedy_prefix,8,10,0,-1.6810899669999344,417.329057135,417.329057135,417.329057135,760.4364344859496,417.329057135,415.6479671680001,0.0,0.0,0.0,0.027509212493896484,False,True,
s-008,after_common_greedy_prefix,8,10,1,-1.6810899669999344,417.329057135,417.329057135,417.329057135,760.4364344859496,417.329057135,415.6479671680001,0.0,0.0,0.0,0.028308138251304626,False,True,
s-008,after_common_greedy_prefix,9,10,0,-8330.248612071,9090.685046557,14332.500035274,6918.551397987899,760.4364344859496,9857.460546186001,1527.211934115001,0.08434738369023229,766.7754996290514,0.0010595657124999782,0.0301014706492424,False,False,0.0301014706492424
s-008,after_common_greedy_prefix,9,10,1,-8330.248612071,9090.685046557,14332.500035274,6918.551397987899,760.4364344859496,9857.460546186001,1527.211934115001,0.08434738369023229,766.7754996290514,0.0010595657124999782,0.030139371752738953,False,False,0.030139371752738953
s-008,after_common_greedy_prefix,10,10,0,-36470.927252458,37121.843931224,59430.31235912,29899.70291543049,760.4364344859496,38281.621792569,1810.6945401109988,0.031242463695869492,1050.2581056250492,0.001451295038161546,0.031928811222314835,False,False,0.031928811222314835
s-008,after_common_greedy_prefix,10,10,1,-36470.927252458,37121.843931224,59430.31235912,29899.70291543049,760.4364344859496,38281.621792569,1810.6945401109988,0.031242463695869492,1050.2581056250492,0.001451295038161546,0.032025646418333054,False,False,0.032025646418333054
s-009,after_one_actual_history_call,0,200,0,-9115.496679968,9312.505202157,20115.945961882,6956.692056249758,945.0097330029821,10426.927292927,1311.4306129589986,0.11966941940734392,366.4208799560165,0.0005063372537767452,0.22031470760703087,False,False,0.22031470760703087
s-009,after_one_actual_history_call,0,200,1,-9115.496679968,9312.505202157,20115.945961882,6956.692056249758,945.0097330029821,10426.927292927,1311.4306129589986,0.11966941940734392,366.4208799560165,0.0005063372537767452,0.21911675110459328,False,False,0.21911675110459328
s-009,after_one_actual_history_call,0,1000,0,-9115.496679968,9312.505202157,20115.945961882,6956.692056249758,945.0097330029821,10426.927292927,1311.4306129589986,0.11966941940734392,366.4208799560165,0.0005063372537767452,1.0189474411308765,False,False,1.0189474411308765
s-009,after_one_actual_history_call,0,1000,1,-9115.496679968,9312.505202157,20115.945961882,6956.692056249758,945.0097330029821,10426.927292927,1311.4306129589986,0.11966941940734392,366.4208799560165,0.0005063372537767452,1.0188921689987183,False,False,1.0188921689987183
s-009,after_one_actual_history_call,1,200,0,-36794.061262396,36794.061262396,62288.642442785,33036.37834492273,945.0097330029821,37464.064730591,670.0034681950056,0.01820955461852638,0.0,0.0,0.21995613351464272,False,False,
s-009,after_one_actual_history_call,1,200,1,-36794.061262396,36794.061262396,62288.642442785,33036.37834492273,945.0097330029821,37464.064730591,670.0034681950056,0.01820955461852638,0.0,0.0,0.21886485069990158,False,False,
s-009,after_one_actual_history_call,1,1000,0,-36794.061262396,36794.061262396,62288.642442785,33036.37834492273,945.0097330029821,37464.064730591,670.0034681950056,0.01820955461852638,0.0,0.0,1.0194391757249832,False,False,
s-009,after_one_actual_history_call,1,1000,1,-36794.061262396,36794.061262396,62288.642442785,33036.37834492273,945.0097330029821,37464.064730591,670.0034681950056,0.01820955461852638,0.0,0.0,1.019158087670803,False,False,
s-009,after_one_actual_history_call,2,200,0,-0.1744706160000078,0.0,0.0,0.0,945.0097330029821,0.0,-0.1744706160000078,0.0,0.0,0.0,0.0036365464329719543,False,True,
s-009,after_one_actual_history_call,2,200,1,-0.1744706160000078,0.0,0.0,0.0,945.0097330029821,0.0,-0.1744706160000078,0.0,0.0,0.0,0.0036024712026119232,False,True,
s-009,after_one_actual_history_call,2,1000,0,-0.1744706160000078,0.0,0.0,0.0,945.0097330029821,0.0,-0.1744706160000078,0.0,0.0,0.0,0.00358445942401886,False,True,
s-009,after_one_actual_history_call,2,1000,1,-0.1744706160000078,0.0,0.0,0.0,945.0097330029821,0.0,-0.1744706160000078,0.0,0.0,0.0,0.0035914629697799683,False,True,
s-009,after_one_actual_history_call,3,200,0,-10147.982985629,10464.591257695,16622.015262033,7339.556146165038,945.0097330029821,10937.019665136,789.0366795070004,0.04514542382088805,0.0,0.0,0.21846281364560127,False,False,
s-009,after_one_actual_history_call,3,200,1,-10147.982985629,10464.591257695,16622.015262033,7339.556146165038,945.0097330029821,10937.019665136,789.0366795070004,0.04514542382088805,0.0,0.0,0.2188531532883644,False,False,
s-009,after_one_actual_history_call,3,1000,0,-10147.982985629,10464.591257695,16622.015262033,7339.556146165038,945.0097330029821,10937.019665136,789.0366795070004,0.04514542382088805,0.0,0.0,1.0185385569930077,False,False,
s-009,after_one_actual_history_call,3,1000,1,-10147.982985629,10464.591257695,16622.015262033,7339.556146165038,945.0097330029821,10937.019665136,789.0366795070004,0.04514542382088805,0.0,0.0,1.0174995996057987,False,False,
s-009,after_one_actual_history_call,4,200,0,-38128.294669666,39073.304402669,64598.16047278,34205.50491795098,945.0097330029821,39073.304402669,945.0097330029967,0.0,1.4551915228366852e-11,2.0108506902793618e-17,0.002661149948835373,False,True,
s-009,after_one_actual_history_call,4,200,1,-38128.294669666,39073.304402669,64598.16047278,34205.50491795098,945.0097330029821,39073.304402669,945.0097330029967,0.0,1.4551915228366852e-11,2.0108506902793618e-17,0.002551805227994919,False,True,
s-009,after_one_actual_history_call,4,1000,0,-38128.294669666,39073.304402669,64598.16047278,34205.50491795098,945.0097330029821,39073.304402669,945.0097330029967,0.0,1.4551915228366852e-11,2.0108506902793618e-17,1.020040649920702,False,True,
s-009,after_one_actual_history_call,4,1000,1,-38128.294669666,39073.304402669,64598.16047278,34205.50491795098,945.0097330029821,39073.304402669,945.0097330029967,0.0,1.4551915228366852e-11,2.0108506902793618e-17,1.0195369832217693,False,True,
s-009,after_one_actual_history_call,5,200,0,-0.4236617770000066,396.673308065,396.673308065,396.673308065,945.0097330029821,396.673308065,396.249646288,0.0,0.0,0.0,0.21525367721915245,False,True,
s-009,after_one_actual_history_call,5,200,1,-0.4236617770000066,396.673308065,396.673308065,396.673308065,945.0097330029821,396.673308065,396.249646288,0.0,0.0,0.0,0.21594547480344772,False,True,
s-009,after_one_actual_history_call,5,1000,0,-0.4236617770000066,396.673308065,396.673308065,396.673308065,945.0097330029821,396.673308065,396.249646288,0.0,0.0,0.0,1.015296809375286,False,True,
s-009,after_one_actual_history_call,5,1000,1,-0.4236617770000066,396.673308065,396.673308065,396.673308065,945.0097330029821,396.673308065,396.249646288,0.0,0.0,0.0,1.0161370001733303,False,True,
s-009,after_one_actual_history_call,6,200,0,-9427.378850095,10186.088904347,14869.734221671999,7081.8520613499595,945.0097330029821,10333.310487366,905.931637271,0.014453200281432037,0.0,0.0,0.21919245272874832,False,False,
s-009,after_one_actual_history_call,6,200,1,-9427.378850095,10186.088904347,14869.734221671999,7081.8520613499595,945.0097330029821,10333.310487366,905.931637271,0.014453200281432037,0.0,0.0,0.21824166178703308,False,False,
s-009,after_one_actual_history_call,6,1000,0,-9427.378850095,10186.088904347,14869.734221671999,7081.8520613499595,945.0097330029821,10333.310487366,905.931637271,0.014453200281432037,0.0,0.0,1.0171761065721512,False,False,
s-009,after_one_actual_history_call,6,1000,1,-9427.378850095,10186.088904347,14869.734221671999,7081.8520613499595,945.0097330029821,10333.310487366,905.931637271,0.014453200281432037,0.0,0.0,1.0170996114611626,False,False,
s-009,after_one_actual_history_call,7,200,0,-38221.000821845,38220.577160068,64429.264951613,31939.549939554683,945.0097330029821,39049.833170038,828.8323481929983,0.021696585232009173,0.0,0.0,0.21992774680256844,False,False,
s-009,after_one_actual_history_call,7,200,1,-38221.000821845,38220.577160068,64429.264951613,31939.549939554683,945.0097330029821,39049.833170038,828.8323481929983,0.021696585232009173,0.0,0.0,0.2192852720618248,False,False,
s-009,after_one_actual_history_call,7,1000,0,-38221.000821845,38220.577160068,64429.264951613,31939.549939554683,945.0097330029821,39049.833170038,828.8323481929983,0.021696585232009173,0.0,0.0,1.0199538469314575,False,False,
s-009,after_one_actual_history_call,7,1000,1,-38221.000821845,38220.577160068,64429.264951613,31939.549939554683,945.0097330029821,39049.833170038,828.8323481929983,0.021696585232009173,0.0,0.0,1.020677912980318,False,False,
s-009,after_one_actual_history_call,8,200,0,-1.6810899669999344,417.329057135,417.329057135,417.329057135,945.0097330029821,417.329057135,415.6479671680001,0.0,0.0,0.0,0.21609865874052048,False,True,
s-009,after_one_actual_history_call,8,200,1,-1.6810899669999344,417.329057135,417.329057135,417.329057135,945.0097330029821,417.329057135,415.6479671680001,0.0,0.0,0.0,0.21620864048600197,False,True,
s-009,after_one_actual_history_call,8,1000,0,-1.6810899669999344,417.329057135,417.329057135,417.329057135,945.0097330029821,417.329057135,415.6479671680001,0.0,0.0,0.0,1.015736747533083,False,True,
s-009,after_one_actual_history_call,8,1000,1,-1.6810899669999344,417.329057135,417.329057135,417.329057135,945.0097330029821,417.329057135,415.6479671680001,0.0,0.0,0.0,1.0152020789682865,False,True,
s-009,after_one_actual_history_call,9,200,0,-8330.248612071,9090.685046557,14332.500035274,6918.551397987899,945.0097330029821,9857.460546186001,1527.211934115001,0.08434738369023229,582.2022011120189,0.0008045138248923513,0.21794069185853004,False,False,0.21794069185853004
s-009,after_one_actual_history_call,9,200,1,-8330.248612071,9090.685046557,14332.500035274,6918.551397987899,945.0097330029821,9857.460546186001,1527.211934115001,0.08434738369023229,582.2022011120189,0.0008045138248923513,0.21783363446593285,False,False,0.21783363446593285
s-009,after_one_actual_history_call,9,1000,0,-8330.248612071,9090.685046557,14332.500035274,6918.551397987899,945.0097330029821,9857.460546186001,1527.211934115001,0.08434738369023229,582.2022011120189,0.0008045138248923513,1.017094697803259,False,False,1.017094697803259
s-009,after_one_actual_history_call,9,1000,1,-8330.248612071,9090.685046557,14332.500035274,6918.551397987899,945.0097330029821,9857.460546186001,1527.211934115001,0.08434738369023229,582.2022011120189,0.0008045138248923513,1.0173321776092052,False,False,1.0173321776092052
s-009,after_one_actual_history_call,10,200,0,-36470.927252458,37121.843931224,59430.31235912,29899.70291543049,945.0097330029821,38281.621792569,1810.6945401109988,0.031242463695869492,865.6848071080167,0.001196243150553919,0.21996785700321198,False,False,0.21996785700321198
s-009,after_one_actual_history_call,10,200,1,-36470.927252458,37121.843931224,59430.31235912,29899.70291543049,945.0097330029821,38281.621792569,1810.6945401109988,0.031242463695869492,865.6848071080167,0.001196243150553919,0.22020024433732033,False,False,0.22020024433732033
s-009,after_one_actual_history_call,10,1000,0,-36470.927252458,37121.843931224,59430.31235912,29899.70291543049,945.0097330029821,38281.621792569,1810.6945401109988,0.031242463695869492,865.6848071080167,0.001196243150553919,1.0191252902150154,False,False,1.0191252902150154
s-009,after_one_actual_history_call,10,1000,1,-36470.927252458,37121.843931224,59430.31235912,29899.70291543049,945.0097330029821,38281.621792569,1810.6945401109988,0.031242463695869492,865.6848071080167,0.001196243150553919,1.0192137882113457,False,False,1.0192137882113457
s-009,after_one_actual_history_call,0,50,0,-9115.496679968,9312.505202157,20115.945961882,6956.692056249758,945.0097330029821,10426.927292927,1311.4306129589986,0.11966941940734392,366.4208799560165,0.0005063372537767452,0.06949479132890701,False,False,0.06949479132890701
s-009,after_one_actual_history_call,0,50,1,-9115.496679968,9312.505202157,20115.945961882,6956.692056249758,945.0097330029821,10426.927292927,1311.4306129589986,0.11966941940734392,366.4208799560165,0.0005063372537767452,0.06897999346256256,False,False,0.06897999346256256
s-009,after_one_actual_history_call,1,50,0,-36794.061262396,36794.061262396,62288.642442785,33036.37834492273,945.0097330029821,37464.064730591,670.0034681950056,0.01820955461852638,0.0,0.0,0.07216444984078407,False,False,
s-009,after_one_actual_history_call,1,50,1,-36794.061262396,36794.061262396,62288.642442785,33036.37834492273,945.0097330029821,37464.064730591,670.0034681950056,0.01820955461852638,0.0,0.0,0.0704701840877533,False,False,
s-009,after_one_actual_history_call,2,50,0,-0.1744706160000078,0.0,0.0,0.0,945.0097330029821,0.0,-0.1744706160000078,0.0,0.0,0.0,0.0036704614758491516,False,True,
s-009,after_one_actual_history_call,2,50,1,-0.1744706160000078,0.0,0.0,0.0,945.0097330029821,0.0,-0.1744706160000078,0.0,0.0,0.0,0.003634512424468994,False,True,
s-009,after_one_actual_history_call,3,50,0,-10147.982985629,10464.591257695,16622.015262033,7339.556146165038,945.0097330029821,10937.019665136,789.0366795070004,0.04514542382088805,0.0,0.0,0.06972664967179298,False,False,
s-009,after_one_actual_history_call,3,50,1,-10147.982985629,10464.591257695,16622.015262033,7339.556146165038,945.0097330029821,10937.019665136,789.0366795070004,0.04514542382088805,0.0,0.0,0.0699458159506321,False,False,
s-009,after_one_actual_history_call,4,50,0,-38128.294669666,39073.304402669,64598.16047278,34205.50491795098,945.0097330029821,39073.304402669,945.0097330029967,0.0,1.4551915228366852e-11,2.0108506902793618e-17,0.07102197781205177,False,True,
s-009,after_one_actual_history_call,4,50,1,-38128.294669666,39073.304402669,64598.16047278,34205.50491795098,945.0097330029821,39073.304402669,945.0097330029967,0.0,1.4551915228366852e-11,2.0108506902793618e-17,0.07089557126164436,False,True,
s-009,after_one_actual_history_call,5,50,0,-0.4236617770000066,396.673308065,396.673308065,396.673308065,945.0097330029821,396.673308065,396.249646288,0.0,0.0,0.0,0.06705356761813164,False,True,
s-009,after_one_actual_history_call,5,50,1,-0.4236617770000066,396.673308065,396.673308065,396.673308065,945.0097330029821,396.673308065,396.249646288,0.0,0.0,0.0,0.06680754199624062,False,True,
s-009,after_one_actual_history_call,6,50,0,-9427.378850095,10186.088904347,14869.734221671999,7081.8520613499595,945.0097330029821,10333.310487366,905.931637271,0.014453200281432037,0.0,0.0,0.0688495971262455,False,False,
s-009,after_one_actual_history_call,6,50,1,-9427.378850095,10186.088904347,14869.734221671999,7081.8520613499595,945.0097330029821,10333.310487366,905.931637271,0.014453200281432037,0.0,0.0,0.06851043179631233,False,False,
s-009,after_one_actual_history_call,7,50,0,-38221.000821845,38220.577160068,64429.264951613,31939.549939554683,945.0097330029821,39049.833170038,828.8323481929983,0.021696585232009173,0.0,0.0,0.07143356651067734,False,False,
s-009,after_one_actual_history_call,7,50,1,-38221.000821845,38220.577160068,64429.264951613,31939.549939554683,945.0097330029821,39049.833170038,828.8323481929983,0.021696585232009173,0.0,0.0,0.07139428704977036,False,False,
s-009,after_one_actual_history_call,8,50,0,-1.6810899669999344,417.329057135,417.329057135,417.329057135,945.0097330029821,417.329057135,415.6479671680001,0.0,0.0,0.0,0.06715794652700424,False,True,
s-009,after_one_actual_history_call,8,50,1,-1.6810899669999344,417.329057135,417.329057135,417.329057135,945.0097330029821,417.329057135,415.6479671680001,0.0,0.0,0.0,0.06642813608050346,False,True,
s-009,after_one_actual_history_call,9,50,0,-8330.248612071,9090.685046557,14332.500035274,6918.551397987899,945.0097330029821,9857.460546186001,1527.211934115001,0.08434738369023229,582.2022011120189,0.0008045138248923513,0.06796106323599815,False,False,0.06796106323599815
s-009,after_one_actual_history_call,9,50,1,-8330.248612071,9090.685046557,14332.500035274,6918.551397987899,945.0097330029821,9857.460546186001,1527.211934115001,0.08434738369023229,582.2022011120189,0.0008045138248923513,0.06826754659414291,False,False,0.06826754659414291
s-009,after_one_actual_history_call,10,50,0,-36470.927252458,37121.843931224,59430.31235912,29899.70291543049,945.0097330029821,38281.621792569,1810.6945401109988,0.031242463695869492,865.6848071080167,0.001196243150553919,0.07139983400702477,False,False,0.07139983400702477
s-009,after_one_actual_history_call,10,50,1,-36470.927252458,37121.843931224,59430.31235912,29899.70291543049,945.0097330029821,38281.621792569,1810.6945401109988,0.031242463695869492,865.6848071080167,0.001196243150553919,0.07086460664868355,False,False,0.07086460664868355
s-009,after_one_actual_history_call,0,10,0,-9115.496679968,9312.505202157,20115.945961882,6956.692056249758,945.0097330029821,10426.927292927,1311.4306129589986,0.11966941940734392,366.4208799560165,0.0005063372537767452,0.03159192204475403,False,False,0.03159192204475403
s-009,after_one_actual_history_call,0,10,1,-9115.496679968,9312.505202157,20115.945961882,6956.692056249758,945.0097330029821,10426.927292927,1311.4306129589986,0.11966941940734392,366.4208799560165,0.0005063372537767452,0.031152047216892242,False,False,0.031152047216892242
s-009,after_one_actual_history_call,1,10,0,-36794.061262396,36794.061262396,62288.642442785,33036.37834492273,945.0097330029821,37442.250022797,648.1887604010044,0.017616667966562898,0.0,0.0,0.031534429639577866,False,False,
s-009,after_one_actual_history_call,1,10,1,-36794.061262396,36794.061262396,62288.642442785,33036.37834492273,945.0097330029821,37442.250022797,648.1887604010044,0.017616667966562898,0.0,0.0,0.032707683742046356,False,False,
s-009,after_one_actual_history_call,2,10,0,-0.1744706160000078,0.0,0.0,0.0,945.0097330029821,0.0,-0.1744706160000078,0.0,0.0,0.0,0.004092302173376083,False,True,
s-009,after_one_actual_history_call,2,10,1,-0.1744706160000078,0.0,0.0,0.0,945.0097330029821,0.0,-0.1744706160000078,0.0,0.0,0.0,0.003702472895383835,False,True,
s-009,after_one_actual_history_call,3,10,0,-10147.982985629,10464.591257695,16622.015262033,7339.556146165038,945.0097330029821,10937.019665136,789.0366795070004,0.04514542382088805,0.0,0.0,0.03016992285847664,False,False,
s-009,after_one_actual_history_call,3,10,1,-10147.982985629,10464.591257695,16622.015262033,7339.556146165038,945.0097330029821,10937.019665136,789.0366795070004,0.04514542382088805,0.0,0.0,0.030463866889476776,False,False,
s-009,after_one_actual_history_call,4,10,0,-38128.294669666,39073.304402669,64598.16047278,34205.50491795098,945.0097330029821,39073.304402669,945.0097330029967,0.0,1.4551915228366852e-11,2.0108506902793618e-17,0.031630970537662506,False,True,
s-009,after_one_actual_history_call,4,10,1,-38128.294669666,39073.304402669,64598.16047278,34205.50491795098,945.0097330029821,39073.304402669,945.0097330029967,0.0,1.4551915228366852e-11,2.0108506902793618e-17,0.031781770288944244,False,True,
s-009,after_one_actual_history_call,5,10,0,-0.4236617770000066,396.673308065,396.673308065,396.673308065,945.0097330029821,396.673308065,396.249646288,0.0,0.0,0.0,0.02733859419822693,False,True,
s-009,after_one_actual_history_call,5,10,1,-0.4236617770000066,396.673308065,396.673308065,396.673308065,945.0097330029821,396.673308065,396.249646288,0.0,0.0,0.0,0.027362555265426636,False,True,
s-009,after_one_actual_history_call,6,10,0,-9427.378850095,10186.088904347,14869.734221671999,7081.8520613499595,945.0097330029821,10333.310487366,905.931637271,0.014453200281432037,0.0,0.0,0.02947954460978508,False,False,
s-009,after_one_actual_history_call,6,10,1,-9427.378850095,10186.088904347,14869.734221671999,7081.8520613499595,945.0097330029821,10333.310487366,905.931637271,0.014453200281432037,0.0,0.0,0.029092609882354736,False,False,
s-009,after_one_actual_history_call,7,10,0,-38221.000821845,38220.577160068,64429.264951613,31939.549939554683,945.0097330029821,39049.833170038,828.8323481929983,0.021696585232009173,0.0,0.0,0.031534768640995026,False,False,
s-009,after_one_actual_history_call,7,10,1,-38221.000821845,38220.577160068,64429.264951613,31939.549939554683,945.0097330029821,39049.833170038,828.8323481929983,0.021696585232009173,0.0,0.0,0.032690662890672684,False,False,
s-009,after_one_actual_history_call,8,10,0,-1.6810899669999344,417.329057135,417.329057135,417.329057135,945.0097330029821,417.329057135,415.6479671680001,0.0,0.0,0.0,0.027422718703746796,False,True,
s-009,after_one_actual_history_call,8,10,1,-1.6810899669999344,417.329057135,417.329057135,417.329057135,945.0097330029821,417.329057135,415.6479671680001,0.0,0.0,0.0,0.027151290327310562,False,True,
s-009,after_one_actual_history_call,9,10,0,-8330.248612071,9090.685046557,14332.500035274,6918.551397987899,945.0097330029821,9857.460546186001,1527.211934115001,0.08434738369023229,582.2022011120189,0.0008045138248923513,0.029039893299341202,False,False,0.029039893299341202
s-009,after_one_actual_history_call,9,10,1,-8330.248612071,9090.685046557,14332.500035274,6918.551397987899,945.0097330029821,9857.460546186001,1527.211934115001,0.08434738369023229,582.2022011120189,0.0008045138248923513,0.02918113023042679,False,False,0.02918113023042679
s-009,after_one_actual_history_call,10,10,0,-36470.927252458,37121.843931224,59430.31235912,29899.70291543049,945.0097330029821,38281.621792569,1810.6945401109988,0.031242463695869492,865.6848071080167,0.001196243150553919,0.03100678324699402,False,False,0.03100678324699402
s-009,after_one_actual_history_call,10,10,1,-36470.927252458,37121.843931224,59430.31235912,29899.70291543049,945.0097330029821,38281.621792569,1810.6945401109988,0.031242463695869492,865.6848071080167,0.001196243150553919,0.030884038656949997,False,False,0.030884038656949997
s-010,after_common_greedy_prefix,0,200,0,-8926.310236936,9618.236024715,19228.445769428,6891.601219854779,760.4364344859496,9838.517806457,912.2075695209987,0.022902513639295456,151.77113503504916,0.00020972434683703275,0.2198207601904869,False,False,0.2198207601904869
s-010,after_common_greedy_prefix,0,200,1,-8926.310236936,9618.236024715,19228.445769428,6891.601219854779,760.4364344859496,9838.517806457,912.2075695209987,0.022902513639295456,151.77113503504916,0.00020972434683703275,0.2196904681622982,False,False,0.2196904681622982
s-010,after_common_greedy_prefix,0,1000,0,-8926.310236936,9618.236024715,19228.445769428,6891.601219854779,760.4364344859496,9838.517806457,912.2075695209987,0.022902513639295456,151.77113503504916,0.00020972434683703275,1.0179172419011593,False,False,1.0179172419011593
s-010,after_common_greedy_prefix,0,1000,1,-8926.310236936,9618.236024715,19228.445769428,6891.601219854779,760.4364344859496,9838.517806457,912.2075695209987,0.022902513639295456,151.77113503504916,0.00020972434683703275,1.019444715231657,False,False,1.019444715231657
s-010,after_common_greedy_prefix,1,200,0,-37435.365876538,37435.365876538,65990.965364892,33388.92435916855,760.4364344859496,37913.255371531,477.88949499299633,0.012765722567506832,0.0,0.0,0.2197994627058506,False,False,
s-010,after_common_greedy_prefix,1,200,1,-37435.365876538,37435.365876538,65990.965364892,33388.92435916855,760.4364344859496,37913.255371531,477.88949499299633,0.012765722567506832,0.0,0.0,0.2193634882569313,False,False,
s-010,after_common_greedy_prefix,1,1000,0,-37435.365876538,37435.365876538,65990.965364892,33388.92435916855,760.4364344859496,37913.255371531,477.88949499299633,0.012765722567506832,0.0,0.0,1.0195127092301846,False,False,
s-010,after_common_greedy_prefix,1,1000,1,-37435.365876538,37435.365876538,65990.965364892,33388.92435916855,760.4364344859496,37913.255371531,477.88949499299633,0.012765722567506832,0.0,0.0,1.0191312320530415,False,False,
s-010,after_common_greedy_prefix,2,200,0,-0.1744706160000078,0.0,0.0,0.0,760.4364344859496,0.0,-0.1744706160000078,0.0,0.0,0.0,0.003639478236436844,False,True,
s-010,after_common_greedy_prefix,2,200,1,-0.1744706160000078,0.0,0.0,0.0,760.4364344859496,0.0,-0.1744706160000078,0.0,0.0,0.0,0.0035856030881404877,False,True,
s-010,after_common_greedy_prefix,2,1000,0,-0.1744706160000078,0.0,0.0,0.0,760.4364344859496,0.0,-0.1744706160000078,0.0,0.0,0.0,0.003585297614336014,False,True,
s-010,after_common_greedy_prefix,2,1000,1,-0.1744706160000078,0.0,0.0,0.0,760.4364344859496,0.0,-0.1744706160000078,0.0,0.0,0.0,0.0035890303552150726,False,True,
s-010,after_common_greedy_prefix,3,200,0,-9967.257237345,10283.865509411,17967.482527817,7209.629548210718,760.4364344859496,10798.343441942001,831.0862045970007,0.05002767996724485,70.64977011105111,9.762710733701087e-05,0.21857468783855438,False,False,0.21857468783855438
s-010,after_common_greedy_prefix,3,200,1,-9967.257237345,10283.865509411,17967.482527817,7209.629548210718,760.4364344859496,10798.343441942001,831.0862045970007,0.05002767996724485,70.64977011105111,9.762710733701087e-05,0.21700755506753922,False,False,0.21700755506753922
s-010,after_common_greedy_prefix,3,1000,0,-9967.257237345,10283.865509411,17967.482527817,7209.629548210718,760.4364344859496,10798.343441942001,831.0862045970007,0.05002767996724485,70.64977011105111,9.762710733701087e-05,1.0179857164621353,False,False,1.0179857164621353
s-010,after_common_greedy_prefix,3,1000,1,-9967.257237345,10283.865509411,17967.482527817,7209.629548210718,760.4364344859496,10798.343441942001,831.0862045970007,0.05002767996724485,70.64977011105111,9.762710733701087e-05,1.0181442312896252,False,False,1.0181442312896252
s-010,after_common_greedy_prefix,4,200,0,-37747.559741537,37747.385270921,62504.992499025,34471.68040296633,760.4364344859496,38641.983412814,894.4236712769998,0.023699605561346343,133.98723679105024,0.00018514973689834048,0.22070306167006493,False,False,0.22070306167006493
s-010,after_common_greedy_prefix,4,200,1,-37747.559741537,37747.385270921,62504.992499025,34471.68040296633,760.4364344859496,38641.983412814,894.4236712769998,0.023699605561346343,133.98723679105024,0.00018514973689834048,0.2202371172606945,False,False,0.2202371172606945
s-010,after_common_greedy_prefix,4,1000,0,-37747.559741537,37747.385270921,62504.992499025,34471.68040296633,760.4364344859496,38641.983412814,894.4236712769998,0.023699605561346343,133.98723679105024,0.00018514973689834048,1.0191868245601654,False,False,1.0191868245601654
s-010,after_common_greedy_prefix,4,1000,1,-37747.559741537,37747.385270921,62504.992499025,34471.68040296633,760.4364344859496,38641.983412814,894.4236712769998,0.023699605561346343,133.98723679105024,0.00018514973689834048,1.0194391757249832,False,False,1.0194391757249832
s-010,after_common_greedy_prefix,5,200,0,-0.4236617770000066,396.673308065,396.673308065,396.673308065,760.4364344859496,396.673308065,396.249646288,0.0,0.0,0.0,0.21579783037304878,False,True,
s-010,after_common_greedy_prefix,5,200,1,-0.4236617770000066,396.673308065,396.673308065,396.673308065,760.4364344859496,396.673308065,396.249646288,0.0,0.0,0.0,0.21534523367881775,False,True,
s-010,after_common_greedy_prefix,5,1000,0,-0.4236617770000066,396.673308065,396.673308065,396.673308065,760.4364344859496,396.673308065,396.249646288,0.0,0.0,0.0,1.0154488049447536,False,True,
s-010,after_common_greedy_prefix,5,1000,1,-0.4236617770000066,396.673308065,396.673308065,396.673308065,760.4364344859496,396.673308065,396.249646288,0.0,0.0,0.0,1.015354000031948,False,True,
s-010,after_common_greedy_prefix,6,200,0,-9428.062712499,10075.72890381,15287.911410383,6900.465093495302,760.4364344859496,10333.99434977,905.931637271,0.02563243299076261,145.49520278505042,0.00020105197450733715,0.21770557016134262,False,False,0.21770557016134262
s-010,after_common_greedy_prefix,6,200,1,-9428.062712499,10075.72890381,15287.911410383,6900.465093495302,760.4364344859496,10333.99434977,905.931637271,0.02563243299076261,145.49520278505042,0.00020105197450733715,0.21734201908111572,False,False,0.21734201908111572
s-010,after_common_greedy_prefix,6,1000,0,-9428.062712499,10075.72890381,15287.911410383,6900.465093495302,760.4364344859496,10333.99434977,905.931637271,0.02563243299076261,145.49520278505042,0.00020105197450733715,1.0175256580114365,False,False,1.0175256580114365
s-010,after_common_greedy_prefix,6,1000,1,-9428.062712499,10075.72890381,15287.911410383,6900.465093495302,760.4364344859496,10333.99434977,905.931637271,0.02563243299076261,145.49520278505042,0.00020105197450733715,1.0175861902534962,False,False,1.0175861902534962
s-010,after_common_greedy_prefix,7,200,0,-38221.795469289005,38221.371807512,65296.650400444,32211.091786703633,760.4364344859496,39050.627817482,828.8323481929983,0.02169613414574054,68.39591370704875,9.451262471760698e-05,0.21969637647271156,False,False,0.21969637647271156
s-010,after_common_greedy_prefix,7,200,1,-38221.795469289005,38221.371807512,65296.650400444,32211.091786703633,760.4364344859496,39050.627817482,828.8323481929983,0.02169613414574054,68.39591370704875,9.451262471760698e-05,0.2193964384496212,False,False,0.2193964384496212
s-010,after_common_greedy_prefix,7,1000,0,-38221.795469289005,38221.371807512,65296.650400444,32211.091786703633,760.4364344859496,39050.627817482,828.8323481929983,0.02169613414574054,68.39591370704875,9.451262471760698e-05,1.019242063164711,False,False,1.019242063164711
s-010,after_common_greedy_prefix,7,1000,1,-38221.795469289005,38221.371807512,65296.650400444,32211.091786703633,760.4364344859496,39050.627817482,828.8323481929983,0.02169613414574054,68.39591370704875,9.451262471760698e-05,1.0193893648684025,False,False,1.0193893648684025
s-010,after_common_greedy_prefix,8,200,0,-1.6810899669999344,417.329057135,417.329057135,417.329057135,760.4364344859496,417.329057135,415.6479671680001,0.0,0.0,0.0,0.2157132811844349,False,True,
s-010,after_common_greedy_prefix,8,200,1,-1.6810899669999344,417.329057135,417.329057135,417.329057135,760.4364344859496,417.329057135,415.6479671680001,0.0,0.0,0.0,0.21516404300928116,False,True,
s-010,after_common_greedy_prefix,8,1000,0,-1.6810899669999344,417.329057135,417.329057135,417.329057135,760.4364344859496,417.329057135,415.6479671680001,0.0,0.0,0.0,1.0153471790254116,False,True,
s-010,after_common_greedy_prefix,8,1000,1,-1.6810899669999344,417.329057135,417.329057135,417.329057135,760.4364344859496,417.329057135,415.6479671680001,0.0,0.0,0.0,1.0161250196397305,False,True,
s-010,after_common_greedy_prefix,9,200,0,-8330.248612071,9090.685046557,14332.500035274,6918.551397987899,760.4364344859496,9857.460546186001,1527.211934115001,0.08434738369023229,766.7754996290514,0.0010595657124999782,0.2186739705502987,False,False,0.2186739705502987
s-010,after_common_greedy_prefix,9,200,1,-8330.248612071,9090.685046557,14332.500035274,6918.551397987899,760.4364344859496,9857.460546186001,1527.211934115001,0.08434738369023229,766.7754996290514,0.0010595657124999782,0.21674852818250656,False,False,0.21674852818250656
s-010,after_common_greedy_prefix,9,1000,0,-8330.248612071,9090.685046557,14332.500035274,6918.551397987899,760.4364344859496,9857.460546186001,1527.211934115001,0.08434738369023229,766.7754996290514,0.0010595657124999782,1.016988094896078,False,False,1.016988094896078
s-010,after_common_greedy_prefix,9,1000,1,-8330.248612071,9090.685046557,14332.500035274,6918.551397987899,760.4364344859496,9857.460546186001,1527.211934115001,0.08434738369023229,766.7754996290514,0.0010595657124999782,1.0173734538257122,False,False,1.0173734538257122
s-010,after_common_greedy_prefix,10,200,0,-36470.927252458,37121.843931224,59430.31235912,29899.70291543049,760.4364344859496,38281.621792569,1810.6945401109988,0.031242463695869492,1050.2581056250492,0.001451295038161546,0.22081447020173073,False,False,0.22081447020173073
s-010,after_common_greedy_prefix,10,200,1,-36470.927252458,37121.843931224,59430.31235912,29899.70291543049,760.4364344859496,38281.621792569,1810.6945401109988,0.031242463695869492,1050.2581056250492,0.001451295038161546,0.22104960680007935,False,False,0.22104960680007935
s-010,after_common_greedy_prefix,10,1000,0,-36470.927252458,37121.843931224,59430.31235912,29899.70291543049,760.4364344859496,38281.621792569,1810.6945401109988,0.031242463695869492,1050.2581056250492,0.001451295038161546,1.020277876406908,False,False,1.020277876406908
s-010,after_common_greedy_prefix,10,1000,1,-36470.927252458,37121.843931224,59430.31235912,29899.70291543049,760.4364344859496,38281.621792569,1810.6945401109988,0.031242463695869492,1050.2581056250492,0.001451295038161546,1.0217296443879604,False,False,1.0217296443879604
s-010,after_common_greedy_prefix,0,50,0,-8926.310236936,9618.236024715,19228.445769428,6891.601219854779,760.4364344859496,9838.517806457,912.2075695209987,0.022902513639295456,151.77113503504916,0.00020972434683703275,0.06912579387426376,False,False,0.06912579387426376
s-010,after_common_greedy_prefix,0,50,1,-8926.310236936,9618.236024715,19228.445769428,6891.601219854779,760.4364344859496,9838.517806457,912.2075695209987,0.022902513639295456,151.77113503504916,0.00020972434683703275,0.06799154356122017,False,False,0.06799154356122017
s-010,after_common_greedy_prefix,1,50,0,-37435.365876538,37435.365876538,65990.965364892,33388.92435916855,760.4364344859496,37913.255371531,477.88949499299633,0.012765722567506832,0.0,0.0,0.07155317813158035,False,False,
s-010,after_common_greedy_prefix,1,50,1,-37435.365876538,37435.365876538,65990.965364892,33388.92435916855,760.4364344859496,37913.255371531,477.88949499299633,0.012765722567506832,0.0,0.0,0.07113882526755333,False,False,
s-010,after_common_greedy_prefix,2,50,0,-0.1744706160000078,0.0,0.0,0.0,760.4364344859496,0.0,-0.1744706160000078,0.0,0.0,0.0,0.0036623477935791016,False,True,
s-010,after_common_greedy_prefix,2,50,1,-0.1744706160000078,0.0,0.0,0.0,760.4364344859496,0.0,-0.1744706160000078,0.0,0.0,0.0,0.003559071570634842,False,True,
s-010,after_common_greedy_prefix,3,50,0,-9967.257237345,10283.865509411,17967.482527817,7209.629548210718,760.4364344859496,10798.343441942001,831.0862045970007,0.05002767996724485,70.64977011105111,9.762710733701087e-05,0.06801459193229675,False,False,0.06801459193229675
s-010,after_common_greedy_prefix,3,50,1,-9967.257237345,10283.865509411,17967.482527817,7209.629548210718,760.4364344859496,10798.343441942001,831.0862045970007,0.05002767996724485,70.64977011105111,9.762710733701087e-05,0.06861961260437965,False,False,0.06861961260437965
s-010,after_common_greedy_prefix,4,50,0,-37747.559741537,37747.385270921,62504.992499025,34471.68040296633,760.4364344859496,38641.983412814,894.4236712769998,0.023699605561346343,133.98723679105024,0.00018514973689834048,0.07115425541996956,False,False,0.07115425541996956
s-010,after_common_greedy_prefix,4,50,1,-37747.559741537,37747.385270921,62504.992499025,34471.68040296633,760.4364344859496,38641.983412814,894.4236712769998,0.023699605561346343,133.98723679105024,0.00018514973689834048,0.07183335348963737,False,False,0.07183335348963737
s-010,after_common_greedy_prefix,5,50,0,-0.4236617770000066,396.673308065,396.673308065,396.673308065,760.4364344859496,396.673308065,396.249646288,0.0,0.0,0.0,0.06638196483254433,False,True,
s-010,after_common_greedy_prefix,5,50,1,-0.4236617770000066,396.673308065,396.673308065,396.673308065,760.4364344859496,396.673308065,396.249646288,0.0,0.0,0.0,0.06674724817276001,False,True,
s-010,after_common_greedy_prefix,6,50,0,-9428.062712499,10075.72890381,15287.911410383,6900.465093495302,760.4364344859496,10333.99434977,905.931637271,0.02563243299076261,145.49520278505042,0.00020105197450733715,0.06824517250061035,False,False,0.06824517250061035
s-010,after_common_greedy_prefix,6,50,1,-9428.062712499,10075.72890381,15287.911410383,6900.465093495302,760.4364344859496,10333.99434977,905.931637271,0.02563243299076261,145.49520278505042,0.00020105197450733715,0.06874137371778488,False,False,0.06874137371778488
s-010,after_common_greedy_prefix,7,50,0,-38221.795469289005,38221.371807512,65296.650400444,32211.091786703633,760.4364344859496,39050.627817482,828.8323481929983,0.02169613414574054,68.39591370704875,9.451262471760698e-05,0.07226430252194405,False,False,0.07226430252194405
s-010,after_common_greedy_prefix,7,50,1,-38221.795469289005,38221.371807512,65296.650400444,32211.091786703633,760.4364344859496,39050.627817482,828.8323481929983,0.02169613414574054,68.39591370704875,9.451262471760698e-05,0.0728803500533104,False,False,0.0728803500533104
s-010,after_common_greedy_prefix,8,50,0,-1.6810899669999344,417.329057135,417.329057135,417.329057135,760.4364344859496,417.329057135,415.6479671680001,0.0,0.0,0.0,0.0675278939306736,False,True,
s-010,after_common_greedy_prefix,8,50,1,-1.6810899669999344,417.329057135,417.329057135,417.329057135,760.4364344859496,417.329057135,415.6479671680001,0.0,0.0,0.0,0.06801319867372513,False,True,
s-010,after_common_greedy_prefix,9,50,0,-8330.248612071,9090.685046557,14332.500035274,6918.551397987899,760.4364344859496,9857.460546186001,1527.211934115001,0.08434738369023229,766.7754996290514,0.0010595657124999782,0.06976979970932007,False,False,0.06976979970932007
s-010,after_common_greedy_prefix,9,50,1,-8330.248612071,9090.685046557,14332.500035274,6918.551397987899,760.4364344859496,9857.460546186001,1527.211934115001,0.08434738369023229,766.7754996290514,0.0010595657124999782,0.06926083192229271,False,False,0.06926083192229271
s-010,after_common_greedy_prefix,10,50,0,-36470.927252458,37121.843931224,59430.31235912,29899.70291543049,760.4364344859496,38281.621792569,1810.6945401109988,0.031242463695869492,1050.2581056250492,0.001451295038161546,0.07195573672652245,False,False,0.07195573672652245
s-010,after_common_greedy_prefix,10,50,1,-36470.927252458,37121.843931224,59430.31235912,29899.70291543049,760.4364344859496,38281.621792569,1810.6945401109988,0.031242463695869492,1050.2581056250492,0.001451295038161546,0.07258273661136627,False,False,0.07258273661136627
s-010,after_common_greedy_prefix,0,10,0,-8926.310236936,9618.236024715,19228.445769428,6891.601219854779,760.4364344859496,9838.517806457,912.2075695209987,0.022902513639295456,151.77113503504916,0.00020972434683703275,0.031187769025564194,False,False,0.031187769025564194
s-010,after_common_greedy_prefix,0,10,1,-8926.310236936,9618.236024715,19228.445769428,6891.601219854779,760.4364344859496,9838.517806457,912.2075695209987,0.022902513639295456,151.77113503504916,0.00020972434683703275,0.03171170875430107,False,False,0.03171170875430107
s-010,after_common_greedy_prefix,1,10,0,-37435.365876538,37435.365876538,65990.965364892,33388.92435916855,760.4364344859496,37913.255371531,477.88949499299633,0.012765722567506832,0.0,0.0,0.031694766134023666,False,False,
s-010,after_common_greedy_prefix,1,10,1,-37435.365876538,37435.365876538,65990.965364892,33388.92435916855,760.4364344859496,37913.255371531,477.88949499299633,0.012765722567506832,0.0,0.0,0.03160931542515755,False,False,
s-010,after_common_greedy_prefix,2,10,0,-0.1744706160000078,0.0,0.0,0.0,760.4364344859496,0.0,-0.1744706160000078,0.0,0.0,0.0,0.003644939512014389,False,True,
s-010,after_common_greedy_prefix,2,10,1,-0.1744706160000078,0.0,0.0,0.0,760.4364344859496,0.0,-0.1744706160000078,0.0,0.0,0.0,0.0035987980663776398,False,True,
s-010,after_common_greedy_prefix,3,10,0,-9967.257237345,10283.865509411,17967.482527817,7209.629548210718,760.4364344859496,10798.343441942001,831.0862045970007,0.05002767996724485,70.64977011105111,9.762710733701087e-05,0.030488237738609314,False,False,0.030488237738609314
s-010,after_common_greedy_prefix,3,10,1,-9967.257237345,10283.865509411,17967.482527817,7209.629548210718,760.4364344859496,10798.343441942001,831.0862045970007,0.05002767996724485,70.64977011105111,9.762710733701087e-05,0.029955949634313583,False,False,0.029955949634313583
s-010,after_common_greedy_prefix,4,10,0,-37747.559741537,37747.385270921,62504.992499025,34471.68040296633,760.4364344859496,38641.983412814,894.4236712769998,0.023699605561346343,133.98723679105024,0.00018514973689834048,0.03172922134399414,False,False,0.03172922134399414
s-010,after_common_greedy_prefix,4,10,1,-37747.559741537,37747.385270921,62504.992499025,34471.68040296633,760.4364344859496,38641.983412814,894.4236712769998,0.023699605561346343,133.98723679105024,0.00018514973689834048,0.03879651054739952,False,False,0.03879651054739952
s-010,after_common_greedy_prefix,5,10,0,-0.4236617770000066,396.673308065,396.673308065,396.673308065,760.4364344859496,396.673308065,396.249646288,0.0,0.0,0.0,0.025966838002204895,False,True,
s-010,after_common_greedy_prefix,5,10,1,-0.4236617770000066,396.673308065,396.673308065,396.673308065,760.4364344859496,396.673308065,396.249646288,0.0,0.0,0.0,0.02609841153025627,False,True,
s-010,after_common_greedy_prefix,6,10,0,-9428.062712499,10075.72890381,15287.911410383,6900.465093495302,760.4364344859496,10333.99434977,905.931637271,0.02563243299076261,145.49520278505042,0.00020105197450733715,0.02945426106452942,False,False,0.02945426106452942
s-010,after_common_greedy_prefix,6,10,1,-9428.062712499,10075.72890381,15287.911410383,6900.465093495302,760.4364344859496,10333.99434977,905.931637271,0.02563243299076261,145.49520278505042,0.00020105197450733715,0.029962126165628433,False,False,0.029962126165628433
s-010,after_common_greedy_prefix,7,10,0,-38221.795469289005,38221.371807512,65296.650400444,32211.091786703633,760.4364344859496,39050.627817482,828.8323481929983,0.02169613414574054,68.39591370704875,9.451262471760698e-05,0.03211221843957901,False,False,0.03211221843957901
s-010,after_common_greedy_prefix,7,10,1,-38221.795469289005,38221.371807512,65296.650400444,32211.091786703633,760.4364344859496,39050.627817482,828.8323481929983,0.02169613414574054,68.39591370704875,9.451262471760698e-05,0.031643208116292953,False,False,0.031643208116292953
s-010,after_common_greedy_prefix,8,10,0,-1.6810899669999344,417.329057135,417.329057135,417.329057135,760.4364344859496,417.329057135,415.6479671680001,0.0,0.0,0.0,0.027622133493423462,False,True,
s-010,after_common_greedy_prefix,8,10,1,-1.6810899669999344,417.329057135,417.329057135,417.329057135,760.4364344859496,417.329057135,415.6479671680001,0.0,0.0,0.0,0.026347778737545013,False,True,
s-010,after_common_greedy_prefix,9,10,0,-8330.248612071,9090.685046557,14332.500035274,6918.551397987899,760.4364344859496,9857.460546186001,1527.211934115001,0.08434738369023229,766.7754996290514,0.0010595657124999782,0.029711630195379257,False,False,0.029711630195379257
s-010,after_common_greedy_prefix,9,10,1,-8330.248612071,9090.685046557,14332.500035274,6918.551397987899,760.4364344859496,9857.460546186001,1527.211934115001,0.08434738369023229,766.7754996290514,0.0010595657124999782,0.02936181053519249,False,False,0.02936181053519249
s-010,after_common_greedy_prefix,10,10,0,-36470.927252458,37121.843931224,59430.31235912,29899.70291543049,760.4364344859496,38281.621792569,1810.6945401109988,0.031242463695869492,1050.2581056250492,0.001451295038161546,0.03166138753294945,False,False,0.03166138753294945
s-010,after_common_greedy_prefix,10,10,1,-36470.927252458,37121.843931224,59430.31235912,29899.70291543049,760.4364344859496,38281.621792569,1810.6945401109988,0.031242463695869492,1050.2581056250492,0.001451295038161546,0.03094027191400528,False,False,0.03094027191400528
s-011,after_one_actual_history_call,0,200,0,-8926.310236936,9618.236024715,19228.445769428,6891.601219854779,760.4364344859496,9838.517806457,912.2075695209987,0.022902513639295456,151.77113503504916,0.00020972434683703275,0.2204337753355503,False,False,0.2204337753355503
s-011,after_one_actual_history_call,0,200,1,-8926.310236936,9618.236024715,19228.445769428,6891.601219854779,760.4364344859496,9838.517806457,912.2075695209987,0.022902513639295456,151.77113503504916,0.00020972434683703275,0.21828001365065575,False,False,0.21828001365065575
s-011,after_one_actual_history_call,0,1000,0,-8926.310236936,9618.236024715,19228.445769428,6891.601219854779,760.4364344859496,9838.517806457,912.2075695209987,0.022902513639295456,151.77113503504916,0.00020972434683703275,1.0188667885959148,False,False,1.0188667885959148
s-011,after_one_actual_history_call,0,1000,1,-8926.310236936,9618.236024715,19228.445769428,6891.601219854779,760.4364344859496,9838.517806457,912.2075695209987,0.022902513639295456,151.77113503504916,0.00020972434683703275,1.0188867710530758,False,False,1.0188867710530758
s-011,after_one_actual_history_call,1,200,0,-37435.365876538,37435.365876538,65990.965364892,33388.92435916855,760.4364344859496,37913.255371531,477.88949499299633,0.012765722567506832,0.0,0.0,0.2205657884478569,False,False,
s-011,after_one_actual_history_call,1,200,1,-37435.365876538,37435.365876538,65990.965364892,33388.92435916855,760.4364344859496,37913.255371531,477.88949499299633,0.012765722567506832,0.0,0.0,0.22035498172044754,False,False,
s-011,after_one_actual_history_call,1,1000,0,-37435.365876538,37435.365876538,65990.965364892,33388.92435916855,760.4364344859496,37913.255371531,477.88949499299633,0.012765722567506832,0.0,0.0,1.019829086959362,False,False,
s-011,after_one_actual_history_call,1,1000,1,-37435.365876538,37435.365876538,65990.965364892,33388.92435916855,760.4364344859496,37913.255371531,477.88949499299633,0.012765722567506832,0.0,0.0,1.019719697535038,False,False,
s-011,after_one_actual_history_call,2,200,0,-0.1744706160000078,0.0,0.0,0.0,760.4364344859496,0.0,-0.1744706160000078,0.0,0.0,0.0,0.003613542765378952,False,True,
s-011,after_one_actual_history_call,2,200,1,-0.1744706160000078,0.0,0.0,0.0,760.4364344859496,0.0,-0.1744706160000078,0.0,0.0,0.0,0.0035633407533168793,False,True,
s-011,after_one_actual_history_call,2,1000,0,-0.1744706160000078,0.0,0.0,0.0,760.4364344859496,0.0,-0.1744706160000078,0.0,0.0,0.0,0.0035608597099781036,False,True,
s-011,after_one_actual_history_call,2,1000,1,-0.1744706160000078,0.0,0.0,0.0,760.4364344859496,0.0,-0.1744706160000078,0.0,0.0,0.0,0.0035623200237751007,False,True,
s-011,after_one_actual_history_call,3,200,0,-9967.257237345,10283.865509411,17967.482527817,7209.629548210718,760.4364344859496,10798.343441942001,831.0862045970007,0.05002767996724485,70.64977011105111,9.762710733701087e-05,0.21849604696035385,False,False,0.21849604696035385
s-011,after_one_actual_history_call,3,200,1,-9967.257237345,10283.865509411,17967.482527817,7209.629548210718,760.4364344859496,10798.343441942001,831.0862045970007,0.05002767996724485,70.64977011105111,9.762710733701087e-05,0.2176864854991436,False,False,0.2176864854991436
s-011,after_one_actual_history_call,3,1000,0,-9967.257237345,10283.865509411,17967.482527817,7209.629548210718,760.4364344859496,10798.343441942001,831.0862045970007,0.05002767996724485,70.64977011105111,9.762710733701087e-05,1.017481081187725,False,False,1.017481081187725
s-011,after_one_actual_history_call,3,1000,1,-9967.257237345,10283.865509411,17967.482527817,7209.629548210718,760.4364344859496,10798.343441942001,831.0862045970007,0.05002767996724485,70.64977011105111,9.762710733701087e-05,1.018780656158924,False,False,1.018780656158924
s-011,after_one_actual_history_call,4,200,0,-37747.559741537,37747.385270921,62504.992499025,34471.68040296633,760.4364344859496,38641.983412814,894.4236712769998,0.023699605561346343,133.98723679105024,0.00018514973689834048,0.2213769145309925,False,False,0.2213769145309925
s-011,after_one_actual_history_call,4,200,1,-37747.559741537,37747.385270921,62504.992499025,34471.68040296633,760.4364344859496,38641.983412814,894.4236712769998,0.023699605561346343,133.98723679105024,0.00018514973689834048,0.2198883779346943,False,False,0.2198883779346943
s-011,after_one_actual_history_call,4,1000,0,-37747.559741537,37747.385270921,62504.992499025,34471.68040296633,760.4364344859496,38641.983412814,894.4236712769998,0.023699605561346343,133.98723679105024,0.00018514973689834048,1.0225203074514866,False,False,1.0225203074514866
s-011,after_one_actual_history_call,4,1000,1,-37747.559741537,37747.385270921,62504.992499025,34471.68040296633,760.4364344859496,38641.983412814,894.4236712769998,0.023699605561346343,133.98723679105024,0.00018514973689834048,1.0204753391444683,False,False,1.0204753391444683
s-011,after_one_actual_history_call,5,200,0,-0.4236617770000066,396.673308065,396.673308065,396.673308065,760.4364344859496,396.673308065,396.249646288,0.0,0.0,0.0,0.002588380128145218,False,True,
s-011,after_one_actual_history_call,5,200,1,-0.4236617770000066,396.673308065,396.673308065,396.673308065,760.4364344859496,396.673308065,396.249646288,0.0,0.0,0.0,0.0024825595319271088,False,True,
s-011,after_one_actual_history_call,5,1000,0,-0.4236617770000066,396.673308065,396.673308065,396.673308065,760.4364344859496,396.673308065,396.249646288,0.0,0.0,0.0,1.0158390738070011,False,True,
s-011,after_one_actual_history_call,5,1000,1,-0.4236617770000066,396.673308065,396.673308065,396.673308065,760.4364344859496,396.673308065,396.249646288,0.0,0.0,0.0,1.0156888104975224,False,True,
s-011,after_one_actual_history_call,6,200,0,-9428.062712499,10075.72890381,15287.911410383,6900.465093495302,760.4364344859496,10333.99434977,905.931637271,0.02563243299076261,145.49520278505042,0.00020105197450733715,0.21783457323908806,False,False,0.21783457323908806
s-011,after_one_actual_history_call,6,200,1,-9428.062712499,10075.72890381,15287.911410383,6900.465093495302,760.4364344859496,10333.99434977,905.931637271,0.02563243299076261,145.49520278505042,0.00020105197450733715,0.21721510961651802,False,False,0.21721510961651802
s-011,after_one_actual_history_call,6,1000,0,-9428.062712499,10075.72890381,15287.911410383,6900.465093495302,760.4364344859496,10333.99434977,905.931637271,0.02563243299076261,145.49520278505042,0.00020105197450733715,1.0174895636737347,False,False,1.0174895636737347
s-011,after_one_actual_history_call,6,1000,1,-9428.062712499,10075.72890381,15287.911410383,6900.465093495302,760.4364344859496,10333.99434977,905.931637271,0.02563243299076261,145.49520278505042,0.00020105197450733715,1.018217321485281,False,False,1.018217321485281
s-011,after_one_actual_history_call,7,200,0,-38221.795469289005,38221.371807512,65296.650400444,32211.091786703633,760.4364344859496,39050.627817482,828.8323481929983,0.02169613414574054,68.39591370704875,9.451262471760698e-05,0.22134167328476906,False,False,0.22134167328476906
s-011,after_one_actual_history_call,7,200,1,-38221.795469289005,38221.371807512,65296.650400444,32211.091786703633,760.4364344859496,39050.627817482,828.8323481929983,0.02169613414574054,68.39591370704875,9.451262471760698e-05,0.22056574001908302,False,False,0.22056574001908302
s-011,after_one_actual_history_call,7,1000,0,-38221.795469289005,38221.371807512,65296.650400444,32211.091786703633,760.4364344859496,39050.627817482,828.8323481929983,0.02169613414574054,68.39591370704875,9.451262471760698e-05,1.0196750275790691,False,False,1.0196750275790691
s-011,after_one_actual_history_call,7,1000,1,-38221.795469289005,38221.371807512,65296.650400444,32211.091786703633,760.4364344859496,39050.627817482,828.8323481929983,0.02169613414574054,68.39591370704875,9.451262471760698e-05,1.0199923925101757,False,False,1.0199923925101757
s-011,after_one_actual_history_call,8,200,0,-1.6810899669999344,417.329057135,417.329057135,417.329057135,760.4364344859496,417.329057135,415.6479671680001,0.0,0.0,0.0,0.2154368981719017,False,True,
s-011,after_one_actual_history_call,8,200,1,-1.6810899669999344,417.329057135,417.329057135,417.329057135,760.4364344859496,417.329057135,415.6479671680001,0.0,0.0,0.0,0.21568858996033669,False,True,
s-011,after_one_actual_history_call,8,1000,0,-1.6810899669999344,417.329057135,417.329057135,417.329057135,760.4364344859496,417.329057135,415.6479671680001,0.0,0.0,0.0,1.0156810507178307,False,True,
s-011,after_one_actual_history_call,8,1000,1,-1.6810899669999344,417.329057135,417.329057135,417.329057135,760.4364344859496,417.329057135,415.6479671680001,0.0,0.0,0.0,1.015600711107254,False,True,
s-011,after_one_actual_history_call,9,200,0,-8330.248612071,9090.685046557,14332.500035274,6918.551397987899,760.4364344859496,9857.460546186001,1527.211934115001,0.08434738369023229,766.7754996290514,0.0010595657124999782,0.21783645078539848,False,False,0.21783645078539848
s-011,after_one_actual_history_call,9,200,1,-8330.248612071,9090.685046557,14332.500035274,6918.551397987899,760.4364344859496,9857.460546186001,1527.211934115001,0.08434738369023229,766.7754996290514,0.0010595657124999782,0.21702814474701881,False,False,0.21702814474701881
s-011,after_one_actual_history_call,9,1000,0,-8330.248612071,9090.685046557,14332.500035274,6918.551397987899,760.4364344859496,9857.460546186001,1527.211934115001,0.08434738369023229,766.7754996290514,0.0010595657124999782,1.0170019827783108,False,False,1.0170019827783108
s-011,after_one_actual_history_call,9,1000,1,-8330.248612071,9090.685046557,14332.500035274,6918.551397987899,760.4364344859496,9857.460546186001,1527.211934115001,0.08434738369023229,766.7754996290514,0.0010595657124999782,1.0174023397266865,False,False,1.0174023397266865
s-011,after_one_actual_history_call,10,200,0,-36470.927252458,37121.843931224,59430.31235912,29899.70291543049,760.4364344859496,38281.621792569,1810.6945401109988,0.031242463695869492,1050.2581056250492,0.001451295038161546,0.22043833509087563,False,False,0.22043833509087563
s-011,after_one_actual_history_call,10,200,1,-36470.927252458,37121.843931224,59430.31235912,29899.70291543049,760.4364344859496,38281.621792569,1810.6945401109988,0.031242463695869492,1050.2581056250492,0.001451295038161546,0.22046064585447311,False,False,0.22046064585447311
s-011,after_one_actual_history_call,10,1000,0,-36470.927252458,37121.843931224,59430.31235912,29899.70291543049,760.4364344859496,38281.621792569,1810.6945401109988,0.031242463695869492,1050.2581056250492,0.001451295038161546,1.0200249776244164,False,False,1.0200249776244164
s-011,after_one_actual_history_call,10,1000,1,-36470.927252458,37121.843931224,59430.31235912,29899.70291543049,760.4364344859496,38281.621792569,1810.6945401109988,0.031242463695869492,1050.2581056250492,0.001451295038161546,1.0197340250015259,False,False,1.0197340250015259
s-011,after_one_actual_history_call,0,50,0,-8926.310236936,9618.236024715,19228.445769428,6891.601219854779,760.4364344859496,9838.517806457,912.2075695209987,0.022902513639295456,151.77113503504916,0.00020972434683703275,0.06953665614128113,False,False,0.06953665614128113
s-011,after_one_actual_history_call,0,50,1,-8926.310236936,9618.236024715,19228.445769428,6891.601219854779,760.4364344859496,9838.517806457,912.2075695209987,0.022902513639295456,151.77113503504916,0.00020972434683703275,0.06940064951777458,False,False,0.06940064951777458
s-011,after_one_actual_history_call,1,50,0,-37435.365876538,37435.365876538,65990.965364892,33388.92435916855,760.4364344859496,37913.255371531,477.88949499299633,0.012765722567506832,0.0,0.0,0.07228930667042732,False,False,
s-011,after_one_actual_history_call,1,50,1,-37435.365876538,37435.365876538,65990.965364892,33388.92435916855,760.4364344859496,37913.255371531,477.88949499299633,0.012765722567506832,0.0,0.0,0.07204634696245193,False,False,
s-011,after_one_actual_history_call,2,50,0,-0.1744706160000078,0.0,0.0,0.0,760.4364344859496,0.0,-0.1744706160000078,0.0,0.0,0.0,0.0036338604986667633,False,True,
s-011,after_one_actual_history_call,2,50,1,-0.1744706160000078,0.0,0.0,0.0,760.4364344859496,0.0,-0.1744706160000078,0.0,0.0,0.0,0.003543071448802948,False,True,
s-011,after_one_actual_history_call,3,50,0,-9967.257237345,10283.865509411,17967.482527817,7209.629548210718,760.4364344859496,10798.343441942001,831.0862045970007,0.05002767996724485,70.64977011105111,9.762710733701087e-05,0.07069631293416023,False,False,0.07069631293416023
s-011,after_one_actual_history_call,3,50,1,-9967.257237345,10283.865509411,17967.482527817,7209.629548210718,760.4364344859496,10798.343441942001,831.0862045970007,0.05002767996724485,70.64977011105111,9.762710733701087e-05,0.06984143704175949,False,False,0.06984143704175949
s-011,after_one_actual_history_call,4,50,0,-37747.559741537,37747.385270921,62504.992499025,34471.68040296633,760.4364344859496,38641.983412814,894.4236712769998,0.023699605561346343,133.98723679105024,0.00018514973689834048,0.0706959031522274,False,False,0.0706959031522274
s-011,after_one_actual_history_call,4,50,1,-37747.559741537,37747.385270921,62504.992499025,34471.68040296633,760.4364344859496,38641.983412814,894.4236712769998,0.023699605561346343,133.98723679105024,0.00018514973689834048,0.07047592103481293,False,False,0.07047592103481293
s-011,after_one_actual_history_call,5,50,0,-0.4236617770000066,396.673308065,396.673308065,396.673308065,760.4364344859496,396.673308065,396.249646288,0.0,0.0,0.0,0.06640691682696342,False,True,
s-011,after_one_actual_history_call,5,50,1,-0.4236617770000066,396.673308065,396.673308065,396.673308065,760.4364344859496,396.673308065,396.249646288,0.0,0.0,0.0,0.06666131317615509,False,True,
s-011,after_one_actual_history_call,6,50,0,-9428.062712499,10075.72890381,15287.911410383,6900.465093495302,760.4364344859496,10333.99434977,905.931637271,0.02563243299076261,145.49520278505042,0.00020105197450733715,0.06908336654305458,False,False,0.06908336654305458
s-011,after_one_actual_history_call,6,50,1,-9428.062712499,10075.72890381,15287.911410383,6900.465093495302,760.4364344859496,10333.99434977,905.931637271,0.02563243299076261,145.49520278505042,0.00020105197450733715,0.06920188665390015,False,False,0.06920188665390015
s-011,after_one_actual_history_call,7,50,0,-38221.795469289005,38221.371807512,65296.650400444,32211.091786703633,760.4364344859496,39050.627817482,828.8323481929983,0.02169613414574054,68.39591370704875,9.451262471760698e-05,0.07183922082185745,False,False,0.07183922082185745
s-011,after_one_actual_history_call,7,50,1,-38221.795469289005,38221.371807512,65296.650400444,32211.091786703633,760.4364344859496,39050.627817482,828.8323481929983,0.02169613414574054,68.39591370704875,9.451262471760698e-05,0.07129107415676117,False,False,0.07129107415676117
s-011,after_one_actual_history_call,8,50,0,-1.6810899669999344,417.329057135,417.329057135,417.329057135,760.4364344859496,417.329057135,415.6479671680001,0.0,0.0,0.0,0.0669882521033287,False,True,
s-011,after_one_actual_history_call,8,50,1,-1.6810899669999344,417.329057135,417.329057135,417.329057135,760.4364344859496,417.329057135,415.6479671680001,0.0,0.0,0.0,0.06632232666015625,False,True,
s-011,after_one_actual_history_call,9,50,0,-8330.248612071,9090.685046557,14332.500035274,6918.551397987899,760.4364344859496,9857.460546186001,1527.211934115001,0.08434738369023229,766.7754996290514,0.0010595657124999782,0.06890878081321716,False,False,0.06890878081321716
s-011,after_one_actual_history_call,9,50,1,-8330.248612071,9090.685046557,14332.500035274,6918.551397987899,760.4364344859496,9857.460546186001,1527.211934115001,0.08434738369023229,766.7754996290514,0.0010595657124999782,0.0685301274061203,False,False,0.0685301274061203
s-011,after_one_actual_history_call,10,50,0,-36470.927252458,37121.843931224,59430.31235912,29899.70291543049,760.4364344859496,38281.621792569,1810.6945401109988,0.031242463695869492,1050.2581056250492,0.001451295038161546,0.07156489416956902,False,False,0.07156489416956902
s-011,after_one_actual_history_call,10,50,1,-36470.927252458,37121.843931224,59430.31235912,29899.70291543049,760.4364344859496,38281.621792569,1810.6945401109988,0.031242463695869492,1050.2581056250492,0.001451295038161546,0.07129892334342003,False,False,0.07129892334342003
s-011,after_one_actual_history_call,0,10,0,-8926.310236936,9618.236024715,19228.445769428,6891.601219854779,760.4364344859496,9838.517806457,912.2075695209987,0.022902513639295456,151.77113503504916,0.00020972434683703275,0.03114880621433258,False,False,0.03114880621433258
s-011,after_one_actual_history_call,0,10,1,-8926.310236936,9618.236024715,19228.445769428,6891.601219854779,760.4364344859496,9838.517806457,912.2075695209987,0.022902513639295456,151.77113503504916,0.00020972434683703275,0.03036702424287796,False,False,0.03036702424287796
s-011,after_one_actual_history_call,1,10,0,-37435.365876538,37435.365876538,65990.965364892,33388.92435916855,760.4364344859496,37913.255371531,477.88949499299633,0.012765722567506832,0.0,0.0,0.03160246089100838,False,False,
s-011,after_one_actual_history_call,1,10,1,-37435.365876538,37435.365876538,65990.965364892,33388.92435916855,760.4364344859496,37913.255371531,477.88949499299633,0.012765722567506832,0.0,0.0,0.03030887246131897,False,False,
s-011,after_one_actual_history_call,2,10,0,-0.1744706160000078,0.0,0.0,0.0,760.4364344859496,0.0,-0.1744706160000078,0.0,0.0,0.0,0.0037835724651813507,False,True,
s-011,after_one_actual_history_call,2,10,1,-0.1744706160000078,0.0,0.0,0.0,760.4364344859496,0.0,-0.1744706160000078,0.0,0.0,0.0,0.003707658499479294,False,True,
s-011,after_one_actual_history_call,3,10,0,-9967.257237345,10283.865509411,17967.482527817,7209.629548210718,760.4364344859496,10798.343441942001,831.0862045970007,0.05002767996724485,70.64977011105111,9.762710733701087e-05,0.029244404286146164,False,False,0.029244404286146164
s-011,after_one_actual_history_call,3,10,1,-9967.257237345,10283.865509411,17967.482527817,7209.629548210718,760.4364344859496,10798.343441942001,831.0862045970007,0.05002767996724485,70.64977011105111,9.762710733701087e-05,0.030034206807613373,False,False,0.030034206807613373
s-011,after_one_actual_history_call,4,10,0,-37747.559741537,37747.385270921,62504.992499025,34471.68040296633,760.4364344859496,38641.983412814,894.4236712769998,0.023699605561346343,133.98723679105024,0.00018514973689834048,0.03225288540124893,False,False,0.03225288540124893
s-011,after_one_actual_history_call,4,10,1,-37747.559741537,37747.385270921,62504.992499025,34471.68040296633,760.4364344859496,38641.983412814,894.4236712769998,0.023699605561346343,133.98723679105024,0.00018514973689834048,0.03209775313735008,False,False,0.03209775313735008
s-011,after_one_actual_history_call,5,10,0,-0.4236617770000066,396.673308065,396.673308065,396.673308065,760.4364344859496,396.673308065,396.249646288,0.0,0.0,0.0,0.02761054039001465,False,True,
s-011,after_one_actual_history_call,5,10,1,-0.4236617770000066,396.673308065,396.673308065,396.673308065,760.4364344859496,396.673308065,396.249646288,0.0,0.0,0.0,0.02657172456383705,False,True,
s-011,after_one_actual_history_call,6,10,0,-9428.062712499,10075.72890381,15287.911410383,6900.465093495302,760.4364344859496,10333.99434977,905.931637271,0.02563243299076261,145.49520278505042,0.00020105197450733715,0.029413506388664246,False,False,0.029413506388664246
s-011,after_one_actual_history_call,6,10,1,-9428.062712499,10075.72890381,15287.911410383,6900.465093495302,760.4364344859496,10333.99434977,905.931637271,0.02563243299076261,145.49520278505042,0.00020105197450733715,0.0296168252825737,False,False,0.0296168252825737
s-011,after_one_actual_history_call,7,10,0,-38221.795469289005,38221.371807512,65296.650400444,32211.091786703633,760.4364344859496,39050.627817482,828.8323481929983,0.02169613414574054,68.39591370704875,9.451262471760698e-05,0.03225746378302574,False,False,0.03225746378302574
s-011,after_one_actual_history_call,7,10,1,-38221.795469289005,38221.371807512,65296.650400444,32211.091786703633,760.4364344859496,39050.627817482,828.8323481929983,0.02169613414574054,68.39591370704875,9.451262471760698e-05,0.03153907507658005,False,False,0.03153907507658005
s-011,after_one_actual_history_call,8,10,0,-1.6810899669999344,417.329057135,417.329057135,417.329057135,760.4364344859496,417.329057135,415.6479671680001,0.0,0.0,0.0,0.026852458715438843,False,True,
s-011,after_one_actual_history_call,8,10,1,-1.6810899669999344,417.329057135,417.329057135,417.329057135,760.4364344859496,417.329057135,415.6479671680001,0.0,0.0,0.0,0.027397625148296356,False,True,
s-011,after_one_actual_history_call,9,10,0,-8330.248612071,9090.685046557,14332.500035274,6918.551397987899,760.4364344859496,9857.460546186001,1527.211934115001,0.08434738369023229,766.7754996290514,0.0010595657124999782,0.028053008019924164,False,False,0.028053008019924164
s-011,after_one_actual_history_call,9,10,1,-8330.248612071,9090.685046557,14332.500035274,6918.551397987899,760.4364344859496,9857.460546186001,1527.211934115001,0.08434738369023229,766.7754996290514,0.0010595657124999782,0.027999695390462875,False,False,0.027999695390462875
s-011,after_one_actual_history_call,10,10,0,-36470.927252458,37121.843931224,59430.31235912,29899.70291543049,760.4364344859496,38281.621792569,1810.6945401109988,0.031242463695869492,1050.2581056250492,0.001451295038161546,0.03094010427594185,False,False,0.03094010427594185
s-011,after_one_actual_history_call,10,10,1,-36470.927252458,37121.843931224,59430.31235912,29899.70291543049,760.4364344859496,38281.621792569,1810.6945401109988,0.031242463695869492,1050.2581056250492,0.001451295038161546,0.029971841722726822,False,False,0.029971841722726822
