snapshot_id,state_kind,action_index,workpoint_ms,repeat,q_seconds,L_seconds,U_seconds,P1_recovery_seconds,snapshot_best_gain_seconds,recovery_value_seconds,q_plus_recovery_seconds,local_delta,beyond_snapshot_gain_seconds,beyond_snapshot_global_fraction,complete_conditional_return_seconds,failed,zero_extra_gain,earliest_verified_more_than_snapshot_gain_seconds
s-000,after_common_greedy_prefix,0,200,0,-7297.020858974,7297.020858974,12512.247070022,5694.512053999567,2658.679806554923,7556.525238681,259.5043797070002,0.0355630585032325,0.0,0.0,0.22085242718458176,False,False,
s-000,after_common_greedy_prefix,0,200,1,-7297.020858974,7297.020858974,12512.247070022,5694.512053999567,2658.679806554923,7556.525238681,259.5043797070002,0.0355630585032325,0.0,0.0,0.22239845246076584,False,False,
s-000,after_common_greedy_prefix,0,1000,0,-7297.020858974,7297.020858974,12512.247070022,5694.512053999567,2658.679806554923,7556.525238681,259.5043797070002,0.0355630585032325,0.0,0.0,1.0211168266832829,False,False,
s-000,after_common_greedy_prefix,0,1000,1,-7297.020858974,7297.020858974,12512.247070022,5694.512053999567,2658.679806554923,7556.525238681,259.5043797070002,0.0355630585032325,0.0,0.0,1.0209417268633842,False,False,
s-000,after_common_greedy_prefix,1,200,0,-30508.542784328,30508.542784328,57023.095795986,26796.983790973998,2658.679806554923,32232.640548514,1724.0977641859972,0.05651196703736544,0.0,0.0,0.22410355135798454,False,False,
s-000,after_common_greedy_prefix,1,200,1,-30508.542784328,30508.542784328,57023.095795986,26796.983790973998,2658.679806554923,32232.640548514,1724.0977641859972,0.05651196703736544,0.0,0.0,0.22280768305063248,False,False,
s-000,after_common_greedy_prefix,1,1000,0,-30508.542784328,30508.542784328,57023.095795986,26796.983790973998,2658.679806554923,32232.640548514,1724.0977641859972,0.05651196703736544,0.0,0.0,1.023319348692894,False,False,
s-000,after_common_greedy_prefix,1,1000,1,-30508.542784328,30508.542784328,57023.095795986,26796.983790973998,2658.679806554923,32232.640548514,1724.0977641859972,0.05651196703736544,0.0,0.0,1.023107722401619,False,False,
s-000,after_common_greedy_prefix,2,200,0,439.57287407399997,0.0,0.0,0.0,2658.679806554923,0.0,439.57287407399997,0.0,0.0,0.0,0.005504436790943146,False,True,
s-000,after_common_greedy_prefix,2,200,1,439.57287407399997,0.0,0.0,0.0,2658.679806554923,0.0,439.57287407399997,0.0,0.0,0.0,0.005416467785835266,False,True,
s-000,after_common_greedy_prefix,2,1000,0,439.57287407399997,0.0,0.0,0.0,2658.679806554923,0.0,439.57287407399997,0.0,0.0,0.0,0.005419418215751648,False,True,
s-000,after_common_greedy_prefix,2,1000,1,439.57287407399997,0.0,0.0,0.0,2658.679806554923,0.0,439.57287407399997,0.0,0.0,0.0,0.005408637225627899,False,True,
s-000,after_common_greedy_prefix,3,200,0,-6977.498112348,7417.070986422,11696.306108765,5665.574159370121,2658.679806554923,7492.59278317,515.0946708219999,0.010182159087630902,0.0,0.0,0.2204812951385975,False,False,
s-000,after_common_greedy_prefix,3,200,1,-6977.498112348,7417.070986422,11696.306108765,5665.574159370121,2658.679806554923,7492.59278317,515.0946708219999,0.010182159087630902,0.0,0.0,0.22026429325342178,False,False,
s-000,after_common_greedy_prefix,3,1000,0,-6977.498112348,7417.070986422,11696.306108765,5665.574159370121,2658.679806554923,7492.59278317,515.0946708219999,0.010182159087630902,0.0,0.0,1.0205135270953178,False,False,
s-000,after_common_greedy_prefix,3,1000,1,-6977.498112348,7417.070986422,11696.306108765,5665.574159370121,2658.679806554923,7492.59278317,515.0946708219999,0.010182159087630902,0.0,0.0,1.020360954105854,False,False,
s-000,after_common_greedy_prefix,4,200,0,-31106.489978105,31546.062852179,53702.880480617,26165.45697377931,2658.679806554923,32836.116891017,1729.626912912001,0.040894296219564356,0.0,0.0,0.22259639203548431,False,False,
s-000,after_common_greedy_prefix,4,200,1,-31106.489978105,31546.062852179,53702.880480617,26165.45697377931,2658.679806554923,32836.116891017,1729.626912912001,0.040894296219564356,0.0,0.0,0.22302399948239326,False,False,
s-000,after_common_greedy_prefix,4,1000,0,-31106.489978105,31546.062852179,53702.880480617,26165.45697377931,2658.679806554923,32836.116891017,1729.626912912001,0.040894296219564356,0.0,0.0,1.0225598253309727,False,False,
s-000,after_common_greedy_prefix,4,1000,1,-31106.489978105,31546.062852179,53702.880480617,26165.45697377931,2658.679806554923,32836.116891017,1729.626912912001,0.040894296219564356,0.0,0.0,1.022959042340517,False,False,
s-000,after_common_greedy_prefix,5,200,0,808.189559117,0.0,0.0,0.0,2658.679806554923,0.0,808.189559117,0.0,0.0,0.0,0.005406197160482407,False,True,
s-000,after_common_greedy_prefix,5,200,1,808.189559117,0.0,0.0,0.0,2658.679806554923,0.0,808.189559117,0.0,0.0,0.0,0.005353756248950958,False,True,
s-000,after_common_greedy_prefix,5,1000,0,808.189559117,0.0,0.0,0.0,2658.679806554923,0.0,808.189559117,0.0,0.0,0.0,0.005430202931165695,False,True,
s-000,after_common_greedy_prefix,5,1000,1,808.189559117,0.0,0.0,0.0,2658.679806554923,0.0,808.189559117,0.0,0.0,0.0,0.005463045090436935,False,True,
s-000,after_common_greedy_prefix,6,200,0,-7021.777102333999,7992.369396947,11041.452791173,6837.817923836466,2658.679806554923,8228.493370937,1206.7162686030006,0.029543676257030492,0.0,0.0,0.22117650508880615,False,False,
s-000,after_common_greedy_prefix,6,200,1,-7021.777102333999,7992.369396947,11041.452791173,6837.817923836466,2658.679806554923,8228.493370937,1206.7162686030006,0.029543676257030492,0.0,0.0,0.21974626183509827,False,False,
s-000,after_common_greedy_prefix,6,1000,0,-7021.777102333999,7992.369396947,11041.452791173,6837.817923836466,2658.679806554923,8228.493370937,1206.7162686030006,0.029543676257030492,0.0,0.0,1.0192221850156784,False,False,
s-000,after_common_greedy_prefix,6,1000,1,-7021.777102333999,7992.369396947,11041.452791173,6837.817923836466,2658.679806554923,8228.493370937,1206.7162686030006,0.029543676257030492,0.0,0.0,1.0202131979167461,False,False,
s-000,after_common_greedy_prefix,7,200,0,-31200.411177877,32008.600736993998,48467.081544607,25990.492013669475,2658.679806554923,33201.702776145,2001.2915982680024,0.03727442036452637,0.0,0.0,0.22250932082533836,False,False,
s-000,after_common_greedy_prefix,7,200,1,-31200.411177877,32008.600736993998,48467.081544607,25990.492013669475,2658.679806554923,33201.702776145,2001.2915982680024,0.03727442036452637,0.0,0.0,0.22223737835884094,False,False,
s-000,after_common_greedy_prefix,7,1000,0,-31200.411177877,32008.600736993998,48467.081544607,25990.492013669475,2658.679806554923,33211.145171598,2010.7339937210018,0.03756941593557882,0.0,0.0,1.0227469950914383,False,False,
s-000,after_common_greedy_prefix,7,1000,1,-31200.411177877,32008.600736993998,48467.081544607,25990.492013669475,2658.679806554923,33211.145171598,2010.7339937210018,0.03756941593557882,0.0,0.0,1.0223348028957844,False,False,
s-000,after_common_greedy_prefix,8,200,0,1456.6742791919999,0.0,0.0,0.0,2658.679806554923,0.0,1456.6742791919999,0.0,0.0,0.0,0.005458716303110123,False,True,
s-000,after_common_greedy_prefix,8,200,1,1456.6742791919999,0.0,0.0,0.0,2658.679806554923,0.0,1456.6742791919999,0.0,0.0,0.0,0.005438394844532013,False,True,
s-000,after_common_greedy_prefix,8,1000,0,1456.6742791919999,0.0,0.0,0.0,2658.679806554923,0.0,1456.6742791919999,0.0,0.0,0.0,0.005422648042440414,False,True,
s-000,after_common_greedy_prefix,8,1000,1,1456.6742791919999,0.0,0.0,0.0,2658.679806554923,0.0,1456.6742791919999,0.0,0.0,0.0,0.005455557256937027,False,True,
s-000,after_common_greedy_prefix,9,200,0,-6373.292382259,7992.369396947,11041.452791173,6837.817923836466,2658.679806554923,8228.493370937,1855.2009886779997,0.029543676257030492,0.0,0.0,0.2203971929848194,False,False,
s-000,after_common_greedy_prefix,9,200,1,-6373.292382259,7992.369396947,11041.452791173,6837.817923836466,2658.679806554923,8228.493370937,1855.2009886779997,0.029543676257030492,0.0,0.0,0.21932478621602058,False,False,
s-000,after_common_greedy_prefix,9,1000,0,-6373.292382259,7992.369396947,11041.452791173,6837.817923836466,2658.679806554923,8228.493370937,1855.2009886779997,0.029543676257030492,0.0,0.0,1.0203827992081642,False,False,
s-000,after_common_greedy_prefix,9,1000,1,-6373.292382259,7992.369396947,11041.452791173,6837.817923836466,2658.679806554923,8228.493370937,1855.2009886779997,0.029543676257030492,0.0,0.0,1.0204050168395042,False,False,
s-000,after_common_greedy_prefix,10,200,0,-30243.051582557,32901.731389112,50669.975233471,26646.237338691306,2658.679806554923,33964.244224154,3721.1926415969974,0.03229352347681041,1062.5128350420746,0.001000061541186895,0.2224043272435665,False,False,0.2224043272435665
s-000,after_common_greedy_prefix,10,200,1,-30243.051582557,32901.731389112,50669.975233471,26646.237338691306,2658.679806554923,33964.244224154,3721.1926415969974,0.03229352347681041,1062.5128350420746,0.001000061541186895,0.2214975543320179,False,False,0.2214975543320179
s-000,after_common_greedy_prefix,10,1000,0,-30243.051582557,32901.731389112,50669.975233471,26646.237338691306,2658.679806554923,33964.244224154,3721.1926415969974,0.03229352347681041,1062.5128350420746,0.001000061541186895,1.022388868033886,False,False,1.022388868033886
s-000,after_common_greedy_prefix,10,1000,1,-30243.051582557,32901.731389112,50669.975233471,26646.237338691306,2658.679806554923,33964.244224154,3721.1926415969974,0.03229352347681041,1062.5128350420746,0.001000061541186895,1.0223275646567345,False,False,1.0223275646567345
s-000,after_common_greedy_prefix,0,50,0,-7297.020858974,7297.020858974,12512.247070022,5694.512053999567,2658.679806554923,7556.525238681,259.5043797070002,0.0355630585032325,0.0,0.0,0.07623748481273651,False,False,
s-000,after_common_greedy_prefix,0,50,1,-7297.020858974,7297.020858974,12512.247070022,5694.512053999567,2658.679806554923,7556.525238681,259.5043797070002,0.0355630585032325,0.0,0.0,0.07564442604780197,False,False,
s-000,after_common_greedy_prefix,1,50,0,-30508.542784328,30508.542784328,57023.095795986,26796.983790973998,2658.679806554923,31848.55556475,1340.0127804219992,0.043922542938050556,0.0,0.0,0.07839556783437729,False,False,
s-000,after_common_greedy_prefix,1,50,1,-30508.542784328,30508.542784328,57023.095795986,26796.983790973998,2658.679806554923,31848.55556475,1340.0127804219992,0.043922542938050556,0.0,0.0,0.07841476798057556,False,False,
s-000,after_common_greedy_prefix,2,50,0,439.57287407399997,0.0,0.0,0.0,2658.679806554923,0.0,439.57287407399997,0.0,0.0,0.0,0.0055900514125823975,False,True,
s-000,after_common_greedy_prefix,2,50,1,439.57287407399997,0.0,0.0,0.0,2658.679806554923,0.0,439.57287407399997,0.0,0.0,0.0,0.0052383653819561005,False,True,
s-000,after_common_greedy_prefix,3,50,0,-6977.498112348,7417.070986422,11696.306108765,5665.574159370121,2658.679806554923,7492.59278317,515.0946708219999,0.010182159087630902,0.0,0.0,0.07564788311719894,False,False,
s-000,after_common_greedy_prefix,3,50,1,-6977.498112348,7417.070986422,11696.306108765,5665.574159370121,2658.679806554923,7492.59278317,515.0946708219999,0.010182159087630902,0.0,0.0,0.0753365233540535,False,False,
s-000,after_common_greedy_prefix,4,50,0,-31106.489978105,31546.062852179,53702.880480617,26165.45697377931,2658.679806554923,32836.116891017,1729.626912912001,0.040894296219564356,0.0,0.0,0.07797902449965477,False,False,
s-000,after_common_greedy_prefix,4,50,1,-31106.489978105,31546.062852179,53702.880480617,26165.45697377931,2658.679806554923,32836.116891017,1729.626912912001,0.040894296219564356,0.0,0.0,0.0780528262257576,False,False,
s-000,after_common_greedy_prefix,5,50,0,808.189559117,0.0,0.0,0.0,2658.679806554923,0.0,808.189559117,0.0,0.0,0.0,0.005426749587059021,False,True,
s-000,after_common_greedy_prefix,5,50,1,808.189559117,0.0,0.0,0.0,2658.679806554923,0.0,808.189559117,0.0,0.0,0.0,0.005330696702003479,False,True,
s-000,after_common_greedy_prefix,6,50,0,-7021.777102333999,7992.369396947,11041.452791173,6837.817923836466,2658.679806554923,8228.493370937,1206.7162686030006,0.029543676257030492,0.0,0.0,0.07501576095819473,False,False,
s-000,after_common_greedy_prefix,6,50,1,-7021.777102333999,7992.369396947,11041.452791173,6837.817923836466,2658.679806554923,8228.493370937,1206.7162686030006,0.029543676257030492,0.0,0.0,0.07513527944684029,False,False,
s-000,after_common_greedy_prefix,7,50,0,-31200.411177877,32008.600736993998,48467.081544607,25990.492013669475,2658.679806554923,33201.702776145,2001.2915982680024,0.03727442036452637,0.0,0.0,0.07776961103081703,False,False,
s-000,after_common_greedy_prefix,7,50,1,-31200.411177877,32008.600736993998,48467.081544607,25990.492013669475,2658.679806554923,33201.702776145,2001.2915982680024,0.03727442036452637,0.0,0.0,0.0769544206559658,False,False,
s-000,after_common_greedy_prefix,8,50,0,1456.6742791919999,0.0,0.0,0.0,2658.679806554923,0.0,1456.6742791919999,0.0,0.0,0.0,0.0053362175822257996,False,True,
s-000,after_common_greedy_prefix,8,50,1,1456.6742791919999,0.0,0.0,0.0,2658.679806554923,0.0,1456.6742791919999,0.0,0.0,0.0,0.0052675530314445496,False,True,
s-000,after_common_greedy_prefix,9,50,0,-6373.292382259,7992.369396947,11041.452791173,6837.817923836466,2658.679806554923,8228.493370937,1855.2009886779997,0.029543676257030492,0.0,0.0,0.07453949749469757,False,False,
s-000,after_common_greedy_prefix,9,50,1,-6373.292382259,7992.369396947,11041.452791173,6837.817923836466,2658.679806554923,8228.493370937,1855.2009886779997,0.029543676257030492,0.0,0.0,0.07445770129561424,False,False,
s-000,after_common_greedy_prefix,10,50,0,-30243.051582557,32901.731389112,50669.975233471,26646.237338691306,2658.679806554923,33964.244224154,3721.1926415969974,0.03229352347681041,1062.5128350420746,0.001000061541186895,0.07660754770040512,False,False,0.07660754770040512
s-000,after_common_greedy_prefix,10,50,1,-30243.051582557,32901.731389112,50669.975233471,26646.237338691306,2658.679806554923,33964.244224154,3721.1926415969974,0.03229352347681041,1062.5128350420746,0.001000061541186895,0.07635752111673355,False,False,0.07635752111673355
s-000,after_common_greedy_prefix,0,10,0,-7297.020858974,7297.020858974,12512.247070022,5694.512053999567,2658.679806554923,7556.525238681,259.5043797070002,0.0355630585032325,0.0,0.0,0.03439665585756302,False,False,
s-000,after_common_greedy_prefix,0,10,1,-7297.020858974,7297.020858974,12512.247070022,5694.512053999567,2658.679806554923,7556.525238681,259.5043797070002,0.0355630585032325,0.0,0.0,0.03305091708898544,False,False,
s-000,after_common_greedy_prefix,1,10,0,-30508.542784328,30508.542784328,57023.095795986,26796.983790973998,2658.679806554923,31848.55556475,1340.0127804219992,0.043922542938050556,0.0,0.0,0.033134825527668,False,False,
s-000,after_common_greedy_prefix,1,10,1,-30508.542784328,30508.542784328,57023.095795986,26796.983790973998,2658.679806554923,31848.55556475,1340.0127804219992,0.043922542938050556,0.0,0.0,0.03679428994655609,False,False,
s-000,after_common_greedy_prefix,2,10,0,439.57287407399997,0.0,0.0,0.0,2658.679806554923,0.0,439.57287407399997,0.0,0.0,0.0,0.005338750779628754,False,True,
s-000,after_common_greedy_prefix,2,10,1,439.57287407399997,0.0,0.0,0.0,2658.679806554923,0.0,439.57287407399997,0.0,0.0,0.0,0.005294449627399445,False,True,
s-000,after_common_greedy_prefix,3,10,0,-6977.498112348,7417.070986422,11696.306108765,5665.574159370121,2658.679806554923,7492.59278317,515.0946708219999,0.010182159087630902,0.0,0.0,0.031092893332242966,False,False,
s-000,after_common_greedy_prefix,3,10,1,-6977.498112348,7417.070986422,11696.306108765,5665.574159370121,2658.679806554923,7492.59278317,515.0946708219999,0.010182159087630902,0.0,0.0,0.033296555280685425,False,False,
s-000,after_common_greedy_prefix,4,10,0,-31106.489978105,31546.062852179,53702.880480617,26165.45697377931,2658.679806554923,32780.090996488,1673.6010183829967,0.039118293464750396,0.0,0.0,0.03479849547147751,False,False,
s-000,after_common_greedy_prefix,4,10,1,-31106.489978105,31546.062852179,53702.880480617,26165.45697377931,2658.679806554923,32780.090996488,1673.6010183829967,0.039118293464750396,0.0,0.0,0.03700946643948555,False,False,
s-000,after_common_greedy_prefix,5,10,0,808.189559117,0.0,0.0,0.0,2658.679806554923,0.0,808.189559117,0.0,0.0,0.0,0.005374349653720856,False,True,
s-000,after_common_greedy_prefix,5,10,1,808.189559117,0.0,0.0,0.0,2658.679806554923,0.0,808.189559117,0.0,0.0,0.0,0.005307245999574661,False,True,
s-000,after_common_greedy_prefix,6,10,0,-7021.777102333999,7992.369396947,11041.452791173,6837.817923836466,2658.679806554923,8228.493370937,1206.7162686030006,0.029543676257030492,0.0,0.0,0.03439171612262726,False,False,
s-000,after_common_greedy_prefix,6,10,1,-7021.777102333999,7992.369396947,11041.452791173,6837.817923836466,2658.679806554923,8228.493370937,1206.7162686030006,0.029543676257030492,0.0,0.0,0.035070423036813736,False,False,
s-000,after_common_greedy_prefix,7,10,0,-31200.411177877,32008.600736993998,48467.081544607,25990.492013669475,2658.679806554923,33201.702776145,2001.2915982680024,0.03727442036452637,0.0,0.0,0.037815555930137634,False,False,
s-000,after_common_greedy_prefix,7,10,1,-31200.411177877,32008.600736993998,48467.081544607,25990.492013669475,2658.679806554923,33201.702776145,2001.2915982680024,0.03727442036452637,0.0,0.0,0.037457842379808426,False,False,
s-000,after_common_greedy_prefix,8,10,0,1456.6742791919999,0.0,0.0,0.0,2658.679806554923,0.0,1456.6742791919999,0.0,0.0,0.0,0.005459874868392944,False,True,
s-000,after_common_greedy_prefix,8,10,1,1456.6742791919999,0.0,0.0,0.0,2658.679806554923,0.0,1456.6742791919999,0.0,0.0,0.0,0.005392804741859436,False,True,
s-000,after_common_greedy_prefix,9,10,0,-6373.292382259,7992.369396947,11041.452791173,6837.817923836466,2658.679806554923,8228.493370937,1855.2009886779997,0.029543676257030492,0.0,0.0,0.03467332199215889,False,False,
s-000,after_common_greedy_prefix,9,10,1,-6373.292382259,7992.369396947,11041.452791173,6837.817923836466,2658.679806554923,8228.493370937,1855.2009886779997,0.029543676257030492,0.0,0.0,0.03368145599961281,False,False,
s-000,after_common_greedy_prefix,10,10,0,-30243.051582557,32901.731389112,50669.975233471,26646.237338691306,2658.679806554923,33964.244224154,3721.1926415969974,0.03229352347681041,1062.5128350420746,0.001000061541186895,0.03459995985031128,False,False,0.03459995985031128
s-000,after_common_greedy_prefix,10,10,1,-30243.051582557,32901.731389112,50669.975233471,26646.237338691306,2658.679806554923,33964.244224154,3721.1926415969974,0.03229352347681041,1062.5128350420746,0.001000061541186895,0.03623824194073677,False,False,0.03623824194073677
s-001,after_one_actual_history_call,0,200,0,-7297.020858974,7556.525238681,12512.247070022,5694.512053999567,2658.679806554923,7556.525238681,259.5043797070002,0.0,0.0,0.0,0.004170820116996765,False,True,
s-001,after_one_actual_history_call,0,200,1,-7297.020858974,7556.525238681,12512.247070022,5694.512053999567,2658.679806554923,7556.525238681,259.5043797070002,0.0,0.0,0.0,0.003841027617454529,False,True,
s-001,after_one_actual_history_call,0,1000,0,-7297.020858974,7556.525238681,12512.247070022,5694.512053999567,2658.679806554923,7556.525238681,259.5043797070002,0.0,0.0,0.0,1.0196557492017746,False,True,
s-001,after_one_actual_history_call,0,1000,1,-7297.020858974,7556.525238681,12512.247070022,5694.512053999567,2658.679806554923,7556.525238681,259.5043797070002,0.0,0.0,0.0,1.0192524567246437,False,True,
s-001,after_one_actual_history_call,1,200,0,-30508.542784328,30508.542784328,57023.095795986,26796.983790973998,2658.679806554923,32232.640548514,1724.0977641859972,0.05651196703736544,0.0,0.0,0.22239628061652184,False,False,
s-001,after_one_actual_history_call,1,200,1,-30508.542784328,30508.542784328,57023.095795986,26796.983790973998,2658.679806554923,32232.640548514,1724.0977641859972,0.05651196703736544,0.0,0.0,0.22251497209072113,False,False,
s-001,after_one_actual_history_call,1,1000,0,-30508.542784328,30508.542784328,57023.095795986,26796.983790973998,2658.679806554923,32232.640548514,1724.0977641859972,0.05651196703736544,0.0,0.0,1.0232778750360012,False,False,
s-001,after_one_actual_history_call,1,1000,1,-30508.542784328,30508.542784328,57023.095795986,26796.983790973998,2658.679806554923,32232.640548514,1724.0977641859972,0.05651196703736544,0.0,0.0,1.0265185572206974,False,False,
s-001,after_one_actual_history_call,2,200,0,439.57287407399997,0.0,0.0,0.0,2658.679806554923,0.0,439.57287407399997,0.0,0.0,0.0,0.005825553089380264,False,True,
s-001,after_one_actual_history_call,2,200,1,439.57287407399997,0.0,0.0,0.0,2658.679806554923,0.0,439.57287407399997,0.0,0.0,0.0,0.0054729171097278595,False,True,
s-001,after_one_actual_history_call,2,1000,0,439.57287407399997,0.0,0.0,0.0,2658.679806554923,0.0,439.57287407399997,0.0,0.0,0.0,0.00554121658205986,False,True,
s-001,after_one_actual_history_call,2,1000,1,439.57287407399997,0.0,0.0,0.0,2658.679806554923,0.0,439.57287407399997,0.0,0.0,0.0,0.005583047866821289,False,True,
s-001,after_one_actual_history_call,3,200,0,-6977.498112348,7417.070986422,11696.306108765,5665.574159370121,2658.679806554923,7492.59278317,515.0946708219999,0.010182159087630902,0.0,0.0,0.22172026336193085,False,False,
s-001,after_one_actual_history_call,3,200,1,-6977.498112348,7417.070986422,11696.306108765,5665.574159370121,2658.679806554923,7492.59278317,515.0946708219999,0.010182159087630902,0.0,0.0,0.22002335637807846,False,False,
s-001,after_one_actual_history_call,3,1000,0,-6977.498112348,7417.070986422,11696.306108765,5665.574159370121,2658.679806554923,7492.59278317,515.0946708219999,0.010182159087630902,0.0,0.0,1.0248459912836552,False,False,
s-001,after_one_actual_history_call,3,1000,1,-6977.498112348,7417.070986422,11696.306108765,5665.574159370121,2658.679806554923,7492.59278317,515.0946708219999,0.010182159087630902,0.0,0.0,1.0248232893645763,False,False,
s-001,after_one_actual_history_call,4,200,0,-31106.489978105,31546.062852179,53702.880480617,26165.45697377931,2658.679806554923,32836.116891017,1729.626912912001,0.040894296219564356,0.0,0.0,0.2268873266875744,False,False,
s-001,after_one_actual_history_call,4,200,1,-31106.489978105,31546.062852179,53702.880480617,26165.45697377931,2658.679806554923,32836.116891017,1729.626912912001,0.040894296219564356,0.0,0.0,0.22702864557504654,False,False,
s-001,after_one_actual_history_call,4,1000,0,-31106.489978105,31546.062852179,53702.880480617,26165.45697377931,2658.679806554923,32836.116891017,1729.626912912001,0.040894296219564356,0.0,0.0,1.028967384248972,False,False,
s-001,after_one_actual_history_call,4,1000,1,-31106.489978105,31546.062852179,53702.880480617,26165.45697377931,2658.679806554923,32836.116891017,1729.626912912001,0.040894296219564356,0.0,0.0,1.0249493010342121,False,False,
s-001,after_one_actual_history_call,5,200,0,808.189559117,0.0,0.0,0.0,2658.679806554923,0.0,808.189559117,0.0,0.0,0.0,0.005475003272294998,False,True,
s-001,after_one_actual_history_call,5,200,1,808.189559117,0.0,0.0,0.0,2658.679806554923,0.0,808.189559117,0.0,0.0,0.0,0.005316160619258881,False,True,
s-001,after_one_actual_history_call,5,1000,0,808.189559117,0.0,0.0,0.0,2658.679806554923,0.0,808.189559117,0.0,0.0,0.0,0.00532175600528717,False,True,
s-001,after_one_actual_history_call,5,1000,1,808.189559117,0.0,0.0,0.0,2658.679806554923,0.0,808.189559117,0.0,0.0,0.0,0.005314398556947708,False,True,
s-001,after_one_actual_history_call,6,200,0,-7021.777102333999,7992.369396947,11041.452791173,6837.817923836466,2658.679806554923,8228.493370937,1206.7162686030006,0.029543676257030492,0.0,0.0,0.22185968980193138,False,False,
s-001,after_one_actual_history_call,6,200,1,-7021.777102333999,7992.369396947,11041.452791173,6837.817923836466,2658.679806554923,8228.493370937,1206.7162686030006,0.029543676257030492,0.0,0.0,0.22195670753717422,False,False,
s-001,after_one_actual_history_call,6,1000,0,-7021.777102333999,7992.369396947,11041.452791173,6837.817923836466,2658.679806554923,8228.493370937,1206.7162686030006,0.029543676257030492,0.0,0.0,1.0208144560456276,False,False,
s-001,after_one_actual_history_call,6,1000,1,-7021.777102333999,7992.369396947,11041.452791173,6837.817923836466,2658.679806554923,8228.493370937,1206.7162686030006,0.029543676257030492,0.0,0.0,1.0216405615210533,False,False,
s-001,after_one_actual_history_call,7,200,0,-31200.411177877,32008.600736993998,48467.081544607,25990.492013669475,2658.679806554923,33201.702776145,2001.2915982680024,0.03727442036452637,0.0,0.0,0.22604695707559586,False,False,
s-001,after_one_actual_history_call,7,200,1,-31200.411177877,32008.600736993998,48467.081544607,25990.492013669475,2658.679806554923,33201.702776145,2001.2915982680024,0.03727442036452637,0.0,0.0,0.22569188103079796,False,False,
s-001,after_one_actual_history_call,7,1000,0,-31200.411177877,32008.600736993998,48467.081544607,25990.492013669475,2658.679806554923,33211.145171598,2010.7339937210018,0.03756941593557882,0.0,0.0,1.0290765799582005,False,False,
s-001,after_one_actual_history_call,7,1000,1,-31200.411177877,32008.600736993998,48467.081544607,25990.492013669475,2658.679806554923,33211.145171598,2010.7339937210018,0.03756941593557882,0.0,0.0,1.0264686681330204,False,False,
s-001,after_one_actual_history_call,8,200,0,1456.6742791919999,0.0,0.0,0.0,2658.679806554923,0.0,1456.6742791919999,0.0,0.0,0.0,0.0058371759951114655,False,True,
s-001,after_one_actual_history_call,8,200,1,1456.6742791919999,0.0,0.0,0.0,2658.679806554923,0.0,1456.6742791919999,0.0,0.0,0.0,0.005429398268461227,False,True,
s-001,after_one_actual_history_call,8,1000,0,1456.6742791919999,0.0,0.0,0.0,2658.679806554923,0.0,1456.6742791919999,0.0,0.0,0.0,0.005543433129787445,False,True,
s-001,after_one_actual_history_call,8,1000,1,1456.6742791919999,0.0,0.0,0.0,2658.679806554923,0.0,1456.6742791919999,0.0,0.0,0.0,0.005400992929935455,False,True,
s-001,after_one_actual_history_call,9,200,0,-6373.292382259,7992.369396947,11041.452791173,6837.817923836466,2658.679806554923,8228.493370937,1855.2009886779997,0.029543676257030492,0.0,0.0,0.22163799405097961,False,False,
s-001,after_one_actual_history_call,9,200,1,-6373.292382259,7992.369396947,11041.452791173,6837.817923836466,2658.679806554923,8228.493370937,1855.2009886779997,0.029543676257030492,0.0,0.0,0.2221178002655506,False,False,
s-001,after_one_actual_history_call,9,1000,0,-6373.292382259,7992.369396947,11041.452791173,6837.817923836466,2658.679806554923,8228.493370937,1855.2009886779997,0.029543676257030492,0.0,0.0,1.0232420898973942,False,False,
s-001,after_one_actual_history_call,9,1000,1,-6373.292382259,7992.369396947,11041.452791173,6837.817923836466,2658.679806554923,8228.493370937,1855.2009886779997,0.029543676257030492,0.0,0.0,1.0230873227119446,False,False,
s-001,after_one_actual_history_call,10,200,0,-30243.051582557,32901.731389112,50669.975233471,26646.237338691306,2658.679806554923,33964.244224154,3721.1926415969974,0.03229352347681041,1062.5128350420746,0.001000061541186895,0.22642742469906807,False,False,0.22642742469906807
s-001,after_one_actual_history_call,10,200,1,-30243.051582557,32901.731389112,50669.975233471,26646.237338691306,2658.679806554923,33964.244224154,3721.1926415969974,0.03229352347681041,1062.5128350420746,0.001000061541186895,0.22532976791262627,False,False,0.22532976791262627
s-001,after_one_actual_history_call,10,1000,0,-30243.051582557,32901.731389112,50669.975233471,26646.237338691306,2658.679806554923,33964.244224154,3721.1926415969974,0.03229352347681041,1062.5128350420746,0.001000061541186895,1.0247663520276546,False,False,1.0247663520276546
s-001,after_one_actual_history_call,10,1000,1,-30243.051582557,32901.731389112,50669.975233471,26646.237338691306,2658.679806554923,33964.244224154,3721.1926415969974,0.03229352347681041,1062.5128350420746,0.001000061541186895,1.0252675600349903,False,False,1.0252675600349903
s-001,after_one_actual_history_call,0,50,0,-7297.020858974,7556.525238681,12512.247070022,5694.512053999567,2658.679806554923,7556.525238681,259.5043797070002,0.0,0.0,0.0,0.07520655542612076,False,True,
s-001,after_one_actual_history_call,0,50,1,-7297.020858974,7556.525238681,12512.247070022,5694.512053999567,2658.679806554923,7556.525238681,259.5043797070002,0.0,0.0,0.0,0.07465115189552307,False,True,
s-001,after_one_actual_history_call,1,50,0,-30508.542784328,30508.542784328,57023.095795986,26796.983790973998,2658.679806554923,31848.55556475,1340.0127804219992,0.043922542938050556,0.0,0.0,0.07810504734516144,False,False,
s-001,after_one_actual_history_call,1,50,1,-30508.542784328,30508.542784328,57023.095795986,26796.983790973998,2658.679806554923,31848.55556475,1340.0127804219992,0.043922542938050556,0.0,0.0,0.07730669528245926,False,False,
s-001,after_one_actual_history_call,2,50,0,439.57287407399997,0.0,0.0,0.0,2658.679806554923,0.0,439.57287407399997,0.0,0.0,0.0,0.005239352583885193,False,True,
s-001,after_one_actual_history_call,2,50,1,439.57287407399997,0.0,0.0,0.0,2658.679806554923,0.0,439.57287407399997,0.0,0.0,0.0,0.005177304148674011,False,True,
s-001,after_one_actual_history_call,3,50,0,-6977.498112348,7417.070986422,11696.306108765,5665.574159370121,2658.679806554923,7492.59278317,515.0946708219999,0.010182159087630902,0.0,0.0,0.07416972145438194,False,False,
s-001,after_one_actual_history_call,3,50,1,-6977.498112348,7417.070986422,11696.306108765,5665.574159370121,2658.679806554923,7492.59278317,515.0946708219999,0.010182159087630902,0.0,0.0,0.0746326856315136,False,False,
s-001,after_one_actual_history_call,4,50,0,-31106.489978105,31546.062852179,53702.880480617,26165.45697377931,2658.679806554923,32836.116891017,1729.626912912001,0.040894296219564356,0.0,0.0,0.07742216810584068,False,False,
s-001,after_one_actual_history_call,4,50,1,-31106.489978105,31546.062852179,53702.880480617,26165.45697377931,2658.679806554923,32836.116891017,1729.626912912001,0.040894296219564356,0.0,0.0,0.07844442501664162,False,False,
s-001,after_one_actual_history_call,5,50,0,808.189559117,0.0,0.0,0.0,2658.679806554923,0.0,808.189559117,0.0,0.0,0.0,0.005336876958608627,False,True,
s-001,after_one_actual_history_call,5,50,1,808.189559117,0.0,0.0,0.0,2658.679806554923,0.0,808.189559117,0.0,0.0,0.0,0.005324464291334152,False,True,
s-001,after_one_actual_history_call,6,50,0,-7021.777102333999,7992.369396947,11041.452791173,6837.817923836466,2658.679806554923,8228.493370937,1206.7162686030006,0.029543676257030492,0.0,0.0,0.07471557706594467,False,False,
s-001,after_one_actual_history_call,6,50,1,-7021.777102333999,7992.369396947,11041.452791173,6837.817923836466,2658.679806554923,8228.493370937,1206.7162686030006,0.029543676257030492,0.0,0.0,0.07499755918979645,False,False,
s-001,after_one_actual_history_call,7,50,0,-31200.411177877,32008.600736993998,48467.081544607,25990.492013669475,2658.679806554923,33201.702776145,2001.2915982680024,0.03727442036452637,0.0,0.0,0.078575998544693,False,False,
s-001,after_one_actual_history_call,7,50,1,-31200.411177877,32008.600736993998,48467.081544607,25990.492013669475,2658.679806554923,33201.702776145,2001.2915982680024,0.03727442036452637,0.0,0.0,0.07688774541020393,False,False,
s-001,after_one_actual_history_call,8,50,0,1456.6742791919999,0.0,0.0,0.0,2658.679806554923,0.0,1456.6742791919999,0.0,0.0,0.0,0.005377236753702164,False,True,
s-001,after_one_actual_history_call,8,50,1,1456.6742791919999,0.0,0.0,0.0,2658.679806554923,0.0,1456.6742791919999,0.0,0.0,0.0,0.0052821338176727295,False,True,
s-001,after_one_actual_history_call,9,50,0,-6373.292382259,7992.369396947,11041.452791173,6837.817923836466,2658.679806554923,8228.493370937,1855.2009886779997,0.029543676257030492,0.0,0.0,0.07470956444740295,False,False,
s-001,after_one_actual_history_call,9,50,1,-6373.292382259,7992.369396947,11041.452791173,6837.817923836466,2658.679806554923,8228.493370937,1855.2009886779997,0.029543676257030492,0.0,0.0,0.07384393364191055,False,False,
s-001,after_one_actual_history_call,10,50,0,-30243.051582557,32901.731389112,50669.975233471,26646.237338691306,2658.679806554923,33964.244224154,3721.1926415969974,0.03229352347681041,1062.5128350420746,0.001000061541186895,0.07745685800909996,False,False,0.07745685800909996
s-001,after_one_actual_history_call,10,50,1,-30243.051582557,32901.731389112,50669.975233471,26646.237338691306,2658.679806554923,33964.244224154,3721.1926415969974,0.03229352347681041,1062.5128350420746,0.001000061541186895,0.07554551586508751,False,False,0.07554551586508751
s-001,after_one_actual_history_call,0,10,0,-7297.020858974,7556.525238681,12512.247070022,5694.512053999567,2658.679806554923,7556.525238681,259.5043797070002,0.0,0.0,0.0,0.03559735044836998,False,True,
s-001,after_one_actual_history_call,0,10,1,-7297.020858974,7556.525238681,12512.247070022,5694.512053999567,2658.679806554923,7556.525238681,259.5043797070002,0.0,0.0,0.0,0.03591981530189514,False,True,
s-001,after_one_actual_history_call,1,10,0,-30508.542784328,30508.542784328,57023.095795986,26796.983790973998,2658.679806554923,31848.55556475,1340.0127804219992,0.043922542938050556,0.0,0.0,0.037331774830818176,False,False,
s-001,after_one_actual_history_call,1,10,1,-30508.542784328,30508.542784328,57023.095795986,26796.983790973998,2658.679806554923,31848.55556475,1340.0127804219992,0.043922542938050556,0.0,0.0,0.0377177856862545,False,False,
s-001,after_one_actual_history_call,2,10,0,439.57287407399997,0.0,0.0,0.0,2658.679806554923,0.0,439.57287407399997,0.0,0.0,0.0,0.005388256162405014,False,True,
s-001,after_one_actual_history_call,2,10,1,439.57287407399997,0.0,0.0,0.0,2658.679806554923,0.0,439.57287407399997,0.0,0.0,0.0,0.005683980882167816,False,True,
s-001,after_one_actual_history_call,3,10,0,-6977.498112348,7417.070986422,11696.306108765,5665.574159370121,2658.679806554923,7492.59278317,515.0946708219999,0.010182159087630902,0.0,0.0,0.034175798296928406,False,False,
s-001,after_one_actual_history_call,3,10,1,-6977.498112348,7417.070986422,11696.306108765,5665.574159370121,2658.679806554923,7492.59278317,515.0946708219999,0.010182159087630902,0.0,0.0,0.03392897546291351,False,False,
s-001,after_one_actual_history_call,4,10,0,-31106.489978105,31546.062852179,53702.880480617,26165.45697377931,2658.679806554923,32780.090996488,1673.6010183829967,0.039118293464750396,0.0,0.0,0.0372515507042408,False,False,
s-001,after_one_actual_history_call,4,10,1,-31106.489978105,31546.062852179,53702.880480617,26165.45697377931,2658.679806554923,32780.090996488,1673.6010183829967,0.039118293464750396,0.0,0.0,0.03700931370258331,False,False,
s-001,after_one_actual_history_call,5,10,0,808.189559117,0.0,0.0,0.0,2658.679806554923,0.0,808.189559117,0.0,0.0,0.0,0.005420353263616562,False,True,
s-001,after_one_actual_history_call,5,10,1,808.189559117,0.0,0.0,0.0,2658.679806554923,0.0,808.189559117,0.0,0.0,0.0,0.005415864288806915,False,True,
s-001,after_one_actual_history_call,6,10,0,-7021.777102333999,7992.369396947,11041.452791173,6837.817923836466,2658.679806554923,8228.493370937,1206.7162686030006,0.029543676257030492,0.0,0.0,0.03432879224419594,False,False,
s-001,after_one_actual_history_call,6,10,1,-7021.777102333999,7992.369396947,11041.452791173,6837.817923836466,2658.679806554923,8228.493370937,1206.7162686030006,0.029543676257030492,0.0,0.0,0.033773697912693024,False,False,
s-001,after_one_actual_history_call,7,10,0,-31200.411177877,32008.600736993998,48467.081544607,25990.492013669475,2658.679806554923,33201.702776145,2001.2915982680024,0.03727442036452637,0.0,0.0,0.0379292368888855,False,False,
s-001,after_one_actual_history_call,7,10,1,-31200.411177877,32008.600736993998,48467.081544607,25990.492013669475,2658.679806554923,33201.702776145,2001.2915982680024,0.03727442036452637,0.0,0.0,0.03611674904823303,False,False,
s-001,after_one_actual_history_call,8,10,0,1456.6742791919999,0.0,0.0,0.0,2658.679806554923,0.0,1456.6742791919999,0.0,0.0,0.0,0.005447838455438614,False,True,
s-001,after_one_actual_history_call,8,10,1,1456.6742791919999,0.0,0.0,0.0,2658.679806554923,0.0,1456.6742791919999,0.0,0.0,0.0,0.005410391837358475,False,True,
s-001,after_one_actual_history_call,9,10,0,-6373.292382259,7992.369396947,11041.452791173,6837.817923836466,2658.679806554923,8228.493370937,1855.2009886779997,0.029543676257030492,0.0,0.0,0.035221636295318604,False,False,
s-001,after_one_actual_history_call,9,10,1,-6373.292382259,7992.369396947,11041.452791173,6837.817923836466,2658.679806554923,8228.493370937,1855.2009886779997,0.029543676257030492,0.0,0.0,0.033436618745326996,False,False,
s-001,after_one_actual_history_call,10,10,0,-30243.051582557,32901.731389112,50669.975233471,26646.237338691306,2658.679806554923,33964.244224154,3721.1926415969974,0.03229352347681041,1062.5128350420746,0.001000061541186895,0.03569088876247406,False,False,0.03569088876247406
s-001,after_one_actual_history_call,10,10,1,-30243.051582557,32901.731389112,50669.975233471,26646.237338691306,2658.679806554923,33964.244224154,3721.1926415969974,0.03229352347681041,1062.5128350420746,0.001000061541186895,0.03676367923617363,False,False,0.03676367923617363
s-002,after_common_greedy_prefix,0,200,0,-8981.106588803,8981.106588803,17860.290043326,7317.173580875309,2658.679806554923,9605.532567775,624.4259789719999,0.06952661933112891,0.0,0.0,0.22140239924192429,False,False,
s-002,after_common_greedy_prefix,0,200,1,-8981.106588803,8981.106588803,17860.290043326,7317.173580875309,2658.679806554923,9605.532567775,624.4259789719999,0.06952661933112891,0.0,0.0,0.22129756584763527,False,False,
s-002,after_common_greedy_prefix,0,1000,0,-8981.106588803,8981.106588803,17860.290043326,7317.173580875309,2658.679806554923,9605.532567775,624.4259789719999,0.06952661933112891,0.0,0.0,1.024164129048586,False,False,
s-002,after_common_greedy_prefix,0,1000,1,-8981.106588803,8981.106588803,17860.290043326,7317.173580875309,2658.679806554923,9605.532567775,624.4259789719999,0.06952661933112891,0.0,0.0,1.0231048464775085,False,False,
s-002,after_common_greedy_prefix,1,200,0,-32080.153732444,32080.153732444,52948.377072499,27059.43155561836,2658.679806554923,33568.188823151,1488.0350907070024,0.046384911466371505,0.0,0.0,0.22608327120542526,False,False,
s-002,after_common_greedy_prefix,1,200,1,-32080.153732444,32080.153732444,52948.377072499,27059.43155561836,2658.679806554923,33568.188823151,1488.0350907070024,0.046384911466371505,0.0,0.0,0.2233337089419365,False,False,
s-002,after_common_greedy_prefix,1,1000,0,-32080.153732444,32080.153732444,52948.377072499,27059.43155561836,2658.679806554923,33568.188823151,1488.0350907070024,0.046384911466371505,0.0,0.0,1.0256985761225224,False,False,
s-002,after_common_greedy_prefix,1,1000,1,-32080.153732444,32080.153732444,52948.377072499,27059.43155561836,2658.679806554923,33568.188823151,1488.0350907070024,0.046384911466371505,0.0,0.0,1.0241703726351261,False,False,
s-002,after_common_greedy_prefix,2,200,0,439.57287407399997,0.0,0.0,0.0,2658.679806554923,0.0,439.57287407399997,0.0,0.0,0.0,0.005642302334308624,False,True,
s-002,after_common_greedy_prefix,2,200,1,439.57287407399997,0.0,0.0,0.0,2658.679806554923,0.0,439.57287407399997,0.0,0.0,0.0,0.006405983120203018,False,True,
s-002,after_common_greedy_prefix,2,1000,0,439.57287407399997,0.0,0.0,0.0,2658.679806554923,0.0,439.57287407399997,0.0,0.0,0.0,0.005873318761587143,False,True,
s-002,after_common_greedy_prefix,2,1000,1,439.57287407399997,0.0,0.0,0.0,2658.679806554923,0.0,439.57287407399997,0.0,0.0,0.0,0.0054512470960617065,False,True,
s-002,after_common_greedy_prefix,3,200,0,-7078.177555348,7517.750429422,10941.243636369,5660.830225454533,2658.679806554923,7593.27222617,515.0946708219999,0.010045797271007139,0.0,0.0,0.22044508904218674,False,False,
s-002,after_common_greedy_prefix,3,200,1,-7078.177555348,7517.750429422,10941.243636369,5660.830225454533,2658.679806554923,7593.27222617,515.0946708219999,0.010045797271007139,0.0,0.0,0.2203177846968174,False,False,
s-002,after_common_greedy_prefix,3,1000,0,-7078.177555348,7517.750429422,10941.243636369,5660.830225454533,2658.679806554923,7593.27222617,515.0946708219999,0.010045797271007139,0.0,0.0,1.0202031657099724,False,False,
s-002,after_common_greedy_prefix,3,1000,1,-7078.177555348,7517.750429422,10941.243636369,5660.830225454533,2658.679806554923,7593.27222617,515.0946708219999,0.010045797271007139,0.0,0.0,1.0210707411170006,False,False,
s-002,after_common_greedy_prefix,4,200,0,-30983.814769113,31423.387643187,54445.271804928,26220.84428136021,2658.679806554923,32885.347103623,1901.5323345099969,0.04652456562088611,0.0,0.0,0.22436468675732613,False,False,
s-002,after_common_greedy_prefix,4,200,1,-30983.814769113,31423.387643187,54445.271804928,26220.84428136021,2658.679806554923,32885.347103623,1901.5323345099969,0.04652456562088611,0.0,0.0,0.22453700006008148,False,False,
s-002,after_common_greedy_prefix,4,1000,0,-30983.814769113,31423.387643187,54445.271804928,26220.84428136021,2658.679806554923,32885.347103623,1901.5323345099969,0.04652456562088611,0.0,0.0,1.0232725106179714,False,False,
s-002,after_common_greedy_prefix,4,1000,1,-30983.814769113,31423.387643187,54445.271804928,26220.84428136021,2658.679806554923,32885.347103623,1901.5323345099969,0.04652456562088611,0.0,0.0,1.0269844867289066,False,False,
s-002,after_common_greedy_prefix,5,200,0,808.189559117,0.0,0.0,0.0,2658.679806554923,0.0,808.189559117,0.0,0.0,0.0,0.006538502871990204,False,True,
s-002,after_common_greedy_prefix,5,200,1,808.189559117,0.0,0.0,0.0,2658.679806554923,0.0,808.189559117,0.0,0.0,0.0,0.006204325705766678,False,True,
s-002,after_common_greedy_prefix,5,1000,0,808.189559117,0.0,0.0,0.0,2658.679806554923,0.0,808.189559117,0.0,0.0,0.0,0.005574990063905716,False,True,
s-002,after_common_greedy_prefix,5,1000,1,808.189559117,0.0,0.0,0.0,2658.679806554923,0.0,808.189559117,0.0,0.0,0.0,0.005333553999662399,False,True,
s-002,after_common_greedy_prefix,6,200,0,-7021.777102333999,7992.369396947,11041.452791173,6837.817923836466,2658.679806554923,8228.493370937,1206.7162686030006,0.029543676257030492,0.0,0.0,0.21946744248270988,False,False,
s-002,after_common_greedy_prefix,6,200,1,-7021.777102333999,7992.369396947,11041.452791173,6837.817923836466,2658.679806554923,8228.493370937,1206.7162686030006,0.029543676257030492,0.0,0.0,0.21973149105906487,False,False,
s-002,after_common_greedy_prefix,6,1000,0,-7021.777102333999,7992.369396947,11041.452791173,6837.817923836466,2658.679806554923,8228.493370937,1206.7162686030006,0.029543676257030492,0.0,0.0,1.0204399563372135,False,False,
s-002,after_common_greedy_prefix,6,1000,1,-7021.777102333999,7992.369396947,11041.452791173,6837.817923836466,2658.679806554923,8228.493370937,1206.7162686030006,0.029543676257030492,0.0,0.0,1.0206896029412746,False,False,
s-002,after_common_greedy_prefix,7,200,0,-30533.623494675998,31465.11504048,47435.63127815,25412.562845559656,2658.679806554923,32675.533494952,2141.9100002760024,0.03846858506364247,0.0,0.0,0.2238476611673832,False,False,
s-002,after_common_greedy_prefix,7,200,1,-30533.623494675998,31465.11504048,47435.63127815,25412.562845559656,2658.679806554923,32675.533494952,2141.9100002760024,0.03846858506364247,0.0,0.0,0.2224881760776043,False,False,
s-002,after_common_greedy_prefix,7,1000,0,-30533.623494675998,31465.11504048,47435.63127815,25412.562845559656,2658.679806554923,32675.533494952,2141.9100002760024,0.03846858506364247,0.0,0.0,1.0229109711945057,False,False,
s-002,after_common_greedy_prefix,7,1000,1,-30533.623494675998,31465.11504048,47435.63127815,25412.562845559656,2658.679806554923,32675.533494952,2141.9100002760024,0.03846858506364247,0.0,0.0,1.0252230018377304,False,False,
s-002,after_common_greedy_prefix,8,200,0,1456.6742791919999,0.0,0.0,0.0,2658.679806554923,0.0,1456.6742791919999,0.0,0.0,0.0,0.0061263516545295715,False,True,
s-002,after_common_greedy_prefix,8,200,1,1456.6742791919999,0.0,0.0,0.0,2658.679806554923,0.0,1456.6742791919999,0.0,0.0,0.0,0.00531822070479393,False,True,
s-002,after_common_greedy_prefix,8,1000,0,1456.6742791919999,0.0,0.0,0.0,2658.679806554923,0.0,1456.6742791919999,0.0,0.0,0.0,0.006905466318130493,False,True,
s-002,after_common_greedy_prefix,8,1000,1,1456.6742791919999,0.0,0.0,0.0,2658.679806554923,0.0,1456.6742791919999,0.0,0.0,0.0,0.009390000253915787,False,True,
s-002,after_common_greedy_prefix,9,200,0,-6373.292382259,7992.369396947,11041.452791173,6837.817923836466,2658.679806554923,8228.493370937,1855.2009886779997,0.029543676257030492,0.0,0.0,0.22705401107668877,False,False,
s-002,after_common_greedy_prefix,9,200,1,-6373.292382259,7992.369396947,11041.452791173,6837.817923836466,2658.679806554923,8228.493370937,1855.2009886779997,0.029543676257030492,0.0,0.0,0.22571049258112907,False,False,
s-002,after_common_greedy_prefix,9,1000,0,-6373.292382259,7992.369396947,11041.452791173,6837.817923836466,2658.679806554923,8228.493370937,1855.2009886779997,0.029543676257030492,0.0,0.0,1.0207310356199741,False,False,
s-002,after_common_greedy_prefix,9,1000,1,-6373.292382259,7992.369396947,11041.452791173,6837.817923836466,2658.679806554923,8228.493370937,1855.2009886779997,0.029543676257030492,0.0,0.0,1.0224262736737728,False,False,
s-002,after_common_greedy_prefix,10,200,0,-30243.051582557,32901.731389112,50669.975233471,26646.237338691306,2658.679806554923,33964.244224154,3721.1926415969974,0.03229352347681041,1062.5128350420746,0.001000061541186895,0.2270677387714386,False,False,0.2270677387714386
s-002,after_common_greedy_prefix,10,200,1,-30243.051582557,32901.731389112,50669.975233471,26646.237338691306,2658.679806554923,33964.244224154,3721.1926415969974,0.03229352347681041,1062.5128350420746,0.001000061541186895,0.22446493804454803,False,False,0.22446493804454803
s-002,after_common_greedy_prefix,10,1000,0,-30243.051582557,32901.731389112,50669.975233471,26646.237338691306,2658.679806554923,33964.244224154,3721.1926415969974,0.03229352347681041,1062.5128350420746,0.001000061541186895,1.0286801382899284,False,False,1.0286801382899284
s-002,after_common_greedy_prefix,10,1000,1,-30243.051582557,32901.731389112,50669.975233471,26646.237338691306,2658.679806554923,33964.244224154,3721.1926415969974,0.03229352347681041,1062.5128350420746,0.001000061541186895,1.0291212387382984,False,False,1.0291212387382984
s-002,after_common_greedy_prefix,0,50,0,-8981.106588803,8981.106588803,17860.290043326,7317.173580875309,2658.679806554923,9605.532567775,624.4259789719999,0.06952661933112891,0.0,0.0,0.07476169243454933,False,False,
s-002,after_common_greedy_prefix,0,50,1,-8981.106588803,8981.106588803,17860.290043326,7317.173580875309,2658.679806554923,9605.532567775,624.4259789719999,0.06952661933112891,0.0,0.0,0.0740908645093441,False,False,
s-002,after_common_greedy_prefix,1,50,0,-32080.153732444,32080.153732444,52948.377072499,27059.43155561836,2658.679806554923,33568.188823151,1488.0350907070024,0.046384911466371505,0.0,0.0,0.07690249010920525,False,False,
s-002,after_common_greedy_prefix,1,50,1,-32080.153732444,32080.153732444,52948.377072499,27059.43155561836,2658.679806554923,33568.188823151,1488.0350907070024,0.046384911466371505,0.0,0.0,0.07591083273291588,False,False,
s-002,after_common_greedy_prefix,2,50,0,439.57287407399997,0.0,0.0,0.0,2658.679806554923,0.0,439.57287407399997,0.0,0.0,0.0,0.005310073494911194,False,True,
s-002,after_common_greedy_prefix,2,50,1,439.57287407399997,0.0,0.0,0.0,2658.679806554923,0.0,439.57287407399997,0.0,0.0,0.0,0.005261950194835663,False,True,
s-002,after_common_greedy_prefix,3,50,0,-7078.177555348,7517.750429422,10941.243636369,5660.830225454533,2658.679806554923,7593.27222617,515.0946708219999,0.010045797271007139,0.0,0.0,0.07454023137688637,False,False,
s-002,after_common_greedy_prefix,3,50,1,-7078.177555348,7517.750429422,10941.243636369,5660.830225454533,2658.679806554923,7593.27222617,515.0946708219999,0.010045797271007139,0.0,0.0,0.07542524114251137,False,False,
s-002,after_common_greedy_prefix,4,50,0,-30983.814769113,31423.387643187,54445.271804928,26220.84428136021,2658.679806554923,32769.068205871,1785.253436758001,0.042824172172784836,0.0,0.0,0.0772581547498703,False,False,
s-002,after_common_greedy_prefix,4,50,1,-30983.814769113,31423.387643187,54445.271804928,26220.84428136021,2658.679806554923,32769.068205871,1785.253436758001,0.042824172172784836,0.0,0.0,0.07751725241541862,False,False,
s-002,after_common_greedy_prefix,5,50,0,808.189559117,0.0,0.0,0.0,2658.679806554923,0.0,808.189559117,0.0,0.0,0.0,0.005321085453033447,False,True,
s-002,after_common_greedy_prefix,5,50,1,808.189559117,0.0,0.0,0.0,2658.679806554923,0.0,808.189559117,0.0,0.0,0.0,0.005277872085571289,False,True,
s-002,after_common_greedy_prefix,6,50,0,-7021.777102333999,7992.369396947,11041.452791173,6837.817923836466,2658.679806554923,8228.493370937,1206.7162686030006,0.029543676257030492,0.0,0.0,0.07494162768125534,False,False,
s-002,after_common_greedy_prefix,6,50,1,-7021.777102333999,7992.369396947,11041.452791173,6837.817923836466,2658.679806554923,8228.493370937,1206.7162686030006,0.029543676257030492,0.0,0.0,0.07440688088536263,False,False,
s-002,after_common_greedy_prefix,7,50,0,-30533.623494675998,31465.11504048,47435.63127815,25412.562845559656,2658.679806554923,32675.533494952,2141.9100002760024,0.03846858506364247,0.0,0.0,0.07772012799978256,False,False,
s-002,after_common_greedy_prefix,7,50,1,-30533.623494675998,31465.11504048,47435.63127815,25412.562845559656,2658.679806554923,32675.533494952,2141.9100002760024,0.03846858506364247,0.0,0.0,0.07761219516396523,False,False,
s-002,after_common_greedy_prefix,8,50,0,1456.6742791919999,0.0,0.0,0.0,2658.679806554923,0.0,1456.6742791919999,0.0,0.0,0.0,0.0053140148520469666,False,True,
s-002,after_common_greedy_prefix,8,50,1,1456.6742791919999,0.0,0.0,0.0,2658.679806554923,0.0,1456.6742791919999,0.0,0.0,0.0,0.005297891795635223,False,True,
s-002,after_common_greedy_prefix,9,50,0,-6373.292382259,7992.369396947,11041.452791173,6837.817923836466,2658.679806554923,8228.493370937,1855.2009886779997,0.029543676257030492,0.0,0.0,0.07376525178551674,False,False,
s-002,after_common_greedy_prefix,9,50,1,-6373.292382259,7992.369396947,11041.452791173,6837.817923836466,2658.679806554923,8228.493370937,1855.2009886779997,0.029543676257030492,0.0,0.0,0.07417580112814903,False,False,
s-002,after_common_greedy_prefix,10,50,0,-30243.051582557,32901.731389112,50669.975233471,26646.237338691306,2658.679806554923,33964.244224154,3721.1926415969974,0.03229352347681041,1062.5128350420746,0.001000061541186895,0.07601609453558922,False,False,0.07601609453558922
s-002,after_common_greedy_prefix,10,50,1,-30243.051582557,32901.731389112,50669.975233471,26646.237338691306,2658.679806554923,33964.244224154,3721.1926415969974,0.03229352347681041,1062.5128350420746,0.001000061541186895,0.07606029137969017,False,False,0.07606029137969017
s-002,after_common_greedy_prefix,0,10,0,-8981.106588803,8981.106588803,17860.290043326,7317.173580875309,2658.679806554923,9605.532567775,624.4259789719999,0.06952661933112891,0.0,0.0,0.0354875773191452,False,False,
s-002,after_common_greedy_prefix,0,10,1,-8981.106588803,8981.106588803,17860.290043326,7317.173580875309,2658.679806554923,9605.532567775,624.4259789719999,0.06952661933112891,0.0,0.0,0.035788051784038544,False,False,
s-002,after_common_greedy_prefix,1,10,0,-32080.153732444,32080.153732444,52948.377072499,27059.43155561836,2658.679806554923,33568.188823151,1488.0350907070024,0.046384911466371505,0.0,0.0,0.03853536397218704,False,False,
s-002,after_common_greedy_prefix,1,10,1,-32080.153732444,32080.153732444,52948.377072499,27059.43155561836,2658.679806554923,33568.188823151,1488.0350907070024,0.046384911466371505,0.0,0.0,0.03762175515294075,False,False,
s-002,after_common_greedy_prefix,2,10,0,439.57287407399997,0.0,0.0,0.0,2658.679806554923,0.0,439.57287407399997,0.0,0.0,0.0,0.00556294247508049,False,True,
s-002,after_common_greedy_prefix,2,10,1,439.57287407399997,0.0,0.0,0.0,2658.679806554923,0.0,439.57287407399997,0.0,0.0,0.0,0.005353402346372604,False,True,
s-002,after_common_greedy_prefix,3,10,0,-7078.177555348,7517.750429422,10941.243636369,5660.830225454533,2658.679806554923,7593.27222617,515.0946708219999,0.010045797271007139,0.0,0.0,0.03449822962284088,False,False,
s-002,after_common_greedy_prefix,3,10,1,-7078.177555348,7517.750429422,10941.243636369,5660.830225454533,2658.679806554923,7593.27222617,515.0946708219999,0.010045797271007139,0.0,0.0,0.03577180579304695,False,False,
s-002,after_common_greedy_prefix,4,10,0,-30983.814769113,31423.387643187,54445.271804928,26220.84428136021,2658.679806554923,32769.068205871,1785.253436758001,0.042824172172784836,0.0,0.0,0.035662006586790085,False,False,
s-002,after_common_greedy_prefix,4,10,1,-30983.814769113,31423.387643187,54445.271804928,26220.84428136021,2658.679806554923,32769.068205871,1785.253436758001,0.042824172172784836,0.0,0.0,0.03516830503940582,False,False,
s-002,after_common_greedy_prefix,5,10,0,808.189559117,0.0,0.0,0.0,2658.679806554923,0.0,808.189559117,0.0,0.0,0.0,0.005469046533107758,False,True,
s-002,after_common_greedy_prefix,5,10,1,808.189559117,0.0,0.0,0.0,2658.679806554923,0.0,808.189559117,0.0,0.0,0.0,0.005410224199295044,False,True,
s-002,after_common_greedy_prefix,6,10,0,-7021.777102333999,7992.369396947,11041.452791173,6837.817923836466,2658.679806554923,8228.493370937,1206.7162686030006,0.029543676257030492,0.0,0.0,0.03267525136470795,False,False,
s-002,after_common_greedy_prefix,6,10,1,-7021.777102333999,7992.369396947,11041.452791173,6837.817923836466,2658.679806554923,8228.493370937,1206.7162686030006,0.029543676257030492,0.0,0.0,0.03453272581100464,False,False,
s-002,after_common_greedy_prefix,7,10,0,-30533.623494675998,31465.11504048,47435.63127815,25412.562845559656,2658.679806554923,32675.533494952,2141.9100002760024,0.03846858506364247,0.0,0.0,0.03780680522322655,False,False,
s-002,after_common_greedy_prefix,7,10,1,-30533.623494675998,31465.11504048,47435.63127815,25412.562845559656,2658.679806554923,32675.533494952,2141.9100002760024,0.03846858506364247,0.0,0.0,0.03491558879613876,False,False,
s-002,after_common_greedy_prefix,8,10,0,1456.6742791919999,0.0,0.0,0.0,2658.679806554923,0.0,1456.6742791919999,0.0,0.0,0.0,0.005467474460601807,False,True,
s-002,after_common_greedy_prefix,8,10,1,1456.6742791919999,0.0,0.0,0.0,2658.679806554923,0.0,1456.6742791919999,0.0,0.0,0.0,0.005414970219135284,False,True,
s-002,after_common_greedy_prefix,9,10,0,-6373.292382259,7992.369396947,11041.452791173,6837.817923836466,2658.679806554923,8228.493370937,1855.2009886779997,0.029543676257030492,0.0,0.0,0.033723775297403336,False,False,
s-002,after_common_greedy_prefix,9,10,1,-6373.292382259,7992.369396947,11041.452791173,6837.817923836466,2658.679806554923,8228.493370937,1855.2009886779997,0.029543676257030492,0.0,0.0,0.03417995944619179,False,False,
s-002,after_common_greedy_prefix,10,10,0,-30243.051582557,32901.731389112,50669.975233471,26646.237338691306,2658.679806554923,33964.244224154,3721.1926415969974,0.03229352347681041,1062.5128350420746,0.001000061541186895,0.037825215607881546,False,False,0.037825215607881546
s-002,after_common_greedy_prefix,10,10,1,-30243.051582557,32901.731389112,50669.975233471,26646.237338691306,2658.679806554923,33964.244224154,3721.1926415969974,0.03229352347681041,1062.5128350420746,0.001000061541186895,0.03659800440073013,False,False,0.03659800440073013
s-003,after_one_actual_history_call,0,200,0,-8981.106588803,8981.106588803,17860.290043326,7317.173580875309,2658.679806554923,9605.532567775,624.4259789719999,0.06952661933112891,0.0,0.0,0.22095740213990211,False,False,
s-003,after_one_actual_history_call,0,200,1,-8981.106588803,8981.106588803,17860.290043326,7317.173580875309,2658.679806554923,9605.532567775,624.4259789719999,0.06952661933112891,0.0,0.0,0.22070620954036713,False,False,
s-003,after_one_actual_history_call,0,1000,0,-8981.106588803,8981.106588803,17860.290043326,7317.173580875309,2658.679806554923,9605.532567775,624.4259789719999,0.06952661933112891,0.0,0.0,1.0207251869142056,False,False,
s-003,after_one_actual_history_call,0,1000,1,-8981.106588803,8981.106588803,17860.290043326,7317.173580875309,2658.679806554923,9605.532567775,624.4259789719999,0.06952661933112891,0.0,0.0,1.023459680378437,False,False,
s-003,after_one_actual_history_call,1,200,0,-32080.153732444,33568.188823151,52948.377072499,27059.43155561836,2658.679806554923,33568.188823151,1488.0350907070024,0.0,0.0,0.0,0.004393529146909714,False,True,
s-003,after_one_actual_history_call,1,200,1,-32080.153732444,33568.188823151,52948.377072499,27059.43155561836,2658.679806554923,33568.188823151,1488.0350907070024,0.0,0.0,0.0,0.003931023180484772,False,True,
s-003,after_one_actual_history_call,1,1000,0,-32080.153732444,33568.188823151,52948.377072499,27059.43155561836,2658.679806554923,33568.188823151,1488.0350907070024,0.0,0.0,0.0,1.0226965621113777,False,True,
s-003,after_one_actual_history_call,1,1000,1,-32080.153732444,33568.188823151,52948.377072499,27059.43155561836,2658.679806554923,33568.188823151,1488.0350907070024,0.0,0.0,0.0,1.0281203463673592,False,True,
s-003,after_one_actual_history_call,2,200,0,439.57287407399997,0.0,0.0,0.0,2658.679806554923,0.0,439.57287407399997,0.0,0.0,0.0,0.005559928715229034,False,True,
s-003,after_one_actual_history_call,2,200,1,439.57287407399997,0.0,0.0,0.0,2658.679806554923,0.0,439.57287407399997,0.0,0.0,0.0,0.005326535552740097,False,True,
s-003,after_one_actual_history_call,2,1000,0,439.57287407399997,0.0,0.0,0.0,2658.679806554923,0.0,439.57287407399997,0.0,0.0,0.0,0.005334444344043732,False,True,
s-003,after_one_actual_history_call,2,1000,1,439.57287407399997,0.0,0.0,0.0,2658.679806554923,0.0,439.57287407399997,0.0,0.0,0.0,0.00531773641705513,False,True,
s-003,after_one_actual_history_call,3,200,0,-7078.177555348,7517.750429422,10941.243636369,5660.830225454533,2658.679806554923,7593.27222617,515.0946708219999,0.010045797271007139,0.0,0.0,0.22054636105895042,False,False,
s-003,after_one_actual_history_call,3,200,1,-7078.177555348,7517.750429422,10941.243636369,5660.830225454533,2658.679806554923,7593.27222617,515.0946708219999,0.010045797271007139,0.0,0.0,0.22329173982143402,False,False,
s-003,after_one_actual_history_call,3,1000,0,-7078.177555348,7517.750429422,10941.243636369,5660.830225454533,2658.679806554923,7593.27222617,515.0946708219999,0.010045797271007139,0.0,0.0,1.0264573357999325,False,False,
s-003,after_one_actual_history_call,3,1000,1,-7078.177555348,7517.750429422,10941.243636369,5660.830225454533,2658.679806554923,7593.27222617,515.0946708219999,0.010045797271007139,0.0,0.0,1.0204083137214184,False,False,
s-003,after_one_actual_history_call,4,200,0,-30983.814769113,31423.387643187,54445.271804928,26220.84428136021,2658.679806554923,32885.347103623,1901.5323345099969,0.04652456562088611,0.0,0.0,0.22423416003584862,False,False,
s-003,after_one_actual_history_call,4,200,1,-30983.814769113,31423.387643187,54445.271804928,26220.84428136021,2658.679806554923,32885.347103623,1901.5323345099969,0.04652456562088611,0.0,0.0,0.22695856913924217,False,False,
s-003,after_one_actual_history_call,4,1000,0,-30983.814769113,31423.387643187,54445.271804928,26220.84428136021,2658.679806554923,32885.347103623,1901.5323345099969,0.04652456562088611,0.0,0.0,1.027203295379877,False,False,
s-003,after_one_actual_history_call,4,1000,1,-30983.814769113,31423.387643187,54445.271804928,26220.84428136021,2658.679806554923,32885.347103623,1901.5323345099969,0.04652456562088611,0.0,0.0,1.0247279964387417,False,False,
s-003,after_one_actual_history_call,5,200,0,808.189559117,0.0,0.0,0.0,2658.679806554923,0.0,808.189559117,0.0,0.0,0.0,0.005526456981897354,False,True,
s-003,after_one_actual_history_call,5,200,1,808.189559117,0.0,0.0,0.0,2658.679806554923,0.0,808.189559117,0.0,0.0,0.0,0.005650382488965988,False,True,
s-003,after_one_actual_history_call,5,1000,0,808.189559117,0.0,0.0,0.0,2658.679806554923,0.0,808.189559117,0.0,0.0,0.0,0.005331471562385559,False,True,
s-003,after_one_actual_history_call,5,1000,1,808.189559117,0.0,0.0,0.0,2658.679806554923,0.0,808.189559117,0.0,0.0,0.0,0.00598955899477005,False,True,
s-003,after_one_actual_history_call,6,200,0,-7021.777102333999,7992.369396947,11041.452791173,6837.817923836466,2658.679806554923,8228.493370937,1206.7162686030006,0.029543676257030492,0.0,0.0,0.22255528718233109,False,False,
s-003,after_one_actual_history_call,6,200,1,-7021.777102333999,7992.369396947,11041.452791173,6837.817923836466,2658.679806554923,8228.493370937,1206.7162686030006,0.029543676257030492,0.0,0.0,0.22033622488379478,False,False,
s-003,after_one_actual_history_call,6,1000,0,-7021.777102333999,7992.369396947,11041.452791173,6837.817923836466,2658.679806554923,8228.493370937,1206.7162686030006,0.029543676257030492,0.0,0.0,1.020833395421505,False,False,
s-003,after_one_actual_history_call,6,1000,1,-7021.777102333999,7992.369396947,11041.452791173,6837.817923836466,2658.679806554923,8228.493370937,1206.7162686030006,0.029543676257030492,0.0,0.0,1.0195628441870213,False,False,
s-003,after_one_actual_history_call,7,200,0,-30533.623494675998,31465.11504048,47435.63127815,25412.562845559656,2658.679806554923,32675.533494952,2141.9100002760024,0.03846858506364247,0.0,0.0,0.22328567504882812,False,False,
s-003,after_one_actual_history_call,7,200,1,-30533.623494675998,31465.11504048,47435.63127815,25412.562845559656,2658.679806554923,32675.533494952,2141.9100002760024,0.03846858506364247,0.0,0.0,0.22618572413921356,False,False,
s-003,after_one_actual_history_call,7,1000,0,-30533.623494675998,31465.11504048,47435.63127815,25412.562845559656,2658.679806554923,32675.533494952,2141.9100002760024,0.03846858506364247,0.0,0.0,1.0259811505675316,False,False,
s-003,after_one_actual_history_call,7,1000,1,-30533.623494675998,31465.11504048,47435.63127815,25412.562845559656,2658.679806554923,32675.533494952,2141.9100002760024,0.03846858506364247,0.0,0.0,1.0252047702670097,False,False,
s-003,after_one_actual_history_call,8,200,0,1456.6742791919999,0.0,0.0,0.0,2658.679806554923,0.0,1456.6742791919999,0.0,0.0,0.0,0.0054220110177993774,False,True,
s-003,after_one_actual_history_call,8,200,1,1456.6742791919999,0.0,0.0,0.0,2658.679806554923,0.0,1456.6742791919999,0.0,0.0,0.0,0.005573209375143051,False,True,
s-003,after_one_actual_history_call,8,1000,0,1456.6742791919999,0.0,0.0,0.0,2658.679806554923,0.0,1456.6742791919999,0.0,0.0,0.0,0.006766371428966522,False,True,
s-003,after_one_actual_history_call,8,1000,1,1456.6742791919999,0.0,0.0,0.0,2658.679806554923,0.0,1456.6742791919999,0.0,0.0,0.0,0.00662761926651001,False,True,
s-003,after_one_actual_history_call,9,200,0,-6373.292382259,7992.369396947,11041.452791173,6837.817923836466,2658.679806554923,8228.493370937,1855.2009886779997,0.029543676257030492,0.0,0.0,0.2223588228225708,False,False,
s-003,after_one_actual_history_call,9,200,1,-6373.292382259,7992.369396947,11041.452791173,6837.817923836466,2658.679806554923,8228.493370937,1855.2009886779997,0.029543676257030492,0.0,0.0,0.22265956550836563,False,False,
s-003,after_one_actual_history_call,9,1000,0,-6373.292382259,7992.369396947,11041.452791173,6837.817923836466,2658.679806554923,8228.493370937,1855.2009886779997,0.029543676257030492,0.0,0.0,1.0205920413136482,False,False,
s-003,after_one_actual_history_call,9,1000,1,-6373.292382259,7992.369396947,11041.452791173,6837.817923836466,2658.679806554923,8228.493370937,1855.2009886779997,0.029543676257030492,0.0,0.0,1.0208098217844963,False,False,
s-003,after_one_actual_history_call,10,200,0,-30243.051582557,32901.731389112,50669.975233471,26646.237338691306,2658.679806554923,33964.244224154,3721.1926415969974,0.03229352347681041,1062.5128350420746,0.001000061541186895,0.22245792672038078,False,False,0.22245792672038078
s-003,after_one_actual_history_call,10,200,1,-30243.051582557,32901.731389112,50669.975233471,26646.237338691306,2658.679806554923,33964.244224154,3721.1926415969974,0.03229352347681041,1062.5128350420746,0.001000061541186895,0.22216813638806343,False,False,0.22216813638806343
s-003,after_one_actual_history_call,10,1000,0,-30243.051582557,32901.731389112,50669.975233471,26646.237338691306,2658.679806554923,33964.244224154,3721.1926415969974,0.03229352347681041,1062.5128350420746,0.001000061541186895,1.0230709798634052,False,False,1.0230709798634052
s-003,after_one_actual_history_call,10,1000,1,-30243.051582557,32901.731389112,50669.975233471,26646.237338691306,2658.679806554923,33964.244224154,3721.1926415969974,0.03229352347681041,1062.5128350420746,0.001000061541186895,1.0239563658833504,False,False,1.0239563658833504
s-003,after_one_actual_history_call,0,50,0,-8981.106588803,8981.106588803,17860.290043326,7317.173580875309,2658.679806554923,9605.532567775,624.4259789719999,0.06952661933112891,0.0,0.0,0.07544481754302979,False,False,
s-003,after_one_actual_history_call,0,50,1,-8981.106588803,8981.106588803,17860.290043326,7317.173580875309,2658.679806554923,9605.532567775,624.4259789719999,0.06952661933112891,0.0,0.0,0.07532752305269241,False,False,
s-003,after_one_actual_history_call,1,50,0,-32080.153732444,33568.188823151,52948.377072499,27059.43155561836,2658.679806554923,33568.188823151,1488.0350907070024,0.0,0.0,0.0,0.07651681080460548,False,True,
s-003,after_one_actual_history_call,1,50,1,-32080.153732444,33568.188823151,52948.377072499,27059.43155561836,2658.679806554923,33568.188823151,1488.0350907070024,0.0,0.0,0.0,0.07641542330384254,False,True,
s-003,after_one_actual_history_call,2,50,0,439.57287407399997,0.0,0.0,0.0,2658.679806554923,0.0,439.57287407399997,0.0,0.0,0.0,0.005302533507347107,False,True,
s-003,after_one_actual_history_call,2,50,1,439.57287407399997,0.0,0.0,0.0,2658.679806554923,0.0,439.57287407399997,0.0,0.0,0.0,0.005261704325675964,False,True,
s-003,after_one_actual_history_call,3,50,0,-7078.177555348,7517.750429422,10941.243636369,5660.830225454533,2658.679806554923,7593.27222617,515.0946708219999,0.010045797271007139,0.0,0.0,0.07385225221514702,False,False,
s-003,after_one_actual_history_call,3,50,1,-7078.177555348,7517.750429422,10941.243636369,5660.830225454533,2658.679806554923,7593.27222617,515.0946708219999,0.010045797271007139,0.0,0.0,0.07376084104180336,False,False,
s-003,after_one_actual_history_call,4,50,0,-30983.814769113,31423.387643187,54445.271804928,26220.84428136021,2658.679806554923,32769.068205871,1785.253436758001,0.042824172172784836,0.0,0.0,0.07700430229306221,False,False,
s-003,after_one_actual_history_call,4,50,1,-30983.814769113,31423.387643187,54445.271804928,26220.84428136021,2658.679806554923,32769.068205871,1785.253436758001,0.042824172172784836,0.0,0.0,0.0771280936896801,False,False,
s-003,after_one_actual_history_call,5,50,0,808.189559117,0.0,0.0,0.0,2658.679806554923,0.0,808.189559117,0.0,0.0,0.0,0.005332089960575104,False,True,
s-003,after_one_actual_history_call,5,50,1,808.189559117,0.0,0.0,0.0,2658.679806554923,0.0,808.189559117,0.0,0.0,0.0,0.005286742001771927,False,True,
s-003,after_one_actual_history_call,6,50,0,-7021.777102333999,7992.369396947,11041.452791173,6837.817923836466,2658.679806554923,8228.493370937,1206.7162686030006,0.029543676257030492,0.0,0.0,0.07475559785962105,False,False,
s-003,after_one_actual_history_call,6,50,1,-7021.777102333999,7992.369396947,11041.452791173,6837.817923836466,2658.679806554923,8228.493370937,1206.7162686030006,0.029543676257030492,0.0,0.0,0.07495004311203957,False,False,
s-003,after_one_actual_history_call,7,50,0,-30533.623494675998,31465.11504048,47435.63127815,25412.562845559656,2658.679806554923,32675.533494952,2141.9100002760024,0.03846858506364247,0.0,0.0,0.07674035429954529,False,False,
s-003,after_one_actual_history_call,7,50,1,-30533.623494675998,31465.11504048,47435.63127815,25412.562845559656,2658.679806554923,32675.533494952,2141.9100002760024,0.03846858506364247,0.0,0.0,0.07682852447032928,False,False,
s-003,after_one_actual_history_call,8,50,0,1456.6742791919999,0.0,0.0,0.0,2658.679806554923,0.0,1456.6742791919999,0.0,0.0,0.0,0.005330454558134079,False,True,
s-003,after_one_actual_history_call,8,50,1,1456.6742791919999,0.0,0.0,0.0,2658.679806554923,0.0,1456.6742791919999,0.0,0.0,0.0,0.005291875451803207,False,True,
s-003,after_one_actual_history_call,9,50,0,-6373.292382259,7992.369396947,11041.452791173,6837.817923836466,2658.679806554923,8228.493370937,1855.2009886779997,0.029543676257030492,0.0,0.0,0.07471055164933205,False,False,
s-003,after_one_actual_history_call,9,50,1,-6373.292382259,7992.369396947,11041.452791173,6837.817923836466,2658.679806554923,8228.493370937,1855.2009886779997,0.029543676257030492,0.0,0.0,0.07475728541612625,False,False,
s-003,after_one_actual_history_call,10,50,0,-30243.051582557,32901.731389112,50669.975233471,26646.237338691306,2658.679806554923,33964.244224154,3721.1926415969974,0.03229352347681041,1062.5128350420746,0.001000061541186895,0.07698915526270866,False,False,0.07698915526270866
s-003,after_one_actual_history_call,10,50,1,-30243.051582557,32901.731389112,50669.975233471,26646.237338691306,2658.679806554923,33964.244224154,3721.1926415969974,0.03229352347681041,1062.5128350420746,0.001000061541186895,0.0763750746846199,False,False,0.0763750746846199
s-003,after_one_actual_history_call,0,10,0,-8981.106588803,8981.106588803,17860.290043326,7317.173580875309,2658.679806554923,9605.532567775,624.4259789719999,0.06952661933112891,0.0,0.0,0.03529921919107437,False,False,
s-003,after_one_actual_history_call,0,10,1,-8981.106588803,8981.106588803,17860.290043326,7317.173580875309,2658.679806554923,9605.532567775,624.4259789719999,0.06952661933112891,0.0,0.0,0.034536827355623245,False,False,
s-003,after_one_actual_history_call,1,10,0,-32080.153732444,33568.188823151,52948.377072499,27059.43155561836,2658.679806554923,33568.188823151,1488.0350907070024,0.0,0.0,0.0,0.03676117584109306,False,True,
s-003,after_one_actual_history_call,1,10,1,-32080.153732444,33568.188823151,52948.377072499,27059.43155561836,2658.679806554923,33568.188823151,1488.0350907070024,0.0,0.0,0.0,0.03682441636919975,False,True,
s-003,after_one_actual_history_call,2,10,0,439.57287407399997,0.0,0.0,0.0,2658.679806554923,0.0,439.57287407399997,0.0,0.0,0.0,0.005323417484760284,False,True,
s-003,after_one_actual_history_call,2,10,1,439.57287407399997,0.0,0.0,0.0,2658.679806554923,0.0,439.57287407399997,0.0,0.0,0.0,0.005244698375463486,False,True,
s-003,after_one_actual_history_call,3,10,0,-7078.177555348,7517.750429422,10941.243636369,5660.830225454533,2658.679806554923,7593.27222617,515.0946708219999,0.010045797271007139,0.0,0.0,0.03506387025117874,False,False,
s-003,after_one_actual_history_call,3,10,1,-7078.177555348,7517.750429422,10941.243636369,5660.830225454533,2658.679806554923,7593.27222617,515.0946708219999,0.010045797271007139,0.0,0.0,0.03335263580083847,False,False,
s-003,after_one_actual_history_call,4,10,0,-30983.814769113,31423.387643187,54445.271804928,26220.84428136021,2658.679806554923,32769.068205871,1785.253436758001,0.042824172172784836,0.0,0.0,0.03575235977768898,False,False,
s-003,after_one_actual_history_call,4,10,1,-30983.814769113,31423.387643187,54445.271804928,26220.84428136021,2658.679806554923,32769.068205871,1785.253436758001,0.042824172172784836,0.0,0.0,0.03821950405836105,False,False,
s-003,after_one_actual_history_call,5,10,0,808.189559117,0.0,0.0,0.0,2658.679806554923,0.0,808.189559117,0.0,0.0,0.0,0.0055396780371665955,False,True,
s-003,after_one_actual_history_call,5,10,1,808.189559117,0.0,0.0,0.0,2658.679806554923,0.0,808.189559117,0.0,0.0,0.0,0.005233060568571091,False,True,
s-003,after_one_actual_history_call,6,10,0,-7021.777102333999,7992.369396947,11041.452791173,6837.817923836466,2658.679806554923,8228.493370937,1206.7162686030006,0.029543676257030492,0.0,0.0,0.03477352485060692,False,False,
s-003,after_one_actual_history_call,6,10,1,-7021.777102333999,7992.369396947,11041.452791173,6837.817923836466,2658.679806554923,8228.493370937,1206.7162686030006,0.029543676257030492,0.0,0.0,0.033218864351511,False,False,
s-003,after_one_actual_history_call,7,10,0,-30533.623494675998,31465.11504048,47435.63127815,25412.562845559656,2658.679806554923,32675.533494952,2141.9100002760024,0.03846858506364247,0.0,0.0,0.03560768440365791,False,False,
s-003,after_one_actual_history_call,7,10,1,-30533.623494675998,31465.11504048,47435.63127815,25412.562845559656,2658.679806554923,32675.533494952,2141.9100002760024,0.03846858506364247,0.0,0.0,0.03532799333333969,False,False,
s-003,after_one_actual_history_call,8,10,0,1456.6742791919999,0.0,0.0,0.0,2658.679806554923,0.0,1456.6742791919999,0.0,0.0,0.0,0.00539914146065712,False,True,
s-003,after_one_actual_history_call,8,10,1,1456.6742791919999,0.0,0.0,0.0,2658.679806554923,0.0,1456.6742791919999,0.0,0.0,0.0,0.005319260060787201,False,True,
s-003,after_one_actual_history_call,9,10,0,-6373.292382259,7992.369396947,11041.452791173,6837.817923836466,2658.679806554923,8228.493370937,1855.2009886779997,0.029543676257030492,0.0,0.0,0.03337608277797699,False,False,
s-003,after_one_actual_history_call,9,10,1,-6373.292382259,7992.369396947,11041.452791173,6837.817923836466,2658.679806554923,8228.493370937,1855.2009886779997,0.029543676257030492,0.0,0.0,0.032070718705654144,False,False,
s-003,after_one_actual_history_call,10,10,0,-30243.051582557,32901.731389112,50669.975233471,26646.237338691306,2658.679806554923,33964.244224154,3721.1926415969974,0.03229352347681041,1062.5128350420746,0.001000061541186895,0.03550294414162636,False,False,0.03550294414162636
s-003,after_one_actual_history_call,10,10,1,-30243.051582557,32901.731389112,50669.975233471,26646.237338691306,2658.679806554923,33964.244224154,3721.1926415969974,0.03229352347681041,1062.5128350420746,0.001000061541186895,0.03621362894773483,False,False,0.03621362894773483
s-004,after_common_greedy_prefix,0,200,0,-6993.351134716,6993.351134716,11150.133243789,5439.352614553817,2658.679806554923,7110.160991333,116.80985661700015,0.016702987504393887,0.0,0.0,0.22223294526338577,False,False,
s-004,after_common_greedy_prefix,0,200,1,-6993.351134716,6993.351134716,11150.133243789,5439.352614553817,2658.679806554923,7110.160991333,116.80985661700015,0.016702987504393887,0.0,0.0,0.22099705412983894,False,False,
s-004,after_common_greedy_prefix,0,1000,0,-6993.351134716,6993.351134716,11150.133243789,5439.352614553817,2658.679806554923,7110.160991333,116.80985661700015,0.016702987504393887,0.0,0.0,1.0205969475209713,False,False,
s-004,after_common_greedy_prefix,0,1000,1,-6993.351134716,6993.351134716,11150.133243789,5439.352614553817,2658.679806554923,7110.160991333,116.80985661700015,0.016702987504393887,0.0,0.0,1.0224473476409912,False,False,
s-004,after_common_greedy_prefix,1,200,0,-29042.382214964,29042.382214964,55328.035721406,25823.855481017385,2658.679806554923,30509.64734859,1467.2651336259987,0.050521514480654235,0.0,0.0,0.22450505942106247,False,False,
s-004,after_common_greedy_prefix,1,200,1,-29042.382214964,29042.382214964,55328.035721406,25823.855481017385,2658.679806554923,30509.64734859,1467.2651336259987,0.050521514480654235,0.0,0.0,0.2230525016784668,False,False,
s-004,after_common_greedy_prefix,1,1000,0,-29042.382214964,29042.382214964,55328.035721406,25823.855481017385,2658.679806554923,30509.64734859,1467.2651336259987,0.050521514480654235,0.0,0.0,1.0253966860473156,False,False,
s-004,after_common_greedy_prefix,1,1000,1,-29042.382214964,29042.382214964,55328.035721406,25823.855481017385,2658.679806554923,30509.64734859,1467.2651336259987,0.050521514480654235,0.0,0.0,1.0235956721007824,False,False,
s-004,after_common_greedy_prefix,2,200,0,439.57287407399997,0.0,0.0,0.0,2658.679806554923,0.0,439.57287407399997,0.0,0.0,0.0,0.006601780652999878,False,True,
s-004,after_common_greedy_prefix,2,200,1,439.57287407399997,0.0,0.0,0.0,2658.679806554923,0.0,439.57287407399997,0.0,0.0,0.0,0.006271388381719589,False,True,
s-004,after_common_greedy_prefix,2,1000,0,439.57287407399997,0.0,0.0,0.0,2658.679806554923,0.0,439.57287407399997,0.0,0.0,0.0,0.006009496748447418,False,True,
s-004,after_common_greedy_prefix,2,1000,1,439.57287407399997,0.0,0.0,0.0,2658.679806554923,0.0,439.57287407399997,0.0,0.0,0.0,0.005447518080472946,False,True,
s-004,after_common_greedy_prefix,3,200,0,-7054.099726668001,7493.672600742,11852.468359874,6077.990993449338,2658.679806554923,7681.536018273,627.4362916049995,0.025069605724754803,0.0,0.0,0.22127826884388924,False,False,
s-004,after_common_greedy_prefix,3,200,1,-7054.099726668001,7493.672600742,11852.468359874,6077.990993449338,2658.679806554923,7681.536018273,627.4362916049995,0.025069605724754803,0.0,0.0,0.22213254868984222,False,False,
s-004,after_common_greedy_prefix,3,1000,0,-7054.099726668001,7493.672600742,11852.468359874,6077.990993449338,2658.679806554923,7681.536018273,627.4362916049995,0.025069605724754803,0.0,0.0,1.0217578560113907,False,False,
s-004,after_common_greedy_prefix,3,1000,1,-7054.099726668001,7493.672600742,11852.468359874,6077.990993449338,2658.679806554923,7681.536018273,627.4362916049995,0.025069605724754803,0.0,0.0,1.019886378198862,False,False,
s-004,after_common_greedy_prefix,4,200,0,-31106.489978105,31546.062852179,53702.880480617,26165.45697377931,2658.679806554923,32836.116891017,1729.626912912001,0.040894296219564356,0.0,0.0,0.22604145854711533,False,False,
s-004,after_common_greedy_prefix,4,200,1,-31106.489978105,31546.062852179,53702.880480617,26165.45697377931,2658.679806554923,32836.116891017,1729.626912912001,0.040894296219564356,0.0,0.0,0.22569312900304794,False,False,
s-004,after_common_greedy_prefix,4,1000,0,-31106.489978105,31546.062852179,53702.880480617,26165.45697377931,2658.679806554923,32836.116891017,1729.626912912001,0.040894296219564356,0.0,0.0,1.0266883224248886,False,False,
s-004,after_common_greedy_prefix,4,1000,1,-31106.489978105,31546.062852179,53702.880480617,26165.45697377931,2658.679806554923,32836.116891017,1729.626912912001,0.040894296219564356,0.0,0.0,1.0269347839057446,False,False,
s-004,after_common_greedy_prefix,5,200,0,808.189559117,0.0,0.0,0.0,2658.679806554923,0.0,808.189559117,0.0,0.0,0.0,0.005612414330244064,False,True,
s-004,after_common_greedy_prefix,5,200,1,808.189559117,0.0,0.0,0.0,2658.679806554923,0.0,808.189559117,0.0,0.0,0.0,0.005539584904909134,False,True,
s-004,after_common_greedy_prefix,5,1000,0,808.189559117,0.0,0.0,0.0,2658.679806554923,0.0,808.189559117,0.0,0.0,0.0,0.006069231778383255,False,True,
s-004,after_common_greedy_prefix,5,1000,1,808.189559117,0.0,0.0,0.0,2658.679806554923,0.0,808.189559117,0.0,0.0,0.0,0.00598549097776413,False,True,
s-004,after_common_greedy_prefix,6,200,0,-7021.777102333999,7992.369396947,11041.452791173,6837.817923836466,2658.679806554923,8228.493370937,1206.7162686030006,0.029543676257030492,0.0,0.0,0.22088291496038437,False,False,
s-004,after_common_greedy_prefix,6,200,1,-7021.777102333999,7992.369396947,11041.452791173,6837.817923836466,2658.679806554923,8228.493370937,1206.7162686030006,0.029543676257030492,0.0,0.0,0.22089584171772003,False,False,
s-004,after_common_greedy_prefix,6,1000,0,-7021.777102333999,7992.369396947,11041.452791173,6837.817923836466,2658.679806554923,8228.493370937,1206.7162686030006,0.029543676257030492,0.0,0.0,1.019755531102419,False,False,
s-004,after_common_greedy_prefix,6,1000,1,-7021.777102333999,7992.369396947,11041.452791173,6837.817923836466,2658.679806554923,8228.493370937,1206.7162686030006,0.029543676257030492,0.0,0.0,1.0223636031150818,False,False,
s-004,after_common_greedy_prefix,7,200,0,-29777.309021515,30653.468796414,47135.298778096,24652.603339460205,2658.679806554923,31877.170010105998,2099.8609885909973,0.03992048083756033,0.0,0.0,0.22371311113238335,False,False,
s-004,after_common_greedy_prefix,7,200,1,-29777.309021515,30653.468796414,47135.298778096,24652.603339460205,2658.679806554923,31877.170010105998,2099.8609885909973,0.03992048083756033,0.0,0.0,0.22379399091005325,False,False,
s-004,after_common_greedy_prefix,7,1000,0,-29777.309021515,30653.468796414,47135.298778096,24652.603339460205,2658.679806554923,31877.170010105998,2099.8609885909973,0.03992048083756033,0.0,0.0,1.0243806652724743,False,False,
s-004,after_common_greedy_prefix,7,1000,1,-29777.309021515,30653.468796414,47135.298778096,24652.603339460205,2658.679806554923,31877.170010105998,2099.8609885909973,0.03992048083756033,0.0,0.0,1.023525569587946,False,False,
s-004,after_common_greedy_prefix,8,200,0,1456.6742791919999,0.0,0.0,0.0,2658.679806554923,0.0,1456.6742791919999,0.0,0.0,0.0,0.005832824856042862,False,True,
s-004,after_common_greedy_prefix,8,200,1,1456.6742791919999,0.0,0.0,0.0,2658.679806554923,0.0,1456.6742791919999,0.0,0.0,0.0,0.006517469882965088,False,True,
s-004,after_common_greedy_prefix,8,1000,0,1456.6742791919999,0.0,0.0,0.0,2658.679806554923,0.0,1456.6742791919999,0.0,0.0,0.0,0.006469700485467911,False,True,
s-004,after_common_greedy_prefix,8,1000,1,1456.6742791919999,0.0,0.0,0.0,2658.679806554923,0.0,1456.6742791919999,0.0,0.0,0.0,0.0067838095128536224,False,True,
s-004,after_common_greedy_prefix,9,200,0,-6373.292382259,7992.369396947,11041.452791173,6837.817923836466,2658.679806554923,8228.493370937,1855.2009886779997,0.029543676257030492,0.0,0.0,0.2244657501578331,False,False,
s-004,after_common_greedy_prefix,9,200,1,-6373.292382259,7992.369396947,11041.452791173,6837.817923836466,2658.679806554923,8228.493370937,1855.2009886779997,0.029543676257030492,0.0,0.0,0.2229982651770115,False,False,
s-004,after_common_greedy_prefix,9,1000,0,-6373.292382259,7992.369396947,11041.452791173,6837.817923836466,2658.679806554923,8228.493370937,1855.2009886779997,0.029543676257030492,0.0,0.0,1.0239189304411411,False,False,
s-004,after_common_greedy_prefix,9,1000,1,-6373.292382259,7992.369396947,11041.452791173,6837.817923836466,2658.679806554923,8228.493370937,1855.2009886779997,0.029543676257030492,0.0,0.0,1.0245740450918674,False,False,
s-004,after_common_greedy_prefix,10,200,0,-30243.051582557,32901.731389112,50669.975233471,26646.237338691306,2658.679806554923,33964.244224154,3721.1926415969974,0.03229352347681041,1062.5128350420746,0.001000061541186895,0.2245260328054428,False,False,0.2245260328054428
s-004,after_common_greedy_prefix,10,200,1,-30243.051582557,32901.731389112,50669.975233471,26646.237338691306,2658.679806554923,33964.244224154,3721.1926415969974,0.03229352347681041,1062.5128350420746,0.001000061541186895,0.22692419216036797,False,False,0.22692419216036797
s-004,after_common_greedy_prefix,10,1000,0,-30243.051582557,32901.731389112,50669.975233471,26646.237338691306,2658.679806554923,33964.244224154,3721.1926415969974,0.03229352347681041,1062.5128350420746,0.001000061541186895,1.026456631720066,False,False,1.026456631720066
s-004,after_common_greedy_prefix,10,1000,1,-30243.051582557,32901.731389112,50669.975233471,26646.237338691306,2658.679806554923,33964.244224154,3721.1926415969974,0.03229352347681041,1062.5128350420746,0.001000061541186895,1.0248435363173485,False,False,1.0248435363173485
s-004,after_common_greedy_prefix,0,50,0,-6993.351134716,6993.351134716,11150.133243789,5439.352614553817,2658.679806554923,7110.160991333,116.80985661700015,0.016702987504393887,0.0,0.0,0.07637477666139603,False,False,
s-004,after_common_greedy_prefix,0,50,1,-6993.351134716,6993.351134716,11150.133243789,5439.352614553817,2658.679806554923,7110.160991333,116.80985661700015,0.016702987504393887,0.0,0.0,0.0746176615357399,False,False,
s-004,after_common_greedy_prefix,1,50,0,-29042.382214964,29042.382214964,55328.035721406,25823.855481017385,2658.679806554923,30454.905597029,1412.5233820649992,0.04863662256112038,0.0,0.0,0.07709093019366264,False,False,
s-004,after_common_greedy_prefix,1,50,1,-29042.382214964,29042.382214964,55328.035721406,25823.855481017385,2658.679806554923,30454.905597029,1412.5233820649992,0.04863662256112038,0.0,0.0,0.07681912928819656,False,False,
s-004,after_common_greedy_prefix,2,50,0,439.57287407399997,0.0,0.0,0.0,2658.679806554923,0.0,439.57287407399997,0.0,0.0,0.0,0.005343355238437653,False,True,
s-004,after_common_greedy_prefix,2,50,1,439.57287407399997,0.0,0.0,0.0,2658.679806554923,0.0,439.57287407399997,0.0,0.0,0.0,0.005275458097457886,False,True,
s-004,after_common_greedy_prefix,3,50,0,-7054.099726668001,7493.672600742,11852.468359874,6077.990993449338,2658.679806554923,7681.536018273,627.4362916049995,0.025069605724754803,0.0,0.0,0.07435468211770058,False,False,
s-004,after_common_greedy_prefix,3,50,1,-7054.099726668001,7493.672600742,11852.468359874,6077.990993449338,2658.679806554923,7681.536018273,627.4362916049995,0.025069605724754803,0.0,0.0,0.07418571040034294,False,False,
s-004,after_common_greedy_prefix,4,50,0,-31106.489978105,31546.062852179,53702.880480617,26165.45697377931,2658.679806554923,32836.116891017,1729.626912912001,0.040894296219564356,0.0,0.0,0.0770803652703762,False,False,
s-004,after_common_greedy_prefix,4,50,1,-31106.489978105,31546.062852179,53702.880480617,26165.45697377931,2658.679806554923,32836.116891017,1729.626912912001,0.040894296219564356,0.0,0.0,0.07685698941349983,False,False,
s-004,after_common_greedy_prefix,5,50,0,808.189559117,0.0,0.0,0.0,2658.679806554923,0.0,808.189559117,0.0,0.0,0.0,0.005310073494911194,False,True,
s-004,after_common_greedy_prefix,5,50,1,808.189559117,0.0,0.0,0.0,2658.679806554923,0.0,808.189559117,0.0,0.0,0.0,0.005221668630838394,False,True,
s-004,after_common_greedy_prefix,6,50,0,-7021.777102333999,7992.369396947,11041.452791173,6837.817923836466,2658.679806554923,8228.493370937,1206.7162686030006,0.029543676257030492,0.0,0.0,0.07416648790240288,False,False,
s-004,after_common_greedy_prefix,6,50,1,-7021.777102333999,7992.369396947,11041.452791173,6837.817923836466,2658.679806554923,8228.493370937,1206.7162686030006,0.029543676257030492,0.0,0.0,0.07499831542372704,False,False,
s-004,after_common_greedy_prefix,7,50,0,-29777.309021515,30653.468796414,47135.298778096,24652.603339460205,2658.679806554923,31877.170010105998,2099.8609885909973,0.03992048083756033,0.0,0.0,0.07726053893566132,False,False,
s-004,after_common_greedy_prefix,7,50,1,-29777.309021515,30653.468796414,47135.298778096,24652.603339460205,2658.679806554923,31877.170010105998,2099.8609885909973,0.03992048083756033,0.0,0.0,0.07782977446913719,False,False,
s-004,after_common_greedy_prefix,8,50,0,1456.6742791919999,0.0,0.0,0.0,2658.679806554923,0.0,1456.6742791919999,0.0,0.0,0.0,0.005403582006692886,False,True,
s-004,after_common_greedy_prefix,8,50,1,1456.6742791919999,0.0,0.0,0.0,2658.679806554923,0.0,1456.6742791919999,0.0,0.0,0.0,0.005371525883674622,False,True,
s-004,after_common_greedy_prefix,9,50,0,-6373.292382259,7992.369396947,11041.452791173,6837.817923836466,2658.679806554923,8228.493370937,1855.2009886779997,0.029543676257030492,0.0,0.0,0.0744846947491169,False,False,
s-004,after_common_greedy_prefix,9,50,1,-6373.292382259,7992.369396947,11041.452791173,6837.817923836466,2658.679806554923,8228.493370937,1855.2009886779997,0.029543676257030492,0.0,0.0,0.07494058832526207,False,False,
s-004,after_common_greedy_prefix,10,50,0,-30243.051582557,32901.731389112,50669.975233471,26646.237338691306,2658.679806554923,33964.244224154,3721.1926415969974,0.03229352347681041,1062.5128350420746,0.001000061541186895,0.07750328257679939,False,False,0.07750328257679939
s-004,after_common_greedy_prefix,10,50,1,-30243.051582557,32901.731389112,50669.975233471,26646.237338691306,2658.679806554923,33964.244224154,3721.1926415969974,0.03229352347681041,1062.5128350420746,0.001000061541186895,0.07681995630264282,False,False,0.07681995630264282
s-004,after_common_greedy_prefix,0,10,0,-6993.351134716,6993.351134716,11150.133243789,5439.352614553817,2658.679806554923,7110.160991333,116.80985661700015,0.016702987504393887,0.0,0.0,0.03791758790612221,False,False,
s-004,after_common_greedy_prefix,0,10,1,-6993.351134716,6993.351134716,11150.133243789,5439.352614553817,2658.679806554923,7110.160991333,116.80985661700015,0.016702987504393887,0.0,0.0,0.0352211557328701,False,False,
s-004,after_common_greedy_prefix,1,10,0,-29042.382214964,29042.382214964,55328.035721406,25823.855481017385,2658.679806554923,30454.905597029,1412.5233820649992,0.04863662256112038,0.0,0.0,0.03861578181385994,False,False,
s-004,after_common_greedy_prefix,1,10,1,-29042.382214964,29042.382214964,55328.035721406,25823.855481017385,2658.679806554923,30454.905597029,1412.5233820649992,0.04863662256112038,0.0,0.0,0.03713826462626457,False,False,
s-004,after_common_greedy_prefix,2,10,0,439.57287407399997,0.0,0.0,0.0,2658.679806554923,0.0,439.57287407399997,0.0,0.0,0.0,0.005287978798151016,False,True,
s-004,after_common_greedy_prefix,2,10,1,439.57287407399997,0.0,0.0,0.0,2658.679806554923,0.0,439.57287407399997,0.0,0.0,0.0,0.005257759243249893,False,True,
s-004,after_common_greedy_prefix,3,10,0,-7054.099726668001,7493.672600742,11852.468359874,6077.990993449338,2658.679806554923,7681.536018273,627.4362916049995,0.025069605724754803,0.0,0.0,0.03537825495004654,False,False,
s-004,after_common_greedy_prefix,3,10,1,-7054.099726668001,7493.672600742,11852.468359874,6077.990993449338,2658.679806554923,7681.536018273,627.4362916049995,0.025069605724754803,0.0,0.0,0.03553960472345352,False,False,
s-004,after_common_greedy_prefix,4,10,0,-31106.489978105,31546.062852179,53702.880480617,26165.45697377931,2658.679806554923,32780.090996488,1673.6010183829967,0.039118293464750396,0.0,0.0,0.03764515742659569,False,False,
s-004,after_common_greedy_prefix,4,10,1,-31106.489978105,31546.062852179,53702.880480617,26165.45697377931,2658.679806554923,32780.090996488,1673.6010183829967,0.039118293464750396,0.0,0.0,0.03748684376478195,False,False,
s-004,after_common_greedy_prefix,5,10,0,808.189559117,0.0,0.0,0.0,2658.679806554923,0.0,808.189559117,0.0,0.0,0.0,0.00539020448923111,False,True,
s-004,after_common_greedy_prefix,5,10,1,808.189559117,0.0,0.0,0.0,2658.679806554923,0.0,808.189559117,0.0,0.0,0.0,0.0054073333740234375,False,True,
s-004,after_common_greedy_prefix,6,10,0,-7021.777102333999,7992.369396947,11041.452791173,6837.817923836466,2658.679806554923,8228.493370937,1206.7162686030006,0.029543676257030492,0.0,0.0,0.0355868861079216,False,False,
s-004,after_common_greedy_prefix,6,10,1,-7021.777102333999,7992.369396947,11041.452791173,6837.817923836466,2658.679806554923,8228.493370937,1206.7162686030006,0.029543676257030492,0.0,0.0,0.03477951139211655,False,False,
s-004,after_common_greedy_prefix,7,10,0,-29777.309021515,30653.468796414,47135.298778096,24652.603339460205,2658.679806554923,31877.170010105998,2099.8609885909973,0.03992048083756033,0.0,0.0,0.036448895931243896,False,False,
s-004,after_common_greedy_prefix,7,10,1,-29777.309021515,30653.468796414,47135.298778096,24652.603339460205,2658.679806554923,31877.170010105998,2099.8609885909973,0.03992048083756033,0.0,0.0,0.036033663898706436,False,False,
s-004,after_common_greedy_prefix,8,10,0,1456.6742791919999,0.0,0.0,0.0,2658.679806554923,0.0,1456.6742791919999,0.0,0.0,0.0,0.005379833281040192,False,True,
s-004,after_common_greedy_prefix,8,10,1,1456.6742791919999,0.0,0.0,0.0,2658.679806554923,0.0,1456.6742791919999,0.0,0.0,0.0,0.00528847798705101,False,True,
s-004,after_common_greedy_prefix,9,10,0,-6373.292382259,7992.369396947,11041.452791173,6837.817923836466,2658.679806554923,8228.493370937,1855.2009886779997,0.029543676257030492,0.0,0.0,0.034089311957359314,False,False,
s-004,after_common_greedy_prefix,9,10,1,-6373.292382259,7992.369396947,11041.452791173,6837.817923836466,2658.679806554923,8228.493370937,1855.2009886779997,0.029543676257030492,0.0,0.0,0.03214552626013756,False,False,
s-004,after_common_greedy_prefix,10,10,0,-30243.051582557,32901.731389112,50669.975233471,26646.237338691306,2658.679806554923,33964.244224154,3721.1926415969974,0.03229352347681041,1062.5128350420746,0.001000061541186895,0.03627258911728859,False,False,0.03627258911728859
s-004,after_common_greedy_prefix,10,10,1,-30243.051582557,32901.731389112,50669.975233471,26646.237338691306,2658.679806554923,33964.244224154,3721.1926415969974,0.03229352347681041,1062.5128350420746,0.001000061541186895,0.03497439995408058,False,False,0.03497439995408058
s-005,after_one_actual_history_call,0,200,0,-6993.351134716,6993.351134716,11150.133243789,5439.352614553817,2658.679806554923,7110.160991333,116.80985661700015,0.016702987504393887,0.0,0.0,0.2222151681780815,False,False,
s-005,after_one_actual_history_call,0,200,1,-6993.351134716,6993.351134716,11150.133243789,5439.352614553817,2658.679806554923,7110.160991333,116.80985661700015,0.016702987504393887,0.0,0.0,0.22172758355736732,False,False,
s-005,after_one_actual_history_call,0,1000,0,-6993.351134716,6993.351134716,11150.133243789,5439.352614553817,2658.679806554923,7110.160991333,116.80985661700015,0.016702987504393887,0.0,0.0,1.0207064151763916,False,False,
s-005,after_one_actual_history_call,0,1000,1,-6993.351134716,6993.351134716,11150.133243789,5439.352614553817,2658.679806554923,7110.160991333,116.80985661700015,0.016702987504393887,0.0,0.0,1.0216647759079933,False,False,
s-005,after_one_actual_history_call,1,200,0,-29042.382214964,29042.382214964,55328.035721406,25823.855481017385,2658.679806554923,30509.64734859,1467.2651336259987,0.050521514480654235,0.0,0.0,0.2249031588435173,False,False,
s-005,after_one_actual_history_call,1,200,1,-29042.382214964,29042.382214964,55328.035721406,25823.855481017385,2658.679806554923,30509.64734859,1467.2651336259987,0.050521514480654235,0.0,0.0,0.22467275708913803,False,False,
s-005,after_one_actual_history_call,1,1000,0,-29042.382214964,29042.382214964,55328.035721406,25823.855481017385,2658.679806554923,30509.64734859,1467.2651336259987,0.050521514480654235,0.0,0.0,1.0251856967806816,False,False,
s-005,after_one_actual_history_call,1,1000,1,-29042.382214964,29042.382214964,55328.035721406,25823.855481017385,2658.679806554923,30509.64734859,1467.2651336259987,0.050521514480654235,0.0,0.0,1.0230840966105461,False,False,
s-005,after_one_actual_history_call,2,200,0,439.57287407399997,0.0,0.0,0.0,2658.679806554923,0.0,439.57287407399997,0.0,0.0,0.0,0.003798767924308777,False,True,
s-005,after_one_actual_history_call,2,200,1,439.57287407399997,0.0,0.0,0.0,2658.679806554923,0.0,439.57287407399997,0.0,0.0,0.0,0.0038361214101314545,False,True,
s-005,after_one_actual_history_call,2,1000,0,439.57287407399997,0.0,0.0,0.0,2658.679806554923,0.0,439.57287407399997,0.0,0.0,0.0,0.006040684878826141,False,True,
s-005,after_one_actual_history_call,2,1000,1,439.57287407399997,0.0,0.0,0.0,2658.679806554923,0.0,439.57287407399997,0.0,0.0,0.0,0.005742035806179047,False,True,
s-005,after_one_actual_history_call,3,200,0,-7054.099726668001,7493.672600742,11852.468359874,6077.990993449338,2658.679806554923,7681.536018273,627.4362916049995,0.025069605724754803,0.0,0.0,0.22062991932034492,False,False,
s-005,after_one_actual_history_call,3,200,1,-7054.099726668001,7493.672600742,11852.468359874,6077.990993449338,2658.679806554923,7681.536018273,627.4362916049995,0.025069605724754803,0.0,0.0,0.22116820141673088,False,False,
s-005,after_one_actual_history_call,3,1000,0,-7054.099726668001,7493.672600742,11852.468359874,6077.990993449338,2658.679806554923,7681.536018273,627.4362916049995,0.025069605724754803,0.0,0.0,1.022296965122223,False,False,
s-005,after_one_actual_history_call,3,1000,1,-7054.099726668001,7493.672600742,11852.468359874,6077.990993449338,2658.679806554923,7681.536018273,627.4362916049995,0.025069605724754803,0.0,0.0,1.0215255580842495,False,False,
s-005,after_one_actual_history_call,4,200,0,-31106.489978105,31546.062852179,53702.880480617,26165.45697377931,2658.679806554923,32836.116891017,1729.626912912001,0.040894296219564356,0.0,0.0,0.22432593256235123,False,False,
s-005,after_one_actual_history_call,4,200,1,-31106.489978105,31546.062852179,53702.880480617,26165.45697377931,2658.679806554923,32836.116891017,1729.626912912001,0.040894296219564356,0.0,0.0,0.22455855458974838,False,False,
s-005,after_one_actual_history_call,4,1000,0,-31106.489978105,31546.062852179,53702.880480617,26165.45697377931,2658.679806554923,32836.116891017,1729.626912912001,0.040894296219564356,0.0,0.0,1.0243572928011417,False,False,
s-005,after_one_actual_history_call,4,1000,1,-31106.489978105,31546.062852179,53702.880480617,26165.45697377931,2658.679806554923,32836.116891017,1729.626912912001,0.040894296219564356,0.0,0.0,1.026613436639309,False,False,
s-005,after_one_actual_history_call,5,200,0,808.189559117,0.0,0.0,0.0,2658.679806554923,0.0,808.189559117,0.0,0.0,0.0,0.005923744291067123,False,True,
s-005,after_one_actual_history_call,5,200,1,808.189559117,0.0,0.0,0.0,2658.679806554923,0.0,808.189559117,0.0,0.0,0.0,0.00631922110915184,False,True,
s-005,after_one_actual_history_call,5,1000,0,808.189559117,0.0,0.0,0.0,2658.679806554923,0.0,808.189559117,0.0,0.0,0.0,0.006491687148809433,False,True,
s-005,after_one_actual_history_call,5,1000,1,808.189559117,0.0,0.0,0.0,2658.679806554923,0.0,808.189559117,0.0,0.0,0.0,0.00530417263507843,False,True,
s-005,after_one_actual_history_call,6,200,0,-7021.777102333999,7992.369396947,11041.452791173,6837.817923836466,2658.679806554923,8228.493370937,1206.7162686030006,0.029543676257030492,0.0,0.0,0.22060953825712204,False,False,
s-005,after_one_actual_history_call,6,200,1,-7021.777102333999,7992.369396947,11041.452791173,6837.817923836466,2658.679806554923,8228.493370937,1206.7162686030006,0.029543676257030492,0.0,0.0,0.2214839719235897,False,False,
s-005,after_one_actual_history_call,6,1000,0,-7021.777102333999,7992.369396947,11041.452791173,6837.817923836466,2658.679806554923,8228.493370937,1206.7162686030006,0.029543676257030492,0.0,0.0,1.0209119655191898,False,False,
s-005,after_one_actual_history_call,6,1000,1,-7021.777102333999,7992.369396947,11041.452791173,6837.817923836466,2658.679806554923,8228.493370937,1206.7162686030006,0.029543676257030492,0.0,0.0,1.0203549936413765,False,False,
s-005,after_one_actual_history_call,7,200,0,-29777.309021515,30653.468796414,47135.298778096,24652.603339460205,2658.679806554923,31877.170010105998,2099.8609885909973,0.03992048083756033,0.0,0.0,0.226109579205513,False,False,
s-005,after_one_actual_history_call,7,200,1,-29777.309021515,30653.468796414,47135.298778096,24652.603339460205,2658.679806554923,31877.170010105998,2099.8609885909973,0.03992048083756033,0.0,0.0,0.22230908647179604,False,False,
s-005,after_one_actual_history_call,7,1000,0,-29777.309021515,30653.468796414,47135.298778096,24652.603339460205,2658.679806554923,31877.170010105998,2099.8609885909973,0.03992048083756033,0.0,0.0,1.0238459557294846,False,False,
s-005,after_one_actual_history_call,7,1000,1,-29777.309021515,30653.468796414,47135.298778096,24652.603339460205,2658.679806554923,31877.170010105998,2099.8609885909973,0.03992048083756033,0.0,0.0,1.023308027535677,False,False,
s-005,after_one_actual_history_call,8,200,0,1456.6742791919999,0.0,0.0,0.0,2658.679806554923,0.0,1456.6742791919999,0.0,0.0,0.0,0.00535983219742775,False,True,
s-005,after_one_actual_history_call,8,200,1,1456.6742791919999,0.0,0.0,0.0,2658.679806554923,0.0,1456.6742791919999,0.0,0.0,0.0,0.0052901096642017365,False,True,
s-005,after_one_actual_history_call,8,1000,0,1456.6742791919999,0.0,0.0,0.0,2658.679806554923,0.0,1456.6742791919999,0.0,0.0,0.0,0.005320046097040176,False,True,
s-005,after_one_actual_history_call,8,1000,1,1456.6742791919999,0.0,0.0,0.0,2658.679806554923,0.0,1456.6742791919999,0.0,0.0,0.0,0.00527292862534523,False,True,
s-005,after_one_actual_history_call,9,200,0,-6373.292382259,7992.369396947,11041.452791173,6837.817923836466,2658.679806554923,8228.493370937,1855.2009886779997,0.029543676257030492,0.0,0.0,0.22273089736700058,False,False,
s-005,after_one_actual_history_call,9,200,1,-6373.292382259,7992.369396947,11041.452791173,6837.817923836466,2658.679806554923,8228.493370937,1855.2009886779997,0.029543676257030492,0.0,0.0,0.22181963548064232,False,False,
s-005,after_one_actual_history_call,9,1000,0,-6373.292382259,7992.369396947,11041.452791173,6837.817923836466,2658.679806554923,8228.493370937,1855.2009886779997,0.029543676257030492,0.0,0.0,1.0205731056630611,False,False,
s-005,after_one_actual_history_call,9,1000,1,-6373.292382259,7992.369396947,11041.452791173,6837.817923836466,2658.679806554923,8228.493370937,1855.2009886779997,0.029543676257030492,0.0,0.0,1.0191994719207287,False,False,
s-005,after_one_actual_history_call,10,200,0,-30243.051582557,32901.731389112,50669.975233471,26646.237338691306,2658.679806554923,33964.244224154,3721.1926415969974,0.03229352347681041,1062.5128350420746,0.001000061541186895,0.22377806156873703,False,False,0.22377806156873703
s-005,after_one_actual_history_call,10,200,1,-30243.051582557,32901.731389112,50669.975233471,26646.237338691306,2658.679806554923,33964.244224154,3721.1926415969974,0.03229352347681041,1062.5128350420746,0.001000061541186895,0.2239287719130516,False,False,0.2239287719130516
s-005,after_one_actual_history_call,10,1000,0,-30243.051582557,32901.731389112,50669.975233471,26646.237338691306,2658.679806554923,33964.244224154,3721.1926415969974,0.03229352347681041,1062.5128350420746,0.001000061541186895,1.0236489288508892,False,False,1.0236489288508892
s-005,after_one_actual_history_call,10,1000,1,-30243.051582557,32901.731389112,50669.975233471,26646.237338691306,2658.679806554923,33964.244224154,3721.1926415969974,0.03229352347681041,1062.5128350420746,0.001000061541186895,1.0232577621936798,False,False,1.0232577621936798
s-005,after_one_actual_history_call,0,50,0,-6993.351134716,6993.351134716,11150.133243789,5439.352614553817,2658.679806554923,7110.160991333,116.80985661700015,0.016702987504393887,0.0,0.0,0.07599510625004768,False,False,
s-005,after_one_actual_history_call,0,50,1,-6993.351134716,6993.351134716,11150.133243789,5439.352614553817,2658.679806554923,7110.160991333,116.80985661700015,0.016702987504393887,0.0,0.0,0.07514103129506111,False,False,
s-005,after_one_actual_history_call,1,50,0,-29042.382214964,29042.382214964,55328.035721406,25823.855481017385,2658.679806554923,30454.905597029,1412.5233820649992,0.04863662256112038,0.0,0.0,0.07858273386955261,False,False,
s-005,after_one_actual_history_call,1,50,1,-29042.382214964,29042.382214964,55328.035721406,25823.855481017385,2658.679806554923,30454.905597029,1412.5233820649992,0.04863662256112038,0.0,0.0,0.0761263445019722,False,False,
s-005,after_one_actual_history_call,2,50,0,439.57287407399997,0.0,0.0,0.0,2658.679806554923,0.0,439.57287407399997,0.0,0.0,0.0,0.005362946540117264,False,True,
s-005,after_one_actual_history_call,2,50,1,439.57287407399997,0.0,0.0,0.0,2658.679806554923,0.0,439.57287407399997,0.0,0.0,0.0,0.00530107319355011,False,True,
s-005,after_one_actual_history_call,3,50,0,-7054.099726668001,7493.672600742,11852.468359874,6077.990993449338,2658.679806554923,7681.536018273,627.4362916049995,0.025069605724754803,0.0,0.0,0.07452437654137611,False,False,
s-005,after_one_actual_history_call,3,50,1,-7054.099726668001,7493.672600742,11852.468359874,6077.990993449338,2658.679806554923,7681.536018273,627.4362916049995,0.025069605724754803,0.0,0.0,0.07439009100198746,False,False,
s-005,after_one_actual_history_call,4,50,0,-31106.489978105,31546.062852179,53702.880480617,26165.45697377931,2658.679806554923,32836.116891017,1729.626912912001,0.040894296219564356,0.0,0.0,0.07740525901317596,False,False,
s-005,after_one_actual_history_call,4,50,1,-31106.489978105,31546.062852179,53702.880480617,26165.45697377931,2658.679806554923,32836.116891017,1729.626912912001,0.040894296219564356,0.0,0.0,0.07716580480337143,False,False,
s-005,after_one_actual_history_call,5,50,0,808.189559117,0.0,0.0,0.0,2658.679806554923,0.0,808.189559117,0.0,0.0,0.0,0.005577366799116135,False,True,
s-005,after_one_actual_history_call,5,50,1,808.189559117,0.0,0.0,0.0,2658.679806554923,0.0,808.189559117,0.0,0.0,0.0,0.005520045757293701,False,True,
s-005,after_one_actual_history_call,6,50,0,-7021.777102333999,7992.369396947,11041.452791173,6837.817923836466,2658.679806554923,8228.493370937,1206.7162686030006,0.029543676257030492,0.0,0.0,0.07435599714517593,False,False,
s-005,after_one_actual_history_call,6,50,1,-7021.777102333999,7992.369396947,11041.452791173,6837.817923836466,2658.679806554923,8228.493370937,1206.7162686030006,0.029543676257030492,0.0,0.0,0.07433851435780525,False,False,
s-005,after_one_actual_history_call,7,50,0,-29777.309021515,30653.468796414,47135.298778096,24652.603339460205,2658.679806554923,31877.170010105998,2099.8609885909973,0.03992048083756033,0.0,0.0,0.07708704099059105,False,False,
s-005,after_one_actual_history_call,7,50,1,-29777.309021515,30653.468796414,47135.298778096,24652.603339460205,2658.679806554923,31877.170010105998,2099.8609885909973,0.03992048083756033,0.0,0.0,0.07674955204129219,False,False,
s-005,after_one_actual_history_call,8,50,0,1456.6742791919999,0.0,0.0,0.0,2658.679806554923,0.0,1456.6742791919999,0.0,0.0,0.0,0.005489062517881393,False,True,
s-005,after_one_actual_history_call,8,50,1,1456.6742791919999,0.0,0.0,0.0,2658.679806554923,0.0,1456.6742791919999,0.0,0.0,0.0,0.005437828600406647,False,True,
s-005,after_one_actual_history_call,9,50,0,-6373.292382259,7992.369396947,11041.452791173,6837.817923836466,2658.679806554923,8228.493370937,1855.2009886779997,0.029543676257030492,0.0,0.0,0.07499964907765388,False,False,
s-005,after_one_actual_history_call,9,50,1,-6373.292382259,7992.369396947,11041.452791173,6837.817923836466,2658.679806554923,8228.493370937,1855.2009886779997,0.029543676257030492,0.0,0.0,0.07541026547551155,False,False,
s-005,after_one_actual_history_call,10,50,0,-30243.051582557,32901.731389112,50669.975233471,26646.237338691306,2658.679806554923,33964.244224154,3721.1926415969974,0.03229352347681041,1062.5128350420746,0.001000061541186895,0.07769696786999702,False,False,0.07769696786999702
s-005,after_one_actual_history_call,10,50,1,-30243.051582557,32901.731389112,50669.975233471,26646.237338691306,2658.679806554923,33964.244224154,3721.1926415969974,0.03229352347681041,1062.5128350420746,0.001000061541186895,0.07705942541360855,False,False,0.07705942541360855
s-005,after_one_actual_history_call,0,10,0,-6993.351134716,6993.351134716,11150.133243789,5439.352614553817,2658.679806554923,7110.160991333,116.80985661700015,0.016702987504393887,0.0,0.0,0.03466857597231865,False,False,
s-005,after_one_actual_history_call,0,10,1,-6993.351134716,6993.351134716,11150.133243789,5439.352614553817,2658.679806554923,7110.160991333,116.80985661700015,0.016702987504393887,0.0,0.0,0.03335903584957123,False,False,
s-005,after_one_actual_history_call,1,10,0,-29042.382214964,29042.382214964,55328.035721406,25823.855481017385,2658.679806554923,30454.905597029,1412.5233820649992,0.04863662256112038,0.0,0.0,0.03686686232686043,False,False,
s-005,after_one_actual_history_call,1,10,1,-29042.382214964,29042.382214964,55328.035721406,25823.855481017385,2658.679806554923,30454.905597029,1412.5233820649992,0.04863662256112038,0.0,0.0,0.036250971257686615,False,False,
s-005,after_one_actual_history_call,2,10,0,439.57287407399997,0.0,0.0,0.0,2658.679806554923,0.0,439.57287407399997,0.0,0.0,0.0,0.005317281931638718,False,True,
s-005,after_one_actual_history_call,2,10,1,439.57287407399997,0.0,0.0,0.0,2658.679806554923,0.0,439.57287407399997,0.0,0.0,0.0,0.005245771259069443,False,True,
s-005,after_one_actual_history_call,3,10,0,-7054.099726668001,7493.672600742,11852.468359874,6077.990993449338,2658.679806554923,7681.536018273,627.4362916049995,0.025069605724754803,0.0,0.0,0.033547293394804,False,False,
s-005,after_one_actual_history_call,3,10,1,-7054.099726668001,7493.672600742,11852.468359874,6077.990993449338,2658.679806554923,7681.536018273,627.4362916049995,0.025069605724754803,0.0,0.0,0.03261725232005119,False,False,
s-005,after_one_actual_history_call,4,10,0,-31106.489978105,31546.062852179,53702.880480617,26165.45697377931,2658.679806554923,32780.090996488,1673.6010183829967,0.039118293464750396,0.0,0.0,0.03511174023151398,False,False,
s-005,after_one_actual_history_call,4,10,1,-31106.489978105,31546.062852179,53702.880480617,26165.45697377931,2658.679806554923,32780.090996488,1673.6010183829967,0.039118293464750396,0.0,0.0,0.03580518811941147,False,False,
s-005,after_one_actual_history_call,5,10,0,808.189559117,0.0,0.0,0.0,2658.679806554923,0.0,808.189559117,0.0,0.0,0.0,0.005406543612480164,False,True,
s-005,after_one_actual_history_call,5,10,1,808.189559117,0.0,0.0,0.0,2658.679806554923,0.0,808.189559117,0.0,0.0,0.0,0.00530807301402092,False,True,
s-005,after_one_actual_history_call,6,10,0,-7021.777102333999,7992.369396947,11041.452791173,6837.817923836466,2658.679806554923,8228.493370937,1206.7162686030006,0.029543676257030492,0.0,0.0,0.03291820362210274,False,False,
s-005,after_one_actual_history_call,6,10,1,-7021.777102333999,7992.369396947,11041.452791173,6837.817923836466,2658.679806554923,8228.493370937,1206.7162686030006,0.029543676257030492,0.0,0.0,0.03170763701200485,False,False,
s-005,after_one_actual_history_call,7,10,0,-29777.309021515,30653.468796414,47135.298778096,24652.603339460205,2658.679806554923,31877.170010105998,2099.8609885909973,0.03992048083756033,0.0,0.0,0.0365438386797905,False,False,
s-005,after_one_actual_history_call,7,10,1,-29777.309021515,30653.468796414,47135.298778096,24652.603339460205,2658.679806554923,31877.170010105998,2099.8609885909973,0.03992048083756033,0.0,0.0,0.03521525487303734,False,False,
s-005,after_one_actual_history_call,8,10,0,1456.6742791919999,0.0,0.0,0.0,2658.679806554923,0.0,1456.6742791919999,0.0,0.0,0.0,0.00534483790397644,False,True,
s-005,after_one_actual_history_call,8,10,1,1456.6742791919999,0.0,0.0,0.0,2658.679806554923,0.0,1456.6742791919999,0.0,0.0,0.0,0.0053046345710754395,False,True,
s-005,after_one_actual_history_call,9,10,0,-6373.292382259,7992.369396947,11041.452791173,6837.817923836466,2658.679806554923,8228.493370937,1855.2009886779997,0.029543676257030492,0.0,0.0,0.03815269097685814,False,False,
s-005,after_one_actual_history_call,9,10,1,-6373.292382259,7992.369396947,11041.452791173,6837.817923836466,2658.679806554923,8228.493370937,1855.2009886779997,0.029543676257030492,0.0,0.0,0.033635132014751434,False,False,
s-005,after_one_actual_history_call,10,10,0,-30243.051582557,32901.731389112,50669.975233471,26646.237338691306,2658.679806554923,33964.244224154,3721.1926415969974,0.03229352347681041,1062.5128350420746,0.001000061541186895,0.03832617774605751,False,False,0.03832617774605751
s-005,after_one_actual_history_call,10,10,1,-30243.051582557,32901.731389112,50669.975233471,26646.237338691306,2658.679806554923,33964.244224154,3721.1926415969974,0.03229352347681041,1062.5128350420746,0.001000061541186895,0.03545094281435013,False,False,0.03545094281435013
s-006,after_common_greedy_prefix,0,200,0,-7510.088545689,7612.104479927,13177.76160753,5969.977661757616,2658.679806554923,7849.016126574,338.92758088499977,0.031123015622254245,0.0,0.0,0.22272859886288643,False,False,
s-006,after_common_greedy_prefix,0,200,1,-7510.088545689,7612.104479927,13177.76160753,5969.977661757616,2658.679806554923,7849.016126574,338.92758088499977,0.031123015622254245,0.0,0.0,0.22385575249791145,False,False,
s-006,after_common_greedy_prefix,0,1000,0,-7510.088545689,7612.104479927,13177.76160753,5969.977661757616,2658.679806554923,7849.016126574,338.92758088499977,0.031123015622254245,0.0,0.0,1.0237597413361073,False,False,
s-006,after_common_greedy_prefix,0,1000,1,-7510.088545689,7612.104479927,13177.76160753,5969.977661757616,2658.679806554923,7849.016126574,338.92758088499977,0.031123015622254245,0.0,0.0,1.0232394263148308,False,False,
s-006,after_common_greedy_prefix,1,200,0,-30277.632855267,30277.632855267,57295.666984506,26895.34827710872,2658.679806554923,32191.321211595,1913.6883563280026,0.06320468860547344,0.0,0.0,0.22684745863080025,False,False,
s-006,after_common_greedy_prefix,1,200,1,-30277.632855267,30277.632855267,57295.666984506,26895.34827710872,2658.679806554923,32191.321211595,1913.6883563280026,0.06320468860547344,0.0,0.0,0.22643810883164406,False,False,
s-006,after_common_greedy_prefix,1,1000,0,-30277.632855267,30277.632855267,57295.666984506,26895.34827710872,2658.679806554923,32191.321211595,1913.6883563280026,0.06320468860547344,0.0,0.0,1.0257326774299145,False,False,
s-006,after_common_greedy_prefix,1,1000,1,-30277.632855267,30277.632855267,57295.666984506,26895.34827710872,2658.679806554923,32191.321211595,1913.6883563280026,0.06320468860547344,0.0,0.0,1.0240798965096474,False,False,
s-006,after_common_greedy_prefix,2,200,0,439.57287407399997,0.0,0.0,0.0,2658.679806554923,0.0,439.57287407399997,0.0,0.0,0.0,0.006083633750677109,False,True,
s-006,after_common_greedy_prefix,2,200,1,439.57287407399997,0.0,0.0,0.0,2658.679806554923,0.0,439.57287407399997,0.0,0.0,0.0,0.005532748997211456,False,True,
s-006,after_common_greedy_prefix,2,1000,0,439.57287407399997,0.0,0.0,0.0,2658.679806554923,0.0,439.57287407399997,0.0,0.0,0.0,0.005431260913610458,False,True,
s-006,after_common_greedy_prefix,2,1000,1,439.57287407399997,0.0,0.0,0.0,2658.679806554923,0.0,439.57287407399997,0.0,0.0,0.0,0.006857525557279587,False,True,
s-006,after_common_greedy_prefix,3,200,0,-6634.841723176,7074.41459725,9976.027591638,5766.78532247535,2658.679806554923,7074.41459725,439.5728740739996,0.0,0.0,0.0,0.22628944739699364,False,True,
s-006,after_common_greedy_prefix,3,200,1,-6634.841723176,7074.41459725,9976.027591638,5766.78532247535,2658.679806554923,7074.41459725,439.5728740739996,0.0,0.0,0.0,0.22674399986863136,False,True,
s-006,after_common_greedy_prefix,3,1000,0,-6634.841723176,7074.41459725,9976.027591638,5766.78532247535,2658.679806554923,7074.41459725,439.5728740739996,0.0,0.0,0.0,1.024907924234867,False,True,
s-006,after_common_greedy_prefix,3,1000,1,-6634.841723176,7074.41459725,9976.027591638,5766.78532247535,2658.679806554923,7074.41459725,439.5728740739996,0.0,0.0,0.0,1.0229171551764011,False,True,
s-006,after_common_greedy_prefix,4,200,0,-30971.078141753,31410.651015827,55043.838904185,26188.31201095706,2658.679806554923,32700.705054665,1729.6269129119974,0.04107059220733678,0.0,0.0,0.22738859429955482,False,False,
s-006,after_common_greedy_prefix,4,200,1,-30971.078141753,31410.651015827,55043.838904185,26188.31201095706,2658.679806554923,32700.705054665,1729.6269129119974,0.04107059220733678,0.0,0.0,0.23622090741991997,False,False,
s-006,after_common_greedy_prefix,4,1000,0,-30971.078141753,31410.651015827,55043.838904185,26188.31201095706,2658.679806554923,32700.705054665,1729.6269129119974,0.04107059220733678,0.0,0.0,1.0310519523918629,False,False,
s-006,after_common_greedy_prefix,4,1000,1,-30971.078141753,31410.651015827,55043.838904185,26188.31201095706,2658.679806554923,32700.705054665,1729.6269129119974,0.04107059220733678,0.0,0.0,1.0280382670462132,False,False,
s-006,after_common_greedy_prefix,5,200,0,808.189559117,0.0,0.0,0.0,2658.679806554923,0.0,808.189559117,0.0,0.0,0.0,0.007867749780416489,False,True,
s-006,after_common_greedy_prefix,5,200,1,808.189559117,0.0,0.0,0.0,2658.679806554923,0.0,808.189559117,0.0,0.0,0.0,0.007020615041255951,False,True,
s-006,after_common_greedy_prefix,5,1000,0,808.189559117,0.0,0.0,0.0,2658.679806554923,0.0,808.189559117,0.0,0.0,0.0,0.006810177117586136,False,True,
s-006,after_common_greedy_prefix,5,1000,1,808.189559117,0.0,0.0,0.0,2658.679806554923,0.0,808.189559117,0.0,0.0,0.0,0.006222821772098541,False,True,
s-006,after_common_greedy_prefix,6,200,0,-7021.777102333999,7992.369396947,11041.452791173,6837.817923836466,2658.679806554923,8228.493370937,1206.7162686030006,0.029543676257030492,0.0,0.0,0.22362814843654633,False,False,
s-006,after_common_greedy_prefix,6,200,1,-7021.777102333999,7992.369396947,11041.452791173,6837.817923836466,2658.679806554923,8228.493370937,1206.7162686030006,0.029543676257030492,0.0,0.0,0.22036271914839745,False,False,
s-006,after_common_greedy_prefix,6,1000,0,-7021.777102333999,7992.369396947,11041.452791173,6837.817923836466,2658.679806554923,8228.493370937,1206.7162686030006,0.029543676257030492,0.0,0.0,1.0208697095513344,False,False,
s-006,after_common_greedy_prefix,6,1000,1,-7021.777102333999,7992.369396947,11041.452791173,6837.817923836466,2658.679806554923,8228.493370937,1206.7162686030006,0.029543676257030492,0.0,0.0,1.023808479309082,False,False,
s-006,after_common_greedy_prefix,7,200,0,-29906.638875655997,30714.828434773,47636.79075559,25149.29461678439,2658.679806554923,32006.499864247,2099.860988591001,0.04205367554687902,0.0,0.0,0.2276211902499199,False,False,
s-006,after_common_greedy_prefix,7,200,1,-29906.638875655997,30714.828434773,47636.79075559,25149.29461678439,2658.679806554923,32006.499864247,2099.860988591001,0.04205367554687902,0.0,0.0,0.2230239361524582,False,False,
s-006,after_common_greedy_prefix,7,1000,0,-29906.638875655997,30714.828434773,47636.79075559,25149.29461678439,2658.679806554923,32006.499864247,2099.860988591001,0.04205367554687902,0.0,0.0,1.024091675877571,False,False,
s-006,after_common_greedy_prefix,7,1000,1,-29906.638875655997,30714.828434773,47636.79075559,25149.29461678439,2658.679806554923,32006.499864247,2099.860988591001,0.04205367554687902,0.0,0.0,1.0254175141453743,False,False,
s-006,after_common_greedy_prefix,8,200,0,1456.6742791919999,0.0,0.0,0.0,2658.679806554923,0.0,1456.6742791919999,0.0,0.0,0.0,0.0071015916764736176,False,True,
s-006,after_common_greedy_prefix,8,200,1,1456.6742791919999,0.0,0.0,0.0,2658.679806554923,0.0,1456.6742791919999,0.0,0.0,0.0,0.007022794336080551,False,True,
s-006,after_common_greedy_prefix,8,1000,0,1456.6742791919999,0.0,0.0,0.0,2658.679806554923,0.0,1456.6742791919999,0.0,0.0,0.0,0.006854750216007233,False,True,
s-006,after_common_greedy_prefix,8,1000,1,1456.6742791919999,0.0,0.0,0.0,2658.679806554923,0.0,1456.6742791919999,0.0,0.0,0.0,0.00667310506105423,False,True,
s-006,after_common_greedy_prefix,9,200,0,-6373.292382259,7992.369396947,11041.452791173,6837.817923836466,2658.679806554923,8228.493370937,1855.2009886779997,0.029543676257030492,0.0,0.0,0.224374670535326,False,False,
s-006,after_common_greedy_prefix,9,200,1,-6373.292382259,7992.369396947,11041.452791173,6837.817923836466,2658.679806554923,8228.493370937,1855.2009886779997,0.029543676257030492,0.0,0.0,0.2245132178068161,False,False,
s-006,after_common_greedy_prefix,9,1000,0,-6373.292382259,7992.369396947,11041.452791173,6837.817923836466,2658.679806554923,8228.493370937,1855.2009886779997,0.029543676257030492,0.0,0.0,1.023463238030672,False,False,
s-006,after_common_greedy_prefix,9,1000,1,-6373.292382259,7992.369396947,11041.452791173,6837.817923836466,2658.679806554923,8228.493370937,1855.2009886779997,0.029543676257030492,0.0,0.0,1.0217406824231148,False,False,
s-006,after_common_greedy_prefix,10,200,0,-30243.051582557,32901.731389112,50669.975233471,26646.237338691306,2658.679806554923,33964.244224154,3721.1926415969974,0.03229352347681041,1062.5128350420746,0.001000061541186895,0.22272011265158653,False,False,0.22272011265158653
s-006,after_common_greedy_prefix,10,200,1,-30243.051582557,32901.731389112,50669.975233471,26646.237338691306,2658.679806554923,33964.244224154,3721.1926415969974,0.03229352347681041,1062.5128350420746,0.001000061541186895,0.22373494878411293,False,False,0.22373494878411293
s-006,after_common_greedy_prefix,10,1000,0,-30243.051582557,32901.731389112,50669.975233471,26646.237338691306,2658.679806554923,33964.244224154,3721.1926415969974,0.03229352347681041,1062.5128350420746,0.001000061541186895,1.0228153094649315,False,False,1.0228153094649315
s-006,after_common_greedy_prefix,10,1000,1,-30243.051582557,32901.731389112,50669.975233471,26646.237338691306,2658.679806554923,33964.244224154,3721.1926415969974,0.03229352347681041,1062.5128350420746,0.001000061541186895,1.023082472383976,False,False,1.023082472383976
s-006,after_common_greedy_prefix,0,50,0,-7510.088545689,7612.104479927,13177.76160753,5969.977661757616,2658.679806554923,7849.016126574,338.92758088499977,0.031123015622254245,0.0,0.0,0.07537472248077393,False,False,
s-006,after_common_greedy_prefix,0,50,1,-7510.088545689,7612.104479927,13177.76160753,5969.977661757616,2658.679806554923,7849.016126574,338.92758088499977,0.031123015622254245,0.0,0.0,0.07469823211431503,False,False,
s-006,after_common_greedy_prefix,1,50,0,-30277.632855267,30277.632855267,57295.666984506,26895.34827710872,2658.679806554923,32191.321211595,1913.6883563280026,0.06320468860547344,0.0,0.0,0.07803628966212273,False,False,
s-006,after_common_greedy_prefix,1,50,1,-30277.632855267,30277.632855267,57295.666984506,26895.34827710872,2658.679806554923,32191.321211595,1913.6883563280026,0.06320468860547344,0.0,0.0,0.07672559469938278,False,False,
s-006,after_common_greedy_prefix,2,50,0,439.57287407399997,0.0,0.0,0.0,2658.679806554923,0.0,439.57287407399997,0.0,0.0,0.0,0.005384765565395355,False,True,
s-006,after_common_greedy_prefix,2,50,1,439.57287407399997,0.0,0.0,0.0,2658.679806554923,0.0,439.57287407399997,0.0,0.0,0.0,0.005360197275876999,False,True,
s-006,after_common_greedy_prefix,3,50,0,-6634.841723176,7074.41459725,9976.027591638,5766.78532247535,2658.679806554923,7074.41459725,439.5728740739996,0.0,0.0,0.0,0.0739838220179081,False,True,
s-006,after_common_greedy_prefix,3,50,1,-6634.841723176,7074.41459725,9976.027591638,5766.78532247535,2658.679806554923,7074.41459725,439.5728740739996,0.0,0.0,0.0,0.07399341091513634,False,True,
s-006,after_common_greedy_prefix,4,50,0,-30971.078141753,31410.651015827,55043.838904185,26188.31201095706,2658.679806554923,32700.705054665,1729.6269129119974,0.04107059220733678,0.0,0.0,0.07730609178543091,False,False,
s-006,after_common_greedy_prefix,4,50,1,-30971.078141753,31410.651015827,55043.838904185,26188.31201095706,2658.679806554923,32700.705054665,1729.6269129119974,0.04107059220733678,0.0,0.0,0.07667864859104156,False,False,
s-006,after_common_greedy_prefix,5,50,0,808.189559117,0.0,0.0,0.0,2658.679806554923,0.0,808.189559117,0.0,0.0,0.0,0.00532260537147522,False,True,
s-006,after_common_greedy_prefix,5,50,1,808.189559117,0.0,0.0,0.0,2658.679806554923,0.0,808.189559117,0.0,0.0,0.0,0.005276642739772797,False,True,
s-006,after_common_greedy_prefix,6,50,0,-7021.777102333999,7992.369396947,11041.452791173,6837.817923836466,2658.679806554923,8228.493370937,1206.7162686030006,0.029543676257030492,0.0,0.0,0.07469775155186653,False,False,
s-006,after_common_greedy_prefix,6,50,1,-7021.777102333999,7992.369396947,11041.452791173,6837.817923836466,2658.679806554923,8228.493370937,1206.7162686030006,0.029543676257030492,0.0,0.0,0.07387875020503998,False,False,
s-006,after_common_greedy_prefix,7,50,0,-29906.638875655997,30714.828434773,47636.79075559,25149.29461678439,2658.679806554923,32006.499864247,2099.860988591001,0.04205367554687902,0.0,0.0,0.077578354626894,False,False,
s-006,after_common_greedy_prefix,7,50,1,-29906.638875655997,30714.828434773,47636.79075559,25149.29461678439,2658.679806554923,32006.499864247,2099.860988591001,0.04205367554687902,0.0,0.0,0.07723275944590569,False,False,
s-006,after_common_greedy_prefix,8,50,0,1456.6742791919999,0.0,0.0,0.0,2658.679806554923,0.0,1456.6742791919999,0.0,0.0,0.0,0.005475249141454697,False,True,
s-006,after_common_greedy_prefix,8,50,1,1456.6742791919999,0.0,0.0,0.0,2658.679806554923,0.0,1456.6742791919999,0.0,0.0,0.0,0.005401588976383209,False,True,
s-006,after_common_greedy_prefix,9,50,0,-6373.292382259,7992.369396947,11041.452791173,6837.817923836466,2658.679806554923,8228.493370937,1855.2009886779997,0.029543676257030492,0.0,0.0,0.074727363884449,False,False,
s-006,after_common_greedy_prefix,9,50,1,-6373.292382259,7992.369396947,11041.452791173,6837.817923836466,2658.679806554923,8228.493370937,1855.2009886779997,0.029543676257030492,0.0,0.0,0.0752047561109066,False,False,
s-006,after_common_greedy_prefix,10,50,0,-30243.051582557,32901.731389112,50669.975233471,26646.237338691306,2658.679806554923,33964.244224154,3721.1926415969974,0.03229352347681041,1062.5128350420746,0.001000061541186895,0.07726383954286575,False,False,0.07726383954286575
s-006,after_common_greedy_prefix,10,50,1,-30243.051582557,32901.731389112,50669.975233471,26646.237338691306,2658.679806554923,33964.244224154,3721.1926415969974,0.03229352347681041,1062.5128350420746,0.001000061541186895,0.0765756331384182,False,False,0.0765756331384182
s-006,after_common_greedy_prefix,0,10,0,-7510.088545689,7612.104479927,13177.76160753,5969.977661757616,2658.679806554923,7849.016126574,338.92758088499977,0.031123015622254245,0.0,0.0,0.035130824893713,False,False,
s-006,after_common_greedy_prefix,0,10,1,-7510.088545689,7612.104479927,13177.76160753,5969.977661757616,2658.679806554923,7849.016126574,338.92758088499977,0.031123015622254245,0.0,0.0,0.03377240151166916,False,False,
s-006,after_common_greedy_prefix,1,10,0,-30277.632855267,30277.632855267,57295.666984506,26895.34827710872,2658.679806554923,32191.321211595,1913.6883563280026,0.06320468860547344,0.0,0.0,0.03648650646209717,False,False,
s-006,after_common_greedy_prefix,1,10,1,-30277.632855267,30277.632855267,57295.666984506,26895.34827710872,2658.679806554923,32191.321211595,1913.6883563280026,0.06320468860547344,0.0,0.0,0.03533439710736275,False,False,
s-006,after_common_greedy_prefix,2,10,0,439.57287407399997,0.0,0.0,0.0,2658.679806554923,0.0,439.57287407399997,0.0,0.0,0.0,0.005277737975120544,False,True,
s-006,after_common_greedy_prefix,2,10,1,439.57287407399997,0.0,0.0,0.0,2658.679806554923,0.0,439.57287407399997,0.0,0.0,0.0,0.005242306739091873,False,True,
s-006,after_common_greedy_prefix,3,10,0,-6634.841723176,7074.41459725,9976.027591638,5766.78532247535,2658.679806554923,7074.41459725,439.5728740739996,0.0,0.0,0.0,0.03280211612582207,False,True,
s-006,after_common_greedy_prefix,3,10,1,-6634.841723176,7074.41459725,9976.027591638,5766.78532247535,2658.679806554923,7074.41459725,439.5728740739996,0.0,0.0,0.0,0.032777849584817886,False,True,
s-006,after_common_greedy_prefix,4,10,0,-30971.078141753,31410.651015827,55043.838904185,26188.31201095706,2658.679806554923,32700.705054665,1729.6269129119974,0.04107059220733678,0.0,0.0,0.03568059578537941,False,False,
s-006,after_common_greedy_prefix,4,10,1,-30971.078141753,31410.651015827,55043.838904185,26188.31201095706,2658.679806554923,32700.705054665,1729.6269129119974,0.04107059220733678,0.0,0.0,0.03574748337268829,False,False,
s-006,after_common_greedy_prefix,5,10,0,808.189559117,0.0,0.0,0.0,2658.679806554923,0.0,808.189559117,0.0,0.0,0.0,0.005275759845972061,False,True,
s-006,after_common_greedy_prefix,5,10,1,808.189559117,0.0,0.0,0.0,2658.679806554923,0.0,808.189559117,0.0,0.0,0.0,0.005258750170469284,False,True,
s-006,after_common_greedy_prefix,6,10,0,-7021.777102333999,7992.369396947,11041.452791173,6837.817923836466,2658.679806554923,8228.493370937,1206.7162686030006,0.029543676257030492,0.0,0.0,0.0340435616672039,False,False,
s-006,after_common_greedy_prefix,6,10,1,-7021.777102333999,7992.369396947,11041.452791173,6837.817923836466,2658.679806554923,8228.493370937,1206.7162686030006,0.029543676257030492,0.0,0.0,0.033579107373952866,False,False,
s-006,after_common_greedy_prefix,7,10,0,-29906.638875655997,30714.828434773,47636.79075559,25149.29461678439,2658.679806554923,31985.521158146,2078.8822824900017,0.04137065997524559,0.0,0.0,0.03713811933994293,False,False,
s-006,after_common_greedy_prefix,7,10,1,-29906.638875655997,30714.828434773,47636.79075559,25149.29461678439,2658.679806554923,31985.521158146,2078.8822824900017,0.04137065997524559,0.0,0.0,0.03618619590997696,False,False,
s-006,after_common_greedy_prefix,8,10,0,1456.6742791919999,0.0,0.0,0.0,2658.679806554923,0.0,1456.6742791919999,0.0,0.0,0.0,0.005291938781738281,False,True,
s-006,after_common_greedy_prefix,8,10,1,1456.6742791919999,0.0,0.0,0.0,2658.679806554923,0.0,1456.6742791919999,0.0,0.0,0.0,0.005264028906822205,False,True,
s-006,after_common_greedy_prefix,9,10,0,-6373.292382259,7992.369396947,11041.452791173,6837.817923836466,2658.679806554923,8228.493370937,1855.2009886779997,0.029543676257030492,0.0,0.0,0.0339454784989357,False,False,
s-006,after_common_greedy_prefix,9,10,1,-6373.292382259,7992.369396947,11041.452791173,6837.817923836466,2658.679806554923,8228.493370937,1855.2009886779997,0.029543676257030492,0.0,0.0,0.033571965992450714,False,False,
s-006,after_common_greedy_prefix,10,10,0,-30243.051582557,32901.731389112,50669.975233471,26646.237338691306,2658.679806554923,33964.244224154,3721.1926415969974,0.03229352347681041,1062.5128350420746,0.001000061541186895,0.03622030094265938,False,False,0.03622030094265938
s-006,after_common_greedy_prefix,10,10,1,-30243.051582557,32901.731389112,50669.975233471,26646.237338691306,2658.679806554923,33964.244224154,3721.1926415969974,0.03229352347681041,1062.5128350420746,0.001000061541186895,0.03536679595708847,False,False,0.03536679595708847
s-007,after_one_actual_history_call,0,200,0,-7510.088545689,7612.104479927,13177.76160753,5969.977661757616,2658.679806554923,7849.016126574,338.92758088499977,0.031123015622254245,0.0,0.0,0.22036538273096085,False,False,
s-007,after_one_actual_history_call,0,200,1,-7510.088545689,7612.104479927,13177.76160753,5969.977661757616,2658.679806554923,7849.016126574,338.92758088499977,0.031123015622254245,0.0,0.0,0.21986215934157372,False,False,
s-007,after_one_actual_history_call,0,1000,0,-7510.088545689,7612.104479927,13177.76160753,5969.977661757616,2658.679806554923,7849.016126574,338.92758088499977,0.031123015622254245,0.0,0.0,1.0199155695736408,False,False,
s-007,after_one_actual_history_call,0,1000,1,-7510.088545689,7612.104479927,13177.76160753,5969.977661757616,2658.679806554923,7849.016126574,338.92758088499977,0.031123015622254245,0.0,0.0,1.0199762545526028,False,False,
s-007,after_one_actual_history_call,1,200,0,-30277.632855267,30277.632855267,57295.666984506,26895.34827710872,2658.679806554923,32191.321211595,1913.6883563280026,0.06320468860547344,0.0,0.0,0.22209789231419563,False,False,
s-007,after_one_actual_history_call,1,200,1,-30277.632855267,30277.632855267,57295.666984506,26895.34827710872,2658.679806554923,32191.321211595,1913.6883563280026,0.06320468860547344,0.0,0.0,0.22150623425841331,False,False,
s-007,after_one_actual_history_call,1,1000,0,-30277.632855267,30277.632855267,57295.666984506,26895.34827710872,2658.679806554923,32191.321211595,1913.6883563280026,0.06320468860547344,0.0,0.0,1.0220383666455746,False,False,
s-007,after_one_actual_history_call,1,1000,1,-30277.632855267,30277.632855267,57295.666984506,26895.34827710872,2658.679806554923,32191.321211595,1913.6883563280026,0.06320468860547344,0.0,0.0,1.0220787078142166,False,False,
s-007,after_one_actual_history_call,2,200,0,439.57287407399997,0.0,0.0,0.0,2658.679806554923,0.0,439.57287407399997,0.0,0.0,0.0,0.005339916795492172,False,True,
s-007,after_one_actual_history_call,2,200,1,439.57287407399997,0.0,0.0,0.0,2658.679806554923,0.0,439.57287407399997,0.0,0.0,0.0,0.0052783675491809845,False,True,
s-007,after_one_actual_history_call,2,1000,0,439.57287407399997,0.0,0.0,0.0,2658.679806554923,0.0,439.57287407399997,0.0,0.0,0.0,0.0052712298929691315,False,True,
s-007,after_one_actual_history_call,2,1000,1,439.57287407399997,0.0,0.0,0.0,2658.679806554923,0.0,439.57287407399997,0.0,0.0,0.0,0.005268320441246033,False,True,
s-007,after_one_actual_history_call,3,200,0,-6634.841723176,7074.41459725,9976.027591638,5766.78532247535,2658.679806554923,7074.41459725,439.5728740739996,0.0,0.0,0.0,0.003549322485923767,False,True,
s-007,after_one_actual_history_call,3,200,1,-6634.841723176,7074.41459725,9976.027591638,5766.78532247535,2658.679806554923,7074.41459725,439.5728740739996,0.0,0.0,0.0,0.0035309717059135437,False,True,
s-007,after_one_actual_history_call,3,1000,0,-6634.841723176,7074.41459725,9976.027591638,5766.78532247535,2658.679806554923,7074.41459725,439.5728740739996,0.0,0.0,0.0,1.0198219306766987,False,True,
s-007,after_one_actual_history_call,3,1000,1,-6634.841723176,7074.41459725,9976.027591638,5766.78532247535,2658.679806554923,7074.41459725,439.5728740739996,0.0,0.0,0.0,1.0191228240728378,False,True,
s-007,after_one_actual_history_call,4,200,0,-30971.078141753,31410.651015827,55043.838904185,26188.31201095706,2658.679806554923,32700.705054665,1729.6269129119974,0.04107059220733678,0.0,0.0,0.22291477024555206,False,False,
s-007,after_one_actual_history_call,4,200,1,-30971.078141753,31410.651015827,55043.838904185,26188.31201095706,2658.679806554923,32700.705054665,1729.6269129119974,0.04107059220733678,0.0,0.0,0.22217218205332756,False,False,
s-007,after_one_actual_history_call,4,1000,0,-30971.078141753,31410.651015827,55043.838904185,26188.31201095706,2658.679806554923,32700.705054665,1729.6269129119974,0.04107059220733678,0.0,0.0,1.022145040333271,False,False,
s-007,after_one_actual_history_call,4,1000,1,-30971.078141753,31410.651015827,55043.838904185,26188.31201095706,2658.679806554923,32700.705054665,1729.6269129119974,0.04107059220733678,0.0,0.0,1.0219107419252396,False,False,
s-007,after_one_actual_history_call,5,200,0,808.189559117,0.0,0.0,0.0,2658.679806554923,0.0,808.189559117,0.0,0.0,0.0,0.005329951643943787,False,True,
s-007,after_one_actual_history_call,5,200,1,808.189559117,0.0,0.0,0.0,2658.679806554923,0.0,808.189559117,0.0,0.0,0.0,0.005286157131195068,False,True,
s-007,after_one_actual_history_call,5,1000,0,808.189559117,0.0,0.0,0.0,2658.679806554923,0.0,808.189559117,0.0,0.0,0.0,0.005265787243843079,False,True,
s-007,after_one_actual_history_call,5,1000,1,808.189559117,0.0,0.0,0.0,2658.679806554923,0.0,808.189559117,0.0,0.0,0.0,0.005253918468952179,False,True,
s-007,after_one_actual_history_call,6,200,0,-7021.777102333999,7992.369396947,11041.452791173,6837.817923836466,2658.679806554923,8228.493370937,1206.7162686030006,0.029543676257030492,0.0,0.0,0.21915899962186813,False,False,
s-007,after_one_actual_history_call,6,200,1,-7021.777102333999,7992.369396947,11041.452791173,6837.817923836466,2658.679806554923,8228.493370937,1206.7162686030006,0.029543676257030492,0.0,0.0,0.21979543194174767,False,False,
s-007,after_one_actual_history_call,6,1000,0,-7021.777102333999,7992.369396947,11041.452791173,6837.817923836466,2658.679806554923,8228.493370937,1206.7162686030006,0.029543676257030492,0.0,0.0,1.0190900415182114,False,False,
s-007,after_one_actual_history_call,6,1000,1,-7021.777102333999,7992.369396947,11041.452791173,6837.817923836466,2658.679806554923,8228.493370937,1206.7162686030006,0.029543676257030492,0.0,0.0,1.0198923200368881,False,False,
s-007,after_one_actual_history_call,7,200,0,-29906.638875655997,30714.828434773,47636.79075559,25149.29461678439,2658.679806554923,32006.499864247,2099.860988591001,0.04205367554687902,0.0,0.0,0.22247148305177689,False,False,
s-007,after_one_actual_history_call,7,200,1,-29906.638875655997,30714.828434773,47636.79075559,25149.29461678439,2658.679806554923,32006.499864247,2099.860988591001,0.04205367554687902,0.0,0.0,0.2229495272040367,False,False,
s-007,after_one_actual_history_call,7,1000,0,-29906.638875655997,30714.828434773,47636.79075559,25149.29461678439,2658.679806554923,32006.499864247,2099.860988591001,0.04205367554687902,0.0,0.0,1.0226209983229637,False,False,
s-007,after_one_actual_history_call,7,1000,1,-29906.638875655997,30714.828434773,47636.79075559,25149.29461678439,2658.679806554923,32006.499864247,2099.860988591001,0.04205367554687902,0.0,0.0,1.0226344242691994,False,False,
s-007,after_one_actual_history_call,8,200,0,1456.6742791919999,0.0,0.0,0.0,2658.679806554923,0.0,1456.6742791919999,0.0,0.0,0.0,0.005401890724897385,False,True,
s-007,after_one_actual_history_call,8,200,1,1456.6742791919999,0.0,0.0,0.0,2658.679806554923,0.0,1456.6742791919999,0.0,0.0,0.0,0.005326088517904282,False,True,
s-007,after_one_actual_history_call,8,1000,0,1456.6742791919999,0.0,0.0,0.0,2658.679806554923,0.0,1456.6742791919999,0.0,0.0,0.0,0.005363158881664276,False,True,
s-007,after_one_actual_history_call,8,1000,1,1456.6742791919999,0.0,0.0,0.0,2658.679806554923,0.0,1456.6742791919999,0.0,0.0,0.0,0.0053318701684474945,False,True,
s-007,after_one_actual_history_call,9,200,0,-6373.292382259,7992.369396947,11041.452791173,6837.817923836466,2658.679806554923,8228.493370937,1855.2009886779997,0.029543676257030492,0.0,0.0,0.2192196398973465,False,False,
s-007,after_one_actual_history_call,9,200,1,-6373.292382259,7992.369396947,11041.452791173,6837.817923836466,2658.679806554923,8228.493370937,1855.2009886779997,0.029543676257030492,0.0,0.0,0.21913505345582962,False,False,
s-007,after_one_actual_history_call,9,1000,0,-6373.292382259,7992.369396947,11041.452791173,6837.817923836466,2658.679806554923,8228.493370937,1855.2009886779997,0.029543676257030492,0.0,0.0,1.0198492929339409,False,False,
s-007,after_one_actual_history_call,9,1000,1,-6373.292382259,7992.369396947,11041.452791173,6837.817923836466,2658.679806554923,8228.493370937,1855.2009886779997,0.029543676257030492,0.0,0.0,1.0207137912511826,False,False,
s-007,after_one_actual_history_call,10,200,0,-30243.051582557,32901.731389112,50669.975233471,26646.237338691306,2658.679806554923,33964.244224154,3721.1926415969974,0.03229352347681041,1062.5128350420746,0.001000061541186895,0.22310737147927284,False,False,0.22310737147927284
s-007,after_one_actual_history_call,10,200,1,-30243.051582557,32901.731389112,50669.975233471,26646.237338691306,2658.679806554923,33964.244224154,3721.1926415969974,0.03229352347681041,1062.5128350420746,0.001000061541186895,0.22228886187076569,False,False,0.22228886187076569
s-007,after_one_actual_history_call,10,1000,0,-30243.051582557,32901.731389112,50669.975233471,26646.237338691306,2658.679806554923,33964.244224154,3721.1926415969974,0.03229352347681041,1062.5128350420746,0.001000061541186895,1.0235780403017998,False,False,1.0235780403017998
s-007,after_one_actual_history_call,10,1000,1,-30243.051582557,32901.731389112,50669.975233471,26646.237338691306,2658.679806554923,33964.244224154,3721.1926415969974,0.03229352347681041,1062.5128350420746,0.001000061541186895,1.0240222103893757,False,False,1.0240222103893757
s-007,after_one_actual_history_call,0,50,0,-7510.088545689,7612.104479927,13177.76160753,5969.977661757616,2658.679806554923,7849.016126574,338.92758088499977,0.031123015622254245,0.0,0.0,0.07538888603448868,False,False,
s-007,after_one_actual_history_call,0,50,1,-7510.088545689,7612.104479927,13177.76160753,5969.977661757616,2658.679806554923,7849.016126574,338.92758088499977,0.031123015622254245,0.0,0.0,0.074545007199049,False,False,
s-007,after_one_actual_history_call,1,50,0,-30277.632855267,30277.632855267,57295.666984506,26895.34827710872,2658.679806554923,32191.321211595,1913.6883563280026,0.06320468860547344,0.0,0.0,0.07736985012888908,False,False,
s-007,after_one_actual_history_call,1,50,1,-30277.632855267,30277.632855267,57295.666984506,26895.34827710872,2658.679806554923,32191.321211595,1913.6883563280026,0.06320468860547344,0.0,0.0,0.07799245789647102,False,False,
s-007,after_one_actual_history_call,2,50,0,439.57287407399997,0.0,0.0,0.0,2658.679806554923,0.0,439.57287407399997,0.0,0.0,0.0,0.005380023270845413,False,True,
s-007,after_one_actual_history_call,2,50,1,439.57287407399997,0.0,0.0,0.0,2658.679806554923,0.0,439.57287407399997,0.0,0.0,0.0,0.005327723920345306,False,True,
s-007,after_one_actual_history_call,3,50,0,-6634.841723176,7074.41459725,9976.027591638,5766.78532247535,2658.679806554923,7074.41459725,439.5728740739996,0.0,0.0,0.0,0.0739218182861805,False,True,
s-007,after_one_actual_history_call,3,50,1,-6634.841723176,7074.41459725,9976.027591638,5766.78532247535,2658.679806554923,7074.41459725,439.5728740739996,0.0,0.0,0.0,0.07356622442603111,False,True,
s-007,after_one_actual_history_call,4,50,0,-30971.078141753,31410.651015827,55043.838904185,26188.31201095706,2658.679806554923,32700.705054665,1729.6269129119974,0.04107059220733678,0.0,0.0,0.07667426764965057,False,False,
s-007,after_one_actual_history_call,4,50,1,-30971.078141753,31410.651015827,55043.838904185,26188.31201095706,2658.679806554923,32700.705054665,1729.6269129119974,0.04107059220733678,0.0,0.0,0.07663366198539734,False,False,
s-007,after_one_actual_history_call,5,50,0,808.189559117,0.0,0.0,0.0,2658.679806554923,0.0,808.189559117,0.0,0.0,0.0,0.005405362695455551,False,True,
s-007,after_one_actual_history_call,5,50,1,808.189559117,0.0,0.0,0.0,2658.679806554923,0.0,808.189559117,0.0,0.0,0.0,0.005388904362916946,False,True,
s-007,after_one_actual_history_call,6,50,0,-7021.777102333999,7992.369396947,11041.452791173,6837.817923836466,2658.679806554923,8228.493370937,1206.7162686030006,0.029543676257030492,0.0,0.0,0.07537033781409264,False,False,
s-007,after_one_actual_history_call,6,50,1,-7021.777102333999,7992.369396947,11041.452791173,6837.817923836466,2658.679806554923,8228.493370937,1206.7162686030006,0.029543676257030492,0.0,0.0,0.0737888514995575,False,False,
s-007,after_one_actual_history_call,7,50,0,-29906.638875655997,30714.828434773,47636.79075559,25149.29461678439,2658.679806554923,32006.499864247,2099.860988591001,0.04205367554687902,0.0,0.0,0.07737882062792778,False,False,
s-007,after_one_actual_history_call,7,50,1,-29906.638875655997,30714.828434773,47636.79075559,25149.29461678439,2658.679806554923,32006.499864247,2099.860988591001,0.04205367554687902,0.0,0.0,0.07746037468314171,False,False,
s-007,after_one_actual_history_call,8,50,0,1456.6742791919999,0.0,0.0,0.0,2658.679806554923,0.0,1456.6742791919999,0.0,0.0,0.0,0.005382407456636429,False,True,
s-007,after_one_actual_history_call,8,50,1,1456.6742791919999,0.0,0.0,0.0,2658.679806554923,0.0,1456.6742791919999,0.0,0.0,0.0,0.00532609224319458,False,True,
s-007,after_one_actual_history_call,9,50,0,-6373.292382259,7992.369396947,11041.452791173,6837.817923836466,2658.679806554923,8228.493370937,1855.2009886779997,0.029543676257030492,0.0,0.0,0.07506810873746872,False,False,
s-007,after_one_actual_history_call,9,50,1,-6373.292382259,7992.369396947,11041.452791173,6837.817923836466,2658.679806554923,8228.493370937,1855.2009886779997,0.029543676257030492,0.0,0.0,0.074775580316782,False,False,
s-007,after_one_actual_history_call,10,50,0,-30243.051582557,32901.731389112,50669.975233471,26646.237338691306,2658.679806554923,33964.244224154,3721.1926415969974,0.03229352347681041,1062.5128350420746,0.001000061541186895,0.07797418907284737,False,False,0.07797418907284737
s-007,after_one_actual_history_call,10,50,1,-30243.051582557,32901.731389112,50669.975233471,26646.237338691306,2658.679806554923,33964.244224154,3721.1926415969974,0.03229352347681041,1062.5128350420746,0.001000061541186895,0.07695458829402924,False,False,0.07695458829402924
s-007,after_one_actual_history_call,0,10,0,-7510.088545689,7612.104479927,13177.76160753,5969.977661757616,2658.679806554923,7849.016126574,338.92758088499977,0.031123015622254245,0.0,0.0,0.03540406376123428,False,False,
s-007,after_one_actual_history_call,0,10,1,-7510.088545689,7612.104479927,13177.76160753,5969.977661757616,2658.679806554923,7849.016126574,338.92758088499977,0.031123015622254245,0.0,0.0,0.03164344280958176,False,False,
s-007,after_one_actual_history_call,1,10,0,-30277.632855267,30277.632855267,57295.666984506,26895.34827710872,2658.679806554923,32191.321211595,1913.6883563280026,0.06320468860547344,0.0,0.0,0.03650633618235588,False,False,
s-007,after_one_actual_history_call,1,10,1,-30277.632855267,30277.632855267,57295.666984506,26895.34827710872,2658.679806554923,32191.321211595,1913.6883563280026,0.06320468860547344,0.0,0.0,0.03604946285486221,False,False,
s-007,after_one_actual_history_call,2,10,0,439.57287407399997,0.0,0.0,0.0,2658.679806554923,0.0,439.57287407399997,0.0,0.0,0.0,0.005441982299089432,False,True,
s-007,after_one_actual_history_call,2,10,1,439.57287407399997,0.0,0.0,0.0,2658.679806554923,0.0,439.57287407399997,0.0,0.0,0.0,0.00536959245800972,False,True,
s-007,after_one_actual_history_call,3,10,0,-6634.841723176,7074.41459725,9976.027591638,5766.78532247535,2658.679806554923,7074.41459725,439.5728740739996,0.0,0.0,0.0,0.03284686058759689,False,True,
s-007,after_one_actual_history_call,3,10,1,-6634.841723176,7074.41459725,9976.027591638,5766.78532247535,2658.679806554923,7074.41459725,439.5728740739996,0.0,0.0,0.0,0.032335635274648666,False,True,
s-007,after_one_actual_history_call,4,10,0,-30971.078141753,31410.651015827,55043.838904185,26188.31201095706,2658.679806554923,32700.705054665,1729.6269129119974,0.04107059220733678,0.0,0.0,0.03699979558587074,False,False,
s-007,after_one_actual_history_call,4,10,1,-30971.078141753,31410.651015827,55043.838904185,26188.31201095706,2658.679806554923,32700.705054665,1729.6269129119974,0.04107059220733678,0.0,0.0,0.037297334522008896,False,False,
s-007,after_one_actual_history_call,5,10,0,808.189559117,0.0,0.0,0.0,2658.679806554923,0.0,808.189559117,0.0,0.0,0.0,0.005375023931264877,False,True,
s-007,after_one_actual_history_call,5,10,1,808.189559117,0.0,0.0,0.0,2658.679806554923,0.0,808.189559117,0.0,0.0,0.0,0.005301430821418762,False,True,
s-007,after_one_actual_history_call,6,10,0,-7021.777102333999,7992.369396947,11041.452791173,6837.817923836466,2658.679806554923,8228.493370937,1206.7162686030006,0.029543676257030492,0.0,0.0,0.034156519919633865,False,False,
s-007,after_one_actual_history_call,6,10,1,-7021.777102333999,7992.369396947,11041.452791173,6837.817923836466,2658.679806554923,8228.493370937,1206.7162686030006,0.029543676257030492,0.0,0.0,0.033058300614356995,False,False,
s-007,after_one_actual_history_call,7,10,0,-29906.638875655997,30714.828434773,47636.79075559,25149.29461678439,2658.679806554923,31985.521158146,2078.8822824900017,0.04137065997524559,0.0,0.0,0.03734450414776802,False,False,
s-007,after_one_actual_history_call,7,10,1,-29906.638875655997,30714.828434773,47636.79075559,25149.29461678439,2658.679806554923,31985.521158146,2078.8822824900017,0.04137065997524559,0.0,0.0,0.036504581570625305,False,False,
s-007,after_one_actual_history_call,8,10,0,1456.6742791919999,0.0,0.0,0.0,2658.679806554923,0.0,1456.6742791919999,0.0,0.0,0.0,0.0053461529314517975,False,True,
s-007,after_one_actual_history_call,8,10,1,1456.6742791919999,0.0,0.0,0.0,2658.679806554923,0.0,1456.6742791919999,0.0,0.0,0.0,0.00543675571680069,False,True,
s-007,after_one_actual_history_call,9,10,0,-6373.292382259,7992.369396947,11041.452791173,6837.817923836466,2658.679806554923,8228.493370937,1855.2009886779997,0.029543676257030492,0.0,0.0,0.033935435116291046,False,False,
s-007,after_one_actual_history_call,9,10,1,-6373.292382259,7992.369396947,11041.452791173,6837.817923836466,2658.679806554923,8228.493370937,1855.2009886779997,0.029543676257030492,0.0,0.0,0.03319893404841423,False,False,
s-007,after_one_actual_history_call,10,10,0,-30243.051582557,32901.731389112,50669.975233471,26646.237338691306,2658.679806554923,33964.244224154,3721.1926415969974,0.03229352347681041,1062.5128350420746,0.001000061541186895,0.0354236476123333,False,False,0.0354236476123333
s-007,after_one_actual_history_call,10,10,1,-30243.051582557,32901.731389112,50669.975233471,26646.237338691306,2658.679806554923,33964.244224154,3721.1926415969974,0.03229352347681041,1062.5128350420746,0.001000061541186895,0.035152189433574677,False,False,0.035152189433574677
s-008,after_common_greedy_prefix,0,200,0,-6438.8880800629995,6494.644112254,10707.136480705,5504.022156424005,2418.361731647048,7006.202929139,567.3148490760004,0.07876625848055295,0.0,0.0,0.22044019028544426,False,False,
s-008,after_common_greedy_prefix,0,200,1,-6438.8880800629995,6494.644112254,10707.136480705,5504.022156424005,2418.361731647048,7006.202929139,567.3148490760004,0.07876625848055295,0.0,0.0,0.22038405016064644,False,False,
s-008,after_common_greedy_prefix,0,1000,0,-6438.8880800629995,6494.644112254,10707.136480705,5504.022156424005,2418.361731647048,7006.202929139,567.3148490760004,0.07876625848055295,0.0,0.0,1.0202231593430042,False,False,
s-008,after_common_greedy_prefix,0,1000,1,-6438.8880800629995,6494.644112254,10707.136480705,5504.022156424005,2418.361731647048,7006.202929139,567.3148490760004,0.07876625848055295,0.0,0.0,1.0202866196632385,False,False,
s-008,after_common_greedy_prefix,1,200,0,-29964.695193626998,29964.695193626998,56030.182327323,26671.23930995569,2418.361731647048,32144.341263023,2179.6460693960034,0.07274047192242351,0.0,0.0,0.22241687402129173,False,False,
s-008,after_common_greedy_prefix,1,200,1,-29964.695193626998,29964.695193626998,56030.182327323,26671.23930995569,2418.361731647048,32144.341263023,2179.6460693960034,0.07274047192242351,0.0,0.0,0.22256463766098022,False,False,
s-008,after_common_greedy_prefix,1,1000,0,-29964.695193626998,29964.695193626998,56030.182327323,26671.23930995569,2418.361731647048,32231.501748523,2266.8065548960003,0.07564924456091625,0.0,0.0,1.0220193639397621,False,False,
s-008,after_common_greedy_prefix,1,1000,1,-29964.695193626998,29964.695193626998,56030.182327323,26671.23930995569,2418.361731647048,32231.501748523,2266.8065548960003,0.07564924456091625,0.0,0.0,1.0221242047846317,False,False,
s-008,after_common_greedy_prefix,2,200,0,439.57287407399997,0.0,0.0,0.0,2418.361731647048,0.0,439.57287407399997,0.0,0.0,0.0,0.005390774458646774,False,True,
s-008,after_common_greedy_prefix,2,200,1,439.57287407399997,0.0,0.0,0.0,2418.361731647048,0.0,439.57287407399997,0.0,0.0,0.0,0.005325332283973694,False,True,
s-008,after_common_greedy_prefix,2,1000,0,439.57287407399997,0.0,0.0,0.0,2418.361731647048,0.0,439.57287407399997,0.0,0.0,0.0,0.005337931215763092,False,True,
s-008,after_common_greedy_prefix,2,1000,1,439.57287407399997,0.0,0.0,0.0,2418.361731647048,0.0,439.57287407399997,0.0,0.0,0.0,0.00536322221159935,False,True,
s-008,after_common_greedy_prefix,3,200,0,-7286.249591947,7725.822466021,11649.182006997,6368.6859415439,2418.361731647048,7826.938183335,540.6885913879996,0.013088019788018405,0.0,0.0,0.21976501494646072,False,False,
s-008,after_common_greedy_prefix,3,200,1,-7286.249591947,7725.822466021,11649.182006997,6368.6859415439,2418.361731647048,7826.938183335,540.6885913879996,0.013088019788018405,0.0,0.0,0.2192029021680355,False,False,
s-008,after_common_greedy_prefix,3,1000,0,-7286.249591947,7725.822466021,11649.182006997,6368.6859415439,2418.361731647048,7826.938183335,540.6885913879996,0.013088019788018405,0.0,0.0,1.0201460123062134,False,False,
s-008,after_common_greedy_prefix,3,1000,1,-7286.249591947,7725.822466021,11649.182006997,6368.6859415439,2418.361731647048,7826.938183335,540.6885913879996,0.013088019788018405,0.0,0.0,1.0196393392980099,False,False,
s-008,after_common_greedy_prefix,4,200,0,-30974.262581688003,31413.835455762,53915.047287008,25951.35488783556,2418.361731647048,32703.8894946,1729.6269129119974,0.04106642885599551,0.0,0.0,0.22359956800937653,False,False,
s-008,after_common_greedy_prefix,4,200,1,-30974.262581688003,31413.835455762,53915.047287008,25951.35488783556,2418.361731647048,32703.8894946,1729.6269129119974,0.04106642885599551,0.0,0.0,0.2230292148888111,False,False,
s-008,after_common_greedy_prefix,4,1000,0,-30974.262581688003,31413.835455762,53915.047287008,25951.35488783556,2418.361731647048,32703.8894946,1729.6269129119974,0.04106642885599551,0.0,0.0,1.0252814888954163,False,False,
s-008,after_common_greedy_prefix,4,1000,1,-30974.262581688003,31413.835455762,53915.047287008,25951.35488783556,2418.361731647048,32703.8894946,1729.6269129119974,0.04106642885599551,0.0,0.0,1.0228220783174038,False,False,
s-008,after_common_greedy_prefix,5,200,0,808.189559117,0.0,0.0,0.0,2418.361731647048,0.0,808.189559117,0.0,0.0,0.0,0.005497485399246216,False,True,
s-008,after_common_greedy_prefix,5,200,1,808.189559117,0.0,0.0,0.0,2418.361731647048,0.0,808.189559117,0.0,0.0,0.0,0.00562635064125061,False,True,
s-008,after_common_greedy_prefix,5,1000,0,808.189559117,0.0,0.0,0.0,2418.361731647048,0.0,808.189559117,0.0,0.0,0.0,0.005666021257638931,False,True,
s-008,after_common_greedy_prefix,5,1000,1,808.189559117,0.0,0.0,0.0,2418.361731647048,0.0,808.189559117,0.0,0.0,0.0,0.005586955696344376,False,True,
s-008,after_common_greedy_prefix,6,200,0,-7021.777102333999,7992.369396947,11041.452791173,6837.817923836466,2418.361731647048,8228.493370937,1206.7162686030006,0.029543676257030492,0.0,0.0,0.22150331735610962,False,False,
s-008,after_common_greedy_prefix,6,200,1,-7021.777102333999,7992.369396947,11041.452791173,6837.817923836466,2418.361731647048,8228.493370937,1206.7162686030006,0.029543676257030492,0.0,0.0,0.21978740766644478,False,False,
s-008,after_common_greedy_prefix,6,1000,0,-7021.777102333999,7992.369396947,11041.452791173,6837.817923836466,2418.361731647048,8228.493370937,1206.7162686030006,0.029543676257030492,0.0,0.0,1.0207763761281967,False,False,
s-008,after_common_greedy_prefix,6,1000,1,-7021.777102333999,7992.369396947,11041.452791173,6837.817923836466,2418.361731647048,8228.493370937,1206.7162686030006,0.029543676257030492,0.0,0.0,1.0193478874862194,False,False,
s-008,after_common_greedy_prefix,7,200,0,-30368.008155565,31176.197714682,49388.579700915,25420.647920801755,2418.361731647048,32467.869144156,2099.860988591001,0.04143133300908297,0.0,0.0,0.22203752771019936,False,False,
s-008,after_common_greedy_prefix,7,200,1,-30368.008155565,31176.197714682,49388.579700915,25420.647920801755,2418.361731647048,32467.869144156,2099.860988591001,0.04143133300908297,0.0,0.0,0.22208989411592484,False,False,
s-008,after_common_greedy_prefix,7,1000,0,-30368.008155565,31176.197714682,49388.579700915,25420.647920801755,2418.361731647048,32467.869144156,2099.860988591001,0.04143133300908297,0.0,0.0,1.0229521244764328,False,False,
s-008,after_common_greedy_prefix,7,1000,1,-30368.008155565,31176.197714682,49388.579700915,25420.647920801755,2418.361731647048,32467.869144156,2099.860988591001,0.04143133300908297,0.0,0.0,1.022892128676176,False,False,
s-008,after_common_greedy_prefix,8,200,0,1456.6742791919999,0.0,0.0,0.0,2418.361731647048,0.0,1456.6742791919999,0.0,0.0,0.0,0.005502387881278992,False,True,
s-008,after_common_greedy_prefix,8,200,1,1456.6742791919999,0.0,0.0,0.0,2418.361731647048,0.0,1456.6742791919999,0.0,0.0,0.0,0.0054486095905303955,False,True,
s-008,after_common_greedy_prefix,8,1000,0,1456.6742791919999,0.0,0.0,0.0,2418.361731647048,0.0,1456.6742791919999,0.0,0.0,0.0,0.005452554672956467,False,True,
s-008,after_common_greedy_prefix,8,1000,1,1456.6742791919999,0.0,0.0,0.0,2418.361731647048,0.0,1456.6742791919999,0.0,0.0,0.0,0.005471263080835342,False,True,
s-008,after_common_greedy_prefix,9,200,0,-6373.292382259,7992.369396947,11041.452791173,6837.817923836466,2418.361731647048,8228.493370937,1855.2009886779997,0.029543676257030492,0.0,0.0,0.21949059888720512,False,False,
s-008,after_common_greedy_prefix,9,200,1,-6373.292382259,7992.369396947,11041.452791173,6837.817923836466,2418.361731647048,8228.493370937,1855.2009886779997,0.029543676257030492,0.0,0.0,0.21937042474746704,False,False,
s-008,after_common_greedy_prefix,9,1000,0,-6373.292382259,7992.369396947,11041.452791173,6837.817923836466,2418.361731647048,8228.493370937,1855.2009886779997,0.029543676257030492,0.0,0.0,1.0193820372223854,False,False,
s-008,after_common_greedy_prefix,9,1000,1,-6373.292382259,7992.369396947,11041.452791173,6837.817923836466,2418.361731647048,8228.493370937,1855.2009886779997,0.029543676257030492,0.0,0.0,1.0196012742817402,False,False,
s-008,after_common_greedy_prefix,10,200,0,-30265.453416451,32683.815148098,49624.864532516,26466.987529130794,2418.361731647048,33838.934116862,3573.4807004110007,0.03534223172937082,1155.1189687639526,0.0010872245661959939,0.2219202145934105,False,False,0.2219202145934105
s-008,after_common_greedy_prefix,10,200,1,-30265.453416451,32683.815148098,49624.864532516,26466.987529130794,2418.361731647048,33838.934116862,3573.4807004110007,0.03534223172937082,1155.1189687639526,0.0010872245661959939,0.22263360023498535,False,False,0.22263360023498535
s-008,after_common_greedy_prefix,10,1000,0,-30265.453416451,32683.815148098,49624.864532516,26466.987529130794,2418.361731647048,33838.934116862,3573.4807004110007,0.03534223172937082,1155.1189687639526,0.0010872245661959939,1.024735476821661,False,False,1.024735476821661
s-008,after_common_greedy_prefix,10,1000,1,-30265.453416451,32683.815148098,49624.864532516,26466.987529130794,2418.361731647048,33838.934116862,3573.4807004110007,0.03534223172937082,1155.1189687639526,0.0010872245661959939,1.0221943259239197,False,False,1.0221943259239197
s-008,after_common_greedy_prefix,0,50,0,-6438.8880800629995,6494.644112254,10707.136480705,5504.022156424005,2418.361731647048,7006.202929139,567.3148490760004,0.07876625848055295,0.0,0.0,0.07486555352807045,False,False,
s-008,after_common_greedy_prefix,0,50,1,-6438.8880800629995,6494.644112254,10707.136480705,5504.022156424005,2418.361731647048,7006.202929139,567.3148490760004,0.07876625848055295,0.0,0.0,0.07480251044034958,False,False,
s-008,after_common_greedy_prefix,1,50,0,-29964.695193626998,29964.695193626998,56030.182327323,26671.23930995569,2418.361731647048,32144.341263023,2179.6460693960034,0.07274047192242351,0.0,0.0,0.0765993632376194,False,False,
s-008,after_common_greedy_prefix,1,50,1,-29964.695193626998,29964.695193626998,56030.182327323,26671.23930995569,2418.361731647048,32144.341263023,2179.6460693960034,0.07274047192242351,0.0,0.0,0.07659997418522835,False,False,
s-008,after_common_greedy_prefix,2,50,0,439.57287407399997,0.0,0.0,0.0,2418.361731647048,0.0,439.57287407399997,0.0,0.0,0.0,0.005590774118900299,False,True,
s-008,after_common_greedy_prefix,2,50,1,439.57287407399997,0.0,0.0,0.0,2418.361731647048,0.0,439.57287407399997,0.0,0.0,0.0,0.005428437143564224,False,True,
s-008,after_common_greedy_prefix,3,50,0,-7286.249591947,7725.822466021,11649.182006997,6368.6859415439,2418.361731647048,7826.938183335,540.6885913879996,0.013088019788018405,0.0,0.0,0.0752023197710514,False,False,
s-008,after_common_greedy_prefix,3,50,1,-7286.249591947,7725.822466021,11649.182006997,6368.6859415439,2418.361731647048,7826.938183335,540.6885913879996,0.013088019788018405,0.0,0.0,0.07401484251022339,False,False,
s-008,after_common_greedy_prefix,4,50,0,-30974.262581688003,31413.835455762,53915.047287008,25951.35488783556,2418.361731647048,32581.372208377,1607.109626688998,0.037166322917147894,0.0,0.0,0.07807424291968346,False,False,
s-008,after_common_greedy_prefix,4,50,1,-30974.262581688003,31413.835455762,53915.047287008,25951.35488783556,2418.361731647048,32581.372208377,1607.109626688998,0.037166322917147894,0.0,0.0,0.07668492570519447,False,False,
s-008,after_common_greedy_prefix,5,50,0,808.189559117,0.0,0.0,0.0,2418.361731647048,0.0,808.189559117,0.0,0.0,0.0,0.005506411194801331,False,True,
s-008,after_common_greedy_prefix,5,50,1,808.189559117,0.0,0.0,0.0,2418.361731647048,0.0,808.189559117,0.0,0.0,0.0,0.005417603999376297,False,True,
s-008,after_common_greedy_prefix,6,50,0,-7021.777102333999,7992.369396947,11041.452791173,6837.817923836466,2418.361731647048,8228.493370937,1206.7162686030006,0.029543676257030492,0.0,0.0,0.07485299929976463,False,False,
s-008,after_common_greedy_prefix,6,50,1,-7021.777102333999,7992.369396947,11041.452791173,6837.817923836466,2418.361731647048,8228.493370937,1206.7162686030006,0.029543676257030492,0.0,0.0,0.07465089112520218,False,False,
s-008,after_common_greedy_prefix,7,50,0,-30368.008155565,31176.197714682,49388.579700915,25420.647920801755,2418.361731647048,32467.869144156,2099.860988591001,0.04143133300908297,0.0,0.0,0.0776626244187355,False,False,
s-008,after_common_greedy_prefix,7,50,1,-30368.008155565,31176.197714682,49388.579700915,25420.647920801755,2418.361731647048,32467.869144156,2099.860988591001,0.04143133300908297,0.0,0.0,0.07720344513654709,False,False,
s-008,after_common_greedy_prefix,8,50,0,1456.6742791919999,0.0,0.0,0.0,2418.361731647048,0.0,1456.6742791919999,0.0,0.0,0.0,0.005510509014129639,False,True,
s-008,after_common_greedy_prefix,8,50,1,1456.6742791919999,0.0,0.0,0.0,2418.361731647048,0.0,1456.6742791919999,0.0,0.0,0.0,0.005419023334980011,False,True,
s-008,after_common_greedy_prefix,9,50,0,-6373.292382259,7992.369396947,11041.452791173,6837.817923836466,2418.361731647048,8228.493370937,1855.2009886779997,0.029543676257030492,0.0,0.0,0.07602711021900177,False,False,
s-008,after_common_greedy_prefix,9,50,1,-6373.292382259,7992.369396947,11041.452791173,6837.817923836466,2418.361731647048,8228.493370937,1855.2009886779997,0.029543676257030492,0.0,0.0,0.07453225553035736,False,False,
s-008,after_common_greedy_prefix,10,50,0,-30265.453416451,32683.815148098,49624.864532516,26466.987529130794,2418.361731647048,33838.934116862,3573.4807004110007,0.03534223172937082,1155.1189687639526,0.0010872245661959939,0.07636404410004616,False,False,0.07636404410004616
s-008,after_common_greedy_prefix,10,50,1,-30265.453416451,32683.815148098,49624.864532516,26466.987529130794,2418.361731647048,33838.934116862,3573.4807004110007,0.03534223172937082,1155.1189687639526,0.0010872245661959939,0.07652256637811661,False,False,0.07652256637811661
s-008,after_common_greedy_prefix,0,10,0,-6438.8880800629995,6494.644112254,10707.136480705,5504.022156424005,2418.361731647048,7006.202929139,567.3148490760004,0.07876625848055295,0.0,0.0,0.0347956083714962,False,False,
s-008,after_common_greedy_prefix,0,10,1,-6438.8880800629995,6494.644112254,10707.136480705,5504.022156424005,2418.361731647048,7006.202929139,567.3148490760004,0.07876625848055295,0.0,0.0,0.03131987527012825,False,False,
s-008,after_common_greedy_prefix,1,10,0,-29964.695193626998,29964.695193626998,56030.182327323,26671.23930995569,2418.361731647048,32065.337372782,2100.642179155002,0.0701039061329005,0.0,0.0,0.03461609035730362,False,False,
s-008,after_common_greedy_prefix,1,10,1,-29964.695193626998,29964.695193626998,56030.182327323,26671.23930995569,2418.361731647048,32065.337372782,2100.642179155002,0.0701039061329005,0.0,0.0,0.036838676780462265,False,False,
s-008,after_common_greedy_prefix,2,10,0,439.57287407399997,0.0,0.0,0.0,2418.361731647048,0.0,439.57287407399997,0.0,0.0,0.0,0.0054674334824085236,False,True,
s-008,after_common_greedy_prefix,2,10,1,439.57287407399997,0.0,0.0,0.0,2418.361731647048,0.0,439.57287407399997,0.0,0.0,0.0,0.005388490855693817,False,True,
s-008,after_common_greedy_prefix,3,10,0,-7286.249591947,7725.822466021,11649.182006997,6368.6859415439,2418.361731647048,7826.938183335,540.6885913879996,0.013088019788018405,0.0,0.0,0.03427158296108246,False,False,
s-008,after_common_greedy_prefix,3,10,1,-7286.249591947,7725.822466021,11649.182006997,6368.6859415439,2418.361731647048,7826.938183335,540.6885913879996,0.013088019788018405,0.0,0.0,0.03600608557462692,False,False,
s-008,after_common_greedy_prefix,4,10,0,-30974.262581688003,31413.835455762,53915.047287008,25951.35488783556,2418.361731647048,32581.372208377,1607.109626688998,0.037166322917147894,0.0,0.0,0.037213247269392014,False,False,
s-008,after_common_greedy_prefix,4,10,1,-30974.262581688003,31413.835455762,53915.047287008,25951.35488783556,2418.361731647048,32581.372208377,1607.109626688998,0.037166322917147894,0.0,0.0,0.03610698878765106,False,False,
s-008,after_common_greedy_prefix,5,10,0,808.189559117,0.0,0.0,0.0,2418.361731647048,0.0,808.189559117,0.0,0.0,0.0,0.005316201597452164,False,True,
s-008,after_common_greedy_prefix,5,10,1,808.189559117,0.0,0.0,0.0,2418.361731647048,0.0,808.189559117,0.0,0.0,0.0,0.005436524748802185,False,True,
s-008,after_common_greedy_prefix,6,10,0,-7021.777102333999,7992.369396947,11041.452791173,6837.817923836466,2418.361731647048,8228.493370937,1206.7162686030006,0.029543676257030492,0.0,0.0,0.03352539241313934,False,False,
s-008,after_common_greedy_prefix,6,10,1,-7021.777102333999,7992.369396947,11041.452791173,6837.817923836466,2418.361731647048,8228.493370937,1206.7162686030006,0.029543676257030492,0.0,0.0,0.034452907741069794,False,False,
s-008,after_common_greedy_prefix,7,10,0,-30368.008155565,31176.197714682,49388.579700915,25420.647920801755,2418.361731647048,32344.431501521,1976.4233459560019,0.037471977741815474,0.0,0.0,0.036541372537612915,False,False,
s-008,after_common_greedy_prefix,7,10,1,-30368.008155565,31176.197714682,49388.579700915,25420.647920801755,2418.361731647048,32344.431501521,1976.4233459560019,0.037471977741815474,0.0,0.0,0.03695078194141388,False,False,
s-008,after_common_greedy_prefix,8,10,0,1456.6742791919999,0.0,0.0,0.0,2418.361731647048,0.0,1456.6742791919999,0.0,0.0,0.0,0.005362574011087418,False,True,
s-008,after_common_greedy_prefix,8,10,1,1456.6742791919999,0.0,0.0,0.0,2418.361731647048,0.0,1456.6742791919999,0.0,0.0,0.0,0.005365733057260513,False,True,
s-008,after_common_greedy_prefix,9,10,0,-6373.292382259,7992.369396947,11041.452791173,6837.817923836466,2418.361731647048,8228.493370937,1855.2009886779997,0.029543676257030492,0.0,0.0,0.03356191888451576,False,False,
s-008,after_common_greedy_prefix,9,10,1,-6373.292382259,7992.369396947,11041.452791173,6837.817923836466,2418.361731647048,8228.493370937,1855.2009886779997,0.029543676257030492,0.0,0.0,0.035006046295166016,False,False,
s-008,after_common_greedy_prefix,10,10,0,-30265.453416451,32683.815148098,49624.864532516,26466.987529130794,2418.361731647048,33838.934116862,3573.4807004110007,0.03534223172937082,1155.1189687639526,0.0010872245661959939,0.03752041980624199,False,False,0.03752041980624199
s-008,after_common_greedy_prefix,10,10,1,-30265.453416451,32683.815148098,49624.864532516,26466.987529130794,2418.361731647048,33838.934116862,3573.4807004110007,0.03534223172937082,1155.1189687639526,0.0010872245661959939,0.036082252860069275,False,False,0.036082252860069275
s-009,after_one_actual_history_call,0,200,0,-6438.8880800629995,6494.644112254,10707.136480705,5504.022156424005,2418.361731647048,7006.202929139,567.3148490760004,0.07876625848055295,0.0,0.0,0.22010495513677597,False,False,
s-009,after_one_actual_history_call,0,200,1,-6438.8880800629995,6494.644112254,10707.136480705,5504.022156424005,2418.361731647048,7006.202929139,567.3148490760004,0.07876625848055295,0.0,0.0,0.2192409187555313,False,False,
s-009,after_one_actual_history_call,0,1000,0,-6438.8880800629995,6494.644112254,10707.136480705,5504.022156424005,2418.361731647048,7006.202929139,567.3148490760004,0.07876625848055295,0.0,0.0,1.020644385367632,False,False,
s-009,after_one_actual_history_call,0,1000,1,-6438.8880800629995,6494.644112254,10707.136480705,5504.022156424005,2418.361731647048,7006.202929139,567.3148490760004,0.07876625848055295,0.0,0.0,1.0200174786150455,False,False,
s-009,after_one_actual_history_call,1,200,0,-29964.695193626998,29964.695193626998,56030.182327323,26671.23930995569,2418.361731647048,32144.341263023,2179.6460693960034,0.07274047192242351,0.0,0.0,0.22260301187634468,False,False,
s-009,after_one_actual_history_call,1,200,1,-29964.695193626998,29964.695193626998,56030.182327323,26671.23930995569,2418.361731647048,32144.341263023,2179.6460693960034,0.07274047192242351,0.0,0.0,0.22273561730980873,False,False,
s-009,after_one_actual_history_call,1,1000,0,-29964.695193626998,29964.695193626998,56030.182327323,26671.23930995569,2418.361731647048,32231.501748523,2266.8065548960003,0.07564924456091625,0.0,0.0,1.0234175324440002,False,False,
s-009,after_one_actual_history_call,1,1000,1,-29964.695193626998,29964.695193626998,56030.182327323,26671.23930995569,2418.361731647048,32231.501748523,2266.8065548960003,0.07564924456091625,0.0,0.0,1.022778395563364,False,False,
s-009,after_one_actual_history_call,2,200,0,439.57287407399997,0.0,0.0,0.0,2418.361731647048,0.0,439.57287407399997,0.0,0.0,0.0,0.005318477749824524,False,True,
s-009,after_one_actual_history_call,2,200,1,439.57287407399997,0.0,0.0,0.0,2418.361731647048,0.0,439.57287407399997,0.0,0.0,0.0,0.005275890231132507,False,True,
s-009,after_one_actual_history_call,2,1000,0,439.57287407399997,0.0,0.0,0.0,2418.361731647048,0.0,439.57287407399997,0.0,0.0,0.0,0.005810108035802841,False,True,
s-009,after_one_actual_history_call,2,1000,1,439.57287407399997,0.0,0.0,0.0,2418.361731647048,0.0,439.57287407399997,0.0,0.0,0.0,0.00552576407790184,False,True,
s-009,after_one_actual_history_call,3,200,0,-7286.249591947,7725.822466021,11649.182006997,6368.6859415439,2418.361731647048,7826.938183335,540.6885913879996,0.013088019788018405,0.0,0.0,0.21947652474045753,False,False,
s-009,after_one_actual_history_call,3,200,1,-7286.249591947,7725.822466021,11649.182006997,6368.6859415439,2418.361731647048,7826.938183335,540.6885913879996,0.013088019788018405,0.0,0.0,0.2202979139983654,False,False,
s-009,after_one_actual_history_call,3,1000,0,-7286.249591947,7725.822466021,11649.182006997,6368.6859415439,2418.361731647048,7826.938183335,540.6885913879996,0.013088019788018405,0.0,0.0,1.0215379372239113,False,False,
s-009,after_one_actual_history_call,3,1000,1,-7286.249591947,7725.822466021,11649.182006997,6368.6859415439,2418.361731647048,7826.938183335,540.6885913879996,0.013088019788018405,0.0,0.0,1.021758060902357,False,False,
s-009,after_one_actual_history_call,4,200,0,-30974.262581688003,32703.8894946,53915.047287008,25951.35488783556,2418.361731647048,32703.8894946,1729.6269129119974,0.0,0.0,0.0,0.00411306694149971,False,True,
s-009,after_one_actual_history_call,4,200,1,-30974.262581688003,32703.8894946,53915.047287008,25951.35488783556,2418.361731647048,32703.8894946,1729.6269129119974,0.0,0.0,0.0,0.0039004161953926086,False,True,
s-009,after_one_actual_history_call,4,1000,0,-30974.262581688003,32703.8894946,53915.047287008,25951.35488783556,2418.361731647048,32703.8894946,1729.6269129119974,0.0,0.0,0.0,1.0241380594670773,False,True,
s-009,after_one_actual_history_call,4,1000,1,-30974.262581688003,32703.8894946,53915.047287008,25951.35488783556,2418.361731647048,32703.8894946,1729.6269129119974,0.0,0.0,0.0,1.0234552435576916,False,True,
s-009,after_one_actual_history_call,5,200,0,808.189559117,0.0,0.0,0.0,2418.361731647048,0.0,808.189559117,0.0,0.0,0.0,0.005779333412647247,False,True,
s-009,after_one_actual_history_call,5,200,1,808.189559117,0.0,0.0,0.0,2418.361731647048,0.0,808.189559117,0.0,0.0,0.0,0.005510270595550537,False,True,
s-009,after_one_actual_history_call,5,1000,0,808.189559117,0.0,0.0,0.0,2418.361731647048,0.0,808.189559117,0.0,0.0,0.0,0.005378898233175278,False,True,
s-009,after_one_actual_history_call,5,1000,1,808.189559117,0.0,0.0,0.0,2418.361731647048,0.0,808.189559117,0.0,0.0,0.0,0.0054159015417099,False,True,
s-009,after_one_actual_history_call,6,200,0,-7021.777102333999,7992.369396947,11041.452791173,6837.817923836466,2418.361731647048,8228.493370937,1206.7162686030006,0.029543676257030492,0.0,0.0,0.22016742452979088,False,False,
s-009,after_one_actual_history_call,6,200,1,-7021.777102333999,7992.369396947,11041.452791173,6837.817923836466,2418.361731647048,8228.493370937,1206.7162686030006,0.029543676257030492,0.0,0.0,0.2192683033645153,False,False,
s-009,after_one_actual_history_call,6,1000,0,-7021.777102333999,7992.369396947,11041.452791173,6837.817923836466,2418.361731647048,8228.493370937,1206.7162686030006,0.029543676257030492,0.0,0.0,1.0204009972512722,False,False,
s-009,after_one_actual_history_call,6,1000,1,-7021.777102333999,7992.369396947,11041.452791173,6837.817923836466,2418.361731647048,8228.493370937,1206.7162686030006,0.029543676257030492,0.0,0.0,1.0203519389033318,False,False,
s-009,after_one_actual_history_call,7,200,0,-30368.008155565,31176.197714682,49388.579700915,25420.647920801755,2418.361731647048,32467.869144156,2099.860988591001,0.04143133300908297,0.0,0.0,0.22313343361020088,False,False,
s-009,after_one_actual_history_call,7,200,1,-30368.008155565,31176.197714682,49388.579700915,25420.647920801755,2418.361731647048,32467.869144156,2099.860988591001,0.04143133300908297,0.0,0.0,0.22326162084937096,False,False,
s-009,after_one_actual_history_call,7,1000,0,-30368.008155565,31176.197714682,49388.579700915,25420.647920801755,2418.361731647048,32467.869144156,2099.860988591001,0.04143133300908297,0.0,0.0,1.0227397419512272,False,False,
s-009,after_one_actual_history_call,7,1000,1,-30368.008155565,31176.197714682,49388.579700915,25420.647920801755,2418.361731647048,32467.869144156,2099.860988591001,0.04143133300908297,0.0,0.0,1.0223404541611671,False,False,
s-009,after_one_actual_history_call,8,200,0,1456.6742791919999,0.0,0.0,0.0,2418.361731647048,0.0,1456.6742791919999,0.0,0.0,0.0,0.00534173846244812,False,True,
s-009,after_one_actual_history_call,8,200,1,1456.6742791919999,0.0,0.0,0.0,2418.361731647048,0.0,1456.6742791919999,0.0,0.0,0.0,0.005286425352096558,False,True,
s-009,after_one_actual_history_call,8,1000,0,1456.6742791919999,0.0,0.0,0.0,2418.361731647048,0.0,1456.6742791919999,0.0,0.0,0.0,0.005407959222793579,False,True,
s-009,after_one_actual_history_call,8,1000,1,1456.6742791919999,0.0,0.0,0.0,2418.361731647048,0.0,1456.6742791919999,0.0,0.0,0.0,0.005266234278678894,False,True,
s-009,after_one_actual_history_call,9,200,0,-6373.292382259,7992.369396947,11041.452791173,6837.817923836466,2418.361731647048,8228.493370937,1855.2009886779997,0.029543676257030492,0.0,0.0,0.2195413000881672,False,False,
s-009,after_one_actual_history_call,9,200,1,-6373.292382259,7992.369396947,11041.452791173,6837.817923836466,2418.361731647048,8228.493370937,1855.2009886779997,0.029543676257030492,0.0,0.0,0.2200477384030819,False,False,
s-009,after_one_actual_history_call,9,1000,0,-6373.292382259,7992.369396947,11041.452791173,6837.817923836466,2418.361731647048,8228.493370937,1855.2009886779997,0.029543676257030492,0.0,0.0,1.0201364234089851,False,False,
s-009,after_one_actual_history_call,9,1000,1,-6373.292382259,7992.369396947,11041.452791173,6837.817923836466,2418.361731647048,8228.493370937,1855.2009886779997,0.029543676257030492,0.0,0.0,1.0196157321333885,False,False,
s-009,after_one_actual_history_call,10,200,0,-30265.453416451,32683.815148098,49624.864532516,26466.987529130794,2418.361731647048,33838.934116862,3573.4807004110007,0.03534223172937082,1155.1189687639526,0.0010872245661959939,0.2233678661286831,False,False,0.2233678661286831
s-009,after_one_actual_history_call,10,200,1,-30265.453416451,32683.815148098,49624.864532516,26466.987529130794,2418.361731647048,33838.934116862,3573.4807004110007,0.03534223172937082,1155.1189687639526,0.0010872245661959939,0.222756028175354,False,False,0.222756028175354
s-009,after_one_actual_history_call,10,1000,0,-30265.453416451,32683.815148098,49624.864532516,26466.987529130794,2418.361731647048,33838.934116862,3573.4807004110007,0.03534223172937082,1155.1189687639526,0.0010872245661959939,1.0218895636498928,False,False,1.0218895636498928
s-009,after_one_actual_history_call,10,1000,1,-30265.453416451,32683.815148098,49624.864532516,26466.987529130794,2418.361731647048,33838.934116862,3573.4807004110007,0.03534223172937082,1155.1189687639526,0.0010872245661959939,1.0218791738152504,False,False,1.0218791738152504
s-009,after_one_actual_history_call,0,50,0,-6438.8880800629995,6494.644112254,10707.136480705,5504.022156424005,2418.361731647048,7006.202929139,567.3148490760004,0.07876625848055295,0.0,0.0,0.07481227442622185,False,False,
s-009,after_one_actual_history_call,0,50,1,-6438.8880800629995,6494.644112254,10707.136480705,5504.022156424005,2418.361731647048,7006.202929139,567.3148490760004,0.07876625848055295,0.0,0.0,0.07429428026080132,False,False,
s-009,after_one_actual_history_call,1,50,0,-29964.695193626998,29964.695193626998,56030.182327323,26671.23930995569,2418.361731647048,32144.341263023,2179.6460693960034,0.07274047192242351,0.0,0.0,0.07741224393248558,False,False,
s-009,after_one_actual_history_call,1,50,1,-29964.695193626998,29964.695193626998,56030.182327323,26671.23930995569,2418.361731647048,32144.341263023,2179.6460693960034,0.07274047192242351,0.0,0.0,0.07681500166654587,False,False,
s-009,after_one_actual_history_call,2,50,0,439.57287407399997,0.0,0.0,0.0,2418.361731647048,0.0,439.57287407399997,0.0,0.0,0.0,0.005444992333650589,False,True,
s-009,after_one_actual_history_call,2,50,1,439.57287407399997,0.0,0.0,0.0,2418.361731647048,0.0,439.57287407399997,0.0,0.0,0.0,0.005409654229879379,False,True,
s-009,after_one_actual_history_call,3,50,0,-7286.249591947,7725.822466021,11649.182006997,6368.6859415439,2418.361731647048,7826.938183335,540.6885913879996,0.013088019788018405,0.0,0.0,0.07556631788611412,False,False,
s-009,after_one_actual_history_call,3,50,1,-7286.249591947,7725.822466021,11649.182006997,6368.6859415439,2418.361731647048,7826.938183335,540.6885913879996,0.013088019788018405,0.0,0.0,0.07526836916804314,False,False,
s-009,after_one_actual_history_call,4,50,0,-30974.262581688003,32703.8894946,53915.047287008,25951.35488783556,2418.361731647048,32703.8894946,1729.6269129119974,0.0,0.0,0.0,0.07677507773041725,False,True,
s-009,after_one_actual_history_call,4,50,1,-30974.262581688003,32703.8894946,53915.047287008,25951.35488783556,2418.361731647048,32703.8894946,1729.6269129119974,0.0,0.0,0.0,0.07756024599075317,False,True,
s-009,after_one_actual_history_call,5,50,0,808.189559117,0.0,0.0,0.0,2418.361731647048,0.0,808.189559117,0.0,0.0,0.0,0.005490928888320923,False,True,
s-009,after_one_actual_history_call,5,50,1,808.189559117,0.0,0.0,0.0,2418.361731647048,0.0,808.189559117,0.0,0.0,0.0,0.0054079219698905945,False,True,
s-009,after_one_actual_history_call,6,50,0,-7021.777102333999,7992.369396947,11041.452791173,6837.817923836466,2418.361731647048,8228.493370937,1206.7162686030006,0.029543676257030492,0.0,0.0,0.0761759765446186,False,False,
s-009,after_one_actual_history_call,6,50,1,-7021.777102333999,7992.369396947,11041.452791173,6837.817923836466,2418.361731647048,8228.493370937,1206.7162686030006,0.029543676257030492,0.0,0.0,0.07454806566238403,False,False,
s-009,after_one_actual_history_call,7,50,0,-30368.008155565,31176.197714682,49388.579700915,25420.647920801755,2418.361731647048,32467.869144156,2099.860988591001,0.04143133300908297,0.0,0.0,0.07675454393029213,False,False,
s-009,after_one_actual_history_call,7,50,1,-30368.008155565,31176.197714682,49388.579700915,25420.647920801755,2418.361731647048,32467.869144156,2099.860988591001,0.04143133300908297,0.0,0.0,0.07697410508990288,False,False,
s-009,after_one_actual_history_call,8,50,0,1456.6742791919999,0.0,0.0,0.0,2418.361731647048,0.0,1456.6742791919999,0.0,0.0,0.0,0.005511034280061722,False,True,
s-009,after_one_actual_history_call,8,50,1,1456.6742791919999,0.0,0.0,0.0,2418.361731647048,0.0,1456.6742791919999,0.0,0.0,0.0,0.0054914094507694244,False,True,
s-009,after_one_actual_history_call,9,50,0,-6373.292382259,7992.369396947,11041.452791173,6837.817923836466,2418.361731647048,8228.493370937,1855.2009886779997,0.029543676257030492,0.0,0.0,0.07545479759573936,False,False,
s-009,after_one_actual_history_call,9,50,1,-6373.292382259,7992.369396947,11041.452791173,6837.817923836466,2418.361731647048,8228.493370937,1855.2009886779997,0.029543676257030492,0.0,0.0,0.07507358118891716,False,False,
s-009,after_one_actual_history_call,10,50,0,-30265.453416451,32683.815148098,49624.864532516,26466.987529130794,2418.361731647048,33838.934116862,3573.4807004110007,0.03534223172937082,1155.1189687639526,0.0010872245661959939,0.07694973424077034,False,False,0.07694973424077034
s-009,after_one_actual_history_call,10,50,1,-30265.453416451,32683.815148098,49624.864532516,26466.987529130794,2418.361731647048,33838.934116862,3573.4807004110007,0.03534223172937082,1155.1189687639526,0.0010872245661959939,0.07628710940480232,False,False,0.07628710940480232
s-009,after_one_actual_history_call,0,10,0,-6438.8880800629995,6494.644112254,10707.136480705,5504.022156424005,2418.361731647048,7006.202929139,567.3148490760004,0.07876625848055295,0.0,0.0,0.03467711806297302,False,False,
s-009,after_one_actual_history_call,0,10,1,-6438.8880800629995,6494.644112254,10707.136480705,5504.022156424005,2418.361731647048,7006.202929139,567.3148490760004,0.07876625848055295,0.0,0.0,0.030926302075386047,False,False,
s-009,after_one_actual_history_call,1,10,0,-29964.695193626998,29964.695193626998,56030.182327323,26671.23930995569,2418.361731647048,32065.337372782,2100.642179155002,0.0701039061329005,0.0,0.0,0.03566744178533554,False,False,
s-009,after_one_actual_history_call,1,10,1,-29964.695193626998,29964.695193626998,56030.182327323,26671.23930995569,2418.361731647048,32065.337372782,2100.642179155002,0.0701039061329005,0.0,0.0,0.03632129728794098,False,False,
s-009,after_one_actual_history_call,2,10,0,439.57287407399997,0.0,0.0,0.0,2418.361731647048,0.0,439.57287407399997,0.0,0.0,0.0,0.005334824323654175,False,True,
s-009,after_one_actual_history_call,2,10,1,439.57287407399997,0.0,0.0,0.0,2418.361731647048,0.0,439.57287407399997,0.0,0.0,0.0,0.005284227430820465,False,True,
s-009,after_one_actual_history_call,3,10,0,-7286.249591947,7725.822466021,11649.182006997,6368.6859415439,2418.361731647048,7826.938183335,540.6885913879996,0.013088019788018405,0.0,0.0,0.03505651280283928,False,False,
s-009,after_one_actual_history_call,3,10,1,-7286.249591947,7725.822466021,11649.182006997,6368.6859415439,2418.361731647048,7826.938183335,540.6885913879996,0.013088019788018405,0.0,0.0,0.03455786034464836,False,False,
s-009,after_one_actual_history_call,4,10,0,-30974.262581688003,32703.8894946,53915.047287008,25951.35488783556,2418.361731647048,32703.8894946,1729.6269129119974,0.0,0.0,0.0,0.040004026144742966,False,True,
s-009,after_one_actual_history_call,4,10,1,-30974.262581688003,32703.8894946,53915.047287008,25951.35488783556,2418.361731647048,32703.8894946,1729.6269129119974,0.0,0.0,0.0,0.03754269331693649,False,True,
s-009,after_one_actual_history_call,5,10,0,808.189559117,0.0,0.0,0.0,2418.361731647048,0.0,808.189559117,0.0,0.0,0.0,0.00539804995059967,False,True,
s-009,after_one_actual_history_call,5,10,1,808.189559117,0.0,0.0,0.0,2418.361731647048,0.0,808.189559117,0.0,0.0,0.0,0.005380809307098389,False,True,
s-009,after_one_actual_history_call,6,10,0,-7021.777102333999,7992.369396947,11041.452791173,6837.817923836466,2418.361731647048,8228.493370937,1206.7162686030006,0.029543676257030492,0.0,0.0,0.035677261650562286,False,False,
s-009,after_one_actual_history_call,6,10,1,-7021.777102333999,7992.369396947,11041.452791173,6837.817923836466,2418.361731647048,8228.493370937,1206.7162686030006,0.029543676257030492,0.0,0.0,0.035511624068021774,False,False,
s-009,after_one_actual_history_call,7,10,0,-30368.008155565,31176.197714682,49388.579700915,25420.647920801755,2418.361731647048,32344.431501521,1976.4233459560019,0.037471977741815474,0.0,0.0,0.03761420026421547,False,False,
s-009,after_one_actual_history_call,7,10,1,-30368.008155565,31176.197714682,49388.579700915,25420.647920801755,2418.361731647048,32344.431501521,1976.4233459560019,0.037471977741815474,0.0,0.0,0.037405963987112045,False,False,
s-009,after_one_actual_history_call,8,10,0,1456.6742791919999,0.0,0.0,0.0,2418.361731647048,0.0,1456.6742791919999,0.0,0.0,0.0,0.00539591908454895,False,True,
s-009,after_one_actual_history_call,8,10,1,1456.6742791919999,0.0,0.0,0.0,2418.361731647048,0.0,1456.6742791919999,0.0,0.0,0.0,0.005387250334024429,False,True,
s-009,after_one_actual_history_call,9,10,0,-6373.292382259,7992.369396947,11041.452791173,6837.817923836466,2418.361731647048,8228.493370937,1855.2009886779997,0.029543676257030492,0.0,0.0,0.035512905567884445,False,False,
s-009,after_one_actual_history_call,9,10,1,-6373.292382259,7992.369396947,11041.452791173,6837.817923836466,2418.361731647048,8228.493370937,1855.2009886779997,0.029543676257030492,0.0,0.0,0.034701697528362274,False,False,
s-009,after_one_actual_history_call,10,10,0,-30265.453416451,32683.815148098,49624.864532516,26466.987529130794,2418.361731647048,33838.934116862,3573.4807004110007,0.03534223172937082,1155.1189687639526,0.0010872245661959939,0.037582557648420334,False,False,0.037582557648420334
s-009,after_one_actual_history_call,10,10,1,-30265.453416451,32683.815148098,49624.864532516,26466.987529130794,2418.361731647048,33838.934116862,3573.4807004110007,0.03534223172937082,1155.1189687639526,0.0010872245661959939,0.03667354956269264,False,False,0.03667354956269264
s-010,after_common_greedy_prefix,0,200,0,-8707.613513483,9043.001966843,17756.94930372,7401.007451602712,2574.901472619036,9409.969170644,702.3556571610006,0.04058024151122828,0.0,0.0,0.22097763046622276,False,False,
s-010,after_common_greedy_prefix,0,200,1,-8707.613513483,9043.001966843,17756.94930372,7401.007451602712,2574.901472619036,9409.969170644,702.3556571610006,0.04058024151122828,0.0,0.0,0.22043635323643684,False,False,
s-010,after_common_greedy_prefix,0,1000,0,-8707.613513483,9043.001966843,17756.94930372,7401.007451602712,2574.901472619036,9409.969170644,702.3556571610006,0.04058024151122828,0.0,0.0,1.0209148153662682,False,False,
s-010,after_common_greedy_prefix,0,1000,1,-8707.613513483,9043.001966843,17756.94930372,7401.007451602712,2574.901472619036,9409.969170644,702.3556571610006,0.04058024151122828,0.0,0.0,1.0206136852502823,False,False,
s-010,after_common_greedy_prefix,1,200,0,-30711.692966886,31257.057936104,47686.326994314,25055.11667856545,2574.901472619036,32028.213820373,1316.5208534869998,0.024671416159684767,0.0,0.0,0.2224997542798519,False,False,
s-010,after_common_greedy_prefix,1,200,1,-30711.692966886,31257.057936104,47686.326994314,25055.11667856545,2574.901472619036,32028.213820373,1316.5208534869998,0.024671416159684767,0.0,0.0,0.22232979536056519,False,False,
s-010,after_common_greedy_prefix,1,1000,0,-30711.692966886,31257.057936104,47686.326994314,25055.11667856545,2574.901472619036,32028.213820373,1316.5208534869998,0.024671416159684767,0.0,0.0,1.0234594829380512,False,False,
s-010,after_common_greedy_prefix,1,1000,1,-30711.692966886,31257.057936104,47686.326994314,25055.11667856545,2574.901472619036,32028.213820373,1316.5208534869998,0.024671416159684767,0.0,0.0,1.0227176547050476,False,False,
s-010,after_common_greedy_prefix,2,200,0,439.57287407399997,0.0,0.0,0.0,2574.901472619036,0.0,439.57287407399997,0.0,0.0,0.0,0.005655542016029358,False,True,
s-010,after_common_greedy_prefix,2,200,1,439.57287407399997,0.0,0.0,0.0,2574.901472619036,0.0,439.57287407399997,0.0,0.0,0.0,0.005557205528020859,False,True,
s-010,after_common_greedy_prefix,2,1000,0,439.57287407399997,0.0,0.0,0.0,2574.901472619036,0.0,439.57287407399997,0.0,0.0,0.0,0.005545530468225479,False,True,
s-010,after_common_greedy_prefix,2,1000,1,439.57287407399997,0.0,0.0,0.0,2574.901472619036,0.0,439.57287407399997,0.0,0.0,0.0,0.005439605563879013,False,True,
s-010,after_common_greedy_prefix,3,200,0,-7054.099726668001,7493.672600742,11852.468359874,6077.990993449338,2574.901472619036,7681.536018273,627.4362916049995,0.025069605724754803,0.0,0.0,0.2209632433950901,False,False,
s-010,after_common_greedy_prefix,3,200,1,-7054.099726668001,7493.672600742,11852.468359874,6077.990993449338,2574.901472619036,7681.536018273,627.4362916049995,0.025069605724754803,0.0,0.0,0.21988317370414734,False,False,
s-010,after_common_greedy_prefix,3,1000,0,-7054.099726668001,7493.672600742,11852.468359874,6077.990993449338,2574.901472619036,7681.536018273,627.4362916049995,0.025069605724754803,0.0,0.0,1.0201143883168697,False,False,
s-010,after_common_greedy_prefix,3,1000,1,-7054.099726668001,7493.672600742,11852.468359874,6077.990993449338,2574.901472619036,7681.536018273,627.4362916049995,0.025069605724754803,0.0,0.0,1.0195678919553757,False,False,
s-010,after_common_greedy_prefix,4,200,0,-30548.467674962,30988.040549036,54592.408979517,25727.431112176127,2574.901472619036,31986.903568899,1438.4358939369995,0.03223382318357251,0.0,0.0,0.22347816452383995,False,False,
s-010,after_common_greedy_prefix,4,200,1,-30548.467674962,30988.040549036,54592.408979517,25727.431112176127,2574.901472619036,31986.903568899,1438.4358939369995,0.03223382318357251,0.0,0.0,0.22241482511162758,False,False,
s-010,after_common_greedy_prefix,4,1000,0,-30548.467674962,30988.040549036,54592.408979517,25727.431112176127,2574.901472619036,32325.518337714,1777.0506627519972,0.0431610958608871,0.0,0.0,1.0220000445842743,False,False,
s-010,after_common_greedy_prefix,4,1000,1,-30548.467674962,30988.040549036,54592.408979517,25727.431112176127,2574.901472619036,32325.518337714,1777.0506627519972,0.0431610958608871,0.0,0.0,1.0239374376833439,False,False,
s-010,after_common_greedy_prefix,5,200,0,808.189559117,0.0,0.0,0.0,2574.901472619036,0.0,808.189559117,0.0,0.0,0.0,0.005361068993806839,False,True,
s-010,after_common_greedy_prefix,5,200,1,808.189559117,0.0,0.0,0.0,2574.901472619036,0.0,808.189559117,0.0,0.0,0.0,0.005312155932188034,False,True,
s-010,after_common_greedy_prefix,5,1000,0,808.189559117,0.0,0.0,0.0,2574.901472619036,0.0,808.189559117,0.0,0.0,0.0,0.005320776253938675,False,True,
s-010,after_common_greedy_prefix,5,1000,1,808.189559117,0.0,0.0,0.0,2574.901472619036,0.0,808.189559117,0.0,0.0,0.0,0.005296945571899414,False,True,
s-010,after_common_greedy_prefix,6,200,0,-7021.777102333999,7992.369396947,11041.452791173,6837.817923836466,2574.901472619036,8228.493370937,1206.7162686030006,0.029543676257030492,0.0,0.0,0.2198782041668892,False,False,
s-010,after_common_greedy_prefix,6,200,1,-7021.777102333999,7992.369396947,11041.452791173,6837.817923836466,2574.901472619036,8228.493370937,1206.7162686030006,0.029543676257030492,0.0,0.0,0.21967624127864838,False,False,
s-010,after_common_greedy_prefix,6,1000,0,-7021.777102333999,7992.369396947,11041.452791173,6837.817923836466,2574.901472619036,8228.493370937,1206.7162686030006,0.029543676257030492,0.0,0.0,1.019640427082777,False,False,
s-010,after_common_greedy_prefix,6,1000,1,-7021.777102333999,7992.369396947,11041.452791173,6837.817923836466,2574.901472619036,8228.493370937,1206.7162686030006,0.029543676257030492,0.0,0.0,1.019798617810011,False,False,
s-010,after_common_greedy_prefix,7,200,0,-31569.522069650997,32377.711628768,47693.92272815,26242.489347219922,2574.901472619036,33577.512584228,2007.9905145770063,0.037056385244779465,0.0,0.0,0.2225194126367569,False,False,
s-010,after_common_greedy_prefix,7,200,1,-31569.522069650997,32377.711628768,47693.92272815,26242.489347219922,2574.901472619036,33577.512584228,2007.9905145770063,0.037056385244779465,0.0,0.0,0.2221527099609375,False,False,
s-010,after_common_greedy_prefix,7,1000,0,-31569.522069650997,32377.711628768,47693.92272815,26242.489347219922,2574.901472619036,33577.512584228,2007.9905145770063,0.037056385244779465,0.0,0.0,1.0220888741314411,False,False,
s-010,after_common_greedy_prefix,7,1000,1,-31569.522069650997,32377.711628768,47693.92272815,26242.489347219922,2574.901472619036,33577.512584228,2007.9905145770063,0.037056385244779465,0.0,0.0,1.022314965724945,False,False,
s-010,after_common_greedy_prefix,8,200,0,1456.6742791919999,0.0,0.0,0.0,2574.901472619036,0.0,1456.6742791919999,0.0,0.0,0.0,0.005361288785934448,False,True,
s-010,after_common_greedy_prefix,8,200,1,1456.6742791919999,0.0,0.0,0.0,2574.901472619036,0.0,1456.6742791919999,0.0,0.0,0.0,0.0053246356546878815,False,True,
s-010,after_common_greedy_prefix,8,1000,0,1456.6742791919999,0.0,0.0,0.0,2574.901472619036,0.0,1456.6742791919999,0.0,0.0,0.0,0.005304906517267227,False,True,
s-010,after_common_greedy_prefix,8,1000,1,1456.6742791919999,0.0,0.0,0.0,2574.901472619036,0.0,1456.6742791919999,0.0,0.0,0.0,0.0053345561027526855,False,True,
s-010,after_common_greedy_prefix,9,200,0,-6373.292382259,7992.369396947,11041.452791173,6837.817923836466,2574.901472619036,8228.493370937,1855.2009886779997,0.029543676257030492,0.0,0.0,0.21893510967493057,False,False,
s-010,after_common_greedy_prefix,9,200,1,-6373.292382259,7992.369396947,11041.452791173,6837.817923836466,2574.901472619036,8228.493370937,1855.2009886779997,0.029543676257030492,0.0,0.0,0.22011171653866768,False,False,
s-010,after_common_greedy_prefix,9,1000,0,-6373.292382259,7992.369396947,11041.452791173,6837.817923836466,2574.901472619036,8228.493370937,1855.2009886779997,0.029543676257030492,0.0,0.0,1.0201248675584793,False,False,
s-010,after_common_greedy_prefix,9,1000,1,-6373.292382259,7992.369396947,11041.452791173,6837.817923836466,2574.901472619036,8228.493370937,1855.2009886779997,0.029543676257030492,0.0,0.0,1.0207088738679886,False,False,
s-010,after_common_greedy_prefix,10,200,0,-30233.01767443,32807.919147049,50252.327453513,26725.95059679816,2574.901472619036,33954.210316027,3721.1926415969974,0.034939465799101364,1146.2911689779612,0.001078915637806514,0.22333595156669617,False,False,0.22333595156669617
s-010,after_common_greedy_prefix,10,200,1,-30233.01767443,32807.919147049,50252.327453513,26725.95059679816,2574.901472619036,33954.210316027,3721.1926415969974,0.034939465799101364,1146.2911689779612,0.001078915637806514,0.223046462982893,False,False,0.223046462982893
s-010,after_common_greedy_prefix,10,1000,0,-30233.01767443,32807.919147049,50252.327453513,26725.95059679816,2574.901472619036,33954.210316027,3721.1926415969974,0.034939465799101364,1146.2911689779612,0.001078915637806514,1.0218691155314445,False,False,1.0218691155314445
s-010,after_common_greedy_prefix,10,1000,1,-30233.01767443,32807.919147049,50252.327453513,26725.95059679816,2574.901472619036,33954.210316027,3721.1926415969974,0.034939465799101364,1146.2911689779612,0.001078915637806514,1.0217992030084133,False,False,1.0217992030084133
s-010,after_common_greedy_prefix,0,50,0,-8707.613513483,9043.001966843,17756.94930372,7401.007451602712,2574.901472619036,9409.969170644,702.3556571610006,0.04058024151122828,0.0,0.0,0.07485096901655197,False,False,
s-010,after_common_greedy_prefix,0,50,1,-8707.613513483,9043.001966843,17756.94930372,7401.007451602712,2574.901472619036,9409.969170644,702.3556571610006,0.04058024151122828,0.0,0.0,0.07434439286589622,False,False,
s-010,after_common_greedy_prefix,1,50,0,-30711.692966886,31257.057936104,47686.326994314,25055.11667856545,2574.901472619036,32028.213820373,1316.5208534869998,0.024671416159684767,0.0,0.0,0.07697420194745064,False,False,
s-010,after_common_greedy_prefix,1,50,1,-30711.692966886,31257.057936104,47686.326994314,25055.11667856545,2574.901472619036,32028.213820373,1316.5208534869998,0.024671416159684767,0.0,0.0,0.07719248533248901,False,False,
s-010,after_common_greedy_prefix,2,50,0,439.57287407399997,0.0,0.0,0.0,2574.901472619036,0.0,439.57287407399997,0.0,0.0,0.0,0.00551890954375267,False,True,
s-010,after_common_greedy_prefix,2,50,1,439.57287407399997,0.0,0.0,0.0,2574.901472619036,0.0,439.57287407399997,0.0,0.0,0.0,0.005425244569778442,False,True,
s-010,after_common_greedy_prefix,3,50,0,-7054.099726668001,7493.672600742,11852.468359874,6077.990993449338,2574.901472619036,7681.536018273,627.4362916049995,0.025069605724754803,0.0,0.0,0.07527421787381172,False,False,
s-010,after_common_greedy_prefix,3,50,1,-7054.099726668001,7493.672600742,11852.468359874,6077.990993449338,2574.901472619036,7681.536018273,627.4362916049995,0.025069605724754803,0.0,0.0,0.0748060792684555,False,False,
s-010,after_common_greedy_prefix,4,50,0,-30548.467674962,30988.040549036,54592.408979517,25727.431112176127,2574.901472619036,31986.903568899,1438.4358939369995,0.03223382318357251,0.0,0.0,0.07855352759361267,False,False,
s-010,after_common_greedy_prefix,4,50,1,-30548.467674962,30988.040549036,54592.408979517,25727.431112176127,2574.901472619036,31986.903568899,1438.4358939369995,0.03223382318357251,0.0,0.0,0.07727178558707237,False,False,
s-010,after_common_greedy_prefix,5,50,0,808.189559117,0.0,0.0,0.0,2574.901472619036,0.0,808.189559117,0.0,0.0,0.0,0.005463678389787674,False,True,
s-010,after_common_greedy_prefix,5,50,1,808.189559117,0.0,0.0,0.0,2574.901472619036,0.0,808.189559117,0.0,0.0,0.0,0.005417976528406143,False,True,
s-010,after_common_greedy_prefix,6,50,0,-7021.777102333999,7992.369396947,11041.452791173,6837.817923836466,2574.901472619036,8228.493370937,1206.7162686030006,0.029543676257030492,0.0,0.0,0.07390733808279037,False,False,
s-010,after_common_greedy_prefix,6,50,1,-7021.777102333999,7992.369396947,11041.452791173,6837.817923836466,2574.901472619036,8228.493370937,1206.7162686030006,0.029543676257030492,0.0,0.0,0.07481198757886887,False,False,
s-010,after_common_greedy_prefix,7,50,0,-31569.522069650997,32377.711628768,47693.92272815,26242.489347219922,2574.901472619036,33577.512584228,2007.9905145770063,0.037056385244779465,0.0,0.0,0.0766059048473835,False,False,
s-010,after_common_greedy_prefix,7,50,1,-31569.522069650997,32377.711628768,47693.92272815,26242.489347219922,2574.901472619036,33577.512584228,2007.9905145770063,0.037056385244779465,0.0,0.0,0.07677450403571129,False,False,
s-010,after_common_greedy_prefix,8,50,0,1456.6742791919999,0.0,0.0,0.0,2574.901472619036,0.0,1456.6742791919999,0.0,0.0,0.0,0.005590230226516724,False,True,
s-010,after_common_greedy_prefix,8,50,1,1456.6742791919999,0.0,0.0,0.0,2574.901472619036,0.0,1456.6742791919999,0.0,0.0,0.0,0.005622580647468567,False,True,
s-010,after_common_greedy_prefix,9,50,0,-6373.292382259,7992.369396947,11041.452791173,6837.817923836466,2574.901472619036,8228.493370937,1855.2009886779997,0.029543676257030492,0.0,0.0,0.07416078075766563,False,False,
s-010,after_common_greedy_prefix,9,50,1,-6373.292382259,7992.369396947,11041.452791173,6837.817923836466,2574.901472619036,8228.493370937,1855.2009886779997,0.029543676257030492,0.0,0.0,0.07391800358891487,False,False,
s-010,after_common_greedy_prefix,10,50,0,-30233.01767443,32807.919147049,50252.327453513,26725.95059679816,2574.901472619036,33954.210316027,3721.1926415969974,0.034939465799101364,1146.2911689779612,0.001078915637806514,0.07737770676612854,False,False,0.07737770676612854
s-010,after_common_greedy_prefix,10,50,1,-30233.01767443,32807.919147049,50252.327453513,26725.95059679816,2574.901472619036,33954.210316027,3721.1926415969974,0.034939465799101364,1146.2911689779612,0.001078915637806514,0.07703006267547607,False,False,0.07703006267547607
s-010,after_common_greedy_prefix,0,10,0,-8707.613513483,9043.001966843,17756.94930372,7401.007451602712,2574.901472619036,9409.969170644,702.3556571610006,0.04058024151122828,0.0,0.0,0.03583941236138344,False,False,
s-010,after_common_greedy_prefix,0,10,1,-8707.613513483,9043.001966843,17756.94930372,7401.007451602712,2574.901472619036,9409.969170644,702.3556571610006,0.04058024151122828,0.0,0.0,0.03149053826928139,False,False,
s-010,after_common_greedy_prefix,1,10,0,-30711.692966886,31257.057936104,47686.326994314,25055.11667856545,2574.901472619036,32028.213820373,1316.5208534869998,0.024671416159684767,0.0,0.0,0.03354647755622864,False,False,
s-010,after_common_greedy_prefix,1,10,1,-30711.692966886,31257.057936104,47686.326994314,25055.11667856545,2574.901472619036,32028.213820373,1316.5208534869998,0.024671416159684767,0.0,0.0,0.034164879471063614,False,False,
s-010,after_common_greedy_prefix,2,10,0,439.57287407399997,0.0,0.0,0.0,2574.901472619036,0.0,439.57287407399997,0.0,0.0,0.0,0.0053006187081336975,False,True,
s-010,after_common_greedy_prefix,2,10,1,439.57287407399997,0.0,0.0,0.0,2574.901472619036,0.0,439.57287407399997,0.0,0.0,0.0,0.0054376497864723206,False,True,
s-010,after_common_greedy_prefix,3,10,0,-7054.099726668001,7493.672600742,11852.468359874,6077.990993449338,2574.901472619036,7681.536018273,627.4362916049995,0.025069605724754803,0.0,0.0,0.03578726574778557,False,False,
s-010,after_common_greedy_prefix,3,10,1,-7054.099726668001,7493.672600742,11852.468359874,6077.990993449338,2574.901472619036,7681.536018273,627.4362916049995,0.025069605724754803,0.0,0.0,0.03484382852911949,False,False,
s-010,after_common_greedy_prefix,4,10,0,-30548.467674962,30988.040549036,54592.408979517,25727.431112176127,2574.901472619036,31986.903568899,1438.4358939369995,0.03223382318357251,0.0,0.0,0.0371253602206707,False,False,
s-010,after_common_greedy_prefix,4,10,1,-30548.467674962,30988.040549036,54592.408979517,25727.431112176127,2574.901472619036,31986.903568899,1438.4358939369995,0.03223382318357251,0.0,0.0,0.03661896288394928,False,False,
s-010,after_common_greedy_prefix,5,10,0,808.189559117,0.0,0.0,0.0,2574.901472619036,0.0,808.189559117,0.0,0.0,0.0,0.005585353821516037,False,True,
s-010,after_common_greedy_prefix,5,10,1,808.189559117,0.0,0.0,0.0,2574.901472619036,0.0,808.189559117,0.0,0.0,0.0,0.005407273769378662,False,True,
s-010,after_common_greedy_prefix,6,10,0,-7021.777102333999,7992.369396947,11041.452791173,6837.817923836466,2574.901472619036,8228.493370937,1206.7162686030006,0.029543676257030492,0.0,0.0,0.035766150802373886,False,False,
s-010,after_common_greedy_prefix,6,10,1,-7021.777102333999,7992.369396947,11041.452791173,6837.817923836466,2574.901472619036,8228.493370937,1206.7162686030006,0.029543676257030492,0.0,0.0,0.036068517714738846,False,False,
s-010,after_common_greedy_prefix,7,10,0,-31569.522069650997,32377.711628768,47693.92272815,26242.489347219922,2574.901472619036,33570.587031263,2001.0649616120027,0.03684248646637259,0.0,0.0,0.03794088959693909,False,False,
s-010,after_common_greedy_prefix,7,10,1,-31569.522069650997,32377.711628768,47693.92272815,26242.489347219922,2574.901472619036,33570.587031263,2001.0649616120027,0.03684248646637259,0.0,0.0,0.03699832409620285,False,False,
s-010,after_common_greedy_prefix,8,10,0,1456.6742791919999,0.0,0.0,0.0,2574.901472619036,0.0,1456.6742791919999,0.0,0.0,0.0,0.005307890474796295,False,True,
s-010,after_common_greedy_prefix,8,10,1,1456.6742791919999,0.0,0.0,0.0,2574.901472619036,0.0,1456.6742791919999,0.0,0.0,0.0,0.005242690443992615,False,True,
s-010,after_common_greedy_prefix,9,10,0,-6373.292382259,7992.369396947,11041.452791173,6837.817923836466,2574.901472619036,8228.493370937,1855.2009886779997,0.029543676257030492,0.0,0.0,0.03538135811686516,False,False,
s-010,after_common_greedy_prefix,9,10,1,-6373.292382259,7992.369396947,11041.452791173,6837.817923836466,2574.901472619036,8228.493370937,1855.2009886779997,0.029543676257030492,0.0,0.0,0.034394435584545135,False,False,
s-010,after_common_greedy_prefix,10,10,0,-30233.01767443,32807.919147049,50252.327453513,26725.95059679816,2574.901472619036,33954.210316027,3721.1926415969974,0.034939465799101364,1146.2911689779612,0.001078915637806514,0.037100911140441895,False,False,0.037100911140441895
s-010,after_common_greedy_prefix,10,10,1,-30233.01767443,32807.919147049,50252.327453513,26725.95059679816,2574.901472619036,33954.210316027,3721.1926415969974,0.034939465799101364,1146.2911689779612,0.001078915637806514,0.0379231758415699,False,False,0.0379231758415699
s-011,after_one_actual_history_call,0,200,0,-8707.613513483,9043.001966843,17756.94930372,7401.007451602712,2574.901472619036,9409.969170644,702.3556571610006,0.04058024151122828,0.0,0.0,0.22093702852725983,False,False,
s-011,after_one_actual_history_call,0,200,1,-8707.613513483,9043.001966843,17756.94930372,7401.007451602712,2574.901472619036,9409.969170644,702.3556571610006,0.04058024151122828,0.0,0.0,0.21995161101222038,False,False,
s-011,after_one_actual_history_call,0,1000,0,-8707.613513483,9043.001966843,17756.94930372,7401.007451602712,2574.901472619036,9409.969170644,702.3556571610006,0.04058024151122828,0.0,0.0,1.0200863778591156,False,False,
s-011,after_one_actual_history_call,0,1000,1,-8707.613513483,9043.001966843,17756.94930372,7401.007451602712,2574.901472619036,9409.969170644,702.3556571610006,0.04058024151122828,0.0,0.0,1.0315452814102173,False,False,
s-011,after_one_actual_history_call,1,200,0,-30711.692966886,31257.057936104,47686.326994314,25055.11667856545,2574.901472619036,32028.213820373,1316.5208534869998,0.024671416159684767,0.0,0.0,0.23341964185237885,False,False,
s-011,after_one_actual_history_call,1,200,1,-30711.692966886,31257.057936104,47686.326994314,25055.11667856545,2574.901472619036,32028.213820373,1316.5208534869998,0.024671416159684767,0.0,0.0,0.23094698414206505,False,False,
s-011,after_one_actual_history_call,1,1000,0,-30711.692966886,31257.057936104,47686.326994314,25055.11667856545,2574.901472619036,32028.213820373,1316.5208534869998,0.024671416159684767,0.0,0.0,1.0267207585275173,False,False,
s-011,after_one_actual_history_call,1,1000,1,-30711.692966886,31257.057936104,47686.326994314,25055.11667856545,2574.901472619036,32028.213820373,1316.5208534869998,0.024671416159684767,0.0,0.0,1.0306744985282421,False,False,
s-011,after_one_actual_history_call,2,200,0,439.57287407399997,0.0,0.0,0.0,2574.901472619036,0.0,439.57287407399997,0.0,0.0,0.0,0.008242934942245483,False,True,
s-011,after_one_actual_history_call,2,200,1,439.57287407399997,0.0,0.0,0.0,2574.901472619036,0.0,439.57287407399997,0.0,0.0,0.0,0.006696876138448715,False,True,
s-011,after_one_actual_history_call,2,1000,0,439.57287407399997,0.0,0.0,0.0,2574.901472619036,0.0,439.57287407399997,0.0,0.0,0.0,0.006906464695930481,False,True,
s-011,after_one_actual_history_call,2,1000,1,439.57287407399997,0.0,0.0,0.0,2574.901472619036,0.0,439.57287407399997,0.0,0.0,0.0,0.006551135331392288,False,True,
s-011,after_one_actual_history_call,3,200,0,-7054.099726668001,7493.672600742,11852.468359874,6077.990993449338,2574.901472619036,7681.536018273,627.4362916049995,0.025069605724754803,0.0,0.0,0.22847389429807663,False,False,
s-011,after_one_actual_history_call,3,200,1,-7054.099726668001,7493.672600742,11852.468359874,6077.990993449338,2574.901472619036,7681.536018273,627.4362916049995,0.025069605724754803,0.0,0.0,0.2207886464893818,False,False,
s-011,after_one_actual_history_call,3,1000,0,-7054.099726668001,7493.672600742,11852.468359874,6077.990993449338,2574.901472619036,7681.536018273,627.4362916049995,0.025069605724754803,0.0,0.0,1.0214665941894054,False,False,
s-011,after_one_actual_history_call,3,1000,1,-7054.099726668001,7493.672600742,11852.468359874,6077.990993449338,2574.901472619036,7681.536018273,627.4362916049995,0.025069605724754803,0.0,0.0,1.024729534983635,False,False,
s-011,after_one_actual_history_call,4,200,0,-30548.467674962,30988.040549036,54592.408979517,25727.431112176127,2574.901472619036,31986.903568899,1438.4358939369995,0.03223382318357251,0.0,0.0,0.2369372807443142,False,False,
s-011,after_one_actual_history_call,4,200,1,-30548.467674962,30988.040549036,54592.408979517,25727.431112176127,2574.901472619036,31986.903568899,1438.4358939369995,0.03223382318357251,0.0,0.0,0.23718220368027687,False,False,
s-011,after_one_actual_history_call,4,1000,0,-30548.467674962,30988.040549036,54592.408979517,25727.431112176127,2574.901472619036,32325.518337714,1777.0506627519972,0.0431610958608871,0.0,0.0,1.0317117758095264,False,False,
s-011,after_one_actual_history_call,4,1000,1,-30548.467674962,30988.040549036,54592.408979517,25727.431112176127,2574.901472619036,32325.518337714,1777.0506627519972,0.0431610958608871,0.0,0.0,1.030714511871338,False,False,
s-011,after_one_actual_history_call,5,200,0,808.189559117,0.0,0.0,0.0,2574.901472619036,0.0,808.189559117,0.0,0.0,0.0,0.0038533098995685577,False,True,
s-011,after_one_actual_history_call,5,200,1,808.189559117,0.0,0.0,0.0,2574.901472619036,0.0,808.189559117,0.0,0.0,0.0,0.0035125277936458588,False,True,
s-011,after_one_actual_history_call,5,1000,0,808.189559117,0.0,0.0,0.0,2574.901472619036,0.0,808.189559117,0.0,0.0,0.0,0.005320880562067032,False,True,
s-011,after_one_actual_history_call,5,1000,1,808.189559117,0.0,0.0,0.0,2574.901472619036,0.0,808.189559117,0.0,0.0,0.0,0.005307633429765701,False,True,
s-011,after_one_actual_history_call,6,200,0,-7021.777102333999,7992.369396947,11041.452791173,6837.817923836466,2574.901472619036,8228.493370937,1206.7162686030006,0.029543676257030492,0.0,0.0,0.22089305892586708,False,False,
s-011,after_one_actual_history_call,6,200,1,-7021.777102333999,7992.369396947,11041.452791173,6837.817923836466,2574.901472619036,8228.493370937,1206.7162686030006,0.029543676257030492,0.0,0.0,0.21977270767092705,False,False,
s-011,after_one_actual_history_call,6,1000,0,-7021.777102333999,7992.369396947,11041.452791173,6837.817923836466,2574.901472619036,8228.493370937,1206.7162686030006,0.029543676257030492,0.0,0.0,1.0243778117001057,False,False,
s-011,after_one_actual_history_call,6,1000,1,-7021.777102333999,7992.369396947,11041.452791173,6837.817923836466,2574.901472619036,8228.493370937,1206.7162686030006,0.029543676257030492,0.0,0.0,1.029348962008953,False,False,
s-011,after_one_actual_history_call,7,200,0,-31569.522069650997,32377.711628768,47693.92272815,26242.489347219922,2574.901472619036,33577.512584228,2007.9905145770063,0.037056385244779465,0.0,0.0,0.23750025033950806,False,False,
s-011,after_one_actual_history_call,7,200,1,-31569.522069650997,32377.711628768,47693.92272815,26242.489347219922,2574.901472619036,33577.512584228,2007.9905145770063,0.037056385244779465,0.0,0.0,0.23735004663467407,False,False,
s-011,after_one_actual_history_call,7,1000,0,-31569.522069650997,32377.711628768,47693.92272815,26242.489347219922,2574.901472619036,33577.512584228,2007.9905145770063,0.037056385244779465,0.0,0.0,1.0341334827244282,False,False,
s-011,after_one_actual_history_call,7,1000,1,-31569.522069650997,32377.711628768,47693.92272815,26242.489347219922,2574.901472619036,33577.512584228,2007.9905145770063,0.037056385244779465,0.0,0.0,1.026854034513235,False,False,
s-011,after_one_actual_history_call,8,200,0,1456.6742791919999,0.0,0.0,0.0,2574.901472619036,0.0,1456.6742791919999,0.0,0.0,0.0,0.005350030958652496,False,True,
s-011,after_one_actual_history_call,8,200,1,1456.6742791919999,0.0,0.0,0.0,2574.901472619036,0.0,1456.6742791919999,0.0,0.0,0.0,0.005267944186925888,False,True,
s-011,after_one_actual_history_call,8,1000,0,1456.6742791919999,0.0,0.0,0.0,2574.901472619036,0.0,1456.6742791919999,0.0,0.0,0.0,0.0052641332149505615,False,True,
s-011,after_one_actual_history_call,8,1000,1,1456.6742791919999,0.0,0.0,0.0,2574.901472619036,0.0,1456.6742791919999,0.0,0.0,0.0,0.005252406001091003,False,True,
s-011,after_one_actual_history_call,9,200,0,-6373.292382259,7992.369396947,11041.452791173,6837.817923836466,2574.901472619036,8228.493370937,1855.2009886779997,0.029543676257030492,0.0,0.0,0.22294502332806587,False,False,
s-011,after_one_actual_history_call,9,200,1,-6373.292382259,7992.369396947,11041.452791173,6837.817923836466,2574.901472619036,8228.493370937,1855.2009886779997,0.029543676257030492,0.0,0.0,0.22119120880961418,False,False,
s-011,after_one_actual_history_call,9,1000,0,-6373.292382259,7992.369396947,11041.452791173,6837.817923836466,2574.901472619036,8228.493370937,1855.2009886779997,0.029543676257030492,0.0,0.0,1.0284047685563564,False,False,
s-011,after_one_actual_history_call,9,1000,1,-6373.292382259,7992.369396947,11041.452791173,6837.817923836466,2574.901472619036,8228.493370937,1855.2009886779997,0.029543676257030492,0.0,0.0,1.0284736342728138,False,False,
s-011,after_one_actual_history_call,10,200,0,-30233.01767443,32807.919147049,50252.327453513,26725.95059679816,2574.901472619036,33954.210316027,3721.1926415969974,0.034939465799101364,1146.2911689779612,0.001078915637806514,0.22564634680747986,False,False,0.22564634680747986
s-011,after_one_actual_history_call,10,200,1,-30233.01767443,32807.919147049,50252.327453513,26725.95059679816,2574.901472619036,33954.210316027,3721.1926415969974,0.034939465799101364,1146.2911689779612,0.001078915637806514,0.22296540811657906,False,False,0.22296540811657906
s-011,after_one_actual_history_call,10,1000,0,-30233.01767443,32807.919147049,50252.327453513,26725.95059679816,2574.901472619036,33954.210316027,3721.1926415969974,0.034939465799101364,1146.2911689779612,0.001078915637806514,1.02768824249506,False,False,1.02768824249506
s-011,after_one_actual_history_call,10,1000,1,-30233.01767443,32807.919147049,50252.327453513,26725.95059679816,2574.901472619036,33954.210316027,3721.1926415969974,0.034939465799101364,1146.2911689779612,0.001078915637806514,1.037949312478304,False,False,1.037949312478304
s-011,after_one_actual_history_call,0,50,0,-8707.613513483,9043.001966843,17756.94930372,7401.007451602712,2574.901472619036,9409.969170644,702.3556571610006,0.04058024151122828,0.0,0.0,0.07528926059603691,False,False,
s-011,after_one_actual_history_call,0,50,1,-8707.613513483,9043.001966843,17756.94930372,7401.007451602712,2574.901472619036,9409.969170644,702.3556571610006,0.04058024151122828,0.0,0.0,0.07534024119377136,False,False,
s-011,after_one_actual_history_call,1,50,0,-30711.692966886,31257.057936104,47686.326994314,25055.11667856545,2574.901472619036,32028.213820373,1316.5208534869998,0.024671416159684767,0.0,0.0,0.07763806730508804,False,False,
s-011,after_one_actual_history_call,1,50,1,-30711.692966886,31257.057936104,47686.326994314,25055.11667856545,2574.901472619036,32028.213820373,1316.5208534869998,0.024671416159684767,0.0,0.0,0.07826125994324684,False,False,
s-011,after_one_actual_history_call,2,50,0,439.57287407399997,0.0,0.0,0.0,2574.901472619036,0.0,439.57287407399997,0.0,0.0,0.0,0.0054923370480537415,False,True,
s-011,after_one_actual_history_call,2,50,1,439.57287407399997,0.0,0.0,0.0,2574.901472619036,0.0,439.57287407399997,0.0,0.0,0.0,0.005440898239612579,False,True,
s-011,after_one_actual_history_call,3,50,0,-7054.099726668001,7493.672600742,11852.468359874,6077.990993449338,2574.901472619036,7681.536018273,627.4362916049995,0.025069605724754803,0.0,0.0,0.07523734495043755,False,False,
s-011,after_one_actual_history_call,3,50,1,-7054.099726668001,7493.672600742,11852.468359874,6077.990993449338,2574.901472619036,7681.536018273,627.4362916049995,0.025069605724754803,0.0,0.0,0.07540294155478477,False,False,
s-011,after_one_actual_history_call,4,50,0,-30548.467674962,30988.040549036,54592.408979517,25727.431112176127,2574.901472619036,31986.903568899,1438.4358939369995,0.03223382318357251,0.0,0.0,0.07846731320023537,False,False,
s-011,after_one_actual_history_call,4,50,1,-30548.467674962,30988.040549036,54592.408979517,25727.431112176127,2574.901472619036,31986.903568899,1438.4358939369995,0.03223382318357251,0.0,0.0,0.08754860609769821,False,False,
s-011,after_one_actual_history_call,5,50,0,808.189559117,0.0,0.0,0.0,2574.901472619036,0.0,808.189559117,0.0,0.0,0.0,0.005591887980699539,False,True,
s-011,after_one_actual_history_call,5,50,1,808.189559117,0.0,0.0,0.0,2574.901472619036,0.0,808.189559117,0.0,0.0,0.0,0.005508240312337875,False,True,
s-011,after_one_actual_history_call,6,50,0,-7021.777102333999,7992.369396947,11041.452791173,6837.817923836466,2574.901472619036,8228.493370937,1206.7162686030006,0.029543676257030492,0.0,0.0,0.07439057156443596,False,False,
s-011,after_one_actual_history_call,6,50,1,-7021.777102333999,7992.369396947,11041.452791173,6837.817923836466,2574.901472619036,8228.493370937,1206.7162686030006,0.029543676257030492,0.0,0.0,0.07423827052116394,False,False,
s-011,after_one_actual_history_call,7,50,0,-31569.522069650997,32377.711628768,47693.92272815,26242.489347219922,2574.901472619036,33577.512584228,2007.9905145770063,0.037056385244779465,0.0,0.0,0.07775156944990158,False,False,
s-011,after_one_actual_history_call,7,50,1,-31569.522069650997,32377.711628768,47693.92272815,26242.489347219922,2574.901472619036,33577.512584228,2007.9905145770063,0.037056385244779465,0.0,0.0,0.07709408178925514,False,False,
s-011,after_one_actual_history_call,8,50,0,1456.6742791919999,0.0,0.0,0.0,2574.901472619036,0.0,1456.6742791919999,0.0,0.0,0.0,0.005335498601198196,False,True,
s-011,after_one_actual_history_call,8,50,1,1456.6742791919999,0.0,0.0,0.0,2574.901472619036,0.0,1456.6742791919999,0.0,0.0,0.0,0.005300398916006088,False,True,
s-011,after_one_actual_history_call,9,50,0,-6373.292382259,7992.369396947,11041.452791173,6837.817923836466,2574.901472619036,8228.493370937,1855.2009886779997,0.029543676257030492,0.0,0.0,0.07457814738154411,False,False,
s-011,after_one_actual_history_call,9,50,1,-6373.292382259,7992.369396947,11041.452791173,6837.817923836466,2574.901472619036,8228.493370937,1855.2009886779997,0.029543676257030492,0.0,0.0,0.07443588227033615,False,False,
s-011,after_one_actual_history_call,10,50,0,-30233.01767443,32807.919147049,50252.327453513,26725.95059679816,2574.901472619036,33954.210316027,3721.1926415969974,0.034939465799101364,1146.2911689779612,0.001078915637806514,0.07814301922917366,False,False,0.07814301922917366
s-011,after_one_actual_history_call,10,50,1,-30233.01767443,32807.919147049,50252.327453513,26725.95059679816,2574.901472619036,33954.210316027,3721.1926415969974,0.034939465799101364,1146.2911689779612,0.001078915637806514,0.0781780518591404,False,False,0.0781780518591404
s-011,after_one_actual_history_call,0,10,0,-8707.613513483,9043.001966843,17756.94930372,7401.007451602712,2574.901472619036,9409.969170644,702.3556571610006,0.04058024151122828,0.0,0.0,0.034725744277238846,False,False,
s-011,after_one_actual_history_call,0,10,1,-8707.613513483,9043.001966843,17756.94930372,7401.007451602712,2574.901472619036,9409.969170644,702.3556571610006,0.04058024151122828,0.0,0.0,0.031631018966436386,False,False,
s-011,after_one_actual_history_call,1,10,0,-30711.692966886,31257.057936104,47686.326994314,25055.11667856545,2574.901472619036,32028.213820373,1316.5208534869998,0.024671416159684767,0.0,0.0,0.035458650439977646,False,False,
s-011,after_one_actual_history_call,1,10,1,-30711.692966886,31257.057936104,47686.326994314,25055.11667856545,2574.901472619036,32028.213820373,1316.5208534869998,0.024671416159684767,0.0,0.0,0.034020062536001205,False,False,
s-011,after_one_actual_history_call,2,10,0,439.57287407399997,0.0,0.0,0.0,2574.901472619036,0.0,439.57287407399997,0.0,0.0,0.0,0.0054752640426158905,False,True,
s-011,after_one_actual_history_call,2,10,1,439.57287407399997,0.0,0.0,0.0,2574.901472619036,0.0,439.57287407399997,0.0,0.0,0.0,0.005449604243040085,False,True,
s-011,after_one_actual_history_call,3,10,0,-7054.099726668001,7493.672600742,11852.468359874,6077.990993449338,2574.901472619036,7681.536018273,627.4362916049995,0.025069605724754803,0.0,0.0,0.03510859236121178,False,False,
s-011,after_one_actual_history_call,3,10,1,-7054.099726668001,7493.672600742,11852.468359874,6077.990993449338,2574.901472619036,7681.536018273,627.4362916049995,0.025069605724754803,0.0,0.0,0.03627299144864082,False,False,
s-011,after_one_actual_history_call,4,10,0,-30548.467674962,30988.040549036,54592.408979517,25727.431112176127,2574.901472619036,31986.903568899,1438.4358939369995,0.03223382318357251,0.0,0.0,0.037271589040756226,False,False,
s-011,after_one_actual_history_call,4,10,1,-30548.467674962,30988.040549036,54592.408979517,25727.431112176127,2574.901472619036,31986.903568899,1438.4358939369995,0.03223382318357251,0.0,0.0,0.036121219396591187,False,False,
s-011,after_one_actual_history_call,5,10,0,808.189559117,0.0,0.0,0.0,2574.901472619036,0.0,808.189559117,0.0,0.0,0.0,0.00545613095164299,False,True,
s-011,after_one_actual_history_call,5,10,1,808.189559117,0.0,0.0,0.0,2574.901472619036,0.0,808.189559117,0.0,0.0,0.0,0.005374472588300705,False,True,
s-011,after_one_actual_history_call,6,10,0,-7021.777102333999,7992.369396947,11041.452791173,6837.817923836466,2574.901472619036,8228.493370937,1206.7162686030006,0.029543676257030492,0.0,0.0,0.034889549016952515,False,False,
s-011,after_one_actual_history_call,6,10,1,-7021.777102333999,7992.369396947,11041.452791173,6837.817923836466,2574.901472619036,8228.493370937,1206.7162686030006,0.029543676257030492,0.0,0.0,0.03517017140984535,False,False,
s-011,after_one_actual_history_call,7,10,0,-31569.522069650997,32377.711628768,47693.92272815,26242.489347219922,2574.901472619036,33570.587031263,2001.0649616120027,0.03684248646637259,0.0,0.0,0.03786896541714668,False,False,
s-011,after_one_actual_history_call,7,10,1,-31569.522069650997,32377.711628768,47693.92272815,26242.489347219922,2574.901472619036,33570.587031263,2001.0649616120027,0.03684248646637259,0.0,0.0,0.037083134055137634,False,False,
s-011,after_one_actual_history_call,8,10,0,1456.6742791919999,0.0,0.0,0.0,2574.901472619036,0.0,1456.6742791919999,0.0,0.0,0.0,0.005431830883026123,False,True,
s-011,after_one_actual_history_call,8,10,1,1456.6742791919999,0.0,0.0,0.0,2574.901472619036,0.0,1456.6742791919999,0.0,0.0,0.0,0.005328953266143799,False,True,
s-011,after_one_actual_history_call,9,10,0,-6373.292382259,7992.369396947,11041.452791173,6837.817923836466,2574.901472619036,8228.493370937,1855.2009886779997,0.029543676257030492,0.0,0.0,0.035457510501146317,False,False,
s-011,after_one_actual_history_call,9,10,1,-6373.292382259,7992.369396947,11041.452791173,6837.817923836466,2574.901472619036,8228.493370937,1855.2009886779997,0.029543676257030492,0.0,0.0,0.035536423325538635,False,False,
s-011,after_one_actual_history_call,10,10,0,-30233.01767443,32807.919147049,50252.327453513,26725.95059679816,2574.901472619036,33954.210316027,3721.1926415969974,0.034939465799101364,1146.2911689779612,0.001078915637806514,0.036588747054338455,False,False,0.036588747054338455
s-011,after_one_actual_history_call,10,10,1,-30233.01767443,32807.919147049,50252.327453513,26725.95059679816,2574.901472619036,33954.210316027,3721.1926415969974,0.034939465799101364,1146.2911689779612,0.001078915637806514,0.037600789219141006,False,False,0.037600789219141006
