snapshot_id,state_kind,action_index,workpoint_ms,repeat,q_seconds,L_seconds,U_seconds,P1_recovery_seconds,snapshot_best_gain_seconds,recovery_value_seconds,q_plus_recovery_seconds,local_delta,beyond_snapshot_gain_seconds,beyond_snapshot_global_fraction,complete_conditional_return_seconds,failed,zero_extra_gain,earliest_verified_more_than_snapshot_gain_seconds
s-000,after_common_greedy_prefix,0,200,0,-8815.053831154999,8815.053831154999,15073.336053099,6190.981395404714,2988.5203036329476,8951.717219628,136.66338847300176,0.015503409405169264,0.0,0.0,0.2201465554535389,False,False,
s-000,after_common_greedy_prefix,0,200,1,-8815.053831154999,8815.053831154999,15073.336053099,6190.981395404714,2988.5203036329476,8951.717219628,136.66338847300176,0.015503409405169264,0.0,0.0,0.22074855491518974,False,False,
s-000,after_common_greedy_prefix,0,1000,0,-8815.053831154999,8815.053831154999,15073.336053099,6190.981395404714,2988.5203036329476,8951.717219628,136.66338847300176,0.015503409405169264,0.0,0.0,1.0213990807533264,False,False,
s-000,after_common_greedy_prefix,0,1000,1,-8815.053831154999,8815.053831154999,15073.336053099,6190.981395404714,2988.5203036329476,8951.717219628,136.66338847300176,0.015503409405169264,0.0,0.0,1.0202929005026817,False,False,
s-000,after_common_greedy_prefix,1,200,0,-33620.658993704,33620.658993704,49899.601856196,25636.426057595003,2988.5203036329476,33710.736324826,90.07733112200367,0.0026792256254962784,0.0,0.0,0.22170507162809372,False,False,
s-000,after_common_greedy_prefix,1,200,1,-33620.658993704,33620.658993704,49899.601856196,25636.426057595003,2988.5203036329476,33710.736324826,90.07733112200367,0.0026792256254962784,0.0,0.0,0.22234968468546867,False,False,
s-000,after_common_greedy_prefix,1,1000,0,-33620.658993704,33620.658993704,49899.601856196,25636.426057595003,2988.5203036329476,33710.736324826,90.07733112200367,0.0026792256254962784,0.0,0.0,1.0228485874831676,False,False,
s-000,after_common_greedy_prefix,1,1000,1,-33620.658993704,33620.658993704,49899.601856196,25636.426057595003,2988.5203036329476,33710.736324826,90.07733112200367,0.0026792256254962784,0.0,0.0,1.0225768350064754,False,False,
s-000,after_common_greedy_prefix,2,200,0,-0.43335167300006106,0.0,0.0,0.0,2988.5203036329476,0.0,-0.43335167300006106,0.0,0.0,0.0,0.0045522116124629974,False,True,
s-000,after_common_greedy_prefix,2,200,1,-0.43335167300006106,0.0,0.0,0.0,2988.5203036329476,0.0,-0.43335167300006106,0.0,0.0,0.0,0.004503816366195679,False,True,
s-000,after_common_greedy_prefix,2,1000,0,-0.43335167300006106,0.0,0.0,0.0,2988.5203036329476,0.0,-0.43335167300006106,0.0,0.0,0.0,0.00449824333190918,False,True,
s-000,after_common_greedy_prefix,2,1000,1,-0.43335167300006106,0.0,0.0,0.0,2988.5203036329476,0.0,-0.43335167300006106,0.0,0.0,0.0,0.00448903813958168,False,True,
s-000,after_common_greedy_prefix,3,200,0,-9248.716637581001,11147.916921585,17643.902093956,7789.150223914602,2988.5203036329476,11150.542545545,1901.8259079639993,0.00023552597121681437,0.0,0.0,0.21906088292598724,False,False,
s-000,after_common_greedy_prefix,3,200,1,-9248.716637581001,11147.916921585,17643.902093956,7789.150223914602,2988.5203036329476,11150.542545545,1901.8259079639993,0.00023552597121681437,0.0,0.0,0.21883708611130714,False,False,
s-000,after_common_greedy_prefix,3,1000,0,-9248.716637581001,11147.916921585,17643.902093956,7789.150223914602,2988.5203036329476,11150.542545545,1901.8259079639993,0.00023552597121681437,0.0,0.0,1.0193379782140255,False,False,
s-000,after_common_greedy_prefix,3,1000,1,-9248.716637581001,11147.916921585,17643.902093956,7789.150223914602,2988.5203036329476,11150.542545545,1901.8259079639993,0.00023552597121681437,0.0,0.0,1.0184942670166492,False,False,
s-000,after_common_greedy_prefix,4,200,0,-34839.980912649,35055.951490954,50066.712883146,27402.150059236068,2988.5203036329476,36482.956975133,1642.9760624839982,0.040706511262352356,0.0,0.0,0.22194897010922432,False,False,
s-000,after_common_greedy_prefix,4,200,1,-34839.980912649,35055.951490954,50066.712883146,27402.150059236068,2988.5203036329476,36482.956975133,1642.9760624839982,0.040706511262352356,0.0,0.0,0.22134141996502876,False,False,
s-000,after_common_greedy_prefix,4,1000,0,-34839.980912649,35055.951490954,50066.712883146,27402.150059236068,2988.5203036329476,36482.956975133,1642.9760624839982,0.040706511262352356,0.0,0.0,1.022600095719099,False,False,
s-000,after_common_greedy_prefix,4,1000,1,-34839.980912649,35055.951490954,50066.712883146,27402.150059236068,2988.5203036329476,36482.956975133,1642.9760624839982,0.040706511262352356,0.0,0.0,1.0217692703008652,False,False,
s-000,after_common_greedy_prefix,5,200,0,-1.1391199930001221,0.0,0.0,0.0,2988.5203036329476,0.0,-1.1391199930001221,0.0,0.0,0.0,0.00455261766910553,False,True,
s-000,after_common_greedy_prefix,5,200,1,-1.1391199930001221,0.0,0.0,0.0,2988.5203036329476,0.0,-1.1391199930001221,0.0,0.0,0.0,0.00450688973069191,False,True,
s-000,after_common_greedy_prefix,5,1000,0,-1.1391199930001221,0.0,0.0,0.0,2988.5203036329476,0.0,-1.1391199930001221,0.0,0.0,0.0,0.004505448043346405,False,True,
s-000,after_common_greedy_prefix,5,1000,1,-1.1391199930001221,0.0,0.0,0.0,2988.5203036329476,0.0,-1.1391199930001221,0.0,0.0,0.0,0.004497889429330826,False,True,
s-000,after_common_greedy_prefix,6,200,0,-7993.225368818999,9420.881330986,15762.542071349,7191.293508216802,2988.5203036329476,9571.466583186,1578.2412143670008,0.015984200088022982,0.0,0.0,0.21896949782967567,False,False,
s-000,after_common_greedy_prefix,6,200,1,-7993.225368818999,9420.881330986,15762.542071349,7191.293508216802,2988.5203036329476,9571.466583186,1578.2412143670008,0.015984200088022982,0.0,0.0,0.21842804551124573,False,False,
s-000,after_common_greedy_prefix,6,1000,0,-7993.225368818999,9420.881330986,15762.542071349,7191.293508216802,2988.5203036329476,9571.466583186,1578.2412143670008,0.015984200088022982,0.0,0.0,1.0182360783219337,False,False,
s-000,after_common_greedy_prefix,6,1000,1,-7993.225368818999,9420.881330986,15762.542071349,7191.293508216802,2988.5203036329476,9571.466583186,1578.2412143670008,0.015984200088022982,0.0,0.0,1.0188037864863873,False,False,
s-000,after_common_greedy_prefix,7,200,0,-35609.570266972005,35641.804209305,54232.677202922,29162.392473002412,2988.5203036329476,37884.977926174,2275.407659201992,0.06293659276326334,0.0,0.0,0.22196822986006737,False,False,
s-000,after_common_greedy_prefix,7,200,1,-35609.570266972005,35641.804209305,54232.677202922,29162.392473002412,2988.5203036329476,37884.977926174,2275.407659201992,0.06293659276326334,0.0,0.0,0.2214174009859562,False,False,
s-000,after_common_greedy_prefix,7,1000,0,-35609.570266972005,35641.804209305,54232.677202922,29162.392473002412,2988.5203036329476,37884.977926174,2275.407659201992,0.06293659276326334,0.0,0.0,1.0215276814997196,False,False,
s-000,after_common_greedy_prefix,7,1000,1,-35609.570266972005,35641.804209305,54232.677202922,29162.392473002412,2988.5203036329476,37884.977926174,2275.407659201992,0.06293659276326334,0.0,0.0,1.0214803740382195,False,False,
s-000,after_common_greedy_prefix,8,200,0,-3.1714053899995633,1051.873122052,1051.873122052,1011.4652807453333,2988.5203036329476,1051.873122052,1048.7017166620005,0.0,0.0,0.0,0.21728067845106125,False,True,
s-000,after_common_greedy_prefix,8,200,1,-3.1714053899995633,1051.873122052,1051.873122052,1011.4652807453333,2988.5203036329476,1051.873122052,1048.7017166620005,0.0,0.0,0.0,0.2174612618982792,False,True,
s-000,after_common_greedy_prefix,8,1000,0,-3.1714053899995633,1051.873122052,1051.873122052,1011.4652807453333,2988.5203036329476,1051.873122052,1048.7017166620005,0.0,0.0,0.0,1.0172323398292065,False,True,
s-000,after_common_greedy_prefix,8,1000,1,-3.1714053899995633,1051.873122052,1051.873122052,1011.4652807453333,2988.5203036329476,1051.873122052,1048.7017166620005,0.0,0.0,0.0,1.0177871249616146,False,True,
s-000,after_common_greedy_prefix,9,200,0,-8124.411698015,11112.932001648,17419.305076047,8249.723069949385,2988.5203036329476,11115.557625608,2991.145927593,0.0002362674368574646,2.6256239600525078,2.723371082822406e-06,0.21953808143734932,False,False,0.21953808143734932
s-000,after_common_greedy_prefix,9,200,1,-8124.411698015,11112.932001648,17419.305076047,8249.723069949385,2988.5203036329476,11115.557625608,2991.145927593,0.0002362674368574646,2.6256239600525078,2.723371082822406e-06,0.21920186281204224,False,False,0.21920186281204224
s-000,after_common_greedy_prefix,9,1000,0,-8124.411698015,11112.932001648,17419.305076047,8249.723069949385,2988.5203036329476,11115.557625608,2991.145927593,0.0002362674368574646,2.6256239600525078,2.723371082822406e-06,1.0193751007318497,False,False,1.0193751007318497
s-000,after_common_greedy_prefix,9,1000,1,-8124.411698015,11112.932001648,17419.305076047,8249.723069949385,2988.5203036329476,11115.557625608,2991.145927593,0.0002362674368574646,2.6256239600525078,2.723371082822406e-06,1.0192442163825035,False,False,1.0192442163825035
s-000,after_common_greedy_prefix,10,200,0,-35729.702204552006,37867.925792346,62108.670829616996,29828.13465079273,2988.5203036329476,40481.231365706,4751.529161153994,0.069011056683971,1763.0088575210466,0.0018286424158151602,0.2215261459350586,False,False,0.2215261459350586
s-000,after_common_greedy_prefix,10,200,1,-35729.702204552006,37867.925792346,62108.670829616996,29828.13465079273,2988.5203036329476,40481.231365706,4751.529161153994,0.069011056683971,1763.0088575210466,0.0018286424158151602,0.22141359373927116,False,False,0.22141359373927116
s-000,after_common_greedy_prefix,10,1000,0,-35729.702204552006,37867.925792346,62108.670829616996,29828.13465079273,2988.5203036329476,40481.231365706,4751.529161153994,0.069011056683971,1763.0088575210466,0.0018286424158151602,1.0278332643210888,False,False,1.0278332643210888
s-000,after_common_greedy_prefix,10,1000,1,-35729.702204552006,37867.925792346,62108.670829616996,29828.13465079273,2988.5203036329476,40481.231365706,4751.529161153994,0.069011056683971,1763.0088575210466,0.0018286424158151602,1.0276022218167782,False,False,1.0276022218167782
s-000,after_common_greedy_prefix,0,50,0,-8815.053831154999,8815.053831154999,15073.336053099,6190.981395404714,2988.5203036329476,8951.717219628,136.66338847300176,0.015503409405169264,0.0,0.0,0.07380189374089241,False,False,
s-000,after_common_greedy_prefix,0,50,1,-8815.053831154999,8815.053831154999,15073.336053099,6190.981395404714,2988.5203036329476,8951.717219628,136.66338847300176,0.015503409405169264,0.0,0.0,0.07403534278273582,False,False,
s-000,after_common_greedy_prefix,1,50,0,-33620.658993704,33620.658993704,49899.601856196,25636.426057595003,2988.5203036329476,33628.358741805,7.699748101003934,0.0002290183575058964,0.0,0.0,0.07629606500267982,False,False,
s-000,after_common_greedy_prefix,1,50,1,-33620.658993704,33620.658993704,49899.601856196,25636.426057595003,2988.5203036329476,33628.358741805,7.699748101003934,0.0002290183575058964,0.0,0.0,0.07589231431484222,False,False,
s-000,after_common_greedy_prefix,2,50,0,-0.43335167300006106,0.0,0.0,0.0,2988.5203036329476,0.0,-0.43335167300006106,0.0,0.0,0.0,0.004637047648429871,False,True,
s-000,after_common_greedy_prefix,2,50,1,-0.43335167300006106,0.0,0.0,0.0,2988.5203036329476,0.0,-0.43335167300006106,0.0,0.0,0.0,0.004471540451049805,False,True,
s-000,after_common_greedy_prefix,3,50,0,-9248.716637581001,11147.916921585,17643.902093956,7789.150223914602,2988.5203036329476,11150.542545545,1901.8259079639993,0.00023552597121681437,0.0,0.0,0.07520655170083046,False,False,
s-000,after_common_greedy_prefix,3,50,1,-9248.716637581001,11147.916921585,17643.902093956,7789.150223914602,2988.5203036329476,11150.542545545,1901.8259079639993,0.00023552597121681437,0.0,0.0,0.07434950768947601,False,False,
s-000,after_common_greedy_prefix,4,50,0,-34839.980912649,35055.951490954,50066.712883146,27402.150059236068,2988.5203036329476,36482.956975133,1642.9760624839982,0.040706511262352356,0.0,0.0,0.07571875676512718,False,False,
s-000,after_common_greedy_prefix,4,50,1,-34839.980912649,35055.951490954,50066.712883146,27402.150059236068,2988.5203036329476,36482.956975133,1642.9760624839982,0.040706511262352356,0.0,0.0,0.07605602592229843,False,False,
s-000,after_common_greedy_prefix,5,50,0,-1.1391199930001221,0.0,0.0,0.0,2988.5203036329476,0.0,-1.1391199930001221,0.0,0.0,0.0,0.004649486392736435,False,True,
s-000,after_common_greedy_prefix,5,50,1,-1.1391199930001221,0.0,0.0,0.0,2988.5203036329476,0.0,-1.1391199930001221,0.0,0.0,0.0,0.004461992532014847,False,True,
s-000,after_common_greedy_prefix,6,50,0,-7993.225368818999,9420.881330986,15762.542071349,7191.293508216802,2988.5203036329476,9571.466583186,1578.2412143670008,0.015984200088022982,0.0,0.0,0.07307545095682144,False,False,
s-000,after_common_greedy_prefix,6,50,1,-7993.225368818999,9420.881330986,15762.542071349,7191.293508216802,2988.5203036329476,9571.466583186,1578.2412143670008,0.015984200088022982,0.0,0.0,0.07270675152540207,False,False,
s-000,after_common_greedy_prefix,7,50,0,-35609.570266972005,35641.804209305,54232.677202922,29162.392473002412,2988.5203036329476,37884.977926174,2275.407659201992,0.06293659276326334,0.0,0.0,0.0753822885453701,False,False,
s-000,after_common_greedy_prefix,7,50,1,-35609.570266972005,35641.804209305,54232.677202922,29162.392473002412,2988.5203036329476,37884.977926174,2275.407659201992,0.06293659276326334,0.0,0.0,0.07582597434520721,False,False,
s-000,after_common_greedy_prefix,8,50,0,-3.1714053899995633,1051.873122052,1051.873122052,1011.4652807453333,2988.5203036329476,1051.873122052,1048.7017166620005,0.0,0.0,0.0,0.07195112109184265,False,True,
s-000,after_common_greedy_prefix,8,50,1,-3.1714053899995633,1051.873122052,1051.873122052,1011.4652807453333,2988.5203036329476,1051.873122052,1048.7017166620005,0.0,0.0,0.0,0.07299502566456795,False,True,
s-000,after_common_greedy_prefix,9,50,0,-8124.411698015,11112.932001648,17419.305076047,8249.723069949385,2988.5203036329476,11115.557625608,2991.145927593,0.0002362674368574646,2.6256239600525078,2.723371082822406e-06,0.07398300617933273,False,False,0.07398300617933273
s-000,after_common_greedy_prefix,9,50,1,-8124.411698015,11112.932001648,17419.305076047,8249.723069949385,2988.5203036329476,11115.557625608,2991.145927593,0.0002362674368574646,2.6256239600525078,2.723371082822406e-06,0.07374018058180809,False,False,0.07374018058180809
s-000,after_common_greedy_prefix,10,50,0,-35729.702204552006,37867.925792346,62108.670829616996,29828.13465079273,2988.5203036329476,40481.231365706,4751.529161153994,0.069011056683971,1763.0088575210466,0.0018286424158151602,0.07601447030901909,False,False,0.07601447030901909
s-000,after_common_greedy_prefix,10,50,1,-35729.702204552006,37867.925792346,62108.670829616996,29828.13465079273,2988.5203036329476,40481.231365706,4751.529161153994,0.069011056683971,1763.0088575210466,0.0018286424158151602,0.07557752728462219,False,False,0.07557752728462219
s-000,after_common_greedy_prefix,0,10,0,-8815.053831154999,8815.053831154999,15073.336053099,6190.981395404714,2988.5203036329476,8951.717219628,136.66338847300176,0.015503409405169264,0.0,0.0,0.03622157499194145,False,False,
s-000,after_common_greedy_prefix,0,10,1,-8815.053831154999,8815.053831154999,15073.336053099,6190.981395404714,2988.5203036329476,8951.717219628,136.66338847300176,0.015503409405169264,0.0,0.0,0.03361720219254494,False,False,
s-000,after_common_greedy_prefix,1,10,0,-33620.658993704,33620.658993704,49899.601856196,25636.426057595003,2988.5203036329476,33628.358741805,7.699748101003934,0.0002290183575058964,0.0,0.0,0.04228219389915466,False,False,
s-000,after_common_greedy_prefix,1,10,1,-33620.658993704,33620.658993704,49899.601856196,25636.426057595003,2988.5203036329476,33628.358741805,7.699748101003934,0.0002290183575058964,0.0,0.0,0.034347694367170334,False,False,
s-000,after_common_greedy_prefix,2,10,0,-0.43335167300006106,0.0,0.0,0.0,2988.5203036329476,0.0,-0.43335167300006106,0.0,0.0,0.0,0.004697471857070923,False,True,
s-000,after_common_greedy_prefix,2,10,1,-0.43335167300006106,0.0,0.0,0.0,2988.5203036329476,0.0,-0.43335167300006106,0.0,0.0,0.0,0.004485514014959335,False,True,
s-000,after_common_greedy_prefix,3,10,0,-9248.716637581001,11147.916921585,17643.902093956,7789.150223914602,2988.5203036329476,11150.542545545,1901.8259079639993,0.00023552597121681437,0.0,0.0,0.034000545740127563,False,False,
s-000,after_common_greedy_prefix,3,10,1,-9248.716637581001,11147.916921585,17643.902093956,7789.150223914602,2988.5203036329476,11150.542545545,1901.8259079639993,0.00023552597121681437,0.0,0.0,0.03330298513174057,False,False,
s-000,after_common_greedy_prefix,4,10,0,-34839.980912649,35055.951490954,50066.712883146,27402.150059236068,2988.5203036329476,36482.956975133,1642.9760624839982,0.040706511262352356,0.0,0.0,0.03563375771045685,False,False,
s-000,after_common_greedy_prefix,4,10,1,-34839.980912649,35055.951490954,50066.712883146,27402.150059236068,2988.5203036329476,36482.956975133,1642.9760624839982,0.040706511262352356,0.0,0.0,0.03554670512676239,False,False,
s-000,after_common_greedy_prefix,5,10,0,-1.1391199930001221,0.0,0.0,0.0,2988.5203036329476,0.0,-1.1391199930001221,0.0,0.0,0.0,0.004763510078191757,False,True,
s-000,after_common_greedy_prefix,5,10,1,-1.1391199930001221,0.0,0.0,0.0,2988.5203036329476,0.0,-1.1391199930001221,0.0,0.0,0.0,0.004548020660877228,False,True,
s-000,after_common_greedy_prefix,6,10,0,-7993.225368818999,9420.881330986,15762.542071349,7191.293508216802,2988.5203036329476,9571.466583186,1578.2412143670008,0.015984200088022982,0.0,0.0,0.03200645372271538,False,False,
s-000,after_common_greedy_prefix,6,10,1,-7993.225368818999,9420.881330986,15762.542071349,7191.293508216802,2988.5203036329476,9571.466583186,1578.2412143670008,0.015984200088022982,0.0,0.0,0.03171779215335846,False,False,
s-000,after_common_greedy_prefix,7,10,0,-35609.570266972005,35641.804209305,54232.677202922,29162.392473002412,2988.5203036329476,37884.977926174,2275.407659201992,0.06293659276326334,0.0,0.0,0.0351298451423645,False,False,
s-000,after_common_greedy_prefix,7,10,1,-35609.570266972005,35641.804209305,54232.677202922,29162.392473002412,2988.5203036329476,37884.977926174,2275.407659201992,0.06293659276326334,0.0,0.0,0.03448944538831711,False,False,
s-000,after_common_greedy_prefix,8,10,0,-3.1714053899995633,1051.873122052,1051.873122052,1011.4652807453333,2988.5203036329476,1051.873122052,1048.7017166620005,0.0,0.0,0.0,0.031229566782712936,False,True,
s-000,after_common_greedy_prefix,8,10,1,-3.1714053899995633,1051.873122052,1051.873122052,1011.4652807453333,2988.5203036329476,1051.873122052,1048.7017166620005,0.0,0.0,0.0,0.03135625272989273,False,True,
s-000,after_common_greedy_prefix,9,10,0,-8124.411698015,11112.932001648,17419.305076047,8249.723069949385,2988.5203036329476,11115.557625608,2991.145927593,0.0002362674368574646,2.6256239600525078,2.723371082822406e-06,0.03512381389737129,False,False,0.03512381389737129
s-000,after_common_greedy_prefix,9,10,1,-8124.411698015,11112.932001648,17419.305076047,8249.723069949385,2988.5203036329476,11115.557625608,2991.145927593,0.0002362674368574646,2.6256239600525078,2.723371082822406e-06,0.03332259878516197,False,False,0.03332259878516197
s-000,after_common_greedy_prefix,10,10,0,-35729.702204552006,37867.925792346,62108.670829616996,29828.13465079273,2988.5203036329476,40481.231365706,4751.529161153994,0.069011056683971,1763.0088575210466,0.0018286424158151602,0.034787874668836594,False,False,0.034787874668836594
s-000,after_common_greedy_prefix,10,10,1,-35729.702204552006,37867.925792346,62108.670829616996,29828.13465079273,2988.5203036329476,40481.231365706,4751.529161153994,0.069011056683971,1763.0088575210466,0.0018286424158151602,0.03549094870686531,False,False,0.03549094870686531
s-001,after_one_actual_history_call,0,200,0,-8815.053831154999,8951.717219628,15073.336053099,6190.981395404714,2988.5203036329476,8951.717219628,136.66338847300176,0.0,0.0,0.0,0.003629714250564575,False,True,
s-001,after_one_actual_history_call,0,200,1,-8815.053831154999,8951.717219628,15073.336053099,6190.981395404714,2988.5203036329476,8951.717219628,136.66338847300176,0.0,0.0,0.0,0.0033415481448173523,False,True,
s-001,after_one_actual_history_call,0,1000,0,-8815.053831154999,8951.717219628,15073.336053099,6190.981395404714,2988.5203036329476,8951.717219628,136.66338847300176,0.0,0.0,0.0,1.020025085657835,False,True,
s-001,after_one_actual_history_call,0,1000,1,-8815.053831154999,8951.717219628,15073.336053099,6190.981395404714,2988.5203036329476,8951.717219628,136.66338847300176,0.0,0.0,0.0,1.0185188874602318,False,True,
s-001,after_one_actual_history_call,1,200,0,-33620.658993704,33620.658993704,49899.601856196,25636.426057595003,2988.5203036329476,33710.736324826,90.07733112200367,0.0026792256254962784,0.0,0.0,0.22181431204080582,False,False,
s-001,after_one_actual_history_call,1,200,1,-33620.658993704,33620.658993704,49899.601856196,25636.426057595003,2988.5203036329476,33710.736324826,90.07733112200367,0.0026792256254962784,0.0,0.0,0.23489158228039742,False,False,
s-001,after_one_actual_history_call,1,1000,0,-33620.658993704,33620.658993704,49899.601856196,25636.426057595003,2988.5203036329476,33710.736324826,90.07733112200367,0.0026792256254962784,0.0,0.0,1.0293175987899303,False,False,
s-001,after_one_actual_history_call,1,1000,1,-33620.658993704,33620.658993704,49899.601856196,25636.426057595003,2988.5203036329476,33710.736324826,90.07733112200367,0.0026792256254962784,0.0,0.0,1.0276292376220226,False,False,
s-001,after_one_actual_history_call,2,200,0,-0.43335167300006106,0.0,0.0,0.0,2988.5203036329476,0.0,-0.43335167300006106,0.0,0.0,0.0,0.005030728876590729,False,True,
s-001,after_one_actual_history_call,2,200,1,-0.43335167300006106,0.0,0.0,0.0,2988.5203036329476,0.0,-0.43335167300006106,0.0,0.0,0.0,0.004533644765615463,False,True,
s-001,after_one_actual_history_call,2,1000,0,-0.43335167300006106,0.0,0.0,0.0,2988.5203036329476,0.0,-0.43335167300006106,0.0,0.0,0.0,0.004513368010520935,False,True,
s-001,after_one_actual_history_call,2,1000,1,-0.43335167300006106,0.0,0.0,0.0,2988.5203036329476,0.0,-0.43335167300006106,0.0,0.0,0.0,0.004492446780204773,False,True,
s-001,after_one_actual_history_call,3,200,0,-9248.716637581001,11147.916921585,17643.902093956,7789.150223914602,2988.5203036329476,11150.542545545,1901.8259079639993,0.00023552597121681437,0.0,0.0,0.22063105925917625,False,False,
s-001,after_one_actual_history_call,3,200,1,-9248.716637581001,11147.916921585,17643.902093956,7789.150223914602,2988.5203036329476,11150.542545545,1901.8259079639993,0.00023552597121681437,0.0,0.0,0.22052374482154846,False,False,
s-001,after_one_actual_history_call,3,1000,0,-9248.716637581001,11147.916921585,17643.902093956,7789.150223914602,2988.5203036329476,11150.542545545,1901.8259079639993,0.00023552597121681437,0.0,0.0,1.020444244146347,False,False,
s-001,after_one_actual_history_call,3,1000,1,-9248.716637581001,11147.916921585,17643.902093956,7789.150223914602,2988.5203036329476,11150.542545545,1901.8259079639993,0.00023552597121681437,0.0,0.0,1.0203772187232971,False,False,
s-001,after_one_actual_history_call,4,200,0,-34839.980912649,35055.951490954,50066.712883146,27402.150059236068,2988.5203036329476,36482.956975133,1642.9760624839982,0.040706511262352356,0.0,0.0,0.2238525003194809,False,False,
s-001,after_one_actual_history_call,4,200,1,-34839.980912649,35055.951490954,50066.712883146,27402.150059236068,2988.5203036329476,36482.956975133,1642.9760624839982,0.040706511262352356,0.0,0.0,0.22211869806051254,False,False,
s-001,after_one_actual_history_call,4,1000,0,-34839.980912649,35055.951490954,50066.712883146,27402.150059236068,2988.5203036329476,36482.956975133,1642.9760624839982,0.040706511262352356,0.0,0.0,1.0221754238009453,False,False,
s-001,after_one_actual_history_call,4,1000,1,-34839.980912649,35055.951490954,50066.712883146,27402.150059236068,2988.5203036329476,36482.956975133,1642.9760624839982,0.040706511262352356,0.0,0.0,1.0224056914448738,False,False,
s-001,after_one_actual_history_call,5,200,0,-1.1391199930001221,0.0,0.0,0.0,2988.5203036329476,0.0,-1.1391199930001221,0.0,0.0,0.0,0.004676401615142822,False,True,
s-001,after_one_actual_history_call,5,200,1,-1.1391199930001221,0.0,0.0,0.0,2988.5203036329476,0.0,-1.1391199930001221,0.0,0.0,0.0,0.004975952208042145,False,True,
s-001,after_one_actual_history_call,5,1000,0,-1.1391199930001221,0.0,0.0,0.0,2988.5203036329476,0.0,-1.1391199930001221,0.0,0.0,0.0,0.005447834730148315,False,True,
s-001,after_one_actual_history_call,5,1000,1,-1.1391199930001221,0.0,0.0,0.0,2988.5203036329476,0.0,-1.1391199930001221,0.0,0.0,0.0,0.005479007959365845,False,True,
s-001,after_one_actual_history_call,6,200,0,-7993.225368818999,9420.881330986,15762.542071349,7191.293508216802,2988.5203036329476,9571.466583186,1578.2412143670008,0.015984200088022982,0.0,0.0,0.22270121797919273,False,False,
s-001,after_one_actual_history_call,6,200,1,-7993.225368818999,9420.881330986,15762.542071349,7191.293508216802,2988.5203036329476,9571.466583186,1578.2412143670008,0.015984200088022982,0.0,0.0,0.22230751439929008,False,False,
s-001,after_one_actual_history_call,6,1000,0,-7993.225368818999,9420.881330986,15762.542071349,7191.293508216802,2988.5203036329476,9571.466583186,1578.2412143670008,0.015984200088022982,0.0,0.0,1.0207526087760925,False,False,
s-001,after_one_actual_history_call,6,1000,1,-7993.225368818999,9420.881330986,15762.542071349,7191.293508216802,2988.5203036329476,9571.466583186,1578.2412143670008,0.015984200088022982,0.0,0.0,1.020106628537178,False,False,
s-001,after_one_actual_history_call,7,200,0,-35609.570266972005,35641.804209305,54232.677202922,29162.392473002412,2988.5203036329476,37884.977926174,2275.407659201992,0.06293659276326334,0.0,0.0,0.22296002134680748,False,False,
s-001,after_one_actual_history_call,7,200,1,-35609.570266972005,35641.804209305,54232.677202922,29162.392473002412,2988.5203036329476,37884.977926174,2275.407659201992,0.06293659276326334,0.0,0.0,0.2223266065120697,False,False,
s-001,after_one_actual_history_call,7,1000,0,-35609.570266972005,35641.804209305,54232.677202922,29162.392473002412,2988.5203036329476,37884.977926174,2275.407659201992,0.06293659276326334,0.0,0.0,1.0230010189116001,False,False,
s-001,after_one_actual_history_call,7,1000,1,-35609.570266972005,35641.804209305,54232.677202922,29162.392473002412,2988.5203036329476,37884.977926174,2275.407659201992,0.06293659276326334,0.0,0.0,1.0243221633136272,False,False,
s-001,after_one_actual_history_call,8,200,0,-3.1714053899995633,1051.873122052,1051.873122052,1011.4652807453333,2988.5203036329476,1051.873122052,1048.7017166620005,0.0,0.0,0.0,0.21825797110795975,False,True,
s-001,after_one_actual_history_call,8,200,1,-3.1714053899995633,1051.873122052,1051.873122052,1011.4652807453333,2988.5203036329476,1051.873122052,1048.7017166620005,0.0,0.0,0.0,0.21813132986426353,False,True,
s-001,after_one_actual_history_call,8,1000,0,-3.1714053899995633,1051.873122052,1051.873122052,1011.4652807453333,2988.5203036329476,1051.873122052,1048.7017166620005,0.0,0.0,0.0,1.018686044961214,False,True,
s-001,after_one_actual_history_call,8,1000,1,-3.1714053899995633,1051.873122052,1051.873122052,1011.4652807453333,2988.5203036329476,1051.873122052,1048.7017166620005,0.0,0.0,0.0,1.0178633332252502,False,True,
s-001,after_one_actual_history_call,9,200,0,-8124.411698015,11112.932001648,17419.305076047,8249.723069949385,2988.5203036329476,11115.557625608,2991.145927593,0.0002362674368574646,2.6256239600525078,2.723371082822406e-06,0.22048074379563332,False,False,0.22048074379563332
s-001,after_one_actual_history_call,9,200,1,-8124.411698015,11112.932001648,17419.305076047,8249.723069949385,2988.5203036329476,11115.557625608,2991.145927593,0.0002362674368574646,2.6256239600525078,2.723371082822406e-06,0.22043106704950333,False,False,0.22043106704950333
s-001,after_one_actual_history_call,9,1000,0,-8124.411698015,11112.932001648,17419.305076047,8249.723069949385,2988.5203036329476,11115.557625608,2991.145927593,0.0002362674368574646,2.6256239600525078,2.723371082822406e-06,1.022560652345419,False,False,1.022560652345419
s-001,after_one_actual_history_call,9,1000,1,-8124.411698015,11112.932001648,17419.305076047,8249.723069949385,2988.5203036329476,11115.557625608,2991.145927593,0.0002362674368574646,2.6256239600525078,2.723371082822406e-06,1.0211297944188118,False,False,1.0211297944188118
s-001,after_one_actual_history_call,10,200,0,-35729.702204552006,37867.925792346,62108.670829616996,29828.13465079273,2988.5203036329476,40481.231365706,4751.529161153994,0.069011056683971,1763.0088575210466,0.0018286424158151602,0.22246112301945686,False,False,0.22246112301945686
s-001,after_one_actual_history_call,10,200,1,-35729.702204552006,37867.925792346,62108.670829616996,29828.13465079273,2988.5203036329476,40481.231365706,4751.529161153994,0.069011056683971,1763.0088575210466,0.0018286424158151602,0.22285056486725807,False,False,0.22285056486725807
s-001,after_one_actual_history_call,10,1000,0,-35729.702204552006,37867.925792346,62108.670829616996,29828.13465079273,2988.5203036329476,40481.231365706,4751.529161153994,0.069011056683971,1763.0088575210466,0.0018286424158151602,1.0212308280169964,False,False,1.0212308280169964
s-001,after_one_actual_history_call,10,1000,1,-35729.702204552006,37867.925792346,62108.670829616996,29828.13465079273,2988.5203036329476,40481.231365706,4751.529161153994,0.069011056683971,1763.0088575210466,0.0018286424158151602,1.0227040871977806,False,False,1.0227040871977806
s-001,after_one_actual_history_call,0,50,0,-8815.053831154999,8951.717219628,15073.336053099,6190.981395404714,2988.5203036329476,8951.717219628,136.66338847300176,0.0,0.0,0.0,0.07420524209737778,False,True,
s-001,after_one_actual_history_call,0,50,1,-8815.053831154999,8951.717219628,15073.336053099,6190.981395404714,2988.5203036329476,8951.717219628,136.66338847300176,0.0,0.0,0.0,0.07386698201298714,False,True,
s-001,after_one_actual_history_call,1,50,0,-33620.658993704,33620.658993704,49899.601856196,25636.426057595003,2988.5203036329476,33628.358741805,7.699748101003934,0.0002290183575058964,0.0,0.0,0.07586110755801201,False,False,
s-001,after_one_actual_history_call,1,50,1,-33620.658993704,33620.658993704,49899.601856196,25636.426057595003,2988.5203036329476,33628.358741805,7.699748101003934,0.0002290183575058964,0.0,0.0,0.07611805945634842,False,False,
s-001,after_one_actual_history_call,2,50,0,-0.43335167300006106,0.0,0.0,0.0,2988.5203036329476,0.0,-0.43335167300006106,0.0,0.0,0.0,0.0045322515070438385,False,True,
s-001,after_one_actual_history_call,2,50,1,-0.43335167300006106,0.0,0.0,0.0,2988.5203036329476,0.0,-0.43335167300006106,0.0,0.0,0.0,0.004479613155126572,False,True,
s-001,after_one_actual_history_call,3,50,0,-9248.716637581001,11147.916921585,17643.902093956,7789.150223914602,2988.5203036329476,11150.542545545,1901.8259079639993,0.00023552597121681437,0.0,0.0,0.07241019979119301,False,False,
s-001,after_one_actual_history_call,3,50,1,-9248.716637581001,11147.916921585,17643.902093956,7789.150223914602,2988.5203036329476,11150.542545545,1901.8259079639993,0.00023552597121681437,0.0,0.0,0.07260935753583908,False,False,
s-001,after_one_actual_history_call,4,50,0,-34839.980912649,35055.951490954,50066.712883146,27402.150059236068,2988.5203036329476,36482.956975133,1642.9760624839982,0.040706511262352356,0.0,0.0,0.07476482167840004,False,False,
s-001,after_one_actual_history_call,4,50,1,-34839.980912649,35055.951490954,50066.712883146,27402.150059236068,2988.5203036329476,36482.956975133,1642.9760624839982,0.040706511262352356,0.0,0.0,0.07610765099525452,False,False,
s-001,after_one_actual_history_call,5,50,0,-1.1391199930001221,0.0,0.0,0.0,2988.5203036329476,0.0,-1.1391199930001221,0.0,0.0,0.0,0.004582658410072327,False,True,
s-001,after_one_actual_history_call,5,50,1,-1.1391199930001221,0.0,0.0,0.0,2988.5203036329476,0.0,-1.1391199930001221,0.0,0.0,0.0,0.004509124904870987,False,True,
s-001,after_one_actual_history_call,6,50,0,-7993.225368818999,9420.881330986,15762.542071349,7191.293508216802,2988.5203036329476,9571.466583186,1578.2412143670008,0.015984200088022982,0.0,0.0,0.07425723224878311,False,False,
s-001,after_one_actual_history_call,6,50,1,-7993.225368818999,9420.881330986,15762.542071349,7191.293508216802,2988.5203036329476,9571.466583186,1578.2412143670008,0.015984200088022982,0.0,0.0,0.07299834862351418,False,False,
s-001,after_one_actual_history_call,7,50,0,-35609.570266972005,35641.804209305,54232.677202922,29162.392473002412,2988.5203036329476,37884.977926174,2275.407659201992,0.06293659276326334,0.0,0.0,0.07521982863545418,False,False,
s-001,after_one_actual_history_call,7,50,1,-35609.570266972005,35641.804209305,54232.677202922,29162.392473002412,2988.5203036329476,37884.977926174,2275.407659201992,0.06293659276326334,0.0,0.0,0.07523695379495621,False,False,
s-001,after_one_actual_history_call,8,50,0,-3.1714053899995633,1051.873122052,1051.873122052,1011.4652807453333,2988.5203036329476,1051.873122052,1048.7017166620005,0.0,0.0,0.0,0.07174406573176384,False,True,
s-001,after_one_actual_history_call,8,50,1,-3.1714053899995633,1051.873122052,1051.873122052,1011.4652807453333,2988.5203036329476,1051.873122052,1048.7017166620005,0.0,0.0,0.0,0.07203058153390884,False,True,
s-001,after_one_actual_history_call,9,50,0,-8124.411698015,11112.932001648,17419.305076047,8249.723069949385,2988.5203036329476,11115.557625608,2991.145927593,0.0002362674368574646,2.6256239600525078,2.723371082822406e-06,0.07365476340055466,False,False,0.07365476340055466
s-001,after_one_actual_history_call,9,50,1,-8124.411698015,11112.932001648,17419.305076047,8249.723069949385,2988.5203036329476,11115.557625608,2991.145927593,0.0002362674368574646,2.6256239600525078,2.723371082822406e-06,0.07256726920604706,False,False,0.07256726920604706
s-001,after_one_actual_history_call,10,50,0,-35729.702204552006,37867.925792346,62108.670829616996,29828.13465079273,2988.5203036329476,40481.231365706,4751.529161153994,0.069011056683971,1763.0088575210466,0.0018286424158151602,0.07567037642002106,False,False,0.07567037642002106
s-001,after_one_actual_history_call,10,50,1,-35729.702204552006,37867.925792346,62108.670829616996,29828.13465079273,2988.5203036329476,40481.231365706,4751.529161153994,0.069011056683971,1763.0088575210466,0.0018286424158151602,0.07574912905693054,False,False,0.07574912905693054
s-001,after_one_actual_history_call,0,10,0,-8815.053831154999,8951.717219628,15073.336053099,6190.981395404714,2988.5203036329476,8951.717219628,136.66338847300176,0.0,0.0,0.0,0.03625945374369621,False,True,
s-001,after_one_actual_history_call,0,10,1,-8815.053831154999,8951.717219628,15073.336053099,6190.981395404714,2988.5203036329476,8951.717219628,136.66338847300176,0.0,0.0,0.0,0.033899012953042984,False,True,
s-001,after_one_actual_history_call,1,10,0,-33620.658993704,33620.658993704,49899.601856196,25636.426057595003,2988.5203036329476,33628.358741805,7.699748101003934,0.0002290183575058964,0.0,0.0,0.03474149480462074,False,False,
s-001,after_one_actual_history_call,1,10,1,-33620.658993704,33620.658993704,49899.601856196,25636.426057595003,2988.5203036329476,33628.358741805,7.699748101003934,0.0002290183575058964,0.0,0.0,0.03431827202439308,False,False,
s-001,after_one_actual_history_call,2,10,0,-0.43335167300006106,0.0,0.0,0.0,2988.5203036329476,0.0,-0.43335167300006106,0.0,0.0,0.0,0.004516538232564926,False,True,
s-001,after_one_actual_history_call,2,10,1,-0.43335167300006106,0.0,0.0,0.0,2988.5203036329476,0.0,-0.43335167300006106,0.0,0.0,0.0,0.004457615315914154,False,True,
s-001,after_one_actual_history_call,3,10,0,-9248.716637581001,11147.916921585,17643.902093956,7789.150223914602,2988.5203036329476,11150.542545545,1901.8259079639993,0.00023552597121681437,0.0,0.0,0.032281599938869476,False,False,
s-001,after_one_actual_history_call,3,10,1,-9248.716637581001,11147.916921585,17643.902093956,7789.150223914602,2988.5203036329476,11150.542545545,1901.8259079639993,0.00023552597121681437,0.0,0.0,0.032102663069963455,False,False,
s-001,after_one_actual_history_call,4,10,0,-34839.980912649,35055.951490954,50066.712883146,27402.150059236068,2988.5203036329476,36482.956975133,1642.9760624839982,0.040706511262352356,0.0,0.0,0.03600401431322098,False,False,
s-001,after_one_actual_history_call,4,10,1,-34839.980912649,35055.951490954,50066.712883146,27402.150059236068,2988.5203036329476,36482.956975133,1642.9760624839982,0.040706511262352356,0.0,0.0,0.035743407905101776,False,False,
s-001,after_one_actual_history_call,5,10,0,-1.1391199930001221,0.0,0.0,0.0,2988.5203036329476,0.0,-1.1391199930001221,0.0,0.0,0.0,0.004759654402732849,False,True,
s-001,after_one_actual_history_call,5,10,1,-1.1391199930001221,0.0,0.0,0.0,2988.5203036329476,0.0,-1.1391199930001221,0.0,0.0,0.0,0.004596292972564697,False,True,
s-001,after_one_actual_history_call,6,10,0,-7993.225368818999,9420.881330986,15762.542071349,7191.293508216802,2988.5203036329476,9571.466583186,1578.2412143670008,0.015984200088022982,0.0,0.0,0.03277001529932022,False,False,
s-001,after_one_actual_history_call,6,10,1,-7993.225368818999,9420.881330986,15762.542071349,7191.293508216802,2988.5203036329476,9571.466583186,1578.2412143670008,0.015984200088022982,0.0,0.0,0.03170653060078621,False,False,
s-001,after_one_actual_history_call,7,10,0,-35609.570266972005,35641.804209305,54232.677202922,29162.392473002412,2988.5203036329476,37884.977926174,2275.407659201992,0.06293659276326334,0.0,0.0,0.03780636563897133,False,False,
s-001,after_one_actual_history_call,7,10,1,-35609.570266972005,35641.804209305,54232.677202922,29162.392473002412,2988.5203036329476,37884.977926174,2275.407659201992,0.06293659276326334,0.0,0.0,0.038453761488199234,False,False,
s-001,after_one_actual_history_call,8,10,0,-3.1714053899995633,1051.873122052,1051.873122052,1011.4652807453333,2988.5203036329476,1051.873122052,1048.7017166620005,0.0,0.0,0.0,0.031853143125772476,False,True,
s-001,after_one_actual_history_call,8,10,1,-3.1714053899995633,1051.873122052,1051.873122052,1011.4652807453333,2988.5203036329476,1051.873122052,1048.7017166620005,0.0,0.0,0.0,0.0316387303173542,False,True,
s-001,after_one_actual_history_call,9,10,0,-8124.411698015,11112.932001648,17419.305076047,8249.723069949385,2988.5203036329476,11115.557625608,2991.145927593,0.0002362674368574646,2.6256239600525078,2.723371082822406e-06,0.03294951096177101,False,False,0.03294951096177101
s-001,after_one_actual_history_call,9,10,1,-8124.411698015,11112.932001648,17419.305076047,8249.723069949385,2988.5203036329476,11115.557625608,2991.145927593,0.0002362674368574646,2.6256239600525078,2.723371082822406e-06,0.034330520778894424,False,False,0.034330520778894424
s-001,after_one_actual_history_call,10,10,0,-35729.702204552006,37867.925792346,62108.670829616996,29828.13465079273,2988.5203036329476,40481.231365706,4751.529161153994,0.069011056683971,1763.0088575210466,0.0018286424158151602,0.03482678905129433,False,False,0.03482678905129433
s-001,after_one_actual_history_call,10,10,1,-35729.702204552006,37867.925792346,62108.670829616996,29828.13465079273,2988.5203036329476,40481.231365706,4751.529161153994,0.069011056683971,1763.0088575210466,0.0018286424158151602,0.0342535525560379,False,False,0.0342535525560379
s-002,after_common_greedy_prefix,0,200,0,-9124.30403231,9715.533033205,20765.389402611,7455.828027189443,2469.341427457053,10210.72076222,1086.4167299100009,0.05096866299796275,0.0,0.0,0.22160077840089798,False,False,
s-002,after_common_greedy_prefix,0,200,1,-9124.30403231,9715.533033205,20765.389402611,7455.828027189443,2469.341427457053,10210.72076222,1086.4167299100009,0.05096866299796275,0.0,0.0,0.22381453588604927,False,False,
s-002,after_common_greedy_prefix,0,1000,0,-9124.30403231,9715.533033205,20765.389402611,7455.828027189443,2469.341427457053,10210.72076222,1086.4167299100009,0.05096866299796275,0.0,0.0,1.0230193361639977,False,False,
s-002,after_common_greedy_prefix,0,1000,1,-9124.30403231,9715.533033205,20765.389402611,7455.828027189443,2469.341427457053,10210.72076222,1086.4167299100009,0.05096866299796275,0.0,0.0,1.0205147117376328,False,False,
s-002,after_common_greedy_prefix,1,200,0,-34515.713228082,34515.713228082,49673.647879655,27695.09344075115,2469.341427457053,35429.638745975,913.9255178929961,0.02647853491694403,0.0,0.0,0.2240246906876564,False,False,
s-002,after_common_greedy_prefix,1,200,1,-34515.713228082,34515.713228082,49673.647879655,27695.09344075115,2469.341427457053,35429.638745975,913.9255178929961,0.02647853491694403,0.0,0.0,0.22304151952266693,False,False,
s-002,after_common_greedy_prefix,1,1000,0,-34515.713228082,34515.713228082,49673.647879655,27695.09344075115,2469.341427457053,35429.638745975,913.9255178929961,0.02647853491694403,0.0,0.0,1.0222825966775417,False,False,
s-002,after_common_greedy_prefix,1,1000,1,-34515.713228082,34515.713228082,49673.647879655,27695.09344075115,2469.341427457053,35429.638745975,913.9255178929961,0.02647853491694403,0.0,0.0,1.023423220962286,False,False,
s-002,after_common_greedy_prefix,2,200,0,-0.43335167300006106,0.0,0.0,0.0,2469.341427457053,0.0,-0.43335167300006106,0.0,0.0,0.0,0.004598330706357956,False,True,
s-002,after_common_greedy_prefix,2,200,1,-0.43335167300006106,0.0,0.0,0.0,2469.341427457053,0.0,-0.43335167300006106,0.0,0.0,0.0,0.004531383514404297,False,True,
s-002,after_common_greedy_prefix,2,1000,0,-0.43335167300006106,0.0,0.0,0.0,2469.341427457053,0.0,-0.43335167300006106,0.0,0.0,0.0,0.004515260457992554,False,True,
s-002,after_common_greedy_prefix,2,1000,1,-0.43335167300006106,0.0,0.0,0.0,2469.341427457053,0.0,-0.43335167300006106,0.0,0.0,0.0,0.004498131573200226,False,True,
s-002,after_common_greedy_prefix,3,200,0,-8769.797404562,9819.558523785001,17114.383437873,7611.572280810553,2469.341427457053,10315.054013116,1545.2566085540002,0.05046005766255236,0.0,0.0,0.2194828763604164,False,False,
s-002,after_common_greedy_prefix,3,200,1,-8769.797404562,9819.558523785001,17114.383437873,7611.572280810553,2469.341427457053,10315.054013116,1545.2566085540002,0.05046005766255236,0.0,0.0,0.21951839327812195,False,False,
s-002,after_common_greedy_prefix,3,1000,0,-8769.797404562,9819.558523785001,17114.383437873,7611.572280810553,2469.341427457053,10315.054013116,1545.2566085540002,0.05046005766255236,0.0,0.0,1.0225512757897377,False,False,
s-002,after_common_greedy_prefix,3,1000,1,-8769.797404562,9819.558523785001,17114.383437873,7611.572280810553,2469.341427457053,10315.054013116,1545.2566085540002,0.05046005766255236,0.0,0.0,1.0202698446810246,False,False,
s-002,after_common_greedy_prefix,4,200,0,-34809.228383325,35025.19896163,50035.960353822,27371.39752991207,2469.341427457053,36410.75171749,1601.5233341650019,0.03955874047647437,0.0,0.0,0.22220515087246895,False,False,
s-002,after_common_greedy_prefix,4,200,1,-34809.228383325,35025.19896163,50035.960353822,27371.39752991207,2469.341427457053,36410.75171749,1601.5233341650019,0.03955874047647437,0.0,0.0,0.22397804260253906,False,False,
s-002,after_common_greedy_prefix,4,1000,0,-34809.228383325,35025.19896163,50035.960353822,27371.39752991207,2469.341427457053,36410.75171749,1601.5233341650019,0.03955874047647437,0.0,0.0,1.0241324305534363,False,False,
s-002,after_common_greedy_prefix,4,1000,1,-34809.228383325,35025.19896163,50035.960353822,27371.39752991207,2469.341427457053,36410.75171749,1601.5233341650019,0.03955874047647437,0.0,0.0,1.023782879114151,False,False,
s-002,after_common_greedy_prefix,5,200,0,-1.1391199930001221,0.0,0.0,0.0,2469.341427457053,0.0,-1.1391199930001221,0.0,0.0,0.0,0.004867676645517349,False,True,
s-002,after_common_greedy_prefix,5,200,1,-1.1391199930001221,0.0,0.0,0.0,2469.341427457053,0.0,-1.1391199930001221,0.0,0.0,0.0,0.0046432726085186005,False,True,
s-002,after_common_greedy_prefix,5,1000,0,-1.1391199930001221,0.0,0.0,0.0,2469.341427457053,0.0,-1.1391199930001221,0.0,0.0,0.0,0.004590898752212524,False,True,
s-002,after_common_greedy_prefix,5,1000,1,-1.1391199930001221,0.0,0.0,0.0,2469.341427457053,0.0,-1.1391199930001221,0.0,0.0,0.0,0.004706867039203644,False,True,
s-002,after_common_greedy_prefix,6,200,0,-8750.982848299,10204.35673307,16256.070375401,7598.103662961969,2469.341427457053,10206.98235703,1455.9995087309999,0.0002573042111993005,0.0,0.0,0.21920093148946762,False,False,
s-002,after_common_greedy_prefix,6,200,1,-8750.982848299,10204.35673307,16256.070375401,7598.103662961969,2469.341427457053,10206.98235703,1455.9995087309999,0.0002573042111993005,0.0,0.0,0.220701415091753,False,False,
s-002,after_common_greedy_prefix,6,1000,0,-8750.982848299,10204.35673307,16256.070375401,7598.103662961969,2469.341427457053,10206.98235703,1455.9995087309999,0.0002573042111993005,0.0,0.0,1.020005863159895,False,False,
s-002,after_common_greedy_prefix,6,1000,1,-8750.982848299,10204.35673307,16256.070375401,7598.103662961969,2469.341427457053,10206.98235703,1455.9995087309999,0.0002573042111993005,0.0,0.0,1.0203385539352894,False,False,
s-002,after_common_greedy_prefix,7,200,0,-35609.570266972005,35641.804209305,54232.677202922,29162.392473002412,2469.341427457053,37884.977926174,2275.407659201992,0.06293659276326334,0.0,0.0,0.22262592986226082,False,False,
s-002,after_common_greedy_prefix,7,200,1,-35609.570266972005,35641.804209305,54232.677202922,29162.392473002412,2469.341427457053,37884.977926174,2275.407659201992,0.06293659276326334,0.0,0.0,0.22268201038241386,False,False,
s-002,after_common_greedy_prefix,7,1000,0,-35609.570266972005,35641.804209305,54232.677202922,29162.392473002412,2469.341427457053,37884.977926174,2275.407659201992,0.06293659276326334,0.0,0.0,1.0246095918118954,False,False,
s-002,after_common_greedy_prefix,7,1000,1,-35609.570266972005,35641.804209305,54232.677202922,29162.392473002412,2469.341427457053,37884.977926174,2275.407659201992,0.06293659276326334,0.0,0.0,1.024074450135231,False,False,
s-002,after_common_greedy_prefix,8,200,0,-3.1714053899995633,1051.873122052,1051.873122052,1011.4652807453333,2469.341427457053,1051.873122052,1048.7017166620005,0.0,0.0,0.0,0.21783486008644104,False,True,
s-002,after_common_greedy_prefix,8,200,1,-3.1714053899995633,1051.873122052,1051.873122052,1011.4652807453333,2469.341427457053,1051.873122052,1048.7017166620005,0.0,0.0,0.0,0.21835992112755775,False,True,
s-002,after_common_greedy_prefix,8,1000,0,-3.1714053899995633,1051.873122052,1051.873122052,1011.4652807453333,2469.341427457053,1051.873122052,1048.7017166620005,0.0,0.0,0.0,1.017573818564415,False,True,
s-002,after_common_greedy_prefix,8,1000,1,-3.1714053899995633,1051.873122052,1051.873122052,1011.4652807453333,2469.341427457053,1051.873122052,1048.7017166620005,0.0,0.0,0.0,1.0190569460391998,False,True,
s-002,after_common_greedy_prefix,9,200,0,-8500.269130208999,10969.610557666,17478.874057747,8361.176027245803,2469.341427457053,11006.109475595,2505.840345386001,0.003327275634547813,36.498917928947776,3.7857705122410907e-05,0.21907056495547295,False,False,0.21907056495547295
s-002,after_common_greedy_prefix,9,200,1,-8500.269130208999,10969.610557666,17478.874057747,8361.176027245803,2469.341427457053,11006.109475595,2505.840345386001,0.003327275634547813,36.498917928947776,3.7857705122410907e-05,0.22022953629493713,False,False,0.22022953629493713
s-002,after_common_greedy_prefix,9,1000,0,-8500.269130208999,10969.610557666,17478.874057747,8361.176027245803,2469.341427457053,11006.109475595,2505.840345386001,0.003327275634547813,36.498917928947776,3.7857705122410907e-05,1.0199412629008293,False,False,1.0199412629008293
s-002,after_common_greedy_prefix,9,1000,1,-8500.269130208999,10969.610557666,17478.874057747,8361.176027245803,2469.341427457053,11006.109475595,2505.840345386001,0.003327275634547813,36.498917928947776,3.7857705122410907e-05,1.0191616080701351,False,False,1.0191616080701351
s-002,after_common_greedy_prefix,10,200,0,-35670.437362016004,38031.996517319,61206.866681446,30052.353493695395,2469.341427457053,40421.96652317,4751.529161153994,0.06284103451583603,2282.187733696941,0.002367149361098136,0.22137144580483437,False,False,0.22137144580483437
s-002,after_common_greedy_prefix,10,200,1,-35670.437362016004,38031.996517319,61206.866681446,30052.353493695395,2469.341427457053,40421.96652317,4751.529161153994,0.06284103451583603,2282.187733696941,0.002367149361098136,0.22135396674275398,False,False,0.22135396674275398
s-002,after_common_greedy_prefix,10,1000,0,-35670.437362016004,38031.996517319,61206.866681446,30052.353493695395,2469.341427457053,40421.96652317,4751.529161153994,0.06284103451583603,2282.187733696941,0.002367149361098136,1.0223157480359077,False,False,1.0223157480359077
s-002,after_common_greedy_prefix,10,1000,1,-35670.437362016004,38031.996517319,61206.866681446,30052.353493695395,2469.341427457053,40421.96652317,4751.529161153994,0.06284103451583603,2282.187733696941,0.002367149361098136,1.0234383568167686,False,False,1.0234383568167686
s-002,after_common_greedy_prefix,0,50,0,-9124.30403231,9715.533033205,20765.389402611,7455.828027189443,2469.341427457053,10210.72076222,1086.4167299100009,0.05096866299796275,0.0,0.0,0.07337611541152,False,False,
s-002,after_common_greedy_prefix,0,50,1,-9124.30403231,9715.533033205,20765.389402611,7455.828027189443,2469.341427457053,10210.72076222,1086.4167299100009,0.05096866299796275,0.0,0.0,0.07297621667385101,False,False,
s-002,after_common_greedy_prefix,1,50,0,-34515.713228082,34515.713228082,49673.647879655,27695.09344075115,2469.341427457053,35429.638745975,913.9255178929961,0.02647853491694403,0.0,0.0,0.07498842105269432,False,False,
s-002,after_common_greedy_prefix,1,50,1,-34515.713228082,34515.713228082,49673.647879655,27695.09344075115,2469.341427457053,35429.638745975,913.9255178929961,0.02647853491694403,0.0,0.0,0.07438703253865242,False,False,
s-002,after_common_greedy_prefix,2,50,0,-0.43335167300006106,0.0,0.0,0.0,2469.341427457053,0.0,-0.43335167300006106,0.0,0.0,0.0,0.004514351487159729,False,True,
s-002,after_common_greedy_prefix,2,50,1,-0.43335167300006106,0.0,0.0,0.0,2469.341427457053,0.0,-0.43335167300006106,0.0,0.0,0.0,0.004450887441635132,False,True,
s-002,after_common_greedy_prefix,3,50,0,-8769.797404562,9819.558523785001,17114.383437873,7611.572280810553,2469.341427457053,10315.054013116,1545.2566085540002,0.05046005766255236,0.0,0.0,0.07302380353212357,False,False,
s-002,after_common_greedy_prefix,3,50,1,-8769.797404562,9819.558523785001,17114.383437873,7611.572280810553,2469.341427457053,10315.054013116,1545.2566085540002,0.05046005766255236,0.0,0.0,0.07338133454322815,False,False,
s-002,after_common_greedy_prefix,4,50,0,-34809.228383325,35025.19896163,50035.960353822,27371.39752991207,2469.341427457053,36410.75171749,1601.5233341650019,0.03955874047647437,0.0,0.0,0.07582103833556175,False,False,
s-002,after_common_greedy_prefix,4,50,1,-34809.228383325,35025.19896163,50035.960353822,27371.39752991207,2469.341427457053,36410.75171749,1601.5233341650019,0.03955874047647437,0.0,0.0,0.07641270384192467,False,False,
s-002,after_common_greedy_prefix,5,50,0,-1.1391199930001221,0.0,0.0,0.0,2469.341427457053,0.0,-1.1391199930001221,0.0,0.0,0.0,0.004842862486839294,False,True,
s-002,after_common_greedy_prefix,5,50,1,-1.1391199930001221,0.0,0.0,0.0,2469.341427457053,0.0,-1.1391199930001221,0.0,0.0,0.0,0.0044680312275886536,False,True,
s-002,after_common_greedy_prefix,6,50,0,-8750.982848299,10204.35673307,16256.070375401,7598.103662961969,2469.341427457053,10206.98235703,1455.9995087309999,0.0002573042111993005,0.0,0.0,0.07282672822475433,False,False,
s-002,after_common_greedy_prefix,6,50,1,-8750.982848299,10204.35673307,16256.070375401,7598.103662961969,2469.341427457053,10206.98235703,1455.9995087309999,0.0002573042111993005,0.0,0.0,0.07250859215855598,False,False,
s-002,after_common_greedy_prefix,7,50,0,-35609.570266972005,35641.804209305,54232.677202922,29162.392473002412,2469.341427457053,37884.977926174,2275.407659201992,0.06293659276326334,0.0,0.0,0.0753154568374157,False,False,
s-002,after_common_greedy_prefix,7,50,1,-35609.570266972005,35641.804209305,54232.677202922,29162.392473002412,2469.341427457053,37884.977926174,2275.407659201992,0.06293659276326334,0.0,0.0,0.0748654268682003,False,False,
s-002,after_common_greedy_prefix,8,50,0,-3.1714053899995633,1051.873122052,1051.873122052,1011.4652807453333,2469.341427457053,1051.873122052,1048.7017166620005,0.0,0.0,0.0,0.07098398730158806,False,True,
s-002,after_common_greedy_prefix,8,50,1,-3.1714053899995633,1051.873122052,1051.873122052,1011.4652807453333,2469.341427457053,1051.873122052,1048.7017166620005,0.0,0.0,0.0,0.07142559438943863,False,True,
s-002,after_common_greedy_prefix,9,50,0,-8500.269130208999,10969.610557666,17478.874057747,8361.176027245803,2469.341427457053,11006.109475595,2505.840345386001,0.003327275634547813,36.498917928947776,3.7857705122410907e-05,0.07411105558276176,False,False,0.07411105558276176
s-002,after_common_greedy_prefix,9,50,1,-8500.269130208999,10969.610557666,17478.874057747,8361.176027245803,2469.341427457053,11006.109475595,2505.840345386001,0.003327275634547813,36.498917928947776,3.7857705122410907e-05,0.07379740476608276,False,False,0.07379740476608276
s-002,after_common_greedy_prefix,10,50,0,-35670.437362016004,38031.996517319,61206.866681446,30052.353493695395,2469.341427457053,40421.96652317,4751.529161153994,0.06284103451583603,2282.187733696941,0.002367149361098136,0.07523870095610619,False,False,0.07523870095610619
s-002,after_common_greedy_prefix,10,50,1,-35670.437362016004,38031.996517319,61206.866681446,30052.353493695395,2469.341427457053,40421.96652317,4751.529161153994,0.06284103451583603,2282.187733696941,0.002367149361098136,0.07709665969014168,False,False,0.07709665969014168
s-002,after_common_greedy_prefix,0,10,0,-9124.30403231,9715.533033205,20765.389402611,7455.828027189443,2469.341427457053,10210.72076222,1086.4167299100009,0.05096866299796275,0.0,0.0,0.036906030029058456,False,False,
s-002,after_common_greedy_prefix,0,10,1,-9124.30403231,9715.533033205,20765.389402611,7455.828027189443,2469.341427457053,10210.72076222,1086.4167299100009,0.05096866299796275,0.0,0.0,0.03307715430855751,False,False,
s-002,after_common_greedy_prefix,1,10,0,-34515.713228082,34515.713228082,49673.647879655,27695.09344075115,2469.341427457053,35429.638745975,913.9255178929961,0.02647853491694403,0.0,0.0,0.03618665784597397,False,False,
s-002,after_common_greedy_prefix,1,10,1,-34515.713228082,34515.713228082,49673.647879655,27695.09344075115,2469.341427457053,35429.638745975,913.9255178929961,0.02647853491694403,0.0,0.0,0.035552456974983215,False,False,
s-002,after_common_greedy_prefix,2,10,0,-0.43335167300006106,0.0,0.0,0.0,2469.341427457053,0.0,-0.43335167300006106,0.0,0.0,0.0,0.004576601088047028,False,True,
s-002,after_common_greedy_prefix,2,10,1,-0.43335167300006106,0.0,0.0,0.0,2469.341427457053,0.0,-0.43335167300006106,0.0,0.0,0.0,0.004410166293382645,False,True,
s-002,after_common_greedy_prefix,3,10,0,-8769.797404562,9819.558523785001,17114.383437873,7611.572280810553,2469.341427457053,10315.054013116,1545.2566085540002,0.05046005766255236,0.0,0.0,0.03438955172896385,False,False,
s-002,after_common_greedy_prefix,3,10,1,-8769.797404562,9819.558523785001,17114.383437873,7611.572280810553,2469.341427457053,10315.054013116,1545.2566085540002,0.05046005766255236,0.0,0.0,0.033271629363298416,False,False,
s-002,after_common_greedy_prefix,4,10,0,-34809.228383325,35025.19896163,50035.960353822,27371.39752991207,2469.341427457053,36410.75171749,1601.5233341650019,0.03955874047647437,0.0,0.0,0.03540477901697159,False,False,
s-002,after_common_greedy_prefix,4,10,1,-34809.228383325,35025.19896163,50035.960353822,27371.39752991207,2469.341427457053,36410.75171749,1601.5233341650019,0.03955874047647437,0.0,0.0,0.03561157360672951,False,False,
s-002,after_common_greedy_prefix,5,10,0,-1.1391199930001221,0.0,0.0,0.0,2469.341427457053,0.0,-1.1391199930001221,0.0,0.0,0.0,0.0048346370458602905,False,True,
s-002,after_common_greedy_prefix,5,10,1,-1.1391199930001221,0.0,0.0,0.0,2469.341427457053,0.0,-1.1391199930001221,0.0,0.0,0.0,0.004687953740358353,False,True,
s-002,after_common_greedy_prefix,6,10,0,-8750.982848299,10204.35673307,16256.070375401,7598.103662961969,2469.341427457053,10206.98235703,1455.9995087309999,0.0002573042111993005,0.0,0.0,0.03762465715408325,False,False,
s-002,after_common_greedy_prefix,6,10,1,-8750.982848299,10204.35673307,16256.070375401,7598.103662961969,2469.341427457053,10206.98235703,1455.9995087309999,0.0002573042111993005,0.0,0.0,0.033725805580616,False,False,
s-002,after_common_greedy_prefix,7,10,0,-35609.570266972005,35641.804209305,54232.677202922,29162.392473002412,2469.341427457053,37884.977926174,2275.407659201992,0.06293659276326334,0.0,0.0,0.03626852482557297,False,False,
s-002,after_common_greedy_prefix,7,10,1,-35609.570266972005,35641.804209305,54232.677202922,29162.392473002412,2469.341427457053,37884.977926174,2275.407659201992,0.06293659276326334,0.0,0.0,0.03624602407217026,False,False,
s-002,after_common_greedy_prefix,8,10,0,-3.1714053899995633,1051.873122052,1051.873122052,1011.4652807453333,2469.341427457053,1051.873122052,1048.7017166620005,0.0,0.0,0.0,0.03215913474559784,False,True,
s-002,after_common_greedy_prefix,8,10,1,-3.1714053899995633,1051.873122052,1051.873122052,1011.4652807453333,2469.341427457053,1051.873122052,1048.7017166620005,0.0,0.0,0.0,0.03303614631295204,False,True,
s-002,after_common_greedy_prefix,9,10,0,-8500.269130208999,10969.610557666,17478.874057747,8361.176027245803,2469.341427457053,11006.109475595,2505.840345386001,0.003327275634547813,36.498917928947776,3.7857705122410907e-05,0.0334329791367054,False,False,0.0334329791367054
s-002,after_common_greedy_prefix,9,10,1,-8500.269130208999,10969.610557666,17478.874057747,8361.176027245803,2469.341427457053,11006.109475595,2505.840345386001,0.003327275634547813,36.498917928947776,3.7857705122410907e-05,0.03321358188986778,False,False,0.03321358188986778
s-002,after_common_greedy_prefix,10,10,0,-35670.437362016004,38031.996517319,61206.866681446,30052.353493695395,2469.341427457053,40421.96652317,4751.529161153994,0.06284103451583603,2282.187733696941,0.002367149361098136,0.0365925207734108,False,False,0.0365925207734108
s-002,after_common_greedy_prefix,10,10,1,-35670.437362016004,38031.996517319,61206.866681446,30052.353493695395,2469.341427457053,40421.96652317,4751.529161153994,0.06284103451583603,2282.187733696941,0.002367149361098136,0.037981703877449036,False,False,0.037981703877449036
s-003,after_one_actual_history_call,0,200,0,-9124.30403231,9715.533033205,20765.389402611,7455.828027189443,2469.341427457053,10210.72076222,1086.4167299100009,0.05096866299796275,0.0,0.0,0.22143929451704025,False,False,
s-003,after_one_actual_history_call,0,200,1,-9124.30403231,9715.533033205,20765.389402611,7455.828027189443,2469.341427457053,10210.72076222,1086.4167299100009,0.05096866299796275,0.0,0.0,0.22090758755803108,False,False,
s-003,after_one_actual_history_call,0,1000,0,-9124.30403231,9715.533033205,20765.389402611,7455.828027189443,2469.341427457053,10210.72076222,1086.4167299100009,0.05096866299796275,0.0,0.0,1.02003188803792,False,False,
s-003,after_one_actual_history_call,0,1000,1,-9124.30403231,9715.533033205,20765.389402611,7455.828027189443,2469.341427457053,10210.72076222,1086.4167299100009,0.05096866299796275,0.0,0.0,1.018734160810709,False,False,
s-003,after_one_actual_history_call,1,200,0,-34515.713228082,35429.638745975,49673.647879655,27695.09344075115,2469.341427457053,35429.638745975,913.9255178929961,0.0,0.0,0.0,0.0033767297863960266,False,True,
s-003,after_one_actual_history_call,1,200,1,-34515.713228082,35429.638745975,49673.647879655,27695.09344075115,2469.341427457053,35429.638745975,913.9255178929961,0.0,0.0,0.0,0.003258015960454941,False,True,
s-003,after_one_actual_history_call,1,1000,0,-34515.713228082,35429.638745975,49673.647879655,27695.09344075115,2469.341427457053,35429.638745975,913.9255178929961,0.0,0.0,0.0,1.021747186779976,False,True,
s-003,after_one_actual_history_call,1,1000,1,-34515.713228082,35429.638745975,49673.647879655,27695.09344075115,2469.341427457053,35429.638745975,913.9255178929961,0.0,0.0,0.0,1.0215458907186985,False,True,
s-003,after_one_actual_history_call,2,200,0,-0.43335167300006106,0.0,0.0,0.0,2469.341427457053,0.0,-0.43335167300006106,0.0,0.0,0.0,0.004522942006587982,False,True,
s-003,after_one_actual_history_call,2,200,1,-0.43335167300006106,0.0,0.0,0.0,2469.341427457053,0.0,-0.43335167300006106,0.0,0.0,0.0,0.004478476941585541,False,True,
s-003,after_one_actual_history_call,2,1000,0,-0.43335167300006106,0.0,0.0,0.0,2469.341427457053,0.0,-0.43335167300006106,0.0,0.0,0.0,0.004484657198190689,False,True,
s-003,after_one_actual_history_call,2,1000,1,-0.43335167300006106,0.0,0.0,0.0,2469.341427457053,0.0,-0.43335167300006106,0.0,0.0,0.0,0.004466347396373749,False,True,
s-003,after_one_actual_history_call,3,200,0,-8769.797404562,9819.558523785001,17114.383437873,7611.572280810553,2469.341427457053,10315.054013116,1545.2566085540002,0.05046005766255236,0.0,0.0,0.22031570598483086,False,False,
s-003,after_one_actual_history_call,3,200,1,-8769.797404562,9819.558523785001,17114.383437873,7611.572280810553,2469.341427457053,10315.054013116,1545.2566085540002,0.05046005766255236,0.0,0.0,0.22139207273721695,False,False,
s-003,after_one_actual_history_call,3,1000,0,-8769.797404562,9819.558523785001,17114.383437873,7611.572280810553,2469.341427457053,10315.054013116,1545.2566085540002,0.05046005766255236,0.0,0.0,1.0200340896844864,False,False,
s-003,after_one_actual_history_call,3,1000,1,-8769.797404562,9819.558523785001,17114.383437873,7611.572280810553,2469.341427457053,10315.054013116,1545.2566085540002,0.05046005766255236,0.0,0.0,1.0206619277596474,False,False,
s-003,after_one_actual_history_call,4,200,0,-34809.228383325,35025.19896163,50035.960353822,27371.39752991207,2469.341427457053,36410.75171749,1601.5233341650019,0.03955874047647437,0.0,0.0,0.2222251370549202,False,False,
s-003,after_one_actual_history_call,4,200,1,-34809.228383325,35025.19896163,50035.960353822,27371.39752991207,2469.341427457053,36410.75171749,1601.5233341650019,0.03955874047647437,0.0,0.0,0.22482620924711227,False,False,
s-003,after_one_actual_history_call,4,1000,0,-34809.228383325,35025.19896163,50035.960353822,27371.39752991207,2469.341427457053,36410.75171749,1601.5233341650019,0.03955874047647437,0.0,0.0,1.025164619088173,False,False,
s-003,after_one_actual_history_call,4,1000,1,-34809.228383325,35025.19896163,50035.960353822,27371.39752991207,2469.341427457053,36410.75171749,1601.5233341650019,0.03955874047647437,0.0,0.0,1.024602696299553,False,False,
s-003,after_one_actual_history_call,5,200,0,-1.1391199930001221,0.0,0.0,0.0,2469.341427457053,0.0,-1.1391199930001221,0.0,0.0,0.0,0.005249503999948502,False,True,
s-003,after_one_actual_history_call,5,200,1,-1.1391199930001221,0.0,0.0,0.0,2469.341427457053,0.0,-1.1391199930001221,0.0,0.0,0.0,0.004807569086551666,False,True,
s-003,after_one_actual_history_call,5,1000,0,-1.1391199930001221,0.0,0.0,0.0,2469.341427457053,0.0,-1.1391199930001221,0.0,0.0,0.0,0.004691131412982941,False,True,
s-003,after_one_actual_history_call,5,1000,1,-1.1391199930001221,0.0,0.0,0.0,2469.341427457053,0.0,-1.1391199930001221,0.0,0.0,0.0,0.004983760416507721,False,True,
s-003,after_one_actual_history_call,6,200,0,-8750.982848299,10204.35673307,16256.070375401,7598.103662961969,2469.341427457053,10206.98235703,1455.9995087309999,0.0002573042111993005,0.0,0.0,0.22280842438340187,False,False,
s-003,after_one_actual_history_call,6,200,1,-8750.982848299,10204.35673307,16256.070375401,7598.103662961969,2469.341427457053,10206.98235703,1455.9995087309999,0.0002573042111993005,0.0,0.0,0.2223661057651043,False,False,
s-003,after_one_actual_history_call,6,1000,0,-8750.982848299,10204.35673307,16256.070375401,7598.103662961969,2469.341427457053,10206.98235703,1455.9995087309999,0.0002573042111993005,0.0,0.0,1.0183709971606731,False,False,
s-003,after_one_actual_history_call,6,1000,1,-8750.982848299,10204.35673307,16256.070375401,7598.103662961969,2469.341427457053,10206.98235703,1455.9995087309999,0.0002573042111993005,0.0,0.0,1.0208893604576588,False,False,
s-003,after_one_actual_history_call,7,200,0,-35609.570266972005,35641.804209305,54232.677202922,29162.392473002412,2469.341427457053,37884.977926174,2275.407659201992,0.06293659276326334,0.0,0.0,0.22374208271503448,False,False,
s-003,after_one_actual_history_call,7,200,1,-35609.570266972005,35641.804209305,54232.677202922,29162.392473002412,2469.341427457053,37884.977926174,2275.407659201992,0.06293659276326334,0.0,0.0,0.22310632467269897,False,False,
s-003,after_one_actual_history_call,7,1000,0,-35609.570266972005,35641.804209305,54232.677202922,29162.392473002412,2469.341427457053,37884.977926174,2275.407659201992,0.06293659276326334,0.0,0.0,1.0224616453051567,False,False,
s-003,after_one_actual_history_call,7,1000,1,-35609.570266972005,35641.804209305,54232.677202922,29162.392473002412,2469.341427457053,37884.977926174,2275.407659201992,0.06293659276326334,0.0,0.0,1.025315709412098,False,False,
s-003,after_one_actual_history_call,8,200,0,-3.1714053899995633,1051.873122052,1051.873122052,1011.4652807453333,2469.341427457053,1051.873122052,1048.7017166620005,0.0,0.0,0.0,0.22187258303165436,False,True,
s-003,after_one_actual_history_call,8,200,1,-3.1714053899995633,1051.873122052,1051.873122052,1011.4652807453333,2469.341427457053,1051.873122052,1048.7017166620005,0.0,0.0,0.0,0.22088591009378433,False,True,
s-003,after_one_actual_history_call,8,1000,0,-3.1714053899995633,1051.873122052,1051.873122052,1011.4652807453333,2469.341427457053,1051.873122052,1048.7017166620005,0.0,0.0,0.0,1.0188552625477314,False,True,
s-003,after_one_actual_history_call,8,1000,1,-3.1714053899995633,1051.873122052,1051.873122052,1011.4652807453333,2469.341427457053,1051.873122052,1048.7017166620005,0.0,0.0,0.0,1.0192716643214226,False,True,
s-003,after_one_actual_history_call,9,200,0,-8500.269130208999,10969.610557666,17478.874057747,8361.176027245803,2469.341427457053,11006.109475595,2505.840345386001,0.003327275634547813,36.498917928947776,3.7857705122410907e-05,0.2203027531504631,False,False,0.2203027531504631
s-003,after_one_actual_history_call,9,200,1,-8500.269130208999,10969.610557666,17478.874057747,8361.176027245803,2469.341427457053,11006.109475595,2505.840345386001,0.003327275634547813,36.498917928947776,3.7857705122410907e-05,0.22174274548888206,False,False,0.22174274548888206
s-003,after_one_actual_history_call,9,1000,0,-8500.269130208999,10969.610557666,17478.874057747,8361.176027245803,2469.341427457053,11006.109475595,2505.840345386001,0.003327275634547813,36.498917928947776,3.7857705122410907e-05,1.0213838294148445,False,False,1.0213838294148445
s-003,after_one_actual_history_call,9,1000,1,-8500.269130208999,10969.610557666,17478.874057747,8361.176027245803,2469.341427457053,11006.109475595,2505.840345386001,0.003327275634547813,36.498917928947776,3.7857705122410907e-05,1.0207305140793324,False,False,1.0207305140793324
s-003,after_one_actual_history_call,10,200,0,-35670.437362016004,38031.996517319,61206.866681446,30052.353493695395,2469.341427457053,40421.96652317,4751.529161153994,0.06284103451583603,2282.187733696941,0.002367149361098136,0.22289065644145012,False,False,0.22289065644145012
s-003,after_one_actual_history_call,10,200,1,-35670.437362016004,38031.996517319,61206.866681446,30052.353493695395,2469.341427457053,40421.96652317,4751.529161153994,0.06284103451583603,2282.187733696941,0.002367149361098136,0.2219078689813614,False,False,0.2219078689813614
s-003,after_one_actual_history_call,10,1000,0,-35670.437362016004,38031.996517319,61206.866681446,30052.353493695395,2469.341427457053,40421.96652317,4751.529161153994,0.06284103451583603,2282.187733696941,0.002367149361098136,1.0225000604987144,False,False,1.0225000604987144
s-003,after_one_actual_history_call,10,1000,1,-35670.437362016004,38031.996517319,61206.866681446,30052.353493695395,2469.341427457053,40421.96652317,4751.529161153994,0.06284103451583603,2282.187733696941,0.002367149361098136,1.0218759179115295,False,False,1.0218759179115295
s-003,after_one_actual_history_call,0,50,0,-9124.30403231,9715.533033205,20765.389402611,7455.828027189443,2469.341427457053,10210.72076222,1086.4167299100009,0.05096866299796275,0.0,0.0,0.07321532070636749,False,False,
s-003,after_one_actual_history_call,0,50,1,-9124.30403231,9715.533033205,20765.389402611,7455.828027189443,2469.341427457053,10210.72076222,1086.4167299100009,0.05096866299796275,0.0,0.0,0.07345299795269966,False,False,
s-003,after_one_actual_history_call,1,50,0,-34515.713228082,35429.638745975,49673.647879655,27695.09344075115,2469.341427457053,35429.638745975,913.9255178929961,0.0,0.0,0.0,0.07481172680854797,False,True,
s-003,after_one_actual_history_call,1,50,1,-34515.713228082,35429.638745975,49673.647879655,27695.09344075115,2469.341427457053,35429.638745975,913.9255178929961,0.0,0.0,0.0,0.07461884990334511,False,True,
s-003,after_one_actual_history_call,2,50,0,-0.43335167300006106,0.0,0.0,0.0,2469.341427457053,0.0,-0.43335167300006106,0.0,0.0,0.0,0.004497881978750229,False,True,
s-003,after_one_actual_history_call,2,50,1,-0.43335167300006106,0.0,0.0,0.0,2469.341427457053,0.0,-0.43335167300006106,0.0,0.0,0.0,0.004483051598072052,False,True,
s-003,after_one_actual_history_call,3,50,0,-8769.797404562,9819.558523785001,17114.383437873,7611.572280810553,2469.341427457053,10315.054013116,1545.2566085540002,0.05046005766255236,0.0,0.0,0.07379360869526863,False,False,
s-003,after_one_actual_history_call,3,50,1,-8769.797404562,9819.558523785001,17114.383437873,7611.572280810553,2469.341427457053,10315.054013116,1545.2566085540002,0.05046005766255236,0.0,0.0,0.0732271634042263,False,False,
s-003,after_one_actual_history_call,4,50,0,-34809.228383325,35025.19896163,50035.960353822,27371.39752991207,2469.341427457053,36410.75171749,1601.5233341650019,0.03955874047647437,0.0,0.0,0.07553315907716751,False,False,
s-003,after_one_actual_history_call,4,50,1,-34809.228383325,35025.19896163,50035.960353822,27371.39752991207,2469.341427457053,36410.75171749,1601.5233341650019,0.03955874047647437,0.0,0.0,0.07455160096287727,False,False,
s-003,after_one_actual_history_call,5,50,0,-1.1391199930001221,0.0,0.0,0.0,2469.341427457053,0.0,-1.1391199930001221,0.0,0.0,0.0,0.004533123224973679,False,True,
s-003,after_one_actual_history_call,5,50,1,-1.1391199930001221,0.0,0.0,0.0,2469.341427457053,0.0,-1.1391199930001221,0.0,0.0,0.0,0.004501521587371826,False,True,
s-003,after_one_actual_history_call,6,50,0,-8750.982848299,10204.35673307,16256.070375401,7598.103662961969,2469.341427457053,10206.98235703,1455.9995087309999,0.0002573042111993005,0.0,0.0,0.07311239838600159,False,False,
s-003,after_one_actual_history_call,6,50,1,-8750.982848299,10204.35673307,16256.070375401,7598.103662961969,2469.341427457053,10206.98235703,1455.9995087309999,0.0002573042111993005,0.0,0.0,0.07274819910526276,False,False,
s-003,after_one_actual_history_call,7,50,0,-35609.570266972005,35641.804209305,54232.677202922,29162.392473002412,2469.341427457053,37884.977926174,2275.407659201992,0.06293659276326334,0.0,0.0,0.07484201341867447,False,False,
s-003,after_one_actual_history_call,7,50,1,-35609.570266972005,35641.804209305,54232.677202922,29162.392473002412,2469.341427457053,37884.977926174,2275.407659201992,0.06293659276326334,0.0,0.0,0.07469922304153442,False,False,
s-003,after_one_actual_history_call,8,50,0,-3.1714053899995633,1051.873122052,1051.873122052,1011.4652807453333,2469.341427457053,1051.873122052,1048.7017166620005,0.0,0.0,0.0,0.07107560336589813,False,True,
s-003,after_one_actual_history_call,8,50,1,-3.1714053899995633,1051.873122052,1051.873122052,1011.4652807453333,2469.341427457053,1051.873122052,1048.7017166620005,0.0,0.0,0.0,0.07157658785581589,False,True,
s-003,after_one_actual_history_call,9,50,0,-8500.269130208999,10969.610557666,17478.874057747,8361.176027245803,2469.341427457053,11006.109475595,2505.840345386001,0.003327275634547813,36.498917928947776,3.7857705122410907e-05,0.07377586513757706,False,False,0.07377586513757706
s-003,after_one_actual_history_call,9,50,1,-8500.269130208999,10969.610557666,17478.874057747,8361.176027245803,2469.341427457053,11006.109475595,2505.840345386001,0.003327275634547813,36.498917928947776,3.7857705122410907e-05,0.07275586947798729,False,False,0.07275586947798729
s-003,after_one_actual_history_call,10,50,0,-35670.437362016004,38031.996517319,61206.866681446,30052.353493695395,2469.341427457053,40421.96652317,4751.529161153994,0.06284103451583603,2282.187733696941,0.002367149361098136,0.07559534534811974,False,False,0.07559534534811974
s-003,after_one_actual_history_call,10,50,1,-35670.437362016004,38031.996517319,61206.866681446,30052.353493695395,2469.341427457053,40421.96652317,4751.529161153994,0.06284103451583603,2282.187733696941,0.002367149361098136,0.07492605224251747,False,False,0.07492605224251747
s-003,after_one_actual_history_call,0,10,0,-9124.30403231,9715.533033205,20765.389402611,7455.828027189443,2469.341427457053,10210.72076222,1086.4167299100009,0.05096866299796275,0.0,0.0,0.03588087111711502,False,False,
s-003,after_one_actual_history_call,0,10,1,-9124.30403231,9715.533033205,20765.389402611,7455.828027189443,2469.341427457053,10210.72076222,1086.4167299100009,0.05096866299796275,0.0,0.0,0.038047727197408676,False,False,
s-003,after_one_actual_history_call,1,10,0,-34515.713228082,35429.638745975,49673.647879655,27695.09344075115,2469.341427457053,35429.638745975,913.9255178929961,0.0,0.0,0.0,0.03812200203537941,False,True,
s-003,after_one_actual_history_call,1,10,1,-34515.713228082,35429.638745975,49673.647879655,27695.09344075115,2469.341427457053,35429.638745975,913.9255178929961,0.0,0.0,0.0,0.03727022558450699,False,True,
s-003,after_one_actual_history_call,2,10,0,-0.43335167300006106,0.0,0.0,0.0,2469.341427457053,0.0,-0.43335167300006106,0.0,0.0,0.0,0.004803534597158432,False,True,
s-003,after_one_actual_history_call,2,10,1,-0.43335167300006106,0.0,0.0,0.0,2469.341427457053,0.0,-0.43335167300006106,0.0,0.0,0.0,0.0047110505402088165,False,True,
s-003,after_one_actual_history_call,3,10,0,-8769.797404562,9819.558523785001,17114.383437873,7611.572280810553,2469.341427457053,10315.054013116,1545.2566085540002,0.05046005766255236,0.0,0.0,0.03565201535820961,False,False,
s-003,after_one_actual_history_call,3,10,1,-8769.797404562,9819.558523785001,17114.383437873,7611.572280810553,2469.341427457053,10315.054013116,1545.2566085540002,0.05046005766255236,0.0,0.0,0.03272024169564247,False,False,
s-003,after_one_actual_history_call,4,10,0,-34809.228383325,35025.19896163,50035.960353822,27371.39752991207,2469.341427457053,36410.75171749,1601.5233341650019,0.03955874047647437,0.0,0.0,0.03592133894562721,False,False,
s-003,after_one_actual_history_call,4,10,1,-34809.228383325,35025.19896163,50035.960353822,27371.39752991207,2469.341427457053,36410.75171749,1601.5233341650019,0.03955874047647437,0.0,0.0,0.034956566989421844,False,False,
s-003,after_one_actual_history_call,5,10,0,-1.1391199930001221,0.0,0.0,0.0,2469.341427457053,0.0,-1.1391199930001221,0.0,0.0,0.0,0.004529859870672226,False,True,
s-003,after_one_actual_history_call,5,10,1,-1.1391199930001221,0.0,0.0,0.0,2469.341427457053,0.0,-1.1391199930001221,0.0,0.0,0.0,0.004640351980924606,False,True,
s-003,after_one_actual_history_call,6,10,0,-8750.982848299,10204.35673307,16256.070375401,7598.103662961969,2469.341427457053,10206.98235703,1455.9995087309999,0.0002573042111993005,0.0,0.0,0.0340634249150753,False,False,
s-003,after_one_actual_history_call,6,10,1,-8750.982848299,10204.35673307,16256.070375401,7598.103662961969,2469.341427457053,10206.98235703,1455.9995087309999,0.0002573042111993005,0.0,0.0,0.033368803560733795,False,False,
s-003,after_one_actual_history_call,7,10,0,-35609.570266972005,35641.804209305,54232.677202922,29162.392473002412,2469.341427457053,37884.977926174,2275.407659201992,0.06293659276326334,0.0,0.0,0.036854565143585205,False,False,
s-003,after_one_actual_history_call,7,10,1,-35609.570266972005,35641.804209305,54232.677202922,29162.392473002412,2469.341427457053,37884.977926174,2275.407659201992,0.06293659276326334,0.0,0.0,0.03699248284101486,False,False,
s-003,after_one_actual_history_call,8,10,0,-3.1714053899995633,1051.873122052,1051.873122052,1011.4652807453333,2469.341427457053,1051.873122052,1048.7017166620005,0.0,0.0,0.0,0.0322771854698658,False,True,
s-003,after_one_actual_history_call,8,10,1,-3.1714053899995633,1051.873122052,1051.873122052,1011.4652807453333,2469.341427457053,1051.873122052,1048.7017166620005,0.0,0.0,0.0,0.03158479556441307,False,True,
s-003,after_one_actual_history_call,9,10,0,-8500.269130208999,10969.610557666,17478.874057747,8361.176027245803,2469.341427457053,11006.109475595,2505.840345386001,0.003327275634547813,36.498917928947776,3.7857705122410907e-05,0.03408367931842804,False,False,0.03408367931842804
s-003,after_one_actual_history_call,9,10,1,-8500.269130208999,10969.610557666,17478.874057747,8361.176027245803,2469.341427457053,11006.109475595,2505.840345386001,0.003327275634547813,36.498917928947776,3.7857705122410907e-05,0.03365470841526985,False,False,0.03365470841526985
s-003,after_one_actual_history_call,10,10,0,-35670.437362016004,38031.996517319,61206.866681446,30052.353493695395,2469.341427457053,40421.96652317,4751.529161153994,0.06284103451583603,2282.187733696941,0.002367149361098136,0.03641418367624283,False,False,0.03641418367624283
s-003,after_one_actual_history_call,10,10,1,-35670.437362016004,38031.996517319,61206.866681446,30052.353493695395,2469.341427457053,40421.96652317,4751.529161153994,0.06284103451583603,2282.187733696941,0.002367149361098136,0.03568853810429573,False,False,0.03568853810429573
s-004,after_common_greedy_prefix,0,200,0,-8387.157812022,8387.157812022,13872.273304338,6045.263700851371,2595.9319730170537,8387.157812022,0.0,0.0,0.0,0.0,0.21930616721510887,False,True,
s-004,after_common_greedy_prefix,0,200,1,-8387.157812022,8387.157812022,13872.273304338,6045.263700851371,2595.9319730170537,8387.157812022,0.0,0.0,0.0,0.0,0.2200835458934307,False,True,
s-004,after_common_greedy_prefix,0,1000,0,-8387.157812022,8387.157812022,13872.273304338,6045.263700851371,2595.9319730170537,8387.157812022,0.0,0.0,0.0,0.0,1.0204257853329182,False,True,
s-004,after_common_greedy_prefix,0,1000,1,-8387.157812022,8387.157812022,13872.273304338,6045.263700851371,2595.9319730170537,8387.157812022,0.0,0.0,0.0,0.0,1.0193065404891968,False,True,
s-004,after_common_greedy_prefix,1,200,0,-34742.433142622,34742.433142622,66647.144714528,29600.013871771698,2595.9319730170537,36127.946548957,1385.5134063349979,0.03987957321950634,0.0,0.0,0.22302022203803062,False,False,
s-004,after_common_greedy_prefix,1,200,1,-34742.433142622,34742.433142622,66647.144714528,29600.013871771698,2595.9319730170537,36127.946548957,1385.5134063349979,0.03987957321950634,0.0,0.0,0.22459955140948296,False,False,
s-004,after_common_greedy_prefix,1,1000,0,-34742.433142622,34742.433142622,66647.144714528,29600.013871771698,2595.9319730170537,36127.946548957,1385.5134063349979,0.03987957321950634,0.0,0.0,1.0231135673820972,False,False,
s-004,after_common_greedy_prefix,1,1000,1,-34742.433142622,34742.433142622,66647.144714528,29600.013871771698,2595.9319730170537,36127.946548957,1385.5134063349979,0.03987957321950634,0.0,0.0,1.0214907862246037,False,False,
s-004,after_common_greedy_prefix,2,200,0,-0.43335167300006106,0.0,0.0,0.0,2595.9319730170537,0.0,-0.43335167300006106,0.0,0.0,0.0,0.004561811685562134,False,True,
s-004,after_common_greedy_prefix,2,200,1,-0.43335167300006106,0.0,0.0,0.0,2595.9319730170537,0.0,-0.43335167300006106,0.0,0.0,0.0,0.004517592489719391,False,True,
s-004,after_common_greedy_prefix,2,1000,0,-0.43335167300006106,0.0,0.0,0.0,2595.9319730170537,0.0,-0.43335167300006106,0.0,0.0,0.0,0.004515819251537323,False,True,
s-004,after_common_greedy_prefix,2,1000,1,-0.43335167300006106,0.0,0.0,0.0,2595.9319730170537,0.0,-0.43335167300006106,0.0,0.0,0.0,0.004520867019891739,False,True,
s-004,after_common_greedy_prefix,3,200,0,-8802.488754494,10020.701795772,16626.367842741,7603.008105344135,2595.9319730170537,10195.88995562,1393.4012011260002,0.017482623814024285,0.0,0.0,0.22069790586829185,False,False,
s-004,after_common_greedy_prefix,3,200,1,-8802.488754494,10020.701795772,16626.367842741,7603.008105344135,2595.9319730170537,10195.88995562,1393.4012011260002,0.017482623814024285,0.0,0.0,0.22017229720950127,False,False,
s-004,after_common_greedy_prefix,3,1000,0,-8802.488754494,10020.701795772,16626.367842741,7603.008105344135,2595.9319730170537,10195.88995562,1393.4012011260002,0.017482623814024285,0.0,0.0,1.0207274369895458,False,False,
s-004,after_common_greedy_prefix,3,1000,1,-8802.488754494,10020.701795772,16626.367842741,7603.008105344135,2595.9319730170537,10195.88995562,1393.4012011260002,0.017482623814024285,0.0,0.0,1.020230244845152,False,False,
s-004,after_common_greedy_prefix,4,200,0,-34809.228383325,35025.19896163,50035.960353822,27371.39752991207,2595.9319730170537,36410.75171749,1601.5233341650019,0.03955874047647437,0.0,0.0,0.2224881462752819,False,False,
s-004,after_common_greedy_prefix,4,200,1,-34809.228383325,35025.19896163,50035.960353822,27371.39752991207,2595.9319730170537,36410.75171749,1601.5233341650019,0.03955874047647437,0.0,0.0,0.2240501344203949,False,False,
s-004,after_common_greedy_prefix,4,1000,0,-34809.228383325,35025.19896163,50035.960353822,27371.39752991207,2595.9319730170537,36410.75171749,1601.5233341650019,0.03955874047647437,0.0,0.0,1.023921888321638,False,False,
s-004,after_common_greedy_prefix,4,1000,1,-34809.228383325,35025.19896163,50035.960353822,27371.39752991207,2595.9319730170537,36410.75171749,1601.5233341650019,0.03955874047647437,0.0,0.0,1.0220135413110256,False,False,
s-004,after_common_greedy_prefix,5,200,0,-1.1391199930001221,0.0,0.0,0.0,2595.9319730170537,0.0,-1.1391199930001221,0.0,0.0,0.0,0.004583138972520828,False,True,
s-004,after_common_greedy_prefix,5,200,1,-1.1391199930001221,0.0,0.0,0.0,2595.9319730170537,0.0,-1.1391199930001221,0.0,0.0,0.0,0.004551507532596588,False,True,
s-004,after_common_greedy_prefix,5,1000,0,-1.1391199930001221,0.0,0.0,0.0,2595.9319730170537,0.0,-1.1391199930001221,0.0,0.0,0.0,0.004531599581241608,False,True,
s-004,after_common_greedy_prefix,5,1000,1,-1.1391199930001221,0.0,0.0,0.0,2595.9319730170537,0.0,-1.1391199930001221,0.0,0.0,0.0,0.004520617425441742,False,True,
s-004,after_common_greedy_prefix,6,200,0,-8382.035353429,9835.4092382,15772.117660639,7179.249894036969,2595.9319730170537,9838.03486216,1455.9995087309999,0.0002669562492430857,0.0,0.0,0.2211003601551056,False,False,
s-004,after_common_greedy_prefix,6,200,1,-8382.035353429,9835.4092382,15772.117660639,7179.249894036969,2595.9319730170537,9838.03486216,1455.9995087309999,0.0002669562492430857,0.0,0.0,0.22093473747372627,False,False,
s-004,after_common_greedy_prefix,6,1000,0,-8382.035353429,9835.4092382,15772.117660639,7179.249894036969,2595.9319730170537,9838.03486216,1455.9995087309999,0.0002669562492430857,0.0,0.0,1.0209341198205948,False,False,
s-004,after_common_greedy_prefix,6,1000,1,-8382.035353429,9835.4092382,15772.117660639,7179.249894036969,2595.9319730170537,9838.03486216,1455.9995087309999,0.0002669562492430857,0.0,0.0,1.0201043114066124,False,False,
s-004,after_common_greedy_prefix,7,200,0,-35609.570266972005,35641.804209305,54232.677202922,29162.392473002412,2595.9319730170537,37884.977926174,2275.407659201992,0.06293659276326334,0.0,0.0,0.22309734672307968,False,False,
s-004,after_common_greedy_prefix,7,200,1,-35609.570266972005,35641.804209305,54232.677202922,29162.392473002412,2595.9319730170537,37884.977926174,2275.407659201992,0.06293659276326334,0.0,0.0,0.2216084785759449,False,False,
s-004,after_common_greedy_prefix,7,1000,0,-35609.570266972005,35641.804209305,54232.677202922,29162.392473002412,2595.9319730170537,37884.977926174,2275.407659201992,0.06293659276326334,0.0,0.0,1.021157395094633,False,False,
s-004,after_common_greedy_prefix,7,1000,1,-35609.570266972005,35641.804209305,54232.677202922,29162.392473002412,2595.9319730170537,37884.977926174,2275.407659201992,0.06293659276326334,0.0,0.0,1.023750875145197,False,False,
s-004,after_common_greedy_prefix,8,200,0,-3.1714053899995633,1051.873122052,1051.873122052,1011.4652807453333,2595.9319730170537,1051.873122052,1048.7017166620005,0.0,0.0,0.0,0.21945173665881157,False,True,
s-004,after_common_greedy_prefix,8,200,1,-3.1714053899995633,1051.873122052,1051.873122052,1011.4652807453333,2595.9319730170537,1051.873122052,1048.7017166620005,0.0,0.0,0.0,0.2203117571771145,False,True,
s-004,after_common_greedy_prefix,8,1000,0,-3.1714053899995633,1051.873122052,1051.873122052,1011.4652807453333,2595.9319730170537,1051.873122052,1048.7017166620005,0.0,0.0,0.0,1.0188487358391285,False,True,
s-004,after_common_greedy_prefix,8,1000,1,-3.1714053899995633,1051.873122052,1051.873122052,1011.4652807453333,2595.9319730170537,1051.873122052,1048.7017166620005,0.0,0.0,0.0,1.0203779935836792,False,True,
s-004,after_common_greedy_prefix,9,200,0,-8096.218205963,10692.15017898,17126.456030826,8149.3348727140765,2595.9319730170537,10782.126032891,2685.907826927999,0.008415131886931871,89.97585391094526,9.332548850156795e-05,0.22279240563511848,False,False,0.22279240563511848
s-004,after_common_greedy_prefix,9,200,1,-8096.218205963,10692.15017898,17126.456030826,8149.3348727140765,2595.9319730170537,10782.126032891,2685.907826927999,0.008415131886931871,89.97585391094526,9.332548850156795e-05,0.2208339422941208,False,False,0.2208339422941208
s-004,after_common_greedy_prefix,9,1000,0,-8096.218205963,10692.15017898,17126.456030826,8149.3348727140765,2595.9319730170537,10782.126032891,2685.907826927999,0.008415131886931871,89.97585391094526,9.332548850156795e-05,1.0232578255236149,False,False,1.0232578255236149
s-004,after_common_greedy_prefix,9,1000,1,-8096.218205963,10692.15017898,17126.456030826,8149.3348727140765,2595.9319730170537,10782.126032891,2685.907826927999,0.008415131886931871,89.97585391094526,9.332548850156795e-05,1.02180702611804,False,False,1.02180702611804
s-004,after_common_greedy_prefix,10,200,0,-35681.476705425004,38009.808370434,62126.24439951,30167.39497498992,2595.9319730170537,40623.113943794,4941.637238368996,0.0687534530006408,2345.705265351942,0.0024330315329526416,0.2232559248805046,False,False,0.2232559248805046
s-004,after_common_greedy_prefix,10,200,1,-35681.476705425004,38009.808370434,62126.24439951,30167.39497498992,2595.9319730170537,40623.113943794,4941.637238368996,0.0687534530006408,2345.705265351942,0.0024330315329526416,0.22268347069621086,False,False,0.22268347069621086
s-004,after_common_greedy_prefix,10,1000,0,-35681.476705425004,38009.808370434,62126.24439951,30167.39497498992,2595.9319730170537,40623.113943794,4941.637238368996,0.0687534530006408,2345.705265351942,0.0024330315329526416,1.0216706804931164,False,False,1.0216706804931164
s-004,after_common_greedy_prefix,10,1000,1,-35681.476705425004,38009.808370434,62126.24439951,30167.39497498992,2595.9319730170537,40623.113943794,4941.637238368996,0.0687534530006408,2345.705265351942,0.0024330315329526416,1.0220354720950127,False,False,1.0220354720950127
s-004,after_common_greedy_prefix,0,50,0,-8387.157812022,8387.157812022,13872.273304338,6045.263700851371,2595.9319730170537,8387.157812022,0.0,0.0,0.0,0.0,0.07314833998680115,False,True,
s-004,after_common_greedy_prefix,0,50,1,-8387.157812022,8387.157812022,13872.273304338,6045.263700851371,2595.9319730170537,8387.157812022,0.0,0.0,0.0,0.0,0.07315744087100029,False,True,
s-004,after_common_greedy_prefix,1,50,0,-34742.433142622,34742.433142622,66647.144714528,29600.013871771698,2595.9319730170537,36127.946548957,1385.5134063349979,0.03987957321950634,0.0,0.0,0.07431597262620926,False,False,
s-004,after_common_greedy_prefix,1,50,1,-34742.433142622,34742.433142622,66647.144714528,29600.013871771698,2595.9319730170537,36127.946548957,1385.5134063349979,0.03987957321950634,0.0,0.0,0.07588308304548264,False,False,
s-004,after_common_greedy_prefix,2,50,0,-0.43335167300006106,0.0,0.0,0.0,2595.9319730170537,0.0,-0.43335167300006106,0.0,0.0,0.0,0.004557803273200989,False,True,
s-004,after_common_greedy_prefix,2,50,1,-0.43335167300006106,0.0,0.0,0.0,2595.9319730170537,0.0,-0.43335167300006106,0.0,0.0,0.0,0.004522174596786499,False,True,
s-004,after_common_greedy_prefix,3,50,0,-8802.488754494,10020.701795772,16626.367842741,7603.008105344135,2595.9319730170537,10195.88995562,1393.4012011260002,0.017482623814024285,0.0,0.0,0.07225282862782478,False,False,
s-004,after_common_greedy_prefix,3,50,1,-8802.488754494,10020.701795772,16626.367842741,7603.008105344135,2595.9319730170537,10195.88995562,1393.4012011260002,0.017482623814024285,0.0,0.0,0.07221144437789917,False,False,
s-004,after_common_greedy_prefix,4,50,0,-34809.228383325,35025.19896163,50035.960353822,27371.39752991207,2595.9319730170537,36410.75171749,1601.5233341650019,0.03955874047647437,0.0,0.0,0.07581575959920883,False,False,
s-004,after_common_greedy_prefix,4,50,1,-34809.228383325,35025.19896163,50035.960353822,27371.39752991207,2595.9319730170537,36410.75171749,1601.5233341650019,0.03955874047647437,0.0,0.0,0.07542458921670914,False,False,
s-004,after_common_greedy_prefix,5,50,0,-1.1391199930001221,0.0,0.0,0.0,2595.9319730170537,0.0,-1.1391199930001221,0.0,0.0,0.0,0.004593998193740845,False,True,
s-004,after_common_greedy_prefix,5,50,1,-1.1391199930001221,0.0,0.0,0.0,2595.9319730170537,0.0,-1.1391199930001221,0.0,0.0,0.0,0.00455126166343689,False,True,
s-004,after_common_greedy_prefix,6,50,0,-8382.035353429,9835.4092382,15772.117660639,7179.249894036969,2595.9319730170537,9838.03486216,1455.9995087309999,0.0002669562492430857,0.0,0.0,0.07277720794081688,False,False,
s-004,after_common_greedy_prefix,6,50,1,-8382.035353429,9835.4092382,15772.117660639,7179.249894036969,2595.9319730170537,9838.03486216,1455.9995087309999,0.0002669562492430857,0.0,0.0,0.07257085666060448,False,False,
s-004,after_common_greedy_prefix,7,50,0,-35609.570266972005,35641.804209305,54232.677202922,29162.392473002412,2595.9319730170537,37884.977926174,2275.407659201992,0.06293659276326334,0.0,0.0,0.07495145499706268,False,False,
s-004,after_common_greedy_prefix,7,50,1,-35609.570266972005,35641.804209305,54232.677202922,29162.392473002412,2595.9319730170537,37884.977926174,2275.407659201992,0.06293659276326334,0.0,0.0,0.07486442103981972,False,False,
s-004,after_common_greedy_prefix,8,50,0,-3.1714053899995633,1051.873122052,1051.873122052,1011.4652807453333,2595.9319730170537,1051.873122052,1048.7017166620005,0.0,0.0,0.0,0.07155731692910194,False,True,
s-004,after_common_greedy_prefix,8,50,1,-3.1714053899995633,1051.873122052,1051.873122052,1011.4652807453333,2595.9319730170537,1051.873122052,1048.7017166620005,0.0,0.0,0.0,0.07162688672542572,False,True,
s-004,after_common_greedy_prefix,9,50,0,-8096.218205963,10692.15017898,17126.456030826,8149.3348727140765,2595.9319730170537,10782.126032891,2685.907826927999,0.008415131886931871,89.97585391094526,9.332548850156795e-05,0.07319112867116928,False,False,0.07319112867116928
s-004,after_common_greedy_prefix,9,50,1,-8096.218205963,10692.15017898,17126.456030826,8149.3348727140765,2595.9319730170537,10782.126032891,2685.907826927999,0.008415131886931871,89.97585391094526,9.332548850156795e-05,0.07322174683213234,False,False,0.07322174683213234
s-004,after_common_greedy_prefix,10,50,0,-35681.476705425004,38009.808370434,62126.24439951,30167.39497498992,2595.9319730170537,40623.113943794,4941.637238368996,0.0687534530006408,2345.705265351942,0.0024330315329526416,0.07538067549467087,False,False,0.07538067549467087
s-004,after_common_greedy_prefix,10,50,1,-35681.476705425004,38009.808370434,62126.24439951,30167.39497498992,2595.9319730170537,40623.113943794,4941.637238368996,0.0687534530006408,2345.705265351942,0.0024330315329526416,0.07443666085600853,False,False,0.07443666085600853
s-004,after_common_greedy_prefix,0,10,0,-8387.157812022,8387.157812022,13872.273304338,6045.263700851371,2595.9319730170537,8387.157812022,0.0,0.0,0.0,0.0,0.03316909447312355,False,True,
s-004,after_common_greedy_prefix,0,10,1,-8387.157812022,8387.157812022,13872.273304338,6045.263700851371,2595.9319730170537,8387.157812022,0.0,0.0,0.0,0.0,0.03203621879220009,False,True,
s-004,after_common_greedy_prefix,1,10,0,-34742.433142622,34742.433142622,66647.144714528,29600.013871771698,2595.9319730170537,36127.946548957,1385.5134063349979,0.03987957321950634,0.0,0.0,0.037535324692726135,False,False,
s-004,after_common_greedy_prefix,1,10,1,-34742.433142622,34742.433142622,66647.144714528,29600.013871771698,2595.9319730170537,36127.946548957,1385.5134063349979,0.03987957321950634,0.0,0.0,0.03581024706363678,False,False,
s-004,after_common_greedy_prefix,2,10,0,-0.43335167300006106,0.0,0.0,0.0,2595.9319730170537,0.0,-0.43335167300006106,0.0,0.0,0.0,0.004785757511854172,False,True,
s-004,after_common_greedy_prefix,2,10,1,-0.43335167300006106,0.0,0.0,0.0,2595.9319730170537,0.0,-0.43335167300006106,0.0,0.0,0.0,0.00455794483423233,False,True,
s-004,after_common_greedy_prefix,3,10,0,-8802.488754494,10020.701795772,16626.367842741,7603.008105344135,2595.9319730170537,10195.88995562,1393.4012011260002,0.017482623814024285,0.0,0.0,0.033463094383478165,False,False,
s-004,after_common_greedy_prefix,3,10,1,-8802.488754494,10020.701795772,16626.367842741,7603.008105344135,2595.9319730170537,10195.88995562,1393.4012011260002,0.017482623814024285,0.0,0.0,0.033152200281620026,False,False,
s-004,after_common_greedy_prefix,4,10,0,-34809.228383325,35025.19896163,50035.960353822,27371.39752991207,2595.9319730170537,36410.75171749,1601.5233341650019,0.03955874047647437,0.0,0.0,0.03657056763768196,False,False,
s-004,after_common_greedy_prefix,4,10,1,-34809.228383325,35025.19896163,50035.960353822,27371.39752991207,2595.9319730170537,36410.75171749,1601.5233341650019,0.03955874047647437,0.0,0.0,0.03592615947127342,False,False,
s-004,after_common_greedy_prefix,5,10,0,-1.1391199930001221,0.0,0.0,0.0,2595.9319730170537,0.0,-1.1391199930001221,0.0,0.0,0.0,0.004857160151004791,False,True,
s-004,after_common_greedy_prefix,5,10,1,-1.1391199930001221,0.0,0.0,0.0,2595.9319730170537,0.0,-1.1391199930001221,0.0,0.0,0.0,0.0047043561935424805,False,True,
s-004,after_common_greedy_prefix,6,10,0,-8382.035353429,9835.4092382,15772.117660639,7179.249894036969,2595.9319730170537,9838.03486216,1455.9995087309999,0.0002669562492430857,0.0,0.0,0.033411383628845215,False,False,
s-004,after_common_greedy_prefix,6,10,1,-8382.035353429,9835.4092382,15772.117660639,7179.249894036969,2595.9319730170537,9838.03486216,1455.9995087309999,0.0002669562492430857,0.0,0.0,0.03322873264551163,False,False,
s-004,after_common_greedy_prefix,7,10,0,-35609.570266972005,35641.804209305,54232.677202922,29162.392473002412,2595.9319730170537,37884.977926174,2275.407659201992,0.06293659276326334,0.0,0.0,0.036706291139125824,False,False,
s-004,after_common_greedy_prefix,7,10,1,-35609.570266972005,35641.804209305,54232.677202922,29162.392473002412,2595.9319730170537,37884.977926174,2275.407659201992,0.06293659276326334,0.0,0.0,0.038713544607162476,False,False,
s-004,after_common_greedy_prefix,8,10,0,-3.1714053899995633,1051.873122052,1051.873122052,1011.4652807453333,2595.9319730170537,1051.873122052,1048.7017166620005,0.0,0.0,0.0,0.03275713697075844,False,True,
s-004,after_common_greedy_prefix,8,10,1,-3.1714053899995633,1051.873122052,1051.873122052,1011.4652807453333,2595.9319730170537,1051.873122052,1048.7017166620005,0.0,0.0,0.0,0.032600272446870804,False,True,
s-004,after_common_greedy_prefix,9,10,0,-8096.218205963,10692.15017898,17126.456030826,8149.3348727140765,2595.9319730170537,10782.126032891,2685.907826927999,0.008415131886931871,89.97585391094526,9.332548850156795e-05,0.03618551045656204,False,False,0.03618551045656204
s-004,after_common_greedy_prefix,9,10,1,-8096.218205963,10692.15017898,17126.456030826,8149.3348727140765,2595.9319730170537,10782.126032891,2685.907826927999,0.008415131886931871,89.97585391094526,9.332548850156795e-05,0.032919541001319885,False,False,0.032919541001319885
s-004,after_common_greedy_prefix,10,10,0,-35681.476705425004,38009.808370434,62126.24439951,30167.39497498992,2595.9319730170537,40623.113943794,4941.637238368996,0.0687534530006408,2345.705265351942,0.0024330315329526416,0.0367230623960495,False,False,0.0367230623960495
s-004,after_common_greedy_prefix,10,10,1,-35681.476705425004,38009.808370434,62126.24439951,30167.39497498992,2595.9319730170537,40623.113943794,4941.637238368996,0.0687534530006408,2345.705265351942,0.0024330315329526416,0.034540724009275436,False,False,0.034540724009275436
s-005,after_one_actual_history_call,0,200,0,-8387.157812022,8387.157812022,13872.273304338,6045.263700851371,2595.9319730170537,8387.157812022,0.0,0.0,0.0,0.0,0.21966707706451416,False,True,
s-005,after_one_actual_history_call,0,200,1,-8387.157812022,8387.157812022,13872.273304338,6045.263700851371,2595.9319730170537,8387.157812022,0.0,0.0,0.0,0.0,0.21857259795069695,False,True,
s-005,after_one_actual_history_call,0,1000,0,-8387.157812022,8387.157812022,13872.273304338,6045.263700851371,2595.9319730170537,8387.157812022,0.0,0.0,0.0,0.0,1.019926194101572,False,True,
s-005,after_one_actual_history_call,0,1000,1,-8387.157812022,8387.157812022,13872.273304338,6045.263700851371,2595.9319730170537,8387.157812022,0.0,0.0,0.0,0.0,1.0219103395938873,False,True,
s-005,after_one_actual_history_call,1,200,0,-34742.433142622,34742.433142622,66647.144714528,29600.013871771698,2595.9319730170537,36127.946548957,1385.5134063349979,0.03987957321950634,0.0,0.0,0.22264675423502922,False,False,
s-005,after_one_actual_history_call,1,200,1,-34742.433142622,34742.433142622,66647.144714528,29600.013871771698,2595.9319730170537,36127.946548957,1385.5134063349979,0.03987957321950634,0.0,0.0,0.22415371239185333,False,False,
s-005,after_one_actual_history_call,1,1000,0,-34742.433142622,34742.433142622,66647.144714528,29600.013871771698,2595.9319730170537,36127.946548957,1385.5134063349979,0.03987957321950634,0.0,0.0,1.0245987102389336,False,False,
s-005,after_one_actual_history_call,1,1000,1,-34742.433142622,34742.433142622,66647.144714528,29600.013871771698,2595.9319730170537,36127.946548957,1385.5134063349979,0.03987957321950634,0.0,0.0,1.0213900990784168,False,False,
s-005,after_one_actual_history_call,2,200,0,-0.43335167300006106,0.0,0.0,0.0,2595.9319730170537,0.0,-0.43335167300006106,0.0,0.0,0.0,0.003511440008878708,False,True,
s-005,after_one_actual_history_call,2,200,1,-0.43335167300006106,0.0,0.0,0.0,2595.9319730170537,0.0,-0.43335167300006106,0.0,0.0,0.0,0.004145003855228424,False,True,
s-005,after_one_actual_history_call,2,1000,0,-0.43335167300006106,0.0,0.0,0.0,2595.9319730170537,0.0,-0.43335167300006106,0.0,0.0,0.0,0.006315853446722031,False,True,
s-005,after_one_actual_history_call,2,1000,1,-0.43335167300006106,0.0,0.0,0.0,2595.9319730170537,0.0,-0.43335167300006106,0.0,0.0,0.0,0.006215769797563553,False,True,
s-005,after_one_actual_history_call,3,200,0,-8802.488754494,10020.701795772,16626.367842741,7603.008105344135,2595.9319730170537,10195.88995562,1393.4012011260002,0.017482623814024285,0.0,0.0,0.22519559413194656,False,False,
s-005,after_one_actual_history_call,3,200,1,-8802.488754494,10020.701795772,16626.367842741,7603.008105344135,2595.9319730170537,10195.88995562,1393.4012011260002,0.017482623814024285,0.0,0.0,0.2228308469057083,False,False,
s-005,after_one_actual_history_call,3,1000,0,-8802.488754494,10020.701795772,16626.367842741,7603.008105344135,2595.9319730170537,10195.88995562,1393.4012011260002,0.017482623814024285,0.0,0.0,1.0219445042312145,False,False,
s-005,after_one_actual_history_call,3,1000,1,-8802.488754494,10020.701795772,16626.367842741,7603.008105344135,2595.9319730170537,10195.88995562,1393.4012011260002,0.017482623814024285,0.0,0.0,1.021960113197565,False,False,
s-005,after_one_actual_history_call,4,200,0,-34809.228383325,35025.19896163,50035.960353822,27371.39752991207,2595.9319730170537,36410.75171749,1601.5233341650019,0.03955874047647437,0.0,0.0,0.2252824902534485,False,False,
s-005,after_one_actual_history_call,4,200,1,-34809.228383325,35025.19896163,50035.960353822,27371.39752991207,2595.9319730170537,36410.75171749,1601.5233341650019,0.03955874047647437,0.0,0.0,0.22322020679712296,False,False,
s-005,after_one_actual_history_call,4,1000,0,-34809.228383325,35025.19896163,50035.960353822,27371.39752991207,2595.9319730170537,36410.75171749,1601.5233341650019,0.03955874047647437,0.0,0.0,1.0243733190000057,False,False,
s-005,after_one_actual_history_call,4,1000,1,-34809.228383325,35025.19896163,50035.960353822,27371.39752991207,2595.9319730170537,36410.75171749,1601.5233341650019,0.03955874047647437,0.0,0.0,1.0255884900689125,False,False,
s-005,after_one_actual_history_call,5,200,0,-1.1391199930001221,0.0,0.0,0.0,2595.9319730170537,0.0,-1.1391199930001221,0.0,0.0,0.0,0.006501741707324982,False,True,
s-005,after_one_actual_history_call,5,200,1,-1.1391199930001221,0.0,0.0,0.0,2595.9319730170537,0.0,-1.1391199930001221,0.0,0.0,0.0,0.005340494215488434,False,True,
s-005,after_one_actual_history_call,5,1000,0,-1.1391199930001221,0.0,0.0,0.0,2595.9319730170537,0.0,-1.1391199930001221,0.0,0.0,0.0,0.006159041076898575,False,True,
s-005,after_one_actual_history_call,5,1000,1,-1.1391199930001221,0.0,0.0,0.0,2595.9319730170537,0.0,-1.1391199930001221,0.0,0.0,0.0,0.006237860769033432,False,True,
s-005,after_one_actual_history_call,6,200,0,-8382.035353429,9835.4092382,15772.117660639,7179.249894036969,2595.9319730170537,9838.03486216,1455.9995087309999,0.0002669562492430857,0.0,0.0,0.22193662822246552,False,False,
s-005,after_one_actual_history_call,6,200,1,-8382.035353429,9835.4092382,15772.117660639,7179.249894036969,2595.9319730170537,9838.03486216,1455.9995087309999,0.0002669562492430857,0.0,0.0,0.22273418307304382,False,False,
s-005,after_one_actual_history_call,6,1000,0,-8382.035353429,9835.4092382,15772.117660639,7179.249894036969,2595.9319730170537,9838.03486216,1455.9995087309999,0.0002669562492430857,0.0,0.0,1.0211797170341015,False,False,
s-005,after_one_actual_history_call,6,1000,1,-8382.035353429,9835.4092382,15772.117660639,7179.249894036969,2595.9319730170537,9838.03486216,1455.9995087309999,0.0002669562492430857,0.0,0.0,1.0228600353002548,False,False,
s-005,after_one_actual_history_call,7,200,0,-35609.570266972005,35641.804209305,54232.677202922,29162.392473002412,2595.9319730170537,37884.977926174,2275.407659201992,0.06293659276326334,0.0,0.0,0.22594453766942024,False,False,
s-005,after_one_actual_history_call,7,200,1,-35609.570266972005,35641.804209305,54232.677202922,29162.392473002412,2595.9319730170537,37884.977926174,2275.407659201992,0.06293659276326334,0.0,0.0,0.2241743803024292,False,False,
s-005,after_one_actual_history_call,7,1000,0,-35609.570266972005,35641.804209305,54232.677202922,29162.392473002412,2595.9319730170537,37884.977926174,2275.407659201992,0.06293659276326334,0.0,0.0,1.0242357440292835,False,False,
s-005,after_one_actual_history_call,7,1000,1,-35609.570266972005,35641.804209305,54232.677202922,29162.392473002412,2595.9319730170537,37884.977926174,2275.407659201992,0.06293659276326334,0.0,0.0,1.0507487580180168,False,False,
s-005,after_one_actual_history_call,8,200,0,-3.1714053899995633,1051.873122052,1051.873122052,1011.4652807453333,2595.9319730170537,1051.873122052,1048.7017166620005,0.0,0.0,0.0,0.22556046023964882,False,True,
s-005,after_one_actual_history_call,8,200,1,-3.1714053899995633,1051.873122052,1051.873122052,1011.4652807453333,2595.9319730170537,1051.873122052,1048.7017166620005,0.0,0.0,0.0,0.2302735447883606,False,True,
s-005,after_one_actual_history_call,8,1000,0,-3.1714053899995633,1051.873122052,1051.873122052,1011.4652807453333,2595.9319730170537,1051.873122052,1048.7017166620005,0.0,0.0,0.0,1.0284112989902496,False,True,
s-005,after_one_actual_history_call,8,1000,1,-3.1714053899995633,1051.873122052,1051.873122052,1011.4652807453333,2595.9319730170537,1051.873122052,1048.7017166620005,0.0,0.0,0.0,1.0212335586547852,False,True,
s-005,after_one_actual_history_call,9,200,0,-8096.218205963,10692.15017898,17126.456030826,8149.3348727140765,2595.9319730170537,10782.126032891,2685.907826927999,0.008415131886931871,89.97585391094526,9.332548850156795e-05,0.22165296971797943,False,False,0.22165296971797943
s-005,after_one_actual_history_call,9,200,1,-8096.218205963,10692.15017898,17126.456030826,8149.3348727140765,2595.9319730170537,10782.126032891,2685.907826927999,0.008415131886931871,89.97585391094526,9.332548850156795e-05,0.2221064791083336,False,False,0.2221064791083336
s-005,after_one_actual_history_call,9,1000,0,-8096.218205963,10692.15017898,17126.456030826,8149.3348727140765,2595.9319730170537,10782.126032891,2685.907826927999,0.008415131886931871,89.97585391094526,9.332548850156795e-05,1.0227477699518204,False,False,1.0227477699518204
s-005,after_one_actual_history_call,9,1000,1,-8096.218205963,10692.15017898,17126.456030826,8149.3348727140765,2595.9319730170537,10782.126032891,2685.907826927999,0.008415131886931871,89.97585391094526,9.332548850156795e-05,1.0241219587624073,False,False,1.0241219587624073
s-005,after_one_actual_history_call,10,200,0,-35681.476705425004,38009.808370434,62126.24439951,30167.39497498992,2595.9319730170537,40623.113943794,4941.637238368996,0.0687534530006408,2345.705265351942,0.0024330315329526416,0.22635063901543617,False,False,0.22635063901543617
s-005,after_one_actual_history_call,10,200,1,-35681.476705425004,38009.808370434,62126.24439951,30167.39497498992,2595.9319730170537,40623.113943794,4941.637238368996,0.0687534530006408,2345.705265351942,0.0024330315329526416,0.22552178800106049,False,False,0.22552178800106049
s-005,after_one_actual_history_call,10,1000,0,-35681.476705425004,38009.808370434,62126.24439951,30167.39497498992,2595.9319730170537,40623.113943794,4941.637238368996,0.0687534530006408,2345.705265351942,0.0024330315329526416,1.025117851793766,False,False,1.025117851793766
s-005,after_one_actual_history_call,10,1000,1,-35681.476705425004,38009.808370434,62126.24439951,30167.39497498992,2595.9319730170537,40623.113943794,4941.637238368996,0.0687534530006408,2345.705265351942,0.0024330315329526416,1.0243574865162373,False,False,1.0243574865162373
s-005,after_one_actual_history_call,0,50,0,-8387.157812022,8387.157812022,13872.273304338,6045.263700851371,2595.9319730170537,8387.157812022,0.0,0.0,0.0,0.0,0.0734531432390213,False,True,
s-005,after_one_actual_history_call,0,50,1,-8387.157812022,8387.157812022,13872.273304338,6045.263700851371,2595.9319730170537,8387.157812022,0.0,0.0,0.0,0.0,0.07296730577945709,False,True,
s-005,after_one_actual_history_call,1,50,0,-34742.433142622,34742.433142622,66647.144714528,29600.013871771698,2595.9319730170537,36127.946548957,1385.5134063349979,0.03987957321950634,0.0,0.0,0.07593438029289246,False,False,
s-005,after_one_actual_history_call,1,50,1,-34742.433142622,34742.433142622,66647.144714528,29600.013871771698,2595.9319730170537,36127.946548957,1385.5134063349979,0.03987957321950634,0.0,0.0,0.075359296053648,False,False,
s-005,after_one_actual_history_call,2,50,0,-0.43335167300006106,0.0,0.0,0.0,2595.9319730170537,0.0,-0.43335167300006106,0.0,0.0,0.0,0.004581183195114136,False,True,
s-005,after_one_actual_history_call,2,50,1,-0.43335167300006106,0.0,0.0,0.0,2595.9319730170537,0.0,-0.43335167300006106,0.0,0.0,0.0,0.004539623856544495,False,True,
s-005,after_one_actual_history_call,3,50,0,-8802.488754494,10020.701795772,16626.367842741,7603.008105344135,2595.9319730170537,10195.88995562,1393.4012011260002,0.017482623814024285,0.0,0.0,0.07255072891712189,False,False,
s-005,after_one_actual_history_call,3,50,1,-8802.488754494,10020.701795772,16626.367842741,7603.008105344135,2595.9319730170537,10195.88995562,1393.4012011260002,0.017482623814024285,0.0,0.0,0.07238160818815231,False,False,
s-005,after_one_actual_history_call,4,50,0,-34809.228383325,35025.19896163,50035.960353822,27371.39752991207,2595.9319730170537,36410.75171749,1601.5233341650019,0.03955874047647437,0.0,0.0,0.07574253529310226,False,False,
s-005,after_one_actual_history_call,4,50,1,-34809.228383325,35025.19896163,50035.960353822,27371.39752991207,2595.9319730170537,36410.75171749,1601.5233341650019,0.03955874047647437,0.0,0.0,0.07532475143671036,False,False,
s-005,after_one_actual_history_call,5,50,0,-1.1391199930001221,0.0,0.0,0.0,2595.9319730170537,0.0,-1.1391199930001221,0.0,0.0,0.0,0.004580151289701462,False,True,
s-005,after_one_actual_history_call,5,50,1,-1.1391199930001221,0.0,0.0,0.0,2595.9319730170537,0.0,-1.1391199930001221,0.0,0.0,0.0,0.004522018134593964,False,True,
s-005,after_one_actual_history_call,6,50,0,-8382.035353429,9835.4092382,15772.117660639,7179.249894036969,2595.9319730170537,9838.03486216,1455.9995087309999,0.0002669562492430857,0.0,0.0,0.07229635864496231,False,False,
s-005,after_one_actual_history_call,6,50,1,-8382.035353429,9835.4092382,15772.117660639,7179.249894036969,2595.9319730170537,9838.03486216,1455.9995087309999,0.0002669562492430857,0.0,0.0,0.07230866327881813,False,False,
s-005,after_one_actual_history_call,7,50,0,-35609.570266972005,35641.804209305,54232.677202922,29162.392473002412,2595.9319730170537,37884.977926174,2275.407659201992,0.06293659276326334,0.0,0.0,0.07518656179308891,False,False,
s-005,after_one_actual_history_call,7,50,1,-35609.570266972005,35641.804209305,54232.677202922,29162.392473002412,2595.9319730170537,37884.977926174,2275.407659201992,0.06293659276326334,0.0,0.0,0.07489202171564102,False,False,
s-005,after_one_actual_history_call,8,50,0,-3.1714053899995633,1051.873122052,1051.873122052,1011.4652807453333,2595.9319730170537,1051.873122052,1048.7017166620005,0.0,0.0,0.0,0.07102734595537186,False,True,
s-005,after_one_actual_history_call,8,50,1,-3.1714053899995633,1051.873122052,1051.873122052,1011.4652807453333,2595.9319730170537,1051.873122052,1048.7017166620005,0.0,0.0,0.0,0.07161136716604233,False,True,
s-005,after_one_actual_history_call,9,50,0,-8096.218205963,10692.15017898,17126.456030826,8149.3348727140765,2595.9319730170537,10782.126032891,2685.907826927999,0.008415131886931871,89.97585391094526,9.332548850156795e-05,0.0727631114423275,False,False,0.0727631114423275
s-005,after_one_actual_history_call,9,50,1,-8096.218205963,10692.15017898,17126.456030826,8149.3348727140765,2595.9319730170537,10782.126032891,2685.907826927999,0.008415131886931871,89.97585391094526,9.332548850156795e-05,0.07298604771494865,False,False,0.07298604771494865
s-005,after_one_actual_history_call,10,50,0,-35681.476705425004,38009.808370434,62126.24439951,30167.39497498992,2595.9319730170537,40623.113943794,4941.637238368996,0.0687534530006408,2345.705265351942,0.0024330315329526416,0.07596451416611671,False,False,0.07596451416611671
s-005,after_one_actual_history_call,10,50,1,-35681.476705425004,38009.808370434,62126.24439951,30167.39497498992,2595.9319730170537,40623.113943794,4941.637238368996,0.0687534530006408,2345.705265351942,0.0024330315329526416,0.07421356067061424,False,False,0.07421356067061424
s-005,after_one_actual_history_call,0,10,0,-8387.157812022,8387.157812022,13872.273304338,6045.263700851371,2595.9319730170537,8387.157812022,0.0,0.0,0.0,0.0,0.03664323315024376,False,True,
s-005,after_one_actual_history_call,0,10,1,-8387.157812022,8387.157812022,13872.273304338,6045.263700851371,2595.9319730170537,8387.157812022,0.0,0.0,0.0,0.0,0.03331265226006508,False,True,
s-005,after_one_actual_history_call,1,10,0,-34742.433142622,34742.433142622,66647.144714528,29600.013871771698,2595.9319730170537,36127.946548957,1385.5134063349979,0.03987957321950634,0.0,0.0,0.035132549703121185,False,False,
s-005,after_one_actual_history_call,1,10,1,-34742.433142622,34742.433142622,66647.144714528,29600.013871771698,2595.9319730170537,36127.946548957,1385.5134063349979,0.03987957321950634,0.0,0.0,0.03508131951093674,False,False,
s-005,after_one_actual_history_call,2,10,0,-0.43335167300006106,0.0,0.0,0.0,2595.9319730170537,0.0,-0.43335167300006106,0.0,0.0,0.0,0.004834827035665512,False,True,
s-005,after_one_actual_history_call,2,10,1,-0.43335167300006106,0.0,0.0,0.0,2595.9319730170537,0.0,-0.43335167300006106,0.0,0.0,0.0,0.004661910235881805,False,True,
s-005,after_one_actual_history_call,3,10,0,-8802.488754494,10020.701795772,16626.367842741,7603.008105344135,2595.9319730170537,10195.88995562,1393.4012011260002,0.017482623814024285,0.0,0.0,0.035384733229875565,False,False,
s-005,after_one_actual_history_call,3,10,1,-8802.488754494,10020.701795772,16626.367842741,7603.008105344135,2595.9319730170537,10195.88995562,1393.4012011260002,0.017482623814024285,0.0,0.0,0.03369719907641411,False,False,
s-005,after_one_actual_history_call,4,10,0,-34809.228383325,35025.19896163,50035.960353822,27371.39752991207,2595.9319730170537,36410.75171749,1601.5233341650019,0.03955874047647437,0.0,0.0,0.035306550562381744,False,False,
s-005,after_one_actual_history_call,4,10,1,-34809.228383325,35025.19896163,50035.960353822,27371.39752991207,2595.9319730170537,36410.75171749,1601.5233341650019,0.03955874047647437,0.0,0.0,0.03823553025722504,False,False,
s-005,after_one_actual_history_call,5,10,0,-1.1391199930001221,0.0,0.0,0.0,2595.9319730170537,0.0,-1.1391199930001221,0.0,0.0,0.0,0.004897229373455048,False,True,
s-005,after_one_actual_history_call,5,10,1,-1.1391199930001221,0.0,0.0,0.0,2595.9319730170537,0.0,-1.1391199930001221,0.0,0.0,0.0,0.00464242696762085,False,True,
s-005,after_one_actual_history_call,6,10,0,-8382.035353429,9835.4092382,15772.117660639,7179.249894036969,2595.9319730170537,9838.03486216,1455.9995087309999,0.0002669562492430857,0.0,0.0,0.035797327756881714,False,False,
s-005,after_one_actual_history_call,6,10,1,-8382.035353429,9835.4092382,15772.117660639,7179.249894036969,2595.9319730170537,9838.03486216,1455.9995087309999,0.0002669562492430857,0.0,0.0,0.03429599106311798,False,False,
s-005,after_one_actual_history_call,7,10,0,-35609.570266972005,35641.804209305,54232.677202922,29162.392473002412,2595.9319730170537,37884.977926174,2275.407659201992,0.06293659276326334,0.0,0.0,0.03622625023126602,False,False,
s-005,after_one_actual_history_call,7,10,1,-35609.570266972005,35641.804209305,54232.677202922,29162.392473002412,2595.9319730170537,37884.977926174,2275.407659201992,0.06293659276326334,0.0,0.0,0.036058902740478516,False,False,
s-005,after_one_actual_history_call,8,10,0,-3.1714053899995633,1051.873122052,1051.873122052,1011.4652807453333,2595.9319730170537,1051.873122052,1048.7017166620005,0.0,0.0,0.0,0.03155229240655899,False,True,
s-005,after_one_actual_history_call,8,10,1,-3.1714053899995633,1051.873122052,1051.873122052,1011.4652807453333,2595.9319730170537,1051.873122052,1048.7017166620005,0.0,0.0,0.0,0.03187314420938492,False,True,
s-005,after_one_actual_history_call,9,10,0,-8096.218205963,10692.15017898,17126.456030826,8149.3348727140765,2595.9319730170537,10782.126032891,2685.907826927999,0.008415131886931871,89.97585391094526,9.332548850156795e-05,0.033200182020664215,False,False,0.033200182020664215
s-005,after_one_actual_history_call,9,10,1,-8096.218205963,10692.15017898,17126.456030826,8149.3348727140765,2595.9319730170537,10782.126032891,2685.907826927999,0.008415131886931871,89.97585391094526,9.332548850156795e-05,0.03299980238080025,False,False,0.03299980238080025
s-005,after_one_actual_history_call,10,10,0,-35681.476705425004,38009.808370434,62126.24439951,30167.39497498992,2595.9319730170537,40623.113943794,4941.637238368996,0.0687534530006408,2345.705265351942,0.0024330315329526416,0.035508979111909866,False,False,0.035508979111909866
s-005,after_one_actual_history_call,10,10,1,-35681.476705425004,38009.808370434,62126.24439951,30167.39497498992,2595.9319730170537,40623.113943794,4941.637238368996,0.0687534530006408,2345.705265351942,0.0024330315329526416,0.033973000943660736,False,False,0.033973000943660736
s-006,after_common_greedy_prefix,0,200,0,-7889.16502211,9003.894489485,16219.484417554,6389.55336826047,2595.9319730170537,9218.920075861999,1329.7550537519992,0.02388139783602671,0.0,0.0,0.22080829739570618,False,False,
s-006,after_common_greedy_prefix,0,200,1,-7889.16502211,9003.894489485,16219.484417554,6389.55336826047,2595.9319730170537,9218.920075861999,1329.7550537519992,0.02388139783602671,0.0,0.0,0.22039957717061043,False,False,
s-006,after_common_greedy_prefix,0,1000,0,-7889.16502211,9003.894489485,16219.484417554,6389.55336826047,2595.9319730170537,9218.920075861999,1329.7550537519992,0.02388139783602671,0.0,0.0,1.019131537526846,False,False,
s-006,after_common_greedy_prefix,0,1000,1,-7889.16502211,9003.894489485,16219.484417554,6389.55336826047,2595.9319730170537,9218.920075861999,1329.7550537519992,0.02388139783602671,0.0,0.0,1.0198973007500172,False,False,
s-006,after_common_greedy_prefix,1,200,0,-34660.517621527,34660.517621527,57532.54799331,27786.41384609001,2595.9319730170537,35878.752682783,1218.235061256004,0.035147630354469404,0.0,0.0,0.22201430425047874,False,False,
s-006,after_common_greedy_prefix,1,200,1,-34660.517621527,34660.517621527,57532.54799331,27786.41384609001,2595.9319730170537,35878.752682783,1218.235061256004,0.035147630354469404,0.0,0.0,0.2218899466097355,False,False,
s-006,after_common_greedy_prefix,1,1000,0,-34660.517621527,34660.517621527,57532.54799331,27786.41384609001,2595.9319730170537,35878.752682783,1218.235061256004,0.035147630354469404,0.0,0.0,1.021892610937357,False,False,
s-006,after_common_greedy_prefix,1,1000,1,-34660.517621527,34660.517621527,57532.54799331,27786.41384609001,2595.9319730170537,35878.752682783,1218.235061256004,0.035147630354469404,0.0,0.0,1.0217941142618656,False,False,
s-006,after_common_greedy_prefix,2,200,0,-0.43335167300006106,0.0,0.0,0.0,2595.9319730170537,0.0,-0.43335167300006106,0.0,0.0,0.0,0.004753101617097855,False,True,
s-006,after_common_greedy_prefix,2,200,1,-0.43335167300006106,0.0,0.0,0.0,2595.9319730170537,0.0,-0.43335167300006106,0.0,0.0,0.0,0.004631403833627701,False,True,
s-006,after_common_greedy_prefix,2,1000,0,-0.43335167300006106,0.0,0.0,0.0,2595.9319730170537,0.0,-0.43335167300006106,0.0,0.0,0.0,0.0046230219304561615,False,True,
s-006,after_common_greedy_prefix,2,1000,1,-0.43335167300006106,0.0,0.0,0.0,2595.9319730170537,0.0,-0.43335167300006106,0.0,0.0,0.0,0.004652608186006546,False,True,
s-006,after_common_greedy_prefix,3,200,0,-8838.879785243,10453.270965835,16621.684117067,7917.550715901969,2595.9319730170537,10543.266809306,1704.3870240630004,0.008609347616180523,0.0,0.0,0.21848368644714355,False,False,
s-006,after_common_greedy_prefix,3,200,1,-8838.879785243,10453.270965835,16621.684117067,7917.550715901969,2595.9319730170537,10543.266809306,1704.3870240630004,0.008609347616180523,0.0,0.0,0.2187231294810772,False,False,
s-006,after_common_greedy_prefix,3,1000,0,-8838.879785243,10453.270965835,16621.684117067,7917.550715901969,2595.9319730170537,10543.266809306,1704.3870240630004,0.008609347616180523,0.0,0.0,1.018948681652546,False,False,
s-006,after_common_greedy_prefix,3,1000,1,-8838.879785243,10453.270965835,16621.684117067,7917.550715901969,2595.9319730170537,10543.266809306,1704.3870240630004,0.008609347616180523,0.0,0.0,1.0187252946197987,False,False,
s-006,after_common_greedy_prefix,4,200,0,-34809.228383325,35025.19896163,50035.960353822,27371.39752991207,2595.9319730170537,36410.75171749,1601.5233341650019,0.03955874047647437,0.0,0.0,0.2211970053613186,False,False,
s-006,after_common_greedy_prefix,4,200,1,-34809.228383325,35025.19896163,50035.960353822,27371.39752991207,2595.9319730170537,36410.75171749,1601.5233341650019,0.03955874047647437,0.0,0.0,0.22151732072234154,False,False,
s-006,after_common_greedy_prefix,4,1000,0,-34809.228383325,35025.19896163,50035.960353822,27371.39752991207,2595.9319730170537,36410.75171749,1601.5233341650019,0.03955874047647437,0.0,0.0,1.021250907331705,False,False,
s-006,after_common_greedy_prefix,4,1000,1,-34809.228383325,35025.19896163,50035.960353822,27371.39752991207,2595.9319730170537,36410.75171749,1601.5233341650019,0.03955874047647437,0.0,0.0,1.0216115415096283,False,False,
s-006,after_common_greedy_prefix,5,200,0,-1.1391199930001221,0.0,0.0,0.0,2595.9319730170537,0.0,-1.1391199930001221,0.0,0.0,0.0,0.00487823411822319,False,True,
s-006,after_common_greedy_prefix,5,200,1,-1.1391199930001221,0.0,0.0,0.0,2595.9319730170537,0.0,-1.1391199930001221,0.0,0.0,0.0,0.004605237394571304,False,True,
s-006,after_common_greedy_prefix,5,1000,0,-1.1391199930001221,0.0,0.0,0.0,2595.9319730170537,0.0,-1.1391199930001221,0.0,0.0,0.0,0.004589755088090897,False,True,
s-006,after_common_greedy_prefix,5,1000,1,-1.1391199930001221,0.0,0.0,0.0,2595.9319730170537,0.0,-1.1391199930001221,0.0,0.0,0.0,0.004577804356813431,False,True,
s-006,after_common_greedy_prefix,6,200,0,-8358.810855837,9836.787648256,15836.680361602,7347.205496219803,2595.9319730170537,9839.413272216,1480.602416378999,0.0002669188411792496,0.0,0.0,0.21839990839362144,False,False,
s-006,after_common_greedy_prefix,6,200,1,-8358.810855837,9836.787648256,15836.680361602,7347.205496219803,2595.9319730170537,9839.413272216,1480.602416378999,0.0002669188411792496,0.0,0.0,0.21898090094327927,False,False,
s-006,after_common_greedy_prefix,6,1000,0,-8358.810855837,9836.787648256,15836.680361602,7347.205496219803,2595.9319730170537,9839.413272216,1480.602416378999,0.0002669188411792496,0.0,0.0,1.0190348774194717,False,False,
s-006,after_common_greedy_prefix,6,1000,1,-8358.810855837,9836.787648256,15836.680361602,7347.205496219803,2595.9319730170537,9839.413272216,1480.602416378999,0.0002669188411792496,0.0,0.0,1.0196267776191235,False,False,
s-006,after_common_greedy_prefix,7,200,0,-35609.570266972005,35641.804209305,54232.677202922,29162.392473002412,2595.9319730170537,37884.977926174,2275.407659201992,0.06293659276326334,0.0,0.0,0.22249969094991684,False,False,
s-006,after_common_greedy_prefix,7,200,1,-35609.570266972005,35641.804209305,54232.677202922,29162.392473002412,2595.9319730170537,37884.977926174,2275.407659201992,0.06293659276326334,0.0,0.0,0.22148074582219124,False,False,
s-006,after_common_greedy_prefix,7,1000,0,-35609.570266972005,35641.804209305,54232.677202922,29162.392473002412,2595.9319730170537,37884.977926174,2275.407659201992,0.06293659276326334,0.0,0.0,1.0214744620025158,False,False,
s-006,after_common_greedy_prefix,7,1000,1,-35609.570266972005,35641.804209305,54232.677202922,29162.392473002412,2595.9319730170537,37884.977926174,2275.407659201992,0.06293659276326334,0.0,0.0,1.0223028101027012,False,False,
s-006,after_common_greedy_prefix,8,200,0,-3.1714053899995633,1051.873122052,1051.873122052,1011.4652807453333,2595.9319730170537,1051.873122052,1048.7017166620005,0.0,0.0,0.0,0.2178194746375084,False,True,
s-006,after_common_greedy_prefix,8,200,1,-3.1714053899995633,1051.873122052,1051.873122052,1011.4652807453333,2595.9319730170537,1051.873122052,1048.7017166620005,0.0,0.0,0.0,0.21757910773158073,False,True,
s-006,after_common_greedy_prefix,8,1000,0,-3.1714053899995633,1051.873122052,1051.873122052,1011.4652807453333,2595.9319730170537,1051.873122052,1048.7017166620005,0.0,0.0,0.0,1.018194742500782,False,True,
s-006,after_common_greedy_prefix,8,1000,1,-3.1714053899995633,1051.873122052,1051.873122052,1011.4652807453333,2595.9319730170537,1051.873122052,1048.7017166620005,0.0,0.0,0.0,1.0181104876101017,False,True,
s-006,after_common_greedy_prefix,9,200,0,-8156.231649827,10752.163622844,17290.889553234,8057.770584080909,2595.9319730170537,10842.139476755001,2685.9078269280008,0.008368162638432923,89.97585391094708,9.332548850156983e-05,0.2194623500108719,False,False,0.2194623500108719
s-006,after_common_greedy_prefix,9,200,1,-8156.231649827,10752.163622844,17290.889553234,8057.770584080909,2595.9319730170537,10842.139476755001,2685.9078269280008,0.008368162638432923,89.97585391094708,9.332548850156983e-05,0.21890700608491898,False,False,0.21890700608491898
s-006,after_common_greedy_prefix,9,1000,0,-8156.231649827,10752.163622844,17290.889553234,8057.770584080909,2595.9319730170537,10842.139476755001,2685.9078269280008,0.008368162638432923,89.97585391094708,9.332548850156983e-05,1.019906748086214,False,False,1.019906748086214
s-006,after_common_greedy_prefix,9,1000,1,-8156.231649827,10752.163622844,17290.889553234,8057.770584080909,2595.9319730170537,10842.139476755001,2685.9078269280008,0.008368162638432923,89.97585391094708,9.332548850156983e-05,1.0201758705079556,False,False,1.0201758705079556
s-006,after_common_greedy_prefix,10,200,0,-36094.246280448,38232.469868242,62348.905897318,30265.632584664694,2595.9319730170537,40845.775441602,4751.5291611540015,0.0683530408149425,2155.597188136948,0.002235846083712633,0.22267631813883781,False,False,0.22267631813883781
s-006,after_common_greedy_prefix,10,200,1,-36094.246280448,38232.469868242,62348.905897318,30265.632584664694,2595.9319730170537,40845.775441602,4751.5291611540015,0.0683530408149425,2155.597188136948,0.002235846083712633,0.22077980637550354,False,False,0.22077980637550354
s-006,after_common_greedy_prefix,10,1000,0,-36094.246280448,38232.469868242,62348.905897318,30265.632584664694,2595.9319730170537,40845.775441602,4751.5291611540015,0.0683530408149425,2155.597188136948,0.002235846083712633,1.0217178501188755,False,False,1.0217178501188755
s-006,after_common_greedy_prefix,10,1000,1,-36094.246280448,38232.469868242,62348.905897318,30265.632584664694,2595.9319730170537,40845.775441602,4751.5291611540015,0.0683530408149425,2155.597188136948,0.002235846083712633,1.0223420150578022,False,False,1.0223420150578022
s-006,after_common_greedy_prefix,0,50,0,-7889.16502211,9003.894489485,16219.484417554,6389.55336826047,2595.9319730170537,9218.920075861999,1329.7550537519992,0.02388139783602671,0.0,0.0,0.07366494089365005,False,False,
s-006,after_common_greedy_prefix,0,50,1,-7889.16502211,9003.894489485,16219.484417554,6389.55336826047,2595.9319730170537,9218.920075861999,1329.7550537519992,0.02388139783602671,0.0,0.0,0.07310041412711143,False,False,
s-006,after_common_greedy_prefix,1,50,0,-34660.517621527,34660.517621527,57532.54799331,27786.41384609001,2595.9319730170537,35878.752682783,1218.235061256004,0.035147630354469404,0.0,0.0,0.07513370364904404,False,False,
s-006,after_common_greedy_prefix,1,50,1,-34660.517621527,34660.517621527,57532.54799331,27786.41384609001,2595.9319730170537,35878.752682783,1218.235061256004,0.035147630354469404,0.0,0.0,0.07635244727134705,False,False,
s-006,after_common_greedy_prefix,2,50,0,-0.43335167300006106,0.0,0.0,0.0,2595.9319730170537,0.0,-0.43335167300006106,0.0,0.0,0.0,0.004645876586437225,False,True,
s-006,after_common_greedy_prefix,2,50,1,-0.43335167300006106,0.0,0.0,0.0,2595.9319730170537,0.0,-0.43335167300006106,0.0,0.0,0.0,0.004587143659591675,False,True,
s-006,after_common_greedy_prefix,3,50,0,-8838.879785243,10453.270965835,16621.684117067,7917.550715901969,2595.9319730170537,10543.266809306,1704.3870240630004,0.008609347616180523,0.0,0.0,0.07345667853951454,False,False,
s-006,after_common_greedy_prefix,3,50,1,-8838.879785243,10453.270965835,16621.684117067,7917.550715901969,2595.9319730170537,10543.266809306,1704.3870240630004,0.008609347616180523,0.0,0.0,0.07366033643484116,False,False,
s-006,after_common_greedy_prefix,4,50,0,-34809.228383325,35025.19896163,50035.960353822,27371.39752991207,2595.9319730170537,36410.75171749,1601.5233341650019,0.03955874047647437,0.0,0.0,0.0750872902572155,False,False,
s-006,after_common_greedy_prefix,4,50,1,-34809.228383325,35025.19896163,50035.960353822,27371.39752991207,2595.9319730170537,36410.75171749,1601.5233341650019,0.03955874047647437,0.0,0.0,0.07517581060528755,False,False,
s-006,after_common_greedy_prefix,5,50,0,-1.1391199930001221,0.0,0.0,0.0,2595.9319730170537,0.0,-1.1391199930001221,0.0,0.0,0.0,0.004582364112138748,False,True,
s-006,after_common_greedy_prefix,5,50,1,-1.1391199930001221,0.0,0.0,0.0,2595.9319730170537,0.0,-1.1391199930001221,0.0,0.0,0.0,0.004531461745500565,False,True,
s-006,after_common_greedy_prefix,6,50,0,-8358.810855837,9836.787648256,15836.680361602,7347.205496219803,2595.9319730170537,9839.413272216,1480.602416378999,0.0002669188411792496,0.0,0.0,0.07270051538944244,False,False,
s-006,after_common_greedy_prefix,6,50,1,-8358.810855837,9836.787648256,15836.680361602,7347.205496219803,2595.9319730170537,9839.413272216,1480.602416378999,0.0002669188411792496,0.0,0.0,0.07353240996599197,False,False,
s-006,after_common_greedy_prefix,7,50,0,-35609.570266972005,35641.804209305,54232.677202922,29162.392473002412,2595.9319730170537,37884.977926174,2275.407659201992,0.06293659276326334,0.0,0.0,0.07535650953650475,False,False,
s-006,after_common_greedy_prefix,7,50,1,-35609.570266972005,35641.804209305,54232.677202922,29162.392473002412,2595.9319730170537,37884.977926174,2275.407659201992,0.06293659276326334,0.0,0.0,0.07540582865476608,False,False,
s-006,after_common_greedy_prefix,8,50,0,-3.1714053899995633,1051.873122052,1051.873122052,1011.4652807453333,2595.9319730170537,1051.873122052,1048.7017166620005,0.0,0.0,0.0,0.07097935304045677,False,True,
s-006,after_common_greedy_prefix,8,50,1,-3.1714053899995633,1051.873122052,1051.873122052,1011.4652807453333,2595.9319730170537,1051.873122052,1048.7017166620005,0.0,0.0,0.0,0.07158975675702095,False,True,
s-006,after_common_greedy_prefix,9,50,0,-8156.231649827,10752.163622844,17290.889553234,8057.770584080909,2595.9319730170537,10842.139476755001,2685.9078269280008,0.008368162638432923,89.97585391094708,9.332548850156983e-05,0.0745488703250885,False,False,0.0745488703250885
s-006,after_common_greedy_prefix,9,50,1,-8156.231649827,10752.163622844,17290.889553234,8057.770584080909,2595.9319730170537,10842.139476755001,2685.9078269280008,0.008368162638432923,89.97585391094708,9.332548850156983e-05,0.07296181842684746,False,False,0.07296181842684746
s-006,after_common_greedy_prefix,10,50,0,-36094.246280448,38232.469868242,62348.905897318,30265.632584664694,2595.9319730170537,40845.775441602,4751.5291611540015,0.0683530408149425,2155.597188136948,0.002235846083712633,0.0746665708720684,False,False,0.0746665708720684
s-006,after_common_greedy_prefix,10,50,1,-36094.246280448,38232.469868242,62348.905897318,30265.632584664694,2595.9319730170537,40845.775441602,4751.5291611540015,0.0683530408149425,2155.597188136948,0.002235846083712633,0.07462988793849945,False,False,0.07462988793849945
s-006,after_common_greedy_prefix,0,10,0,-7889.16502211,9003.894489485,16219.484417554,6389.55336826047,2595.9319730170537,9218.920075861999,1329.7550537519992,0.02388139783602671,0.0,0.0,0.03506782278418541,False,False,
s-006,after_common_greedy_prefix,0,10,1,-7889.16502211,9003.894489485,16219.484417554,6389.55336826047,2595.9319730170537,9218.920075861999,1329.7550537519992,0.02388139783602671,0.0,0.0,0.03221043944358826,False,False,
s-006,after_common_greedy_prefix,1,10,0,-34660.517621527,34660.517621527,57532.54799331,27786.41384609001,2595.9319730170537,35850.441264072,1189.923642545,0.03433080993014255,0.0,0.0,0.03443779796361923,False,False,
s-006,after_common_greedy_prefix,1,10,1,-34660.517621527,34660.517621527,57532.54799331,27786.41384609001,2595.9319730170537,35850.441264072,1189.923642545,0.03433080993014255,0.0,0.0,0.036604128777980804,False,False,
s-006,after_common_greedy_prefix,2,10,0,-0.43335167300006106,0.0,0.0,0.0,2595.9319730170537,0.0,-0.43335167300006106,0.0,0.0,0.0,0.0048377662897109985,False,True,
s-006,after_common_greedy_prefix,2,10,1,-0.43335167300006106,0.0,0.0,0.0,2595.9319730170537,0.0,-0.43335167300006106,0.0,0.0,0.0,0.004809074103832245,False,True,
s-006,after_common_greedy_prefix,3,10,0,-8838.879785243,10453.270965835,16621.684117067,7917.550715901969,2595.9319730170537,10543.266809306,1704.3870240630004,0.008609347616180523,0.0,0.0,0.03463508561253548,False,False,
s-006,after_common_greedy_prefix,3,10,1,-8838.879785243,10453.270965835,16621.684117067,7917.550715901969,2595.9319730170537,10543.266809306,1704.3870240630004,0.008609347616180523,0.0,0.0,0.03436705842614174,False,False,
s-006,after_common_greedy_prefix,4,10,0,-34809.228383325,35025.19896163,50035.960353822,27371.39752991207,2595.9319730170537,36410.75171749,1601.5233341650019,0.03955874047647437,0.0,0.0,0.035914547741413116,False,False,
s-006,after_common_greedy_prefix,4,10,1,-34809.228383325,35025.19896163,50035.960353822,27371.39752991207,2595.9319730170537,36410.75171749,1601.5233341650019,0.03955874047647437,0.0,0.0,0.036431699991226196,False,False,
s-006,after_common_greedy_prefix,5,10,0,-1.1391199930001221,0.0,0.0,0.0,2595.9319730170537,0.0,-1.1391199930001221,0.0,0.0,0.0,0.004964817315340042,False,True,
s-006,after_common_greedy_prefix,5,10,1,-1.1391199930001221,0.0,0.0,0.0,2595.9319730170537,0.0,-1.1391199930001221,0.0,0.0,0.0,0.004687249660491943,False,True,
s-006,after_common_greedy_prefix,6,10,0,-8358.810855837,9836.787648256,15836.680361602,7347.205496219803,2595.9319730170537,9839.413272216,1480.602416378999,0.0002669188411792496,0.0,0.0,0.03419293090701103,False,False,
s-006,after_common_greedy_prefix,6,10,1,-8358.810855837,9836.787648256,15836.680361602,7347.205496219803,2595.9319730170537,9839.413272216,1480.602416378999,0.0002669188411792496,0.0,0.0,0.032797921448946,False,False,
s-006,after_common_greedy_prefix,7,10,0,-35609.570266972005,35641.804209305,54232.677202922,29162.392473002412,2595.9319730170537,37884.977926174,2275.407659201992,0.06293659276326334,0.0,0.0,0.03856859728693962,False,False,
s-006,after_common_greedy_prefix,7,10,1,-35609.570266972005,35641.804209305,54232.677202922,29162.392473002412,2595.9319730170537,37884.977926174,2275.407659201992,0.06293659276326334,0.0,0.0,0.03865827992558479,False,False,
s-006,after_common_greedy_prefix,8,10,0,-3.1714053899995633,1051.873122052,1051.873122052,1011.4652807453333,2595.9319730170537,1051.873122052,1048.7017166620005,0.0,0.0,0.0,0.03188855201005936,False,True,
s-006,after_common_greedy_prefix,8,10,1,-3.1714053899995633,1051.873122052,1051.873122052,1011.4652807453333,2595.9319730170537,1051.873122052,1048.7017166620005,0.0,0.0,0.0,0.03148457407951355,False,True,
s-006,after_common_greedy_prefix,9,10,0,-8156.231649827,10752.163622844,17290.889553234,8057.770584080909,2595.9319730170537,10842.139476755001,2685.9078269280008,0.008368162638432923,89.97585391094708,9.332548850156983e-05,0.03352607786655426,False,False,0.03352607786655426
s-006,after_common_greedy_prefix,9,10,1,-8156.231649827,10752.163622844,17290.889553234,8057.770584080909,2595.9319730170537,10842.139476755001,2685.9078269280008,0.008368162638432923,89.97585391094708,9.332548850156983e-05,0.035577528178691864,False,False,0.035577528178691864
s-006,after_common_greedy_prefix,10,10,0,-36094.246280448,38232.469868242,62348.905897318,30265.632584664694,2595.9319730170537,40845.775441602,4751.5291611540015,0.0683530408149425,2155.597188136948,0.002235846083712633,0.034736547619104385,False,False,0.034736547619104385
s-006,after_common_greedy_prefix,10,10,1,-36094.246280448,38232.469868242,62348.905897318,30265.632584664694,2595.9319730170537,40845.775441602,4751.5291611540015,0.0683530408149425,2155.597188136948,0.002235846083712633,0.03330215439200401,False,False,0.03330215439200401
s-007,after_one_actual_history_call,0,200,0,-7889.16502211,9003.894489485,16219.484417554,6389.55336826047,2595.9319730170537,9218.920075861999,1329.7550537519992,0.02388139783602671,0.0,0.0,0.22070525214076042,False,False,
s-007,after_one_actual_history_call,0,200,1,-7889.16502211,9003.894489485,16219.484417554,6389.55336826047,2595.9319730170537,9218.920075861999,1329.7550537519992,0.02388139783602671,0.0,0.0,0.21891766414046288,False,False,
s-007,after_one_actual_history_call,0,1000,0,-7889.16502211,9003.894489485,16219.484417554,6389.55336826047,2595.9319730170537,9218.920075861999,1329.7550537519992,0.02388139783602671,0.0,0.0,1.0198867842555046,False,False,
s-007,after_one_actual_history_call,0,1000,1,-7889.16502211,9003.894489485,16219.484417554,6389.55336826047,2595.9319730170537,9218.920075861999,1329.7550537519992,0.02388139783602671,0.0,0.0,1.0197582766413689,False,False,
s-007,after_one_actual_history_call,1,200,0,-34660.517621527,34660.517621527,57532.54799331,27786.41384609001,2595.9319730170537,35878.752682783,1218.235061256004,0.035147630354469404,0.0,0.0,0.22471503168344498,False,False,
s-007,after_one_actual_history_call,1,200,1,-34660.517621527,34660.517621527,57532.54799331,27786.41384609001,2595.9319730170537,35878.752682783,1218.235061256004,0.035147630354469404,0.0,0.0,0.22181761637330055,False,False,
s-007,after_one_actual_history_call,1,1000,0,-34660.517621527,34660.517621527,57532.54799331,27786.41384609001,2595.9319730170537,35878.752682783,1218.235061256004,0.035147630354469404,0.0,0.0,1.0214848704636097,False,False,
s-007,after_one_actual_history_call,1,1000,1,-34660.517621527,34660.517621527,57532.54799331,27786.41384609001,2595.9319730170537,35878.752682783,1218.235061256004,0.035147630354469404,0.0,0.0,1.0220332965254784,False,False,
s-007,after_one_actual_history_call,2,200,0,-0.43335167300006106,0.0,0.0,0.0,2595.9319730170537,0.0,-0.43335167300006106,0.0,0.0,0.0,0.004951365292072296,False,True,
s-007,after_one_actual_history_call,2,200,1,-0.43335167300006106,0.0,0.0,0.0,2595.9319730170537,0.0,-0.43335167300006106,0.0,0.0,0.0,0.004693362861871719,False,True,
s-007,after_one_actual_history_call,2,1000,0,-0.43335167300006106,0.0,0.0,0.0,2595.9319730170537,0.0,-0.43335167300006106,0.0,0.0,0.0,0.00462384894490242,False,True,
s-007,after_one_actual_history_call,2,1000,1,-0.43335167300006106,0.0,0.0,0.0,2595.9319730170537,0.0,-0.43335167300006106,0.0,0.0,0.0,0.004575107246637344,False,True,
s-007,after_one_actual_history_call,3,200,0,-8838.879785243,10543.266809306,16621.684117067,7917.550715901969,2595.9319730170537,10543.266809306,1704.3870240630004,0.0,0.0,0.0,0.003086034208536148,False,True,
s-007,after_one_actual_history_call,3,200,1,-8838.879785243,10543.266809306,16621.684117067,7917.550715901969,2595.9319730170537,10543.266809306,1704.3870240630004,0.0,0.0,0.0,0.003039103001356125,False,True,
s-007,after_one_actual_history_call,3,1000,0,-8838.879785243,10543.266809306,16621.684117067,7917.550715901969,2595.9319730170537,10543.266809306,1704.3870240630004,0.0,0.0,0.0,1.0203752517700195,False,True,
s-007,after_one_actual_history_call,3,1000,1,-8838.879785243,10543.266809306,16621.684117067,7917.550715901969,2595.9319730170537,10543.266809306,1704.3870240630004,0.0,0.0,0.0,1.0188852362334728,False,True,
s-007,after_one_actual_history_call,4,200,0,-34809.228383325,35025.19896163,50035.960353822,27371.39752991207,2595.9319730170537,36410.75171749,1601.5233341650019,0.03955874047647437,0.0,0.0,0.22240295633673668,False,False,
s-007,after_one_actual_history_call,4,200,1,-34809.228383325,35025.19896163,50035.960353822,27371.39752991207,2595.9319730170537,36410.75171749,1601.5233341650019,0.03955874047647437,0.0,0.0,0.22154277190566063,False,False,
s-007,after_one_actual_history_call,4,1000,0,-34809.228383325,35025.19896163,50035.960353822,27371.39752991207,2595.9319730170537,36410.75171749,1601.5233341650019,0.03955874047647437,0.0,0.0,1.0209255516529083,False,False,
s-007,after_one_actual_history_call,4,1000,1,-34809.228383325,35025.19896163,50035.960353822,27371.39752991207,2595.9319730170537,36410.75171749,1601.5233341650019,0.03955874047647437,0.0,0.0,1.0215536653995514,False,False,
s-007,after_one_actual_history_call,5,200,0,-1.1391199930001221,0.0,0.0,0.0,2595.9319730170537,0.0,-1.1391199930001221,0.0,0.0,0.0,0.004543472081422806,False,True,
s-007,after_one_actual_history_call,5,200,1,-1.1391199930001221,0.0,0.0,0.0,2595.9319730170537,0.0,-1.1391199930001221,0.0,0.0,0.0,0.004485901445150375,False,True,
s-007,after_one_actual_history_call,5,1000,0,-1.1391199930001221,0.0,0.0,0.0,2595.9319730170537,0.0,-1.1391199930001221,0.0,0.0,0.0,0.004618708044290543,False,True,
s-007,after_one_actual_history_call,5,1000,1,-1.1391199930001221,0.0,0.0,0.0,2595.9319730170537,0.0,-1.1391199930001221,0.0,0.0,0.0,0.0045874230563640594,False,True,
s-007,after_one_actual_history_call,6,200,0,-8358.810855837,9836.787648256,15836.680361602,7347.205496219803,2595.9319730170537,9839.413272216,1480.602416378999,0.0002669188411792496,0.0,0.0,0.21940866112709045,False,False,
s-007,after_one_actual_history_call,6,200,1,-8358.810855837,9836.787648256,15836.680361602,7347.205496219803,2595.9319730170537,9839.413272216,1480.602416378999,0.0002669188411792496,0.0,0.0,0.2187761478126049,False,False,
s-007,after_one_actual_history_call,6,1000,0,-8358.810855837,9836.787648256,15836.680361602,7347.205496219803,2595.9319730170537,9839.413272216,1480.602416378999,0.0002669188411792496,0.0,0.0,1.0185852348804474,False,False,
s-007,after_one_actual_history_call,6,1000,1,-8358.810855837,9836.787648256,15836.680361602,7347.205496219803,2595.9319730170537,9839.413272216,1480.602416378999,0.0002669188411792496,0.0,0.0,1.0184345245361328,False,False,
s-007,after_one_actual_history_call,7,200,0,-35609.570266972005,35641.804209305,54232.677202922,29162.392473002412,2595.9319730170537,37884.977926174,2275.407659201992,0.06293659276326334,0.0,0.0,0.22239869460463524,False,False,
s-007,after_one_actual_history_call,7,200,1,-35609.570266972005,35641.804209305,54232.677202922,29162.392473002412,2595.9319730170537,37884.977926174,2275.407659201992,0.06293659276326334,0.0,0.0,0.22096822038292885,False,False,
s-007,after_one_actual_history_call,7,1000,0,-35609.570266972005,35641.804209305,54232.677202922,29162.392473002412,2595.9319730170537,37884.977926174,2275.407659201992,0.06293659276326334,0.0,0.0,1.0217401795089245,False,False,
s-007,after_one_actual_history_call,7,1000,1,-35609.570266972005,35641.804209305,54232.677202922,29162.392473002412,2595.9319730170537,37884.977926174,2275.407659201992,0.06293659276326334,0.0,0.0,1.0213557966053486,False,False,
s-007,after_one_actual_history_call,8,200,0,-3.1714053899995633,1051.873122052,1051.873122052,1011.4652807453333,2595.9319730170537,1051.873122052,1048.7017166620005,0.0,0.0,0.0,0.21761587634682655,False,True,
s-007,after_one_actual_history_call,8,200,1,-3.1714053899995633,1051.873122052,1051.873122052,1011.4652807453333,2595.9319730170537,1051.873122052,1048.7017166620005,0.0,0.0,0.0,0.2173558920621872,False,True,
s-007,after_one_actual_history_call,8,1000,0,-3.1714053899995633,1051.873122052,1051.873122052,1011.4652807453333,2595.9319730170537,1051.873122052,1048.7017166620005,0.0,0.0,0.0,1.0178802944719791,False,True,
s-007,after_one_actual_history_call,8,1000,1,-3.1714053899995633,1051.873122052,1051.873122052,1011.4652807453333,2595.9319730170537,1051.873122052,1048.7017166620005,0.0,0.0,0.0,1.019251424819231,False,True,
s-007,after_one_actual_history_call,9,200,0,-8156.231649827,10752.163622844,17290.889553234,8057.770584080909,2595.9319730170537,10842.139476755001,2685.9078269280008,0.008368162638432923,89.97585391094708,9.332548850156983e-05,0.21999556943774223,False,False,0.21999556943774223
s-007,after_one_actual_history_call,9,200,1,-8156.231649827,10752.163622844,17290.889553234,8057.770584080909,2595.9319730170537,10842.139476755001,2685.9078269280008,0.008368162638432923,89.97585391094708,9.332548850156983e-05,0.21904881671071053,False,False,0.21904881671071053
s-007,after_one_actual_history_call,9,1000,0,-8156.231649827,10752.163622844,17290.889553234,8057.770584080909,2595.9319730170537,10842.139476755001,2685.9078269280008,0.008368162638432923,89.97585391094708,9.332548850156983e-05,1.019645519554615,False,False,1.019645519554615
s-007,after_one_actual_history_call,9,1000,1,-8156.231649827,10752.163622844,17290.889553234,8057.770584080909,2595.9319730170537,10842.139476755001,2685.9078269280008,0.008368162638432923,89.97585391094708,9.332548850156983e-05,1.021389227360487,False,False,1.021389227360487
s-007,after_one_actual_history_call,10,200,0,-36094.246280448,38232.469868242,62348.905897318,30265.632584664694,2595.9319730170537,40845.775441602,4751.5291611540015,0.0683530408149425,2155.597188136948,0.002235846083712633,0.22234131023287773,False,False,0.22234131023287773
s-007,after_one_actual_history_call,10,200,1,-36094.246280448,38232.469868242,62348.905897318,30265.632584664694,2595.9319730170537,40845.775441602,4751.5291611540015,0.0683530408149425,2155.597188136948,0.002235846083712633,0.22149567306041718,False,False,0.22149567306041718
s-007,after_one_actual_history_call,10,1000,0,-36094.246280448,38232.469868242,62348.905897318,30265.632584664694,2595.9319730170537,40845.775441602,4751.5291611540015,0.0683530408149425,2155.597188136948,0.002235846083712633,1.021516878157854,False,False,1.021516878157854
s-007,after_one_actual_history_call,10,1000,1,-36094.246280448,38232.469868242,62348.905897318,30265.632584664694,2595.9319730170537,40845.775441602,4751.5291611540015,0.0683530408149425,2155.597188136948,0.002235846083712633,1.0229219272732735,False,False,1.0229219272732735
s-007,after_one_actual_history_call,0,50,0,-7889.16502211,9003.894489485,16219.484417554,6389.55336826047,2595.9319730170537,9218.920075861999,1329.7550537519992,0.02388139783602671,0.0,0.0,0.07356668636202812,False,False,
s-007,after_one_actual_history_call,0,50,1,-7889.16502211,9003.894489485,16219.484417554,6389.55336826047,2595.9319730170537,9218.920075861999,1329.7550537519992,0.02388139783602671,0.0,0.0,0.0729544460773468,False,False,
s-007,after_one_actual_history_call,1,50,0,-34660.517621527,34660.517621527,57532.54799331,27786.41384609001,2595.9319730170537,35878.752682783,1218.235061256004,0.035147630354469404,0.0,0.0,0.07472347840666771,False,False,
s-007,after_one_actual_history_call,1,50,1,-34660.517621527,34660.517621527,57532.54799331,27786.41384609001,2595.9319730170537,35878.752682783,1218.235061256004,0.035147630354469404,0.0,0.0,0.07535046339035034,False,False,
s-007,after_one_actual_history_call,2,50,0,-0.43335167300006106,0.0,0.0,0.0,2595.9319730170537,0.0,-0.43335167300006106,0.0,0.0,0.0,0.004632774740457535,False,True,
s-007,after_one_actual_history_call,2,50,1,-0.43335167300006106,0.0,0.0,0.0,2595.9319730170537,0.0,-0.43335167300006106,0.0,0.0,0.0,0.004583120346069336,False,True,
s-007,after_one_actual_history_call,3,50,0,-8838.879785243,10543.266809306,16621.684117067,7917.550715901969,2595.9319730170537,10543.266809306,1704.3870240630004,0.0,0.0,0.0,0.07320772111415863,False,True,
s-007,after_one_actual_history_call,3,50,1,-8838.879785243,10543.266809306,16621.684117067,7917.550715901969,2595.9319730170537,10543.266809306,1704.3870240630004,0.0,0.0,0.0,0.07268814370036125,False,True,
s-007,after_one_actual_history_call,4,50,0,-34809.228383325,35025.19896163,50035.960353822,27371.39752991207,2595.9319730170537,36410.75171749,1601.5233341650019,0.03955874047647437,0.0,0.0,0.07522540539503098,False,False,
s-007,after_one_actual_history_call,4,50,1,-34809.228383325,35025.19896163,50035.960353822,27371.39752991207,2595.9319730170537,36410.75171749,1601.5233341650019,0.03955874047647437,0.0,0.0,0.07504739612340927,False,False,
s-007,after_one_actual_history_call,5,50,0,-1.1391199930001221,0.0,0.0,0.0,2595.9319730170537,0.0,-1.1391199930001221,0.0,0.0,0.0,0.004668101668357849,False,True,
s-007,after_one_actual_history_call,5,50,1,-1.1391199930001221,0.0,0.0,0.0,2595.9319730170537,0.0,-1.1391199930001221,0.0,0.0,0.0,0.004600010812282562,False,True,
s-007,after_one_actual_history_call,6,50,0,-8358.810855837,9836.787648256,15836.680361602,7347.205496219803,2595.9319730170537,9839.413272216,1480.602416378999,0.0002669188411792496,0.0,0.0,0.07308239489793777,False,False,
s-007,after_one_actual_history_call,6,50,1,-8358.810855837,9836.787648256,15836.680361602,7347.205496219803,2595.9319730170537,9839.413272216,1480.602416378999,0.0002669188411792496,0.0,0.0,0.07320234552025795,False,False,
s-007,after_one_actual_history_call,7,50,0,-35609.570266972005,35641.804209305,54232.677202922,29162.392473002412,2595.9319730170537,37884.977926174,2275.407659201992,0.06293659276326334,0.0,0.0,0.07546376064419746,False,False,
s-007,after_one_actual_history_call,7,50,1,-35609.570266972005,35641.804209305,54232.677202922,29162.392473002412,2595.9319730170537,37884.977926174,2275.407659201992,0.06293659276326334,0.0,0.0,0.07580573484301567,False,False,
s-007,after_one_actual_history_call,8,50,0,-3.1714053899995633,1051.873122052,1051.873122052,1011.4652807453333,2595.9319730170537,1051.873122052,1048.7017166620005,0.0,0.0,0.0,0.07191469147801399,False,True,
s-007,after_one_actual_history_call,8,50,1,-3.1714053899995633,1051.873122052,1051.873122052,1011.4652807453333,2595.9319730170537,1051.873122052,1048.7017166620005,0.0,0.0,0.0,0.07183877751231194,False,True,
s-007,after_one_actual_history_call,9,50,0,-8156.231649827,10752.163622844,17290.889553234,8057.770584080909,2595.9319730170537,10842.139476755001,2685.9078269280008,0.008368162638432923,89.97585391094708,9.332548850156983e-05,0.0732271559536457,False,False,0.0732271559536457
s-007,after_one_actual_history_call,9,50,1,-8156.231649827,10752.163622844,17290.889553234,8057.770584080909,2595.9319730170537,10842.139476755001,2685.9078269280008,0.008368162638432923,89.97585391094708,9.332548850156983e-05,0.07278198376297951,False,False,0.07278198376297951
s-007,after_one_actual_history_call,10,50,0,-36094.246280448,38232.469868242,62348.905897318,30265.632584664694,2595.9319730170537,40845.775441602,4751.5291611540015,0.0683530408149425,2155.597188136948,0.002235846083712633,0.07489894330501556,False,False,0.07489894330501556
s-007,after_one_actual_history_call,10,50,1,-36094.246280448,38232.469868242,62348.905897318,30265.632584664694,2595.9319730170537,40845.775441602,4751.5291611540015,0.0683530408149425,2155.597188136948,0.002235846083712633,0.07483459636569023,False,False,0.07483459636569023
s-007,after_one_actual_history_call,0,10,0,-7889.16502211,9003.894489485,16219.484417554,6389.55336826047,2595.9319730170537,9218.920075861999,1329.7550537519992,0.02388139783602671,0.0,0.0,0.03542168438434601,False,False,
s-007,after_one_actual_history_call,0,10,1,-7889.16502211,9003.894489485,16219.484417554,6389.55336826047,2595.9319730170537,9218.920075861999,1329.7550537519992,0.02388139783602671,0.0,0.0,0.034125685691833496,False,False,
s-007,after_one_actual_history_call,1,10,0,-34660.517621527,34660.517621527,57532.54799331,27786.41384609001,2595.9319730170537,35850.441264072,1189.923642545,0.03433080993014255,0.0,0.0,0.03747234866023064,False,False,
s-007,after_one_actual_history_call,1,10,1,-34660.517621527,34660.517621527,57532.54799331,27786.41384609001,2595.9319730170537,35850.441264072,1189.923642545,0.03433080993014255,0.0,0.0,0.03899198770523071,False,False,
s-007,after_one_actual_history_call,2,10,0,-0.43335167300006106,0.0,0.0,0.0,2595.9319730170537,0.0,-0.43335167300006106,0.0,0.0,0.0,0.0048006027936935425,False,True,
s-007,after_one_actual_history_call,2,10,1,-0.43335167300006106,0.0,0.0,0.0,2595.9319730170537,0.0,-0.43335167300006106,0.0,0.0,0.0,0.004636462777853012,False,True,
s-007,after_one_actual_history_call,3,10,0,-8838.879785243,10543.266809306,16621.684117067,7917.550715901969,2595.9319730170537,10543.266809306,1704.3870240630004,0.0,0.0,0.0,0.034149061888456345,False,True,
s-007,after_one_actual_history_call,3,10,1,-8838.879785243,10543.266809306,16621.684117067,7917.550715901969,2595.9319730170537,10543.266809306,1704.3870240630004,0.0,0.0,0.0,0.033293467015028,False,True,
s-007,after_one_actual_history_call,4,10,0,-34809.228383325,35025.19896163,50035.960353822,27371.39752991207,2595.9319730170537,36410.75171749,1601.5233341650019,0.03955874047647437,0.0,0.0,0.036690548062324524,False,False,
s-007,after_one_actual_history_call,4,10,1,-34809.228383325,35025.19896163,50035.960353822,27371.39752991207,2595.9319730170537,36410.75171749,1601.5233341650019,0.03955874047647437,0.0,0.0,0.03738269582390785,False,False,
s-007,after_one_actual_history_call,5,10,0,-1.1391199930001221,0.0,0.0,0.0,2595.9319730170537,0.0,-1.1391199930001221,0.0,0.0,0.0,0.0049665458500385284,False,True,
s-007,after_one_actual_history_call,5,10,1,-1.1391199930001221,0.0,0.0,0.0,2595.9319730170537,0.0,-1.1391199930001221,0.0,0.0,0.0,0.004807628691196442,False,True,
s-007,after_one_actual_history_call,6,10,0,-8358.810855837,9836.787648256,15836.680361602,7347.205496219803,2595.9319730170537,9839.413272216,1480.602416378999,0.0002669188411792496,0.0,0.0,0.03481440991163254,False,False,
s-007,after_one_actual_history_call,6,10,1,-8358.810855837,9836.787648256,15836.680361602,7347.205496219803,2595.9319730170537,9839.413272216,1480.602416378999,0.0002669188411792496,0.0,0.0,0.03319165110588074,False,False,
s-007,after_one_actual_history_call,7,10,0,-35609.570266972005,35641.804209305,54232.677202922,29162.392473002412,2595.9319730170537,37884.977926174,2275.407659201992,0.06293659276326334,0.0,0.0,0.03582533821463585,False,False,
s-007,after_one_actual_history_call,7,10,1,-35609.570266972005,35641.804209305,54232.677202922,29162.392473002412,2595.9319730170537,37884.977926174,2275.407659201992,0.06293659276326334,0.0,0.0,0.037497520446777344,False,False,
s-007,after_one_actual_history_call,8,10,0,-3.1714053899995633,1051.873122052,1051.873122052,1011.4652807453333,2595.9319730170537,1051.873122052,1048.7017166620005,0.0,0.0,0.0,0.0326266810297966,False,True,
s-007,after_one_actual_history_call,8,10,1,-3.1714053899995633,1051.873122052,1051.873122052,1011.4652807453333,2595.9319730170537,1051.873122052,1048.7017166620005,0.0,0.0,0.0,0.03159288689494133,False,True,
s-007,after_one_actual_history_call,9,10,0,-8156.231649827,10752.163622844,17290.889553234,8057.770584080909,2595.9319730170537,10842.139476755001,2685.9078269280008,0.008368162638432923,89.97585391094708,9.332548850156983e-05,0.0340769998729229,False,False,0.0340769998729229
s-007,after_one_actual_history_call,9,10,1,-8156.231649827,10752.163622844,17290.889553234,8057.770584080909,2595.9319730170537,10842.139476755001,2685.9078269280008,0.008368162638432923,89.97585391094708,9.332548850156983e-05,0.032666418701410294,False,False,0.032666418701410294
s-007,after_one_actual_history_call,10,10,0,-36094.246280448,38232.469868242,62348.905897318,30265.632584664694,2595.9319730170537,40845.775441602,4751.5291611540015,0.0683530408149425,2155.597188136948,0.002235846083712633,0.03418441116809845,False,False,0.03418441116809845
s-007,after_one_actual_history_call,10,10,1,-36094.246280448,38232.469868242,62348.905897318,30265.632584664694,2595.9319730170537,40845.775441602,4751.5291611540015,0.0683530408149425,2155.597188136948,0.002235846083712633,0.03531737998127937,False,False,0.03531737998127937
s-008,after_common_greedy_prefix,0,200,0,-8022.580120388,8688.139694289,12516.658570581,5693.277005223975,2683.2822029680246,8806.44810957,783.8679891819993,0.01361723216291824,0.0,0.0,0.2205587550997734,False,False,
s-008,after_common_greedy_prefix,0,200,1,-8022.580120388,8688.139694289,12516.658570581,5693.277005223975,2683.2822029680246,8806.44810957,783.8679891819993,0.01361723216291824,0.0,0.0,0.21964166685938835,False,False,
s-008,after_common_greedy_prefix,0,1000,0,-8022.580120388,8688.139694289,12516.658570581,5693.277005223975,2683.2822029680246,8806.44810957,783.8679891819993,0.01361723216291824,0.0,0.0,1.019962627440691,False,False,
s-008,after_common_greedy_prefix,0,1000,1,-8022.580120388,8688.139694289,12516.658570581,5693.277005223975,2683.2822029680246,8806.44810957,783.8679891819993,0.01361723216291824,0.0,0.0,1.0191712379455566,False,False,
s-008,after_common_greedy_prefix,1,200,0,-34785.591988084,34785.591988084,53497.571854225,28567.88780626751,2683.2822029680246,35754.096706966004,968.5047188820026,0.027842122658535445,0.0,0.0,0.22320333123207092,False,False,
s-008,after_common_greedy_prefix,1,200,1,-34785.591988084,34785.591988084,53497.571854225,28567.88780626751,2683.2822029680246,35754.096706966004,968.5047188820026,0.027842122658535445,0.0,0.0,0.2230471596121788,False,False,
s-008,after_common_greedy_prefix,1,1000,0,-34785.591988084,34785.591988084,53497.571854225,28567.88780626751,2683.2822029680246,35754.096706966004,968.5047188820026,0.027842122658535445,0.0,0.0,1.0214080065488815,False,False,
s-008,after_common_greedy_prefix,1,1000,1,-34785.591988084,34785.591988084,53497.571854225,28567.88780626751,2683.2822029680246,35754.096706966004,968.5047188820026,0.027842122658535445,0.0,0.0,1.0222509950399399,False,False,
s-008,after_common_greedy_prefix,2,200,0,-0.43335167300006106,0.0,0.0,0.0,2683.2822029680246,0.0,-0.43335167300006106,0.0,0.0,0.0,0.004802428185939789,False,True,
s-008,after_common_greedy_prefix,2,200,1,-0.43335167300006106,0.0,0.0,0.0,2683.2822029680246,0.0,-0.43335167300006106,0.0,0.0,0.0,0.004598300904035568,False,True,
s-008,after_common_greedy_prefix,2,1000,0,-0.43335167300006106,0.0,0.0,0.0,2683.2822029680246,0.0,-0.43335167300006106,0.0,0.0,0.0,0.004555691033601761,False,True,
s-008,after_common_greedy_prefix,2,1000,1,-0.43335167300006106,0.0,0.0,0.0,2683.2822029680246,0.0,-0.43335167300006106,0.0,0.0,0.0,0.004519082605838776,False,True,
s-008,after_common_greedy_prefix,3,200,0,-9837.212822435002,10984.235109846,16856.916099839,8254.74920721297,2683.2822029680246,11132.975225573,1295.7624031379983,0.013541235619917916,0.0,0.0,0.21976662427186966,False,False,
s-008,after_common_greedy_prefix,3,200,1,-9837.212822435002,10984.235109846,16856.916099839,8254.74920721297,2683.2822029680246,11132.975225573,1295.7624031379983,0.013541235619917916,0.0,0.0,0.2181447185575962,False,False,
s-008,after_common_greedy_prefix,3,1000,0,-9837.212822435002,10984.235109846,16856.916099839,8254.74920721297,2683.2822029680246,11132.975225573,1295.7624031379983,0.013541235619917916,0.0,0.0,1.0189340524375439,False,False,
s-008,after_common_greedy_prefix,3,1000,1,-9837.212822435002,10984.235109846,16856.916099839,8254.74920721297,2683.2822029680246,11132.975225573,1295.7624031379983,0.013541235619917916,0.0,0.0,1.0200479812920094,False,False,
s-008,after_common_greedy_prefix,4,200,0,-35158.392416459996,35374.362994765,50964.069245972,27260.93656549335,2683.2822029680246,36801.368478944,1642.9760624840055,0.04034010405756804,0.0,0.0,0.22204602882266045,False,False,
s-008,after_common_greedy_prefix,4,200,1,-35158.392416459996,35374.362994765,50964.069245972,27260.93656549335,2683.2822029680246,36801.368478944,1642.9760624840055,0.04034010405756804,0.0,0.0,0.22137568518519402,False,False,
s-008,after_common_greedy_prefix,4,1000,0,-35158.392416459996,35374.362994765,50964.069245972,27260.93656549335,2683.2822029680246,36801.368478944,1642.9760624840055,0.04034010405756804,0.0,0.0,1.0222598426043987,False,False,
s-008,after_common_greedy_prefix,4,1000,1,-35158.392416459996,35374.362994765,50964.069245972,27260.93656549335,2683.2822029680246,36801.368478944,1642.9760624840055,0.04034010405756804,0.0,0.0,1.0238196514546871,False,False,
s-008,after_common_greedy_prefix,5,200,0,-1.1391199930001221,0.0,0.0,0.0,2683.2822029680246,0.0,-1.1391199930001221,0.0,0.0,0.0,0.0049257539212703705,False,True,
s-008,after_common_greedy_prefix,5,200,1,-1.1391199930001221,0.0,0.0,0.0,2683.2822029680246,0.0,-1.1391199930001221,0.0,0.0,0.0,0.004487030208110809,False,True,
s-008,after_common_greedy_prefix,5,1000,0,-1.1391199930001221,0.0,0.0,0.0,2683.2822029680246,0.0,-1.1391199930001221,0.0,0.0,0.0,0.004498299211263657,False,True,
s-008,after_common_greedy_prefix,5,1000,1,-1.1391199930001221,0.0,0.0,0.0,2683.2822029680246,0.0,-1.1391199930001221,0.0,0.0,0.0,0.004503265023231506,False,True,
s-008,after_common_greedy_prefix,6,200,0,-8365.422538223,9818.796422994,16554.730421634,7468.468088298802,2683.2822029680246,9902.576796316,1537.154258093,0.008532652039286517,0.0,0.0,0.21860474720597267,False,False,
s-008,after_common_greedy_prefix,6,200,1,-8365.422538223,9818.796422994,16554.730421634,7468.468088298802,2683.2822029680246,9902.576796316,1537.154258093,0.008532652039286517,0.0,0.0,0.21835707128047943,False,False,
s-008,after_common_greedy_prefix,6,1000,0,-8365.422538223,9818.796422994,16554.730421634,7468.468088298802,2683.2822029680246,9902.576796316,1537.154258093,0.008532652039286517,0.0,0.0,1.0188859328627586,False,False,
s-008,after_common_greedy_prefix,6,1000,1,-8365.422538223,9818.796422994,16554.730421634,7468.468088298802,2683.2822029680246,9902.576796316,1537.154258093,0.008532652039286517,0.0,0.0,1.0195725001394749,False,False,
s-008,after_common_greedy_prefix,7,200,0,-35609.570266972005,35641.804209305,54232.677202922,29162.392473002412,2683.2822029680246,37884.977926174,2275.407659201992,0.06293659276326334,0.0,0.0,0.22198474407196045,False,False,
s-008,after_common_greedy_prefix,7,200,1,-35609.570266972005,35641.804209305,54232.677202922,29162.392473002412,2683.2822029680246,37884.977926174,2275.407659201992,0.06293659276326334,0.0,0.0,0.22101294249296188,False,False,
s-008,after_common_greedy_prefix,7,1000,0,-35609.570266972005,35641.804209305,54232.677202922,29162.392473002412,2683.2822029680246,37884.977926174,2275.407659201992,0.06293659276326334,0.0,0.0,1.021569050848484,False,False,
s-008,after_common_greedy_prefix,7,1000,1,-35609.570266972005,35641.804209305,54232.677202922,29162.392473002412,2683.2822029680246,37884.977926174,2275.407659201992,0.06293659276326334,0.0,0.0,1.021829228848219,False,False,
s-008,after_common_greedy_prefix,8,200,0,-3.1714053899995633,1051.873122052,1051.873122052,1011.4652807453333,2683.2822029680246,1051.873122052,1048.7017166620005,0.0,0.0,0.0,0.21813003718852997,False,True,
s-008,after_common_greedy_prefix,8,200,1,-3.1714053899995633,1051.873122052,1051.873122052,1011.4652807453333,2683.2822029680246,1051.873122052,1048.7017166620005,0.0,0.0,0.0,0.21834998205304146,False,True,
s-008,after_common_greedy_prefix,8,1000,0,-3.1714053899995633,1051.873122052,1051.873122052,1011.4652807453333,2683.2822029680246,1051.873122052,1048.7017166620005,0.0,0.0,0.0,1.0176837034523487,False,True,
s-008,after_common_greedy_prefix,8,1000,1,-3.1714053899995633,1051.873122052,1051.873122052,1011.4652807453333,2683.2822029680246,1051.873122052,1048.7017166620005,0.0,0.0,0.0,1.0182841531932354,False,True,
s-008,after_common_greedy_prefix,9,200,0,-8129.586523368999,10812.868726337,17319.229565981,8119.313560194636,2683.2822029680246,10815.494350297,2685.9078269280008,0.0002428239930080175,2.62562395997611,2.7233710827431642e-06,0.21950814500451088,False,False,0.21950814500451088
s-008,after_common_greedy_prefix,9,200,1,-8129.586523368999,10812.868726337,17319.229565981,8119.313560194636,2683.2822029680246,10815.494350297,2685.9078269280008,0.0002428239930080175,2.62562395997611,2.7233710827431642e-06,0.22086863964796066,False,False,0.22086863964796066
s-008,after_common_greedy_prefix,9,1000,0,-8129.586523368999,10812.868726337,17319.229565981,8119.313560194636,2683.2822029680246,10815.494350297,2685.9078269280008,0.0002428239930080175,2.62562395997611,2.7233710827431642e-06,1.0186955519020557,False,False,1.0186955519020557
s-008,after_common_greedy_prefix,9,1000,1,-8129.586523368999,10812.868726337,17319.229565981,8119.313560194636,2683.2822029680246,10815.494350297,2685.9078269280008,0.0002428239930080175,2.62562395997611,2.7233710827431642e-06,1.0187426023185253,False,False,1.0187426023185253
s-008,after_common_greedy_prefix,10,200,0,-35868.84418477,38007.067772564,62123.50380164,30062.65324084323,2683.2822029680246,40620.373345924,4751.5291611540015,0.06875841064609728,2068.246958185977,0.002145243966293806,0.22141026332974434,False,False,0.22141026332974434
s-008,after_common_greedy_prefix,10,200,1,-35868.84418477,38007.067772564,62123.50380164,30062.65324084323,2683.2822029680246,40620.373345924,4751.5291611540015,0.06875841064609728,2068.246958185977,0.002145243966293806,0.22170323878526688,False,False,0.22170323878526688
s-008,after_common_greedy_prefix,10,1000,0,-35868.84418477,38007.067772564,62123.50380164,30062.65324084323,2683.2822029680246,40620.373345924,4751.5291611540015,0.06875841064609728,2068.246958185977,0.002145243966293806,1.0212182365357876,False,False,1.0212182365357876
s-008,after_common_greedy_prefix,10,1000,1,-35868.84418477,38007.067772564,62123.50380164,30062.65324084323,2683.2822029680246,40620.373345924,4751.5291611540015,0.06875841064609728,2068.246958185977,0.002145243966293806,1.0218110457062721,False,False,1.0218110457062721
s-008,after_common_greedy_prefix,0,50,0,-8022.580120388,8688.139694289,12516.658570581,5693.277005223975,2683.2822029680246,8806.44810957,783.8679891819993,0.01361723216291824,0.0,0.0,0.07307684049010277,False,False,
s-008,after_common_greedy_prefix,0,50,1,-8022.580120388,8688.139694289,12516.658570581,5693.277005223975,2683.2822029680246,8806.44810957,783.8679891819993,0.01361723216291824,0.0,0.0,0.07225358113646507,False,False,
s-008,after_common_greedy_prefix,1,50,0,-34785.591988084,34785.591988084,53497.571854225,28567.88780626751,2683.2822029680246,35754.096706966004,968.5047188820026,0.027842122658535445,0.0,0.0,0.07566245645284653,False,False,
s-008,after_common_greedy_prefix,1,50,1,-34785.591988084,34785.591988084,53497.571854225,28567.88780626751,2683.2822029680246,35754.096706966004,968.5047188820026,0.027842122658535445,0.0,0.0,0.07575009390711784,False,False,
s-008,after_common_greedy_prefix,2,50,0,-0.43335167300006106,0.0,0.0,0.0,2683.2822029680246,0.0,-0.43335167300006106,0.0,0.0,0.0,0.004633743315935135,False,True,
s-008,after_common_greedy_prefix,2,50,1,-0.43335167300006106,0.0,0.0,0.0,2683.2822029680246,0.0,-0.43335167300006106,0.0,0.0,0.0,0.004588745534420013,False,True,
s-008,after_common_greedy_prefix,3,50,0,-9837.212822435002,10984.235109846,16856.916099839,8254.74920721297,2683.2822029680246,11132.975225573,1295.7624031379983,0.013541235619917916,0.0,0.0,0.07271138951182365,False,False,
s-008,after_common_greedy_prefix,3,50,1,-9837.212822435002,10984.235109846,16856.916099839,8254.74920721297,2683.2822029680246,11132.975225573,1295.7624031379983,0.013541235619917916,0.0,0.0,0.07333515956997871,False,False,
s-008,after_common_greedy_prefix,4,50,0,-35158.392416459996,35374.362994765,50964.069245972,27260.93656549335,2683.2822029680246,36801.368478944,1642.9760624840055,0.04034010405756804,0.0,0.0,0.07610296458005905,False,False,
s-008,after_common_greedy_prefix,4,50,1,-35158.392416459996,35374.362994765,50964.069245972,27260.93656549335,2683.2822029680246,36801.368478944,1642.9760624840055,0.04034010405756804,0.0,0.0,0.07556819915771484,False,False,
s-008,after_common_greedy_prefix,5,50,0,-1.1391199930001221,0.0,0.0,0.0,2683.2822029680246,0.0,-1.1391199930001221,0.0,0.0,0.0,0.004666093736886978,False,True,
s-008,after_common_greedy_prefix,5,50,1,-1.1391199930001221,0.0,0.0,0.0,2683.2822029680246,0.0,-1.1391199930001221,0.0,0.0,0.0,0.004603538662195206,False,True,
s-008,after_common_greedy_prefix,6,50,0,-8365.422538223,9818.796422994,16554.730421634,7468.468088298802,2683.2822029680246,9902.576796316,1537.154258093,0.008532652039286517,0.0,0.0,0.0731498971581459,False,False,
s-008,after_common_greedy_prefix,6,50,1,-8365.422538223,9818.796422994,16554.730421634,7468.468088298802,2683.2822029680246,9902.576796316,1537.154258093,0.008532652039286517,0.0,0.0,0.07262350618839264,False,False,
s-008,after_common_greedy_prefix,7,50,0,-35609.570266972005,35641.804209305,54232.677202922,29162.392473002412,2683.2822029680246,37884.977926174,2275.407659201992,0.06293659276326334,0.0,0.0,0.07522493228316307,False,False,
s-008,after_common_greedy_prefix,7,50,1,-35609.570266972005,35641.804209305,54232.677202922,29162.392473002412,2683.2822029680246,37884.977926174,2275.407659201992,0.06293659276326334,0.0,0.0,0.07552922517061234,False,False,
s-008,after_common_greedy_prefix,8,50,0,-3.1714053899995633,1051.873122052,1051.873122052,1011.4652807453333,2683.2822029680246,1051.873122052,1048.7017166620005,0.0,0.0,0.0,0.07145869731903076,False,True,
s-008,after_common_greedy_prefix,8,50,1,-3.1714053899995633,1051.873122052,1051.873122052,1011.4652807453333,2683.2822029680246,1051.873122052,1048.7017166620005,0.0,0.0,0.0,0.0712176263332367,False,True,
s-008,after_common_greedy_prefix,9,50,0,-8129.586523368999,10812.868726337,17319.229565981,8119.313560194636,2683.2822029680246,10815.494350297,2685.9078269280008,0.0002428239930080175,2.62562395997611,2.7233710827431642e-06,0.0730423852801323,False,False,0.0730423852801323
s-008,after_common_greedy_prefix,9,50,1,-8129.586523368999,10812.868726337,17319.229565981,8119.313560194636,2683.2822029680246,10815.494350297,2685.9078269280008,0.0002428239930080175,2.62562395997611,2.7233710827431642e-06,0.0730159841477871,False,False,0.0730159841477871
s-008,after_common_greedy_prefix,10,50,0,-35868.84418477,38007.067772564,62123.50380164,30062.65324084323,2683.2822029680246,40620.373345924,4751.5291611540015,0.06875841064609728,2068.246958185977,0.002145243966293806,0.0755719356238842,False,False,0.0755719356238842
s-008,after_common_greedy_prefix,10,50,1,-35868.84418477,38007.067772564,62123.50380164,30062.65324084323,2683.2822029680246,40620.373345924,4751.5291611540015,0.06875841064609728,2068.246958185977,0.002145243966293806,0.0770147517323494,False,False,0.0770147517323494
s-008,after_common_greedy_prefix,0,10,0,-8022.580120388,8688.139694289,12516.658570581,5693.277005223975,2683.2822029680246,8806.44810957,783.8679891819993,0.01361723216291824,0.0,0.0,0.036303386092185974,False,False,
s-008,after_common_greedy_prefix,0,10,1,-8022.580120388,8688.139694289,12516.658570581,5693.277005223975,2683.2822029680246,8806.44810957,783.8679891819993,0.01361723216291824,0.0,0.0,0.03738422319293022,False,False,
s-008,after_common_greedy_prefix,1,10,0,-34785.591988084,34785.591988084,53497.571854225,28567.88780626751,2683.2822029680246,35525.213938188,739.6219501039959,0.021262307404667932,0.0,0.0,0.040334224700927734,False,False,
s-008,after_common_greedy_prefix,1,10,1,-34785.591988084,34785.591988084,53497.571854225,28567.88780626751,2683.2822029680246,35525.213938188,739.6219501039959,0.021262307404667932,0.0,0.0,0.03550788387656212,False,False,
s-008,after_common_greedy_prefix,2,10,0,-0.43335167300006106,0.0,0.0,0.0,2683.2822029680246,0.0,-0.43335167300006106,0.0,0.0,0.0,0.004710763692855835,False,True,
s-008,after_common_greedy_prefix,2,10,1,-0.43335167300006106,0.0,0.0,0.0,2683.2822029680246,0.0,-0.43335167300006106,0.0,0.0,0.0,0.004597991704940796,False,True,
s-008,after_common_greedy_prefix,3,10,0,-9837.212822435002,10984.235109846,16856.916099839,8254.74920721297,2683.2822029680246,11132.975225573,1295.7624031379983,0.013541235619917916,0.0,0.0,0.03316643834114075,False,False,
s-008,after_common_greedy_prefix,3,10,1,-9837.212822435002,10984.235109846,16856.916099839,8254.74920721297,2683.2822029680246,11132.975225573,1295.7624031379983,0.013541235619917916,0.0,0.0,0.032411277294158936,False,False,
s-008,after_common_greedy_prefix,4,10,0,-35158.392416459996,35374.362994765,50964.069245972,27260.93656549335,2683.2822029680246,36801.368478944,1642.9760624840055,0.04034010405756804,0.0,0.0,0.03557374328374863,False,False,
s-008,after_common_greedy_prefix,4,10,1,-35158.392416459996,35374.362994765,50964.069245972,27260.93656549335,2683.2822029680246,36801.368478944,1642.9760624840055,0.04034010405756804,0.0,0.0,0.03548228368163109,False,False,
s-008,after_common_greedy_prefix,5,10,0,-1.1391199930001221,0.0,0.0,0.0,2683.2822029680246,0.0,-1.1391199930001221,0.0,0.0,0.0,0.004642680287361145,False,True,
s-008,after_common_greedy_prefix,5,10,1,-1.1391199930001221,0.0,0.0,0.0,2683.2822029680246,0.0,-1.1391199930001221,0.0,0.0,0.0,0.0044813379645347595,False,True,
s-008,after_common_greedy_prefix,6,10,0,-8365.422538223,9818.796422994,16554.730421634,7468.468088298802,2683.2822029680246,9902.576796316,1537.154258093,0.008532652039286517,0.0,0.0,0.03274986147880554,False,False,
s-008,after_common_greedy_prefix,6,10,1,-8365.422538223,9818.796422994,16554.730421634,7468.468088298802,2683.2822029680246,9902.576796316,1537.154258093,0.008532652039286517,0.0,0.0,0.03280877321958542,False,False,
s-008,after_common_greedy_prefix,7,10,0,-35609.570266972005,35641.804209305,54232.677202922,29162.392473002412,2683.2822029680246,37884.977926174,2275.407659201992,0.06293659276326334,0.0,0.0,0.03644457831978798,False,False,
s-008,after_common_greedy_prefix,7,10,1,-35609.570266972005,35641.804209305,54232.677202922,29162.392473002412,2683.2822029680246,37884.977926174,2275.407659201992,0.06293659276326334,0.0,0.0,0.03654398396611214,False,False,
s-008,after_common_greedy_prefix,8,10,0,-3.1714053899995633,1051.873122052,1051.873122052,1011.4652807453333,2683.2822029680246,1051.873122052,1048.7017166620005,0.0,0.0,0.0,0.031272172927856445,False,True,
s-008,after_common_greedy_prefix,8,10,1,-3.1714053899995633,1051.873122052,1051.873122052,1011.4652807453333,2683.2822029680246,1051.873122052,1048.7017166620005,0.0,0.0,0.0,0.03196270018815994,False,True,
s-008,after_common_greedy_prefix,9,10,0,-8129.586523368999,10812.868726337,17319.229565981,8119.313560194636,2683.2822029680246,10815.494350297,2685.9078269280008,0.0002428239930080175,2.62562395997611,2.7233710827431642e-06,0.0334196574985981,False,False,0.0334196574985981
s-008,after_common_greedy_prefix,9,10,1,-8129.586523368999,10812.868726337,17319.229565981,8119.313560194636,2683.2822029680246,10815.494350297,2685.9078269280008,0.0002428239930080175,2.62562395997611,2.7233710827431642e-06,0.03287316486239433,False,False,0.03287316486239433
s-008,after_common_greedy_prefix,10,10,0,-35868.84418477,38007.067772564,62123.50380164,30062.65324084323,2683.2822029680246,40620.373345924,4751.5291611540015,0.06875841064609728,2068.246958185977,0.002145243966293806,0.03541713207960129,False,False,0.03541713207960129
s-008,after_common_greedy_prefix,10,10,1,-35868.84418477,38007.067772564,62123.50380164,30062.65324084323,2683.2822029680246,40620.373345924,4751.5291611540015,0.06875841064609728,2068.246958185977,0.002145243966293806,0.035360489040613174,False,False,0.035360489040613174
s-009,after_one_actual_history_call,0,200,0,-8022.580120388,8688.139694289,12516.658570581,5693.277005223975,2683.2822029680246,8806.44810957,783.8679891819993,0.01361723216291824,0.0,0.0,0.2200314961373806,False,False,
s-009,after_one_actual_history_call,0,200,1,-8022.580120388,8688.139694289,12516.658570581,5693.277005223975,2683.2822029680246,8806.44810957,783.8679891819993,0.01361723216291824,0.0,0.0,0.2194734811782837,False,False,
s-009,after_one_actual_history_call,0,1000,0,-8022.580120388,8688.139694289,12516.658570581,5693.277005223975,2683.2822029680246,8806.44810957,783.8679891819993,0.01361723216291824,0.0,0.0,1.0196015313267708,False,False,
s-009,after_one_actual_history_call,0,1000,1,-8022.580120388,8688.139694289,12516.658570581,5693.277005223975,2683.2822029680246,8806.44810957,783.8679891819993,0.01361723216291824,0.0,0.0,1.0195371843874454,False,False,
s-009,after_one_actual_history_call,1,200,0,-34785.591988084,34785.591988084,53497.571854225,28567.88780626751,2683.2822029680246,35754.096706966004,968.5047188820026,0.027842122658535445,0.0,0.0,0.22165168076753616,False,False,
s-009,after_one_actual_history_call,1,200,1,-34785.591988084,34785.591988084,53497.571854225,28567.88780626751,2683.2822029680246,35754.096706966004,968.5047188820026,0.027842122658535445,0.0,0.0,0.22121161967515945,False,False,
s-009,after_one_actual_history_call,1,1000,0,-34785.591988084,34785.591988084,53497.571854225,28567.88780626751,2683.2822029680246,35754.096706966004,968.5047188820026,0.027842122658535445,0.0,0.0,1.0214836224913597,False,False,
s-009,after_one_actual_history_call,1,1000,1,-34785.591988084,34785.591988084,53497.571854225,28567.88780626751,2683.2822029680246,35754.096706966004,968.5047188820026,0.027842122658535445,0.0,0.0,1.0225549787282944,False,False,
s-009,after_one_actual_history_call,2,200,0,-0.43335167300006106,0.0,0.0,0.0,2683.2822029680246,0.0,-0.43335167300006106,0.0,0.0,0.0,0.0048902444541454315,False,True,
s-009,after_one_actual_history_call,2,200,1,-0.43335167300006106,0.0,0.0,0.0,2683.2822029680246,0.0,-0.43335167300006106,0.0,0.0,0.0,0.0046520717442035675,False,True,
s-009,after_one_actual_history_call,2,1000,0,-0.43335167300006106,0.0,0.0,0.0,2683.2822029680246,0.0,-0.43335167300006106,0.0,0.0,0.0,0.004569303244352341,False,True,
s-009,after_one_actual_history_call,2,1000,1,-0.43335167300006106,0.0,0.0,0.0,2683.2822029680246,0.0,-0.43335167300006106,0.0,0.0,0.0,0.004543714225292206,False,True,
s-009,after_one_actual_history_call,3,200,0,-9837.212822435002,10984.235109846,16856.916099839,8254.74920721297,2683.2822029680246,11132.975225573,1295.7624031379983,0.013541235619917916,0.0,0.0,0.2204546183347702,False,False,
s-009,after_one_actual_history_call,3,200,1,-9837.212822435002,10984.235109846,16856.916099839,8254.74920721297,2683.2822029680246,11132.975225573,1295.7624031379983,0.013541235619917916,0.0,0.0,0.21883105859160423,False,False,
s-009,after_one_actual_history_call,3,1000,0,-9837.212822435002,10984.235109846,16856.916099839,8254.74920721297,2683.2822029680246,11132.975225573,1295.7624031379983,0.013541235619917916,0.0,0.0,1.018424428999424,False,False,
s-009,after_one_actual_history_call,3,1000,1,-9837.212822435002,10984.235109846,16856.916099839,8254.74920721297,2683.2822029680246,11132.975225573,1295.7624031379983,0.013541235619917916,0.0,0.0,1.0181087963283062,False,False,
s-009,after_one_actual_history_call,4,200,0,-35158.392416459996,36801.368478944,50964.069245972,27260.93656549335,2683.2822029680246,36801.368478944,1642.9760624840055,0.0,0.0,0.0,0.0033256448805332184,False,True,
s-009,after_one_actual_history_call,4,200,1,-35158.392416459996,36801.368478944,50964.069245972,27260.93656549335,2683.2822029680246,36801.368478944,1642.9760624840055,0.0,0.0,0.0,0.0032296590507030487,False,True,
s-009,after_one_actual_history_call,4,1000,0,-35158.392416459996,36801.368478944,50964.069245972,27260.93656549335,2683.2822029680246,36801.368478944,1642.9760624840055,0.0,0.0,0.0,1.0223915316164494,False,True,
s-009,after_one_actual_history_call,4,1000,1,-35158.392416459996,36801.368478944,50964.069245972,27260.93656549335,2683.2822029680246,36801.368478944,1642.9760624840055,0.0,0.0,0.0,1.0211676321923733,False,True,
s-009,after_one_actual_history_call,5,200,0,-1.1391199930001221,0.0,0.0,0.0,2683.2822029680246,0.0,-1.1391199930001221,0.0,0.0,0.0,0.0045621804893016815,False,True,
s-009,after_one_actual_history_call,5,200,1,-1.1391199930001221,0.0,0.0,0.0,2683.2822029680246,0.0,-1.1391199930001221,0.0,0.0,0.0,0.004546962678432465,False,True,
s-009,after_one_actual_history_call,5,1000,0,-1.1391199930001221,0.0,0.0,0.0,2683.2822029680246,0.0,-1.1391199930001221,0.0,0.0,0.0,0.004495393484830856,False,True,
s-009,after_one_actual_history_call,5,1000,1,-1.1391199930001221,0.0,0.0,0.0,2683.2822029680246,0.0,-1.1391199930001221,0.0,0.0,0.0,0.004507757723331451,False,True,
s-009,after_one_actual_history_call,6,200,0,-8365.422538223,9818.796422994,16554.730421634,7468.468088298802,2683.2822029680246,9902.576796316,1537.154258093,0.008532652039286517,0.0,0.0,0.2183624990284443,False,False,
s-009,after_one_actual_history_call,6,200,1,-8365.422538223,9818.796422994,16554.730421634,7468.468088298802,2683.2822029680246,9902.576796316,1537.154258093,0.008532652039286517,0.0,0.0,0.21820135414600372,False,False,
s-009,after_one_actual_history_call,6,1000,0,-8365.422538223,9818.796422994,16554.730421634,7468.468088298802,2683.2822029680246,9902.576796316,1537.154258093,0.008532652039286517,0.0,0.0,1.0183750204741955,False,False,
s-009,after_one_actual_history_call,6,1000,1,-8365.422538223,9818.796422994,16554.730421634,7468.468088298802,2683.2822029680246,9902.576796316,1537.154258093,0.008532652039286517,0.0,0.0,1.0181255377829075,False,False,
s-009,after_one_actual_history_call,7,200,0,-35609.570266972005,35641.804209305,54232.677202922,29162.392473002412,2683.2822029680246,37884.977926174,2275.407659201992,0.06293659276326334,0.0,0.0,0.2214105948805809,False,False,
s-009,after_one_actual_history_call,7,200,1,-35609.570266972005,35641.804209305,54232.677202922,29162.392473002412,2683.2822029680246,37884.977926174,2275.407659201992,0.06293659276326334,0.0,0.0,0.22139637544751167,False,False,
s-009,after_one_actual_history_call,7,1000,0,-35609.570266972005,35641.804209305,54232.677202922,29162.392473002412,2683.2822029680246,37884.977926174,2275.407659201992,0.06293659276326334,0.0,0.0,1.0212885551154613,False,False,
s-009,after_one_actual_history_call,7,1000,1,-35609.570266972005,35641.804209305,54232.677202922,29162.392473002412,2683.2822029680246,37884.977926174,2275.407659201992,0.06293659276326334,0.0,0.0,1.0211642198264599,False,False,
s-009,after_one_actual_history_call,8,200,0,-3.1714053899995633,1051.873122052,1051.873122052,1011.4652807453333,2683.2822029680246,1051.873122052,1048.7017166620005,0.0,0.0,0.0,0.21823100745677948,False,True,
s-009,after_one_actual_history_call,8,200,1,-3.1714053899995633,1051.873122052,1051.873122052,1011.4652807453333,2683.2822029680246,1051.873122052,1048.7017166620005,0.0,0.0,0.0,0.21776725351810455,False,True,
s-009,after_one_actual_history_call,8,1000,0,-3.1714053899995633,1051.873122052,1051.873122052,1011.4652807453333,2683.2822029680246,1051.873122052,1048.7017166620005,0.0,0.0,0.0,1.0174625255167484,False,True,
s-009,after_one_actual_history_call,8,1000,1,-3.1714053899995633,1051.873122052,1051.873122052,1011.4652807453333,2683.2822029680246,1051.873122052,1048.7017166620005,0.0,0.0,0.0,1.017104309052229,False,True,
s-009,after_one_actual_history_call,9,200,0,-8129.586523368999,10812.868726337,17319.229565981,8119.313560194636,2683.2822029680246,10815.494350297,2685.9078269280008,0.0002428239930080175,2.62562395997611,2.7233710827431642e-06,0.2189793474972248,False,False,0.2189793474972248
s-009,after_one_actual_history_call,9,200,1,-8129.586523368999,10812.868726337,17319.229565981,8119.313560194636,2683.2822029680246,10815.494350297,2685.9078269280008,0.0002428239930080175,2.62562395997611,2.7233710827431642e-06,0.2195240631699562,False,False,0.2195240631699562
s-009,after_one_actual_history_call,9,1000,0,-8129.586523368999,10812.868726337,17319.229565981,8119.313560194636,2683.2822029680246,10815.494350297,2685.9078269280008,0.0002428239930080175,2.62562395997611,2.7233710827431642e-06,1.0186373218894005,False,False,1.0186373218894005
s-009,after_one_actual_history_call,9,1000,1,-8129.586523368999,10812.868726337,17319.229565981,8119.313560194636,2683.2822029680246,10815.494350297,2685.9078269280008,0.0002428239930080175,2.62562395997611,2.7233710827431642e-06,1.0211057551205158,False,False,1.0211057551205158
s-009,after_one_actual_history_call,10,200,0,-35868.84418477,38007.067772564,62123.50380164,30062.65324084323,2683.2822029680246,40620.373345924,4751.5291611540015,0.06875841064609728,2068.246958185977,0.002145243966293806,0.22852042689919472,False,False,0.22852042689919472
s-009,after_one_actual_history_call,10,200,1,-35868.84418477,38007.067772564,62123.50380164,30062.65324084323,2683.2822029680246,40620.373345924,4751.5291611540015,0.06875841064609728,2068.246958185977,0.002145243966293806,0.22536810487508774,False,False,0.22536810487508774
s-009,after_one_actual_history_call,10,1000,0,-35868.84418477,38007.067772564,62123.50380164,30062.65324084323,2683.2822029680246,40620.373345924,4751.5291611540015,0.06875841064609728,2068.246958185977,0.002145243966293806,1.0247826278209686,False,False,1.0247826278209686
s-009,after_one_actual_history_call,10,1000,1,-35868.84418477,38007.067772564,62123.50380164,30062.65324084323,2683.2822029680246,40620.373345924,4751.5291611540015,0.06875841064609728,2068.246958185977,0.002145243966293806,1.023615937680006,False,False,1.023615937680006
s-009,after_one_actual_history_call,0,50,0,-8022.580120388,8688.139694289,12516.658570581,5693.277005223975,2683.2822029680246,8806.44810957,783.8679891819993,0.01361723216291824,0.0,0.0,0.07319226861000061,False,False,
s-009,after_one_actual_history_call,0,50,1,-8022.580120388,8688.139694289,12516.658570581,5693.277005223975,2683.2822029680246,8806.44810957,783.8679891819993,0.01361723216291824,0.0,0.0,0.07390198856592178,False,False,
s-009,after_one_actual_history_call,1,50,0,-34785.591988084,34785.591988084,53497.571854225,28567.88780626751,2683.2822029680246,35754.096706966004,968.5047188820026,0.027842122658535445,0.0,0.0,0.07613219693303108,False,False,
s-009,after_one_actual_history_call,1,50,1,-34785.591988084,34785.591988084,53497.571854225,28567.88780626751,2683.2822029680246,35754.096706966004,968.5047188820026,0.027842122658535445,0.0,0.0,0.07537350803613663,False,False,
s-009,after_one_actual_history_call,2,50,0,-0.43335167300006106,0.0,0.0,0.0,2683.2822029680246,0.0,-0.43335167300006106,0.0,0.0,0.0,0.004713021218776703,False,True,
s-009,after_one_actual_history_call,2,50,1,-0.43335167300006106,0.0,0.0,0.0,2683.2822029680246,0.0,-0.43335167300006106,0.0,0.0,0.0,0.00468459352850914,False,True,
s-009,after_one_actual_history_call,3,50,0,-9837.212822435002,10984.235109846,16856.916099839,8254.74920721297,2683.2822029680246,11132.975225573,1295.7624031379983,0.013541235619917916,0.0,0.0,0.07301833108067513,False,False,
s-009,after_one_actual_history_call,3,50,1,-9837.212822435002,10984.235109846,16856.916099839,8254.74920721297,2683.2822029680246,11132.975225573,1295.7624031379983,0.013541235619917916,0.0,0.0,0.07338068261742592,False,False,
s-009,after_one_actual_history_call,4,50,0,-35158.392416459996,36801.368478944,50964.069245972,27260.93656549335,2683.2822029680246,36801.368478944,1642.9760624840055,0.0,0.0,0.0,0.07588563859462738,False,True,
s-009,after_one_actual_history_call,4,50,1,-35158.392416459996,36801.368478944,50964.069245972,27260.93656549335,2683.2822029680246,36801.368478944,1642.9760624840055,0.0,0.0,0.0,0.07501430436968803,False,True,
s-009,after_one_actual_history_call,5,50,0,-1.1391199930001221,0.0,0.0,0.0,2683.2822029680246,0.0,-1.1391199930001221,0.0,0.0,0.0,0.0047325678169727325,False,True,
s-009,after_one_actual_history_call,5,50,1,-1.1391199930001221,0.0,0.0,0.0,2683.2822029680246,0.0,-1.1391199930001221,0.0,0.0,0.0,0.004707690328359604,False,True,
s-009,after_one_actual_history_call,6,50,0,-8365.422538223,9818.796422994,16554.730421634,7468.468088298802,2683.2822029680246,9902.576796316,1537.154258093,0.008532652039286517,0.0,0.0,0.07262316346168518,False,False,
s-009,after_one_actual_history_call,6,50,1,-8365.422538223,9818.796422994,16554.730421634,7468.468088298802,2683.2822029680246,9902.576796316,1537.154258093,0.008532652039286517,0.0,0.0,0.0725649930536747,False,False,
s-009,after_one_actual_history_call,7,50,0,-35609.570266972005,35641.804209305,54232.677202922,29162.392473002412,2683.2822029680246,37884.977926174,2275.407659201992,0.06293659276326334,0.0,0.0,0.07583408802747726,False,False,
s-009,after_one_actual_history_call,7,50,1,-35609.570266972005,35641.804209305,54232.677202922,29162.392473002412,2683.2822029680246,37884.977926174,2275.407659201992,0.06293659276326334,0.0,0.0,0.07491697371006012,False,False,
s-009,after_one_actual_history_call,8,50,0,-3.1714053899995633,1051.873122052,1051.873122052,1011.4652807453333,2683.2822029680246,1051.873122052,1048.7017166620005,0.0,0.0,0.0,0.07141685113310814,False,True,
s-009,after_one_actual_history_call,8,50,1,-3.1714053899995633,1051.873122052,1051.873122052,1011.4652807453333,2683.2822029680246,1051.873122052,1048.7017166620005,0.0,0.0,0.0,0.0711449459195137,False,True,
s-009,after_one_actual_history_call,9,50,0,-8129.586523368999,10812.868726337,17319.229565981,8119.313560194636,2683.2822029680246,10815.494350297,2685.9078269280008,0.0002428239930080175,2.62562395997611,2.7233710827431642e-06,0.07295769080519676,False,False,0.07295769080519676
s-009,after_one_actual_history_call,9,50,1,-8129.586523368999,10812.868726337,17319.229565981,8119.313560194636,2683.2822029680246,10815.494350297,2685.9078269280008,0.0002428239930080175,2.62562395997611,2.7233710827431642e-06,0.07402347400784492,False,False,0.07402347400784492
s-009,after_one_actual_history_call,10,50,0,-35868.84418477,38007.067772564,62123.50380164,30062.65324084323,2683.2822029680246,40620.373345924,4751.5291611540015,0.06875841064609728,2068.246958185977,0.002145243966293806,0.07548272609710693,False,False,0.07548272609710693
s-009,after_one_actual_history_call,10,50,1,-35868.84418477,38007.067772564,62123.50380164,30062.65324084323,2683.2822029680246,40620.373345924,4751.5291611540015,0.06875841064609728,2068.246958185977,0.002145243966293806,0.07488726824522018,False,False,0.07488726824522018
s-009,after_one_actual_history_call,0,10,0,-8022.580120388,8688.139694289,12516.658570581,5693.277005223975,2683.2822029680246,8806.44810957,783.8679891819993,0.01361723216291824,0.0,0.0,0.03658800572156906,False,False,
s-009,after_one_actual_history_call,0,10,1,-8022.580120388,8688.139694289,12516.658570581,5693.277005223975,2683.2822029680246,8806.44810957,783.8679891819993,0.01361723216291824,0.0,0.0,0.035249125212430954,False,False,
s-009,after_one_actual_history_call,1,10,0,-34785.591988084,34785.591988084,53497.571854225,28567.88780626751,2683.2822029680246,35525.213938188,739.6219501039959,0.021262307404667932,0.0,0.0,0.03604733943939209,False,False,
s-009,after_one_actual_history_call,1,10,1,-34785.591988084,34785.591988084,53497.571854225,28567.88780626751,2683.2822029680246,35525.213938188,739.6219501039959,0.021262307404667932,0.0,0.0,0.035781897604465485,False,False,
s-009,after_one_actual_history_call,2,10,0,-0.43335167300006106,0.0,0.0,0.0,2683.2822029680246,0.0,-0.43335167300006106,0.0,0.0,0.0,0.00454314798116684,False,True,
s-009,after_one_actual_history_call,2,10,1,-0.43335167300006106,0.0,0.0,0.0,2683.2822029680246,0.0,-0.43335167300006106,0.0,0.0,0.0,0.004486598074436188,False,True,
s-009,after_one_actual_history_call,3,10,0,-9837.212822435002,10984.235109846,16856.916099839,8254.74920721297,2683.2822029680246,11132.975225573,1295.7624031379983,0.013541235619917916,0.0,0.0,0.03356296196579933,False,False,
s-009,after_one_actual_history_call,3,10,1,-9837.212822435002,10984.235109846,16856.916099839,8254.74920721297,2683.2822029680246,11132.975225573,1295.7624031379983,0.013541235619917916,0.0,0.0,0.03352884575724602,False,False,
s-009,after_one_actual_history_call,4,10,0,-35158.392416459996,36801.368478944,50964.069245972,27260.93656549335,2683.2822029680246,36801.368478944,1642.9760624840055,0.0,0.0,0.0,0.036992285400629044,False,True,
s-009,after_one_actual_history_call,4,10,1,-35158.392416459996,36801.368478944,50964.069245972,27260.93656549335,2683.2822029680246,36801.368478944,1642.9760624840055,0.0,0.0,0.0,0.035539478063583374,False,True,
s-009,after_one_actual_history_call,5,10,0,-1.1391199930001221,0.0,0.0,0.0,2683.2822029680246,0.0,-1.1391199930001221,0.0,0.0,0.0,0.004617422819137573,False,True,
s-009,after_one_actual_history_call,5,10,1,-1.1391199930001221,0.0,0.0,0.0,2683.2822029680246,0.0,-1.1391199930001221,0.0,0.0,0.0,0.004470214247703552,False,True,
s-009,after_one_actual_history_call,6,10,0,-8365.422538223,9818.796422994,16554.730421634,7468.468088298802,2683.2822029680246,9902.576796316,1537.154258093,0.008532652039286517,0.0,0.0,0.03281635791063309,False,False,
s-009,after_one_actual_history_call,6,10,1,-8365.422538223,9818.796422994,16554.730421634,7468.468088298802,2683.2822029680246,9902.576796316,1537.154258093,0.008532652039286517,0.0,0.0,0.03200775012373924,False,False,
s-009,after_one_actual_history_call,7,10,0,-35609.570266972005,35641.804209305,54232.677202922,29162.392473002412,2683.2822029680246,37884.977926174,2275.407659201992,0.06293659276326334,0.0,0.0,0.03552980720996857,False,False,
s-009,after_one_actual_history_call,7,10,1,-35609.570266972005,35641.804209305,54232.677202922,29162.392473002412,2683.2822029680246,37884.977926174,2275.407659201992,0.06293659276326334,0.0,0.0,0.03533833846449852,False,False,
s-009,after_one_actual_history_call,8,10,0,-3.1714053899995633,1051.873122052,1051.873122052,1011.4652807453333,2683.2822029680246,1051.873122052,1048.7017166620005,0.0,0.0,0.0,0.03214568644762039,False,True,
s-009,after_one_actual_history_call,8,10,1,-3.1714053899995633,1051.873122052,1051.873122052,1011.4652807453333,2683.2822029680246,1051.873122052,1048.7017166620005,0.0,0.0,0.0,0.03273298591375351,False,True,
s-009,after_one_actual_history_call,9,10,0,-8129.586523368999,10812.868726337,17319.229565981,8119.313560194636,2683.2822029680246,10815.494350297,2685.9078269280008,0.0002428239930080175,2.62562395997611,2.7233710827431642e-06,0.03192516788840294,False,False,0.03192516788840294
s-009,after_one_actual_history_call,9,10,1,-8129.586523368999,10812.868726337,17319.229565981,8119.313560194636,2683.2822029680246,10815.494350297,2685.9078269280008,0.0002428239930080175,2.62562395997611,2.7233710827431642e-06,0.03245064243674278,False,False,0.03245064243674278
s-009,after_one_actual_history_call,10,10,0,-35868.84418477,38007.067772564,62123.50380164,30062.65324084323,2683.2822029680246,40620.373345924,4751.5291611540015,0.06875841064609728,2068.246958185977,0.002145243966293806,0.03620456904172897,False,False,0.03620456904172897
s-009,after_one_actual_history_call,10,10,1,-35868.84418477,38007.067772564,62123.50380164,30062.65324084323,2683.2822029680246,40620.373345924,4751.5291611540015,0.06875841064609728,2068.246958185977,0.002145243966293806,0.03426114842295647,False,False,0.03426114842295647
s-010,after_common_greedy_prefix,0,200,0,-9046.01605203,9654.466819683,16601.466449637,6977.840656678057,2415.8644914750475,9746.615014667,700.598962637001,0.009544617709611184,0.0,0.0,0.2197905331850052,False,False,
s-010,after_common_greedy_prefix,0,200,1,-9046.01605203,9654.466819683,16601.466449637,6977.840656678057,2415.8644914750475,9746.615014667,700.598962637001,0.009544617709611184,0.0,0.0,0.22080900520086288,False,False,
s-010,after_common_greedy_prefix,0,1000,0,-9046.01605203,9654.466819683,16601.466449637,6977.840656678057,2415.8644914750475,9746.615014667,700.598962637001,0.009544617709611184,0.0,0.0,1.0232851915061474,False,False,
s-010,after_common_greedy_prefix,0,1000,1,-9046.01605203,9654.466819683,16601.466449637,6977.840656678057,2415.8644914750475,9746.615014667,700.598962637001,0.009544617709611184,0.0,0.0,1.028179757297039,False,False,
s-010,after_common_greedy_prefix,1,200,0,-34212.918369293,34212.918369293,54059.751019949,27442.674011084488,2415.8644914750475,35383.629977438,1170.7116081450004,0.03421840824884863,0.0,0.0,0.22780168429017067,False,False,
s-010,after_common_greedy_prefix,1,200,1,-34212.918369293,34212.918369293,54059.751019949,27442.674011084488,2415.8644914750475,35383.629977438,1170.7116081450004,0.03421840824884863,0.0,0.0,0.2281864732503891,False,False,
s-010,after_common_greedy_prefix,1,1000,0,-34212.918369293,34212.918369293,54059.751019949,27442.674011084488,2415.8644914750475,35383.629977438,1170.7116081450004,0.03421840824884863,0.0,0.0,1.0259994231164455,False,False,
s-010,after_common_greedy_prefix,1,1000,1,-34212.918369293,34212.918369293,54059.751019949,27442.674011084488,2415.8644914750475,35383.629977438,1170.7116081450004,0.03421840824884863,0.0,0.0,1.0278109163045883,False,False,
s-010,after_common_greedy_prefix,2,200,0,-0.43335167300006106,0.0,0.0,0.0,2415.8644914750475,0.0,-0.43335167300006106,0.0,0.0,0.0,0.005600914359092712,False,True,
s-010,after_common_greedy_prefix,2,200,1,-0.43335167300006106,0.0,0.0,0.0,2415.8644914750475,0.0,-0.43335167300006106,0.0,0.0,0.0,0.005067482590675354,False,True,
s-010,after_common_greedy_prefix,2,1000,0,-0.43335167300006106,0.0,0.0,0.0,2415.8644914750475,0.0,-0.43335167300006106,0.0,0.0,0.0,0.004719596356153488,False,True,
s-010,after_common_greedy_prefix,2,1000,1,-0.43335167300006106,0.0,0.0,0.0,2415.8644914750475,0.0,-0.43335167300006106,0.0,0.0,0.0,0.004592519253492355,False,True,
s-010,after_common_greedy_prefix,3,200,0,-9458.466819127,11079.073469868,18759.917448896,8308.344299535636,2415.8644914750475,11360.108352826,1901.6415336990012,0.025366280287095897,0.0,0.0,0.2195090763270855,False,False,
s-010,after_common_greedy_prefix,3,200,1,-9458.466819127,11079.073469868,18759.917448896,8308.344299535636,2415.8644914750475,11360.108352826,1901.6415336990012,0.025366280287095897,0.0,0.0,0.2206546515226364,False,False,
s-010,after_common_greedy_prefix,3,1000,0,-9458.466819127,11079.073469868,18759.917448896,8308.344299535636,2415.8644914750475,11360.108352826,1901.6415336990012,0.025366280287095897,0.0,0.0,1.0255926549434662,False,False,
s-010,after_common_greedy_prefix,3,1000,1,-9458.466819127,11079.073469868,18759.917448896,8308.344299535636,2415.8644914750475,11360.108352826,1901.6415336990012,0.025366280287095897,0.0,0.0,1.023443903774023,False,False,
s-010,after_common_greedy_prefix,4,200,0,-34839.980912649,35055.951490954,50066.712883146,27402.150059236068,2415.8644914750475,36482.956975133,1642.9760624839982,0.040706511262352356,0.0,0.0,0.22781283035874367,False,False,
s-010,after_common_greedy_prefix,4,200,1,-34839.980912649,35055.951490954,50066.712883146,27402.150059236068,2415.8644914750475,36482.956975133,1642.9760624839982,0.040706511262352356,0.0,0.0,0.2256265990436077,False,False,
s-010,after_common_greedy_prefix,4,1000,0,-34839.980912649,35055.951490954,50066.712883146,27402.150059236068,2415.8644914750475,36482.956975133,1642.9760624839982,0.040706511262352356,0.0,0.0,1.0254127904772758,False,False,
s-010,after_common_greedy_prefix,4,1000,1,-34839.980912649,35055.951490954,50066.712883146,27402.150059236068,2415.8644914750475,36482.956975133,1642.9760624839982,0.040706511262352356,0.0,0.0,1.0256040431559086,False,False,
s-010,after_common_greedy_prefix,5,200,0,-1.1391199930001221,0.0,0.0,0.0,2415.8644914750475,0.0,-1.1391199930001221,0.0,0.0,0.0,0.006304189562797546,False,True,
s-010,after_common_greedy_prefix,5,200,1,-1.1391199930001221,0.0,0.0,0.0,2415.8644914750475,0.0,-1.1391199930001221,0.0,0.0,0.0,0.006166122853755951,False,True,
s-010,after_common_greedy_prefix,5,1000,0,-1.1391199930001221,0.0,0.0,0.0,2415.8644914750475,0.0,-1.1391199930001221,0.0,0.0,0.0,0.005881354212760925,False,True,
s-010,after_common_greedy_prefix,5,1000,1,-1.1391199930001221,0.0,0.0,0.0,2415.8644914750475,0.0,-1.1391199930001221,0.0,0.0,0.0,0.005742747336626053,False,True,
s-010,after_common_greedy_prefix,6,200,0,-8683.912579051,10137.286463822,16589.612832068,7630.852504947302,2415.8644914750475,10139.912087782,1455.9995087309999,0.00025900658616790663,0.0,0.0,0.22227690741419792,False,False,
s-010,after_common_greedy_prefix,6,200,1,-8683.912579051,10137.286463822,16589.612832068,7630.852504947302,2415.8644914750475,10139.912087782,1455.9995087309999,0.00025900658616790663,0.0,0.0,0.22056354582309723,False,False,
s-010,after_common_greedy_prefix,6,1000,0,-8683.912579051,10137.286463822,16589.612832068,7630.852504947302,2415.8644914750475,10139.912087782,1455.9995087309999,0.00025900658616790663,0.0,0.0,1.022178553044796,False,False,
s-010,after_common_greedy_prefix,6,1000,1,-8683.912579051,10137.286463822,16589.612832068,7630.852504947302,2415.8644914750475,10139.912087782,1455.9995087309999,0.00025900658616790663,0.0,0.0,1.0228307321667671,False,False,
s-010,after_common_greedy_prefix,7,200,0,-35609.570266972005,35641.804209305,54232.677202922,29162.392473002412,2415.8644914750475,37884.977926174,2275.407659201992,0.06293659276326334,0.0,0.0,0.22546503692865372,False,False,
s-010,after_common_greedy_prefix,7,200,1,-35609.570266972005,35641.804209305,54232.677202922,29162.392473002412,2415.8644914750475,37884.977926174,2275.407659201992,0.06293659276326334,0.0,0.0,0.22478919103741646,False,False,
s-010,after_common_greedy_prefix,7,1000,0,-35609.570266972005,35641.804209305,54232.677202922,29162.392473002412,2415.8644914750475,37884.977926174,2275.407659201992,0.06293659276326334,0.0,0.0,1.023261647671461,False,False,
s-010,after_common_greedy_prefix,7,1000,1,-35609.570266972005,35641.804209305,54232.677202922,29162.392473002412,2415.8644914750475,37884.977926174,2275.407659201992,0.06293659276326334,0.0,0.0,1.02345310151577,False,False,
s-010,after_common_greedy_prefix,8,200,0,-3.1714053899995633,1051.873122052,1051.873122052,1011.4652807453333,2415.8644914750475,1051.873122052,1048.7017166620005,0.0,0.0,0.0,0.21910052001476288,False,True,
s-010,after_common_greedy_prefix,8,200,1,-3.1714053899995633,1051.873122052,1051.873122052,1011.4652807453333,2415.8644914750475,1051.873122052,1048.7017166620005,0.0,0.0,0.0,0.2209259830415249,False,True,
s-010,after_common_greedy_prefix,8,1000,0,-3.1714053899995633,1051.873122052,1051.873122052,1011.4652807453333,2415.8644914750475,1051.873122052,1048.7017166620005,0.0,0.0,0.0,1.018910825252533,False,True,
s-010,after_common_greedy_prefix,8,1000,1,-3.1714053899995633,1051.873122052,1051.873122052,1011.4652807453333,2415.8644914750475,1051.873122052,1048.7017166620005,0.0,0.0,0.0,1.0174964293837547,False,True,
s-010,after_common_greedy_prefix,9,200,0,-8379.829441732,10795.693933207,17004.067211621,8131.305952972719,2415.8644914750475,10885.669787118,2505.840345386001,0.008334420600258002,89.97585391095345,9.332548850157643e-05,0.21890979260206223,False,False,0.21890979260206223
s-010,after_common_greedy_prefix,9,200,1,-8379.829441732,10795.693933207,17004.067211621,8131.305952972719,2415.8644914750475,10885.669787118,2505.840345386001,0.008334420600258002,89.97585391095345,9.332548850157643e-05,0.2191470004618168,False,False,0.2191470004618168
s-010,after_common_greedy_prefix,9,1000,0,-8379.829441732,10795.693933207,17004.067211621,8131.305952972719,2415.8644914750475,10885.669787118,2505.840345386001,0.008334420600258002,89.97585391095345,9.332548850157643e-05,1.019393552094698,False,False,1.019393552094698
s-010,after_common_greedy_prefix,9,1000,1,-8379.829441732,10795.693933207,17004.067211621,8131.305952972719,2415.8644914750475,10885.669787118,2505.840345386001,0.008334420600258002,89.97585391095345,9.332548850157643e-05,1.020474337041378,False,False,1.020474337041378
s-010,after_common_greedy_prefix,10,200,0,-35688.749892765,37826.973480559,61930.644414965,29792.535805560794,2415.8644914750475,40402.308416848,4713.558524082997,0.06808197165476593,2297.6940326079493,0.0023832329308317835,0.22734292224049568,False,False,0.22734292224049568
s-010,after_common_greedy_prefix,10,200,1,-35688.749892765,37826.973480559,61930.644414965,29792.535805560794,2415.8644914750475,40402.308416848,4713.558524082997,0.06808197165476593,2297.6940326079493,0.0023832329308317835,0.22522320970892906,False,False,0.22522320970892906
s-010,after_common_greedy_prefix,10,1000,0,-35688.749892765,37826.973480559,61930.644414965,29792.535805560794,2415.8644914750475,40402.308416848,4713.558524082997,0.06808197165476593,2297.6940326079493,0.0023832329308317835,1.023225124925375,False,False,1.023225124925375
s-010,after_common_greedy_prefix,10,1000,1,-35688.749892765,37826.973480559,61930.644414965,29792.535805560794,2415.8644914750475,40402.308416848,4713.558524082997,0.06808197165476593,2297.6940326079493,0.0023832329308317835,1.0266344659030437,False,False,1.0266344659030437
s-010,after_common_greedy_prefix,0,50,0,-9046.01605203,9654.466819683,16601.466449637,6977.840656678057,2415.8644914750475,9746.615014667,700.598962637001,0.009544617709611184,0.0,0.0,0.07501305639743805,False,False,
s-010,after_common_greedy_prefix,0,50,1,-9046.01605203,9654.466819683,16601.466449637,6977.840656678057,2415.8644914750475,9746.615014667,700.598962637001,0.009544617709611184,0.0,0.0,0.0735372044146061,False,False,
s-010,after_common_greedy_prefix,1,50,0,-34212.918369293,34212.918369293,54059.751019949,27442.674011084488,2415.8644914750475,35383.629977438,1170.7116081450004,0.03421840824884863,0.0,0.0,0.07473181560635567,False,False,
s-010,after_common_greedy_prefix,1,50,1,-34212.918369293,34212.918369293,54059.751019949,27442.674011084488,2415.8644914750475,35383.629977438,1170.7116081450004,0.03421840824884863,0.0,0.0,0.07440462708473206,False,False,
s-010,after_common_greedy_prefix,2,50,0,-0.43335167300006106,0.0,0.0,0.0,2415.8644914750475,0.0,-0.43335167300006106,0.0,0.0,0.0,0.004531159996986389,False,True,
s-010,after_common_greedy_prefix,2,50,1,-0.43335167300006106,0.0,0.0,0.0,2415.8644914750475,0.0,-0.43335167300006106,0.0,0.0,0.0,0.004517003893852234,False,True,
s-010,after_common_greedy_prefix,3,50,0,-9458.466819127,11079.073469868,18759.917448896,8308.344299535636,2415.8644914750475,11360.108352826,1901.6415336990012,0.025366280287095897,0.0,0.0,0.07239963859319687,False,False,
s-010,after_common_greedy_prefix,3,50,1,-9458.466819127,11079.073469868,18759.917448896,8308.344299535636,2415.8644914750475,11360.108352826,1901.6415336990012,0.025366280287095897,0.0,0.0,0.07255752012133598,False,False,
s-010,after_common_greedy_prefix,4,50,0,-34839.980912649,35055.951490954,50066.712883146,27402.150059236068,2415.8644914750475,36482.956975133,1642.9760624839982,0.040706511262352356,0.0,0.0,0.07560867443680763,False,False,
s-010,after_common_greedy_prefix,4,50,1,-34839.980912649,35055.951490954,50066.712883146,27402.150059236068,2415.8644914750475,36482.956975133,1642.9760624839982,0.040706511262352356,0.0,0.0,0.07548818737268448,False,False,
s-010,after_common_greedy_prefix,5,50,0,-1.1391199930001221,0.0,0.0,0.0,2415.8644914750475,0.0,-1.1391199930001221,0.0,0.0,0.0,0.004554223269224167,False,True,
s-010,after_common_greedy_prefix,5,50,1,-1.1391199930001221,0.0,0.0,0.0,2415.8644914750475,0.0,-1.1391199930001221,0.0,0.0,0.0,0.004521287977695465,False,True,
s-010,after_common_greedy_prefix,6,50,0,-8683.912579051,10137.286463822,16589.612832068,7630.852504947302,2415.8644914750475,10139.912087782,1455.9995087309999,0.00025900658616790663,0.0,0.0,0.07283543422818184,False,False,
s-010,after_common_greedy_prefix,6,50,1,-8683.912579051,10137.286463822,16589.612832068,7630.852504947302,2415.8644914750475,10139.912087782,1455.9995087309999,0.00025900658616790663,0.0,0.0,0.07380406185984612,False,False,
s-010,after_common_greedy_prefix,7,50,0,-35609.570266972005,35641.804209305,54232.677202922,29162.392473002412,2415.8644914750475,37884.977926174,2275.407659201992,0.06293659276326334,0.0,0.0,0.07482891157269478,False,False,
s-010,after_common_greedy_prefix,7,50,1,-35609.570266972005,35641.804209305,54232.677202922,29162.392473002412,2415.8644914750475,37884.977926174,2275.407659201992,0.06293659276326334,0.0,0.0,0.07523278892040253,False,False,
s-010,after_common_greedy_prefix,8,50,0,-3.1714053899995633,1051.873122052,1051.873122052,1011.4652807453333,2415.8644914750475,1051.873122052,1048.7017166620005,0.0,0.0,0.0,0.07154596596956253,False,True,
s-010,after_common_greedy_prefix,8,50,1,-3.1714053899995633,1051.873122052,1051.873122052,1011.4652807453333,2415.8644914750475,1051.873122052,1048.7017166620005,0.0,0.0,0.0,0.0711059495806694,False,True,
s-010,after_common_greedy_prefix,9,50,0,-8379.829441732,10795.693933207,17004.067211621,8131.305952972719,2415.8644914750475,10885.669787118,2505.840345386001,0.008334420600258002,89.97585391095345,9.332548850157643e-05,0.07255701720714569,False,False,0.07255701720714569
s-010,after_common_greedy_prefix,9,50,1,-8379.829441732,10795.693933207,17004.067211621,8131.305952972719,2415.8644914750475,10885.669787118,2505.840345386001,0.008334420600258002,89.97585391095345,9.332548850157643e-05,0.07193238288164139,False,False,0.07193238288164139
s-010,after_common_greedy_prefix,10,50,0,-35688.749892765,37826.973480559,61930.644414965,29792.535805560794,2415.8644914750475,40402.308416848,4713.558524082997,0.06808197165476593,2297.6940326079493,0.0023832329308317835,0.07473930343985558,False,False,0.07473930343985558
s-010,after_common_greedy_prefix,10,50,1,-35688.749892765,37826.973480559,61930.644414965,29792.535805560794,2415.8644914750475,40402.308416848,4713.558524082997,0.06808197165476593,2297.6940326079493,0.0023832329308317835,0.07480471208691597,False,False,0.07480471208691597
s-010,after_common_greedy_prefix,0,10,0,-9046.01605203,9654.466819683,16601.466449637,6977.840656678057,2415.8644914750475,9746.615014667,700.598962637001,0.009544617709611184,0.0,0.0,0.035658374428749084,False,False,
s-010,after_common_greedy_prefix,0,10,1,-9046.01605203,9654.466819683,16601.466449637,6977.840656678057,2415.8644914750475,9746.615014667,700.598962637001,0.009544617709611184,0.0,0.0,0.03444066271185875,False,False,
s-010,after_common_greedy_prefix,1,10,0,-34212.918369293,34212.918369293,54059.751019949,27442.674011084488,2415.8644914750475,35383.629977438,1170.7116081450004,0.03421840824884863,0.0,0.0,0.03598123788833618,False,False,
s-010,after_common_greedy_prefix,1,10,1,-34212.918369293,34212.918369293,54059.751019949,27442.674011084488,2415.8644914750475,35383.629977438,1170.7116081450004,0.03421840824884863,0.0,0.0,0.03605341538786888,False,False,
s-010,after_common_greedy_prefix,2,10,0,-0.43335167300006106,0.0,0.0,0.0,2415.8644914750475,0.0,-0.43335167300006106,0.0,0.0,0.0,0.0045154280960559845,False,True,
s-010,after_common_greedy_prefix,2,10,1,-0.43335167300006106,0.0,0.0,0.0,2415.8644914750475,0.0,-0.43335167300006106,0.0,0.0,0.0,0.004492990672588348,False,True,
s-010,after_common_greedy_prefix,3,10,0,-9458.466819127,11079.073469868,18759.917448896,8308.344299535636,2415.8644914750475,11360.108352826,1901.6415336990012,0.025366280287095897,0.0,0.0,0.03351297974586487,False,False,
s-010,after_common_greedy_prefix,3,10,1,-9458.466819127,11079.073469868,18759.917448896,8308.344299535636,2415.8644914750475,11360.108352826,1901.6415336990012,0.025366280287095897,0.0,0.0,0.033482421189546585,False,False,
s-010,after_common_greedy_prefix,4,10,0,-34839.980912649,35055.951490954,50066.712883146,27402.150059236068,2415.8644914750475,36482.956975133,1642.9760624839982,0.040706511262352356,0.0,0.0,0.036524929106235504,False,False,
s-010,after_common_greedy_prefix,4,10,1,-34839.980912649,35055.951490954,50066.712883146,27402.150059236068,2415.8644914750475,36482.956975133,1642.9760624839982,0.040706511262352356,0.0,0.0,0.03547852113842964,False,False,
s-010,after_common_greedy_prefix,5,10,0,-1.1391199930001221,0.0,0.0,0.0,2415.8644914750475,0.0,-1.1391199930001221,0.0,0.0,0.0,0.0045809149742126465,False,True,
s-010,after_common_greedy_prefix,5,10,1,-1.1391199930001221,0.0,0.0,0.0,2415.8644914750475,0.0,-1.1391199930001221,0.0,0.0,0.0,0.004572421312332153,False,True,
s-010,after_common_greedy_prefix,6,10,0,-8683.912579051,10137.286463822,16589.612832068,7630.852504947302,2415.8644914750475,10139.912087782,1455.9995087309999,0.00025900658616790663,0.0,0.0,0.03294173628091812,False,False,
s-010,after_common_greedy_prefix,6,10,1,-8683.912579051,10137.286463822,16589.612832068,7630.852504947302,2415.8644914750475,10139.912087782,1455.9995087309999,0.00025900658616790663,0.0,0.0,0.031887028366327286,False,False,
s-010,after_common_greedy_prefix,7,10,0,-35609.570266972005,35641.804209305,54232.677202922,29162.392473002412,2415.8644914750475,37884.977926174,2275.407659201992,0.06293659276326334,0.0,0.0,0.035657018423080444,False,False,
s-010,after_common_greedy_prefix,7,10,1,-35609.570266972005,35641.804209305,54232.677202922,29162.392473002412,2415.8644914750475,37884.977926174,2275.407659201992,0.06293659276326334,0.0,0.0,0.035521913319826126,False,False,
s-010,after_common_greedy_prefix,8,10,0,-3.1714053899995633,1051.873122052,1051.873122052,1011.4652807453333,2415.8644914750475,1051.873122052,1048.7017166620005,0.0,0.0,0.0,0.03148576617240906,False,True,
s-010,after_common_greedy_prefix,8,10,1,-3.1714053899995633,1051.873122052,1051.873122052,1011.4652807453333,2415.8644914750475,1051.873122052,1048.7017166620005,0.0,0.0,0.0,0.031693603843450546,False,True,
s-010,after_common_greedy_prefix,9,10,0,-8379.829441732,10795.693933207,17004.067211621,8131.305952972719,2415.8644914750475,10885.669787118,2505.840345386001,0.008334420600258002,89.97585391095345,9.332548850157643e-05,0.031695906072854996,False,False,0.031695906072854996
s-010,after_common_greedy_prefix,9,10,1,-8379.829441732,10795.693933207,17004.067211621,8131.305952972719,2415.8644914750475,10885.669787118,2505.840345386001,0.008334420600258002,89.97585391095345,9.332548850157643e-05,0.0314071960747242,False,False,0.0314071960747242
s-010,after_common_greedy_prefix,10,10,0,-35688.749892765,37826.973480559,61930.644414965,29792.535805560794,2415.8644914750475,40402.308416848,4713.558524082997,0.06808197165476593,2297.6940326079493,0.0023832329308317835,0.033496350049972534,False,False,0.033496350049972534
s-010,after_common_greedy_prefix,10,10,1,-35688.749892765,37826.973480559,61930.644414965,29792.535805560794,2415.8644914750475,40402.308416848,4713.558524082997,0.06808197165476593,2297.6940326079493,0.0023832329308317835,0.03409820422530174,False,False,0.03409820422530174
s-011,after_one_actual_history_call,0,200,0,-9046.01605203,9654.466819683,16601.466449637,6977.840656678057,2415.8644914750475,9746.615014667,700.598962637001,0.009544617709611184,0.0,0.0,0.21980834379792213,False,False,
s-011,after_one_actual_history_call,0,200,1,-9046.01605203,9654.466819683,16601.466449637,6977.840656678057,2415.8644914750475,9746.615014667,700.598962637001,0.009544617709611184,0.0,0.0,0.2213040478527546,False,False,
s-011,after_one_actual_history_call,0,1000,0,-9046.01605203,9654.466819683,16601.466449637,6977.840656678057,2415.8644914750475,9746.615014667,700.598962637001,0.009544617709611184,0.0,0.0,1.0200253427028656,False,False,
s-011,after_one_actual_history_call,0,1000,1,-9046.01605203,9654.466819683,16601.466449637,6977.840656678057,2415.8644914750475,9746.615014667,700.598962637001,0.009544617709611184,0.0,0.0,1.022120088338852,False,False,
s-011,after_one_actual_history_call,1,200,0,-34212.918369293,34212.918369293,54059.751019949,27442.674011084488,2415.8644914750475,35383.629977438,1170.7116081450004,0.03421840824884863,0.0,0.0,0.22286389023065567,False,False,
s-011,after_one_actual_history_call,1,200,1,-34212.918369293,34212.918369293,54059.751019949,27442.674011084488,2415.8644914750475,35383.629977438,1170.7116081450004,0.03421840824884863,0.0,0.0,0.22284787893295288,False,False,
s-011,after_one_actual_history_call,1,1000,0,-34212.918369293,34212.918369293,54059.751019949,27442.674011084488,2415.8644914750475,35383.629977438,1170.7116081450004,0.03421840824884863,0.0,0.0,1.0248883105814457,False,False,
s-011,after_one_actual_history_call,1,1000,1,-34212.918369293,34212.918369293,54059.751019949,27442.674011084488,2415.8644914750475,35383.629977438,1170.7116081450004,0.03421840824884863,0.0,0.0,1.0245762802660465,False,False,
s-011,after_one_actual_history_call,2,200,0,-0.43335167300006106,0.0,0.0,0.0,2415.8644914750475,0.0,-0.43335167300006106,0.0,0.0,0.0,0.0048437416553497314,False,True,
s-011,after_one_actual_history_call,2,200,1,-0.43335167300006106,0.0,0.0,0.0,2415.8644914750475,0.0,-0.43335167300006106,0.0,0.0,0.0,0.004672989249229431,False,True,
s-011,after_one_actual_history_call,2,1000,0,-0.43335167300006106,0.0,0.0,0.0,2415.8644914750475,0.0,-0.43335167300006106,0.0,0.0,0.0,0.004526335746049881,False,True,
s-011,after_one_actual_history_call,2,1000,1,-0.43335167300006106,0.0,0.0,0.0,2415.8644914750475,0.0,-0.43335167300006106,0.0,0.0,0.0,0.0044882819056510925,False,True,
s-011,after_one_actual_history_call,3,200,0,-9458.466819127,11079.073469868,18759.917448896,8308.344299535636,2415.8644914750475,11360.108352826,1901.6415336990012,0.025366280287095897,0.0,0.0,0.22028033807873726,False,False,
s-011,after_one_actual_history_call,3,200,1,-9458.466819127,11079.073469868,18759.917448896,8308.344299535636,2415.8644914750475,11360.108352826,1901.6415336990012,0.025366280287095897,0.0,0.0,0.22190725803375244,False,False,
s-011,after_one_actual_history_call,3,1000,0,-9458.466819127,11079.073469868,18759.917448896,8308.344299535636,2415.8644914750475,11360.108352826,1901.6415336990012,0.025366280287095897,0.0,0.0,1.0203967280685902,False,False,
s-011,after_one_actual_history_call,3,1000,1,-9458.466819127,11079.073469868,18759.917448896,8308.344299535636,2415.8644914750475,11360.108352826,1901.6415336990012,0.025366280287095897,0.0,0.0,1.022438582032919,False,False,
s-011,after_one_actual_history_call,4,200,0,-34839.980912649,35055.951490954,50066.712883146,27402.150059236068,2415.8644914750475,36482.956975133,1642.9760624839982,0.040706511262352356,0.0,0.0,0.22574325278401375,False,False,
s-011,after_one_actual_history_call,4,200,1,-34839.980912649,35055.951490954,50066.712883146,27402.150059236068,2415.8644914750475,36482.956975133,1642.9760624839982,0.040706511262352356,0.0,0.0,0.22334161773324013,False,False,
s-011,after_one_actual_history_call,4,1000,0,-34839.980912649,35055.951490954,50066.712883146,27402.150059236068,2415.8644914750475,36482.956975133,1642.9760624839982,0.040706511262352356,0.0,0.0,1.0235101357102394,False,False,
s-011,after_one_actual_history_call,4,1000,1,-34839.980912649,35055.951490954,50066.712883146,27402.150059236068,2415.8644914750475,36482.956975133,1642.9760624839982,0.040706511262352356,0.0,0.0,1.023692261427641,False,False,
s-011,after_one_actual_history_call,5,200,0,-1.1391199930001221,0.0,0.0,0.0,2415.8644914750475,0.0,-1.1391199930001221,0.0,0.0,0.0,0.0037723444402217865,False,True,
s-011,after_one_actual_history_call,5,200,1,-1.1391199930001221,0.0,0.0,0.0,2415.8644914750475,0.0,-1.1391199930001221,0.0,0.0,0.0,0.0036649219691753387,False,True,
s-011,after_one_actual_history_call,5,1000,0,-1.1391199930001221,0.0,0.0,0.0,2415.8644914750475,0.0,-1.1391199930001221,0.0,0.0,0.0,0.005937907844781876,False,True,
s-011,after_one_actual_history_call,5,1000,1,-1.1391199930001221,0.0,0.0,0.0,2415.8644914750475,0.0,-1.1391199930001221,0.0,0.0,0.0,0.005174428224563599,False,True,
s-011,after_one_actual_history_call,6,200,0,-8683.912579051,10137.286463822,16589.612832068,7630.852504947302,2415.8644914750475,10139.912087782,1455.9995087309999,0.00025900658616790663,0.0,0.0,0.22225254774093628,False,False,
s-011,after_one_actual_history_call,6,200,1,-8683.912579051,10137.286463822,16589.612832068,7630.852504947302,2415.8644914750475,10139.912087782,1455.9995087309999,0.00025900658616790663,0.0,0.0,0.2231120765209198,False,False,
s-011,after_one_actual_history_call,6,1000,0,-8683.912579051,10137.286463822,16589.612832068,7630.852504947302,2415.8644914750475,10139.912087782,1455.9995087309999,0.00025900658616790663,0.0,0.0,1.0219687931239605,False,False,
s-011,after_one_actual_history_call,6,1000,1,-8683.912579051,10137.286463822,16589.612832068,7630.852504947302,2415.8644914750475,10139.912087782,1455.9995087309999,0.00025900658616790663,0.0,0.0,1.020602710545063,False,False,
s-011,after_one_actual_history_call,7,200,0,-35609.570266972005,35641.804209305,54232.677202922,29162.392473002412,2415.8644914750475,37884.977926174,2275.407659201992,0.06293659276326334,0.0,0.0,0.2253725677728653,False,False,
s-011,after_one_actual_history_call,7,200,1,-35609.570266972005,35641.804209305,54232.677202922,29162.392473002412,2415.8644914750475,37884.977926174,2275.407659201992,0.06293659276326334,0.0,0.0,0.22598357126116753,False,False,
s-011,after_one_actual_history_call,7,1000,0,-35609.570266972005,35641.804209305,54232.677202922,29162.392473002412,2415.8644914750475,37884.977926174,2275.407659201992,0.06293659276326334,0.0,0.0,1.064357902854681,False,False,
s-011,after_one_actual_history_call,7,1000,1,-35609.570266972005,35641.804209305,54232.677202922,29162.392473002412,2415.8644914750475,37884.977926174,2275.407659201992,0.06293659276326334,0.0,0.0,1.0302560590207577,False,False,
s-011,after_one_actual_history_call,8,200,0,-3.1714053899995633,1051.873122052,1051.873122052,1011.4652807453333,2415.8644914750475,1051.873122052,1048.7017166620005,0.0,0.0,0.0,0.22097668051719666,False,True,
s-011,after_one_actual_history_call,8,200,1,-3.1714053899995633,1051.873122052,1051.873122052,1011.4652807453333,2415.8644914750475,1051.873122052,1048.7017166620005,0.0,0.0,0.0,0.21835338696837425,False,True,
s-011,after_one_actual_history_call,8,1000,0,-3.1714053899995633,1051.873122052,1051.873122052,1011.4652807453333,2415.8644914750475,1051.873122052,1048.7017166620005,0.0,0.0,0.0,1.0207276828587055,False,True,
s-011,after_one_actual_history_call,8,1000,1,-3.1714053899995633,1051.873122052,1051.873122052,1011.4652807453333,2415.8644914750475,1051.873122052,1048.7017166620005,0.0,0.0,0.0,1.0211726613342762,False,True,
s-011,after_one_actual_history_call,9,200,0,-8379.829441732,10795.693933207,17004.067211621,8131.305952972719,2415.8644914750475,10885.669787118,2505.840345386001,0.008334420600258002,89.97585391095345,9.332548850157643e-05,0.22197985276579857,False,False,0.22197985276579857
s-011,after_one_actual_history_call,9,200,1,-8379.829441732,10795.693933207,17004.067211621,8131.305952972719,2415.8644914750475,10885.669787118,2505.840345386001,0.008334420600258002,89.97585391095345,9.332548850157643e-05,0.22031362354755402,False,False,0.22031362354755402
s-011,after_one_actual_history_call,9,1000,0,-8379.829441732,10795.693933207,17004.067211621,8131.305952972719,2415.8644914750475,10885.669787118,2505.840345386001,0.008334420600258002,89.97585391095345,9.332548850157643e-05,1.021910697221756,False,False,1.021910697221756
s-011,after_one_actual_history_call,9,1000,1,-8379.829441732,10795.693933207,17004.067211621,8131.305952972719,2415.8644914750475,10885.669787118,2505.840345386001,0.008334420600258002,89.97585391095345,9.332548850157643e-05,1.0202274285256863,False,False,1.0202274285256863
s-011,after_one_actual_history_call,10,200,0,-35688.749892765,37826.973480559,61930.644414965,29792.535805560794,2415.8644914750475,40402.308416848,4713.558524082997,0.06808197165476593,2297.6940326079493,0.0023832329308317835,0.22162166982889175,False,False,0.22162166982889175
s-011,after_one_actual_history_call,10,200,1,-35688.749892765,37826.973480559,61930.644414965,29792.535805560794,2415.8644914750475,40402.308416848,4713.558524082997,0.06808197165476593,2297.6940326079493,0.0023832329308317835,0.2218095138669014,False,False,0.2218095138669014
s-011,after_one_actual_history_call,10,1000,0,-35688.749892765,37826.973480559,61930.644414965,29792.535805560794,2415.8644914750475,40402.308416848,4713.558524082997,0.06808197165476593,2297.6940326079493,0.0023832329308317835,1.023449633270502,False,False,1.023449633270502
s-011,after_one_actual_history_call,10,1000,1,-35688.749892765,37826.973480559,61930.644414965,29792.535805560794,2415.8644914750475,40402.308416848,4713.558524082997,0.06808197165476593,2297.6940326079493,0.0023832329308317835,1.022252719849348,False,False,1.022252719849348
s-011,after_one_actual_history_call,0,50,0,-9046.01605203,9654.466819683,16601.466449637,6977.840656678057,2415.8644914750475,9746.615014667,700.598962637001,0.009544617709611184,0.0,0.0,0.0738668330013752,False,False,
s-011,after_one_actual_history_call,0,50,1,-9046.01605203,9654.466819683,16601.466449637,6977.840656678057,2415.8644914750475,9746.615014667,700.598962637001,0.009544617709611184,0.0,0.0,0.07366720959544182,False,False,
s-011,after_one_actual_history_call,1,50,0,-34212.918369293,34212.918369293,54059.751019949,27442.674011084488,2415.8644914750475,35383.629977438,1170.7116081450004,0.03421840824884863,0.0,0.0,0.07483361288905144,False,False,
s-011,after_one_actual_history_call,1,50,1,-34212.918369293,34212.918369293,54059.751019949,27442.674011084488,2415.8644914750475,35383.629977438,1170.7116081450004,0.03421840824884863,0.0,0.0,0.07455625385046005,False,False,
s-011,after_one_actual_history_call,2,50,0,-0.43335167300006106,0.0,0.0,0.0,2415.8644914750475,0.0,-0.43335167300006106,0.0,0.0,0.0,0.004560511559247971,False,True,
s-011,after_one_actual_history_call,2,50,1,-0.43335167300006106,0.0,0.0,0.0,2415.8644914750475,0.0,-0.43335167300006106,0.0,0.0,0.0,0.004475835710763931,False,True,
s-011,after_one_actual_history_call,3,50,0,-9458.466819127,11079.073469868,18759.917448896,8308.344299535636,2415.8644914750475,11360.108352826,1901.6415336990012,0.025366280287095897,0.0,0.0,0.07283682003617287,False,False,
s-011,after_one_actual_history_call,3,50,1,-9458.466819127,11079.073469868,18759.917448896,8308.344299535636,2415.8644914750475,11360.108352826,1901.6415336990012,0.025366280287095897,0.0,0.0,0.07283829525113106,False,False,
s-011,after_one_actual_history_call,4,50,0,-34839.980912649,35055.951490954,50066.712883146,27402.150059236068,2415.8644914750475,36482.956975133,1642.9760624839982,0.040706511262352356,0.0,0.0,0.07500642910599709,False,False,
s-011,after_one_actual_history_call,4,50,1,-34839.980912649,35055.951490954,50066.712883146,27402.150059236068,2415.8644914750475,36482.956975133,1642.9760624839982,0.040706511262352356,0.0,0.0,0.07520398497581482,False,False,
s-011,after_one_actual_history_call,5,50,0,-1.1391199930001221,0.0,0.0,0.0,2415.8644914750475,0.0,-1.1391199930001221,0.0,0.0,0.0,0.004626322537660599,False,True,
s-011,after_one_actual_history_call,5,50,1,-1.1391199930001221,0.0,0.0,0.0,2415.8644914750475,0.0,-1.1391199930001221,0.0,0.0,0.0,0.004522379487752914,False,True,
s-011,after_one_actual_history_call,6,50,0,-8683.912579051,10137.286463822,16589.612832068,7630.852504947302,2415.8644914750475,10139.912087782,1455.9995087309999,0.00025900658616790663,0.0,0.0,0.07312013581395149,False,False,
s-011,after_one_actual_history_call,6,50,1,-8683.912579051,10137.286463822,16589.612832068,7630.852504947302,2415.8644914750475,10139.912087782,1455.9995087309999,0.00025900658616790663,0.0,0.0,0.0727088674902916,False,False,
s-011,after_one_actual_history_call,7,50,0,-35609.570266972005,35641.804209305,54232.677202922,29162.392473002412,2415.8644914750475,37884.977926174,2275.407659201992,0.06293659276326334,0.0,0.0,0.07547719031572342,False,False,
s-011,after_one_actual_history_call,7,50,1,-35609.570266972005,35641.804209305,54232.677202922,29162.392473002412,2415.8644914750475,37884.977926174,2275.407659201992,0.06293659276326334,0.0,0.0,0.07836727425456047,False,False,
s-011,after_one_actual_history_call,8,50,0,-3.1714053899995633,1051.873122052,1051.873122052,1011.4652807453333,2415.8644914750475,1051.873122052,1048.7017166620005,0.0,0.0,0.0,0.07178603857755661,False,True,
s-011,after_one_actual_history_call,8,50,1,-3.1714053899995633,1051.873122052,1051.873122052,1011.4652807453333,2415.8644914750475,1051.873122052,1048.7017166620005,0.0,0.0,0.0,0.07322588190436363,False,True,
s-011,after_one_actual_history_call,9,50,0,-8379.829441732,10795.693933207,17004.067211621,8131.305952972719,2415.8644914750475,10885.669787118,2505.840345386001,0.008334420600258002,89.97585391095345,9.332548850157643e-05,0.07393713295459747,False,False,0.07393713295459747
s-011,after_one_actual_history_call,9,50,1,-8379.829441732,10795.693933207,17004.067211621,8131.305952972719,2415.8644914750475,10885.669787118,2505.840345386001,0.008334420600258002,89.97585391095345,9.332548850157643e-05,0.07333262637257576,False,False,0.07333262637257576
s-011,after_one_actual_history_call,10,50,0,-35688.749892765,37826.973480559,61930.644414965,29792.535805560794,2415.8644914750475,40402.308416848,4713.558524082997,0.06808197165476593,2297.6940326079493,0.0023832329308317835,0.07494703680276871,False,False,0.07494703680276871
s-011,after_one_actual_history_call,10,50,1,-35688.749892765,37826.973480559,61930.644414965,29792.535805560794,2415.8644914750475,40402.308416848,4713.558524082997,0.06808197165476593,2297.6940326079493,0.0023832329308317835,0.07542707026004791,False,False,0.07542707026004791
s-011,after_one_actual_history_call,0,10,0,-9046.01605203,9654.466819683,16601.466449637,6977.840656678057,2415.8644914750475,9746.615014667,700.598962637001,0.009544617709611184,0.0,0.0,0.035201285034418106,False,False,
s-011,after_one_actual_history_call,0,10,1,-9046.01605203,9654.466819683,16601.466449637,6977.840656678057,2415.8644914750475,9746.615014667,700.598962637001,0.009544617709611184,0.0,0.0,0.03226934000849724,False,False,
s-011,after_one_actual_history_call,1,10,0,-34212.918369293,34212.918369293,54059.751019949,27442.674011084488,2415.8644914750475,35383.629977438,1170.7116081450004,0.03421840824884863,0.0,0.0,0.03261042386293411,False,False,
s-011,after_one_actual_history_call,1,10,1,-34212.918369293,34212.918369293,54059.751019949,27442.674011084488,2415.8644914750475,35383.629977438,1170.7116081450004,0.03421840824884863,0.0,0.0,0.03239196166396141,False,False,
s-011,after_one_actual_history_call,2,10,0,-0.43335167300006106,0.0,0.0,0.0,2415.8644914750475,0.0,-0.43335167300006106,0.0,0.0,0.0,0.004563286900520325,False,True,
s-011,after_one_actual_history_call,2,10,1,-0.43335167300006106,0.0,0.0,0.0,2415.8644914750475,0.0,-0.43335167300006106,0.0,0.0,0.0,0.004499010741710663,False,True,
s-011,after_one_actual_history_call,3,10,0,-9458.466819127,11079.073469868,18759.917448896,8308.344299535636,2415.8644914750475,11360.108352826,1901.6415336990012,0.025366280287095897,0.0,0.0,0.032809920608997345,False,False,
s-011,after_one_actual_history_call,3,10,1,-9458.466819127,11079.073469868,18759.917448896,8308.344299535636,2415.8644914750475,11360.108352826,1901.6415336990012,0.025366280287095897,0.0,0.0,0.03357172757387161,False,False,
s-011,after_one_actual_history_call,4,10,0,-34839.980912649,35055.951490954,50066.712883146,27402.150059236068,2415.8644914750475,36482.956975133,1642.9760624839982,0.040706511262352356,0.0,0.0,0.03423798084259033,False,False,
s-011,after_one_actual_history_call,4,10,1,-34839.980912649,35055.951490954,50066.712883146,27402.150059236068,2415.8644914750475,36482.956975133,1642.9760624839982,0.040706511262352356,0.0,0.0,0.033867307007312775,False,False,
s-011,after_one_actual_history_call,5,10,0,-1.1391199930001221,0.0,0.0,0.0,2415.8644914750475,0.0,-1.1391199930001221,0.0,0.0,0.0,0.004659231752157211,False,True,
s-011,after_one_actual_history_call,5,10,1,-1.1391199930001221,0.0,0.0,0.0,2415.8644914750475,0.0,-1.1391199930001221,0.0,0.0,0.0,0.0045888423919677734,False,True,
s-011,after_one_actual_history_call,6,10,0,-8683.912579051,10137.286463822,16589.612832068,7630.852504947302,2415.8644914750475,10139.912087782,1455.9995087309999,0.00025900658616790663,0.0,0.0,0.03166450560092926,False,False,
s-011,after_one_actual_history_call,6,10,1,-8683.912579051,10137.286463822,16589.612832068,7630.852504947302,2415.8644914750475,10139.912087782,1455.9995087309999,0.00025900658616790663,0.0,0.0,0.03071700781583786,False,False,
s-011,after_one_actual_history_call,7,10,0,-35609.570266972005,35641.804209305,54232.677202922,29162.392473002412,2415.8644914750475,37884.977926174,2275.407659201992,0.06293659276326334,0.0,0.0,0.03667820245027542,False,False,
s-011,after_one_actual_history_call,7,10,1,-35609.570266972005,35641.804209305,54232.677202922,29162.392473002412,2415.8644914750475,37884.977926174,2275.407659201992,0.06293659276326334,0.0,0.0,0.03571220114827156,False,False,
s-011,after_one_actual_history_call,8,10,0,-3.1714053899995633,1051.873122052,1051.873122052,1011.4652807453333,2415.8644914750475,1051.873122052,1048.7017166620005,0.0,0.0,0.0,0.03073093667626381,False,True,
s-011,after_one_actual_history_call,8,10,1,-3.1714053899995633,1051.873122052,1051.873122052,1011.4652807453333,2415.8644914750475,1051.873122052,1048.7017166620005,0.0,0.0,0.0,0.03119770810008049,False,True,
s-011,after_one_actual_history_call,9,10,0,-8379.829441732,10795.693933207,17004.067211621,8131.305952972719,2415.8644914750475,10885.669787118,2505.840345386001,0.008334420600258002,89.97585391095345,9.332548850157643e-05,0.03271965682506561,False,False,0.03271965682506561
s-011,after_one_actual_history_call,9,10,1,-8379.829441732,10795.693933207,17004.067211621,8131.305952972719,2415.8644914750475,10885.669787118,2505.840345386001,0.008334420600258002,89.97585391095345,9.332548850157643e-05,0.031872477382421494,False,False,0.031872477382421494
s-011,after_one_actual_history_call,10,10,0,-35688.749892765,37826.973480559,61930.644414965,29792.535805560794,2415.8644914750475,40402.308416848,4713.558524082997,0.06808197165476593,2297.6940326079493,0.0023832329308317835,0.03376912698149681,False,False,0.03376912698149681
s-011,after_one_actual_history_call,10,10,1,-35688.749892765,37826.973480559,61930.644414965,29792.535805560794,2415.8644914750475,40402.308416848,4713.558524082997,0.06808197165476593,2297.6940326079493,0.0023832329308317835,0.033086132258176804,False,False,0.033086132258176804
