snapshot_id,state_kind,action_index,workpoint_ms,repeat,q_seconds,L_seconds,U_seconds,P1_recovery_seconds,snapshot_best_gain_seconds,recovery_value_seconds,q_plus_recovery_seconds,local_delta,beyond_snapshot_gain_seconds,beyond_snapshot_global_fraction,complete_conditional_return_seconds,failed,zero_extra_gain,earliest_verified_more_than_snapshot_gain_seconds
s-000,after_common_greedy_prefix,0,200,0,-8258.784984565,8398.093685534,15943.184517246,6729.251229886154,1193.1371048460715,8877.962318408001,619.1773338430012,0.05714018571864593,0.0,0.0,0.2186899371445179,False,False,
s-000,after_common_greedy_prefix,0,200,1,-8258.784984565,8398.093685534,15943.184517246,6729.251229886154,1193.1371048460715,8877.962318408001,619.1773338430012,0.05714018571864593,0.0,0.0,0.21752968057990074,False,False,
s-000,after_common_greedy_prefix,0,1000,0,-8258.784984565,8398.093685534,15943.184517246,6729.251229886154,1193.1371048460715,8877.962318408001,619.1773338430012,0.05714018571864593,0.0,0.0,1.0184456929564476,False,False,
s-000,after_common_greedy_prefix,0,1000,1,-8258.784984565,8398.093685534,15943.184517246,6729.251229886154,1193.1371048460715,8877.962318408001,619.1773338430012,0.05714018571864593,0.0,0.0,1.0181800201535225,False,False,
s-000,after_common_greedy_prefix,0,50,0,-8258.784984565,8398.093685534,15943.184517246,6729.251229886154,1193.1371048460715,8877.962318408001,619.1773338430012,0.05714018571864593,0.0,0.0,0.06868985667824745,False,False,
s-000,after_common_greedy_prefix,0,50,1,-8258.784984565,8398.093685534,15943.184517246,6729.251229886154,1193.1371048460715,8877.962318408001,619.1773338430012,0.05714018571864593,0.0,0.0,0.06845640763640404,False,False,
s-000,after_common_greedy_prefix,0,10,0,-8258.784984565,8398.093685534,15943.184517246,6729.251229886154,1193.1371048460715,8877.962318408001,619.1773338430012,0.05714018571864593,0.0,0.0,0.027167726308107376,False,False,
s-000,after_common_greedy_prefix,0,10,1,-8258.784984565,8398.093685534,15943.184517246,6729.251229886154,1193.1371048460715,8877.962318408001,619.1773338430012,0.05714018571864593,0.0,0.0,0.025957472622394562,False,False,
s-000,after_common_greedy_prefix,1,200,0,-34994.162289825,34994.162289825,61215.285230403,29754.33852062551,1193.1371048460715,36181.725221799,1187.5629319740037,0.03393602973371655,0.0,0.0,0.21844568476080894,False,False,
s-000,after_common_greedy_prefix,1,200,1,-34994.162289825,34994.162289825,61215.285230403,29754.33852062551,1193.1371048460715,36181.725221799,1187.5629319740037,0.03393602973371655,0.0,0.0,0.22038838639855385,False,False,
s-000,after_common_greedy_prefix,1,1000,0,-34994.162289825,34994.162289825,61215.285230403,29754.33852062551,1193.1371048460715,36181.725221799,1187.5629319740037,0.03393602973371655,0.0,0.0,1.0203056409955025,False,False,
s-000,after_common_greedy_prefix,1,1000,1,-34994.162289825,34994.162289825,61215.285230403,29754.33852062551,1193.1371048460715,36181.725221799,1187.5629319740037,0.03393602973371655,0.0,0.0,1.0205184444785118,False,False,
s-000,after_common_greedy_prefix,1,50,0,-34994.162289825,34994.162289825,61215.285230403,29754.33852062551,1193.1371048460715,36181.725221799,1187.5629319740037,0.03393602973371655,0.0,0.0,0.06988205388188362,False,False,
s-000,after_common_greedy_prefix,1,50,1,-34994.162289825,34994.162289825,61215.285230403,29754.33852062551,1193.1371048460715,36181.725221799,1187.5629319740037,0.03393602973371655,0.0,0.0,0.06959878280758858,False,False,
s-000,after_common_greedy_prefix,1,10,0,-34994.162289825,34994.162289825,61215.285230403,29754.33852062551,1193.1371048460715,36008.603392057,1014.4411022319982,0.02898886659524237,0.0,0.0,0.030419927090406418,False,False,
s-000,after_common_greedy_prefix,1,10,1,-34994.162289825,34994.162289825,61215.285230403,29754.33852062551,1193.1371048460715,36008.603392057,1014.4411022319982,0.02898886659524237,0.0,0.0,0.028838731348514557,False,False,
s-000,after_common_greedy_prefix,2,200,0,-0.4451118590000078,0.0,0.0,0.0,1193.1371048460715,0.0,-0.4451118590000078,0.0,0.0,0.0,0.00453687459230423,False,True,
s-000,after_common_greedy_prefix,2,200,1,-0.4451118590000078,0.0,0.0,0.0,1193.1371048460715,0.0,-0.4451118590000078,0.0,0.0,0.0,0.00446830689907074,False,True,
s-000,after_common_greedy_prefix,2,1000,0,-0.4451118590000078,0.0,0.0,0.0,1193.1371048460715,0.0,-0.4451118590000078,0.0,0.0,0.0,0.0045264847576618195,False,True,
s-000,after_common_greedy_prefix,2,1000,1,-0.4451118590000078,0.0,0.0,0.0,1193.1371048460715,0.0,-0.4451118590000078,0.0,0.0,0.0,0.004522595554590225,False,True,
s-000,after_common_greedy_prefix,2,50,0,-0.4451118590000078,0.0,0.0,0.0,1193.1371048460715,0.0,-0.4451118590000078,0.0,0.0,0.0,0.0044894032180309296,False,True,
s-000,after_common_greedy_prefix,2,50,1,-0.4451118590000078,0.0,0.0,0.0,1193.1371048460715,0.0,-0.4451118590000078,0.0,0.0,0.0,0.0044903866946697235,False,True,
s-000,after_common_greedy_prefix,2,10,0,-0.4451118590000078,0.0,0.0,0.0,1193.1371048460715,0.0,-0.4451118590000078,0.0,0.0,0.0,0.004449896514415741,False,True,
s-000,after_common_greedy_prefix,2,10,1,-0.4451118590000078,0.0,0.0,0.0,1193.1371048460715,0.0,-0.4451118590000078,0.0,0.0,0.0,0.004433479160070419,False,True,
s-000,after_common_greedy_prefix,3,200,0,-9036.971891696,9050.712639322,12668.819759707,6227.068967315469,1193.1371048460715,9076.7408239,39.76893220400052,0.0028758160396029245,0.0,0.0,0.21812515705823898,False,False,
s-000,after_common_greedy_prefix,3,200,1,-9036.971891696,9050.712639322,12668.819759707,6227.068967315469,1193.1371048460715,9076.7408239,39.76893220400052,0.0028758160396029245,0.0,0.0,0.2180480659008026,False,False,
s-000,after_common_greedy_prefix,3,1000,0,-9036.971891696,9050.712639322,12668.819759707,6227.068967315469,1193.1371048460715,9076.7408239,39.76893220400052,0.0028758160396029245,0.0,0.0,1.0176905021071434,False,False,
s-000,after_common_greedy_prefix,3,1000,1,-9036.971891696,9050.712639322,12668.819759707,6227.068967315469,1193.1371048460715,9076.7408239,39.76893220400052,0.0028758160396029245,0.0,0.0,1.0173034183681011,False,False,
s-000,after_common_greedy_prefix,3,50,0,-9036.971891696,9050.712639322,12668.819759707,6227.068967315469,1193.1371048460715,9076.7408239,39.76893220400052,0.0028758160396029245,0.0,0.0,0.06767899170517921,False,False,
s-000,after_common_greedy_prefix,3,50,1,-9036.971891696,9050.712639322,12668.819759707,6227.068967315469,1193.1371048460715,9076.7408239,39.76893220400052,0.0028758160396029245,0.0,0.0,0.06734976917505264,False,False,
s-000,after_common_greedy_prefix,3,10,0,-9036.971891696,9050.712639322,12668.819759707,6227.068967315469,1193.1371048460715,9076.7408239,39.76893220400052,0.0028758160396029245,0.0,0.0,0.02692687138915062,False,False,
s-000,after_common_greedy_prefix,3,10,1,-9036.971891696,9050.712639322,12668.819759707,6227.068967315469,1193.1371048460715,9076.7408239,39.76893220400052,0.0028758160396029245,0.0,0.0,0.026110593229532242,False,False,
s-000,after_common_greedy_prefix,4,200,0,-36179.677539912,36179.232428053,65910.58407093,29987.343825780637,1193.1371048460715,37129.170722841,949.4931829289999,0.026256452418582217,0.0,0.0,0.2193649858236313,False,False,
s-000,after_common_greedy_prefix,4,200,1,-36179.677539912,36179.232428053,65910.58407093,29987.343825780637,1193.1371048460715,37129.170722841,949.4931829289999,0.026256452418582217,0.0,0.0,0.22034566849470139,False,False,
s-000,after_common_greedy_prefix,4,1000,0,-36179.677539912,36179.232428053,65910.58407093,29987.343825780637,1193.1371048460715,37129.170722841,949.4931829289999,0.026256452418582217,0.0,0.0,1.0215821973979473,False,False,
s-000,after_common_greedy_prefix,4,1000,1,-36179.677539912,36179.232428053,65910.58407093,29987.343825780637,1193.1371048460715,37129.170722841,949.4931829289999,0.026256452418582217,0.0,0.0,1.0206971727311611,False,False,
s-000,after_common_greedy_prefix,4,50,0,-36179.677539912,36179.232428053,65910.58407093,29987.343825780637,1193.1371048460715,37094.606686895,914.9291469829986,0.02530109671791233,0.0,0.0,0.07091568037867546,False,False,
s-000,after_common_greedy_prefix,4,50,1,-36179.677539912,36179.232428053,65910.58407093,29987.343825780637,1193.1371048460715,37094.606686895,914.9291469829986,0.02530109671791233,0.0,0.0,0.07043605670332909,False,False,
s-000,after_common_greedy_prefix,4,10,0,-36179.677539912,36179.232428053,65910.58407093,29987.343825780637,1193.1371048460715,37094.606686895,914.9291469829986,0.02530109671791233,0.0,0.0,0.03101697564125061,False,False,
s-000,after_common_greedy_prefix,4,10,1,-36179.677539912,36179.232428053,65910.58407093,29987.343825780637,1193.1371048460715,37094.606686895,914.9291469829986,0.02530109671791233,0.0,0.0,0.030769500881433487,False,False,
s-000,after_common_greedy_prefix,5,200,0,-1.289235768000026,168.708337232,168.708337232,168.708337232,1193.1371048460715,168.708337232,167.41910146399997,0.0,0.0,0.0,0.21596480906009674,False,True,
s-000,after_common_greedy_prefix,5,200,1,-1.289235768000026,168.708337232,168.708337232,168.708337232,1193.1371048460715,168.708337232,167.41910146399997,0.0,0.0,0.0,0.21629224345088005,False,True,
s-000,after_common_greedy_prefix,5,1000,0,-1.289235768000026,168.708337232,168.708337232,168.708337232,1193.1371048460715,168.708337232,167.41910146399997,0.0,0.0,0.0,1.0171068906784058,False,True,
s-000,after_common_greedy_prefix,5,1000,1,-1.289235768000026,168.708337232,168.708337232,168.708337232,1193.1371048460715,168.708337232,167.41910146399997,0.0,0.0,0.0,1.0173760987818241,False,True,
s-000,after_common_greedy_prefix,5,50,0,-1.289235768000026,168.708337232,168.708337232,168.708337232,1193.1371048460715,168.708337232,167.41910146399997,0.0,0.0,0.0,0.06625112146139145,False,True,
s-000,after_common_greedy_prefix,5,50,1,-1.289235768000026,168.708337232,168.708337232,168.708337232,1193.1371048460715,168.708337232,167.41910146399997,0.0,0.0,0.0,0.06607414782047272,False,True,
s-000,after_common_greedy_prefix,5,10,0,-1.289235768000026,168.708337232,168.708337232,168.708337232,1193.1371048460715,168.708337232,167.41910146399997,0.0,0.0,0.0,0.025514625012874603,False,True,
s-000,after_common_greedy_prefix,5,10,1,-1.289235768000026,168.708337232,168.708337232,168.708337232,1193.1371048460715,168.708337232,167.41910146399997,0.0,0.0,0.0,0.02567918971180916,False,True,
s-000,after_common_greedy_prefix,6,200,0,-9435.926034078,9851.701850522,12021.059256583,6420.2508911724235,1193.1371048460715,9891.915894585,455.9898605069993,0.00408193880338232,0.0,0.0,0.21793248876929283,False,False,
s-000,after_common_greedy_prefix,6,200,1,-9435.926034078,9851.701850522,12021.059256583,6420.2508911724235,1193.1371048460715,9891.915894585,455.9898605069993,0.00408193880338232,0.0,0.0,0.21855159848928452,False,False,
s-000,after_common_greedy_prefix,6,1000,0,-9435.926034078,9851.701850522,12021.059256583,6420.2508911724235,1193.1371048460715,9891.915894585,455.9898605069993,0.00408193880338232,0.0,0.0,1.0186928249895573,False,False,
s-000,after_common_greedy_prefix,6,1000,1,-9435.926034078,9851.701850522,12021.059256583,6420.2508911724235,1193.1371048460715,9891.915894585,455.9898605069993,0.00408193880338232,0.0,0.0,1.0188733525574207,False,False,
s-000,after_common_greedy_prefix,6,50,0,-9435.926034078,9851.701850522,12021.059256583,6420.2508911724235,1193.1371048460715,9891.915894585,455.9898605069993,0.00408193880338232,0.0,0.0,0.0672597847878933,False,False,
s-000,after_common_greedy_prefix,6,50,1,-9435.926034078,9851.701850522,12021.059256583,6420.2508911724235,1193.1371048460715,9891.915894585,455.9898605069993,0.00408193880338232,0.0,0.0,0.06715754047036171,False,False,
s-000,after_common_greedy_prefix,6,10,0,-9435.926034078,9851.701850522,12021.059256583,6420.2508911724235,1193.1371048460715,9891.915894585,455.9898605069993,0.00408193880338232,0.0,0.0,0.027295101433992386,False,False,
s-000,after_common_greedy_prefix,6,10,1,-9435.926034078,9851.701850522,12021.059256583,6420.2508911724235,1193.1371048460715,9891.915894585,455.9898605069993,0.00408193880338232,0.0,0.0,0.02742363139986992,False,False,
s-000,after_common_greedy_prefix,7,200,0,-36339.353460592996,36769.315136522,64180.644374855,28356.970413366493,1193.1371048460715,37650.072025673,1310.718565080002,0.02395358428300366,117.58146023393056,0.00012224733285359204,0.21953895315527916,False,False,0.21953895315527916
s-000,after_common_greedy_prefix,7,200,1,-36339.353460592996,36769.315136522,64180.644374855,28356.970413366493,1193.1371048460715,37650.072025673,1310.718565080002,0.02395358428300366,117.58146023393056,0.00012224733285359204,0.22023921459913254,False,False,0.22023921459913254
s-000,after_common_greedy_prefix,7,1000,0,-36339.353460592996,36769.315136522,64180.644374855,28356.970413366493,1193.1371048460715,37650.072025673,1310.718565080002,0.02395358428300366,117.58146023393056,0.00012224733285359204,1.0202342048287392,False,False,1.0202342048287392
s-000,after_common_greedy_prefix,7,1000,1,-36339.353460592996,36769.315136522,64180.644374855,28356.970413366493,1193.1371048460715,37650.072025673,1310.718565080002,0.02395358428300366,117.58146023393056,0.00012224733285359204,1.0200464129447937,False,False,1.0200464129447937
s-000,after_common_greedy_prefix,7,50,0,-36339.353460592996,36769.315136522,64180.644374855,28356.970413366493,1193.1371048460715,37650.072025673,1310.718565080002,0.02395358428300366,117.58146023393056,0.00012224733285359204,0.06993405520915985,False,False,0.06993405520915985
s-000,after_common_greedy_prefix,7,50,1,-36339.353460592996,36769.315136522,64180.644374855,28356.970413366493,1193.1371048460715,37650.072025673,1310.718565080002,0.02395358428300366,117.58146023393056,0.00012224733285359204,0.07007412239909172,False,False,0.07007412239909172
s-000,after_common_greedy_prefix,7,10,0,-36339.353460592996,36769.315136522,64180.644374855,28356.970413366493,1193.1371048460715,37650.072025673,1310.718565080002,0.02395358428300366,117.58146023393056,0.00012224733285359204,0.029290255159139633,False,False,0.029290255159139633
s-000,after_common_greedy_prefix,7,10,1,-36339.353460592996,36769.315136522,64180.644374855,28356.970413366493,1193.1371048460715,37650.072025673,1310.718565080002,0.02395358428300366,117.58146023393056,0.00012224733285359204,0.028936520218849182,False,False,0.028936520218849182
s-000,after_common_greedy_prefix,8,200,0,-4.179241879000074,385.74974706800003,385.74974706800003,385.74974706800003,1193.1371048460715,385.74974706800003,381.57050518899996,0.0,0.0,0.0,0.2163287028670311,False,True,
s-000,after_common_greedy_prefix,8,200,1,-4.179241879000074,385.74974706800003,385.74974706800003,385.74974706800003,1193.1371048460715,385.74974706800003,381.57050518899996,0.0,0.0,0.0,0.21642596647143364,False,True,
s-000,after_common_greedy_prefix,8,1000,0,-4.179241879000074,385.74974706800003,385.74974706800003,385.74974706800003,1193.1371048460715,385.74974706800003,381.57050518899996,0.0,0.0,0.0,1.0163594782352448,False,True,
s-000,after_common_greedy_prefix,8,1000,1,-4.179241879000074,385.74974706800003,385.74974706800003,385.74974706800003,1193.1371048460715,385.74974706800003,381.57050518899996,0.0,0.0,0.0,1.0162976682186127,False,True,
s-000,after_common_greedy_prefix,8,50,0,-4.179241879000074,385.74974706800003,385.74974706800003,385.74974706800003,1193.1371048460715,385.74974706800003,381.57050518899996,0.0,0.0,0.0,0.06680592894554138,False,True,
s-000,after_common_greedy_prefix,8,50,1,-4.179241879000074,385.74974706800003,385.74974706800003,385.74974706800003,1193.1371048460715,385.74974706800003,381.57050518899996,0.0,0.0,0.0,0.06635292619466782,False,True,
s-000,after_common_greedy_prefix,8,10,0,-4.179241879000074,385.74974706800003,385.74974706800003,385.74974706800003,1193.1371048460715,385.74974706800003,381.57050518899996,0.0,0.0,0.0,0.025798384100198746,False,True,
s-000,after_common_greedy_prefix,8,10,1,-4.179241879000074,385.74974706800003,385.74974706800003,385.74974706800003,1193.1371048460715,385.74974706800003,381.57050518899996,0.0,0.0,0.0,0.024528753012418747,False,True,
s-000,after_common_greedy_prefix,9,200,0,-9040.363996463,9938.094286599,12050.184012581,6838.209489084341,1193.1371048460715,9938.094286599,897.7302901359999,0.0,0.0,0.0,0.21606101840734482,False,True,
s-000,after_common_greedy_prefix,9,200,1,-9040.363996463,9938.094286599,12050.184012581,6838.209489084341,1193.1371048460715,9938.094286599,897.7302901359999,0.0,0.0,0.0,0.21751271188259125,False,True,
s-000,after_common_greedy_prefix,9,1000,0,-9040.363996463,9938.094286599,12050.184012581,6838.209489084341,1193.1371048460715,9938.094286599,897.7302901359999,0.0,0.0,0.0,1.0172338262200356,False,True,
s-000,after_common_greedy_prefix,9,1000,1,-9040.363996463,9938.094286599,12050.184012581,6838.209489084341,1193.1371048460715,9938.094286599,897.7302901359999,0.0,0.0,0.0,1.0190604776144028,False,True,
s-000,after_common_greedy_prefix,9,50,0,-9040.363996463,9938.094286599,12050.184012581,6838.209489084341,1193.1371048460715,9938.094286599,897.7302901359999,0.0,0.0,0.0,0.06821723282337189,False,True,
s-000,after_common_greedy_prefix,9,50,1,-9040.363996463,9938.094286599,12050.184012581,6838.209489084341,1193.1371048460715,9938.094286599,897.7302901359999,0.0,0.0,0.0,0.06830961257219315,False,True,
s-000,after_common_greedy_prefix,9,10,0,-9040.363996463,9938.094286599,12050.184012581,6838.209489084341,1193.1371048460715,9938.094286599,897.7302901359999,0.0,0.0,0.0,0.028305035084486008,False,True,
s-000,after_common_greedy_prefix,9,10,1,-9040.363996463,9938.094286599,12050.184012581,6838.209489084341,1193.1371048460715,9938.094286599,897.7302901359999,0.0,0.0,0.0,0.026604201644659042,False,True,
s-000,after_common_greedy_prefix,10,200,0,-36147.915745640996,37341.052850487,54378.455636592,26653.027280386646,1193.1371048460715,38494.763737865,2346.8479922240076,0.030896581625521974,1153.7108873779362,0.0011994924929959678,0.21860773488879204,False,False,0.21860773488879204
s-000,after_common_greedy_prefix,10,200,1,-36147.915745640996,37341.052850487,54378.455636592,26653.027280386646,1193.1371048460715,38494.763737865,2346.8479922240076,0.030896581625521974,1153.7108873779362,0.0011994924929959678,0.21989908069372177,False,False,0.21989908069372177
s-000,after_common_greedy_prefix,10,1000,0,-36147.915745640996,37341.052850487,54378.455636592,26653.027280386646,1193.1371048460715,38494.763737865,2346.8479922240076,0.030896581625521974,1153.7108873779362,0.0011994924929959678,1.0203401520848274,False,False,1.0203401520848274
s-000,after_common_greedy_prefix,10,1000,1,-36147.915745640996,37341.052850487,54378.455636592,26653.027280386646,1193.1371048460715,38494.763737865,2346.8479922240076,0.030896581625521974,1153.7108873779362,0.0011994924929959678,1.0201204977929592,False,False,1.0201204977929592
s-000,after_common_greedy_prefix,10,50,0,-36147.915745640996,37341.052850487,54378.455636592,26653.027280386646,1193.1371048460715,38494.763737865,2346.8479922240076,0.030896581625521974,1153.7108873779362,0.0011994924929959678,0.06998855248093605,False,False,0.06998855248093605
s-000,after_common_greedy_prefix,10,50,1,-36147.915745640996,37341.052850487,54378.455636592,26653.027280386646,1193.1371048460715,38494.763737865,2346.8479922240076,0.030896581625521974,1153.7108873779362,0.0011994924929959678,0.0706864669919014,False,False,0.0706864669919014
s-000,after_common_greedy_prefix,10,10,0,-36147.915745640996,37341.052850487,54378.455636592,26653.027280386646,1193.1371048460715,38494.763737865,2346.8479922240076,0.030896581625521974,1153.7108873779362,0.0011994924929959678,0.030453946441411972,False,False,0.030453946441411972
s-000,after_common_greedy_prefix,10,10,1,-36147.915745640996,37341.052850487,54378.455636592,26653.027280386646,1193.1371048460715,38494.763737865,2346.8479922240076,0.030896581625521974,1153.7108873779362,0.0011994924929959678,0.030863836407661438,False,False,0.030863836407661438
s-001,after_one_actual_history_call,0,200,0,-8258.784984565,8877.962318408001,15943.184517246,6729.251229886154,1193.1371048460715,8877.962318408001,619.1773338430012,0.0,0.0,0.0,0.0036078132688999176,False,True,
s-001,after_one_actual_history_call,0,200,1,-8258.784984565,8877.962318408001,15943.184517246,6729.251229886154,1193.1371048460715,8877.962318408001,619.1773338430012,0.0,0.0,0.0,0.003089919686317444,False,True,
s-001,after_one_actual_history_call,0,1000,0,-8258.784984565,8877.962318408001,15943.184517246,6729.251229886154,1193.1371048460715,8877.962318408001,619.1773338430012,0.0,0.0,0.0,1.0193314626812935,False,True,
s-001,after_one_actual_history_call,0,1000,1,-8258.784984565,8877.962318408001,15943.184517246,6729.251229886154,1193.1371048460715,8877.962318408001,619.1773338430012,0.0,0.0,0.0,1.0189500004053116,False,True,
s-001,after_one_actual_history_call,0,50,0,-8258.784984565,8877.962318408001,15943.184517246,6729.251229886154,1193.1371048460715,8877.962318408001,619.1773338430012,0.0,0.0,0.0,0.06859084218740463,False,True,
s-001,after_one_actual_history_call,0,50,1,-8258.784984565,8877.962318408001,15943.184517246,6729.251229886154,1193.1371048460715,8877.962318408001,619.1773338430012,0.0,0.0,0.0,0.06796266511082649,False,True,
s-001,after_one_actual_history_call,0,10,0,-8258.784984565,8877.962318408001,15943.184517246,6729.251229886154,1193.1371048460715,8877.962318408001,619.1773338430012,0.0,0.0,0.0,0.028606608510017395,False,True,
s-001,after_one_actual_history_call,0,10,1,-8258.784984565,8877.962318408001,15943.184517246,6729.251229886154,1193.1371048460715,8877.962318408001,619.1773338430012,0.0,0.0,0.0,0.0283358134329319,False,True,
s-001,after_one_actual_history_call,1,200,0,-34994.162289825,34994.162289825,61215.285230403,29754.33852062551,1193.1371048460715,36181.725221799,1187.5629319740037,0.03393602973371655,0.0,0.0,0.22140231356024742,False,False,
s-001,after_one_actual_history_call,1,200,1,-34994.162289825,34994.162289825,61215.285230403,29754.33852062551,1193.1371048460715,36181.725221799,1187.5629319740037,0.03393602973371655,0.0,0.0,0.22088266909122467,False,False,
s-001,after_one_actual_history_call,1,1000,0,-34994.162289825,34994.162289825,61215.285230403,29754.33852062551,1193.1371048460715,36181.725221799,1187.5629319740037,0.03393602973371655,0.0,0.0,1.0210807882249355,False,False,
s-001,after_one_actual_history_call,1,1000,1,-34994.162289825,34994.162289825,61215.285230403,29754.33852062551,1193.1371048460715,36181.725221799,1187.5629319740037,0.03393602973371655,0.0,0.0,1.0206236876547337,False,False,
s-001,after_one_actual_history_call,1,50,0,-34994.162289825,34994.162289825,61215.285230403,29754.33852062551,1193.1371048460715,36181.725221799,1187.5629319740037,0.03393602973371655,0.0,0.0,0.07048549503087997,False,False,
s-001,after_one_actual_history_call,1,50,1,-34994.162289825,34994.162289825,61215.285230403,29754.33852062551,1193.1371048460715,36181.725221799,1187.5629319740037,0.03393602973371655,0.0,0.0,0.07110724970698357,False,False,
s-001,after_one_actual_history_call,1,10,0,-34994.162289825,34994.162289825,61215.285230403,29754.33852062551,1193.1371048460715,36008.603392057,1014.4411022319982,0.02898886659524237,0.0,0.0,0.029636140912771225,False,False,
s-001,after_one_actual_history_call,1,10,1,-34994.162289825,34994.162289825,61215.285230403,29754.33852062551,1193.1371048460715,36008.603392057,1014.4411022319982,0.02898886659524237,0.0,0.0,0.030308932065963745,False,False,
s-001,after_one_actual_history_call,2,200,0,-0.4451118590000078,0.0,0.0,0.0,1193.1371048460715,0.0,-0.4451118590000078,0.0,0.0,0.0,0.004532545804977417,False,True,
s-001,after_one_actual_history_call,2,200,1,-0.4451118590000078,0.0,0.0,0.0,1193.1371048460715,0.0,-0.4451118590000078,0.0,0.0,0.0,0.004523515701293945,False,True,
s-001,after_one_actual_history_call,2,1000,0,-0.4451118590000078,0.0,0.0,0.0,1193.1371048460715,0.0,-0.4451118590000078,0.0,0.0,0.0,0.004463031888008118,False,True,
s-001,after_one_actual_history_call,2,1000,1,-0.4451118590000078,0.0,0.0,0.0,1193.1371048460715,0.0,-0.4451118590000078,0.0,0.0,0.0,0.004465695470571518,False,True,
s-001,after_one_actual_history_call,2,50,0,-0.4451118590000078,0.0,0.0,0.0,1193.1371048460715,0.0,-0.4451118590000078,0.0,0.0,0.0,0.0044778138399124146,False,True,
s-001,after_one_actual_history_call,2,50,1,-0.4451118590000078,0.0,0.0,0.0,1193.1371048460715,0.0,-0.4451118590000078,0.0,0.0,0.0,0.004476182162761688,False,True,
s-001,after_one_actual_history_call,2,10,0,-0.4451118590000078,0.0,0.0,0.0,1193.1371048460715,0.0,-0.4451118590000078,0.0,0.0,0.0,0.004476163536310196,False,True,
s-001,after_one_actual_history_call,2,10,1,-0.4451118590000078,0.0,0.0,0.0,1193.1371048460715,0.0,-0.4451118590000078,0.0,0.0,0.0,0.004455652087926865,False,True,
s-001,after_one_actual_history_call,3,200,0,-9036.971891696,9050.712639322,12668.819759707,6227.068967315469,1193.1371048460715,9076.7408239,39.76893220400052,0.0028758160396029245,0.0,0.0,0.2178790122270584,False,False,
s-001,after_one_actual_history_call,3,200,1,-9036.971891696,9050.712639322,12668.819759707,6227.068967315469,1193.1371048460715,9076.7408239,39.76893220400052,0.0028758160396029245,0.0,0.0,0.21871955692768097,False,False,
s-001,after_one_actual_history_call,3,1000,0,-9036.971891696,9050.712639322,12668.819759707,6227.068967315469,1193.1371048460715,9076.7408239,39.76893220400052,0.0028758160396029245,0.0,0.0,1.0188906528055668,False,False,
s-001,after_one_actual_history_call,3,1000,1,-9036.971891696,9050.712639322,12668.819759707,6227.068967315469,1193.1371048460715,9076.7408239,39.76893220400052,0.0028758160396029245,0.0,0.0,1.0181661546230316,False,False,
s-001,after_one_actual_history_call,3,50,0,-9036.971891696,9050.712639322,12668.819759707,6227.068967315469,1193.1371048460715,9076.7408239,39.76893220400052,0.0028758160396029245,0.0,0.0,0.06761549413204193,False,False,
s-001,after_one_actual_history_call,3,50,1,-9036.971891696,9050.712639322,12668.819759707,6227.068967315469,1193.1371048460715,9076.7408239,39.76893220400052,0.0028758160396029245,0.0,0.0,0.06912877038121223,False,False,
s-001,after_one_actual_history_call,3,10,0,-9036.971891696,9050.712639322,12668.819759707,6227.068967315469,1193.1371048460715,9076.7408239,39.76893220400052,0.0028758160396029245,0.0,0.0,0.028782416135072708,False,False,
s-001,after_one_actual_history_call,3,10,1,-9036.971891696,9050.712639322,12668.819759707,6227.068967315469,1193.1371048460715,9076.7408239,39.76893220400052,0.0028758160396029245,0.0,0.0,0.026676662266254425,False,False,
s-001,after_one_actual_history_call,4,200,0,-36179.677539912,36179.232428053,65910.58407093,29987.343825780637,1193.1371048460715,37129.170722841,949.4931829289999,0.026256452418582217,0.0,0.0,0.22036166861653328,False,False,
s-001,after_one_actual_history_call,4,200,1,-36179.677539912,36179.232428053,65910.58407093,29987.343825780637,1193.1371048460715,37129.170722841,949.4931829289999,0.026256452418582217,0.0,0.0,0.22266404703259468,False,False,
s-001,after_one_actual_history_call,4,1000,0,-36179.677539912,36179.232428053,65910.58407093,29987.343825780637,1193.1371048460715,37129.170722841,949.4931829289999,0.026256452418582217,0.0,0.0,1.02193633466959,False,False,
s-001,after_one_actual_history_call,4,1000,1,-36179.677539912,36179.232428053,65910.58407093,29987.343825780637,1193.1371048460715,37129.170722841,949.4931829289999,0.026256452418582217,0.0,0.0,1.0205726958811283,False,False,
s-001,after_one_actual_history_call,4,50,0,-36179.677539912,36179.232428053,65910.58407093,29987.343825780637,1193.1371048460715,37094.606686895,914.9291469829986,0.02530109671791233,0.0,0.0,0.06978944689035416,False,False,
s-001,after_one_actual_history_call,4,50,1,-36179.677539912,36179.232428053,65910.58407093,29987.343825780637,1193.1371048460715,37094.606686895,914.9291469829986,0.02530109671791233,0.0,0.0,0.06933989748358727,False,False,
s-001,after_one_actual_history_call,4,10,0,-36179.677539912,36179.232428053,65910.58407093,29987.343825780637,1193.1371048460715,37094.606686895,914.9291469829986,0.02530109671791233,0.0,0.0,0.030635084956884384,False,False,
s-001,after_one_actual_history_call,4,10,1,-36179.677539912,36179.232428053,65910.58407093,29987.343825780637,1193.1371048460715,37094.606686895,914.9291469829986,0.02530109671791233,0.0,0.0,0.030811555683612823,False,False,
s-001,after_one_actual_history_call,5,200,0,-1.289235768000026,168.708337232,168.708337232,168.708337232,1193.1371048460715,168.708337232,167.41910146399997,0.0,0.0,0.0,0.21580196171998978,False,True,
s-001,after_one_actual_history_call,5,200,1,-1.289235768000026,168.708337232,168.708337232,168.708337232,1193.1371048460715,168.708337232,167.41910146399997,0.0,0.0,0.0,0.21704306453466415,False,True,
s-001,after_one_actual_history_call,5,1000,0,-1.289235768000026,168.708337232,168.708337232,168.708337232,1193.1371048460715,168.708337232,167.41910146399997,0.0,0.0,0.0,1.0171744525432587,False,True,
s-001,after_one_actual_history_call,5,1000,1,-1.289235768000026,168.708337232,168.708337232,168.708337232,1193.1371048460715,168.708337232,167.41910146399997,0.0,0.0,0.0,1.0165554285049438,False,True,
s-001,after_one_actual_history_call,5,50,0,-1.289235768000026,168.708337232,168.708337232,168.708337232,1193.1371048460715,168.708337232,167.41910146399997,0.0,0.0,0.0,0.0661560483276844,False,True,
s-001,after_one_actual_history_call,5,50,1,-1.289235768000026,168.708337232,168.708337232,168.708337232,1193.1371048460715,168.708337232,167.41910146399997,0.0,0.0,0.0,0.06535617634654045,False,True,
s-001,after_one_actual_history_call,5,10,0,-1.289235768000026,168.708337232,168.708337232,168.708337232,1193.1371048460715,168.708337232,167.41910146399997,0.0,0.0,0.0,0.024884209036827087,False,True,
s-001,after_one_actual_history_call,5,10,1,-1.289235768000026,168.708337232,168.708337232,168.708337232,1193.1371048460715,168.708337232,167.41910146399997,0.0,0.0,0.0,0.023824915289878845,False,True,
s-001,after_one_actual_history_call,6,200,0,-9435.926034078,9851.701850522,12021.059256583,6420.2508911724235,1193.1371048460715,9891.915894585,455.9898605069993,0.00408193880338232,0.0,0.0,0.2167617827653885,False,False,
s-001,after_one_actual_history_call,6,200,1,-9435.926034078,9851.701850522,12021.059256583,6420.2508911724235,1193.1371048460715,9891.915894585,455.9898605069993,0.00408193880338232,0.0,0.0,0.21973533928394318,False,False,
s-001,after_one_actual_history_call,6,1000,0,-9435.926034078,9851.701850522,12021.059256583,6420.2508911724235,1193.1371048460715,9891.915894585,455.9898605069993,0.00408193880338232,0.0,0.0,1.0176086612045765,False,False,
s-001,after_one_actual_history_call,6,1000,1,-9435.926034078,9851.701850522,12021.059256583,6420.2508911724235,1193.1371048460715,9891.915894585,455.9898605069993,0.00408193880338232,0.0,0.0,1.0180185325443745,False,False,
s-001,after_one_actual_history_call,6,50,0,-9435.926034078,9851.701850522,12021.059256583,6420.2508911724235,1193.1371048460715,9891.915894585,455.9898605069993,0.00408193880338232,0.0,0.0,0.0671418197453022,False,False,
s-001,after_one_actual_history_call,6,50,1,-9435.926034078,9851.701850522,12021.059256583,6420.2508911724235,1193.1371048460715,9891.915894585,455.9898605069993,0.00408193880338232,0.0,0.0,0.06675505265593529,False,False,
s-001,after_one_actual_history_call,6,10,0,-9435.926034078,9851.701850522,12021.059256583,6420.2508911724235,1193.1371048460715,9891.915894585,455.9898605069993,0.00408193880338232,0.0,0.0,0.026202891021966934,False,False,
s-001,after_one_actual_history_call,6,10,1,-9435.926034078,9851.701850522,12021.059256583,6420.2508911724235,1193.1371048460715,9891.915894585,455.9898605069993,0.00408193880338232,0.0,0.0,0.025380197912454605,False,False,
s-001,after_one_actual_history_call,7,200,0,-36339.353460592996,36769.315136522,64180.644374855,28356.970413366493,1193.1371048460715,37650.072025673,1310.718565080002,0.02395358428300366,117.58146023393056,0.00012224733285359204,0.21942588686943054,False,False,0.21942588686943054
s-001,after_one_actual_history_call,7,200,1,-36339.353460592996,36769.315136522,64180.644374855,28356.970413366493,1193.1371048460715,37650.072025673,1310.718565080002,0.02395358428300366,117.58146023393056,0.00012224733285359204,0.2214326374232769,False,False,0.2214326374232769
s-001,after_one_actual_history_call,7,1000,0,-36339.353460592996,36769.315136522,64180.644374855,28356.970413366493,1193.1371048460715,37650.072025673,1310.718565080002,0.02395358428300366,117.58146023393056,0.00012224733285359204,1.021823052316904,False,False,1.021823052316904
s-001,after_one_actual_history_call,7,1000,1,-36339.353460592996,36769.315136522,64180.644374855,28356.970413366493,1193.1371048460715,37650.072025673,1310.718565080002,0.02395358428300366,117.58146023393056,0.00012224733285359204,1.0214685425162315,False,False,1.0214685425162315
s-001,after_one_actual_history_call,7,50,0,-36339.353460592996,36769.315136522,64180.644374855,28356.970413366493,1193.1371048460715,37650.072025673,1310.718565080002,0.02395358428300366,117.58146023393056,0.00012224733285359204,0.07050057500600815,False,False,0.07050057500600815
s-001,after_one_actual_history_call,7,50,1,-36339.353460592996,36769.315136522,64180.644374855,28356.970413366493,1193.1371048460715,37650.072025673,1310.718565080002,0.02395358428300366,117.58146023393056,0.00012224733285359204,0.06994273141026497,False,False,0.06994273141026497
s-001,after_one_actual_history_call,7,10,0,-36339.353460592996,36769.315136522,64180.644374855,28356.970413366493,1193.1371048460715,37650.072025673,1310.718565080002,0.02395358428300366,117.58146023393056,0.00012224733285359204,0.028865430504083633,False,False,0.028865430504083633
s-001,after_one_actual_history_call,7,10,1,-36339.353460592996,36769.315136522,64180.644374855,28356.970413366493,1193.1371048460715,37650.072025673,1310.718565080002,0.02395358428300366,117.58146023393056,0.00012224733285359204,0.02732110768556595,False,False,0.02732110768556595
s-001,after_one_actual_history_call,8,200,0,-4.179241879000074,385.74974706800003,385.74974706800003,385.74974706800003,1193.1371048460715,385.74974706800003,381.57050518899996,0.0,0.0,0.0,0.21469495072960854,False,True,
s-001,after_one_actual_history_call,8,200,1,-4.179241879000074,385.74974706800003,385.74974706800003,385.74974706800003,1193.1371048460715,385.74974706800003,381.57050518899996,0.0,0.0,0.0,0.21666241809725761,False,True,
s-001,after_one_actual_history_call,8,1000,0,-4.179241879000074,385.74974706800003,385.74974706800003,385.74974706800003,1193.1371048460715,385.74974706800003,381.57050518899996,0.0,0.0,0.0,1.0171903297305107,False,True,
s-001,after_one_actual_history_call,8,1000,1,-4.179241879000074,385.74974706800003,385.74974706800003,385.74974706800003,1193.1371048460715,385.74974706800003,381.57050518899996,0.0,0.0,0.0,1.0163488537073135,False,True,
s-001,after_one_actual_history_call,8,50,0,-4.179241879000074,385.74974706800003,385.74974706800003,385.74974706800003,1193.1371048460715,385.74974706800003,381.57050518899996,0.0,0.0,0.0,0.06662892922759056,False,True,
s-001,after_one_actual_history_call,8,50,1,-4.179241879000074,385.74974706800003,385.74974706800003,385.74974706800003,1193.1371048460715,385.74974706800003,381.57050518899996,0.0,0.0,0.0,0.0660412572324276,False,True,
s-001,after_one_actual_history_call,8,10,0,-4.179241879000074,385.74974706800003,385.74974706800003,385.74974706800003,1193.1371048460715,385.74974706800003,381.57050518899996,0.0,0.0,0.0,0.024733304977416992,False,True,
s-001,after_one_actual_history_call,8,10,1,-4.179241879000074,385.74974706800003,385.74974706800003,385.74974706800003,1193.1371048460715,385.74974706800003,381.57050518899996,0.0,0.0,0.0,0.0241212360560894,False,True,
s-001,after_one_actual_history_call,9,200,0,-9040.363996463,9938.094286599,12050.184012581,6838.209489084341,1193.1371048460715,9938.094286599,897.7302901359999,0.0,0.0,0.0,0.21590058878064156,False,True,
s-001,after_one_actual_history_call,9,200,1,-9040.363996463,9938.094286599,12050.184012581,6838.209489084341,1193.1371048460715,9938.094286599,897.7302901359999,0.0,0.0,0.0,0.21843795850872993,False,True,
s-001,after_one_actual_history_call,9,1000,0,-9040.363996463,9938.094286599,12050.184012581,6838.209489084341,1193.1371048460715,9938.094286599,897.7302901359999,0.0,0.0,0.0,1.0192864947021008,False,True,
s-001,after_one_actual_history_call,9,1000,1,-9040.363996463,9938.094286599,12050.184012581,6838.209489084341,1193.1371048460715,9938.094286599,897.7302901359999,0.0,0.0,0.0,1.0192488729953766,False,True,
s-001,after_one_actual_history_call,9,50,0,-9040.363996463,9938.094286599,12050.184012581,6838.209489084341,1193.1371048460715,9938.094286599,897.7302901359999,0.0,0.0,0.0,0.067902322858572,False,True,
s-001,after_one_actual_history_call,9,50,1,-9040.363996463,9938.094286599,12050.184012581,6838.209489084341,1193.1371048460715,9938.094286599,897.7302901359999,0.0,0.0,0.0,0.0683836080133915,False,True,
s-001,after_one_actual_history_call,9,10,0,-9040.363996463,9938.094286599,12050.184012581,6838.209489084341,1193.1371048460715,9938.094286599,897.7302901359999,0.0,0.0,0.0,0.026753351092338562,False,True,
s-001,after_one_actual_history_call,9,10,1,-9040.363996463,9938.094286599,12050.184012581,6838.209489084341,1193.1371048460715,9938.094286599,897.7302901359999,0.0,0.0,0.0,0.02533745765686035,False,True,
s-001,after_one_actual_history_call,10,200,0,-36147.915745640996,37341.052850487,54378.455636592,26653.027280386646,1193.1371048460715,38494.763737865,2346.8479922240076,0.030896581625521974,1153.7108873779362,0.0011994924929959678,0.21922112628817558,False,False,0.21922112628817558
s-001,after_one_actual_history_call,10,200,1,-36147.915745640996,37341.052850487,54378.455636592,26653.027280386646,1193.1371048460715,38494.763737865,2346.8479922240076,0.030896581625521974,1153.7108873779362,0.0011994924929959678,0.21933164820075035,False,False,0.21933164820075035
s-001,after_one_actual_history_call,10,1000,0,-36147.915745640996,37341.052850487,54378.455636592,26653.027280386646,1193.1371048460715,38494.763737865,2346.8479922240076,0.030896581625521974,1153.7108873779362,0.0011994924929959678,1.0197714529931545,False,False,1.0197714529931545
s-001,after_one_actual_history_call,10,1000,1,-36147.915745640996,37341.052850487,54378.455636592,26653.027280386646,1193.1371048460715,38494.763737865,2346.8479922240076,0.030896581625521974,1153.7108873779362,0.0011994924929959678,1.0195908844470978,False,False,1.0195908844470978
s-001,after_one_actual_history_call,10,50,0,-36147.915745640996,37341.052850487,54378.455636592,26653.027280386646,1193.1371048460715,38494.763737865,2346.8479922240076,0.030896581625521974,1153.7108873779362,0.0011994924929959678,0.07092015817761421,False,False,0.07092015817761421
s-001,after_one_actual_history_call,10,50,1,-36147.915745640996,37341.052850487,54378.455636592,26653.027280386646,1193.1371048460715,38494.763737865,2346.8479922240076,0.030896581625521974,1153.7108873779362,0.0011994924929959678,0.07069800421595573,False,False,0.07069800421595573
s-001,after_one_actual_history_call,10,10,0,-36147.915745640996,37341.052850487,54378.455636592,26653.027280386646,1193.1371048460715,38494.763737865,2346.8479922240076,0.030896581625521974,1153.7108873779362,0.0011994924929959678,0.030426092445850372,False,False,0.030426092445850372
s-001,after_one_actual_history_call,10,10,1,-36147.915745640996,37341.052850487,54378.455636592,26653.027280386646,1193.1371048460715,38494.763737865,2346.8479922240076,0.030896581625521974,1153.7108873779362,0.0011994924929959678,0.02765410766005516,False,False,0.02765410766005516
s-002,after_common_greedy_prefix,0,200,0,-9420.647439322,9554.747386571,16147.381544426,6661.624484133251,897.7302901360672,9749.040291483001,328.39285216100143,0.020334698244882522,0.0,0.0,0.21876120939850807,False,False,
s-002,after_common_greedy_prefix,0,200,1,-9420.647439322,9554.747386571,16147.381544426,6661.624484133251,897.7302901360672,9749.040291483001,328.39285216100143,0.020334698244882522,0.0,0.0,0.21844516322016716,False,False,
s-002,after_common_greedy_prefix,0,1000,0,-9420.647439322,9554.747386571,16147.381544426,6661.624484133251,897.7302901360672,9749.040291483001,328.39285216100143,0.020334698244882522,0.0,0.0,1.0183951258659363,False,False,
s-002,after_common_greedy_prefix,0,1000,1,-9420.647439322,9554.747386571,16147.381544426,6661.624484133251,897.7302901360672,9749.040291483001,328.39285216100143,0.020334698244882522,0.0,0.0,1.0188902392983437,False,False,
s-002,after_common_greedy_prefix,0,50,0,-9420.647439322,9554.747386571,16147.381544426,6661.624484133251,897.7302901360672,9749.040291483001,328.39285216100143,0.020334698244882522,0.0,0.0,0.06904353201389313,False,False,
s-002,after_common_greedy_prefix,0,50,1,-9420.647439322,9554.747386571,16147.381544426,6661.624484133251,897.7302901360672,9749.040291483001,328.39285216100143,0.020334698244882522,0.0,0.0,0.06973741203546524,False,False,
s-002,after_common_greedy_prefix,0,10,0,-9420.647439322,9554.747386571,16147.381544426,6661.624484133251,897.7302901360672,9749.040291483001,328.39285216100143,0.020334698244882522,0.0,0.0,0.029788386076688766,False,False,
s-002,after_common_greedy_prefix,0,10,1,-9420.647439322,9554.747386571,16147.381544426,6661.624484133251,897.7302901360672,9749.040291483001,328.39285216100143,0.020334698244882522,0.0,0.0,0.02871314063668251,False,False,
s-002,after_common_greedy_prefix,1,200,0,-33867.170638871,33867.170638871,45082.263689738,26406.324647776823,897.7302901360672,34808.398764648,941.228125777001,0.027791755497186637,43.49783564093377,4.522391864694326e-05,0.21940162032842636,False,False,0.21940162032842636
s-002,after_common_greedy_prefix,1,200,1,-33867.170638871,33867.170638871,45082.263689738,26406.324647776823,897.7302901360672,34808.398764648,941.228125777001,0.027791755497186637,43.49783564093377,4.522391864694326e-05,0.22090745344758034,False,False,0.22090745344758034
s-002,after_common_greedy_prefix,1,1000,0,-33867.170638871,33867.170638871,45082.263689738,26406.324647776823,897.7302901360672,34808.398764648,941.228125777001,0.027791755497186637,43.49783564093377,4.522391864694326e-05,1.0206533521413803,False,False,1.0206533521413803
s-002,after_common_greedy_prefix,1,1000,1,-33867.170638871,33867.170638871,45082.263689738,26406.324647776823,897.7302901360672,34808.398764648,941.228125777001,0.027791755497186637,43.49783564093377,4.522391864694326e-05,1.0204693414270878,False,False,1.0204693414270878
s-002,after_common_greedy_prefix,1,50,0,-33867.170638871,33867.170638871,45082.263689738,26406.324647776823,897.7302901360672,34808.398764648,941.228125777001,0.027791755497186637,43.49783564093377,4.522391864694326e-05,0.06994766369462013,False,False,0.06994766369462013
s-002,after_common_greedy_prefix,1,50,1,-33867.170638871,33867.170638871,45082.263689738,26406.324647776823,897.7302901360672,34808.398764648,941.228125777001,0.027791755497186637,43.49783564093377,4.522391864694326e-05,0.07009715586900711,False,False,0.07009715586900711
s-002,after_common_greedy_prefix,1,10,0,-33867.170638871,33867.170638871,45082.263689738,26406.324647776823,897.7302901360672,34808.398764648,941.228125777001,0.027791755497186637,43.49783564093377,4.522391864694326e-05,0.03009292483329773,False,False,0.03009292483329773
s-002,after_common_greedy_prefix,1,10,1,-33867.170638871,33867.170638871,45082.263689738,26406.324647776823,897.7302901360672,34808.398764648,941.228125777001,0.027791755497186637,43.49783564093377,4.522391864694326e-05,0.03070206567645073,False,False,0.03070206567645073
s-002,after_common_greedy_prefix,2,200,0,-0.4451118590000078,0.0,0.0,0.0,897.7302901360672,0.0,-0.4451118590000078,0.0,0.0,0.0,0.005287833511829376,False,True,
s-002,after_common_greedy_prefix,2,200,1,-0.4451118590000078,0.0,0.0,0.0,897.7302901360672,0.0,-0.4451118590000078,0.0,0.0,0.0,0.004944249987602234,False,True,
s-002,after_common_greedy_prefix,2,1000,0,-0.4451118590000078,0.0,0.0,0.0,897.7302901360672,0.0,-0.4451118590000078,0.0,0.0,0.0,0.004654001444578171,False,True,
s-002,after_common_greedy_prefix,2,1000,1,-0.4451118590000078,0.0,0.0,0.0,897.7302901360672,0.0,-0.4451118590000078,0.0,0.0,0.0,0.004555784165859222,False,True,
s-002,after_common_greedy_prefix,2,50,0,-0.4451118590000078,0.0,0.0,0.0,897.7302901360672,0.0,-0.4451118590000078,0.0,0.0,0.0,0.004508852958679199,False,True,
s-002,after_common_greedy_prefix,2,50,1,-0.4451118590000078,0.0,0.0,0.0,897.7302901360672,0.0,-0.4451118590000078,0.0,0.0,0.0,0.004460621625185013,False,True,
s-002,after_common_greedy_prefix,2,10,0,-0.4451118590000078,0.0,0.0,0.0,897.7302901360672,0.0,-0.4451118590000078,0.0,0.0,0.0,0.004461668431758881,False,True,
s-002,after_common_greedy_prefix,2,10,1,-0.4451118590000078,0.0,0.0,0.0,897.7302901360672,0.0,-0.4451118590000078,0.0,0.0,0.0,0.004457481205463409,False,True,
s-002,after_common_greedy_prefix,3,200,0,-8768.492505904,9251.732971742,13463.54629927,6256.877224458436,897.7302901360672,9472.473453441,703.9809475370002,0.023859365847805823,0.0,0.0,0.21876487880945206,False,False,
s-002,after_common_greedy_prefix,3,200,1,-8768.492505904,9251.732971742,13463.54629927,6256.877224458436,897.7302901360672,9472.473453441,703.9809475370002,0.023859365847805823,0.0,0.0,0.21931228414177895,False,False,
s-002,after_common_greedy_prefix,3,1000,0,-8768.492505904,9251.732971742,13463.54629927,6256.877224458436,897.7302901360672,9472.473453441,703.9809475370002,0.023859365847805823,0.0,0.0,1.0200617462396622,False,False,
s-002,after_common_greedy_prefix,3,1000,1,-8768.492505904,9251.732971742,13463.54629927,6256.877224458436,897.7302901360672,9472.473453441,703.9809475370002,0.023859365847805823,0.0,0.0,1.0190452300012112,False,False,
s-002,after_common_greedy_prefix,3,50,0,-8768.492505904,9251.732971742,13463.54629927,6256.877224458436,897.7302901360672,9472.473453441,703.9809475370002,0.023859365847805823,0.0,0.0,0.0680190920829773,False,False,
s-002,after_common_greedy_prefix,3,50,1,-8768.492505904,9251.732971742,13463.54629927,6256.877224458436,897.7302901360672,9472.473453441,703.9809475370002,0.023859365847805823,0.0,0.0,0.06719760969281197,False,False,
s-002,after_common_greedy_prefix,3,10,0,-8768.492505904,9251.732971742,13463.54629927,6256.877224458436,897.7302901360672,9472.473453441,703.9809475370002,0.023859365847805823,0.0,0.0,0.028083134442567825,False,False,
s-002,after_common_greedy_prefix,3,10,1,-8768.492505904,9251.732971742,13463.54629927,6256.877224458436,897.7302901360672,9472.473453441,703.9809475370002,0.023859365847805823,0.0,0.0,0.02621804177761078,False,False,
s-002,after_common_greedy_prefix,4,200,0,-35746.933078229,35746.48796637,59852.886281326,29371.381721431553,897.7302901360672,36882.380467605,1135.4473893760005,0.031776338484039025,237.7170992399333,0.0002471501995123935,0.22117746993899345,False,False,0.22117746993899345
s-002,after_common_greedy_prefix,4,200,1,-35746.933078229,35746.48796637,59852.886281326,29371.381721431553,897.7302901360672,36882.380467605,1135.4473893760005,0.031776338484039025,237.7170992399333,0.0002471501995123935,0.22292441129684448,False,False,0.22292441129684448
s-002,after_common_greedy_prefix,4,1000,0,-35746.933078229,35746.48796637,59852.886281326,29371.381721431553,897.7302901360672,36882.380467605,1135.4473893760005,0.031776338484039025,237.7170992399333,0.0002471501995123935,1.0239351466298103,False,False,1.0239351466298103
s-002,after_common_greedy_prefix,4,1000,1,-35746.933078229,35746.48796637,59852.886281326,29371.381721431553,897.7302901360672,36882.380467605,1135.4473893760005,0.031776338484039025,237.7170992399333,0.0002471501995123935,1.0204106494784355,False,False,1.0204106494784355
s-002,after_common_greedy_prefix,4,50,0,-35746.933078229,35746.48796637,59852.886281326,29371.381721431553,897.7302901360672,36882.380467605,1135.4473893760005,0.031776338484039025,237.7170992399333,0.0002471501995123935,0.07201994583010674,False,False,0.07201994583010674
s-002,after_common_greedy_prefix,4,50,1,-35746.933078229,35746.48796637,59852.886281326,29371.381721431553,897.7302901360672,36882.380467605,1135.4473893760005,0.031776338484039025,237.7170992399333,0.0002471501995123935,0.0703677386045456,False,False,0.0703677386045456
s-002,after_common_greedy_prefix,4,10,0,-35746.933078229,35746.48796637,59852.886281326,29371.381721431553,897.7302901360672,36882.380467605,1135.4473893760005,0.031776338484039025,237.7170992399333,0.0002471501995123935,0.029409822076559067,False,False,0.029409822076559067
s-002,after_common_greedy_prefix,4,10,1,-35746.933078229,35746.48796637,59852.886281326,29371.381721431553,897.7302901360672,36882.380467605,1135.4473893760005,0.031776338484039025,237.7170992399333,0.0002471501995123935,0.0295272096991539,False,False,0.0295272096991539
s-002,after_common_greedy_prefix,5,200,0,-1.289235768000026,168.708337232,168.708337232,168.708337232,897.7302901360672,168.708337232,167.41910146399997,0.0,0.0,0.0,0.21701844409108162,False,True,
s-002,after_common_greedy_prefix,5,200,1,-1.289235768000026,168.708337232,168.708337232,168.708337232,897.7302901360672,168.708337232,167.41910146399997,0.0,0.0,0.0,0.21649323403835297,False,True,
s-002,after_common_greedy_prefix,5,1000,0,-1.289235768000026,168.708337232,168.708337232,168.708337232,897.7302901360672,168.708337232,167.41910146399997,0.0,0.0,0.0,1.0164443738758564,False,True,
s-002,after_common_greedy_prefix,5,1000,1,-1.289235768000026,168.708337232,168.708337232,168.708337232,897.7302901360672,168.708337232,167.41910146399997,0.0,0.0,0.0,1.0175244882702827,False,True,
s-002,after_common_greedy_prefix,5,50,0,-1.289235768000026,168.708337232,168.708337232,168.708337232,897.7302901360672,168.708337232,167.41910146399997,0.0,0.0,0.0,0.0662047229707241,False,True,
s-002,after_common_greedy_prefix,5,50,1,-1.289235768000026,168.708337232,168.708337232,168.708337232,897.7302901360672,168.708337232,167.41910146399997,0.0,0.0,0.0,0.06629281491041183,False,True,
s-002,after_common_greedy_prefix,5,10,0,-1.289235768000026,168.708337232,168.708337232,168.708337232,897.7302901360672,168.708337232,167.41910146399997,0.0,0.0,0.0,0.025892604142427444,False,True,
s-002,after_common_greedy_prefix,5,10,1,-1.289235768000026,168.708337232,168.708337232,168.708337232,897.7302901360672,168.708337232,167.41910146399997,0.0,0.0,0.0,0.02671070769429207,False,True,
s-002,after_common_greedy_prefix,6,200,0,-9201.710640277,9631.672316206,12950.964146972,6175.257146579141,897.7302901360672,9631.672316206,429.9616759290002,0.0,0.0,0.0,0.21888868138194084,False,True,
s-002,after_common_greedy_prefix,6,200,1,-9201.710640277,9631.672316206,12950.964146972,6175.257146579141,897.7302901360672,9631.672316206,429.9616759290002,0.0,0.0,0.0,0.21870043501257896,False,True,
s-002,after_common_greedy_prefix,6,1000,0,-9201.710640277,9631.672316206,12950.964146972,6175.257146579141,897.7302901360672,9631.672316206,429.9616759290002,0.0,0.0,0.0,1.0177394524216652,False,True,
s-002,after_common_greedy_prefix,6,1000,1,-9201.710640277,9631.672316206,12950.964146972,6175.257146579141,897.7302901360672,9631.672316206,429.9616759290002,0.0,0.0,0.0,1.0182299576699734,False,True,
s-002,after_common_greedy_prefix,6,50,0,-9201.710640277,9631.672316206,12950.964146972,6175.257146579141,897.7302901360672,9631.672316206,429.9616759290002,0.0,0.0,0.0,0.06730199605226517,False,True,
s-002,after_common_greedy_prefix,6,50,1,-9201.710640277,9631.672316206,12950.964146972,6175.257146579141,897.7302901360672,9631.672316206,429.9616759290002,0.0,0.0,0.0,0.070209801197052,False,True,
s-002,after_common_greedy_prefix,6,10,0,-9201.710640277,9631.672316206,12950.964146972,6175.257146579141,897.7302901360672,9631.672316206,429.9616759290002,0.0,0.0,0.0,0.027025025337934494,False,True,
s-002,after_common_greedy_prefix,6,10,1,-9201.710640277,9631.672316206,12950.964146972,6175.257146579141,897.7302901360672,9631.672316206,429.9616759290002,0.0,0.0,0.0,0.027459535747766495,False,True,
s-002,after_common_greedy_prefix,7,200,0,-36579.538397917,37009.500073846,66305.842475283,29116.2403276499,897.7302901360672,37890.256962997,1310.718565080002,0.023798129869185076,412.9882749439348,0.00042937649363477626,0.22190743312239647,False,False,0.22190743312239647
s-002,after_common_greedy_prefix,7,200,1,-36579.538397917,37009.500073846,66305.842475283,29116.2403276499,897.7302901360672,37890.256962997,1310.718565080002,0.023798129869185076,412.9882749439348,0.00042937649363477626,0.2196289859712124,False,False,0.2196289859712124
s-002,after_common_greedy_prefix,7,1000,0,-36579.538397917,37009.500073846,66305.842475283,29116.2403276499,897.7302901360672,37890.256962997,1310.718565080002,0.023798129869185076,412.9882749439348,0.00042937649363477626,1.020237985998392,False,False,1.020237985998392
s-002,after_common_greedy_prefix,7,1000,1,-36579.538397917,37009.500073846,66305.842475283,29116.2403276499,897.7302901360672,37890.256962997,1310.718565080002,0.023798129869185076,412.9882749439348,0.00042937649363477626,1.0201807841658592,False,False,1.0201807841658592
s-002,after_common_greedy_prefix,7,50,0,-36579.538397917,37009.500073846,66305.842475283,29116.2403276499,897.7302901360672,37890.256962997,1310.718565080002,0.023798129869185076,412.9882749439348,0.00042937649363477626,0.07049152255058289,False,False,0.07049152255058289
s-002,after_common_greedy_prefix,7,50,1,-36579.538397917,37009.500073846,66305.842475283,29116.2403276499,897.7302901360672,37890.256962997,1310.718565080002,0.023798129869185076,412.9882749439348,0.00042937649363477626,0.07008662074804306,False,False,0.07008662074804306
s-002,after_common_greedy_prefix,7,10,0,-36579.538397917,37009.500073846,66305.842475283,29116.2403276499,897.7302901360672,37890.256962997,1310.718565080002,0.023798129869185076,412.9882749439348,0.00042937649363477626,0.03210313990712166,False,False,0.03210313990712166
s-002,after_common_greedy_prefix,7,10,1,-36579.538397917,37009.500073846,66305.842475283,29116.2403276499,897.7302901360672,37890.256962997,1310.718565080002,0.023798129869185076,412.9882749439348,0.00042937649363477626,0.030650384724140167,False,False,0.030650384724140167
s-002,after_common_greedy_prefix,8,200,0,-4.179241879000074,385.74974706800003,385.74974706800003,385.74974706800003,897.7302901360672,385.74974706800003,381.57050518899996,0.0,0.0,0.0,0.2165416032075882,False,True,
s-002,after_common_greedy_prefix,8,200,1,-4.179241879000074,385.74974706800003,385.74974706800003,385.74974706800003,897.7302901360672,385.74974706800003,381.57050518899996,0.0,0.0,0.0,0.2165369726717472,False,True,
s-002,after_common_greedy_prefix,8,1000,0,-4.179241879000074,385.74974706800003,385.74974706800003,385.74974706800003,897.7302901360672,385.74974706800003,381.57050518899996,0.0,0.0,0.0,1.0167295075953007,False,True,
s-002,after_common_greedy_prefix,8,1000,1,-4.179241879000074,385.74974706800003,385.74974706800003,385.74974706800003,897.7302901360672,385.74974706800003,381.57050518899996,0.0,0.0,0.0,1.0172227211296558,False,True,
s-002,after_common_greedy_prefix,8,50,0,-4.179241879000074,385.74974706800003,385.74974706800003,385.74974706800003,897.7302901360672,385.74974706800003,381.57050518899996,0.0,0.0,0.0,0.06687188893556595,False,True,
s-002,after_common_greedy_prefix,8,50,1,-4.179241879000074,385.74974706800003,385.74974706800003,385.74974706800003,897.7302901360672,385.74974706800003,381.57050518899996,0.0,0.0,0.0,0.065372034907341,False,True,
s-002,after_common_greedy_prefix,8,10,0,-4.179241879000074,385.74974706800003,385.74974706800003,385.74974706800003,897.7302901360672,385.74974706800003,381.57050518899996,0.0,0.0,0.0,0.0245729498565197,False,True,
s-002,after_common_greedy_prefix,8,10,1,-4.179241879000074,385.74974706800003,385.74974706800003,385.74974706800003,897.7302901360672,385.74974706800003,381.57050518899996,0.0,0.0,0.0,0.025921646505594254,False,True,
s-002,after_common_greedy_prefix,9,200,0,-9147.31118943,10045.041479566,12230.75748629,6914.005171120823,897.7302901360672,10045.041479566,897.7302901359999,0.0,0.0,0.0,0.2187124565243721,False,True,
s-002,after_common_greedy_prefix,9,200,1,-9147.31118943,10045.041479566,12230.75748629,6914.005171120823,897.7302901360672,10045.041479566,897.7302901359999,0.0,0.0,0.0,0.2188393473625183,False,True,
s-002,after_common_greedy_prefix,9,1000,0,-9147.31118943,10045.041479566,12230.75748629,6914.005171120823,897.7302901360672,10045.041479566,897.7302901359999,0.0,0.0,0.0,1.0177933685481548,False,True,
s-002,after_common_greedy_prefix,9,1000,1,-9147.31118943,10045.041479566,12230.75748629,6914.005171120823,897.7302901360672,10045.041479566,897.7302901359999,0.0,0.0,0.0,1.0177537836134434,False,True,
s-002,after_common_greedy_prefix,9,50,0,-9147.31118943,10045.041479566,12230.75748629,6914.005171120823,897.7302901360672,10045.041479566,897.7302901359999,0.0,0.0,0.0,0.06836474314332008,False,True,
s-002,after_common_greedy_prefix,9,50,1,-9147.31118943,10045.041479566,12230.75748629,6914.005171120823,897.7302901360672,10045.041479566,897.7302901359999,0.0,0.0,0.0,0.06772381067276001,False,True,
s-002,after_common_greedy_prefix,9,10,0,-9147.31118943,10045.041479566,12230.75748629,6914.005171120823,897.7302901360672,10045.041479566,897.7302901359999,0.0,0.0,0.0,0.02694551646709442,False,True,
s-002,after_common_greedy_prefix,9,10,1,-9147.31118943,10045.041479566,12230.75748629,6914.005171120823,897.7302901360672,10045.041479566,897.7302901359999,0.0,0.0,0.0,0.025954678654670715,False,True,
s-002,after_common_greedy_prefix,10,200,0,-36797.13850681,37409.278152511,54942.267569639,26931.677730460866,897.7302901360672,39108.520140316,2311.3816335060037,0.04542300925662071,1413.6513433699365,0.0014697479174697542,0.21966665983200073,False,False,0.21966665983200073
s-002,after_common_greedy_prefix,10,200,1,-36797.13850681,37409.278152511,54942.267569639,26931.677730460866,897.7302901360672,39108.520140316,2311.3816335060037,0.04542300925662071,1413.6513433699365,0.0014697479174697542,0.2194788046181202,False,False,0.2194788046181202
s-002,after_common_greedy_prefix,10,1000,0,-36797.13850681,37409.278152511,54942.267569639,26931.677730460866,897.7302901360672,39108.520140316,2311.3816335060037,0.04542300925662071,1413.6513433699365,0.0014697479174697542,1.0197123065590858,False,False,1.0197123065590858
s-002,after_common_greedy_prefix,10,1000,1,-36797.13850681,37409.278152511,54942.267569639,26931.677730460866,897.7302901360672,39108.520140316,2311.3816335060037,0.04542300925662071,1413.6513433699365,0.0014697479174697542,1.0194240249693394,False,False,1.0194240249693394
s-002,after_common_greedy_prefix,10,50,0,-36797.13850681,37409.278152511,54942.267569639,26931.677730460866,897.7302901360672,39108.520140316,2311.3816335060037,0.04542300925662071,1413.6513433699365,0.0014697479174697542,0.0688314251601696,False,False,0.0688314251601696
s-002,after_common_greedy_prefix,10,50,1,-36797.13850681,37409.278152511,54942.267569639,26931.677730460866,897.7302901360672,39108.520140316,2311.3816335060037,0.04542300925662071,1413.6513433699365,0.0014697479174697542,0.06868304684758186,False,False,0.06868304684758186
s-002,after_common_greedy_prefix,10,10,0,-36797.13850681,37409.278152511,54942.267569639,26931.677730460866,897.7302901360672,39108.520140316,2311.3816335060037,0.04542300925662071,1413.6513433699365,0.0014697479174697542,0.029891319572925568,False,False,0.029891319572925568
s-002,after_common_greedy_prefix,10,10,1,-36797.13850681,37409.278152511,54942.267569639,26931.677730460866,897.7302901360672,39108.520140316,2311.3816335060037,0.04542300925662071,1413.6513433699365,0.0014697479174697542,0.0282558873295784,False,False,0.0282558873295784
s-003,after_one_actual_history_call,0,200,0,-9420.647439322,9554.747386571,16147.381544426,6661.624484133251,941.2281257769791,9749.040291483001,328.39285216100143,0.020334698244882522,0.0,0.0,0.21884096786379814,False,False,
s-003,after_one_actual_history_call,0,200,1,-9420.647439322,9554.747386571,16147.381544426,6661.624484133251,941.2281257769791,9749.040291483001,328.39285216100143,0.020334698244882522,0.0,0.0,0.21895648166537285,False,False,
s-003,after_one_actual_history_call,0,1000,0,-9420.647439322,9554.747386571,16147.381544426,6661.624484133251,941.2281257769791,9749.040291483001,328.39285216100143,0.020334698244882522,0.0,0.0,1.0181634239852428,False,False,
s-003,after_one_actual_history_call,0,1000,1,-9420.647439322,9554.747386571,16147.381544426,6661.624484133251,941.2281257769791,9749.040291483001,328.39285216100143,0.020334698244882522,0.0,0.0,1.0186495706439018,False,False,
s-003,after_one_actual_history_call,0,50,0,-9420.647439322,9554.747386571,16147.381544426,6661.624484133251,941.2281257769791,9749.040291483001,328.39285216100143,0.020334698244882522,0.0,0.0,0.06823285669088364,False,False,
s-003,after_one_actual_history_call,0,50,1,-9420.647439322,9554.747386571,16147.381544426,6661.624484133251,941.2281257769791,9749.040291483001,328.39285216100143,0.020334698244882522,0.0,0.0,0.06747334450483322,False,False,
s-003,after_one_actual_history_call,0,10,0,-9420.647439322,9554.747386571,16147.381544426,6661.624484133251,941.2281257769791,9749.040291483001,328.39285216100143,0.020334698244882522,0.0,0.0,0.02626403048634529,False,False,
s-003,after_one_actual_history_call,0,10,1,-9420.647439322,9554.747386571,16147.381544426,6661.624484133251,941.2281257769791,9749.040291483001,328.39285216100143,0.020334698244882522,0.0,0.0,0.0256694033741951,False,False,
s-003,after_one_actual_history_call,1,200,0,-33867.170638871,34808.398764648,45082.263689738,26406.324647776823,941.2281257769791,34808.398764648,941.228125777001,0.0,2.1827872842550278e-11,2.269404744217579e-17,0.0034580230712890625,False,True,
s-003,after_one_actual_history_call,1,200,1,-33867.170638871,34808.398764648,45082.263689738,26406.324647776823,941.2281257769791,34808.398764648,941.228125777001,0.0,2.1827872842550278e-11,2.269404744217579e-17,0.003295980393886566,False,True,
s-003,after_one_actual_history_call,1,1000,0,-33867.170638871,34808.398764648,45082.263689738,26406.324647776823,941.2281257769791,34808.398764648,941.228125777001,0.0,2.1827872842550278e-11,2.269404744217579e-17,1.021492563188076,False,True,
s-003,after_one_actual_history_call,1,1000,1,-33867.170638871,34808.398764648,45082.263689738,26406.324647776823,941.2281257769791,34808.398764648,941.228125777001,0.0,2.1827872842550278e-11,2.269404744217579e-17,1.0207638181746006,False,True,
s-003,after_one_actual_history_call,1,50,0,-33867.170638871,34808.398764648,45082.263689738,26406.324647776823,941.2281257769791,34808.398764648,941.228125777001,0.0,2.1827872842550278e-11,2.269404744217579e-17,0.0717172771692276,False,True,
s-003,after_one_actual_history_call,1,50,1,-33867.170638871,34808.398764648,45082.263689738,26406.324647776823,941.2281257769791,34808.398764648,941.228125777001,0.0,2.1827872842550278e-11,2.269404744217579e-17,0.07245497032999992,False,True,
s-003,after_one_actual_history_call,1,10,0,-33867.170638871,34808.398764648,45082.263689738,26406.324647776823,941.2281257769791,34808.398764648,941.228125777001,0.0,2.1827872842550278e-11,2.269404744217579e-17,0.03276454284787178,False,True,
s-003,after_one_actual_history_call,1,10,1,-33867.170638871,34808.398764648,45082.263689738,26406.324647776823,941.2281257769791,34808.398764648,941.228125777001,0.0,2.1827872842550278e-11,2.269404744217579e-17,0.030105922371149063,False,True,
s-003,after_one_actual_history_call,2,200,0,-0.4451118590000078,0.0,0.0,0.0,941.2281257769791,0.0,-0.4451118590000078,0.0,0.0,0.0,0.004550941288471222,False,True,
s-003,after_one_actual_history_call,2,200,1,-0.4451118590000078,0.0,0.0,0.0,941.2281257769791,0.0,-0.4451118590000078,0.0,0.0,0.0,0.0046328045427799225,False,True,
s-003,after_one_actual_history_call,2,1000,0,-0.4451118590000078,0.0,0.0,0.0,941.2281257769791,0.0,-0.4451118590000078,0.0,0.0,0.0,0.00454045832157135,False,True,
s-003,after_one_actual_history_call,2,1000,1,-0.4451118590000078,0.0,0.0,0.0,941.2281257769791,0.0,-0.4451118590000078,0.0,0.0,0.0,0.004490528255701065,False,True,
s-003,after_one_actual_history_call,2,50,0,-0.4451118590000078,0.0,0.0,0.0,941.2281257769791,0.0,-0.4451118590000078,0.0,0.0,0.0,0.00449715182185173,False,True,
s-003,after_one_actual_history_call,2,50,1,-0.4451118590000078,0.0,0.0,0.0,941.2281257769791,0.0,-0.4451118590000078,0.0,0.0,0.0,0.00447482243180275,False,True,
s-003,after_one_actual_history_call,2,10,0,-0.4451118590000078,0.0,0.0,0.0,941.2281257769791,0.0,-0.4451118590000078,0.0,0.0,0.0,0.004457920789718628,False,True,
s-003,after_one_actual_history_call,2,10,1,-0.4451118590000078,0.0,0.0,0.0,941.2281257769791,0.0,-0.4451118590000078,0.0,0.0,0.0,0.00450478121638298,False,True,
s-003,after_one_actual_history_call,3,200,0,-8768.492505904,9251.732971742,13463.54629927,6256.877224458436,941.2281257769791,9472.473453441,703.9809475370002,0.023859365847805823,0.0,0.0,0.21816102787852287,False,False,
s-003,after_one_actual_history_call,3,200,1,-8768.492505904,9251.732971742,13463.54629927,6256.877224458436,941.2281257769791,9472.473453441,703.9809475370002,0.023859365847805823,0.0,0.0,0.21714429184794426,False,False,
s-003,after_one_actual_history_call,3,1000,0,-8768.492505904,9251.732971742,13463.54629927,6256.877224458436,941.2281257769791,9472.473453441,703.9809475370002,0.023859365847805823,0.0,0.0,1.0177437625825405,False,False,
s-003,after_one_actual_history_call,3,1000,1,-8768.492505904,9251.732971742,13463.54629927,6256.877224458436,941.2281257769791,9472.473453441,703.9809475370002,0.023859365847805823,0.0,0.0,1.0178421847522259,False,False,
s-003,after_one_actual_history_call,3,50,0,-8768.492505904,9251.732971742,13463.54629927,6256.877224458436,941.2281257769791,9472.473453441,703.9809475370002,0.023859365847805823,0.0,0.0,0.06850455701351166,False,False,
s-003,after_one_actual_history_call,3,50,1,-8768.492505904,9251.732971742,13463.54629927,6256.877224458436,941.2281257769791,9472.473453441,703.9809475370002,0.023859365847805823,0.0,0.0,0.06933071091771126,False,False,
s-003,after_one_actual_history_call,3,10,0,-8768.492505904,9251.732971742,13463.54629927,6256.877224458436,941.2281257769791,9472.473453441,703.9809475370002,0.023859365847805823,0.0,0.0,0.02731507271528244,False,False,
s-003,after_one_actual_history_call,3,10,1,-8768.492505904,9251.732971742,13463.54629927,6256.877224458436,941.2281257769791,9472.473453441,703.9809475370002,0.023859365847805823,0.0,0.0,0.027109291404485703,False,False,
s-003,after_one_actual_history_call,4,200,0,-35746.933078229,35746.48796637,59852.886281326,29371.381721431553,941.2281257769791,36882.380467605,1135.4473893760005,0.031776338484039025,194.21926359902136,0.00020192628086547292,0.21959593147039413,False,False,0.21959593147039413
s-003,after_one_actual_history_call,4,200,1,-35746.933078229,35746.48796637,59852.886281326,29371.381721431553,941.2281257769791,36882.380467605,1135.4473893760005,0.031776338484039025,194.21926359902136,0.00020192628086547292,0.22073737904429436,False,False,0.22073737904429436
s-003,after_one_actual_history_call,4,1000,0,-35746.933078229,35746.48796637,59852.886281326,29371.381721431553,941.2281257769791,36882.380467605,1135.4473893760005,0.031776338484039025,194.21926359902136,0.00020192628086547292,1.0202566906809807,False,False,1.0202566906809807
s-003,after_one_actual_history_call,4,1000,1,-35746.933078229,35746.48796637,59852.886281326,29371.381721431553,941.2281257769791,36882.380467605,1135.4473893760005,0.031776338484039025,194.21926359902136,0.00020192628086547292,1.0207671411335468,False,False,1.0207671411335468
s-003,after_one_actual_history_call,4,50,0,-35746.933078229,35746.48796637,59852.886281326,29371.381721431553,941.2281257769791,36882.380467605,1135.4473893760005,0.031776338484039025,194.21926359902136,0.00020192628086547292,0.07039323449134827,False,False,0.07039323449134827
s-003,after_one_actual_history_call,4,50,1,-35746.933078229,35746.48796637,59852.886281326,29371.381721431553,941.2281257769791,36882.380467605,1135.4473893760005,0.031776338484039025,194.21926359902136,0.00020192628086547292,0.06994183734059334,False,False,0.06994183734059334
s-003,after_one_actual_history_call,4,10,0,-35746.933078229,35746.48796637,59852.886281326,29371.381721431553,941.2281257769791,36882.380467605,1135.4473893760005,0.031776338484039025,194.21926359902136,0.00020192628086547292,0.030213721096515656,False,False,0.030213721096515656
s-003,after_one_actual_history_call,4,10,1,-35746.933078229,35746.48796637,59852.886281326,29371.381721431553,941.2281257769791,36882.380467605,1135.4473893760005,0.031776338484039025,194.21926359902136,0.00020192628086547292,0.02961001917719841,False,False,0.02961001917719841
s-003,after_one_actual_history_call,5,200,0,-1.289235768000026,168.708337232,168.708337232,168.708337232,941.2281257769791,168.708337232,167.41910146399997,0.0,0.0,0.0,0.21597108244895935,False,True,
s-003,after_one_actual_history_call,5,200,1,-1.289235768000026,168.708337232,168.708337232,168.708337232,941.2281257769791,168.708337232,167.41910146399997,0.0,0.0,0.0,0.2158447913825512,False,True,
s-003,after_one_actual_history_call,5,1000,0,-1.289235768000026,168.708337232,168.708337232,168.708337232,941.2281257769791,168.708337232,167.41910146399997,0.0,0.0,0.0,1.0158428512513638,False,True,
s-003,after_one_actual_history_call,5,1000,1,-1.289235768000026,168.708337232,168.708337232,168.708337232,941.2281257769791,168.708337232,167.41910146399997,0.0,0.0,0.0,1.0162552297115326,False,True,
s-003,after_one_actual_history_call,5,50,0,-1.289235768000026,168.708337232,168.708337232,168.708337232,941.2281257769791,168.708337232,167.41910146399997,0.0,0.0,0.0,0.06562933698296547,False,True,
s-003,after_one_actual_history_call,5,50,1,-1.289235768000026,168.708337232,168.708337232,168.708337232,941.2281257769791,168.708337232,167.41910146399997,0.0,0.0,0.0,0.07042176276445389,False,True,
s-003,after_one_actual_history_call,5,10,0,-1.289235768000026,168.708337232,168.708337232,168.708337232,941.2281257769791,168.708337232,167.41910146399997,0.0,0.0,0.0,0.026219673454761505,False,True,
s-003,after_one_actual_history_call,5,10,1,-1.289235768000026,168.708337232,168.708337232,168.708337232,941.2281257769791,168.708337232,167.41910146399997,0.0,0.0,0.0,0.02422983944416046,False,True,
s-003,after_one_actual_history_call,6,200,0,-9201.710640277,9631.672316206,12950.964146972,6175.257146579141,941.2281257769791,9631.672316206,429.9616759290002,0.0,0.0,0.0,0.2158816084265709,False,True,
s-003,after_one_actual_history_call,6,200,1,-9201.710640277,9631.672316206,12950.964146972,6175.257146579141,941.2281257769791,9631.672316206,429.9616759290002,0.0,0.0,0.0,0.2172388732433319,False,True,
s-003,after_one_actual_history_call,6,1000,0,-9201.710640277,9631.672316206,12950.964146972,6175.257146579141,941.2281257769791,9631.672316206,429.9616759290002,0.0,0.0,0.0,1.0178775750100613,False,True,
s-003,after_one_actual_history_call,6,1000,1,-9201.710640277,9631.672316206,12950.964146972,6175.257146579141,941.2281257769791,9631.672316206,429.9616759290002,0.0,0.0,0.0,1.0176909863948822,False,True,
s-003,after_one_actual_history_call,6,50,0,-9201.710640277,9631.672316206,12950.964146972,6175.257146579141,941.2281257769791,9631.672316206,429.9616759290002,0.0,0.0,0.0,0.0669919028878212,False,True,
s-003,after_one_actual_history_call,6,50,1,-9201.710640277,9631.672316206,12950.964146972,6175.257146579141,941.2281257769791,9631.672316206,429.9616759290002,0.0,0.0,0.0,0.06732212007045746,False,True,
s-003,after_one_actual_history_call,6,10,0,-9201.710640277,9631.672316206,12950.964146972,6175.257146579141,941.2281257769791,9631.672316206,429.9616759290002,0.0,0.0,0.0,0.025640957057476044,False,True,
s-003,after_one_actual_history_call,6,10,1,-9201.710640277,9631.672316206,12950.964146972,6175.257146579141,941.2281257769791,9631.672316206,429.9616759290002,0.0,0.0,0.0,0.024620726704597473,False,True,
s-003,after_one_actual_history_call,7,200,0,-36579.538397917,37009.500073846,66305.842475283,29116.2403276499,941.2281257769791,37890.256962997,1310.718565080002,0.023798129869185076,369.49043930302287,0.00038415257498785574,0.22272344678640366,False,False,0.22272344678640366
s-003,after_one_actual_history_call,7,200,1,-36579.538397917,37009.500073846,66305.842475283,29116.2403276499,941.2281257769791,37890.256962997,1310.718565080002,0.023798129869185076,369.49043930302287,0.00038415257498785574,0.2194601409137249,False,False,0.2194601409137249
s-003,after_one_actual_history_call,7,1000,0,-36579.538397917,37009.500073846,66305.842475283,29116.2403276499,941.2281257769791,37890.256962997,1310.718565080002,0.023798129869185076,369.49043930302287,0.00038415257498785574,1.0201105289161205,False,False,1.0201105289161205
s-003,after_one_actual_history_call,7,1000,1,-36579.538397917,37009.500073846,66305.842475283,29116.2403276499,941.2281257769791,37890.256962997,1310.718565080002,0.023798129869185076,369.49043930302287,0.00038415257498785574,1.0205108635127544,False,False,1.0205108635127544
s-003,after_one_actual_history_call,7,50,0,-36579.538397917,37009.500073846,66305.842475283,29116.2403276499,941.2281257769791,37890.256962997,1310.718565080002,0.023798129869185076,369.49043930302287,0.00038415257498785574,0.07078742980957031,False,False,0.07078742980957031
s-003,after_one_actual_history_call,7,50,1,-36579.538397917,37009.500073846,66305.842475283,29116.2403276499,941.2281257769791,37890.256962997,1310.718565080002,0.023798129869185076,369.49043930302287,0.00038415257498785574,0.07002747058868408,False,False,0.07002747058868408
s-003,after_one_actual_history_call,7,10,0,-36579.538397917,37009.500073846,66305.842475283,29116.2403276499,941.2281257769791,37890.256962997,1310.718565080002,0.023798129869185076,369.49043930302287,0.00038415257498785574,0.02879011631011963,False,False,0.02879011631011963
s-003,after_one_actual_history_call,7,10,1,-36579.538397917,37009.500073846,66305.842475283,29116.2403276499,941.2281257769791,37890.256962997,1310.718565080002,0.023798129869185076,369.49043930302287,0.00038415257498785574,0.02877301350235939,False,False,0.02877301350235939
s-003,after_one_actual_history_call,8,200,0,-4.179241879000074,385.74974706800003,385.74974706800003,385.74974706800003,941.2281257769791,385.74974706800003,381.57050518899996,0.0,0.0,0.0,0.21568964421749115,False,True,
s-003,after_one_actual_history_call,8,200,1,-4.179241879000074,385.74974706800003,385.74974706800003,385.74974706800003,941.2281257769791,385.74974706800003,381.57050518899996,0.0,0.0,0.0,0.21622847020626068,False,True,
s-003,after_one_actual_history_call,8,1000,0,-4.179241879000074,385.74974706800003,385.74974706800003,385.74974706800003,941.2281257769791,385.74974706800003,381.57050518899996,0.0,0.0,0.0,1.0164635591208935,False,True,
s-003,after_one_actual_history_call,8,1000,1,-4.179241879000074,385.74974706800003,385.74974706800003,385.74974706800003,941.2281257769791,385.74974706800003,381.57050518899996,0.0,0.0,0.0,1.0161175914108753,False,True,
s-003,after_one_actual_history_call,8,50,0,-4.179241879000074,385.74974706800003,385.74974706800003,385.74974706800003,941.2281257769791,385.74974706800003,381.57050518899996,0.0,0.0,0.0,0.0661335177719593,False,True,
s-003,after_one_actual_history_call,8,50,1,-4.179241879000074,385.74974706800003,385.74974706800003,385.74974706800003,941.2281257769791,385.74974706800003,381.57050518899996,0.0,0.0,0.0,0.06556067615747452,False,True,
s-003,after_one_actual_history_call,8,10,0,-4.179241879000074,385.74974706800003,385.74974706800003,385.74974706800003,941.2281257769791,385.74974706800003,381.57050518899996,0.0,0.0,0.0,0.0251837819814682,False,True,
s-003,after_one_actual_history_call,8,10,1,-4.179241879000074,385.74974706800003,385.74974706800003,385.74974706800003,941.2281257769791,385.74974706800003,381.57050518899996,0.0,0.0,0.0,0.027480803430080414,False,True,
s-003,after_one_actual_history_call,9,200,0,-9147.31118943,10045.041479566,12230.75748629,6914.005171120823,941.2281257769791,10045.041479566,897.7302901359999,0.0,0.0,0.0,0.21744869649410248,False,True,
s-003,after_one_actual_history_call,9,200,1,-9147.31118943,10045.041479566,12230.75748629,6914.005171120823,941.2281257769791,10045.041479566,897.7302901359999,0.0,0.0,0.0,0.21731726825237274,False,True,
s-003,after_one_actual_history_call,9,1000,0,-9147.31118943,10045.041479566,12230.75748629,6914.005171120823,941.2281257769791,10045.041479566,897.7302901359999,0.0,0.0,0.0,1.0174420960247517,False,True,
s-003,after_one_actual_history_call,9,1000,1,-9147.31118943,10045.041479566,12230.75748629,6914.005171120823,941.2281257769791,10045.041479566,897.7302901359999,0.0,0.0,0.0,1.0176962614059448,False,True,
s-003,after_one_actual_history_call,9,50,0,-9147.31118943,10045.041479566,12230.75748629,6914.005171120823,941.2281257769791,10045.041479566,897.7302901359999,0.0,0.0,0.0,0.06773245334625244,False,True,
s-003,after_one_actual_history_call,9,50,1,-9147.31118943,10045.041479566,12230.75748629,6914.005171120823,941.2281257769791,10045.041479566,897.7302901359999,0.0,0.0,0.0,0.06658212840557098,False,True,
s-003,after_one_actual_history_call,9,10,0,-9147.31118943,10045.041479566,12230.75748629,6914.005171120823,941.2281257769791,10045.041479566,897.7302901359999,0.0,0.0,0.0,0.027372661978006363,False,True,
s-003,after_one_actual_history_call,9,10,1,-9147.31118943,10045.041479566,12230.75748629,6914.005171120823,941.2281257769791,10045.041479566,897.7302901359999,0.0,0.0,0.0,0.026464708149433136,False,True,
s-003,after_one_actual_history_call,10,200,0,-36797.13850681,37409.278152511,54942.267569639,26931.677730460866,941.2281257769791,39108.520140316,2311.3816335060037,0.04542300925662071,1370.1535077290246,0.0014245239988228337,0.21818912401795387,False,False,0.21818912401795387
s-003,after_one_actual_history_call,10,200,1,-36797.13850681,37409.278152511,54942.267569639,26931.677730460866,941.2281257769791,39108.520140316,2311.3816335060037,0.04542300925662071,1370.1535077290246,0.0014245239988228337,0.22035722434520721,False,False,0.22035722434520721
s-003,after_one_actual_history_call,10,1000,0,-36797.13850681,37409.278152511,54942.267569639,26931.677730460866,941.2281257769791,39108.520140316,2311.3816335060037,0.04542300925662071,1370.1535077290246,0.0014245239988228337,1.019734289497137,False,False,1.019734289497137
s-003,after_one_actual_history_call,10,1000,1,-36797.13850681,37409.278152511,54942.267569639,26931.677730460866,941.2281257769791,39108.520140316,2311.3816335060037,0.04542300925662071,1370.1535077290246,0.0014245239988228337,1.0200836807489395,False,False,1.0200836807489395
s-003,after_one_actual_history_call,10,50,0,-36797.13850681,37409.278152511,54942.267569639,26931.677730460866,941.2281257769791,39108.520140316,2311.3816335060037,0.04542300925662071,1370.1535077290246,0.0014245239988228337,0.06915334239602089,False,False,0.06915334239602089
s-003,after_one_actual_history_call,10,50,1,-36797.13850681,37409.278152511,54942.267569639,26931.677730460866,941.2281257769791,39108.520140316,2311.3816335060037,0.04542300925662071,1370.1535077290246,0.0014245239988228337,0.06950834393501282,False,False,0.06950834393501282
s-003,after_one_actual_history_call,10,10,0,-36797.13850681,37409.278152511,54942.267569639,26931.677730460866,941.2281257769791,39108.520140316,2311.3816335060037,0.04542300925662071,1370.1535077290246,0.0014245239988228337,0.02953101322054863,False,False,0.02953101322054863
s-003,after_one_actual_history_call,10,10,1,-36797.13850681,37409.278152511,54942.267569639,26931.677730460866,941.2281257769791,39108.520140316,2311.3816335060037,0.04542300925662071,1370.1535077290246,0.0014245239988228337,0.0282539501786232,False,False,0.0282539501786232
s-004,after_common_greedy_prefix,0,200,0,-8579.773698984,8579.773698984,13890.121490372,5665.841031560295,897.7302901360672,8579.773698984,0.0,0.0,0.0,0.0,0.21818863973021507,False,True,
s-004,after_common_greedy_prefix,0,200,1,-8579.773698984,8579.773698984,13890.121490372,5665.841031560295,897.7302901360672,8579.773698984,0.0,0.0,0.0,0.0,0.21757176145911217,False,True,
s-004,after_common_greedy_prefix,0,1000,0,-8579.773698984,8579.773698984,13890.121490372,5665.841031560295,897.7302901360672,8579.773698984,0.0,0.0,0.0,0.0,1.0177896358072758,False,True,
s-004,after_common_greedy_prefix,0,1000,1,-8579.773698984,8579.773698984,13890.121490372,5665.841031560295,897.7302901360672,8579.773698984,0.0,0.0,0.0,0.0,1.0179744102060795,False,True,
s-004,after_common_greedy_prefix,0,50,0,-8579.773698984,8579.773698984,13890.121490372,5665.841031560295,897.7302901360672,8579.773698984,0.0,0.0,0.0,0.0,0.06786977872252464,False,True,
s-004,after_common_greedy_prefix,0,50,1,-8579.773698984,8579.773698984,13890.121490372,5665.841031560295,897.7302901360672,8579.773698984,0.0,0.0,0.0,0.0,0.06768090277910233,False,True,
s-004,after_common_greedy_prefix,0,10,0,-8579.773698984,8579.773698984,13890.121490372,5665.841031560295,897.7302901360672,8579.773698984,0.0,0.0,0.0,0.0,0.0263310968875885,False,True,
s-004,after_common_greedy_prefix,0,10,1,-8579.773698984,8579.773698984,13890.121490372,5665.841031560295,897.7302901360672,8579.773698984,0.0,0.0,0.0,0.0,0.027429208159446716,False,True,
s-004,after_common_greedy_prefix,1,200,0,-33686.62245339,33686.62245339,72831.697162723,29777.19098514855,897.7302901360672,34937.72352431,1251.1010709199982,0.037139403709916766,353.37078078393097,0.00036739325547822255,0.22051126509904861,False,False,0.22051126509904861
s-004,after_common_greedy_prefix,1,200,1,-33686.62245339,33686.62245339,72831.697162723,29777.19098514855,897.7302901360672,34937.72352431,1251.1010709199982,0.037139403709916766,353.37078078393097,0.00036739325547822255,0.2215236984193325,False,False,0.2215236984193325
s-004,after_common_greedy_prefix,1,1000,0,-33686.62245339,33686.62245339,72831.697162723,29777.19098514855,897.7302901360672,34937.72352431,1251.1010709199982,0.037139403709916766,353.37078078393097,0.00036739325547822255,1.0208412408828735,False,False,1.0208412408828735
s-004,after_common_greedy_prefix,1,1000,1,-33686.62245339,33686.62245339,72831.697162723,29777.19098514855,897.7302901360672,34937.72352431,1251.1010709199982,0.037139403709916766,353.37078078393097,0.00036739325547822255,1.0200536772608757,False,False,1.0200536772608757
s-004,after_common_greedy_prefix,1,50,0,-33686.62245339,33686.62245339,72831.697162723,29777.19098514855,897.7302901360672,34937.72352431,1251.1010709199982,0.037139403709916766,353.37078078393097,0.00036739325547822255,0.07019271329045296,False,False,0.07019271329045296
s-004,after_common_greedy_prefix,1,50,1,-33686.62245339,33686.62245339,72831.697162723,29777.19098514855,897.7302901360672,34937.72352431,1251.1010709199982,0.037139403709916766,353.37078078393097,0.00036739325547822255,0.06938869133591652,False,False,0.06938869133591652
s-004,after_common_greedy_prefix,1,10,0,-33686.62245339,33686.62245339,72831.697162723,29777.19098514855,897.7302901360672,34830.474535124,1143.8520817339959,0.03395567731127304,246.12179159792868,0.0002558884072381333,0.030078239738941193,False,False,0.030078239738941193
s-004,after_common_greedy_prefix,1,10,1,-33686.62245339,33686.62245339,72831.697162723,29777.19098514855,897.7302901360672,34830.474535124,1143.8520817339959,0.03395567731127304,246.12179159792868,0.0002558884072381333,0.028418678790330887,False,False,0.028418678790330887
s-004,after_common_greedy_prefix,2,200,0,-0.4451118590000078,0.0,0.0,0.0,897.7302901360672,0.0,-0.4451118590000078,0.0,0.0,0.0,0.004571668803691864,False,True,
s-004,after_common_greedy_prefix,2,200,1,-0.4451118590000078,0.0,0.0,0.0,897.7302901360672,0.0,-0.4451118590000078,0.0,0.0,0.0,0.004517935216426849,False,True,
s-004,after_common_greedy_prefix,2,1000,0,-0.4451118590000078,0.0,0.0,0.0,897.7302901360672,0.0,-0.4451118590000078,0.0,0.0,0.0,0.004495415836572647,False,True,
s-004,after_common_greedy_prefix,2,1000,1,-0.4451118590000078,0.0,0.0,0.0,897.7302901360672,0.0,-0.4451118590000078,0.0,0.0,0.0,0.004553481936454773,False,True,
s-004,after_common_greedy_prefix,2,50,0,-0.4451118590000078,0.0,0.0,0.0,897.7302901360672,0.0,-0.4451118590000078,0.0,0.0,0.0,0.0045439861714839935,False,True,
s-004,after_common_greedy_prefix,2,50,1,-0.4451118590000078,0.0,0.0,0.0,897.7302901360672,0.0,-0.4451118590000078,0.0,0.0,0.0,0.00454365462064743,False,True,
s-004,after_common_greedy_prefix,2,10,0,-0.4451118590000078,0.0,0.0,0.0,897.7302901360672,0.0,-0.4451118590000078,0.0,0.0,0.0,0.004550796002149582,False,True,
s-004,after_common_greedy_prefix,2,10,1,-0.4451118590000078,0.0,0.0,0.0,897.7302901360672,0.0,-0.4451118590000078,0.0,0.0,0.0,0.004529669880867004,False,True,
s-004,after_common_greedy_prefix,3,200,0,-9160.770213314,9174.51096094,12372.151314972,6346.325973810136,897.7302901360672,9200.539145518,39.76893220400052,0.002837010570788215,0.0,0.0,0.21954284235835075,False,False,
s-004,after_common_greedy_prefix,3,200,1,-9160.770213314,9174.51096094,12372.151314972,6346.325973810136,897.7302901360672,9200.539145518,39.76893220400052,0.002837010570788215,0.0,0.0,0.2187349572777748,False,False,
s-004,after_common_greedy_prefix,3,1000,0,-9160.770213314,9174.51096094,12372.151314972,6346.325973810136,897.7302901360672,9200.539145518,39.76893220400052,0.002837010570788215,0.0,0.0,1.0181942097842693,False,False,
s-004,after_common_greedy_prefix,3,1000,1,-9160.770213314,9174.51096094,12372.151314972,6346.325973810136,897.7302901360672,9200.539145518,39.76893220400052,0.002837010570788215,0.0,0.0,1.0180526040494442,False,False,
s-004,after_common_greedy_prefix,3,50,0,-9160.770213314,9174.51096094,12372.151314972,6346.325973810136,897.7302901360672,9200.539145518,39.76893220400052,0.002837010570788215,0.0,0.0,0.06728864461183548,False,False,
s-004,after_common_greedy_prefix,3,50,1,-9160.770213314,9174.51096094,12372.151314972,6346.325973810136,897.7302901360672,9200.539145518,39.76893220400052,0.002837010570788215,0.0,0.0,0.0668107196688652,False,False,
s-004,after_common_greedy_prefix,3,10,0,-9160.770213314,9174.51096094,12372.151314972,6346.325973810136,897.7302901360672,9200.539145518,39.76893220400052,0.002837010570788215,0.0,0.0,0.026282470673322678,False,False,
s-004,after_common_greedy_prefix,3,10,1,-9160.770213314,9174.51096094,12372.151314972,6346.325973810136,897.7302901360672,9200.539145518,39.76893220400052,0.002837010570788215,0.0,0.0,0.025655850768089294,False,False,
s-004,after_common_greedy_prefix,4,200,0,-36038.121952107,36037.676840248,60247.228875647,29939.217995210987,897.7302901360672,36957.093834564,918.9718824570009,0.025512659941752065,21.241592320933705,2.2084502111397898e-05,0.21935145556926727,False,False,0.21935145556926727
s-004,after_common_greedy_prefix,4,200,1,-36038.121952107,36037.676840248,60247.228875647,29939.217995210987,897.7302901360672,36957.093834564,918.9718824570009,0.025512659941752065,21.241592320933705,2.2084502111397898e-05,0.22083447128534317,False,False,0.22083447128534317
s-004,after_common_greedy_prefix,4,1000,0,-36038.121952107,36037.676840248,60247.228875647,29939.217995210987,897.7302901360672,37197.697923433996,1159.5759713269945,0.03218911941322608,261.8456811909273,0.00027223625290193244,1.020235013216734,False,False,1.020235013216734
s-004,after_common_greedy_prefix,4,1000,1,-36038.121952107,36037.676840248,60247.228875647,29939.217995210987,897.7302901360672,37197.697923433996,1159.5759713269945,0.03218911941322608,261.8456811909273,0.00027223625290193244,1.0208980590105057,False,False,1.0208980590105057
s-004,after_common_greedy_prefix,4,50,0,-36038.121952107,36037.676840248,60247.228875647,29939.217995210987,897.7302901360672,36957.093834564,918.9718824570009,0.025512659941752065,21.241592320933705,2.2084502111397898e-05,0.06954572722315788,False,False,0.06954572722315788
s-004,after_common_greedy_prefix,4,50,1,-36038.121952107,36037.676840248,60247.228875647,29939.217995210987,897.7302901360672,36957.093834564,918.9718824570009,0.025512659941752065,21.241592320933705,2.2084502111397898e-05,0.06926848366856575,False,False,0.06926848366856575
s-004,after_common_greedy_prefix,4,10,0,-36038.121952107,36037.676840248,60247.228875647,29939.217995210987,897.7302901360672,36957.093834564,918.9718824570009,0.025512659941752065,21.241592320933705,2.2084502111397898e-05,0.028531458228826523,False,False,0.028531458228826523
s-004,after_common_greedy_prefix,4,10,1,-36038.121952107,36037.676840248,60247.228875647,29939.217995210987,897.7302901360672,36957.093834564,918.9718824570009,0.025512659941752065,21.241592320933705,2.2084502111397898e-05,0.028710205107927322,False,False,0.028710205107927322
s-004,after_common_greedy_prefix,5,200,0,-1.289235768000026,168.708337232,168.708337232,168.708337232,897.7302901360672,168.708337232,167.41910146399997,0.0,0.0,0.0,0.2153237722814083,False,True,
s-004,after_common_greedy_prefix,5,200,1,-1.289235768000026,168.708337232,168.708337232,168.708337232,897.7302901360672,168.708337232,167.41910146399997,0.0,0.0,0.0,0.21630289405584335,False,True,
s-004,after_common_greedy_prefix,5,1000,0,-1.289235768000026,168.708337232,168.708337232,168.708337232,897.7302901360672,168.708337232,167.41910146399997,0.0,0.0,0.0,1.016685988754034,False,True,
s-004,after_common_greedy_prefix,5,1000,1,-1.289235768000026,168.708337232,168.708337232,168.708337232,897.7302901360672,168.708337232,167.41910146399997,0.0,0.0,0.0,1.0169164650142193,False,True,
s-004,after_common_greedy_prefix,5,50,0,-1.289235768000026,168.708337232,168.708337232,168.708337232,897.7302901360672,168.708337232,167.41910146399997,0.0,0.0,0.0,0.06700314953923225,False,True,
s-004,after_common_greedy_prefix,5,50,1,-1.289235768000026,168.708337232,168.708337232,168.708337232,897.7302901360672,168.708337232,167.41910146399997,0.0,0.0,0.0,0.06663532555103302,False,True,
s-004,after_common_greedy_prefix,5,10,0,-1.289235768000026,168.708337232,168.708337232,168.708337232,897.7302901360672,168.708337232,167.41910146399997,0.0,0.0,0.0,0.0262858085334301,False,True,
s-004,after_common_greedy_prefix,5,10,1,-1.289235768000026,168.708337232,168.708337232,168.708337232,897.7302901360672,168.708337232,167.41910146399997,0.0,0.0,0.0,0.02570882812142372,False,True,
s-004,after_common_greedy_prefix,6,200,0,-9634.965436643999,10050.741253088,12723.396668573,6254.457126987108,897.7302901360672,10050.741253088,415.77581644400016,0.0,0.0,0.0,0.21849050000309944,False,True,
s-004,after_common_greedy_prefix,6,200,1,-9634.965436643999,10050.741253088,12723.396668573,6254.457126987108,897.7302901360672,10050.741253088,415.77581644400016,0.0,0.0,0.0,0.21842819824814796,False,True,
s-004,after_common_greedy_prefix,6,1000,0,-9634.965436643999,10050.741253088,12723.396668573,6254.457126987108,897.7302901360672,10050.741253088,415.77581644400016,0.0,0.0,0.0,1.0179930366575718,False,True,
s-004,after_common_greedy_prefix,6,1000,1,-9634.965436643999,10050.741253088,12723.396668573,6254.457126987108,897.7302901360672,10050.741253088,415.77581644400016,0.0,0.0,0.0,1.0181187391281128,False,True,
s-004,after_common_greedy_prefix,6,50,0,-9634.965436643999,10050.741253088,12723.396668573,6254.457126987108,897.7302901360672,10050.741253088,415.77581644400016,0.0,0.0,0.0,0.06862864643335342,False,True,
s-004,after_common_greedy_prefix,6,50,1,-9634.965436643999,10050.741253088,12723.396668573,6254.457126987108,897.7302901360672,10050.741253088,415.77581644400016,0.0,0.0,0.0,0.067752156406641,False,True,
s-004,after_common_greedy_prefix,6,10,0,-9634.965436643999,10050.741253088,12723.396668573,6254.457126987108,897.7302901360672,10050.741253088,415.77581644400016,0.0,0.0,0.0,0.02739768475294113,False,True,
s-004,after_common_greedy_prefix,6,10,1,-9634.965436643999,10050.741253088,12723.396668573,6254.457126987108,897.7302901360672,10050.741253088,415.77581644400016,0.0,0.0,0.0,0.025792207568883896,False,True,
s-004,after_common_greedy_prefix,7,200,0,-36935.143404972994,37365.105080902,66523.733940523,28826.17842673099,897.7302901360672,38245.861970053,1310.7185650800093,0.02357164223796531,412.9882749439421,0.00042937649363478385,0.21976977959275246,False,False,0.21976977959275246
s-004,after_common_greedy_prefix,7,200,1,-36935.143404972994,37365.105080902,66523.733940523,28826.17842673099,897.7302901360672,38245.861970053,1310.7185650800093,0.02357164223796531,412.9882749439421,0.00042937649363478385,0.22221427410840988,False,False,0.22221427410840988
s-004,after_common_greedy_prefix,7,1000,0,-36935.143404972994,37365.105080902,66523.733940523,28826.17842673099,897.7302901360672,38245.861970053,1310.7185650800093,0.02357164223796531,412.9882749439421,0.00042937649363478385,1.0213011465966702,False,False,1.0213011465966702
s-004,after_common_greedy_prefix,7,1000,1,-36935.143404972994,37365.105080902,66523.733940523,28826.17842673099,897.7302901360672,38245.861970053,1310.7185650800093,0.02357164223796531,412.9882749439421,0.00042937649363478385,1.0195918008685112,False,False,1.0195918008685112
s-004,after_common_greedy_prefix,7,50,0,-36935.143404972994,37365.105080902,66523.733940523,28826.17842673099,897.7302901360672,38245.861970053,1310.7185650800093,0.02357164223796531,412.9882749439421,0.00042937649363478385,0.06996039673686028,False,False,0.06996039673686028
s-004,after_common_greedy_prefix,7,50,1,-36935.143404972994,37365.105080902,66523.733940523,28826.17842673099,897.7302901360672,38245.861970053,1310.7185650800093,0.02357164223796531,412.9882749439421,0.00042937649363478385,0.0699680745601654,False,False,0.0699680745601654
s-004,after_common_greedy_prefix,7,10,0,-36935.143404972994,37365.105080902,66523.733940523,28826.17842673099,897.7302901360672,38245.861970053,1310.7185650800093,0.02357164223796531,412.9882749439421,0.00042937649363478385,0.029979988932609558,False,False,0.029979988932609558
s-004,after_common_greedy_prefix,7,10,1,-36935.143404972994,37365.105080902,66523.733940523,28826.17842673099,897.7302901360672,38245.861970053,1310.7185650800093,0.02357164223796531,412.9882749439421,0.00042937649363478385,0.03073342889547348,False,False,0.03073342889547348
s-004,after_common_greedy_prefix,8,200,0,-4.179241879000074,385.74974706800003,385.74974706800003,385.74974706800003,897.7302901360672,385.74974706800003,381.57050518899996,0.0,0.0,0.0,0.21508393809199333,False,True,
s-004,after_common_greedy_prefix,8,200,1,-4.179241879000074,385.74974706800003,385.74974706800003,385.74974706800003,897.7302901360672,385.74974706800003,381.57050518899996,0.0,0.0,0.0,0.21639971435070038,False,True,
s-004,after_common_greedy_prefix,8,1000,0,-4.179241879000074,385.74974706800003,385.74974706800003,385.74974706800003,897.7302901360672,385.74974706800003,381.57050518899996,0.0,0.0,0.0,1.0166804045438766,False,True,
s-004,after_common_greedy_prefix,8,1000,1,-4.179241879000074,385.74974706800003,385.74974706800003,385.74974706800003,897.7302901360672,385.74974706800003,381.57050518899996,0.0,0.0,0.0,1.0166343562304974,False,True,
s-004,after_common_greedy_prefix,8,50,0,-4.179241879000074,385.74974706800003,385.74974706800003,385.74974706800003,897.7302901360672,385.74974706800003,381.57050518899996,0.0,0.0,0.0,0.0662880428135395,False,True,
s-004,after_common_greedy_prefix,8,50,1,-4.179241879000074,385.74974706800003,385.74974706800003,385.74974706800003,897.7302901360672,385.74974706800003,381.57050518899996,0.0,0.0,0.0,0.06543352827429771,False,True,
s-004,after_common_greedy_prefix,8,10,0,-4.179241879000074,385.74974706800003,385.74974706800003,385.74974706800003,897.7302901360672,385.74974706800003,381.57050518899996,0.0,0.0,0.0,0.024624671787023544,False,True,
s-004,after_common_greedy_prefix,8,10,1,-4.179241879000074,385.74974706800003,385.74974706800003,385.74974706800003,897.7302901360672,385.74974706800003,381.57050518899996,0.0,0.0,0.0,0.02420051023364067,False,True,
s-004,after_common_greedy_prefix,9,200,0,-9284.809372587,10182.539662723,12368.255669447,7057.074508204841,897.7302901360672,10182.539662723,897.7302901359999,0.0,0.0,0.0,0.21620649099349976,False,True,
s-004,after_common_greedy_prefix,9,200,1,-9284.809372587,10182.539662723,12368.255669447,7057.074508204841,897.7302901360672,10182.539662723,897.7302901359999,0.0,0.0,0.0,0.2177686132490635,False,True,
s-004,after_common_greedy_prefix,9,1000,0,-9284.809372587,10182.539662723,12368.255669447,7057.074508204841,897.7302901360672,10182.539662723,897.7302901359999,0.0,0.0,0.0,1.0187316313385963,False,True,
s-004,after_common_greedy_prefix,9,1000,1,-9284.809372587,10182.539662723,12368.255669447,7057.074508204841,897.7302901360672,10182.539662723,897.7302901359999,0.0,0.0,0.0,1.0178497806191444,False,True,
s-004,after_common_greedy_prefix,9,50,0,-9284.809372587,10182.539662723,12368.255669447,7057.074508204841,897.7302901360672,10182.539662723,897.7302901359999,0.0,0.0,0.0,0.06753427535295486,False,True,
s-004,after_common_greedy_prefix,9,50,1,-9284.809372587,10182.539662723,12368.255669447,7057.074508204841,897.7302901360672,10182.539662723,897.7302901359999,0.0,0.0,0.0,0.06803946197032928,False,True,
s-004,after_common_greedy_prefix,9,10,0,-9284.809372587,10182.539662723,12368.255669447,7057.074508204841,897.7302901360672,10182.539662723,897.7302901359999,0.0,0.0,0.0,0.027739103883504868,False,True,
s-004,after_common_greedy_prefix,9,10,1,-9284.809372587,10182.539662723,12368.255669447,7057.074508204841,897.7302901360672,10182.539662723,897.7302901359999,0.0,0.0,0.0,0.026633955538272858,False,True,
s-004,after_common_greedy_prefix,10,200,0,-36797.13850681,37409.278152511,54942.267569639,26931.677730460866,897.7302901360672,39108.520140316,2311.3816335060037,0.04542300925662071,1413.6513433699365,0.0014697479174697542,0.21978626027703285,False,False,0.21978626027703285
s-004,after_common_greedy_prefix,10,200,1,-36797.13850681,37409.278152511,54942.267569639,26931.677730460866,897.7302901360672,39108.520140316,2311.3816335060037,0.04542300925662071,1413.6513433699365,0.0014697479174697542,0.22095352783799171,False,False,0.22095352783799171
s-004,after_common_greedy_prefix,10,1000,0,-36797.13850681,37409.278152511,54942.267569639,26931.677730460866,897.7302901360672,39108.520140316,2311.3816335060037,0.04542300925662071,1413.6513433699365,0.0014697479174697542,1.0202281922101974,False,False,1.0202281922101974
s-004,after_common_greedy_prefix,10,1000,1,-36797.13850681,37409.278152511,54942.267569639,26931.677730460866,897.7302901360672,39108.520140316,2311.3816335060037,0.04542300925662071,1413.6513433699365,0.0014697479174697542,1.020198978483677,False,False,1.020198978483677
s-004,after_common_greedy_prefix,10,50,0,-36797.13850681,37409.278152511,54942.267569639,26931.677730460866,897.7302901360672,39108.520140316,2311.3816335060037,0.04542300925662071,1413.6513433699365,0.0014697479174697542,0.06966427713632584,False,False,0.06966427713632584
s-004,after_common_greedy_prefix,10,50,1,-36797.13850681,37409.278152511,54942.267569639,26931.677730460866,897.7302901360672,39108.520140316,2311.3816335060037,0.04542300925662071,1413.6513433699365,0.0014697479174697542,0.07016400247812271,False,False,0.07016400247812271
s-004,after_common_greedy_prefix,10,10,0,-36797.13850681,37409.278152511,54942.267569639,26931.677730460866,897.7302901360672,39108.520140316,2311.3816335060037,0.04542300925662071,1413.6513433699365,0.0014697479174697542,0.030527163296937943,False,False,0.030527163296937943
s-004,after_common_greedy_prefix,10,10,1,-36797.13850681,37409.278152511,54942.267569639,26931.677730460866,897.7302901360672,39108.520140316,2311.3816335060037,0.04542300925662071,1413.6513433699365,0.0014697479174697542,0.02954551950097084,False,False,0.02954551950097084
s-005,after_one_actual_history_call,0,200,0,-8579.773698984,8579.773698984,13890.121490372,5665.841031560295,897.7302901360672,8579.773698984,0.0,0.0,0.0,0.0,0.2186751700937748,False,True,
s-005,after_one_actual_history_call,0,200,1,-8579.773698984,8579.773698984,13890.121490372,5665.841031560295,897.7302901360672,8579.773698984,0.0,0.0,0.0,0.0,0.21795811504125595,False,True,
s-005,after_one_actual_history_call,0,1000,0,-8579.773698984,8579.773698984,13890.121490372,5665.841031560295,897.7302901360672,8579.773698984,0.0,0.0,0.0,0.0,1.0180886574089527,False,True,
s-005,after_one_actual_history_call,0,1000,1,-8579.773698984,8579.773698984,13890.121490372,5665.841031560295,897.7302901360672,8579.773698984,0.0,0.0,0.0,0.0,1.01805604621768,False,True,
s-005,after_one_actual_history_call,0,50,0,-8579.773698984,8579.773698984,13890.121490372,5665.841031560295,897.7302901360672,8579.773698984,0.0,0.0,0.0,0.0,0.06866031885147095,False,True,
s-005,after_one_actual_history_call,0,50,1,-8579.773698984,8579.773698984,13890.121490372,5665.841031560295,897.7302901360672,8579.773698984,0.0,0.0,0.0,0.0,0.06989572942256927,False,True,
s-005,after_one_actual_history_call,0,10,0,-8579.773698984,8579.773698984,13890.121490372,5665.841031560295,897.7302901360672,8579.773698984,0.0,0.0,0.0,0.0,0.027641650289297104,False,True,
s-005,after_one_actual_history_call,0,10,1,-8579.773698984,8579.773698984,13890.121490372,5665.841031560295,897.7302901360672,8579.773698984,0.0,0.0,0.0,0.0,0.025943797081708908,False,True,
s-005,after_one_actual_history_call,1,200,0,-33686.62245339,33686.62245339,72831.697162723,29777.19098514855,897.7302901360672,34937.72352431,1251.1010709199982,0.037139403709916766,353.37078078393097,0.00036739325547822255,0.22004733607172966,False,False,0.22004733607172966
s-005,after_one_actual_history_call,1,200,1,-33686.62245339,33686.62245339,72831.697162723,29777.19098514855,897.7302901360672,34937.72352431,1251.1010709199982,0.037139403709916766,353.37078078393097,0.00036739325547822255,0.21980426833033562,False,False,0.21980426833033562
s-005,after_one_actual_history_call,1,1000,0,-33686.62245339,33686.62245339,72831.697162723,29777.19098514855,897.7302901360672,34937.72352431,1251.1010709199982,0.037139403709916766,353.37078078393097,0.00036739325547822255,1.0206976048648357,False,False,1.0206976048648357
s-005,after_one_actual_history_call,1,1000,1,-33686.62245339,33686.62245339,72831.697162723,29777.19098514855,897.7302901360672,34937.72352431,1251.1010709199982,0.037139403709916766,353.37078078393097,0.00036739325547822255,1.0201891362667084,False,False,1.0201891362667084
s-005,after_one_actual_history_call,1,50,0,-33686.62245339,33686.62245339,72831.697162723,29777.19098514855,897.7302901360672,34937.72352431,1251.1010709199982,0.037139403709916766,353.37078078393097,0.00036739325547822255,0.07091346383094788,False,False,0.07091346383094788
s-005,after_one_actual_history_call,1,50,1,-33686.62245339,33686.62245339,72831.697162723,29777.19098514855,897.7302901360672,34937.72352431,1251.1010709199982,0.037139403709916766,353.37078078393097,0.00036739325547822255,0.07062837108969688,False,False,0.07062837108969688
s-005,after_one_actual_history_call,1,10,0,-33686.62245339,33686.62245339,72831.697162723,29777.19098514855,897.7302901360672,34830.474535124,1143.8520817339959,0.03395567731127304,246.12179159792868,0.0002558884072381333,0.030283935368061066,False,False,0.030283935368061066
s-005,after_one_actual_history_call,1,10,1,-33686.62245339,33686.62245339,72831.697162723,29777.19098514855,897.7302901360672,34830.474535124,1143.8520817339959,0.03395567731127304,246.12179159792868,0.0002558884072381333,0.030693162232637405,False,False,0.030693162232637405
s-005,after_one_actual_history_call,2,200,0,-0.4451118590000078,0.0,0.0,0.0,897.7302901360672,0.0,-0.4451118590000078,0.0,0.0,0.0,0.0029923543334007263,False,True,
s-005,after_one_actual_history_call,2,200,1,-0.4451118590000078,0.0,0.0,0.0,897.7302901360672,0.0,-0.4451118590000078,0.0,0.0,0.0,0.0029416605830192566,False,True,
s-005,after_one_actual_history_call,2,1000,0,-0.4451118590000078,0.0,0.0,0.0,897.7302901360672,0.0,-0.4451118590000078,0.0,0.0,0.0,0.0044929757714271545,False,True,
s-005,after_one_actual_history_call,2,1000,1,-0.4451118590000078,0.0,0.0,0.0,897.7302901360672,0.0,-0.4451118590000078,0.0,0.0,0.0,0.004479501396417618,False,True,
s-005,after_one_actual_history_call,2,50,0,-0.4451118590000078,0.0,0.0,0.0,897.7302901360672,0.0,-0.4451118590000078,0.0,0.0,0.0,0.004485517740249634,False,True,
s-005,after_one_actual_history_call,2,50,1,-0.4451118590000078,0.0,0.0,0.0,897.7302901360672,0.0,-0.4451118590000078,0.0,0.0,0.0,0.004487294703722,False,True,
s-005,after_one_actual_history_call,2,10,0,-0.4451118590000078,0.0,0.0,0.0,897.7302901360672,0.0,-0.4451118590000078,0.0,0.0,0.0,0.00448140874505043,False,True,
s-005,after_one_actual_history_call,2,10,1,-0.4451118590000078,0.0,0.0,0.0,897.7302901360672,0.0,-0.4451118590000078,0.0,0.0,0.0,0.00446966290473938,False,True,
s-005,after_one_actual_history_call,3,200,0,-9160.770213314,9174.51096094,12372.151314972,6346.325973810136,897.7302901360672,9200.539145518,39.76893220400052,0.002837010570788215,0.0,0.0,0.2184775359928608,False,False,
s-005,after_one_actual_history_call,3,200,1,-9160.770213314,9174.51096094,12372.151314972,6346.325973810136,897.7302901360672,9200.539145518,39.76893220400052,0.002837010570788215,0.0,0.0,0.2178981490433216,False,False,
s-005,after_one_actual_history_call,3,1000,0,-9160.770213314,9174.51096094,12372.151314972,6346.325973810136,897.7302901360672,9200.539145518,39.76893220400052,0.002837010570788215,0.0,0.0,1.0190127529203892,False,False,
s-005,after_one_actual_history_call,3,1000,1,-9160.770213314,9174.51096094,12372.151314972,6346.325973810136,897.7302901360672,9200.539145518,39.76893220400052,0.002837010570788215,0.0,0.0,1.0177572593092918,False,False,
s-005,after_one_actual_history_call,3,50,0,-9160.770213314,9174.51096094,12372.151314972,6346.325973810136,897.7302901360672,9200.539145518,39.76893220400052,0.002837010570788215,0.0,0.0,0.06756734475493431,False,False,
s-005,after_one_actual_history_call,3,50,1,-9160.770213314,9174.51096094,12372.151314972,6346.325973810136,897.7302901360672,9200.539145518,39.76893220400052,0.002837010570788215,0.0,0.0,0.06714186072349548,False,False,
s-005,after_one_actual_history_call,3,10,0,-9160.770213314,9174.51096094,12372.151314972,6346.325973810136,897.7302901360672,9200.539145518,39.76893220400052,0.002837010570788215,0.0,0.0,0.027963101863861084,False,False,
s-005,after_one_actual_history_call,3,10,1,-9160.770213314,9174.51096094,12372.151314972,6346.325973810136,897.7302901360672,9200.539145518,39.76893220400052,0.002837010570788215,0.0,0.0,0.0269496887922287,False,False,
s-005,after_one_actual_history_call,4,200,0,-36038.121952107,36037.676840248,60247.228875647,29939.217995210987,897.7302901360672,36957.093834564,918.9718824570009,0.025512659941752065,21.241592320933705,2.2084502111397898e-05,0.21973007544875145,False,False,0.21973007544875145
s-005,after_one_actual_history_call,4,200,1,-36038.121952107,36037.676840248,60247.228875647,29939.217995210987,897.7302901360672,36957.093834564,918.9718824570009,0.025512659941752065,21.241592320933705,2.2084502111397898e-05,0.22248825430870056,False,False,0.22248825430870056
s-005,after_one_actual_history_call,4,1000,0,-36038.121952107,36037.676840248,60247.228875647,29939.217995210987,897.7302901360672,37197.697923433996,1159.5759713269945,0.03218911941322608,261.8456811909273,0.00027223625290193244,1.0222392156720161,False,False,1.0222392156720161
s-005,after_one_actual_history_call,4,1000,1,-36038.121952107,36037.676840248,60247.228875647,29939.217995210987,897.7302901360672,37197.697923433996,1159.5759713269945,0.03218911941322608,261.8456811909273,0.00027223625290193244,1.0213475115597248,False,False,1.0213475115597248
s-005,after_one_actual_history_call,4,50,0,-36038.121952107,36037.676840248,60247.228875647,29939.217995210987,897.7302901360672,36957.093834564,918.9718824570009,0.025512659941752065,21.241592320933705,2.2084502111397898e-05,0.06956185773015022,False,False,0.06956185773015022
s-005,after_one_actual_history_call,4,50,1,-36038.121952107,36037.676840248,60247.228875647,29939.217995210987,897.7302901360672,36957.093834564,918.9718824570009,0.025512659941752065,21.241592320933705,2.2084502111397898e-05,0.06938222795724869,False,False,0.06938222795724869
s-005,after_one_actual_history_call,4,10,0,-36038.121952107,36037.676840248,60247.228875647,29939.217995210987,897.7302901360672,36957.093834564,918.9718824570009,0.025512659941752065,21.241592320933705,2.2084502111397898e-05,0.03032301366329193,False,False,0.03032301366329193
s-005,after_one_actual_history_call,4,10,1,-36038.121952107,36037.676840248,60247.228875647,29939.217995210987,897.7302901360672,36957.093834564,918.9718824570009,0.025512659941752065,21.241592320933705,2.2084502111397898e-05,0.028670866042375565,False,False,0.028670866042375565
s-005,after_one_actual_history_call,5,200,0,-1.289235768000026,168.708337232,168.708337232,168.708337232,897.7302901360672,168.708337232,167.41910146399997,0.0,0.0,0.0,0.21591214463114738,False,True,
s-005,after_one_actual_history_call,5,200,1,-1.289235768000026,168.708337232,168.708337232,168.708337232,897.7302901360672,168.708337232,167.41910146399997,0.0,0.0,0.0,0.21702948585152626,False,True,
s-005,after_one_actual_history_call,5,1000,0,-1.289235768000026,168.708337232,168.708337232,168.708337232,897.7302901360672,168.708337232,167.41910146399997,0.0,0.0,0.0,1.0174869634211063,False,True,
s-005,after_one_actual_history_call,5,1000,1,-1.289235768000026,168.708337232,168.708337232,168.708337232,897.7302901360672,168.708337232,167.41910146399997,0.0,0.0,0.0,1.0169439353048801,False,True,
s-005,after_one_actual_history_call,5,50,0,-1.289235768000026,168.708337232,168.708337232,168.708337232,897.7302901360672,168.708337232,167.41910146399997,0.0,0.0,0.0,0.06603629514575005,False,True,
s-005,after_one_actual_history_call,5,50,1,-1.289235768000026,168.708337232,168.708337232,168.708337232,897.7302901360672,168.708337232,167.41910146399997,0.0,0.0,0.0,0.06540883705019951,False,True,
s-005,after_one_actual_history_call,5,10,0,-1.289235768000026,168.708337232,168.708337232,168.708337232,897.7302901360672,168.708337232,167.41910146399997,0.0,0.0,0.0,0.024922426789999008,False,True,
s-005,after_one_actual_history_call,5,10,1,-1.289235768000026,168.708337232,168.708337232,168.708337232,897.7302901360672,168.708337232,167.41910146399997,0.0,0.0,0.0,0.02491113543510437,False,True,
s-005,after_one_actual_history_call,6,200,0,-9634.965436643999,10050.741253088,12723.396668573,6254.457126987108,897.7302901360672,10050.741253088,415.77581644400016,0.0,0.0,0.0,0.2177792191505432,False,True,
s-005,after_one_actual_history_call,6,200,1,-9634.965436643999,10050.741253088,12723.396668573,6254.457126987108,897.7302901360672,10050.741253088,415.77581644400016,0.0,0.0,0.0,0.21882401779294014,False,True,
s-005,after_one_actual_history_call,6,1000,0,-9634.965436643999,10050.741253088,12723.396668573,6254.457126987108,897.7302901360672,10050.741253088,415.77581644400016,0.0,0.0,0.0,1.018635518848896,False,True,
s-005,after_one_actual_history_call,6,1000,1,-9634.965436643999,10050.741253088,12723.396668573,6254.457126987108,897.7302901360672,10050.741253088,415.77581644400016,0.0,0.0,0.0,1.0182221159338951,False,True,
s-005,after_one_actual_history_call,6,50,0,-9634.965436643999,10050.741253088,12723.396668573,6254.457126987108,897.7302901360672,10050.741253088,415.77581644400016,0.0,0.0,0.0,0.06735289096832275,False,True,
s-005,after_one_actual_history_call,6,50,1,-9634.965436643999,10050.741253088,12723.396668573,6254.457126987108,897.7302901360672,10050.741253088,415.77581644400016,0.0,0.0,0.0,0.06672628968954086,False,True,
s-005,after_one_actual_history_call,6,10,0,-9634.965436643999,10050.741253088,12723.396668573,6254.457126987108,897.7302901360672,10050.741253088,415.77581644400016,0.0,0.0,0.0,0.026357535272836685,False,True,
s-005,after_one_actual_history_call,6,10,1,-9634.965436643999,10050.741253088,12723.396668573,6254.457126987108,897.7302901360672,10050.741253088,415.77581644400016,0.0,0.0,0.0,0.026617590337991714,False,True,
s-005,after_one_actual_history_call,7,200,0,-36935.143404972994,37365.105080902,66523.733940523,28826.17842673099,897.7302901360672,38245.861970053,1310.7185650800093,0.02357164223796531,412.9882749439421,0.00042937649363478385,0.22057290002703667,False,False,0.22057290002703667
s-005,after_one_actual_history_call,7,200,1,-36935.143404972994,37365.105080902,66523.733940523,28826.17842673099,897.7302901360672,38245.861970053,1310.7185650800093,0.02357164223796531,412.9882749439421,0.00042937649363478385,0.22030653804540634,False,False,0.22030653804540634
s-005,after_one_actual_history_call,7,1000,0,-36935.143404972994,37365.105080902,66523.733940523,28826.17842673099,897.7302901360672,38245.861970053,1310.7185650800093,0.02357164223796531,412.9882749439421,0.00042937649363478385,1.0209212452173233,False,False,1.0209212452173233
s-005,after_one_actual_history_call,7,1000,1,-36935.143404972994,37365.105080902,66523.733940523,28826.17842673099,897.7302901360672,38245.861970053,1310.7185650800093,0.02357164223796531,412.9882749439421,0.00042937649363478385,1.022011261433363,False,False,1.022011261433363
s-005,after_one_actual_history_call,7,50,0,-36935.143404972994,37365.105080902,66523.733940523,28826.17842673099,897.7302901360672,38245.861970053,1310.7185650800093,0.02357164223796531,412.9882749439421,0.00042937649363478385,0.07065944746136665,False,False,0.07065944746136665
s-005,after_one_actual_history_call,7,50,1,-36935.143404972994,37365.105080902,66523.733940523,28826.17842673099,897.7302901360672,38245.861970053,1310.7185650800093,0.02357164223796531,412.9882749439421,0.00042937649363478385,0.06963695958256721,False,False,0.06963695958256721
s-005,after_one_actual_history_call,7,10,0,-36935.143404972994,37365.105080902,66523.733940523,28826.17842673099,897.7302901360672,38245.861970053,1310.7185650800093,0.02357164223796531,412.9882749439421,0.00042937649363478385,0.02904193475842476,False,False,0.02904193475842476
s-005,after_one_actual_history_call,7,10,1,-36935.143404972994,37365.105080902,66523.733940523,28826.17842673099,897.7302901360672,38245.861970053,1310.7185650800093,0.02357164223796531,412.9882749439421,0.00042937649363478385,0.028296206146478653,False,False,0.028296206146478653
s-005,after_one_actual_history_call,8,200,0,-4.179241879000074,385.74974706800003,385.74974706800003,385.74974706800003,897.7302901360672,385.74974706800003,381.57050518899996,0.0,0.0,0.0,0.21732909604907036,False,True,
s-005,after_one_actual_history_call,8,200,1,-4.179241879000074,385.74974706800003,385.74974706800003,385.74974706800003,897.7302901360672,385.74974706800003,381.57050518899996,0.0,0.0,0.0,0.21690040826797485,False,True,
s-005,after_one_actual_history_call,8,1000,0,-4.179241879000074,385.74974706800003,385.74974706800003,385.74974706800003,897.7302901360672,385.74974706800003,381.57050518899996,0.0,0.0,0.0,1.0179170183837414,False,True,
s-005,after_one_actual_history_call,8,1000,1,-4.179241879000074,385.74974706800003,385.74974706800003,385.74974706800003,897.7302901360672,385.74974706800003,381.57050518899996,0.0,0.0,0.0,1.017279714345932,False,True,
s-005,after_one_actual_history_call,8,50,0,-4.179241879000074,385.74974706800003,385.74974706800003,385.74974706800003,897.7302901360672,385.74974706800003,381.57050518899996,0.0,0.0,0.0,0.06736567616462708,False,True,
s-005,after_one_actual_history_call,8,50,1,-4.179241879000074,385.74974706800003,385.74974706800003,385.74974706800003,897.7302901360672,385.74974706800003,381.57050518899996,0.0,0.0,0.0,0.06656204536557198,False,True,
s-005,after_one_actual_history_call,8,10,0,-4.179241879000074,385.74974706800003,385.74974706800003,385.74974706800003,897.7302901360672,385.74974706800003,381.57050518899996,0.0,0.0,0.0,0.027051370590925217,False,True,
s-005,after_one_actual_history_call,8,10,1,-4.179241879000074,385.74974706800003,385.74974706800003,385.74974706800003,897.7302901360672,385.74974706800003,381.57050518899996,0.0,0.0,0.0,0.026056822389364243,False,True,
s-005,after_one_actual_history_call,9,200,0,-9284.809372587,10182.539662723,12368.255669447,7057.074508204841,897.7302901360672,10182.539662723,897.7302901359999,0.0,0.0,0.0,0.21757378056645393,False,True,
s-005,after_one_actual_history_call,9,200,1,-9284.809372587,10182.539662723,12368.255669447,7057.074508204841,897.7302901360672,10182.539662723,897.7302901359999,0.0,0.0,0.0,0.21756749972701073,False,True,
s-005,after_one_actual_history_call,9,1000,0,-9284.809372587,10182.539662723,12368.255669447,7057.074508204841,897.7302901360672,10182.539662723,897.7302901359999,0.0,0.0,0.0,1.0179146975278854,False,True,
s-005,after_one_actual_history_call,9,1000,1,-9284.809372587,10182.539662723,12368.255669447,7057.074508204841,897.7302901360672,10182.539662723,897.7302901359999,0.0,0.0,0.0,1.0178127400577068,False,True,
s-005,after_one_actual_history_call,9,50,0,-9284.809372587,10182.539662723,12368.255669447,7057.074508204841,897.7302901360672,10182.539662723,897.7302901359999,0.0,0.0,0.0,0.06789761036634445,False,True,
s-005,after_one_actual_history_call,9,50,1,-9284.809372587,10182.539662723,12368.255669447,7057.074508204841,897.7302901360672,10182.539662723,897.7302901359999,0.0,0.0,0.0,0.06810417398810387,False,True,
s-005,after_one_actual_history_call,9,10,0,-9284.809372587,10182.539662723,12368.255669447,7057.074508204841,897.7302901360672,10182.539662723,897.7302901359999,0.0,0.0,0.0,0.02806532010436058,False,True,
s-005,after_one_actual_history_call,9,10,1,-9284.809372587,10182.539662723,12368.255669447,7057.074508204841,897.7302901360672,10182.539662723,897.7302901359999,0.0,0.0,0.0,0.028174877166748047,False,True,
s-005,after_one_actual_history_call,10,200,0,-36797.13850681,37409.278152511,54942.267569639,26931.677730460866,897.7302901360672,39108.520140316,2311.3816335060037,0.04542300925662071,1413.6513433699365,0.0014697479174697542,0.22215118631720543,False,False,0.22215118631720543
s-005,after_one_actual_history_call,10,200,1,-36797.13850681,37409.278152511,54942.267569639,26931.677730460866,897.7302901360672,39108.520140316,2311.3816335060037,0.04542300925662071,1413.6513433699365,0.0014697479174697542,0.2207806259393692,False,False,0.2207806259393692
s-005,after_one_actual_history_call,10,1000,0,-36797.13850681,37409.278152511,54942.267569639,26931.677730460866,897.7302901360672,39108.520140316,2311.3816335060037,0.04542300925662071,1413.6513433699365,0.0014697479174697542,1.0206720307469368,False,False,1.0206720307469368
s-005,after_one_actual_history_call,10,1000,1,-36797.13850681,37409.278152511,54942.267569639,26931.677730460866,897.7302901360672,39108.520140316,2311.3816335060037,0.04542300925662071,1413.6513433699365,0.0014697479174697542,1.0201020762324333,False,False,1.0201020762324333
s-005,after_one_actual_history_call,10,50,0,-36797.13850681,37409.278152511,54942.267569639,26931.677730460866,897.7302901360672,39108.520140316,2311.3816335060037,0.04542300925662071,1413.6513433699365,0.0014697479174697542,0.06993618607521057,False,False,0.06993618607521057
s-005,after_one_actual_history_call,10,50,1,-36797.13850681,37409.278152511,54942.267569639,26931.677730460866,897.7302901360672,39108.520140316,2311.3816335060037,0.04542300925662071,1413.6513433699365,0.0014697479174697542,0.06970872730016708,False,False,0.06970872730016708
s-005,after_one_actual_history_call,10,10,0,-36797.13850681,37409.278152511,54942.267569639,26931.677730460866,897.7302901360672,39108.520140316,2311.3816335060037,0.04542300925662071,1413.6513433699365,0.0014697479174697542,0.029696866869926453,False,False,0.029696866869926453
s-005,after_one_actual_history_call,10,10,1,-36797.13850681,37409.278152511,54942.267569639,26931.677730460866,897.7302901360672,39108.520140316,2311.3816335060037,0.04542300925662071,1413.6513433699365,0.0014697479174697542,0.03015589341521263,False,False,0.03015589341521263
s-006,after_common_greedy_prefix,0,200,0,-9424.294892666,9536.182761306,17322.784650916,7352.96123297294,1172.82516455499,10387.03598713,962.7410944640014,0.08922367021702036,0.0,0.0,0.21894918382167816,False,False,
s-006,after_common_greedy_prefix,0,200,1,-9424.294892666,9536.182761306,17322.784650916,7352.96123297294,1172.82516455499,10387.03598713,962.7410944640014,0.08922367021702036,0.0,0.0,0.2183556966483593,False,False,
s-006,after_common_greedy_prefix,0,1000,0,-9424.294892666,9536.182761306,17322.784650916,7352.96123297294,1172.82516455499,10387.03598713,962.7410944640014,0.08922367021702036,0.0,0.0,1.0194368250668049,False,False,
s-006,after_common_greedy_prefix,0,1000,1,-9424.294892666,9536.182761306,17322.784650916,7352.96123297294,1172.82516455499,10387.03598713,962.7410944640014,0.08922367021702036,0.0,0.0,1.0197082087397575,False,False,
s-006,after_common_greedy_prefix,0,50,0,-9424.294892666,9536.182761306,17322.784650916,7352.96123297294,1172.82516455499,10387.03598713,962.7410944640014,0.08922367021702036,0.0,0.0,0.06914680451154709,False,False,
s-006,after_common_greedy_prefix,0,50,1,-9424.294892666,9536.182761306,17322.784650916,7352.96123297294,1172.82516455499,10387.03598713,962.7410944640014,0.08922367021702036,0.0,0.0,0.06858542934060097,False,False,
s-006,after_common_greedy_prefix,0,10,0,-9424.294892666,9536.182761306,17322.784650916,7352.96123297294,1172.82516455499,10387.03598713,962.7410944640014,0.08922367021702036,0.0,0.0,0.02792288362979889,False,False,
s-006,after_common_greedy_prefix,0,10,1,-9424.294892666,9536.182761306,17322.784650916,7352.96123297294,1172.82516455499,10387.03598713,962.7410944640014,0.08922367021702036,0.0,0.0,0.028793148696422577,False,False,
s-006,after_common_greedy_prefix,1,200,0,-33852.53185525,33852.53185525,47621.09429137,27083.9868542245,1172.82516455499,35292.501586983,1439.9697317329992,0.04253654461917838,267.1445671780093,0.00027774540951324935,0.22140634804964066,False,False,0.22140634804964066
s-006,after_common_greedy_prefix,1,200,1,-33852.53185525,33852.53185525,47621.09429137,27083.9868542245,1172.82516455499,35292.501586983,1439.9697317329992,0.04253654461917838,267.1445671780093,0.00027774540951324935,0.2205391451716423,False,False,0.2205391451716423
s-006,after_common_greedy_prefix,1,1000,0,-33852.53185525,33852.53185525,47621.09429137,27083.9868542245,1172.82516455499,35292.501586983,1439.9697317329992,0.04253654461917838,267.1445671780093,0.00027774540951324935,1.019873559474945,False,False,1.019873559474945
s-006,after_common_greedy_prefix,1,1000,1,-33852.53185525,33852.53185525,47621.09429137,27083.9868542245,1172.82516455499,35292.501586983,1439.9697317329992,0.04253654461917838,267.1445671780093,0.00027774540951324935,1.0201838724315166,False,False,1.0201838724315166
s-006,after_common_greedy_prefix,1,50,0,-33852.53185525,33852.53185525,47621.09429137,27083.9868542245,1172.82516455499,35292.501586983,1439.9697317329992,0.04253654461917838,267.1445671780093,0.00027774540951324935,0.07036954909563065,False,False,0.07036954909563065
s-006,after_common_greedy_prefix,1,50,1,-33852.53185525,33852.53185525,47621.09429137,27083.9868542245,1172.82516455499,35292.501586983,1439.9697317329992,0.04253654461917838,267.1445671780093,0.00027774540951324935,0.07007164135575294,False,False,0.07007164135575294
s-006,after_common_greedy_prefix,1,10,0,-33852.53185525,33852.53185525,47621.09429137,27083.9868542245,1172.82516455499,35292.501586983,1439.9697317329992,0.04253654461917838,267.1445671780093,0.00027774540951324935,0.030187323689460754,False,False,0.030187323689460754
s-006,after_common_greedy_prefix,1,10,1,-33852.53185525,33852.53185525,47621.09429137,27083.9868542245,1172.82516455499,35292.501586983,1439.9697317329992,0.04253654461917838,267.1445671780093,0.00027774540951324935,0.02902565896511078,False,False,0.02902565896511078
s-006,after_common_greedy_prefix,2,200,0,-0.4451118590000078,0.0,0.0,0.0,1172.82516455499,0.0,-0.4451118590000078,0.0,0.0,0.0,0.004518244415521622,False,True,
s-006,after_common_greedy_prefix,2,200,1,-0.4451118590000078,0.0,0.0,0.0,1172.82516455499,0.0,-0.4451118590000078,0.0,0.0,0.0,0.004457931965589523,False,True,
s-006,after_common_greedy_prefix,2,1000,0,-0.4451118590000078,0.0,0.0,0.0,1172.82516455499,0.0,-0.4451118590000078,0.0,0.0,0.0,0.004453569650650024,False,True,
s-006,after_common_greedy_prefix,2,1000,1,-0.4451118590000078,0.0,0.0,0.0,1172.82516455499,0.0,-0.4451118590000078,0.0,0.0,0.0,0.0044611431658267975,False,True,
s-006,after_common_greedy_prefix,2,50,0,-0.4451118590000078,0.0,0.0,0.0,1172.82516455499,0.0,-0.4451118590000078,0.0,0.0,0.0,0.004557184875011444,False,True,
s-006,after_common_greedy_prefix,2,50,1,-0.4451118590000078,0.0,0.0,0.0,1172.82516455499,0.0,-0.4451118590000078,0.0,0.0,0.0,0.0044868625700473785,False,True,
s-006,after_common_greedy_prefix,2,10,0,-0.4451118590000078,0.0,0.0,0.0,1172.82516455499,0.0,-0.4451118590000078,0.0,0.0,0.0,0.004442330449819565,False,True,
s-006,after_common_greedy_prefix,2,10,1,-0.4451118590000078,0.0,0.0,0.0,1172.82516455499,0.0,-0.4451118590000078,0.0,0.0,0.0,0.004464883357286453,False,True,
s-006,after_common_greedy_prefix,3,200,0,-9178.018805665999,9719.841232006,13855.237499138,6694.635093187419,1172.82516455499,9910.643242073,732.6244364070008,0.01963015706868928,0.0,0.0,0.21813447773456573,False,False,
s-006,after_common_greedy_prefix,3,200,1,-9178.018805665999,9719.841232006,13855.237499138,6694.635093187419,1172.82516455499,9910.643242073,732.6244364070008,0.01963015706868928,0.0,0.0,0.2179337479174137,False,False,
s-006,after_common_greedy_prefix,3,1000,0,-9178.018805665999,9719.841232006,13855.237499138,6694.635093187419,1172.82516455499,9910.643242073,732.6244364070008,0.01963015706868928,0.0,0.0,1.0184029377996922,False,False,
s-006,after_common_greedy_prefix,3,1000,1,-9178.018805665999,9719.841232006,13855.237499138,6694.635093187419,1172.82516455499,9910.643242073,732.6244364070008,0.01963015706868928,0.0,0.0,1.0184351205825806,False,False,
s-006,after_common_greedy_prefix,3,50,0,-9178.018805665999,9719.841232006,13855.237499138,6694.635093187419,1172.82516455499,9910.643242073,732.6244364070008,0.01963015706868928,0.0,0.0,0.06788451224565506,False,False,
s-006,after_common_greedy_prefix,3,50,1,-9178.018805665999,9719.841232006,13855.237499138,6694.635093187419,1172.82516455499,9910.643242073,732.6244364070008,0.01963015706868928,0.0,0.0,0.06757790222764015,False,False,
s-006,after_common_greedy_prefix,3,10,0,-9178.018805665999,9719.841232006,13855.237499138,6694.635093187419,1172.82516455499,9910.643242073,732.6244364070008,0.01963015706868928,0.0,0.0,0.02865368127822876,False,False,
s-006,after_common_greedy_prefix,3,10,1,-9178.018805665999,9719.841232006,13855.237499138,6694.635093187419,1172.82516455499,9910.643242073,732.6244364070008,0.01963015706868928,0.0,0.0,0.028057441115379333,False,False,
s-006,after_common_greedy_prefix,4,200,0,-36474.602706332,36474.157594473,63380.408860577,29958.108646019937,1172.82516455499,37469.264667615,994.6619612830036,0.02728252381332022,0.0,0.0,0.22090185433626175,False,False,
s-006,after_common_greedy_prefix,4,200,1,-36474.602706332,36474.157594473,63380.408860577,29958.108646019937,1172.82516455499,37469.264667615,994.6619612830036,0.02728252381332022,0.0,0.0,0.22038184478878975,False,False,
s-006,after_common_greedy_prefix,4,1000,0,-36474.602706332,36474.157594473,63380.408860577,29958.108646019937,1172.82516455499,37469.264667615,994.6619612830036,0.02728252381332022,0.0,0.0,1.0202573724091053,False,False,
s-006,after_common_greedy_prefix,4,1000,1,-36474.602706332,36474.157594473,63380.408860577,29958.108646019937,1172.82516455499,37469.264667615,994.6619612830036,0.02728252381332022,0.0,0.0,1.020023636519909,False,False,
s-006,after_common_greedy_prefix,4,50,0,-36474.602706332,36474.157594473,63380.408860577,29958.108646019937,1172.82516455499,37469.264667615,994.6619612830036,0.02728252381332022,0.0,0.0,0.06999066844582558,False,False,
s-006,after_common_greedy_prefix,4,50,1,-36474.602706332,36474.157594473,63380.408860577,29958.108646019937,1172.82516455499,37469.264667615,994.6619612830036,0.02728252381332022,0.0,0.0,0.06978308781981468,False,False,
s-006,after_common_greedy_prefix,4,10,0,-36474.602706332,36474.157594473,63380.408860577,29958.108646019937,1172.82516455499,37227.546402296,752.9436959640007,0.020655413517683643,0.0,0.0,0.02901482582092285,False,False,
s-006,after_common_greedy_prefix,4,10,1,-36474.602706332,36474.157594473,63380.408860577,29958.108646019937,1172.82516455499,37227.546402296,752.9436959640007,0.020655413517683643,0.0,0.0,0.027852222323417664,False,False,
s-006,after_common_greedy_prefix,5,200,0,-1.289235768000026,168.708337232,168.708337232,168.708337232,1172.82516455499,168.708337232,167.41910146399997,0.0,0.0,0.0,0.2177334614098072,False,True,
s-006,after_common_greedy_prefix,5,200,1,-1.289235768000026,168.708337232,168.708337232,168.708337232,1172.82516455499,168.708337232,167.41910146399997,0.0,0.0,0.0,0.21717191860079765,False,True,
s-006,after_common_greedy_prefix,5,1000,0,-1.289235768000026,168.708337232,168.708337232,168.708337232,1172.82516455499,168.708337232,167.41910146399997,0.0,0.0,0.0,1.0173093006014824,False,True,
s-006,after_common_greedy_prefix,5,1000,1,-1.289235768000026,168.708337232,168.708337232,168.708337232,1172.82516455499,168.708337232,167.41910146399997,0.0,0.0,0.0,1.0168816037476063,False,True,
s-006,after_common_greedy_prefix,5,50,0,-1.289235768000026,168.708337232,168.708337232,168.708337232,1172.82516455499,168.708337232,167.41910146399997,0.0,0.0,0.0,0.06718083471059799,False,True,
s-006,after_common_greedy_prefix,5,50,1,-1.289235768000026,168.708337232,168.708337232,168.708337232,1172.82516455499,168.708337232,167.41910146399997,0.0,0.0,0.0,0.06681555137038231,False,True,
s-006,after_common_greedy_prefix,5,10,0,-1.289235768000026,168.708337232,168.708337232,168.708337232,1172.82516455499,168.708337232,167.41910146399997,0.0,0.0,0.0,0.025833334773778915,False,True,
s-006,after_common_greedy_prefix,5,10,1,-1.289235768000026,168.708337232,168.708337232,168.708337232,1172.82516455499,168.708337232,167.41910146399997,0.0,0.0,0.0,0.024485420435667038,False,True,
s-006,after_common_greedy_prefix,6,200,0,-9705.71206229,10121.487878734,12618.777608668,6108.228796011674,1172.82516455499,10121.487878734,415.77581644400016,0.0,0.0,0.0,0.21741897612810135,False,True,
s-006,after_common_greedy_prefix,6,200,1,-9705.71206229,10121.487878734,12618.777608668,6108.228796011674,1172.82516455499,10121.487878734,415.77581644400016,0.0,0.0,0.0,0.21833771094679832,False,True,
s-006,after_common_greedy_prefix,6,1000,0,-9705.71206229,10121.487878734,12618.777608668,6108.228796011674,1172.82516455499,10121.487878734,415.77581644400016,0.0,0.0,0.0,1.017890751361847,False,True,
s-006,after_common_greedy_prefix,6,1000,1,-9705.71206229,10121.487878734,12618.777608668,6108.228796011674,1172.82516455499,10121.487878734,415.77581644400016,0.0,0.0,0.0,1.017798949033022,False,True,
s-006,after_common_greedy_prefix,6,50,0,-9705.71206229,10121.487878734,12618.777608668,6108.228796011674,1172.82516455499,10121.487878734,415.77581644400016,0.0,0.0,0.0,0.06874832510948181,False,True,
s-006,after_common_greedy_prefix,6,50,1,-9705.71206229,10121.487878734,12618.777608668,6108.228796011674,1172.82516455499,10121.487878734,415.77581644400016,0.0,0.0,0.0,0.0694214440882206,False,True,
s-006,after_common_greedy_prefix,6,10,0,-9705.71206229,10121.487878734,12618.777608668,6108.228796011674,1172.82516455499,10121.487878734,415.77581644400016,0.0,0.0,0.0,0.028532516211271286,False,True,
s-006,after_common_greedy_prefix,6,10,1,-9705.71206229,10121.487878734,12618.777608668,6108.228796011674,1172.82516455499,10121.487878734,415.77581644400016,0.0,0.0,0.0,0.027707073837518692,False,True,
s-006,after_common_greedy_prefix,7,200,0,-36572.852049119996,37002.813725048996,64958.343546898,28243.257347394163,1172.82516455499,37883.5706142,1310.718565080002,0.02380243015289334,137.8934005250121,0.0001433652924428504,0.2216075025498867,False,False,0.2216075025498867
s-006,after_common_greedy_prefix,7,200,1,-36572.852049119996,37002.813725048996,64958.343546898,28243.257347394163,1172.82516455499,37883.5706142,1310.718565080002,0.02380243015289334,137.8934005250121,0.0001433652924428504,0.2211325354874134,False,False,0.2211325354874134
s-006,after_common_greedy_prefix,7,1000,0,-36572.852049119996,37002.813725048996,64958.343546898,28243.257347394163,1172.82516455499,37883.5706142,1310.718565080002,0.02380243015289334,137.8934005250121,0.0001433652924428504,1.0210025981068611,False,False,1.0210025981068611
s-006,after_common_greedy_prefix,7,1000,1,-36572.852049119996,37002.813725048996,64958.343546898,28243.257347394163,1172.82516455499,37883.5706142,1310.718565080002,0.02380243015289334,137.8934005250121,0.0001433652924428504,1.021815463900566,False,False,1.021815463900566
s-006,after_common_greedy_prefix,7,50,0,-36572.852049119996,37002.813725048996,64958.343546898,28243.257347394163,1172.82516455499,37883.5706142,1310.718565080002,0.02380243015289334,137.8934005250121,0.0001433652924428504,0.0712430365383625,False,False,0.0712430365383625
s-006,after_common_greedy_prefix,7,50,1,-36572.852049119996,37002.813725048996,64958.343546898,28243.257347394163,1172.82516455499,37883.5706142,1310.718565080002,0.02380243015289334,137.8934005250121,0.0001433652924428504,0.07118258997797966,False,False,0.07118258997797966
s-006,after_common_greedy_prefix,7,10,0,-36572.852049119996,37002.813725048996,64958.343546898,28243.257347394163,1172.82516455499,37883.5706142,1310.718565080002,0.02380243015289334,137.8934005250121,0.0001433652924428504,0.03036480024456978,False,False,0.03036480024456978
s-006,after_common_greedy_prefix,7,10,1,-36572.852049119996,37002.813725048996,64958.343546898,28243.257347394163,1172.82516455499,37883.5706142,1310.718565080002,0.02380243015289334,137.8934005250121,0.0001433652924428504,0.030242815613746643,False,False,0.030242815613746643
s-006,after_common_greedy_prefix,8,200,0,-4.179241879000074,385.74974706800003,385.74974706800003,385.74974706800003,1172.82516455499,385.74974706800003,381.57050518899996,0.0,0.0,0.0,0.2170279696583748,False,True,
s-006,after_common_greedy_prefix,8,200,1,-4.179241879000074,385.74974706800003,385.74974706800003,385.74974706800003,1172.82516455499,385.74974706800003,381.57050518899996,0.0,0.0,0.0,0.21676354110240936,False,True,
s-006,after_common_greedy_prefix,8,1000,0,-4.179241879000074,385.74974706800003,385.74974706800003,385.74974706800003,1172.82516455499,385.74974706800003,381.57050518899996,0.0,0.0,0.0,1.017048742622137,False,True,
s-006,after_common_greedy_prefix,8,1000,1,-4.179241879000074,385.74974706800003,385.74974706800003,385.74974706800003,1172.82516455499,385.74974706800003,381.57050518899996,0.0,0.0,0.0,1.0179591067135334,False,True,
s-006,after_common_greedy_prefix,8,50,0,-4.179241879000074,385.74974706800003,385.74974706800003,385.74974706800003,1172.82516455499,385.74974706800003,381.57050518899996,0.0,0.0,0.0,0.06643940135836601,False,True,
s-006,after_common_greedy_prefix,8,50,1,-4.179241879000074,385.74974706800003,385.74974706800003,385.74974706800003,1172.82516455499,385.74974706800003,381.57050518899996,0.0,0.0,0.0,0.06655595079064369,False,True,
s-006,after_common_greedy_prefix,8,10,0,-4.179241879000074,385.74974706800003,385.74974706800003,385.74974706800003,1172.82516455499,385.74974706800003,381.57050518899996,0.0,0.0,0.0,0.02664903923869133,False,True,
s-006,after_common_greedy_prefix,8,10,1,-4.179241879000074,385.74974706800003,385.74974706800003,385.74974706800003,1172.82516455499,385.74974706800003,381.57050518899996,0.0,0.0,0.0,0.025408558547496796,False,True,
s-006,after_common_greedy_prefix,9,200,0,-8947.651163711,9845.381453847,11841.591803962,6690.2519547628235,1172.82516455499,9845.381453847,897.7302901359999,0.0,0.0,0.0,0.2174263335764408,False,True,
s-006,after_common_greedy_prefix,9,200,1,-8947.651163711,9845.381453847,11841.591803962,6690.2519547628235,1172.82516455499,9845.381453847,897.7302901359999,0.0,0.0,0.0,0.21880322322249413,False,True,
s-006,after_common_greedy_prefix,9,1000,0,-8947.651163711,9845.381453847,11841.591803962,6690.2519547628235,1172.82516455499,9845.381453847,897.7302901359999,0.0,0.0,0.0,1.018280666321516,False,True,
s-006,after_common_greedy_prefix,9,1000,1,-8947.651163711,9845.381453847,11841.591803962,6690.2519547628235,1172.82516455499,9845.381453847,897.7302901359999,0.0,0.0,0.0,1.018487460911274,False,True,
s-006,after_common_greedy_prefix,9,50,0,-8947.651163711,9845.381453847,11841.591803962,6690.2519547628235,1172.82516455499,9845.381453847,897.7302901359999,0.0,0.0,0.0,0.0680961012840271,False,True,
s-006,after_common_greedy_prefix,9,50,1,-8947.651163711,9845.381453847,11841.591803962,6690.2519547628235,1172.82516455499,9845.381453847,897.7302901359999,0.0,0.0,0.0,0.06816644966602325,False,True,
s-006,after_common_greedy_prefix,9,10,0,-8947.651163711,9845.381453847,11841.591803962,6690.2519547628235,1172.82516455499,9845.381453847,897.7302901359999,0.0,0.0,0.0,0.02843727171421051,False,True,
s-006,after_common_greedy_prefix,9,10,1,-8947.651163711,9845.381453847,11841.591803962,6690.2519547628235,1172.82516455499,9845.381453847,897.7302901359999,0.0,0.0,0.0,0.027622893452644348,False,True,
s-006,after_common_greedy_prefix,10,200,0,-36272.842806235996,37445.667970791,54271.720187348,26836.422464747047,1172.82516455499,38426.442698817,2153.5998925810054,0.026191941048856207,980.7747280260155,0.0010196938734461196,0.22074665129184723,False,False,0.22074665129184723
s-006,after_common_greedy_prefix,10,200,1,-36272.842806235996,37445.667970791,54271.720187348,26836.422464747047,1172.82516455499,38426.442698817,2153.5998925810054,0.026191941048856207,980.7747280260155,0.0010196938734461196,0.21997633948922157,False,False,0.21997633948922157
s-006,after_common_greedy_prefix,10,1000,0,-36272.842806235996,37445.667970791,54271.720187348,26836.422464747047,1172.82516455499,38426.442698817,2153.5998925810054,0.026191941048856207,980.7747280260155,0.0010196938734461196,1.0204350426793098,False,False,1.0204350426793098
s-006,after_common_greedy_prefix,10,1000,1,-36272.842806235996,37445.667970791,54271.720187348,26836.422464747047,1172.82516455499,38426.442698817,2153.5998925810054,0.026191941048856207,980.7747280260155,0.0010196938734461196,1.0202397629618645,False,False,1.0202397629618645
s-006,after_common_greedy_prefix,10,50,0,-36272.842806235996,37445.667970791,54271.720187348,26836.422464747047,1172.82516455499,38426.442698817,2153.5998925810054,0.026191941048856207,980.7747280260155,0.0010196938734461196,0.07128209993243217,False,False,0.07128209993243217
s-006,after_common_greedy_prefix,10,50,1,-36272.842806235996,37445.667970791,54271.720187348,26836.422464747047,1172.82516455499,38426.442698817,2153.5998925810054,0.026191941048856207,980.7747280260155,0.0010196938734461196,0.07025384530425072,False,False,0.07025384530425072
s-006,after_common_greedy_prefix,10,10,0,-36272.842806235996,37445.667970791,54271.720187348,26836.422464747047,1172.82516455499,38426.442698817,2153.5998925810054,0.026191941048856207,980.7747280260155,0.0010196938734461196,0.030020009726285934,False,False,0.030020009726285934
s-006,after_common_greedy_prefix,10,10,1,-36272.842806235996,37445.667970791,54271.720187348,26836.422464747047,1172.82516455499,38426.442698817,2153.5998925810054,0.026191941048856207,980.7747280260155,0.0010196938734461196,0.029296692460775375,False,False,0.029296692460775375
s-007,after_one_actual_history_call,0,200,0,-9424.294892666,9536.182761306,17322.784650916,7352.96123297294,1172.82516455499,10387.03598713,962.7410944640014,0.08922367021702036,0.0,0.0,0.2196384221315384,False,False,
s-007,after_one_actual_history_call,0,200,1,-9424.294892666,9536.182761306,17322.784650916,7352.96123297294,1172.82516455499,10387.03598713,962.7410944640014,0.08922367021702036,0.0,0.0,0.2187710478901863,False,False,
s-007,after_one_actual_history_call,0,1000,0,-9424.294892666,9536.182761306,17322.784650916,7352.96123297294,1172.82516455499,10387.03598713,962.7410944640014,0.08922367021702036,0.0,0.0,1.0194926261901855,False,False,
s-007,after_one_actual_history_call,0,1000,1,-9424.294892666,9536.182761306,17322.784650916,7352.96123297294,1172.82516455499,10387.03598713,962.7410944640014,0.08922367021702036,0.0,0.0,1.0201810598373413,False,False,
s-007,after_one_actual_history_call,0,50,0,-9424.294892666,9536.182761306,17322.784650916,7352.96123297294,1172.82516455499,10387.03598713,962.7410944640014,0.08922367021702036,0.0,0.0,0.07010927051305771,False,False,
s-007,after_one_actual_history_call,0,50,1,-9424.294892666,9536.182761306,17322.784650916,7352.96123297294,1172.82516455499,10387.03598713,962.7410944640014,0.08922367021702036,0.0,0.0,0.06838248297572136,False,False,
s-007,after_one_actual_history_call,0,10,0,-9424.294892666,9536.182761306,17322.784650916,7352.96123297294,1172.82516455499,10387.03598713,962.7410944640014,0.08922367021702036,0.0,0.0,0.028728608042001724,False,False,
s-007,after_one_actual_history_call,0,10,1,-9424.294892666,9536.182761306,17322.784650916,7352.96123297294,1172.82516455499,10387.03598713,962.7410944640014,0.08922367021702036,0.0,0.0,0.028322968631982803,False,False,
s-007,after_one_actual_history_call,1,200,0,-33852.53185525,33852.53185525,47621.09429137,27083.9868542245,1172.82516455499,35292.501586983,1439.9697317329992,0.04253654461917838,267.1445671780093,0.00027774540951324935,0.2223014496266842,False,False,0.2223014496266842
s-007,after_one_actual_history_call,1,200,1,-33852.53185525,33852.53185525,47621.09429137,27083.9868542245,1172.82516455499,35292.501586983,1439.9697317329992,0.04253654461917838,267.1445671780093,0.00027774540951324935,0.22076775506138802,False,False,0.22076775506138802
s-007,after_one_actual_history_call,1,1000,0,-33852.53185525,33852.53185525,47621.09429137,27083.9868542245,1172.82516455499,35292.501586983,1439.9697317329992,0.04253654461917838,267.1445671780093,0.00027774540951324935,1.0210783779621124,False,False,1.0210783779621124
s-007,after_one_actual_history_call,1,1000,1,-33852.53185525,33852.53185525,47621.09429137,27083.9868542245,1172.82516455499,35292.501586983,1439.9697317329992,0.04253654461917838,267.1445671780093,0.00027774540951324935,1.021821055561304,False,False,1.021821055561304
s-007,after_one_actual_history_call,1,50,0,-33852.53185525,33852.53185525,47621.09429137,27083.9868542245,1172.82516455499,35292.501586983,1439.9697317329992,0.04253654461917838,267.1445671780093,0.00027774540951324935,0.07207441329956055,False,False,0.07207441329956055
s-007,after_one_actual_history_call,1,50,1,-33852.53185525,33852.53185525,47621.09429137,27083.9868542245,1172.82516455499,35292.501586983,1439.9697317329992,0.04253654461917838,267.1445671780093,0.00027774540951324935,0.07063300907611847,False,False,0.07063300907611847
s-007,after_one_actual_history_call,1,10,0,-33852.53185525,33852.53185525,47621.09429137,27083.9868542245,1172.82516455499,35292.501586983,1439.9697317329992,0.04253654461917838,267.1445671780093,0.00027774540951324935,0.029240399599075317,False,False,0.029240399599075317
s-007,after_one_actual_history_call,1,10,1,-33852.53185525,33852.53185525,47621.09429137,27083.9868542245,1172.82516455499,35292.501586983,1439.9697317329992,0.04253654461917838,267.1445671780093,0.00027774540951324935,0.030307617038488388,False,False,0.030307617038488388
s-007,after_one_actual_history_call,2,200,0,-0.4451118590000078,0.0,0.0,0.0,1172.82516455499,0.0,-0.4451118590000078,0.0,0.0,0.0,0.004610385745763779,False,True,
s-007,after_one_actual_history_call,2,200,1,-0.4451118590000078,0.0,0.0,0.0,1172.82516455499,0.0,-0.4451118590000078,0.0,0.0,0.0,0.0044970326125621796,False,True,
s-007,after_one_actual_history_call,2,1000,0,-0.4451118590000078,0.0,0.0,0.0,1172.82516455499,0.0,-0.4451118590000078,0.0,0.0,0.0,0.004499528557062149,False,True,
s-007,after_one_actual_history_call,2,1000,1,-0.4451118590000078,0.0,0.0,0.0,1172.82516455499,0.0,-0.4451118590000078,0.0,0.0,0.0,0.0044823214411735535,False,True,
s-007,after_one_actual_history_call,2,50,0,-0.4451118590000078,0.0,0.0,0.0,1172.82516455499,0.0,-0.4451118590000078,0.0,0.0,0.0,0.004463527351617813,False,True,
s-007,after_one_actual_history_call,2,50,1,-0.4451118590000078,0.0,0.0,0.0,1172.82516455499,0.0,-0.4451118590000078,0.0,0.0,0.0,0.004457209259271622,False,True,
s-007,after_one_actual_history_call,2,10,0,-0.4451118590000078,0.0,0.0,0.0,1172.82516455499,0.0,-0.4451118590000078,0.0,0.0,0.0,0.00445973128080368,False,True,
s-007,after_one_actual_history_call,2,10,1,-0.4451118590000078,0.0,0.0,0.0,1172.82516455499,0.0,-0.4451118590000078,0.0,0.0,0.0,0.004471026360988617,False,True,
s-007,after_one_actual_history_call,3,200,0,-9178.018805665999,9910.643242073,13855.237499138,6694.635093187419,1172.82516455499,9910.643242073,732.6244364070008,0.0,0.0,0.0,0.0030431225895881653,False,True,
s-007,after_one_actual_history_call,3,200,1,-9178.018805665999,9910.643242073,13855.237499138,6694.635093187419,1172.82516455499,9910.643242073,732.6244364070008,0.0,0.0,0.0,0.0030088722705841064,False,True,
s-007,after_one_actual_history_call,3,1000,0,-9178.018805665999,9910.643242073,13855.237499138,6694.635093187419,1172.82516455499,9910.643242073,732.6244364070008,0.0,0.0,0.0,1.017963144928217,False,True,
s-007,after_one_actual_history_call,3,1000,1,-9178.018805665999,9910.643242073,13855.237499138,6694.635093187419,1172.82516455499,9910.643242073,732.6244364070008,0.0,0.0,0.0,1.0184231773018837,False,True,
s-007,after_one_actual_history_call,3,50,0,-9178.018805665999,9910.643242073,13855.237499138,6694.635093187419,1172.82516455499,9910.643242073,732.6244364070008,0.0,0.0,0.0,0.06853572279214859,False,True,
s-007,after_one_actual_history_call,3,50,1,-9178.018805665999,9910.643242073,13855.237499138,6694.635093187419,1172.82516455499,9910.643242073,732.6244364070008,0.0,0.0,0.0,0.0683051273226738,False,True,
s-007,after_one_actual_history_call,3,10,0,-9178.018805665999,9910.643242073,13855.237499138,6694.635093187419,1172.82516455499,9910.643242073,732.6244364070008,0.0,0.0,0.0,0.02908250316977501,False,True,
s-007,after_one_actual_history_call,3,10,1,-9178.018805665999,9910.643242073,13855.237499138,6694.635093187419,1172.82516455499,9910.643242073,732.6244364070008,0.0,0.0,0.0,0.02642083913087845,False,True,
s-007,after_one_actual_history_call,4,200,0,-36474.602706332,36474.157594473,63380.408860577,29958.108646019937,1172.82516455499,37469.264667615,994.6619612830036,0.02728252381332022,0.0,0.0,0.22041604295372963,False,False,
s-007,after_one_actual_history_call,4,200,1,-36474.602706332,36474.157594473,63380.408860577,29958.108646019937,1172.82516455499,37469.264667615,994.6619612830036,0.02728252381332022,0.0,0.0,0.2228533886373043,False,False,
s-007,after_one_actual_history_call,4,1000,0,-36474.602706332,36474.157594473,63380.408860577,29958.108646019937,1172.82516455499,37469.264667615,994.6619612830036,0.02728252381332022,0.0,0.0,1.0213099978864193,False,False,
s-007,after_one_actual_history_call,4,1000,1,-36474.602706332,36474.157594473,63380.408860577,29958.108646019937,1172.82516455499,37469.264667615,994.6619612830036,0.02728252381332022,0.0,0.0,1.020328849554062,False,False,
s-007,after_one_actual_history_call,4,50,0,-36474.602706332,36474.157594473,63380.408860577,29958.108646019937,1172.82516455499,37469.264667615,994.6619612830036,0.02728252381332022,0.0,0.0,0.07038582861423492,False,False,
s-007,after_one_actual_history_call,4,50,1,-36474.602706332,36474.157594473,63380.408860577,29958.108646019937,1172.82516455499,37469.264667615,994.6619612830036,0.02728252381332022,0.0,0.0,0.0700850710272789,False,False,
s-007,after_one_actual_history_call,4,10,0,-36474.602706332,36474.157594473,63380.408860577,29958.108646019937,1172.82516455499,37227.546402296,752.9436959640007,0.020655413517683643,0.0,0.0,0.02930299937725067,False,False,
s-007,after_one_actual_history_call,4,10,1,-36474.602706332,36474.157594473,63380.408860577,29958.108646019937,1172.82516455499,37227.546402296,752.9436959640007,0.020655413517683643,0.0,0.0,0.02878784015774727,False,False,
s-007,after_one_actual_history_call,5,200,0,-1.289235768000026,168.708337232,168.708337232,168.708337232,1172.82516455499,168.708337232,167.41910146399997,0.0,0.0,0.0,0.21677671372890472,False,True,
s-007,after_one_actual_history_call,5,200,1,-1.289235768000026,168.708337232,168.708337232,168.708337232,1172.82516455499,168.708337232,167.41910146399997,0.0,0.0,0.0,0.21871083229780197,False,True,
s-007,after_one_actual_history_call,5,1000,0,-1.289235768000026,168.708337232,168.708337232,168.708337232,1172.82516455499,168.708337232,167.41910146399997,0.0,0.0,0.0,1.0180804394185543,False,True,
s-007,after_one_actual_history_call,5,1000,1,-1.289235768000026,168.708337232,168.708337232,168.708337232,1172.82516455499,168.708337232,167.41910146399997,0.0,0.0,0.0,1.0182582326233387,False,True,
s-007,after_one_actual_history_call,5,50,0,-1.289235768000026,168.708337232,168.708337232,168.708337232,1172.82516455499,168.708337232,167.41910146399997,0.0,0.0,0.0,0.06650091335177422,False,True,
s-007,after_one_actual_history_call,5,50,1,-1.289235768000026,168.708337232,168.708337232,168.708337232,1172.82516455499,168.708337232,167.41910146399997,0.0,0.0,0.0,0.06741156429052353,False,True,
s-007,after_one_actual_history_call,5,10,0,-1.289235768000026,168.708337232,168.708337232,168.708337232,1172.82516455499,168.708337232,167.41910146399997,0.0,0.0,0.0,0.026722382754087448,False,True,
s-007,after_one_actual_history_call,5,10,1,-1.289235768000026,168.708337232,168.708337232,168.708337232,1172.82516455499,168.708337232,167.41910146399997,0.0,0.0,0.0,0.025921352207660675,False,True,
s-007,after_one_actual_history_call,6,200,0,-9705.71206229,10121.487878734,12618.777608668,6108.228796011674,1172.82516455499,10121.487878734,415.77581644400016,0.0,0.0,0.0,0.21893271803855896,False,True,
s-007,after_one_actual_history_call,6,200,1,-9705.71206229,10121.487878734,12618.777608668,6108.228796011674,1172.82516455499,10121.487878734,415.77581644400016,0.0,0.0,0.0,0.21826204657554626,False,True,
s-007,after_one_actual_history_call,6,1000,0,-9705.71206229,10121.487878734,12618.777608668,6108.228796011674,1172.82516455499,10121.487878734,415.77581644400016,0.0,0.0,0.0,1.0183318294584751,False,True,
s-007,after_one_actual_history_call,6,1000,1,-9705.71206229,10121.487878734,12618.777608668,6108.228796011674,1172.82516455499,10121.487878734,415.77581644400016,0.0,0.0,0.0,1.0194313302636147,False,True,
s-007,after_one_actual_history_call,6,50,0,-9705.71206229,10121.487878734,12618.777608668,6108.228796011674,1172.82516455499,10121.487878734,415.77581644400016,0.0,0.0,0.0,0.06981562450528145,False,True,
s-007,after_one_actual_history_call,6,50,1,-9705.71206229,10121.487878734,12618.777608668,6108.228796011674,1172.82516455499,10121.487878734,415.77581644400016,0.0,0.0,0.0,0.06704745814204216,False,True,
s-007,after_one_actual_history_call,6,10,0,-9705.71206229,10121.487878734,12618.777608668,6108.228796011674,1172.82516455499,10121.487878734,415.77581644400016,0.0,0.0,0.0,0.027682483196258545,False,True,
s-007,after_one_actual_history_call,6,10,1,-9705.71206229,10121.487878734,12618.777608668,6108.228796011674,1172.82516455499,10121.487878734,415.77581644400016,0.0,0.0,0.0,0.026625722646713257,False,True,
s-007,after_one_actual_history_call,7,200,0,-36572.852049119996,37002.813725048996,64958.343546898,28243.257347394163,1172.82516455499,37883.5706142,1310.718565080002,0.02380243015289334,137.8934005250121,0.0001433652924428504,0.22180531173944473,False,False,0.22180531173944473
s-007,after_one_actual_history_call,7,200,1,-36572.852049119996,37002.813725048996,64958.343546898,28243.257347394163,1172.82516455499,37883.5706142,1310.718565080002,0.02380243015289334,137.8934005250121,0.0001433652924428504,0.22043746709823608,False,False,0.22043746709823608
s-007,after_one_actual_history_call,7,1000,0,-36572.852049119996,37002.813725048996,64958.343546898,28243.257347394163,1172.82516455499,37883.5706142,1310.718565080002,0.02380243015289334,137.8934005250121,0.0001433652924428504,1.0203658491373062,False,False,1.0203658491373062
s-007,after_one_actual_history_call,7,1000,1,-36572.852049119996,37002.813725048996,64958.343546898,28243.257347394163,1172.82516455499,37883.5706142,1310.718565080002,0.02380243015289334,137.8934005250121,0.0001433652924428504,1.0203977189958096,False,False,1.0203977189958096
s-007,after_one_actual_history_call,7,50,0,-36572.852049119996,37002.813725048996,64958.343546898,28243.257347394163,1172.82516455499,37883.5706142,1310.718565080002,0.02380243015289334,137.8934005250121,0.0001433652924428504,0.06980651989579201,False,False,0.06980651989579201
s-007,after_one_actual_history_call,7,50,1,-36572.852049119996,37002.813725048996,64958.343546898,28243.257347394163,1172.82516455499,37883.5706142,1310.718565080002,0.02380243015289334,137.8934005250121,0.0001433652924428504,0.06914018467068672,False,False,0.06914018467068672
s-007,after_one_actual_history_call,7,10,0,-36572.852049119996,37002.813725048996,64958.343546898,28243.257347394163,1172.82516455499,37883.5706142,1310.718565080002,0.02380243015289334,137.8934005250121,0.0001433652924428504,0.029520288109779358,False,False,0.029520288109779358
s-007,after_one_actual_history_call,7,10,1,-36572.852049119996,37002.813725048996,64958.343546898,28243.257347394163,1172.82516455499,37883.5706142,1310.718565080002,0.02380243015289334,137.8934005250121,0.0001433652924428504,0.029421556740999222,False,False,0.029421556740999222
s-007,after_one_actual_history_call,8,200,0,-4.179241879000074,385.74974706800003,385.74974706800003,385.74974706800003,1172.82516455499,385.74974706800003,381.57050518899996,0.0,0.0,0.0,0.216204185038805,False,True,
s-007,after_one_actual_history_call,8,200,1,-4.179241879000074,385.74974706800003,385.74974706800003,385.74974706800003,1172.82516455499,385.74974706800003,381.57050518899996,0.0,0.0,0.0,0.21731524169445038,False,True,
s-007,after_one_actual_history_call,8,1000,0,-4.179241879000074,385.74974706800003,385.74974706800003,385.74974706800003,1172.82516455499,385.74974706800003,381.57050518899996,0.0,0.0,0.0,1.0169702172279358,False,True,
s-007,after_one_actual_history_call,8,1000,1,-4.179241879000074,385.74974706800003,385.74974706800003,385.74974706800003,1172.82516455499,385.74974706800003,381.57050518899996,0.0,0.0,0.0,1.016590166836977,False,True,
s-007,after_one_actual_history_call,8,50,0,-4.179241879000074,385.74974706800003,385.74974706800003,385.74974706800003,1172.82516455499,385.74974706800003,381.57050518899996,0.0,0.0,0.0,0.06635068729519844,False,True,
s-007,after_one_actual_history_call,8,50,1,-4.179241879000074,385.74974706800003,385.74974706800003,385.74974706800003,1172.82516455499,385.74974706800003,381.57050518899996,0.0,0.0,0.0,0.06604135408997536,False,True,
s-007,after_one_actual_history_call,8,10,0,-4.179241879000074,385.74974706800003,385.74974706800003,385.74974706800003,1172.82516455499,385.74974706800003,381.57050518899996,0.0,0.0,0.0,0.025380093604326248,False,True,
s-007,after_one_actual_history_call,8,10,1,-4.179241879000074,385.74974706800003,385.74974706800003,385.74974706800003,1172.82516455499,385.74974706800003,381.57050518899996,0.0,0.0,0.0,0.025872528553009033,False,True,
s-007,after_one_actual_history_call,9,200,0,-8947.651163711,9845.381453847,11841.591803962,6690.2519547628235,1172.82516455499,9845.381453847,897.7302901359999,0.0,0.0,0.0,0.2163371704518795,False,True,
s-007,after_one_actual_history_call,9,200,1,-8947.651163711,9845.381453847,11841.591803962,6690.2519547628235,1172.82516455499,9845.381453847,897.7302901359999,0.0,0.0,0.0,0.2178194411098957,False,True,
s-007,after_one_actual_history_call,9,1000,0,-8947.651163711,9845.381453847,11841.591803962,6690.2519547628235,1172.82516455499,9845.381453847,897.7302901359999,0.0,0.0,0.0,1.0179906785488129,False,True,
s-007,after_one_actual_history_call,9,1000,1,-8947.651163711,9845.381453847,11841.591803962,6690.2519547628235,1172.82516455499,9845.381453847,897.7302901359999,0.0,0.0,0.0,1.0182809755206108,False,True,
s-007,after_one_actual_history_call,9,50,0,-8947.651163711,9845.381453847,11841.591803962,6690.2519547628235,1172.82516455499,9845.381453847,897.7302901359999,0.0,0.0,0.0,0.06793220341205597,False,True,
s-007,after_one_actual_history_call,9,50,1,-8947.651163711,9845.381453847,11841.591803962,6690.2519547628235,1172.82516455499,9845.381453847,897.7302901359999,0.0,0.0,0.0,0.06885781139135361,False,True,
s-007,after_one_actual_history_call,9,10,0,-8947.651163711,9845.381453847,11841.591803962,6690.2519547628235,1172.82516455499,9845.381453847,897.7302901359999,0.0,0.0,0.0,0.027612309902906418,False,True,
s-007,after_one_actual_history_call,9,10,1,-8947.651163711,9845.381453847,11841.591803962,6690.2519547628235,1172.82516455499,9845.381453847,897.7302901359999,0.0,0.0,0.0,0.027315955609083176,False,True,
s-007,after_one_actual_history_call,10,200,0,-36272.842806235996,37445.667970791,54271.720187348,26836.422464747047,1172.82516455499,38426.442698817,2153.5998925810054,0.026191941048856207,980.7747280260155,0.0010196938734461196,0.21989776194095612,False,False,0.21989776194095612
s-007,after_one_actual_history_call,10,200,1,-36272.842806235996,37445.667970791,54271.720187348,26836.422464747047,1172.82516455499,38426.442698817,2153.5998925810054,0.026191941048856207,980.7747280260155,0.0010196938734461196,0.22080912441015244,False,False,0.22080912441015244
s-007,after_one_actual_history_call,10,1000,0,-36272.842806235996,37445.667970791,54271.720187348,26836.422464747047,1172.82516455499,38426.442698817,2153.5998925810054,0.026191941048856207,980.7747280260155,0.0010196938734461196,1.0202590338885784,False,False,1.0202590338885784
s-007,after_one_actual_history_call,10,1000,1,-36272.842806235996,37445.667970791,54271.720187348,26836.422464747047,1172.82516455499,38426.442698817,2153.5998925810054,0.026191941048856207,980.7747280260155,0.0010196938734461196,1.0210715495049953,False,False,1.0210715495049953
s-007,after_one_actual_history_call,10,50,0,-36272.842806235996,37445.667970791,54271.720187348,26836.422464747047,1172.82516455499,38426.442698817,2153.5998925810054,0.026191941048856207,980.7747280260155,0.0010196938734461196,0.07132591307163239,False,False,0.07132591307163239
s-007,after_one_actual_history_call,10,50,1,-36272.842806235996,37445.667970791,54271.720187348,26836.422464747047,1172.82516455499,38426.442698817,2153.5998925810054,0.026191941048856207,980.7747280260155,0.0010196938734461196,0.07188721373677254,False,False,0.07188721373677254
s-007,after_one_actual_history_call,10,10,0,-36272.842806235996,37445.667970791,54271.720187348,26836.422464747047,1172.82516455499,38426.442698817,2153.5998925810054,0.026191941048856207,980.7747280260155,0.0010196938734461196,0.029773876070976257,False,False,0.029773876070976257
s-007,after_one_actual_history_call,10,10,1,-36272.842806235996,37445.667970791,54271.720187348,26836.422464747047,1172.82516455499,38426.442698817,2153.5998925810054,0.026191941048856207,980.7747280260155,0.0010196938734461196,0.02983088791370392,False,False,0.02983088791370392
s-008,after_common_greedy_prefix,0,200,0,-8707.559964772,8707.559964772,16574.000299869,6187.084875728225,1163.224947892013,8836.724225125,129.16426035300174,0.014833576900481765,0.0,0.0,0.22092309594154358,False,False,
s-008,after_common_greedy_prefix,0,200,1,-8707.559964772,8707.559964772,16574.000299869,6187.084875728225,1163.224947892013,8836.724225125,129.16426035300174,0.014833576900481765,0.0,0.0,0.21947408095002174,False,False,
s-008,after_common_greedy_prefix,0,1000,0,-8707.559964772,8707.559964772,16574.000299869,6187.084875728225,1163.224947892013,8836.724225125,129.16426035300174,0.014833576900481765,0.0,0.0,1.0223263166844845,False,False,
s-008,after_common_greedy_prefix,0,1000,1,-8707.559964772,8707.559964772,16574.000299869,6187.084875728225,1163.224947892013,8836.724225125,129.16426035300174,0.014833576900481765,0.0,0.0,1.0214967764914036,False,False,
s-008,after_common_greedy_prefix,0,50,0,-8707.559964772,8707.559964772,16574.000299869,6187.084875728225,1163.224947892013,8836.724225125,129.16426035300174,0.014833576900481765,0.0,0.0,0.07097864896059036,False,False,
s-008,after_common_greedy_prefix,0,50,1,-8707.559964772,8707.559964772,16574.000299869,6187.084875728225,1163.224947892013,8836.724225125,129.16426035300174,0.014833576900481765,0.0,0.0,0.0701235979795456,False,False,
s-008,after_common_greedy_prefix,0,10,0,-8707.559964772,8707.559964772,16574.000299869,6187.084875728225,1163.224947892013,8836.724225125,129.16426035300174,0.014833576900481765,0.0,0.0,0.02772754803299904,False,False,
s-008,after_common_greedy_prefix,0,10,1,-8707.559964772,8707.559964772,16574.000299869,6187.084875728225,1163.224947892013,8836.724225125,129.16426035300174,0.014833576900481765,0.0,0.0,0.026850789785385132,False,False,
s-008,after_common_greedy_prefix,1,200,0,-33663.181132223,33663.181132223,45933.747939856,26916.497852738015,1163.224947892013,34140.756132894,477.57500067100045,0.0141868648359515,0.0,0.0,0.22044678404927254,False,False,
s-008,after_common_greedy_prefix,1,200,1,-33663.181132223,33663.181132223,45933.747939856,26916.497852738015,1163.224947892013,34140.756132894,477.57500067100045,0.0141868648359515,0.0,0.0,0.22243133932352066,False,False,
s-008,after_common_greedy_prefix,1,1000,0,-33663.181132223,33663.181132223,45933.747939856,26916.497852738015,1163.224947892013,34140.756132894,477.57500067100045,0.0141868648359515,0.0,0.0,1.0227986015379429,False,False,
s-008,after_common_greedy_prefix,1,1000,1,-33663.181132223,33663.181132223,45933.747939856,26916.497852738015,1163.224947892013,34140.756132894,477.57500067100045,0.0141868648359515,0.0,0.0,1.022087026387453,False,False,
s-008,after_common_greedy_prefix,1,50,0,-33663.181132223,33663.181132223,45933.747939856,26916.497852738015,1163.224947892013,34140.756132894,477.57500067100045,0.0141868648359515,0.0,0.0,0.07108787447214127,False,False,
s-008,after_common_greedy_prefix,1,50,1,-33663.181132223,33663.181132223,45933.747939856,26916.497852738015,1163.224947892013,34140.756132894,477.57500067100045,0.0141868648359515,0.0,0.0,0.0713728703558445,False,False,
s-008,after_common_greedy_prefix,1,10,0,-33663.181132223,33663.181132223,45933.747939856,26916.497852738015,1163.224947892013,33944.868412623,281.6872804000013,0.00836781524876047,0.0,0.0,0.029544401913881302,False,False,
s-008,after_common_greedy_prefix,1,10,1,-33663.181132223,33663.181132223,45933.747939856,26916.497852738015,1163.224947892013,33944.868412623,281.6872804000013,0.00836781524876047,0.0,0.0,0.028139721602201462,False,False,
s-008,after_common_greedy_prefix,2,200,0,-0.4451118590000078,0.0,0.0,0.0,1163.224947892013,0.0,-0.4451118590000078,0.0,0.0,0.0,0.004550572484731674,False,True,
s-008,after_common_greedy_prefix,2,200,1,-0.4451118590000078,0.0,0.0,0.0,1163.224947892013,0.0,-0.4451118590000078,0.0,0.0,0.0,0.00448869913816452,False,True,
s-008,after_common_greedy_prefix,2,1000,0,-0.4451118590000078,0.0,0.0,0.0,1163.224947892013,0.0,-0.4451118590000078,0.0,0.0,0.0,0.004491500556468964,False,True,
s-008,after_common_greedy_prefix,2,1000,1,-0.4451118590000078,0.0,0.0,0.0,1163.224947892013,0.0,-0.4451118590000078,0.0,0.0,0.0,0.004511378705501556,False,True,
s-008,after_common_greedy_prefix,2,50,0,-0.4451118590000078,0.0,0.0,0.0,1163.224947892013,0.0,-0.4451118590000078,0.0,0.0,0.0,0.004488561302423477,False,True,
s-008,after_common_greedy_prefix,2,50,1,-0.4451118590000078,0.0,0.0,0.0,1163.224947892013,0.0,-0.4451118590000078,0.0,0.0,0.0,0.004497699439525604,False,True,
s-008,after_common_greedy_prefix,2,10,0,-0.4451118590000078,0.0,0.0,0.0,1163.224947892013,0.0,-0.4451118590000078,0.0,0.0,0.0,0.0044815391302108765,False,True,
s-008,after_common_greedy_prefix,2,10,1,-0.4451118590000078,0.0,0.0,0.0,1163.224947892013,0.0,-0.4451118590000078,0.0,0.0,0.0,0.004488173872232437,False,True,
s-008,after_common_greedy_prefix,3,200,0,-9167.236119568,9180.976867194,12971.907752907,6416.800769521886,1163.224947892013,9207.005051772,39.7689322039987,0.002835012543273532,0.0,0.0,0.21725530922412872,False,False,
s-008,after_common_greedy_prefix,3,200,1,-9167.236119568,9180.976867194,12971.907752907,6416.800769521886,1163.224947892013,9207.005051772,39.7689322039987,0.002835012543273532,0.0,0.0,0.2188059650361538,False,False,
s-008,after_common_greedy_prefix,3,1000,0,-9167.236119568,9180.976867194,12971.907752907,6416.800769521886,1163.224947892013,9207.005051772,39.7689322039987,0.002835012543273532,0.0,0.0,1.0182966217398643,False,False,
s-008,after_common_greedy_prefix,3,1000,1,-9167.236119568,9180.976867194,12971.907752907,6416.800769521886,1163.224947892013,9207.005051772,39.7689322039987,0.002835012543273532,0.0,0.0,1.0190841555595398,False,False,
s-008,after_common_greedy_prefix,3,50,0,-9167.236119568,9180.976867194,12971.907752907,6416.800769521886,1163.224947892013,9207.005051772,39.7689322039987,0.002835012543273532,0.0,0.0,0.06888702511787415,False,False,
s-008,after_common_greedy_prefix,3,50,1,-9167.236119568,9180.976867194,12971.907752907,6416.800769521886,1163.224947892013,9207.005051772,39.7689322039987,0.002835012543273532,0.0,0.0,0.06991259008646011,False,False,
s-008,after_common_greedy_prefix,3,10,0,-9167.236119568,9180.976867194,12971.907752907,6416.800769521886,1163.224947892013,9207.005051772,39.7689322039987,0.002835012543273532,0.0,0.0,0.029299572110176086,False,False,
s-008,after_common_greedy_prefix,3,10,1,-9167.236119568,9180.976867194,12971.907752907,6416.800769521886,1163.224947892013,9207.005051772,39.7689322039987,0.002835012543273532,0.0,0.0,0.02675352245569229,False,False,
s-008,after_common_greedy_prefix,4,200,0,-36251.235686715,36250.790574856,61477.211792600996,30007.102925769235,1163.224947892013,37376.481362665,1125.2456759499983,0.031052861743373725,0.0,0.0,0.2211482636630535,False,False,
s-008,after_common_greedy_prefix,4,200,1,-36251.235686715,36250.790574856,61477.211792600996,30007.102925769235,1163.224947892013,37376.481362665,1125.2456759499983,0.031052861743373725,0.0,0.0,0.22121041640639305,False,False,
s-008,after_common_greedy_prefix,4,1000,0,-36251.235686715,36250.790574856,61477.211792600996,30007.102925769235,1163.224947892013,37376.481362665,1125.2456759499983,0.031052861743373725,0.0,0.0,1.0208593979477882,False,False,
s-008,after_common_greedy_prefix,4,1000,1,-36251.235686715,36250.790574856,61477.211792600996,30007.102925769235,1163.224947892013,37376.481362665,1125.2456759499983,0.031052861743373725,0.0,0.0,1.0216455683112144,False,False,
s-008,after_common_greedy_prefix,4,50,0,-36251.235686715,36250.790574856,61477.211792600996,30007.102925769235,1163.224947892013,37121.520668002,870.2849812869972,0.02401961665768324,0.0,0.0,0.0710284523665905,False,False,
s-008,after_common_greedy_prefix,4,50,1,-36251.235686715,36250.790574856,61477.211792600996,30007.102925769235,1163.224947892013,37121.520668002,870.2849812869972,0.02401961665768324,0.0,0.0,0.0696898028254509,False,False,
s-008,after_common_greedy_prefix,4,10,0,-36251.235686715,36250.790574856,61477.211792600996,30007.102925769235,1163.224947892013,37121.520668002,870.2849812869972,0.02401961665768324,0.0,0.0,0.02878548949956894,False,False,
s-008,after_common_greedy_prefix,4,10,1,-36251.235686715,36250.790574856,61477.211792600996,30007.102925769235,1163.224947892013,37121.520668002,870.2849812869972,0.02401961665768324,0.0,0.0,0.027575496584177017,False,False,
s-008,after_common_greedy_prefix,5,200,0,-1.289235768000026,168.708337232,168.708337232,168.708337232,1163.224947892013,168.708337232,167.41910146399997,0.0,0.0,0.0,0.21595536544919014,False,True,
s-008,after_common_greedy_prefix,5,200,1,-1.289235768000026,168.708337232,168.708337232,168.708337232,1163.224947892013,168.708337232,167.41910146399997,0.0,0.0,0.0,0.2183472104370594,False,True,
s-008,after_common_greedy_prefix,5,1000,0,-1.289235768000026,168.708337232,168.708337232,168.708337232,1163.224947892013,168.708337232,167.41910146399997,0.0,0.0,0.0,1.0176185294985771,False,True,
s-008,after_common_greedy_prefix,5,1000,1,-1.289235768000026,168.708337232,168.708337232,168.708337232,1163.224947892013,168.708337232,167.41910146399997,0.0,0.0,0.0,1.0171355977654457,False,True,
s-008,after_common_greedy_prefix,5,50,0,-1.289235768000026,168.708337232,168.708337232,168.708337232,1163.224947892013,168.708337232,167.41910146399997,0.0,0.0,0.0,0.06615415588021278,False,True,
s-008,after_common_greedy_prefix,5,50,1,-1.289235768000026,168.708337232,168.708337232,168.708337232,1163.224947892013,168.708337232,167.41910146399997,0.0,0.0,0.0,0.066126998513937,False,True,
s-008,after_common_greedy_prefix,5,10,0,-1.289235768000026,168.708337232,168.708337232,168.708337232,1163.224947892013,168.708337232,167.41910146399997,0.0,0.0,0.0,0.02602497488260269,False,True,
s-008,after_common_greedy_prefix,5,10,1,-1.289235768000026,168.708337232,168.708337232,168.708337232,1163.224947892013,168.708337232,167.41910146399997,0.0,0.0,0.0,0.025355424731969833,False,True,
s-008,after_common_greedy_prefix,6,200,0,-9590.650290204,10006.426106648,12168.083631413,6230.878547261407,1163.224947892013,10046.640150711,455.98986050700114,0.004018821868507464,0.0,0.0,0.21856655552983284,False,False,
s-008,after_common_greedy_prefix,6,200,1,-9590.650290204,10006.426106648,12168.083631413,6230.878547261407,1163.224947892013,10046.640150711,455.98986050700114,0.004018821868507464,0.0,0.0,0.21859295666217804,False,False,
s-008,after_common_greedy_prefix,6,1000,0,-9590.650290204,10006.426106648,12168.083631413,6230.878547261407,1163.224947892013,10046.640150711,455.98986050700114,0.004018821868507464,0.0,0.0,1.0198232159018517,False,False,
s-008,after_common_greedy_prefix,6,1000,1,-9590.650290204,10006.426106648,12168.083631413,6230.878547261407,1163.224947892013,10046.640150711,455.98986050700114,0.004018821868507464,0.0,0.0,1.0189109407365322,False,False,
s-008,after_common_greedy_prefix,6,50,0,-9590.650290204,10006.426106648,12168.083631413,6230.878547261407,1163.224947892013,10046.640150711,455.98986050700114,0.004018821868507464,0.0,0.0,0.06743758916854858,False,False,
s-008,after_common_greedy_prefix,6,50,1,-9590.650290204,10006.426106648,12168.083631413,6230.878547261407,1163.224947892013,10046.640150711,455.98986050700114,0.004018821868507464,0.0,0.0,0.07077588886022568,False,False,
s-008,after_common_greedy_prefix,6,10,0,-9590.650290204,10006.426106648,12168.083631413,6230.878547261407,1163.224947892013,10046.640150711,455.98986050700114,0.004018821868507464,0.0,0.0,0.031116358935832977,False,False,
s-008,after_common_greedy_prefix,6,10,1,-9590.650290204,10006.426106648,12168.083631413,6230.878547261407,1163.224947892013,10046.640150711,455.98986050700114,0.004018821868507464,0.0,0.0,0.027261927723884583,False,False,
s-008,after_common_greedy_prefix,7,200,0,-36266.324159416,36696.285835345,63270.115984683,28019.350036366413,1163.224947892013,37577.042724496,1310.718565080002,0.02400125432592629,147.493617187989,0.00015334646532104594,0.22202667593955994,False,False,0.22202667593955994
s-008,after_common_greedy_prefix,7,200,1,-36266.324159416,36696.285835345,63270.115984683,28019.350036366413,1163.224947892013,37577.042724496,1310.718565080002,0.02400125432592629,147.493617187989,0.00015334646532104594,0.2199820950627327,False,False,0.2199820950627327
s-008,after_common_greedy_prefix,7,1000,0,-36266.324159416,36696.285835345,63270.115984683,28019.350036366413,1163.224947892013,37577.042724496,1310.718565080002,0.02400125432592629,147.493617187989,0.00015334646532104594,1.0223327241837978,False,False,1.0223327241837978
s-008,after_common_greedy_prefix,7,1000,1,-36266.324159416,36696.285835345,63270.115984683,28019.350036366413,1163.224947892013,37577.042724496,1310.718565080002,0.02400125432592629,147.493617187989,0.00015334646532104594,1.0212388448417187,False,False,1.0212388448417187
s-008,after_common_greedy_prefix,7,50,0,-36266.324159416,36696.285835345,63270.115984683,28019.350036366413,1163.224947892013,37577.042724496,1310.718565080002,0.02400125432592629,147.493617187989,0.00015334646532104594,0.07035598903894424,False,False,0.07035598903894424
s-008,after_common_greedy_prefix,7,50,1,-36266.324159416,36696.285835345,63270.115984683,28019.350036366413,1163.224947892013,37577.042724496,1310.718565080002,0.02400125432592629,147.493617187989,0.00015334646532104594,0.0706699751317501,False,False,0.0706699751317501
s-008,after_common_greedy_prefix,7,10,0,-36266.324159416,36696.285835345,63270.115984683,28019.350036366413,1163.224947892013,37577.042724496,1310.718565080002,0.02400125432592629,147.493617187989,0.00015334646532104594,0.029792461544275284,False,False,0.029792461544275284
s-008,after_common_greedy_prefix,7,10,1,-36266.324159416,36696.285835345,63270.115984683,28019.350036366413,1163.224947892013,37577.042724496,1310.718565080002,0.02400125432592629,147.493617187989,0.00015334646532104594,0.028783652931451797,False,False,0.028783652931451797
s-008,after_common_greedy_prefix,8,200,0,-4.179241879000074,385.74974706800003,385.74974706800003,385.74974706800003,1163.224947892013,385.74974706800003,381.57050518899996,0.0,0.0,0.0,0.2162972316145897,False,True,
s-008,after_common_greedy_prefix,8,200,1,-4.179241879000074,385.74974706800003,385.74974706800003,385.74974706800003,1163.224947892013,385.74974706800003,381.57050518899996,0.0,0.0,0.0,0.21692047268152237,False,True,
s-008,after_common_greedy_prefix,8,1000,0,-4.179241879000074,385.74974706800003,385.74974706800003,385.74974706800003,1163.224947892013,385.74974706800003,381.57050518899996,0.0,0.0,0.0,1.0171517506241798,False,True,
s-008,after_common_greedy_prefix,8,1000,1,-4.179241879000074,385.74974706800003,385.74974706800003,385.74974706800003,1163.224947892013,385.74974706800003,381.57050518899996,0.0,0.0,0.0,1.0172015726566315,False,True,
s-008,after_common_greedy_prefix,8,50,0,-4.179241879000074,385.74974706800003,385.74974706800003,385.74974706800003,1163.224947892013,385.74974706800003,381.57050518899996,0.0,0.0,0.0,0.06703202798962593,False,True,
s-008,after_common_greedy_prefix,8,50,1,-4.179241879000074,385.74974706800003,385.74974706800003,385.74974706800003,1163.224947892013,385.74974706800003,381.57050518899996,0.0,0.0,0.0,0.06592842191457748,False,True,
s-008,after_common_greedy_prefix,8,10,0,-4.179241879000074,385.74974706800003,385.74974706800003,385.74974706800003,1163.224947892013,385.74974706800003,381.57050518899996,0.0,0.0,0.0,0.025480106472969055,False,True,
s-008,after_common_greedy_prefix,8,10,1,-4.179241879000074,385.74974706800003,385.74974706800003,385.74974706800003,1163.224947892013,385.74974706800003,381.57050518899996,0.0,0.0,0.0,0.025751128792762756,False,True,
s-008,after_common_greedy_prefix,9,200,0,-9242.752702467,10140.482992603,12070.027407312,6759.7633233311735,1163.224947892013,10140.482992603,897.7302901359999,0.0,0.0,0.0,0.21793166548013687,False,True,
s-008,after_common_greedy_prefix,9,200,1,-9242.752702467,10140.482992603,12070.027407312,6759.7633233311735,1163.224947892013,10140.482992603,897.7302901359999,0.0,0.0,0.0,0.21759521216154099,False,True,
s-008,after_common_greedy_prefix,9,1000,0,-9242.752702467,10140.482992603,12070.027407312,6759.7633233311735,1163.224947892013,10140.482992603,897.7302901359999,0.0,0.0,0.0,1.0183894038200378,False,True,
s-008,after_common_greedy_prefix,9,1000,1,-9242.752702467,10140.482992603,12070.027407312,6759.7633233311735,1163.224947892013,10140.482992603,897.7302901359999,0.0,0.0,0.0,1.0183536894619465,False,True,
s-008,after_common_greedy_prefix,9,50,0,-9242.752702467,10140.482992603,12070.027407312,6759.7633233311735,1163.224947892013,10140.482992603,897.7302901359999,0.0,0.0,0.0,0.06802988797426224,False,True,
s-008,after_common_greedy_prefix,9,50,1,-9242.752702467,10140.482992603,12070.027407312,6759.7633233311735,1163.224947892013,10140.482992603,897.7302901359999,0.0,0.0,0.0,0.06831831485033035,False,True,
s-008,after_common_greedy_prefix,9,10,0,-9242.752702467,10140.482992603,12070.027407312,6759.7633233311735,1163.224947892013,10140.482992603,897.7302901359999,0.0,0.0,0.0,0.027466129511594772,False,True,
s-008,after_common_greedy_prefix,9,10,1,-9242.752702467,10140.482992603,12070.027407312,6759.7633233311735,1163.224947892013,10140.482992603,897.7302901359999,0.0,0.0,0.0,0.027587659657001495,False,True,
s-008,after_common_greedy_prefix,10,200,0,-36475.456037712,37638.680985604,54903.762445394,26697.844980592363,1163.224947892013,38858.498178546,2383.042140833997,0.03240860627949617,1219.817192941984,0.0012682220318529567,0.22078047692775726,False,False,0.22078047692775726
s-008,after_common_greedy_prefix,10,200,1,-36475.456037712,37638.680985604,54903.762445394,26697.844980592363,1163.224947892013,38858.498178546,2383.042140833997,0.03240860627949617,1219.817192941984,0.0012682220318529567,0.22078760713338852,False,False,0.22078760713338852
s-008,after_common_greedy_prefix,10,1000,0,-36475.456037712,37638.680985604,54903.762445394,26697.844980592363,1163.224947892013,38858.498178546,2383.042140833997,0.03240860627949617,1219.817192941984,0.0012682220318529567,1.0223614796996117,False,False,1.0223614796996117
s-008,after_common_greedy_prefix,10,1000,1,-36475.456037712,37638.680985604,54903.762445394,26697.844980592363,1163.224947892013,38858.498178546,2383.042140833997,0.03240860627949617,1219.817192941984,0.0012682220318529567,1.0217451266944408,False,False,1.0217451266944408
s-008,after_common_greedy_prefix,10,50,0,-36475.456037712,37638.680985604,54903.762445394,26697.844980592363,1163.224947892013,38858.498178546,2383.042140833997,0.03240860627949617,1219.817192941984,0.0012682220318529567,0.07237942516803741,False,False,0.07237942516803741
s-008,after_common_greedy_prefix,10,50,1,-36475.456037712,37638.680985604,54903.762445394,26697.844980592363,1163.224947892013,38858.498178546,2383.042140833997,0.03240860627949617,1219.817192941984,0.0012682220318529567,0.07132332772016525,False,False,0.07132332772016525
s-008,after_common_greedy_prefix,10,10,0,-36475.456037712,37638.680985604,54903.762445394,26697.844980592363,1163.224947892013,38858.498178546,2383.042140833997,0.03240860627949617,1219.817192941984,0.0012682220318529567,0.030927564948797226,False,False,0.030927564948797226
s-008,after_common_greedy_prefix,10,10,1,-36475.456037712,37638.680985604,54903.762445394,26697.844980592363,1163.224947892013,38858.498178546,2383.042140833997,0.03240860627949617,1219.817192941984,0.0012682220318529567,0.030545223504304886,False,False,0.030545223504304886
s-009,after_one_actual_history_call,0,200,0,-8707.559964772,8707.559964772,16574.000299869,6187.084875728225,1163.224947892013,8836.724225125,129.16426035300174,0.014833576900481765,0.0,0.0,0.2196868620812893,False,False,
s-009,after_one_actual_history_call,0,200,1,-8707.559964772,8707.559964772,16574.000299869,6187.084875728225,1163.224947892013,8836.724225125,129.16426035300174,0.014833576900481765,0.0,0.0,0.21912991628050804,False,False,
s-009,after_one_actual_history_call,0,1000,0,-8707.559964772,8707.559964772,16574.000299869,6187.084875728225,1163.224947892013,8836.724225125,129.16426035300174,0.014833576900481765,0.0,0.0,1.0181073434650898,False,False,
s-009,after_one_actual_history_call,0,1000,1,-8707.559964772,8707.559964772,16574.000299869,6187.084875728225,1163.224947892013,8836.724225125,129.16426035300174,0.014833576900481765,0.0,0.0,1.019749976694584,False,False,
s-009,after_one_actual_history_call,0,50,0,-8707.559964772,8707.559964772,16574.000299869,6187.084875728225,1163.224947892013,8836.724225125,129.16426035300174,0.014833576900481765,0.0,0.0,0.06881832703948021,False,False,
s-009,after_one_actual_history_call,0,50,1,-8707.559964772,8707.559964772,16574.000299869,6187.084875728225,1163.224947892013,8836.724225125,129.16426035300174,0.014833576900481765,0.0,0.0,0.06953644379973412,False,False,
s-009,after_one_actual_history_call,0,10,0,-8707.559964772,8707.559964772,16574.000299869,6187.084875728225,1163.224947892013,8836.724225125,129.16426035300174,0.014833576900481765,0.0,0.0,0.028343576937913895,False,False,
s-009,after_one_actual_history_call,0,10,1,-8707.559964772,8707.559964772,16574.000299869,6187.084875728225,1163.224947892013,8836.724225125,129.16426035300174,0.014833576900481765,0.0,0.0,0.028911907225847244,False,False,
s-009,after_one_actual_history_call,1,200,0,-33663.181132223,33663.181132223,45933.747939856,26916.497852738015,1163.224947892013,34140.756132894,477.57500067100045,0.0141868648359515,0.0,0.0,0.22150903567671776,False,False,
s-009,after_one_actual_history_call,1,200,1,-33663.181132223,33663.181132223,45933.747939856,26916.497852738015,1163.224947892013,34140.756132894,477.57500067100045,0.0141868648359515,0.0,0.0,0.22104774415493011,False,False,
s-009,after_one_actual_history_call,1,1000,0,-33663.181132223,33663.181132223,45933.747939856,26916.497852738015,1163.224947892013,34140.756132894,477.57500067100045,0.0141868648359515,0.0,0.0,1.021100528538227,False,False,
s-009,after_one_actual_history_call,1,1000,1,-33663.181132223,33663.181132223,45933.747939856,26916.497852738015,1163.224947892013,34140.756132894,477.57500067100045,0.0141868648359515,0.0,0.0,1.021360121667385,False,False,
s-009,after_one_actual_history_call,1,50,0,-33663.181132223,33663.181132223,45933.747939856,26916.497852738015,1163.224947892013,34140.756132894,477.57500067100045,0.0141868648359515,0.0,0.0,0.07070107758045197,False,False,
s-009,after_one_actual_history_call,1,50,1,-33663.181132223,33663.181132223,45933.747939856,26916.497852738015,1163.224947892013,34140.756132894,477.57500067100045,0.0141868648359515,0.0,0.0,0.07031653076410294,False,False,
s-009,after_one_actual_history_call,1,10,0,-33663.181132223,33663.181132223,45933.747939856,26916.497852738015,1163.224947892013,33944.868412623,281.6872804000013,0.00836781524876047,0.0,0.0,0.030095472931861877,False,False,
s-009,after_one_actual_history_call,1,10,1,-33663.181132223,33663.181132223,45933.747939856,26916.497852738015,1163.224947892013,33944.868412623,281.6872804000013,0.00836781524876047,0.0,0.0,0.029189299792051315,False,False,
s-009,after_one_actual_history_call,2,200,0,-0.4451118590000078,0.0,0.0,0.0,1163.224947892013,0.0,-0.4451118590000078,0.0,0.0,0.0,0.004543870687484741,False,True,
s-009,after_one_actual_history_call,2,200,1,-0.4451118590000078,0.0,0.0,0.0,1163.224947892013,0.0,-0.4451118590000078,0.0,0.0,0.0,0.0044832415878772736,False,True,
s-009,after_one_actual_history_call,2,1000,0,-0.4451118590000078,0.0,0.0,0.0,1163.224947892013,0.0,-0.4451118590000078,0.0,0.0,0.0,0.004500288516283035,False,True,
s-009,after_one_actual_history_call,2,1000,1,-0.4451118590000078,0.0,0.0,0.0,1163.224947892013,0.0,-0.4451118590000078,0.0,0.0,0.0,0.004537399858236313,False,True,
s-009,after_one_actual_history_call,2,50,0,-0.4451118590000078,0.0,0.0,0.0,1163.224947892013,0.0,-0.4451118590000078,0.0,0.0,0.0,0.004482768476009369,False,True,
s-009,after_one_actual_history_call,2,50,1,-0.4451118590000078,0.0,0.0,0.0,1163.224947892013,0.0,-0.4451118590000078,0.0,0.0,0.0,0.004501998424530029,False,True,
s-009,after_one_actual_history_call,2,10,0,-0.4451118590000078,0.0,0.0,0.0,1163.224947892013,0.0,-0.4451118590000078,0.0,0.0,0.0,0.004583258181810379,False,True,
s-009,after_one_actual_history_call,2,10,1,-0.4451118590000078,0.0,0.0,0.0,1163.224947892013,0.0,-0.4451118590000078,0.0,0.0,0.0,0.004570826888084412,False,True,
s-009,after_one_actual_history_call,3,200,0,-9167.236119568,9180.976867194,12971.907752907,6416.800769521886,1163.224947892013,9207.005051772,39.7689322039987,0.002835012543273532,0.0,0.0,0.218663077801466,False,False,
s-009,after_one_actual_history_call,3,200,1,-9167.236119568,9180.976867194,12971.907752907,6416.800769521886,1163.224947892013,9207.005051772,39.7689322039987,0.002835012543273532,0.0,0.0,0.21737511456012726,False,False,
s-009,after_one_actual_history_call,3,1000,0,-9167.236119568,9180.976867194,12971.907752907,6416.800769521886,1163.224947892013,9207.005051772,39.7689322039987,0.002835012543273532,0.0,0.0,1.017895132303238,False,False,
s-009,after_one_actual_history_call,3,1000,1,-9167.236119568,9180.976867194,12971.907752907,6416.800769521886,1163.224947892013,9207.005051772,39.7689322039987,0.002835012543273532,0.0,0.0,1.0182345397770405,False,False,
s-009,after_one_actual_history_call,3,50,0,-9167.236119568,9180.976867194,12971.907752907,6416.800769521886,1163.224947892013,9207.005051772,39.7689322039987,0.002835012543273532,0.0,0.0,0.06802471354603767,False,False,
s-009,after_one_actual_history_call,3,50,1,-9167.236119568,9180.976867194,12971.907752907,6416.800769521886,1163.224947892013,9207.005051772,39.7689322039987,0.002835012543273532,0.0,0.0,0.0674004815518856,False,False,
s-009,after_one_actual_history_call,3,10,0,-9167.236119568,9180.976867194,12971.907752907,6416.800769521886,1163.224947892013,9207.005051772,39.7689322039987,0.002835012543273532,0.0,0.0,0.027716968208551407,False,False,
s-009,after_one_actual_history_call,3,10,1,-9167.236119568,9180.976867194,12971.907752907,6416.800769521886,1163.224947892013,9207.005051772,39.7689322039987,0.002835012543273532,0.0,0.0,0.02669656276702881,False,False,
s-009,after_one_actual_history_call,4,200,0,-36251.235686715,37376.481362665,61477.211792600996,30007.102925769235,1163.224947892013,37376.481362665,1125.2456759499983,0.0,0.0,0.0,0.003357715904712677,False,True,
s-009,after_one_actual_history_call,4,200,1,-36251.235686715,37376.481362665,61477.211792600996,30007.102925769235,1163.224947892013,37376.481362665,1125.2456759499983,0.0,0.0,0.0,0.0032659657299518585,False,True,
s-009,after_one_actual_history_call,4,1000,0,-36251.235686715,37376.481362665,61477.211792600996,30007.102925769235,1163.224947892013,37376.481362665,1125.2456759499983,0.0,0.0,0.0,1.020475097000599,False,True,
s-009,after_one_actual_history_call,4,1000,1,-36251.235686715,37376.481362665,61477.211792600996,30007.102925769235,1163.224947892013,37376.481362665,1125.2456759499983,0.0,0.0,0.0,1.0213003419339657,False,True,
s-009,after_one_actual_history_call,4,50,0,-36251.235686715,37376.481362665,61477.211792600996,30007.102925769235,1163.224947892013,37376.481362665,1125.2456759499983,0.0,0.0,0.0,0.07126235961914062,False,True,
s-009,after_one_actual_history_call,4,50,1,-36251.235686715,37376.481362665,61477.211792600996,30007.102925769235,1163.224947892013,37376.481362665,1125.2456759499983,0.0,0.0,0.0,0.07110780850052834,False,True,
s-009,after_one_actual_history_call,4,10,0,-36251.235686715,37376.481362665,61477.211792600996,30007.102925769235,1163.224947892013,37376.481362665,1125.2456759499983,0.0,0.0,0.0,0.030582096427679062,False,True,
s-009,after_one_actual_history_call,4,10,1,-36251.235686715,37376.481362665,61477.211792600996,30007.102925769235,1163.224947892013,37376.481362665,1125.2456759499983,0.0,0.0,0.0,0.0317489430308342,False,True,
s-009,after_one_actual_history_call,5,200,0,-1.289235768000026,168.708337232,168.708337232,168.708337232,1163.224947892013,168.708337232,167.41910146399997,0.0,0.0,0.0,0.2169884257018566,False,True,
s-009,after_one_actual_history_call,5,200,1,-1.289235768000026,168.708337232,168.708337232,168.708337232,1163.224947892013,168.708337232,167.41910146399997,0.0,0.0,0.0,0.21675830706954002,False,True,
s-009,after_one_actual_history_call,5,1000,0,-1.289235768000026,168.708337232,168.708337232,168.708337232,1163.224947892013,168.708337232,167.41910146399997,0.0,0.0,0.0,1.0176648832857609,False,True,
s-009,after_one_actual_history_call,5,1000,1,-1.289235768000026,168.708337232,168.708337232,168.708337232,1163.224947892013,168.708337232,167.41910146399997,0.0,0.0,0.0,1.0178429558873177,False,True,
s-009,after_one_actual_history_call,5,50,0,-1.289235768000026,168.708337232,168.708337232,168.708337232,1163.224947892013,168.708337232,167.41910146399997,0.0,0.0,0.0,0.06648977473378181,False,True,
s-009,after_one_actual_history_call,5,50,1,-1.289235768000026,168.708337232,168.708337232,168.708337232,1163.224947892013,168.708337232,167.41910146399997,0.0,0.0,0.0,0.06569403409957886,False,True,
s-009,after_one_actual_history_call,5,10,0,-1.289235768000026,168.708337232,168.708337232,168.708337232,1163.224947892013,168.708337232,167.41910146399997,0.0,0.0,0.0,0.025096669793128967,False,True,
s-009,after_one_actual_history_call,5,10,1,-1.289235768000026,168.708337232,168.708337232,168.708337232,1163.224947892013,168.708337232,167.41910146399997,0.0,0.0,0.0,0.025106173008680344,False,True,
s-009,after_one_actual_history_call,6,200,0,-9590.650290204,10006.426106648,12168.083631413,6230.878547261407,1163.224947892013,10046.640150711,455.98986050700114,0.004018821868507464,0.0,0.0,0.21947544440627098,False,False,
s-009,after_one_actual_history_call,6,200,1,-9590.650290204,10006.426106648,12168.083631413,6230.878547261407,1163.224947892013,10046.640150711,455.98986050700114,0.004018821868507464,0.0,0.0,0.2195841446518898,False,False,
s-009,after_one_actual_history_call,6,1000,0,-9590.650290204,10006.426106648,12168.083631413,6230.878547261407,1163.224947892013,10046.640150711,455.98986050700114,0.004018821868507464,0.0,0.0,1.018118228763342,False,False,
s-009,after_one_actual_history_call,6,1000,1,-9590.650290204,10006.426106648,12168.083631413,6230.878547261407,1163.224947892013,10046.640150711,455.98986050700114,0.004018821868507464,0.0,0.0,1.0182169675827026,False,False,
s-009,after_one_actual_history_call,6,50,0,-9590.650290204,10006.426106648,12168.083631413,6230.878547261407,1163.224947892013,10046.640150711,455.98986050700114,0.004018821868507464,0.0,0.0,0.06848938018083572,False,False,
s-009,after_one_actual_history_call,6,50,1,-9590.650290204,10006.426106648,12168.083631413,6230.878547261407,1163.224947892013,10046.640150711,455.98986050700114,0.004018821868507464,0.0,0.0,0.06736398488283157,False,False,
s-009,after_one_actual_history_call,6,10,0,-9590.650290204,10006.426106648,12168.083631413,6230.878547261407,1163.224947892013,10046.640150711,455.98986050700114,0.004018821868507464,0.0,0.0,0.027029886841773987,False,False,
s-009,after_one_actual_history_call,6,10,1,-9590.650290204,10006.426106648,12168.083631413,6230.878547261407,1163.224947892013,10046.640150711,455.98986050700114,0.004018821868507464,0.0,0.0,0.02568088099360466,False,False,
s-009,after_one_actual_history_call,7,200,0,-36266.324159416,36696.285835345,63270.115984683,28019.350036366413,1163.224947892013,37577.042724496,1310.718565080002,0.02400125432592629,147.493617187989,0.00015334646532104594,0.22044137120246887,False,False,0.22044137120246887
s-009,after_one_actual_history_call,7,200,1,-36266.324159416,36696.285835345,63270.115984683,28019.350036366413,1163.224947892013,37577.042724496,1310.718565080002,0.02400125432592629,147.493617187989,0.00015334646532104594,0.22033869847655296,False,False,0.22033869847655296
s-009,after_one_actual_history_call,7,1000,0,-36266.324159416,36696.285835345,63270.115984683,28019.350036366413,1163.224947892013,37577.042724496,1310.718565080002,0.02400125432592629,147.493617187989,0.00015334646532104594,1.0210779644548893,False,False,1.0210779644548893
s-009,after_one_actual_history_call,7,1000,1,-36266.324159416,36696.285835345,63270.115984683,28019.350036366413,1163.224947892013,37577.042724496,1310.718565080002,0.02400125432592629,147.493617187989,0.00015334646532104594,1.0203896723687649,False,False,1.0203896723687649
s-009,after_one_actual_history_call,7,50,0,-36266.324159416,36696.285835345,63270.115984683,28019.350036366413,1163.224947892013,37577.042724496,1310.718565080002,0.02400125432592629,147.493617187989,0.00015334646532104594,0.07063453644514084,False,False,0.07063453644514084
s-009,after_one_actual_history_call,7,50,1,-36266.324159416,36696.285835345,63270.115984683,28019.350036366413,1163.224947892013,37577.042724496,1310.718565080002,0.02400125432592629,147.493617187989,0.00015334646532104594,0.07053829729557037,False,False,0.07053829729557037
s-009,after_one_actual_history_call,7,10,0,-36266.324159416,36696.285835345,63270.115984683,28019.350036366413,1163.224947892013,37577.042724496,1310.718565080002,0.02400125432592629,147.493617187989,0.00015334646532104594,0.030805163085460663,False,False,0.030805163085460663
s-009,after_one_actual_history_call,7,10,1,-36266.324159416,36696.285835345,63270.115984683,28019.350036366413,1163.224947892013,37577.042724496,1310.718565080002,0.02400125432592629,147.493617187989,0.00015334646532104594,0.03137131407856941,False,False,0.03137131407856941
s-009,after_one_actual_history_call,8,200,0,-4.179241879000074,385.74974706800003,385.74974706800003,385.74974706800003,1163.224947892013,385.74974706800003,381.57050518899996,0.0,0.0,0.0,0.21713922545313835,False,True,
s-009,after_one_actual_history_call,8,200,1,-4.179241879000074,385.74974706800003,385.74974706800003,385.74974706800003,1163.224947892013,385.74974706800003,381.57050518899996,0.0,0.0,0.0,0.21721269935369492,False,True,
s-009,after_one_actual_history_call,8,1000,0,-4.179241879000074,385.74974706800003,385.74974706800003,385.74974706800003,1163.224947892013,385.74974706800003,381.57050518899996,0.0,0.0,0.0,1.0166000239551067,False,True,
s-009,after_one_actual_history_call,8,1000,1,-4.179241879000074,385.74974706800003,385.74974706800003,385.74974706800003,1163.224947892013,385.74974706800003,381.57050518899996,0.0,0.0,0.0,1.0169686563313007,False,True,
s-009,after_one_actual_history_call,8,50,0,-4.179241879000074,385.74974706800003,385.74974706800003,385.74974706800003,1163.224947892013,385.74974706800003,381.57050518899996,0.0,0.0,0.0,0.06652405485510826,False,True,
s-009,after_one_actual_history_call,8,50,1,-4.179241879000074,385.74974706800003,385.74974706800003,385.74974706800003,1163.224947892013,385.74974706800003,381.57050518899996,0.0,0.0,0.0,0.06643668189644814,False,True,
s-009,after_one_actual_history_call,8,10,0,-4.179241879000074,385.74974706800003,385.74974706800003,385.74974706800003,1163.224947892013,385.74974706800003,381.57050518899996,0.0,0.0,0.0,0.02621443197131157,False,True,
s-009,after_one_actual_history_call,8,10,1,-4.179241879000074,385.74974706800003,385.74974706800003,385.74974706800003,1163.224947892013,385.74974706800003,381.57050518899996,0.0,0.0,0.0,0.026319976896047592,False,True,
s-009,after_one_actual_history_call,9,200,0,-9242.752702467,10140.482992603,12070.027407312,6759.7633233311735,1163.224947892013,10140.482992603,897.7302901359999,0.0,0.0,0.0,0.21827146038413048,False,True,
s-009,after_one_actual_history_call,9,200,1,-9242.752702467,10140.482992603,12070.027407312,6759.7633233311735,1163.224947892013,10140.482992603,897.7302901359999,0.0,0.0,0.0,0.2185364030301571,False,True,
s-009,after_one_actual_history_call,9,1000,0,-9242.752702467,10140.482992603,12070.027407312,6759.7633233311735,1163.224947892013,10140.482992603,897.7302901359999,0.0,0.0,0.0,1.0186651051044464,False,True,
s-009,after_one_actual_history_call,9,1000,1,-9242.752702467,10140.482992603,12070.027407312,6759.7633233311735,1163.224947892013,10140.482992603,897.7302901359999,0.0,0.0,0.0,1.0175381265580654,False,True,
s-009,after_one_actual_history_call,9,50,0,-9242.752702467,10140.482992603,12070.027407312,6759.7633233311735,1163.224947892013,10140.482992603,897.7302901359999,0.0,0.0,0.0,0.06850982457399368,False,True,
s-009,after_one_actual_history_call,9,50,1,-9242.752702467,10140.482992603,12070.027407312,6759.7633233311735,1163.224947892013,10140.482992603,897.7302901359999,0.0,0.0,0.0,0.06771951168775558,False,True,
s-009,after_one_actual_history_call,9,10,0,-9242.752702467,10140.482992603,12070.027407312,6759.7633233311735,1163.224947892013,10140.482992603,897.7302901359999,0.0,0.0,0.0,0.027855485677719116,False,True,
s-009,after_one_actual_history_call,9,10,1,-9242.752702467,10140.482992603,12070.027407312,6759.7633233311735,1163.224947892013,10140.482992603,897.7302901359999,0.0,0.0,0.0,0.025892511010169983,False,True,
s-009,after_one_actual_history_call,10,200,0,-36475.456037712,37638.680985604,54903.762445394,26697.844980592363,1163.224947892013,38858.498178546,2383.042140833997,0.03240860627949617,1219.817192941984,0.0012682220318529567,0.22030163556337357,False,False,0.22030163556337357
s-009,after_one_actual_history_call,10,200,1,-36475.456037712,37638.680985604,54903.762445394,26697.844980592363,1163.224947892013,38858.498178546,2383.042140833997,0.03240860627949617,1219.817192941984,0.0012682220318529567,0.22199644893407822,False,False,0.22199644893407822
s-009,after_one_actual_history_call,10,1000,0,-36475.456037712,37638.680985604,54903.762445394,26697.844980592363,1163.224947892013,38858.498178546,2383.042140833997,0.03240860627949617,1219.817192941984,0.0012682220318529567,1.020845677703619,False,False,1.020845677703619
s-009,after_one_actual_history_call,10,1000,1,-36475.456037712,37638.680985604,54903.762445394,26697.844980592363,1163.224947892013,38858.498178546,2383.042140833997,0.03240860627949617,1219.817192941984,0.0012682220318529567,1.020190842449665,False,False,1.020190842449665
s-009,after_one_actual_history_call,10,50,0,-36475.456037712,37638.680985604,54903.762445394,26697.844980592363,1163.224947892013,38858.498178546,2383.042140833997,0.03240860627949617,1219.817192941984,0.0012682220318529567,0.07263403758406639,False,False,0.07263403758406639
s-009,after_one_actual_history_call,10,50,1,-36475.456037712,37638.680985604,54903.762445394,26697.844980592363,1163.224947892013,38858.498178546,2383.042140833997,0.03240860627949617,1219.817192941984,0.0012682220318529567,0.07167688384652138,False,False,0.07167688384652138
s-009,after_one_actual_history_call,10,10,0,-36475.456037712,37638.680985604,54903.762445394,26697.844980592363,1163.224947892013,38858.498178546,2383.042140833997,0.03240860627949617,1219.817192941984,0.0012682220318529567,0.032928869128227234,False,False,0.032928869128227234
s-009,after_one_actual_history_call,10,10,1,-36475.456037712,37638.680985604,54903.762445394,26697.844980592363,1163.224947892013,38858.498178546,2383.042140833997,0.03240860627949617,1219.817192941984,0.0012682220318529567,0.030846666544675827,False,False,0.030846666544675827
s-010,after_common_greedy_prefix,0,200,0,-8679.808792137,8960.715778697,17845.362794856,6727.824001206322,897.7302901360672,9178.774702174,498.96591003699905,0.0243349893984371,0.0,0.0,0.22085337713360786,False,False,
s-010,after_common_greedy_prefix,0,200,1,-8679.808792137,8960.715778697,17845.362794856,6727.824001206322,897.7302901360672,9178.774702174,498.96591003699905,0.0243349893984371,0.0,0.0,0.21904992684721947,False,False,
s-010,after_common_greedy_prefix,0,1000,0,-8679.808792137,8960.715778697,17845.362794856,6727.824001206322,897.7302901360672,9178.774702174,498.96591003699905,0.0243349893984371,0.0,0.0,1.020493097603321,False,False,
s-010,after_common_greedy_prefix,0,1000,1,-8679.808792137,8960.715778697,17845.362794856,6727.824001206322,897.7302901360672,9178.774702174,498.96591003699905,0.0243349893984371,0.0,0.0,1.019202683120966,False,False,
s-010,after_common_greedy_prefix,0,50,0,-8679.808792137,8960.715778697,17845.362794856,6727.824001206322,897.7302901360672,9178.774702174,498.96591003699905,0.0243349893984371,0.0,0.0,0.07002384588122368,False,False,
s-010,after_common_greedy_prefix,0,50,1,-8679.808792137,8960.715778697,17845.362794856,6727.824001206322,897.7302901360672,9178.774702174,498.96591003699905,0.0243349893984371,0.0,0.0,0.06994682922959328,False,False,
s-010,after_common_greedy_prefix,0,10,0,-8679.808792137,8960.715778697,17845.362794856,6727.824001206322,897.7302901360672,9178.774702174,498.96591003699905,0.0243349893984371,0.0,0.0,0.030490513890981674,False,False,
s-010,after_common_greedy_prefix,0,10,1,-8679.808792137,8960.715778697,17845.362794856,6727.824001206322,897.7302901360672,9178.774702174,498.96591003699905,0.0243349893984371,0.0,0.0,0.030691009014844894,False,False,
s-010,after_common_greedy_prefix,1,200,0,-34398.854138552,34398.854138552,61319.475669984,28306.73208783221,897.7302901360672,35269.36916283,870.515024278,0.02530651226845325,0.0,0.0,0.22268107160925865,False,False,
s-010,after_common_greedy_prefix,1,200,1,-34398.854138552,34398.854138552,61319.475669984,28306.73208783221,897.7302901360672,35269.36916283,870.515024278,0.02530651226845325,0.0,0.0,0.22230738773941994,False,False,
s-010,after_common_greedy_prefix,1,1000,0,-34398.854138552,34398.854138552,61319.475669984,28306.73208783221,897.7302901360672,35269.36916283,870.515024278,0.02530651226845325,0.0,0.0,1.021484650671482,False,False,
s-010,after_common_greedy_prefix,1,1000,1,-34398.854138552,34398.854138552,61319.475669984,28306.73208783221,897.7302901360672,35269.36916283,870.515024278,0.02530651226845325,0.0,0.0,1.0211740843951702,False,False,
s-010,after_common_greedy_prefix,1,50,0,-34398.854138552,34398.854138552,61319.475669984,28306.73208783221,897.7302901360672,35269.36916283,870.515024278,0.02530651226845325,0.0,0.0,0.07023628056049347,False,False,
s-010,after_common_greedy_prefix,1,50,1,-34398.854138552,34398.854138552,61319.475669984,28306.73208783221,897.7302901360672,35269.36916283,870.515024278,0.02530651226845325,0.0,0.0,0.07094129547476768,False,False,
s-010,after_common_greedy_prefix,1,10,0,-34398.854138552,34398.854138552,61319.475669984,28306.73208783221,897.7302901360672,35269.36916283,870.515024278,0.02530651226845325,0.0,0.0,0.03196609392762184,False,False,
s-010,after_common_greedy_prefix,1,10,1,-34398.854138552,34398.854138552,61319.475669984,28306.73208783221,897.7302901360672,35269.36916283,870.515024278,0.02530651226845325,0.0,0.0,0.030743855983018875,False,False,
s-010,after_common_greedy_prefix,2,200,0,-0.4451118590000078,0.0,0.0,0.0,897.7302901360672,0.0,-0.4451118590000078,0.0,0.0,0.0,0.004825945943593979,False,True,
s-010,after_common_greedy_prefix,2,200,1,-0.4451118590000078,0.0,0.0,0.0,897.7302901360672,0.0,-0.4451118590000078,0.0,0.0,0.0,0.004660502076148987,False,True,
s-010,after_common_greedy_prefix,2,1000,0,-0.4451118590000078,0.0,0.0,0.0,897.7302901360672,0.0,-0.4451118590000078,0.0,0.0,0.0,0.00467473641037941,False,True,
s-010,after_common_greedy_prefix,2,1000,1,-0.4451118590000078,0.0,0.0,0.0,897.7302901360672,0.0,-0.4451118590000078,0.0,0.0,0.0,0.004679840058088303,False,True,
s-010,after_common_greedy_prefix,2,50,0,-0.4451118590000078,0.0,0.0,0.0,897.7302901360672,0.0,-0.4451118590000078,0.0,0.0,0.0,0.004677239805459976,False,True,
s-010,after_common_greedy_prefix,2,50,1,-0.4451118590000078,0.0,0.0,0.0,897.7302901360672,0.0,-0.4451118590000078,0.0,0.0,0.0,0.004639983177185059,False,True,
s-010,after_common_greedy_prefix,2,10,0,-0.4451118590000078,0.0,0.0,0.0,897.7302901360672,0.0,-0.4451118590000078,0.0,0.0,0.0,0.004643548280000687,False,True,
s-010,after_common_greedy_prefix,2,10,1,-0.4451118590000078,0.0,0.0,0.0,897.7302901360672,0.0,-0.4451118590000078,0.0,0.0,0.0,0.00463852658867836,False,True,
s-010,after_common_greedy_prefix,3,200,0,-9224.784943962999,9513.450166833,13787.233770022,6806.818766062969,897.7302901360672,9704.2521769,479.4672329370005,0.02005602664869138,0.0,0.0,0.21882672607898712,False,False,
s-010,after_common_greedy_prefix,3,200,1,-9224.784943962999,9513.450166833,13787.233770022,6806.818766062969,897.7302901360672,9704.2521769,479.4672329370005,0.02005602664869138,0.0,0.0,0.21892814710736275,False,False,
s-010,after_common_greedy_prefix,3,1000,0,-9224.784943962999,9513.450166833,13787.233770022,6806.818766062969,897.7302901360672,9704.2521769,479.4672329370005,0.02005602664869138,0.0,0.0,1.0185395404696465,False,False,
s-010,after_common_greedy_prefix,3,1000,1,-9224.784943962999,9513.450166833,13787.233770022,6806.818766062969,897.7302901360672,9704.2521769,479.4672329370005,0.02005602664869138,0.0,0.0,1.0182264372706413,False,False,
s-010,after_common_greedy_prefix,3,50,0,-9224.784943962999,9513.450166833,13787.233770022,6806.818766062969,897.7302901360672,9704.2521769,479.4672329370005,0.02005602664869138,0.0,0.0,0.06789110973477364,False,False,
s-010,after_common_greedy_prefix,3,50,1,-9224.784943962999,9513.450166833,13787.233770022,6806.818766062969,897.7302901360672,9704.2521769,479.4672329370005,0.02005602664869138,0.0,0.0,0.067304328083992,False,False,
s-010,after_common_greedy_prefix,3,10,0,-9224.784943962999,9513.450166833,13787.233770022,6806.818766062969,897.7302901360672,9704.2521769,479.4672329370005,0.02005602664869138,0.0,0.0,0.02893989533185959,False,False,
s-010,after_common_greedy_prefix,3,10,1,-9224.784943962999,9513.450166833,13787.233770022,6806.818766062969,897.7302901360672,9704.2521769,479.4672329370005,0.02005602664869138,0.0,0.0,0.027632132172584534,False,False,
s-010,after_common_greedy_prefix,4,200,0,-36166.766255799,36166.32114394,64879.672663326,29794.596298496104,897.7302901360672,37022.239445057,855.4731892580021,0.02366616990737029,0.0,0.0,0.2205822765827179,False,False,
s-010,after_common_greedy_prefix,4,200,1,-36166.766255799,36166.32114394,64879.672663326,29794.596298496104,897.7302901360672,37022.239445057,855.4731892580021,0.02366616990737029,0.0,0.0,0.2212883047759533,False,False,
s-010,after_common_greedy_prefix,4,1000,0,-36166.766255799,36166.32114394,64879.672663326,29794.596298496104,897.7302901360672,37022.239445057,855.4731892580021,0.02366616990737029,0.0,0.0,1.020568147301674,False,False,
s-010,after_common_greedy_prefix,4,1000,1,-36166.766255799,36166.32114394,64879.672663326,29794.596298496104,897.7302901360672,37022.239445057,855.4731892580021,0.02366616990737029,0.0,0.0,1.020938940346241,False,False,
s-010,after_common_greedy_prefix,4,50,0,-36166.766255799,36166.32114394,64879.672663326,29794.596298496104,897.7302901360672,37022.239445057,855.4731892580021,0.02366616990737029,0.0,0.0,0.07162313908338547,False,False,
s-010,after_common_greedy_prefix,4,50,1,-36166.766255799,36166.32114394,64879.672663326,29794.596298496104,897.7302901360672,37022.239445057,855.4731892580021,0.02366616990737029,0.0,0.0,0.07049723714590073,False,False,
s-010,after_common_greedy_prefix,4,10,0,-36166.766255799,36166.32114394,64879.672663326,29794.596298496104,897.7302901360672,37022.239445057,855.4731892580021,0.02366616990737029,0.0,0.0,0.030929449945688248,False,False,
s-010,after_common_greedy_prefix,4,10,1,-36166.766255799,36166.32114394,64879.672663326,29794.596298496104,897.7302901360672,37022.239445057,855.4731892580021,0.02366616990737029,0.0,0.0,0.030519049614667892,False,False,
s-010,after_common_greedy_prefix,5,200,0,-1.289235768000026,168.708337232,168.708337232,168.708337232,897.7302901360672,168.708337232,167.41910146399997,0.0,0.0,0.0,0.21595652773976326,False,True,
s-010,after_common_greedy_prefix,5,200,1,-1.289235768000026,168.708337232,168.708337232,168.708337232,897.7302901360672,168.708337232,167.41910146399997,0.0,0.0,0.0,0.21655874326825142,False,True,
s-010,after_common_greedy_prefix,5,1000,0,-1.289235768000026,168.708337232,168.708337232,168.708337232,897.7302901360672,168.708337232,167.41910146399997,0.0,0.0,0.0,1.0169644691050053,False,True,
s-010,after_common_greedy_prefix,5,1000,1,-1.289235768000026,168.708337232,168.708337232,168.708337232,897.7302901360672,168.708337232,167.41910146399997,0.0,0.0,0.0,1.0168910585343838,False,True,
s-010,after_common_greedy_prefix,5,50,0,-1.289235768000026,168.708337232,168.708337232,168.708337232,897.7302901360672,168.708337232,167.41910146399997,0.0,0.0,0.0,0.06685333698987961,False,True,
s-010,after_common_greedy_prefix,5,50,1,-1.289235768000026,168.708337232,168.708337232,168.708337232,897.7302901360672,168.708337232,167.41910146399997,0.0,0.0,0.0,0.06665029749274254,False,True,
s-010,after_common_greedy_prefix,5,10,0,-1.289235768000026,168.708337232,168.708337232,168.708337232,897.7302901360672,168.708337232,167.41910146399997,0.0,0.0,0.0,0.025638170540332794,False,True,
s-010,after_common_greedy_prefix,5,10,1,-1.289235768000026,168.708337232,168.708337232,168.708337232,897.7302901360672,168.708337232,167.41910146399997,0.0,0.0,0.0,0.02450176700949669,False,True,
s-010,after_common_greedy_prefix,6,200,0,-9462.23904578,9878.014862224,12387.986350381,6504.979591389174,897.7302901360672,9918.228906287,455.98986050700114,0.004071065353099391,0.0,0.0,0.21941372752189636,False,False,
s-010,after_common_greedy_prefix,6,200,1,-9462.23904578,9878.014862224,12387.986350381,6504.979591389174,897.7302901360672,9918.228906287,455.98986050700114,0.004071065353099391,0.0,0.0,0.218915905803442,False,False,
s-010,after_common_greedy_prefix,6,1000,0,-9462.23904578,9878.014862224,12387.986350381,6504.979591389174,897.7302901360672,9918.228906287,455.98986050700114,0.004071065353099391,0.0,0.0,1.0184597857296467,False,False,
s-010,after_common_greedy_prefix,6,1000,1,-9462.23904578,9878.014862224,12387.986350381,6504.979591389174,897.7302901360672,9918.228906287,455.98986050700114,0.004071065353099391,0.0,0.0,1.018106084316969,False,False,
s-010,after_common_greedy_prefix,6,50,0,-9462.23904578,9878.014862224,12387.986350381,6504.979591389174,897.7302901360672,9918.228906287,455.98986050700114,0.004071065353099391,0.0,0.0,0.06834923475980759,False,False,
s-010,after_common_greedy_prefix,6,50,1,-9462.23904578,9878.014862224,12387.986350381,6504.979591389174,897.7302901360672,9918.228906287,455.98986050700114,0.004071065353099391,0.0,0.0,0.06814151257276535,False,False,
s-010,after_common_greedy_prefix,6,10,0,-9462.23904578,9878.014862224,12387.986350381,6504.979591389174,897.7302901360672,9918.228906287,455.98986050700114,0.004071065353099391,0.0,0.0,0.02854018285870552,False,False,
s-010,after_common_greedy_prefix,6,10,1,-9462.23904578,9878.014862224,12387.986350381,6504.979591389174,897.7302901360672,9918.228906287,455.98986050700114,0.004071065353099391,0.0,0.0,0.02970784902572632,False,False,
s-010,after_common_greedy_prefix,7,200,0,-36556.638817888,36986.600493817,66555.171460565,28743.789018527394,897.7302901360672,37867.357382968,1310.718565080002,0.023812864047839076,412.9882749439348,0.00042937649363477626,0.2217276580631733,False,False,0.2217276580631733
s-010,after_common_greedy_prefix,7,200,1,-36556.638817888,36986.600493817,66555.171460565,28743.789018527394,897.7302901360672,37867.357382968,1310.718565080002,0.023812864047839076,412.9882749439348,0.00042937649363477626,0.22153277322649956,False,False,0.22153277322649956
s-010,after_common_greedy_prefix,7,1000,0,-36556.638817888,36986.600493817,66555.171460565,28743.789018527394,897.7302901360672,37867.357382968,1310.718565080002,0.023812864047839076,412.9882749439348,0.00042937649363477626,1.0218135751783848,False,False,1.0218135751783848
s-010,after_common_greedy_prefix,7,1000,1,-36556.638817888,36986.600493817,66555.171460565,28743.789018527394,897.7302901360672,37867.357382968,1310.718565080002,0.023812864047839076,412.9882749439348,0.00042937649363477626,1.0208094045519829,False,False,1.0208094045519829
s-010,after_common_greedy_prefix,7,50,0,-36556.638817888,36986.600493817,66555.171460565,28743.789018527394,897.7302901360672,37867.357382968,1310.718565080002,0.023812864047839076,412.9882749439348,0.00042937649363477626,0.07060165330767632,False,False,0.07060165330767632
s-010,after_common_greedy_prefix,7,50,1,-36556.638817888,36986.600493817,66555.171460565,28743.789018527394,897.7302901360672,37867.357382968,1310.718565080002,0.023812864047839076,412.9882749439348,0.00042937649363477626,0.07106887549161911,False,False,0.07106887549161911
s-010,after_common_greedy_prefix,7,10,0,-36556.638817888,36986.600493817,66555.171460565,28743.789018527394,897.7302901360672,37867.357382968,1310.718565080002,0.023812864047839076,412.9882749439348,0.00042937649363477626,0.03342071548104286,False,False,0.03342071548104286
s-010,after_common_greedy_prefix,7,10,1,-36556.638817888,36986.600493817,66555.171460565,28743.789018527394,897.7302901360672,37867.357382968,1310.718565080002,0.023812864047839076,412.9882749439348,0.00042937649363477626,0.031698476523160934,False,False,0.031698476523160934
s-010,after_common_greedy_prefix,8,200,0,-4.179241879000074,385.74974706800003,385.74974706800003,385.74974706800003,897.7302901360672,385.74974706800003,381.57050518899996,0.0,0.0,0.0,0.2170584872364998,False,True,
s-010,after_common_greedy_prefix,8,200,1,-4.179241879000074,385.74974706800003,385.74974706800003,385.74974706800003,897.7302901360672,385.74974706800003,381.57050518899996,0.0,0.0,0.0,0.21684440597891808,False,True,
s-010,after_common_greedy_prefix,8,1000,0,-4.179241879000074,385.74974706800003,385.74974706800003,385.74974706800003,897.7302901360672,385.74974706800003,381.57050518899996,0.0,0.0,0.0,1.0169770754873753,False,True,
s-010,after_common_greedy_prefix,8,1000,1,-4.179241879000074,385.74974706800003,385.74974706800003,385.74974706800003,897.7302901360672,385.74974706800003,381.57050518899996,0.0,0.0,0.0,1.0168110094964504,False,True,
s-010,after_common_greedy_prefix,8,50,0,-4.179241879000074,385.74974706800003,385.74974706800003,385.74974706800003,897.7302901360672,385.74974706800003,381.57050518899996,0.0,0.0,0.0,0.06684081256389618,False,True,
s-010,after_common_greedy_prefix,8,50,1,-4.179241879000074,385.74974706800003,385.74974706800003,385.74974706800003,897.7302901360672,385.74974706800003,381.57050518899996,0.0,0.0,0.0,0.06697707623243332,False,True,
s-010,after_common_greedy_prefix,8,10,0,-4.179241879000074,385.74974706800003,385.74974706800003,385.74974706800003,897.7302901360672,385.74974706800003,381.57050518899996,0.0,0.0,0.0,0.027233324944972992,False,True,
s-010,after_common_greedy_prefix,8,10,1,-4.179241879000074,385.74974706800003,385.74974706800003,385.74974706800003,897.7302901360672,385.74974706800003,381.57050518899996,0.0,0.0,0.0,0.027203544974327087,False,True,
s-010,after_common_greedy_prefix,9,200,0,-9166.509881501,10064.240171637,12508.958309803,6484.06501085799,897.7302901360672,10064.240171637,897.7302901359999,0.0,0.0,0.0,0.21936996281147003,False,True,
s-010,after_common_greedy_prefix,9,200,1,-9166.509881501,10064.240171637,12508.958309803,6484.06501085799,897.7302901360672,10064.240171637,897.7302901359999,0.0,0.0,0.0,0.2186260111629963,False,True,
s-010,after_common_greedy_prefix,9,1000,0,-9166.509881501,10064.240171637,12508.958309803,6484.06501085799,897.7302901360672,10064.240171637,897.7302901359999,0.0,0.0,0.0,1.018649585545063,False,True,
s-010,after_common_greedy_prefix,9,1000,1,-9166.509881501,10064.240171637,12508.958309803,6484.06501085799,897.7302901360672,10064.240171637,897.7302901359999,0.0,0.0,0.0,1.0180289670825005,False,True,
s-010,after_common_greedy_prefix,9,50,0,-9166.509881501,10064.240171637,12508.958309803,6484.06501085799,897.7302901360672,10064.240171637,897.7302901359999,0.0,0.0,0.0,0.06749880686402321,False,True,
s-010,after_common_greedy_prefix,9,50,1,-9166.509881501,10064.240171637,12508.958309803,6484.06501085799,897.7302901360672,10064.240171637,897.7302901359999,0.0,0.0,0.0,0.0680338703095913,False,True,
s-010,after_common_greedy_prefix,9,10,0,-9166.509881501,10064.240171637,12508.958309803,6484.06501085799,897.7302901360672,10064.240171637,897.7302901359999,0.0,0.0,0.0,0.028728239238262177,False,True,
s-010,after_common_greedy_prefix,9,10,1,-9166.509881501,10064.240171637,12508.958309803,6484.06501085799,897.7302901360672,10064.240171637,897.7302901359999,0.0,0.0,0.0,0.02722878009080887,False,True,
s-010,after_common_greedy_prefix,10,200,0,-36468.43986082,37303.385405552,54836.772060294,26849.327653053613,897.7302901360672,38477.408233221,2008.9683724010029,0.03147228635967901,1111.2380822649357,0.0011553342801829548,0.22091912478208542,False,False,0.22091912478208542
s-010,after_common_greedy_prefix,10,200,1,-36468.43986082,37303.385405552,54836.772060294,26849.327653053613,897.7302901360672,38477.408233221,2008.9683724010029,0.03147228635967901,1111.2380822649357,0.0011553342801829548,0.22025910019874573,False,False,0.22025910019874573
s-010,after_common_greedy_prefix,10,1000,0,-36468.43986082,37303.385405552,54836.772060294,26849.327653053613,897.7302901360672,38477.408233221,2008.9683724010029,0.03147228635967901,1111.2380822649357,0.0011553342801829548,1.020834632217884,False,False,1.020834632217884
s-010,after_common_greedy_prefix,10,1000,1,-36468.43986082,37303.385405552,54836.772060294,26849.327653053613,897.7302901360672,38477.408233221,2008.9683724010029,0.03147228635967901,1111.2380822649357,0.0011553342801829548,1.0201230570673943,False,False,1.0201230570673943
s-010,after_common_greedy_prefix,10,50,0,-36468.43986082,37303.385405552,54836.772060294,26849.327653053613,897.7302901360672,38477.408233221,2008.9683724010029,0.03147228635967901,1111.2380822649357,0.0011553342801829548,0.07013444229960442,False,False,0.07013444229960442
s-010,after_common_greedy_prefix,10,50,1,-36468.43986082,37303.385405552,54836.772060294,26849.327653053613,897.7302901360672,38477.408233221,2008.9683724010029,0.03147228635967901,1111.2380822649357,0.0011553342801829548,0.06939643993973732,False,False,0.06939643993973732
s-010,after_common_greedy_prefix,10,10,0,-36468.43986082,37303.385405552,54836.772060294,26849.327653053613,897.7302901360672,38477.408233221,2008.9683724010029,0.03147228635967901,1111.2380822649357,0.0011553342801829548,0.029291458427906036,False,False,0.029291458427906036
s-010,after_common_greedy_prefix,10,10,1,-36468.43986082,37303.385405552,54836.772060294,26849.327653053613,897.7302901360672,38477.408233221,2008.9683724010029,0.03147228635967901,1111.2380822649357,0.0011553342801829548,0.030904944986104965,False,False,0.030904944986104965
s-011,after_one_actual_history_call,0,200,0,-8679.808792137,8960.715778697,17845.362794856,6727.824001206322,897.7302901360672,9178.774702174,498.96591003699905,0.0243349893984371,0.0,0.0,0.21999486908316612,False,False,
s-011,after_one_actual_history_call,0,200,1,-8679.808792137,8960.715778697,17845.362794856,6727.824001206322,897.7302901360672,9178.774702174,498.96591003699905,0.0243349893984371,0.0,0.0,0.21939169242978096,False,False,
s-011,after_one_actual_history_call,0,1000,0,-8679.808792137,8960.715778697,17845.362794856,6727.824001206322,897.7302901360672,9178.774702174,498.96591003699905,0.0243349893984371,0.0,0.0,1.0183374732732773,False,False,
s-011,after_one_actual_history_call,0,1000,1,-8679.808792137,8960.715778697,17845.362794856,6727.824001206322,897.7302901360672,9178.774702174,498.96591003699905,0.0243349893984371,0.0,0.0,1.0191511660814285,False,False,
s-011,after_one_actual_history_call,0,50,0,-8679.808792137,8960.715778697,17845.362794856,6727.824001206322,897.7302901360672,9178.774702174,498.96591003699905,0.0243349893984371,0.0,0.0,0.06916609406471252,False,False,
s-011,after_one_actual_history_call,0,50,1,-8679.808792137,8960.715778697,17845.362794856,6727.824001206322,897.7302901360672,9178.774702174,498.96591003699905,0.0243349893984371,0.0,0.0,0.07042840495705605,False,False,
s-011,after_one_actual_history_call,0,10,0,-8679.808792137,8960.715778697,17845.362794856,6727.824001206322,897.7302901360672,9178.774702174,498.96591003699905,0.0243349893984371,0.0,0.0,0.032021988183259964,False,False,
s-011,after_one_actual_history_call,0,10,1,-8679.808792137,8960.715778697,17845.362794856,6727.824001206322,897.7302901360672,9178.774702174,498.96591003699905,0.0243349893984371,0.0,0.0,0.029325783252716064,False,False,
s-011,after_one_actual_history_call,1,200,0,-34398.854138552,34398.854138552,61319.475669984,28306.73208783221,897.7302901360672,35269.36916283,870.515024278,0.02530651226845325,0.0,0.0,0.22075936198234558,False,False,
s-011,after_one_actual_history_call,1,200,1,-34398.854138552,34398.854138552,61319.475669984,28306.73208783221,897.7302901360672,35269.36916283,870.515024278,0.02530651226845325,0.0,0.0,0.22093316167593002,False,False,
s-011,after_one_actual_history_call,1,1000,0,-34398.854138552,34398.854138552,61319.475669984,28306.73208783221,897.7302901360672,35269.36916283,870.515024278,0.02530651226845325,0.0,0.0,1.0206531174480915,False,False,
s-011,after_one_actual_history_call,1,1000,1,-34398.854138552,34398.854138552,61319.475669984,28306.73208783221,897.7302901360672,35269.36916283,870.515024278,0.02530651226845325,0.0,0.0,1.0215044058859348,False,False,
s-011,after_one_actual_history_call,1,50,0,-34398.854138552,34398.854138552,61319.475669984,28306.73208783221,897.7302901360672,35269.36916283,870.515024278,0.02530651226845325,0.0,0.0,0.07036634534597397,False,False,
s-011,after_one_actual_history_call,1,50,1,-34398.854138552,34398.854138552,61319.475669984,28306.73208783221,897.7302901360672,35269.36916283,870.515024278,0.02530651226845325,0.0,0.0,0.07115590572357178,False,False,
s-011,after_one_actual_history_call,1,10,0,-34398.854138552,34398.854138552,61319.475669984,28306.73208783221,897.7302901360672,35269.36916283,870.515024278,0.02530651226845325,0.0,0.0,0.03145752102136612,False,False,
s-011,after_one_actual_history_call,1,10,1,-34398.854138552,34398.854138552,61319.475669984,28306.73208783221,897.7302901360672,35269.36916283,870.515024278,0.02530651226845325,0.0,0.0,0.029558636248111725,False,False,
s-011,after_one_actual_history_call,2,200,0,-0.4451118590000078,0.0,0.0,0.0,897.7302901360672,0.0,-0.4451118590000078,0.0,0.0,0.0,0.0049476176500320435,False,True,
s-011,after_one_actual_history_call,2,200,1,-0.4451118590000078,0.0,0.0,0.0,897.7302901360672,0.0,-0.4451118590000078,0.0,0.0,0.0,0.0045473091304302216,False,True,
s-011,after_one_actual_history_call,2,1000,0,-0.4451118590000078,0.0,0.0,0.0,897.7302901360672,0.0,-0.4451118590000078,0.0,0.0,0.0,0.004579585045576096,False,True,
s-011,after_one_actual_history_call,2,1000,1,-0.4451118590000078,0.0,0.0,0.0,897.7302901360672,0.0,-0.4451118590000078,0.0,0.0,0.0,0.0045158155262470245,False,True,
s-011,after_one_actual_history_call,2,50,0,-0.4451118590000078,0.0,0.0,0.0,897.7302901360672,0.0,-0.4451118590000078,0.0,0.0,0.0,0.004506528377532959,False,True,
s-011,after_one_actual_history_call,2,50,1,-0.4451118590000078,0.0,0.0,0.0,897.7302901360672,0.0,-0.4451118590000078,0.0,0.0,0.0,0.0045890361070632935,False,True,
s-011,after_one_actual_history_call,2,10,0,-0.4451118590000078,0.0,0.0,0.0,897.7302901360672,0.0,-0.4451118590000078,0.0,0.0,0.0,0.004635907709598541,False,True,
s-011,after_one_actual_history_call,2,10,1,-0.4451118590000078,0.0,0.0,0.0,897.7302901360672,0.0,-0.4451118590000078,0.0,0.0,0.0,0.0045509859919548035,False,True,
s-011,after_one_actual_history_call,3,200,0,-9224.784943962999,9513.450166833,13787.233770022,6806.818766062969,897.7302901360672,9704.2521769,479.4672329370005,0.02005602664869138,0.0,0.0,0.2181001417338848,False,False,
s-011,after_one_actual_history_call,3,200,1,-9224.784943962999,9513.450166833,13787.233770022,6806.818766062969,897.7302901360672,9704.2521769,479.4672329370005,0.02005602664869138,0.0,0.0,0.21796391904354095,False,False,
s-011,after_one_actual_history_call,3,1000,0,-9224.784943962999,9513.450166833,13787.233770022,6806.818766062969,897.7302901360672,9704.2521769,479.4672329370005,0.02005602664869138,0.0,0.0,1.018493015319109,False,False,
s-011,after_one_actual_history_call,3,1000,1,-9224.784943962999,9513.450166833,13787.233770022,6806.818766062969,897.7302901360672,9704.2521769,479.4672329370005,0.02005602664869138,0.0,0.0,1.018294796347618,False,False,
s-011,after_one_actual_history_call,3,50,0,-9224.784943962999,9513.450166833,13787.233770022,6806.818766062969,897.7302901360672,9704.2521769,479.4672329370005,0.02005602664869138,0.0,0.0,0.06802596151828766,False,False,
s-011,after_one_actual_history_call,3,50,1,-9224.784943962999,9513.450166833,13787.233770022,6806.818766062969,897.7302901360672,9704.2521769,479.4672329370005,0.02005602664869138,0.0,0.0,0.06723544746637344,False,False,
s-011,after_one_actual_history_call,3,10,0,-9224.784943962999,9513.450166833,13787.233770022,6806.818766062969,897.7302901360672,9704.2521769,479.4672329370005,0.02005602664869138,0.0,0.0,0.026317771524190903,False,False,
s-011,after_one_actual_history_call,3,10,1,-9224.784943962999,9513.450166833,13787.233770022,6806.818766062969,897.7302901360672,9704.2521769,479.4672329370005,0.02005602664869138,0.0,0.0,0.026226576417684555,False,False,
s-011,after_one_actual_history_call,4,200,0,-36166.766255799,36166.32114394,64879.672663326,29794.596298496104,897.7302901360672,37022.239445057,855.4731892580021,0.02366616990737029,0.0,0.0,0.21982577815651894,False,False,
s-011,after_one_actual_history_call,4,200,1,-36166.766255799,36166.32114394,64879.672663326,29794.596298496104,897.7302901360672,37022.239445057,855.4731892580021,0.02366616990737029,0.0,0.0,0.22249412909150124,False,False,
s-011,after_one_actual_history_call,4,1000,0,-36166.766255799,36166.32114394,64879.672663326,29794.596298496104,897.7302901360672,37022.239445057,855.4731892580021,0.02366616990737029,0.0,0.0,1.0206815339624882,False,False,
s-011,after_one_actual_history_call,4,1000,1,-36166.766255799,36166.32114394,64879.672663326,29794.596298496104,897.7302901360672,37022.239445057,855.4731892580021,0.02366616990737029,0.0,0.0,1.0212398618459702,False,False,
s-011,after_one_actual_history_call,4,50,0,-36166.766255799,36166.32114394,64879.672663326,29794.596298496104,897.7302901360672,37022.239445057,855.4731892580021,0.02366616990737029,0.0,0.0,0.07287515327334404,False,False,
s-011,after_one_actual_history_call,4,50,1,-36166.766255799,36166.32114394,64879.672663326,29794.596298496104,897.7302901360672,37022.239445057,855.4731892580021,0.02366616990737029,0.0,0.0,0.07090440392494202,False,False,
s-011,after_one_actual_history_call,4,10,0,-36166.766255799,36166.32114394,64879.672663326,29794.596298496104,897.7302901360672,37022.239445057,855.4731892580021,0.02366616990737029,0.0,0.0,0.02987462654709816,False,False,
s-011,after_one_actual_history_call,4,10,1,-36166.766255799,36166.32114394,64879.672663326,29794.596298496104,897.7302901360672,37022.239445057,855.4731892580021,0.02366616990737029,0.0,0.0,0.028940998017787933,False,False,
s-011,after_one_actual_history_call,5,200,0,-1.289235768000026,168.708337232,168.708337232,168.708337232,897.7302901360672,168.708337232,167.41910146399997,0.0,0.0,0.0,0.003008674830198288,False,True,
s-011,after_one_actual_history_call,5,200,1,-1.289235768000026,168.708337232,168.708337232,168.708337232,897.7302901360672,168.708337232,167.41910146399997,0.0,0.0,0.0,0.0029232539236545563,False,True,
s-011,after_one_actual_history_call,5,1000,0,-1.289235768000026,168.708337232,168.708337232,168.708337232,897.7302901360672,168.708337232,167.41910146399997,0.0,0.0,0.0,1.016511332243681,False,True,
s-011,after_one_actual_history_call,5,1000,1,-1.289235768000026,168.708337232,168.708337232,168.708337232,897.7302901360672,168.708337232,167.41910146399997,0.0,0.0,0.0,1.0181487686932087,False,True,
s-011,after_one_actual_history_call,5,50,0,-1.289235768000026,168.708337232,168.708337232,168.708337232,897.7302901360672,168.708337232,167.41910146399997,0.0,0.0,0.0,0.06682664901018143,False,True,
s-011,after_one_actual_history_call,5,50,1,-1.289235768000026,168.708337232,168.708337232,168.708337232,897.7302901360672,168.708337232,167.41910146399997,0.0,0.0,0.0,0.06671059504151344,False,True,
s-011,after_one_actual_history_call,5,10,0,-1.289235768000026,168.708337232,168.708337232,168.708337232,897.7302901360672,168.708337232,167.41910146399997,0.0,0.0,0.0,0.025399062782526016,False,True,
s-011,after_one_actual_history_call,5,10,1,-1.289235768000026,168.708337232,168.708337232,168.708337232,897.7302901360672,168.708337232,167.41910146399997,0.0,0.0,0.0,0.024329807609319687,False,True,
s-011,after_one_actual_history_call,6,200,0,-9462.23904578,9878.014862224,12387.986350381,6504.979591389174,897.7302901360672,9918.228906287,455.98986050700114,0.004071065353099391,0.0,0.0,0.21702980250120163,False,False,
s-011,after_one_actual_history_call,6,200,1,-9462.23904578,9878.014862224,12387.986350381,6504.979591389174,897.7302901360672,9918.228906287,455.98986050700114,0.004071065353099391,0.0,0.0,0.21777227893471718,False,False,
s-011,after_one_actual_history_call,6,1000,0,-9462.23904578,9878.014862224,12387.986350381,6504.979591389174,897.7302901360672,9918.228906287,455.98986050700114,0.004071065353099391,0.0,0.0,1.0186318382620811,False,False,
s-011,after_one_actual_history_call,6,1000,1,-9462.23904578,9878.014862224,12387.986350381,6504.979591389174,897.7302901360672,9918.228906287,455.98986050700114,0.004071065353099391,0.0,0.0,1.0191103257238865,False,False,
s-011,after_one_actual_history_call,6,50,0,-9462.23904578,9878.014862224,12387.986350381,6504.979591389174,897.7302901360672,9918.228906287,455.98986050700114,0.004071065353099391,0.0,0.0,0.0678330510854721,False,False,
s-011,after_one_actual_history_call,6,50,1,-9462.23904578,9878.014862224,12387.986350381,6504.979591389174,897.7302901360672,9918.228906287,455.98986050700114,0.004071065353099391,0.0,0.0,0.06723103299736977,False,False,
s-011,after_one_actual_history_call,6,10,0,-9462.23904578,9878.014862224,12387.986350381,6504.979591389174,897.7302901360672,9918.228906287,455.98986050700114,0.004071065353099391,0.0,0.0,0.026669345796108246,False,False,
s-011,after_one_actual_history_call,6,10,1,-9462.23904578,9878.014862224,12387.986350381,6504.979591389174,897.7302901360672,9918.228906287,455.98986050700114,0.004071065353099391,0.0,0.0,0.02606925368309021,False,False,
s-011,after_one_actual_history_call,7,200,0,-36556.638817888,36986.600493817,66555.171460565,28743.789018527394,897.7302901360672,37867.357382968,1310.718565080002,0.023812864047839076,412.9882749439348,0.00042937649363477626,0.21956074610352516,False,False,0.21956074610352516
s-011,after_one_actual_history_call,7,200,1,-36556.638817888,36986.600493817,66555.171460565,28743.789018527394,897.7302901360672,37867.357382968,1310.718565080002,0.023812864047839076,412.9882749439348,0.00042937649363477626,0.22191062569618225,False,False,0.22191062569618225
s-011,after_one_actual_history_call,7,1000,0,-36556.638817888,36986.600493817,66555.171460565,28743.789018527394,897.7302901360672,37867.357382968,1310.718565080002,0.023812864047839076,412.9882749439348,0.00042937649363477626,1.022140596061945,False,False,1.022140596061945
s-011,after_one_actual_history_call,7,1000,1,-36556.638817888,36986.600493817,66555.171460565,28743.789018527394,897.7302901360672,37867.357382968,1310.718565080002,0.023812864047839076,412.9882749439348,0.00042937649363477626,1.022781852632761,False,False,1.022781852632761
s-011,after_one_actual_history_call,7,50,0,-36556.638817888,36986.600493817,66555.171460565,28743.789018527394,897.7302901360672,37867.357382968,1310.718565080002,0.023812864047839076,412.9882749439348,0.00042937649363477626,0.07441236823797226,False,False,0.07441236823797226
s-011,after_one_actual_history_call,7,50,1,-36556.638817888,36986.600493817,66555.171460565,28743.789018527394,897.7302901360672,37867.357382968,1310.718565080002,0.023812864047839076,412.9882749439348,0.00042937649363477626,0.07244254276156425,False,False,0.07244254276156425
s-011,after_one_actual_history_call,7,10,0,-36556.638817888,36986.600493817,66555.171460565,28743.789018527394,897.7302901360672,37867.357382968,1310.718565080002,0.023812864047839076,412.9882749439348,0.00042937649363477626,0.030293919146060944,False,False,0.030293919146060944
s-011,after_one_actual_history_call,7,10,1,-36556.638817888,36986.600493817,66555.171460565,28743.789018527394,897.7302901360672,37867.357382968,1310.718565080002,0.023812864047839076,412.9882749439348,0.00042937649363477626,0.02901608496904373,False,False,0.02901608496904373
s-011,after_one_actual_history_call,8,200,0,-4.179241879000074,385.74974706800003,385.74974706800003,385.74974706800003,897.7302901360672,385.74974706800003,381.57050518899996,0.0,0.0,0.0,0.2157260738313198,False,True,
s-011,after_one_actual_history_call,8,200,1,-4.179241879000074,385.74974706800003,385.74974706800003,385.74974706800003,897.7302901360672,385.74974706800003,381.57050518899996,0.0,0.0,0.0,0.21830418333411217,False,True,
s-011,after_one_actual_history_call,8,1000,0,-4.179241879000074,385.74974706800003,385.74974706800003,385.74974706800003,897.7302901360672,385.74974706800003,381.57050518899996,0.0,0.0,0.0,1.017466302961111,False,True,
s-011,after_one_actual_history_call,8,1000,1,-4.179241879000074,385.74974706800003,385.74974706800003,385.74974706800003,897.7302901360672,385.74974706800003,381.57050518899996,0.0,0.0,0.0,1.0173417814075947,False,True,
s-011,after_one_actual_history_call,8,50,0,-4.179241879000074,385.74974706800003,385.74974706800003,385.74974706800003,897.7302901360672,385.74974706800003,381.57050518899996,0.0,0.0,0.0,0.0668582022190094,False,True,
s-011,after_one_actual_history_call,8,50,1,-4.179241879000074,385.74974706800003,385.74974706800003,385.74974706800003,897.7302901360672,385.74974706800003,381.57050518899996,0.0,0.0,0.0,0.06598343327641487,False,True,
s-011,after_one_actual_history_call,8,10,0,-4.179241879000074,385.74974706800003,385.74974706800003,385.74974706800003,897.7302901360672,385.74974706800003,381.57050518899996,0.0,0.0,0.0,0.026551462709903717,False,True,
s-011,after_one_actual_history_call,8,10,1,-4.179241879000074,385.74974706800003,385.74974706800003,385.74974706800003,897.7302901360672,385.74974706800003,381.57050518899996,0.0,0.0,0.0,0.024708084762096405,False,True,
s-011,after_one_actual_history_call,9,200,0,-9166.509881501,10064.240171637,12508.958309803,6484.06501085799,897.7302901360672,10064.240171637,897.7302901359999,0.0,0.0,0.0,0.21886976435780525,False,True,
s-011,after_one_actual_history_call,9,200,1,-9166.509881501,10064.240171637,12508.958309803,6484.06501085799,897.7302901360672,10064.240171637,897.7302901359999,0.0,0.0,0.0,0.21906055882573128,False,True,
s-011,after_one_actual_history_call,9,1000,0,-9166.509881501,10064.240171637,12508.958309803,6484.06501085799,897.7302901360672,10064.240171637,897.7302901359999,0.0,0.0,0.0,1.0206908769905567,False,True,
s-011,after_one_actual_history_call,9,1000,1,-9166.509881501,10064.240171637,12508.958309803,6484.06501085799,897.7302901360672,10064.240171637,897.7302901359999,0.0,0.0,0.0,1.0198513455688953,False,True,
s-011,after_one_actual_history_call,9,50,0,-9166.509881501,10064.240171637,12508.958309803,6484.06501085799,897.7302901360672,10064.240171637,897.7302901359999,0.0,0.0,0.0,0.06792691722512245,False,True,
s-011,after_one_actual_history_call,9,50,1,-9166.509881501,10064.240171637,12508.958309803,6484.06501085799,897.7302901360672,10064.240171637,897.7302901359999,0.0,0.0,0.0,0.06743151694536209,False,True,
s-011,after_one_actual_history_call,9,10,0,-9166.509881501,10064.240171637,12508.958309803,6484.06501085799,897.7302901360672,10064.240171637,897.7302901359999,0.0,0.0,0.0,0.027102548629045486,False,True,
s-011,after_one_actual_history_call,9,10,1,-9166.509881501,10064.240171637,12508.958309803,6484.06501085799,897.7302901360672,10064.240171637,897.7302901359999,0.0,0.0,0.0,0.026016470044851303,False,True,
s-011,after_one_actual_history_call,10,200,0,-36468.43986082,37303.385405552,54836.772060294,26849.327653053613,897.7302901360672,38477.408233221,2008.9683724010029,0.03147228635967901,1111.2380822649357,0.0011553342801829548,0.2194133624434471,False,False,0.2194133624434471
s-011,after_one_actual_history_call,10,200,1,-36468.43986082,37303.385405552,54836.772060294,26849.327653053613,897.7302901360672,38477.408233221,2008.9683724010029,0.03147228635967901,1111.2380822649357,0.0011553342801829548,0.22166658192873,False,False,0.22166658192873
s-011,after_one_actual_history_call,10,1000,0,-36468.43986082,37303.385405552,54836.772060294,26849.327653053613,897.7302901360672,38477.408233221,2008.9683724010029,0.03147228635967901,1111.2380822649357,0.0011553342801829548,1.0215709283947945,False,False,1.0215709283947945
s-011,after_one_actual_history_call,10,1000,1,-36468.43986082,37303.385405552,54836.772060294,26849.327653053613,897.7302901360672,38477.408233221,2008.9683724010029,0.03147228635967901,1111.2380822649357,0.0011553342801829548,1.0229434333741665,False,False,1.0229434333741665
s-011,after_one_actual_history_call,10,50,0,-36468.43986082,37303.385405552,54836.772060294,26849.327653053613,897.7302901360672,38477.408233221,2008.9683724010029,0.03147228635967901,1111.2380822649357,0.0011553342801829548,0.07009490579366684,False,False,0.07009490579366684
s-011,after_one_actual_history_call,10,50,1,-36468.43986082,37303.385405552,54836.772060294,26849.327653053613,897.7302901360672,38477.408233221,2008.9683724010029,0.03147228635967901,1111.2380822649357,0.0011553342801829548,0.06930509209632874,False,False,0.06930509209632874
s-011,after_one_actual_history_call,10,10,0,-36468.43986082,37303.385405552,54836.772060294,26849.327653053613,897.7302901360672,38477.408233221,2008.9683724010029,0.03147228635967901,1111.2380822649357,0.0011553342801829548,0.02933303639292717,False,False,0.02933303639292717
s-011,after_one_actual_history_call,10,10,1,-36468.43986082,37303.385405552,54836.772060294,26849.327653053613,897.7302901360672,38477.408233221,2008.9683724010029,0.03147228635967901,1111.2380822649357,0.0011553342801829548,0.028285082429647446,False,False,0.028285082429647446
