snapshot_id,state_kind,action_index,workpoint_ms,repeat,q_seconds,L_seconds,U_seconds,P1_recovery_seconds,snapshot_best_gain_seconds,recovery_value_seconds,q_plus_recovery_seconds,local_delta,beyond_snapshot_gain_seconds,beyond_snapshot_global_fraction,complete_conditional_return_seconds,failed,zero_extra_gain,earliest_verified_more_than_snapshot_gain_seconds
s-000,after_common_greedy_prefix,0,200,0,-9805.476620214,9805.476620214,20233.171802966,6824.871459020992,478.0461106640287,10088.329077073,282.8524568590001,0.028846375124274883,0.0,0.0,0.21932582557201385,False,False,
s-000,after_common_greedy_prefix,0,200,1,-9805.476620214,9805.476620214,20233.171802966,6824.871459020992,478.0461106640287,10088.329077073,282.8524568590001,0.028846375124274883,0.0,0.0,0.22459415718913078,False,False,
s-000,after_common_greedy_prefix,0,1000,0,-9805.476620214,9805.476620214,20233.171802966,6824.871459020992,478.0461106640287,10088.329077073,282.8524568590001,0.028846375124274883,0.0,0.0,1.0205714255571365,False,False,
s-000,after_common_greedy_prefix,0,1000,1,-9805.476620214,9805.476620214,20233.171802966,6824.871459020992,478.0461106640287,10088.329077073,282.8524568590001,0.028846375124274883,0.0,0.0,1.0185132957994938,False,False,
s-000,after_common_greedy_prefix,0,50,0,-9805.476620214,9805.476620214,20233.171802966,6824.871459020992,478.0461106640287,10088.329077073,282.8524568590001,0.028846375124274883,0.0,0.0,0.06954947486519814,False,False,
s-000,after_common_greedy_prefix,0,50,1,-9805.476620214,9805.476620214,20233.171802966,6824.871459020992,478.0461106640287,10088.329077073,282.8524568590001,0.028846375124274883,0.0,0.0,0.07143094018101692,False,False,
s-000,after_common_greedy_prefix,0,10,0,-9805.476620214,9805.476620214,20233.171802966,6824.871459020992,478.0461106640287,10088.329077073,282.8524568590001,0.028846375124274883,0.0,0.0,0.030310746282339096,False,False,
s-000,after_common_greedy_prefix,0,10,1,-9805.476620214,9805.476620214,20233.171802966,6824.871459020992,478.0461106640287,10088.329077073,282.8524568590001,0.028846375124274883,0.0,0.0,0.029711056500673294,False,False,
s-000,after_common_greedy_prefix,1,200,0,-35801.28588328,35801.28588328,60815.91344435,31536.06289626544,478.0461106640287,36048.238385139,246.9525018589993,0.006897866815848971,0.0,0.0,0.22117799893021584,False,False,
s-000,after_common_greedy_prefix,1,200,1,-35801.28588328,35801.28588328,60815.91344435,31536.06289626544,478.0461106640287,36048.238385139,246.9525018589993,0.006897866815848971,0.0,0.0,0.22077083960175514,False,False,
s-000,after_common_greedy_prefix,1,1000,0,-35801.28588328,35801.28588328,60815.91344435,31536.06289626544,478.0461106640287,36048.238385139,246.9525018589993,0.006897866815848971,0.0,0.0,1.0213858112692833,False,False,
s-000,after_common_greedy_prefix,1,1000,1,-35801.28588328,35801.28588328,60815.91344435,31536.06289626544,478.0461106640287,36048.238385139,246.9525018589993,0.006897866815848971,0.0,0.0,1.0217810608446598,False,False,
s-000,after_common_greedy_prefix,1,50,0,-35801.28588328,35801.28588328,60815.91344435,31536.06289626544,478.0461106640287,36048.238385139,246.9525018589993,0.006897866815848971,0.0,0.0,0.07150579988956451,False,False,
s-000,after_common_greedy_prefix,1,50,1,-35801.28588328,35801.28588328,60815.91344435,31536.06289626544,478.0461106640287,36048.238385139,246.9525018589993,0.006897866815848971,0.0,0.0,0.07437550649046898,False,False,
s-000,after_common_greedy_prefix,1,10,0,-35801.28588328,35801.28588328,60815.91344435,31536.06289626544,478.0461106640287,36048.238385139,246.9525018589993,0.006897866815848971,0.0,0.0,0.030481528490781784,False,False,
s-000,after_common_greedy_prefix,1,10,1,-35801.28588328,35801.28588328,60815.91344435,31536.06289626544,478.0461106640287,36048.238385139,246.9525018589993,0.006897866815848971,0.0,0.0,0.028997309505939484,False,False,
s-000,after_common_greedy_prefix,2,200,0,-0.07629785100004938,0.0,0.0,0.0,478.0461106640287,0.0,-0.07629785100004938,0.0,0.0,0.0,0.0038161128759384155,False,True,
s-000,after_common_greedy_prefix,2,200,1,-0.07629785100004938,0.0,0.0,0.0,478.0461106640287,0.0,-0.07629785100004938,0.0,0.0,0.0,0.003700628876686096,False,True,
s-000,after_common_greedy_prefix,2,1000,0,-0.07629785100004938,0.0,0.0,0.0,478.0461106640287,0.0,-0.07629785100004938,0.0,0.0,0.0,0.003988955169916153,False,True,
s-000,after_common_greedy_prefix,2,1000,1,-0.07629785100004938,0.0,0.0,0.0,478.0461106640287,0.0,-0.07629785100004938,0.0,0.0,0.0,0.00409315899014473,False,True,
s-000,after_common_greedy_prefix,2,50,0,-0.07629785100004938,0.0,0.0,0.0,478.0461106640287,0.0,-0.07629785100004938,0.0,0.0,0.0,0.003536708652973175,False,True,
s-000,after_common_greedy_prefix,2,50,1,-0.07629785100004938,0.0,0.0,0.0,478.0461106640287,0.0,-0.07629785100004938,0.0,0.0,0.0,0.004306580871343613,False,True,
s-000,after_common_greedy_prefix,2,10,0,-0.07629785100004938,0.0,0.0,0.0,478.0461106640287,0.0,-0.07629785100004938,0.0,0.0,0.0,0.004352089017629623,False,True,
s-000,after_common_greedy_prefix,2,10,1,-0.07629785100004938,0.0,0.0,0.0,478.0461106640287,0.0,-0.07629785100004938,0.0,0.0,0.0,0.004335343837738037,False,True,
s-000,after_common_greedy_prefix,3,200,0,-8124.212439956001,8337.692972221,10652.226758555,6135.53822085454,478.0461106640287,8408.692965729,284.4805257729995,0.008515544257212737,0.0,0.0,0.21856427192687988,False,False,
s-000,after_common_greedy_prefix,3,200,1,-8124.212439956001,8337.692972221,10652.226758555,6135.53822085454,478.0461106640287,8408.692965729,284.4805257729995,0.008515544257212737,0.0,0.0,0.21850527077913284,False,False,
s-000,after_common_greedy_prefix,3,1000,0,-8124.212439956001,8337.692972221,10652.226758555,6135.53822085454,478.0461106640287,8408.692965729,284.4805257729995,0.008515544257212737,0.0,0.0,1.0193525068461895,False,False,
s-000,after_common_greedy_prefix,3,1000,1,-8124.212439956001,8337.692972221,10652.226758555,6135.53822085454,478.0461106640287,8408.692965729,284.4805257729995,0.008515544257212737,0.0,0.0,1.0184841006994247,False,False,
s-000,after_common_greedy_prefix,3,50,0,-8124.212439956001,8337.692972221,10652.226758555,6135.53822085454,478.0461106640287,8408.692965729,284.4805257729995,0.008515544257212737,0.0,0.0,0.06862378120422363,False,False,
s-000,after_common_greedy_prefix,3,50,1,-8124.212439956001,8337.692972221,10652.226758555,6135.53822085454,478.0461106640287,8408.692965729,284.4805257729995,0.008515544257212737,0.0,0.0,0.06826824694871902,False,False,
s-000,after_common_greedy_prefix,3,10,0,-8124.212439956001,8337.692972221,10652.226758555,6135.53822085454,478.0461106640287,8408.692965729,284.4805257729995,0.008515544257212737,0.0,0.0,0.02862127497792244,False,False,
s-000,after_common_greedy_prefix,3,10,1,-8124.212439956001,8337.692972221,10652.226758555,6135.53822085454,478.0461106640287,8408.692965729,284.4805257729995,0.008515544257212737,0.0,0.0,0.027648165822029114,False,False,
s-000,after_common_greedy_prefix,4,200,0,-36214.579962511,36214.50366466,65038.075667486,30534.7074183516,478.0461106640287,36786.494947793,571.9149852819974,0.015794536035328276,93.86887461796869,0.00012920383972577526,0.2194526568055153,False,False,0.2194526568055153
s-000,after_common_greedy_prefix,4,200,1,-36214.579962511,36214.50366466,65038.075667486,30534.7074183516,478.0461106640287,36786.494947793,571.9149852819974,0.015794536035328276,93.86887461796869,0.00012920383972577526,0.22194087877869606,False,False,0.22194087877869606
s-000,after_common_greedy_prefix,4,1000,0,-36214.579962511,36214.50366466,65038.075667486,30534.7074183516,478.0461106640287,36786.494947793,571.9149852819974,0.015794536035328276,93.86887461796869,0.00012920383972577526,1.0219894424080849,False,False,1.0219894424080849
s-000,after_common_greedy_prefix,4,1000,1,-36214.579962511,36214.50366466,65038.075667486,30534.7074183516,478.0461106640287,36786.494947793,571.9149852819974,0.015794536035328276,93.86887461796869,0.00012920383972577526,1.020749494433403,False,False,1.020749494433403
s-000,after_common_greedy_prefix,4,50,0,-36214.579962511,36214.50366466,65038.075667486,30534.7074183516,478.0461106640287,36786.494947793,571.9149852819974,0.015794536035328276,93.86887461796869,0.00012920383972577526,0.07090117409825325,False,False,0.07090117409825325
s-000,after_common_greedy_prefix,4,50,1,-36214.579962511,36214.50366466,65038.075667486,30534.7074183516,478.0461106640287,36786.494947793,571.9149852819974,0.015794536035328276,93.86887461796869,0.00012920383972577526,0.0714503675699234,False,False,0.0714503675699234
s-000,after_common_greedy_prefix,4,10,0,-36214.579962511,36214.50366466,65038.075667486,30534.7074183516,478.0461106640287,36565.622209893,351.0422473819999,0.009695522779610607,0.0,0.0,0.03216886520385742,False,False,
s-000,after_common_greedy_prefix,4,10,1,-36214.579962511,36214.50366466,65038.075667486,30534.7074183516,478.0461106640287,36565.622209893,351.0422473819999,0.009695522779610607,0.0,0.0,0.031172361224889755,False,False,
s-000,after_common_greedy_prefix,5,200,0,-0.5494084429999475,0.0,0.0,0.0,478.0461106640287,0.0,-0.5494084429999475,0.0,0.0,0.0,0.0038429759442806244,False,True,
s-000,after_common_greedy_prefix,5,200,1,-0.5494084429999475,0.0,0.0,0.0,478.0461106640287,0.0,-0.5494084429999475,0.0,0.0,0.0,0.0037223026156425476,False,True,
s-000,after_common_greedy_prefix,5,1000,0,-0.5494084429999475,0.0,0.0,0.0,478.0461106640287,0.0,-0.5494084429999475,0.0,0.0,0.0,0.003678400069475174,False,True,
s-000,after_common_greedy_prefix,5,1000,1,-0.5494084429999475,0.0,0.0,0.0,478.0461106640287,0.0,-0.5494084429999475,0.0,0.0,0.0,0.0038466230034828186,False,True,
s-000,after_common_greedy_prefix,5,50,0,-0.5494084429999475,0.0,0.0,0.0,478.0461106640287,0.0,-0.5494084429999475,0.0,0.0,0.0,0.003967326134443283,False,True,
s-000,after_common_greedy_prefix,5,50,1,-0.5494084429999475,0.0,0.0,0.0,478.0461106640287,0.0,-0.5494084429999475,0.0,0.0,0.0,0.003725145012140274,False,True,
s-000,after_common_greedy_prefix,5,10,0,-0.5494084429999475,0.0,0.0,0.0,478.0461106640287,0.0,-0.5494084429999475,0.0,0.0,0.0,0.003701169043779373,False,True,
s-000,after_common_greedy_prefix,5,10,1,-0.5494084429999475,0.0,0.0,0.0,478.0461106640287,0.0,-0.5494084429999475,0.0,0.0,0.0,0.00366201251745224,False,True,
s-000,after_common_greedy_prefix,6,200,0,-8028.591765968,8262.517447343,15148.611587238,6414.159829187354,478.0461106640287,9104.845265341,1076.2534993730005,0.1019456628522909,598.2073887089718,0.0008233899883011201,0.21965522319078445,False,False,0.21965522319078445
s-000,after_common_greedy_prefix,6,200,1,-8028.591765968,8262.517447343,15148.611587238,6414.159829187354,478.0461106640287,9104.845265341,1076.2534993730005,0.1019456628522909,598.2073887089718,0.0008233899883011201,0.21996062248945236,False,False,0.21996062248945236
s-000,after_common_greedy_prefix,6,1000,0,-8028.591765968,8262.517447343,15148.611587238,6414.159829187354,478.0461106640287,9104.845265341,1076.2534993730005,0.1019456628522909,598.2073887089718,0.0008233899883011201,1.0192670561373234,False,False,1.0192670561373234
s-000,after_common_greedy_prefix,6,1000,1,-8028.591765968,8262.517447343,15148.611587238,6414.159829187354,478.0461106640287,9104.845265341,1076.2534993730005,0.1019456628522909,598.2073887089718,0.0008233899883011201,1.0192000716924667,False,False,1.0192000716924667
s-000,after_common_greedy_prefix,6,50,0,-8028.591765968,8262.517447343,15148.611587238,6414.159829187354,478.0461106640287,9104.845265341,1076.2534993730005,0.1019456628522909,598.2073887089718,0.0008233899883011201,0.0696544386446476,False,False,0.0696544386446476
s-000,after_common_greedy_prefix,6,50,1,-8028.591765968,8262.517447343,15148.611587238,6414.159829187354,478.0461106640287,9104.845265341,1076.2534993730005,0.1019456628522909,598.2073887089718,0.0008233899883011201,0.06964084506034851,False,False,0.06964084506034851
s-000,after_common_greedy_prefix,6,10,0,-8028.591765968,8262.517447343,15148.611587238,6414.159829187354,478.0461106640287,9104.845265341,1076.2534993730005,0.1019456628522909,598.2073887089718,0.0008233899883011201,0.02881588041782379,False,False,0.02881588041782379
s-000,after_common_greedy_prefix,6,10,1,-8028.591765968,8262.517447343,15148.611587238,6414.159829187354,478.0461106640287,9104.845265341,1076.2534993730005,0.1019456628522909,598.2073887089718,0.0008233899883011201,0.029323477298021317,False,False,0.029323477298021317
s-000,after_common_greedy_prefix,7,200,0,-36649.685887907,36649.136479464,63694.415444475,31880.93620539587,478.0461106640287,37132.716644011,483.03075610400265,0.013194858351382108,4.984645439973974,6.861010458869724e-06,0.22147482633590698,False,False,0.22147482633590698
s-000,after_common_greedy_prefix,7,200,1,-36649.685887907,36649.136479464,63694.415444475,31880.93620539587,478.0461106640287,37132.716644011,483.03075610400265,0.013194858351382108,4.984645439973974,6.861010458869724e-06,0.22096191719174385,False,False,0.22096191719174385
s-000,after_common_greedy_prefix,7,1000,0,-36649.685887907,36649.136479464,63694.415444475,31880.93620539587,478.0461106640287,37132.716644011,483.03075610400265,0.013194858351382108,4.984645439973974,6.861010458869724e-06,1.0195388123393059,False,False,1.0195388123393059
s-000,after_common_greedy_prefix,7,1000,1,-36649.685887907,36649.136479464,63694.415444475,31880.93620539587,478.0461106640287,37132.716644011,483.03075610400265,0.013194858351382108,4.984645439973974,6.861010458869724e-06,1.0196904391050339,False,False,1.0196904391050339
s-000,after_common_greedy_prefix,7,50,0,-36649.685887907,36649.136479464,63694.415444475,31880.93620539587,478.0461106640287,37132.716644011,483.03075610400265,0.013194858351382108,4.984645439973974,6.861010458869724e-06,0.0713827945291996,False,False,0.0713827945291996
s-000,after_common_greedy_prefix,7,50,1,-36649.685887907,36649.136479464,63694.415444475,31880.93620539587,478.0461106640287,37132.716644011,483.03075610400265,0.013194858351382108,4.984645439973974,6.861010458869724e-06,0.07062879949808121,False,False,0.07062879949808121
s-000,after_common_greedy_prefix,7,10,0,-36649.685887907,36649.136479464,63694.415444475,31880.93620539587,478.0461106640287,37132.716644011,483.03075610400265,0.013194858351382108,4.984645439973974,6.861010458869724e-06,0.031337495893239975,False,False,0.031337495893239975
s-000,after_common_greedy_prefix,7,10,1,-36649.685887907,36649.136479464,63694.415444475,31880.93620539587,478.0461106640287,37132.716644011,483.03075610400265,0.013194858351382108,4.984645439973974,6.861010458869724e-06,0.03131319582462311,False,False,0.03131319582462311
s-000,after_common_greedy_prefix,8,200,0,-3.0773249540002325,246.6483458,246.6483458,246.6483458,478.0461106640287,246.6483458,243.57102084599975,0.0,0.0,0.0,0.21665198728442192,False,True,
s-000,after_common_greedy_prefix,8,200,1,-3.0773249540002325,246.6483458,246.6483458,246.6483458,478.0461106640287,246.6483458,243.57102084599975,0.0,0.0,0.0,0.2170385643839836,False,True,
s-000,after_common_greedy_prefix,8,1000,0,-3.0773249540002325,246.6483458,246.6483458,246.6483458,478.0461106640287,246.6483458,243.57102084599975,0.0,0.0,0.0,1.016266394406557,False,True,
s-000,after_common_greedy_prefix,8,1000,1,-3.0773249540002325,246.6483458,246.6483458,246.6483458,478.0461106640287,246.6483458,243.57102084599975,0.0,0.0,0.0,1.0163175091147423,False,True,
s-000,after_common_greedy_prefix,8,50,0,-3.0773249540002325,246.6483458,246.6483458,246.6483458,478.0461106640287,246.6483458,243.57102084599975,0.0,0.0,0.0,0.06603043898940086,False,True,
s-000,after_common_greedy_prefix,8,50,1,-3.0773249540002325,246.6483458,246.6483458,246.6483458,478.0461106640287,246.6483458,243.57102084599975,0.0,0.0,0.0,0.06695359200239182,False,True,
s-000,after_common_greedy_prefix,8,10,0,-3.0773249540002325,246.6483458,246.6483458,246.6483458,478.0461106640287,246.6483458,243.57102084599975,0.0,0.0,0.0,0.025059450417757034,False,True,
s-000,after_common_greedy_prefix,8,10,1,-3.0773249540002325,246.6483458,246.6483458,246.6483458,478.0461106640287,246.6483458,243.57102084599975,0.0,0.0,0.0,0.025417648255825043,False,True,
s-000,after_common_greedy_prefix,9,200,0,-8031.119682479,8509.165793143,15395.259933038,6653.472257599605,478.0461106640287,9351.493611141,1320.3739286620003,0.09899064590759056,842.3278179979716,0.001159404422776993,0.21787483245134354,False,False,0.21787483245134354
s-000,after_common_greedy_prefix,9,200,1,-8031.119682479,8509.165793143,15395.259933038,6653.472257599605,478.0461106640287,9351.493611141,1320.3739286620003,0.09899064590759056,842.3278179979716,0.001159404422776993,0.21822457388043404,False,False,0.21822457388043404
s-000,after_common_greedy_prefix,9,1000,0,-8031.119682479,8509.165793143,15395.259933038,6653.472257599605,478.0461106640287,9351.493611141,1320.3739286620003,0.09899064590759056,842.3278179979716,0.001159404422776993,1.0192902497947216,False,False,1.0192902497947216
s-000,after_common_greedy_prefix,9,1000,1,-8031.119682479,8509.165793143,15395.259933038,6653.472257599605,478.0461106640287,9351.493611141,1320.3739286620003,0.09899064590759056,842.3278179979716,0.001159404422776993,1.0188493132591248,False,False,1.0188493132591248
s-000,after_common_greedy_prefix,9,50,0,-8031.119682479,8509.165793143,15395.259933038,6653.472257599605,478.0461106640287,9351.493611141,1320.3739286620003,0.09899064590759056,842.3278179979716,0.001159404422776993,0.06860470771789551,False,False,0.06860470771789551
s-000,after_common_greedy_prefix,9,50,1,-8031.119682479,8509.165793143,15395.259933038,6653.472257599605,478.0461106640287,9351.493611141,1320.3739286620003,0.09899064590759056,842.3278179979716,0.001159404422776993,0.06674133613705635,False,False,0.06674133613705635
s-000,after_common_greedy_prefix,9,10,0,-8031.119682479,8509.165793143,15395.259933038,6653.472257599605,478.0461106640287,9351.493611141,1320.3739286620003,0.09899064590759056,842.3278179979716,0.001159404422776993,0.028223983943462372,False,False,0.028223983943462372
s-000,after_common_greedy_prefix,9,10,1,-8031.119682479,8509.165793143,15395.259933038,6653.472257599605,478.0461106640287,9351.493611141,1320.3739286620003,0.09899064590759056,842.3278179979716,0.001159404422776993,0.0595211461186409,False,False,0.0595211461186409
s-000,after_common_greedy_prefix,10,200,0,-34837.523295194,35286.098616072,55996.197028391,29763.971101970703,478.0461106640287,36206.806602103,1369.2833069090048,0.02609265467539228,891.2371962449761,0.001226724708588789,0.22039222344756126,False,False,0.22039222344756126
s-000,after_common_greedy_prefix,10,200,1,-34837.523295194,35286.098616072,55996.197028391,29763.971101970703,478.0461106640287,36206.806602103,1369.2833069090048,0.02609265467539228,891.2371962449761,0.001226724708588789,0.22009432688355446,False,False,0.22009432688355446
s-000,after_common_greedy_prefix,10,1000,0,-34837.523295194,35286.098616072,55996.197028391,29763.971101970703,478.0461106640287,36206.806602103,1369.2833069090048,0.02609265467539228,891.2371962449761,0.001226724708588789,1.0200549848377705,False,False,1.0200549848377705
s-000,after_common_greedy_prefix,10,1000,1,-34837.523295194,35286.098616072,55996.197028391,29763.971101970703,478.0461106640287,36206.806602103,1369.2833069090048,0.02609265467539228,891.2371962449761,0.001226724708588789,1.020916871726513,False,False,1.020916871726513
s-000,after_common_greedy_prefix,10,50,0,-34837.523295194,35286.098616072,55996.197028391,29763.971101970703,478.0461106640287,36206.806602103,1369.2833069090048,0.02609265467539228,891.2371962449761,0.001226724708588789,0.07177207991480827,False,False,0.07177207991480827
s-000,after_common_greedy_prefix,10,50,1,-34837.523295194,35286.098616072,55996.197028391,29763.971101970703,478.0461106640287,36206.806602103,1369.2833069090048,0.02609265467539228,891.2371962449761,0.001226724708588789,0.0698457658290863,False,False,0.0698457658290863
s-000,after_common_greedy_prefix,10,10,0,-34837.523295194,35286.098616072,55996.197028391,29763.971101970703,478.0461106640287,36206.806602103,1369.2833069090048,0.02609265467539228,891.2371962449761,0.001226724708588789,0.02925937995314598,False,False,0.02925937995314598
s-000,after_common_greedy_prefix,10,10,1,-34837.523295194,35286.098616072,55996.197028391,29763.971101970703,478.0461106640287,36206.806602103,1369.2833069090048,0.02609265467539228,891.2371962449761,0.001226724708588789,0.027883406728506088,False,False,0.027883406728506088
s-001,after_one_actual_history_call,0,200,0,-9805.476620214,10088.329077073,20233.171802966,6824.871459020992,478.0461106640287,10088.329077073,282.8524568590001,0.0,0.0,0.0,0.0028777197003364563,False,True,
s-001,after_one_actual_history_call,0,200,1,-9805.476620214,10088.329077073,20233.171802966,6824.871459020992,478.0461106640287,10088.329077073,282.8524568590001,0.0,0.0,0.0,0.0024479329586029053,False,True,
s-001,after_one_actual_history_call,0,1000,0,-9805.476620214,10088.329077073,20233.171802966,6824.871459020992,478.0461106640287,10088.329077073,282.8524568590001,0.0,0.0,0.0,1.0200073830783367,False,True,
s-001,after_one_actual_history_call,0,1000,1,-9805.476620214,10088.329077073,20233.171802966,6824.871459020992,478.0461106640287,10088.329077073,282.8524568590001,0.0,0.0,0.0,1.0210034474730492,False,True,
s-001,after_one_actual_history_call,0,50,0,-9805.476620214,10088.329077073,20233.171802966,6824.871459020992,478.0461106640287,10088.329077073,282.8524568590001,0.0,0.0,0.0,0.0685994103550911,False,True,
s-001,after_one_actual_history_call,0,50,1,-9805.476620214,10088.329077073,20233.171802966,6824.871459020992,478.0461106640287,10088.329077073,282.8524568590001,0.0,0.0,0.0,0.06934278458356857,False,True,
s-001,after_one_actual_history_call,0,10,0,-9805.476620214,10088.329077073,20233.171802966,6824.871459020992,478.0461106640287,10088.329077073,282.8524568590001,0.0,0.0,0.0,0.029838107526302338,False,True,
s-001,after_one_actual_history_call,0,10,1,-9805.476620214,10088.329077073,20233.171802966,6824.871459020992,478.0461106640287,10088.329077073,282.8524568590001,0.0,0.0,0.0,0.028880346566438675,False,True,
s-001,after_one_actual_history_call,1,200,0,-35801.28588328,35801.28588328,60815.91344435,31536.06289626544,478.0461106640287,36048.238385139,246.9525018589993,0.006897866815848971,0.0,0.0,0.22232572361826897,False,False,
s-001,after_one_actual_history_call,1,200,1,-35801.28588328,35801.28588328,60815.91344435,31536.06289626544,478.0461106640287,36048.238385139,246.9525018589993,0.006897866815848971,0.0,0.0,0.22079049423336983,False,False,
s-001,after_one_actual_history_call,1,1000,0,-35801.28588328,35801.28588328,60815.91344435,31536.06289626544,478.0461106640287,36048.238385139,246.9525018589993,0.006897866815848971,0.0,0.0,1.0204396024346352,False,False,
s-001,after_one_actual_history_call,1,1000,1,-35801.28588328,35801.28588328,60815.91344435,31536.06289626544,478.0461106640287,36048.238385139,246.9525018589993,0.006897866815848971,0.0,0.0,1.020964227616787,False,False,
s-001,after_one_actual_history_call,1,50,0,-35801.28588328,35801.28588328,60815.91344435,31536.06289626544,478.0461106640287,36048.238385139,246.9525018589993,0.006897866815848971,0.0,0.0,0.07222183421254158,False,False,
s-001,after_one_actual_history_call,1,50,1,-35801.28588328,35801.28588328,60815.91344435,31536.06289626544,478.0461106640287,36048.238385139,246.9525018589993,0.006897866815848971,0.0,0.0,0.07233531028032303,False,False,
s-001,after_one_actual_history_call,1,10,0,-35801.28588328,35801.28588328,60815.91344435,31536.06289626544,478.0461106640287,36048.238385139,246.9525018589993,0.006897866815848971,0.0,0.0,0.030431874096393585,False,False,
s-001,after_one_actual_history_call,1,10,1,-35801.28588328,35801.28588328,60815.91344435,31536.06289626544,478.0461106640287,36048.238385139,246.9525018589993,0.006897866815848971,0.0,0.0,0.03038148209452629,False,False,
s-001,after_one_actual_history_call,2,200,0,-0.07629785100004938,0.0,0.0,0.0,478.0461106640287,0.0,-0.07629785100004938,0.0,0.0,0.0,0.0038420632481575012,False,True,
s-001,after_one_actual_history_call,2,200,1,-0.07629785100004938,0.0,0.0,0.0,478.0461106640287,0.0,-0.07629785100004938,0.0,0.0,0.0,0.0036860406398773193,False,True,
s-001,after_one_actual_history_call,2,1000,0,-0.07629785100004938,0.0,0.0,0.0,478.0461106640287,0.0,-0.07629785100004938,0.0,0.0,0.0,0.0036771930754184723,False,True,
s-001,after_one_actual_history_call,2,1000,1,-0.07629785100004938,0.0,0.0,0.0,478.0461106640287,0.0,-0.07629785100004938,0.0,0.0,0.0,0.003632768988609314,False,True,
s-001,after_one_actual_history_call,2,50,0,-0.07629785100004938,0.0,0.0,0.0,478.0461106640287,0.0,-0.07629785100004938,0.0,0.0,0.0,0.003653157502412796,False,True,
s-001,after_one_actual_history_call,2,50,1,-0.07629785100004938,0.0,0.0,0.0,478.0461106640287,0.0,-0.07629785100004938,0.0,0.0,0.0,0.003660600632429123,False,True,
s-001,after_one_actual_history_call,2,10,0,-0.07629785100004938,0.0,0.0,0.0,478.0461106640287,0.0,-0.07629785100004938,0.0,0.0,0.0,0.00360199436545372,False,True,
s-001,after_one_actual_history_call,2,10,1,-0.07629785100004938,0.0,0.0,0.0,478.0461106640287,0.0,-0.07629785100004938,0.0,0.0,0.0,0.0035577453672885895,False,True,
s-001,after_one_actual_history_call,3,200,0,-8124.212439956001,8337.692972221,10652.226758555,6135.53822085454,478.0461106640287,8408.692965729,284.4805257729995,0.008515544257212737,0.0,0.0,0.21720632165670395,False,False,
s-001,after_one_actual_history_call,3,200,1,-8124.212439956001,8337.692972221,10652.226758555,6135.53822085454,478.0461106640287,8408.692965729,284.4805257729995,0.008515544257212737,0.0,0.0,0.2178090214729309,False,False,
s-001,after_one_actual_history_call,3,1000,0,-8124.212439956001,8337.692972221,10652.226758555,6135.53822085454,478.0461106640287,8408.692965729,284.4805257729995,0.008515544257212737,0.0,0.0,1.0179335810244083,False,False,
s-001,after_one_actual_history_call,3,1000,1,-8124.212439956001,8337.692972221,10652.226758555,6135.53822085454,478.0461106640287,8408.692965729,284.4805257729995,0.008515544257212737,0.0,0.0,1.0180246233940125,False,False,
s-001,after_one_actual_history_call,3,50,0,-8124.212439956001,8337.692972221,10652.226758555,6135.53822085454,478.0461106640287,8408.692965729,284.4805257729995,0.008515544257212737,0.0,0.0,0.0694931410253048,False,False,
s-001,after_one_actual_history_call,3,50,1,-8124.212439956001,8337.692972221,10652.226758555,6135.53822085454,478.0461106640287,8408.692965729,284.4805257729995,0.008515544257212737,0.0,0.0,0.06806077808141708,False,False,
s-001,after_one_actual_history_call,3,10,0,-8124.212439956001,8337.692972221,10652.226758555,6135.53822085454,478.0461106640287,8408.692965729,284.4805257729995,0.008515544257212737,0.0,0.0,0.028230682015419006,False,False,
s-001,after_one_actual_history_call,3,10,1,-8124.212439956001,8337.692972221,10652.226758555,6135.53822085454,478.0461106640287,8408.692965729,284.4805257729995,0.008515544257212737,0.0,0.0,0.027210235595703125,False,False,
s-001,after_one_actual_history_call,4,200,0,-36214.579962511,36214.50366466,65038.075667486,30534.7074183516,478.0461106640287,36786.494947793,571.9149852819974,0.015794536035328276,93.86887461796869,0.00012920383972577526,0.22009791433811188,False,False,0.22009791433811188
s-001,after_one_actual_history_call,4,200,1,-36214.579962511,36214.50366466,65038.075667486,30534.7074183516,478.0461106640287,36786.494947793,571.9149852819974,0.015794536035328276,93.86887461796869,0.00012920383972577526,0.22021333873271942,False,False,0.22021333873271942
s-001,after_one_actual_history_call,4,1000,0,-36214.579962511,36214.50366466,65038.075667486,30534.7074183516,478.0461106640287,36786.494947793,571.9149852819974,0.015794536035328276,93.86887461796869,0.00012920383972577526,1.0212736539542675,False,False,1.0212736539542675
s-001,after_one_actual_history_call,4,1000,1,-36214.579962511,36214.50366466,65038.075667486,30534.7074183516,478.0461106640287,36786.494947793,571.9149852819974,0.015794536035328276,93.86887461796869,0.00012920383972577526,1.0205562487244606,False,False,1.0205562487244606
s-001,after_one_actual_history_call,4,50,0,-36214.579962511,36214.50366466,65038.075667486,30534.7074183516,478.0461106640287,36786.494947793,571.9149852819974,0.015794536035328276,93.86887461796869,0.00012920383972577526,0.07115833833813667,False,False,0.07115833833813667
s-001,after_one_actual_history_call,4,50,1,-36214.579962511,36214.50366466,65038.075667486,30534.7074183516,478.0461106640287,36786.494947793,571.9149852819974,0.015794536035328276,93.86887461796869,0.00012920383972577526,0.07116913795471191,False,False,0.07116913795471191
s-001,after_one_actual_history_call,4,10,0,-36214.579962511,36214.50366466,65038.075667486,30534.7074183516,478.0461106640287,36565.622209893,351.0422473819999,0.009695522779610607,0.0,0.0,0.03080831840634346,False,False,
s-001,after_one_actual_history_call,4,10,1,-36214.579962511,36214.50366466,65038.075667486,30534.7074183516,478.0461106640287,36565.622209893,351.0422473819999,0.009695522779610607,0.0,0.0,0.03059827908873558,False,False,
s-001,after_one_actual_history_call,5,200,0,-0.5494084429999475,0.0,0.0,0.0,478.0461106640287,0.0,-0.5494084429999475,0.0,0.0,0.0,0.003806333988904953,False,True,
s-001,after_one_actual_history_call,5,200,1,-0.5494084429999475,0.0,0.0,0.0,478.0461106640287,0.0,-0.5494084429999475,0.0,0.0,0.0,0.003794487565755844,False,True,
s-001,after_one_actual_history_call,5,1000,0,-0.5494084429999475,0.0,0.0,0.0,478.0461106640287,0.0,-0.5494084429999475,0.0,0.0,0.0,0.0038042105734348297,False,True,
s-001,after_one_actual_history_call,5,1000,1,-0.5494084429999475,0.0,0.0,0.0,478.0461106640287,0.0,-0.5494084429999475,0.0,0.0,0.0,0.0036945603787899017,False,True,
s-001,after_one_actual_history_call,5,50,0,-0.5494084429999475,0.0,0.0,0.0,478.0461106640287,0.0,-0.5494084429999475,0.0,0.0,0.0,0.0036912821233272552,False,True,
s-001,after_one_actual_history_call,5,50,1,-0.5494084429999475,0.0,0.0,0.0,478.0461106640287,0.0,-0.5494084429999475,0.0,0.0,0.0,0.003725450485944748,False,True,
s-001,after_one_actual_history_call,5,10,0,-0.5494084429999475,0.0,0.0,0.0,478.0461106640287,0.0,-0.5494084429999475,0.0,0.0,0.0,0.00385235995054245,False,True,
s-001,after_one_actual_history_call,5,10,1,-0.5494084429999475,0.0,0.0,0.0,478.0461106640287,0.0,-0.5494084429999475,0.0,0.0,0.0,0.0038592629134655,False,True,
s-001,after_one_actual_history_call,6,200,0,-8028.591765968,8262.517447343,15148.611587238,6414.159829187354,478.0461106640287,9104.845265341,1076.2534993730005,0.1019456628522909,598.2073887089718,0.0008233899883011201,0.21998132020235062,False,False,0.21998132020235062
s-001,after_one_actual_history_call,6,200,1,-8028.591765968,8262.517447343,15148.611587238,6414.159829187354,478.0461106640287,9104.845265341,1076.2534993730005,0.1019456628522909,598.2073887089718,0.0008233899883011201,0.21840489655733109,False,False,0.21840489655733109
s-001,after_one_actual_history_call,6,1000,0,-8028.591765968,8262.517447343,15148.611587238,6414.159829187354,478.0461106640287,9104.845265341,1076.2534993730005,0.1019456628522909,598.2073887089718,0.0008233899883011201,1.0186503939330578,False,False,1.0186503939330578
s-001,after_one_actual_history_call,6,1000,1,-8028.591765968,8262.517447343,15148.611587238,6414.159829187354,478.0461106640287,9104.845265341,1076.2534993730005,0.1019456628522909,598.2073887089718,0.0008233899883011201,1.018289778381586,False,False,1.018289778381586
s-001,after_one_actual_history_call,6,50,0,-8028.591765968,8262.517447343,15148.611587238,6414.159829187354,478.0461106640287,9104.845265341,1076.2534993730005,0.1019456628522909,598.2073887089718,0.0008233899883011201,0.06995565816760063,False,False,0.06995565816760063
s-001,after_one_actual_history_call,6,50,1,-8028.591765968,8262.517447343,15148.611587238,6414.159829187354,478.0461106640287,9104.845265341,1076.2534993730005,0.1019456628522909,598.2073887089718,0.0008233899883011201,0.06943655386567116,False,False,0.06943655386567116
s-001,after_one_actual_history_call,6,10,0,-8028.591765968,8262.517447343,15148.611587238,6414.159829187354,478.0461106640287,9104.845265341,1076.2534993730005,0.1019456628522909,598.2073887089718,0.0008233899883011201,0.028755538165569305,False,False,0.028755538165569305
s-001,after_one_actual_history_call,6,10,1,-8028.591765968,8262.517447343,15148.611587238,6414.159829187354,478.0461106640287,9104.845265341,1076.2534993730005,0.1019456628522909,598.2073887089718,0.0008233899883011201,0.029314782470464706,False,False,0.029314782470464706
s-001,after_one_actual_history_call,7,200,0,-36649.685887907,36649.136479464,63694.415444475,31880.93620539587,478.0461106640287,37132.716644011,483.03075610400265,0.013194858351382108,4.984645439973974,6.861010458869724e-06,0.22184862568974495,False,False,0.22184862568974495
s-001,after_one_actual_history_call,7,200,1,-36649.685887907,36649.136479464,63694.415444475,31880.93620539587,478.0461106640287,37132.716644011,483.03075610400265,0.013194858351382108,4.984645439973974,6.861010458869724e-06,0.21950438991189003,False,False,0.21950438991189003
s-001,after_one_actual_history_call,7,1000,0,-36649.685887907,36649.136479464,63694.415444475,31880.93620539587,478.0461106640287,37132.716644011,483.03075610400265,0.013194858351382108,4.984645439973974,6.861010458869724e-06,1.019924946129322,False,False,1.019924946129322
s-001,after_one_actual_history_call,7,1000,1,-36649.685887907,36649.136479464,63694.415444475,31880.93620539587,478.0461106640287,37132.716644011,483.03075610400265,0.013194858351382108,4.984645439973974,6.861010458869724e-06,1.0200344435870647,False,False,1.0200344435870647
s-001,after_one_actual_history_call,7,50,0,-36649.685887907,36649.136479464,63694.415444475,31880.93620539587,478.0461106640287,37132.716644011,483.03075610400265,0.013194858351382108,4.984645439973974,6.861010458869724e-06,0.0705101378262043,False,False,0.0705101378262043
s-001,after_one_actual_history_call,7,50,1,-36649.685887907,36649.136479464,63694.415444475,31880.93620539587,478.0461106640287,37132.716644011,483.03075610400265,0.013194858351382108,4.984645439973974,6.861010458869724e-06,0.0704379454255104,False,False,0.0704379454255104
s-001,after_one_actual_history_call,7,10,0,-36649.685887907,36649.136479464,63694.415444475,31880.93620539587,478.0461106640287,37132.716644011,483.03075610400265,0.013194858351382108,4.984645439973974,6.861010458869724e-06,0.030942119657993317,False,False,0.030942119657993317
s-001,after_one_actual_history_call,7,10,1,-36649.685887907,36649.136479464,63694.415444475,31880.93620539587,478.0461106640287,37132.716644011,483.03075610400265,0.013194858351382108,4.984645439973974,6.861010458869724e-06,0.03113435208797455,False,False,0.03113435208797455
s-001,after_one_actual_history_call,8,200,0,-3.0773249540002325,246.6483458,246.6483458,246.6483458,478.0461106640287,246.6483458,243.57102084599975,0.0,0.0,0.0,0.21647857502102852,False,True,
s-001,after_one_actual_history_call,8,200,1,-3.0773249540002325,246.6483458,246.6483458,246.6483458,478.0461106640287,246.6483458,243.57102084599975,0.0,0.0,0.0,0.21587948501110077,False,True,
s-001,after_one_actual_history_call,8,1000,0,-3.0773249540002325,246.6483458,246.6483458,246.6483458,478.0461106640287,246.6483458,243.57102084599975,0.0,0.0,0.0,1.015641625970602,False,True,
s-001,after_one_actual_history_call,8,1000,1,-3.0773249540002325,246.6483458,246.6483458,246.6483458,478.0461106640287,246.6483458,243.57102084599975,0.0,0.0,0.0,1.0162831358611584,False,True,
s-001,after_one_actual_history_call,8,50,0,-3.0773249540002325,246.6483458,246.6483458,246.6483458,478.0461106640287,246.6483458,243.57102084599975,0.0,0.0,0.0,0.06633760407567024,False,True,
s-001,after_one_actual_history_call,8,50,1,-3.0773249540002325,246.6483458,246.6483458,246.6483458,478.0461106640287,246.6483458,243.57102084599975,0.0,0.0,0.0,0.06578852981328964,False,True,
s-001,after_one_actual_history_call,8,10,0,-3.0773249540002325,246.6483458,246.6483458,246.6483458,478.0461106640287,246.6483458,243.57102084599975,0.0,0.0,0.0,0.026286590844392776,False,True,
s-001,after_one_actual_history_call,8,10,1,-3.0773249540002325,246.6483458,246.6483458,246.6483458,478.0461106640287,246.6483458,243.57102084599975,0.0,0.0,0.0,0.025906365364789963,False,True,
s-001,after_one_actual_history_call,9,200,0,-8031.119682479,8509.165793143,15395.259933038,6653.472257599605,478.0461106640287,9351.493611141,1320.3739286620003,0.09899064590759056,842.3278179979716,0.001159404422776993,0.21827204525470734,False,False,0.21827204525470734
s-001,after_one_actual_history_call,9,200,1,-8031.119682479,8509.165793143,15395.259933038,6653.472257599605,478.0461106640287,9351.493611141,1320.3739286620003,0.09899064590759056,842.3278179979716,0.001159404422776993,0.2194100022315979,False,False,0.2194100022315979
s-001,after_one_actual_history_call,9,1000,0,-8031.119682479,8509.165793143,15395.259933038,6653.472257599605,478.0461106640287,9351.493611141,1320.3739286620003,0.09899064590759056,842.3278179979716,0.001159404422776993,1.0191042087972164,False,False,1.0191042087972164
s-001,after_one_actual_history_call,9,1000,1,-8031.119682479,8509.165793143,15395.259933038,6653.472257599605,478.0461106640287,9351.493611141,1320.3739286620003,0.09899064590759056,842.3278179979716,0.001159404422776993,1.0181851349771023,False,False,1.0181851349771023
s-001,after_one_actual_history_call,9,50,0,-8031.119682479,8509.165793143,15395.259933038,6653.472257599605,478.0461106640287,9351.493611141,1320.3739286620003,0.09899064590759056,842.3278179979716,0.001159404422776993,0.06731896474957466,False,False,0.06731896474957466
s-001,after_one_actual_history_call,9,50,1,-8031.119682479,8509.165793143,15395.259933038,6653.472257599605,478.0461106640287,9351.493611141,1320.3739286620003,0.09899064590759056,842.3278179979716,0.001159404422776993,0.06795788928866386,False,False,0.06795788928866386
s-001,after_one_actual_history_call,9,10,0,-8031.119682479,8509.165793143,15395.259933038,6653.472257599605,478.0461106640287,9351.493611141,1320.3739286620003,0.09899064590759056,842.3278179979716,0.001159404422776993,0.02805614098906517,False,False,0.02805614098906517
s-001,after_one_actual_history_call,9,10,1,-8031.119682479,8509.165793143,15395.259933038,6653.472257599605,478.0461106640287,9351.493611141,1320.3739286620003,0.09899064590759056,842.3278179979716,0.001159404422776993,0.02697853371500969,False,False,0.02697853371500969
s-001,after_one_actual_history_call,10,200,0,-34837.523295194,35286.098616072,55996.197028391,29763.971101970703,478.0461106640287,36206.806602103,1369.2833069090048,0.02609265467539228,891.2371962449761,0.001226724708588789,0.22038913890719414,False,False,0.22038913890719414
s-001,after_one_actual_history_call,10,200,1,-34837.523295194,35286.098616072,55996.197028391,29763.971101970703,478.0461106640287,36206.806602103,1369.2833069090048,0.02609265467539228,891.2371962449761,0.001226724708588789,0.2211480438709259,False,False,0.2211480438709259
s-001,after_one_actual_history_call,10,1000,0,-34837.523295194,35286.098616072,55996.197028391,29763.971101970703,478.0461106640287,36206.806602103,1369.2833069090048,0.02609265467539228,891.2371962449761,0.001226724708588789,1.0194234773516655,False,False,1.0194234773516655
s-001,after_one_actual_history_call,10,1000,1,-34837.523295194,35286.098616072,55996.197028391,29763.971101970703,478.0461106640287,36206.806602103,1369.2833069090048,0.02609265467539228,891.2371962449761,0.001226724708588789,1.020566415041685,False,False,1.020566415041685
s-001,after_one_actual_history_call,10,50,0,-34837.523295194,35286.098616072,55996.197028391,29763.971101970703,478.0461106640287,36206.806602103,1369.2833069090048,0.02609265467539228,891.2371962449761,0.001226724708588789,0.07194697111845016,False,False,0.07194697111845016
s-001,after_one_actual_history_call,10,50,1,-34837.523295194,35286.098616072,55996.197028391,29763.971101970703,478.0461106640287,36206.806602103,1369.2833069090048,0.02609265467539228,891.2371962449761,0.001226724708588789,0.07049765437841415,False,False,0.07049765437841415
s-001,after_one_actual_history_call,10,10,0,-34837.523295194,35286.098616072,55996.197028391,29763.971101970703,478.0461106640287,36206.806602103,1369.2833069090048,0.02609265467539228,891.2371962449761,0.001226724708588789,0.030420556664466858,False,False,0.030420556664466858
s-001,after_one_actual_history_call,10,10,1,-34837.523295194,35286.098616072,55996.197028391,29763.971101970703,478.0461106640287,36206.806602103,1369.2833069090048,0.02609265467539228,891.2371962449761,0.001226724708588789,0.027392759919166565,False,False,0.027392759919166565
s-002,after_common_greedy_prefix,0,200,0,-8800.83124217,9447.703925115,22077.315393939,7382.973965224863,646.8726829449879,10245.518832841,1444.687590671001,0.08444537572829255,797.8149077260132,0.001098135562913566,0.21953292936086655,False,False,0.21953292936086655
s-002,after_common_greedy_prefix,0,200,1,-8800.83124217,9447.703925115,22077.315393939,7382.973965224863,646.8726829449879,10245.518832841,1444.687590671001,0.08444537572829255,797.8149077260132,0.001098135562913566,0.2195107452571392,False,False,0.2195107452571392
s-002,after_common_greedy_prefix,0,1000,0,-8800.83124217,9447.703925115,22077.315393939,7382.973965224863,646.8726829449879,10245.518832841,1444.687590671001,0.08444537572829255,797.8149077260132,0.001098135562913566,1.0196643061935902,False,False,1.0196643061935902
s-002,after_common_greedy_prefix,0,1000,1,-8800.83124217,9447.703925115,22077.315393939,7382.973965224863,646.8726829449879,10245.518832841,1444.687590671001,0.08444537572829255,797.8149077260132,0.001098135562913566,1.0212824642658234,False,False,1.0212824642658234
s-002,after_common_greedy_prefix,0,50,0,-8800.83124217,9447.703925115,22077.315393939,7382.973965224863,646.8726829449879,10245.518832841,1444.687590671001,0.08444537572829255,797.8149077260132,0.001098135562913566,0.07107038050889969,False,False,0.07107038050889969
s-002,after_common_greedy_prefix,0,50,1,-8800.83124217,9447.703925115,22077.315393939,7382.973965224863,646.8726829449879,10245.518832841,1444.687590671001,0.08444537572829255,797.8149077260132,0.001098135562913566,0.06994427368044853,False,False,0.06994427368044853
s-002,after_common_greedy_prefix,0,10,0,-8800.83124217,9447.703925115,22077.315393939,7382.973965224863,646.8726829449879,10245.518832841,1444.687590671001,0.08444537572829255,797.8149077260132,0.001098135562913566,0.030411027371883392,False,False,0.030411027371883392
s-002,after_common_greedy_prefix,0,10,1,-8800.83124217,9447.703925115,22077.315393939,7382.973965224863,646.8726829449879,10245.518832841,1444.687590671001,0.08444537572829255,797.8149077260132,0.001098135562913566,0.029184184968471527,False,False,0.029184184968471527
s-002,after_common_greedy_prefix,1,200,0,-35936.454954552,35936.454954552,66916.825085653,32595.532266832983,646.8726829449879,36253.955164756,317.50021020400163,0.008835045376777893,0.0,0.0,0.21980535611510277,False,False,
s-002,after_common_greedy_prefix,1,200,1,-35936.454954552,35936.454954552,66916.825085653,32595.532266832983,646.8726829449879,36253.955164756,317.50021020400163,0.008835045376777893,0.0,0.0,0.22009606659412384,False,False,
s-002,after_common_greedy_prefix,1,1000,0,-35936.454954552,35936.454954552,66916.825085653,32595.532266832983,646.8726829449879,36253.955164756,317.50021020400163,0.008835045376777893,0.0,0.0,1.021339625120163,False,False,
s-002,after_common_greedy_prefix,1,1000,1,-35936.454954552,35936.454954552,66916.825085653,32595.532266832983,646.8726829449879,36253.955164756,317.50021020400163,0.008835045376777893,0.0,0.0,1.020406063646078,False,False,
s-002,after_common_greedy_prefix,1,50,0,-35936.454954552,35936.454954552,66916.825085653,32595.532266832983,646.8726829449879,36253.955164756,317.50021020400163,0.008835045376777893,0.0,0.0,0.07125495746731758,False,False,
s-002,after_common_greedy_prefix,1,50,1,-35936.454954552,35936.454954552,66916.825085653,32595.532266832983,646.8726829449879,36253.955164756,317.50021020400163,0.008835045376777893,0.0,0.0,0.07102776318788528,False,False,
s-002,after_common_greedy_prefix,1,10,0,-35936.454954552,35936.454954552,66916.825085653,32595.532266832983,646.8726829449879,36253.955164756,317.50021020400163,0.008835045376777893,0.0,0.0,0.03124285489320755,False,False,
s-002,after_common_greedy_prefix,1,10,1,-35936.454954552,35936.454954552,66916.825085653,32595.532266832983,646.8726829449879,36253.955164756,317.50021020400163,0.008835045376777893,0.0,0.0,0.029947936534881592,False,False,
s-002,after_common_greedy_prefix,2,200,0,-0.07629785100004938,0.0,0.0,0.0,646.8726829449879,0.0,-0.07629785100004938,0.0,0.0,0.0,0.003715217113494873,False,True,
s-002,after_common_greedy_prefix,2,200,1,-0.07629785100004938,0.0,0.0,0.0,646.8726829449879,0.0,-0.07629785100004938,0.0,0.0,0.0,0.0036812201142311096,False,True,
s-002,after_common_greedy_prefix,2,1000,0,-0.07629785100004938,0.0,0.0,0.0,646.8726829449879,0.0,-0.07629785100004938,0.0,0.0,0.0,0.0036818012595176697,False,True,
s-002,after_common_greedy_prefix,2,1000,1,-0.07629785100004938,0.0,0.0,0.0,646.8726829449879,0.0,-0.07629785100004938,0.0,0.0,0.0,0.003696233034133911,False,True,
s-002,after_common_greedy_prefix,2,50,0,-0.07629785100004938,0.0,0.0,0.0,646.8726829449879,0.0,-0.07629785100004938,0.0,0.0,0.0,0.0036893486976623535,False,True,
s-002,after_common_greedy_prefix,2,50,1,-0.07629785100004938,0.0,0.0,0.0,646.8726829449879,0.0,-0.07629785100004938,0.0,0.0,0.0,0.0037204399704933167,False,True,
s-002,after_common_greedy_prefix,2,10,0,-0.07629785100004938,0.0,0.0,0.0,646.8726829449879,0.0,-0.07629785100004938,0.0,0.0,0.0,0.0036853961646556854,False,True,
s-002,after_common_greedy_prefix,2,10,1,-0.07629785100004938,0.0,0.0,0.0,646.8726829449879,0.0,-0.07629785100004938,0.0,0.0,0.0,0.003661978989839554,False,True,
s-002,after_common_greedy_prefix,3,200,0,-8615.397181478002,8836.360559368,10735.467464762,6445.830507065236,646.8726829449879,9102.950205942,487.55302446399764,0.03016962071464703,0.0,0.0,0.21773535758256912,False,False,
s-002,after_common_greedy_prefix,3,200,1,-8615.397181478002,8836.360559368,10735.467464762,6445.830507065236,646.8726829449879,9102.950205942,487.55302446399764,0.03016962071464703,0.0,0.0,0.21750353649258614,False,False,
s-002,after_common_greedy_prefix,3,1000,0,-8615.397181478002,8836.360559368,10735.467464762,6445.830507065236,646.8726829449879,9102.950205942,487.55302446399764,0.03016962071464703,0.0,0.0,1.0178231224417686,False,False,
s-002,after_common_greedy_prefix,3,1000,1,-8615.397181478002,8836.360559368,10735.467464762,6445.830507065236,646.8726829449879,9102.950205942,487.55302446399764,0.03016962071464703,0.0,0.0,1.0179577693343163,False,False,
s-002,after_common_greedy_prefix,3,50,0,-8615.397181478002,8836.360559368,10735.467464762,6445.830507065236,646.8726829449879,9102.950205942,487.55302446399764,0.03016962071464703,0.0,0.0,0.06762727349996567,False,False,
s-002,after_common_greedy_prefix,3,50,1,-8615.397181478002,8836.360559368,10735.467464762,6445.830507065236,646.8726829449879,9102.950205942,487.55302446399764,0.03016962071464703,0.0,0.0,0.06720175221562386,False,False,
s-002,after_common_greedy_prefix,3,10,0,-8615.397181478002,8836.360559368,10735.467464762,6445.830507065236,646.8726829449879,9102.950205942,487.55302446399764,0.03016962071464703,0.0,0.0,0.02730434015393257,False,False,
s-002,after_common_greedy_prefix,3,10,1,-8615.397181478002,8836.360559368,10735.467464762,6445.830507065236,646.8726829449879,9102.950205942,487.55302446399764,0.03016962071464703,0.0,0.0,0.027783341705799103,False,False,
s-002,after_common_greedy_prefix,4,200,0,-36508.964737831004,36508.88843998,64189.899932777,30681.531500936515,646.8726829449879,36860.006985213,351.04224738199264,0.009617344165660603,0.0,0.0,0.2190878875553608,False,False,
s-002,after_common_greedy_prefix,4,200,1,-36508.964737831004,36508.88843998,64189.899932777,30681.531500936515,646.8726829449879,36860.006985213,351.04224738199264,0.009617344165660603,0.0,0.0,0.2202928476035595,False,False,
s-002,after_common_greedy_prefix,4,1000,0,-36508.964737831004,36508.88843998,64189.899932777,30681.531500936515,646.8726829449879,36860.006985213,351.04224738199264,0.009617344165660603,0.0,0.0,1.0200548097491264,False,False,
s-002,after_common_greedy_prefix,4,1000,1,-36508.964737831004,36508.88843998,64189.899932777,30681.531500936515,646.8726829449879,36860.006985213,351.04224738199264,0.009617344165660603,0.0,0.0,1.021000862121582,False,False,
s-002,after_common_greedy_prefix,4,50,0,-36508.964737831004,36508.88843998,64189.899932777,30681.531500936515,646.8726829449879,36860.006985213,351.04224738199264,0.009617344165660603,0.0,0.0,0.07084257528185844,False,False,
s-002,after_common_greedy_prefix,4,50,1,-36508.964737831004,36508.88843998,64189.899932777,30681.531500936515,646.8726829449879,36860.006985213,351.04224738199264,0.009617344165660603,0.0,0.0,0.06981048732995987,False,False,
s-002,after_common_greedy_prefix,4,10,0,-36508.964737831004,36508.88843998,64189.899932777,30681.531500936515,646.8726829449879,36860.006985213,351.04224738199264,0.009617344165660603,0.0,0.0,0.030153736472129822,False,False,
s-002,after_common_greedy_prefix,4,10,1,-36508.964737831004,36508.88843998,64189.899932777,30681.531500936515,646.8726829449879,36860.006985213,351.04224738199264,0.009617344165660603,0.0,0.0,0.029417425394058228,False,False,
s-002,after_common_greedy_prefix,5,200,0,-0.5494084429999475,0.0,0.0,0.0,646.8726829449879,0.0,-0.5494084429999475,0.0,0.0,0.0,0.003720700740814209,False,True,
s-002,after_common_greedy_prefix,5,200,1,-0.5494084429999475,0.0,0.0,0.0,646.8726829449879,0.0,-0.5494084429999475,0.0,0.0,0.0,0.003599293529987335,False,True,
s-002,after_common_greedy_prefix,5,1000,0,-0.5494084429999475,0.0,0.0,0.0,646.8726829449879,0.0,-0.5494084429999475,0.0,0.0,0.0,0.0036006085574626923,False,True,
s-002,after_common_greedy_prefix,5,1000,1,-0.5494084429999475,0.0,0.0,0.0,646.8726829449879,0.0,-0.5494084429999475,0.0,0.0,0.0,0.0035862326622009277,False,True,
s-002,after_common_greedy_prefix,5,50,0,-0.5494084429999475,0.0,0.0,0.0,646.8726829449879,0.0,-0.5494084429999475,0.0,0.0,0.0,0.0035993382334709167,False,True,
s-002,after_common_greedy_prefix,5,50,1,-0.5494084429999475,0.0,0.0,0.0,646.8726829449879,0.0,-0.5494084429999475,0.0,0.0,0.0,0.0035714544355869293,False,True,
s-002,after_common_greedy_prefix,5,10,0,-0.5494084429999475,0.0,0.0,0.0,646.8726829449879,0.0,-0.5494084429999475,0.0,0.0,0.0,0.0035923756659030914,False,True,
s-002,after_common_greedy_prefix,5,10,1,-0.5494084429999475,0.0,0.0,0.0,646.8726829449879,0.0,-0.5494084429999475,0.0,0.0,0.0,0.003572404384613037,False,True,
s-002,after_common_greedy_prefix,6,200,0,-8028.591765968,8262.517447343,15148.611587238,6414.159829187354,646.8726829449879,9104.845265341,1076.2534993730005,0.1019456628522909,429.3808164280126,0.0005910122009331916,0.2182776741683483,False,False,0.2182776741683483
s-002,after_common_greedy_prefix,6,200,1,-8028.591765968,8262.517447343,15148.611587238,6414.159829187354,646.8726829449879,9104.845265341,1076.2534993730005,0.1019456628522909,429.3808164280126,0.0005910122009331916,0.2192426212131977,False,False,0.2192426212131977
s-002,after_common_greedy_prefix,6,1000,0,-8028.591765968,8262.517447343,15148.611587238,6414.159829187354,646.8726829449879,9104.845265341,1076.2534993730005,0.1019456628522909,429.3808164280126,0.0005910122009331916,1.0188181772828102,False,False,1.0188181772828102
s-002,after_common_greedy_prefix,6,1000,1,-8028.591765968,8262.517447343,15148.611587238,6414.159829187354,646.8726829449879,9104.845265341,1076.2534993730005,0.1019456628522909,429.3808164280126,0.0005910122009331916,1.0181362815201283,False,False,1.0181362815201283
s-002,after_common_greedy_prefix,6,50,0,-8028.591765968,8262.517447343,15148.611587238,6414.159829187354,646.8726829449879,9104.845265341,1076.2534993730005,0.1019456628522909,429.3808164280126,0.0005910122009331916,0.06868002191185951,False,False,0.06868002191185951
s-002,after_common_greedy_prefix,6,50,1,-8028.591765968,8262.517447343,15148.611587238,6414.159829187354,646.8726829449879,9104.845265341,1076.2534993730005,0.1019456628522909,429.3808164280126,0.0005910122009331916,0.0683782510459423,False,False,0.0683782510459423
s-002,after_common_greedy_prefix,6,10,0,-8028.591765968,8262.517447343,15148.611587238,6414.159829187354,646.8726829449879,9104.845265341,1076.2534993730005,0.1019456628522909,429.3808164280126,0.0005910122009331916,0.028892934322357178,False,False,0.028892934322357178
s-002,after_common_greedy_prefix,6,10,1,-8028.591765968,8262.517447343,15148.611587238,6414.159829187354,646.8726829449879,9104.845265341,1076.2534993730005,0.1019456628522909,429.3808164280126,0.0005910122009331916,0.029132593423128128,False,False,0.029132593423128128
s-002,after_common_greedy_prefix,7,200,0,-36601.541375522,36600.991967079,63646.27093209,32000.544109918017,646.8726829449879,37084.572131626,483.03075610400265,0.013212214712157663,0.0,0.0,0.22218753769993782,False,False,
s-002,after_common_greedy_prefix,7,200,1,-36601.541375522,36600.991967079,63646.27093209,32000.544109918017,646.8726829449879,37084.572131626,483.03075610400265,0.013212214712157663,0.0,0.0,0.21924620494246483,False,False,
s-002,after_common_greedy_prefix,7,1000,0,-36601.541375522,36600.991967079,63646.27093209,32000.544109918017,646.8726829449879,37084.572131626,483.03075610400265,0.013212214712157663,0.0,0.0,1.020503968000412,False,False,
s-002,after_common_greedy_prefix,7,1000,1,-36601.541375522,36600.991967079,63646.27093209,32000.544109918017,646.8726829449879,37084.572131626,483.03075610400265,0.013212214712157663,0.0,0.0,1.0200212113559246,False,False,
s-002,after_common_greedy_prefix,7,50,0,-36601.541375522,36600.991967079,63646.27093209,32000.544109918017,646.8726829449879,37084.572131626,483.03075610400265,0.013212214712157663,0.0,0.0,0.06947613880038261,False,False,
s-002,after_common_greedy_prefix,7,50,1,-36601.541375522,36600.991967079,63646.27093209,32000.544109918017,646.8726829449879,37084.572131626,483.03075610400265,0.013212214712157663,0.0,0.0,0.06898169219493866,False,False,
s-002,after_common_greedy_prefix,7,10,0,-36601.541375522,36600.991967079,63646.27093209,32000.544109918017,646.8726829449879,37084.572131626,483.03075610400265,0.013212214712157663,0.0,0.0,0.029231250286102295,False,False,
s-002,after_common_greedy_prefix,7,10,1,-36601.541375522,36600.991967079,63646.27093209,32000.544109918017,646.8726829449879,37084.572131626,483.03075610400265,0.013212214712157663,0.0,0.0,0.03054576739668846,False,False,
s-002,after_common_greedy_prefix,8,200,0,-3.0773249540002325,246.6483458,246.6483458,246.6483458,646.8726829449879,246.6483458,243.57102084599975,0.0,0.0,0.0,0.21424485743045807,False,True,
s-002,after_common_greedy_prefix,8,200,1,-3.0773249540002325,246.6483458,246.6483458,246.6483458,646.8726829449879,246.6483458,243.57102084599975,0.0,0.0,0.0,0.21535919979214668,False,True,
s-002,after_common_greedy_prefix,8,1000,0,-3.0773249540002325,246.6483458,246.6483458,246.6483458,646.8726829449879,246.6483458,243.57102084599975,0.0,0.0,0.0,1.0164927653968334,False,True,
s-002,after_common_greedy_prefix,8,1000,1,-3.0773249540002325,246.6483458,246.6483458,246.6483458,646.8726829449879,246.6483458,243.57102084599975,0.0,0.0,0.0,1.0157432183623314,False,True,
s-002,after_common_greedy_prefix,8,50,0,-3.0773249540002325,246.6483458,246.6483458,246.6483458,646.8726829449879,246.6483458,243.57102084599975,0.0,0.0,0.0,0.065887700766325,False,True,
s-002,after_common_greedy_prefix,8,50,1,-3.0773249540002325,246.6483458,246.6483458,246.6483458,646.8726829449879,246.6483458,243.57102084599975,0.0,0.0,0.0,0.06522172689437866,False,True,
s-002,after_common_greedy_prefix,8,10,0,-3.0773249540002325,246.6483458,246.6483458,246.6483458,646.8726829449879,246.6483458,243.57102084599975,0.0,0.0,0.0,0.02386472001671791,False,True,
s-002,after_common_greedy_prefix,8,10,1,-3.0773249540002325,246.6483458,246.6483458,246.6483458,646.8726829449879,246.6483458,243.57102084599975,0.0,0.0,0.0,0.02237476035952568,False,True,
s-002,after_common_greedy_prefix,9,200,0,-7750.193220518,8228.239331182,15114.333471077,6475.255949459604,646.8726829449879,9070.56714918,1320.3739286620003,0.10237035945294981,673.5012457170124,0.0009270266354090646,0.21679578348994255,False,False,0.21679578348994255
s-002,after_common_greedy_prefix,9,200,1,-7750.193220518,8228.239331182,15114.333471077,6475.255949459604,646.8726829449879,9070.56714918,1320.3739286620003,0.10237035945294981,673.5012457170124,0.0009270266354090646,0.21823569759726524,False,False,0.21823569759726524
s-002,after_common_greedy_prefix,9,1000,0,-7750.193220518,8228.239331182,15114.333471077,6475.255949459604,646.8726829449879,9070.56714918,1320.3739286620003,0.10237035945294981,673.5012457170124,0.0009270266354090646,1.0171464942395687,False,False,1.0171464942395687
s-002,after_common_greedy_prefix,9,1000,1,-7750.193220518,8228.239331182,15114.333471077,6475.255949459604,646.8726829449879,9070.56714918,1320.3739286620003,0.10237035945294981,673.5012457170124,0.0009270266354090646,1.0196108110249043,False,False,1.0196108110249043
s-002,after_common_greedy_prefix,9,50,0,-7750.193220518,8228.239331182,15114.333471077,6475.255949459604,646.8726829449879,9070.56714918,1320.3739286620003,0.10237035945294981,673.5012457170124,0.0009270266354090646,0.06974570080637932,False,False,0.06974570080637932
s-002,after_common_greedy_prefix,9,50,1,-7750.193220518,8228.239331182,15114.333471077,6475.255949459604,646.8726829449879,9070.56714918,1320.3739286620003,0.10237035945294981,673.5012457170124,0.0009270266354090646,0.0682976245880127,False,False,0.0682976245880127
s-002,after_common_greedy_prefix,9,10,0,-7750.193220518,8228.239331182,15114.333471077,6475.255949459604,646.8726829449879,9070.56714918,1320.3739286620003,0.10237035945294981,673.5012457170124,0.0009270266354090646,0.027689266949892044,False,False,0.027689266949892044
s-002,after_common_greedy_prefix,9,10,1,-7750.193220518,8228.239331182,15114.333471077,6475.255949459604,646.8726829449879,9070.56714918,1320.3739286620003,0.10237035945294981,673.5012457170124,0.0009270266354090646,0.02756766602396965,False,False,0.02756766602396965
s-002,after_common_greedy_prefix,10,200,0,-34837.523295194,35286.098616072,55996.197028391,29763.971101970703,646.8726829449879,36206.806602103,1369.2833069090048,0.02609265467539228,722.4106239640168,0.0009943469212208606,0.21715601533651352,False,False,0.21715601533651352
s-002,after_common_greedy_prefix,10,200,1,-34837.523295194,35286.098616072,55996.197028391,29763.971101970703,646.8726829449879,36206.806602103,1369.2833069090048,0.02609265467539228,722.4106239640168,0.0009943469212208606,0.2190367765724659,False,False,0.2190367765724659
s-002,after_common_greedy_prefix,10,1000,0,-34837.523295194,35286.098616072,55996.197028391,29763.971101970703,646.8726829449879,36206.806602103,1369.2833069090048,0.02609265467539228,722.4106239640168,0.0009943469212208606,1.0194232128560543,False,False,1.0194232128560543
s-002,after_common_greedy_prefix,10,1000,1,-34837.523295194,35286.098616072,55996.197028391,29763.971101970703,646.8726829449879,36206.806602103,1369.2833069090048,0.02609265467539228,722.4106239640168,0.0009943469212208606,1.020098201930523,False,False,1.020098201930523
s-002,after_common_greedy_prefix,10,50,0,-34837.523295194,35286.098616072,55996.197028391,29763.971101970703,646.8726829449879,36206.806602103,1369.2833069090048,0.02609265467539228,722.4106239640168,0.0009943469212208606,0.06986243650317192,False,False,0.06986243650317192
s-002,after_common_greedy_prefix,10,50,1,-34837.523295194,35286.098616072,55996.197028391,29763.971101970703,646.8726829449879,36206.806602103,1369.2833069090048,0.02609265467539228,722.4106239640168,0.0009943469212208606,0.06929950788617134,False,False,0.06929950788617134
s-002,after_common_greedy_prefix,10,10,0,-34837.523295194,35286.098616072,55996.197028391,29763.971101970703,646.8726829449879,36206.806602103,1369.2833069090048,0.02609265467539228,722.4106239640168,0.0009943469212208606,0.027501598000526428,False,False,0.027501598000526428
s-002,after_common_greedy_prefix,10,10,1,-34837.523295194,35286.098616072,55996.197028391,29763.971101970703,646.8726829449879,36206.806602103,1369.2833069090048,0.02609265467539228,722.4106239640168,0.0009943469212208606,0.02699362486600876,False,False,0.02699362486600876
s-003,after_one_actual_history_call,0,200,0,-8800.83124217,9447.703925115,22077.315393939,7382.973965224863,646.8726829449879,10245.518832841,1444.687590671001,0.08444537572829255,797.8149077260132,0.001098135562913566,0.2209319770336151,False,False,0.2209319770336151
s-003,after_one_actual_history_call,0,200,1,-8800.83124217,9447.703925115,22077.315393939,7382.973965224863,646.8726829449879,10245.518832841,1444.687590671001,0.08444537572829255,797.8149077260132,0.001098135562913566,0.21935928612947464,False,False,0.21935928612947464
s-003,after_one_actual_history_call,0,1000,0,-8800.83124217,9447.703925115,22077.315393939,7382.973965224863,646.8726829449879,10245.518832841,1444.687590671001,0.08444537572829255,797.8149077260132,0.001098135562913566,1.0195707641541958,False,False,1.0195707641541958
s-003,after_one_actual_history_call,0,1000,1,-8800.83124217,9447.703925115,22077.315393939,7382.973965224863,646.8726829449879,10245.518832841,1444.687590671001,0.08444537572829255,797.8149077260132,0.001098135562913566,1.0211859792470932,False,False,1.0211859792470932
s-003,after_one_actual_history_call,0,50,0,-8800.83124217,9447.703925115,22077.315393939,7382.973965224863,646.8726829449879,10245.518832841,1444.687590671001,0.08444537572829255,797.8149077260132,0.001098135562913566,0.06910328939557076,False,False,0.06910328939557076
s-003,after_one_actual_history_call,0,50,1,-8800.83124217,9447.703925115,22077.315393939,7382.973965224863,646.8726829449879,10245.518832841,1444.687590671001,0.08444537572829255,797.8149077260132,0.001098135562913566,0.06731240823864937,False,False,0.06731240823864937
s-003,after_one_actual_history_call,0,10,0,-8800.83124217,9447.703925115,22077.315393939,7382.973965224863,646.8726829449879,10245.518832841,1444.687590671001,0.08444537572829255,797.8149077260132,0.001098135562913566,0.027169890701770782,False,False,0.027169890701770782
s-003,after_one_actual_history_call,0,10,1,-8800.83124217,9447.703925115,22077.315393939,7382.973965224863,646.8726829449879,10245.518832841,1444.687590671001,0.08444537572829255,797.8149077260132,0.001098135562913566,0.027879871428012848,False,False,0.027879871428012848
s-003,after_one_actual_history_call,1,200,0,-35936.454954552,36253.955164756,66916.825085653,32595.532266832983,646.8726829449879,36253.955164756,317.50021020400163,0.0,0.0,0.0,0.0026233792304992676,False,True,
s-003,after_one_actual_history_call,1,200,1,-35936.454954552,36253.955164756,66916.825085653,32595.532266832983,646.8726829449879,36253.955164756,317.50021020400163,0.0,0.0,0.0,0.0025267675518989563,False,True,
s-003,after_one_actual_history_call,1,1000,0,-35936.454954552,36253.955164756,66916.825085653,32595.532266832983,646.8726829449879,36253.955164756,317.50021020400163,0.0,0.0,0.0,1.0187643431127071,False,True,
s-003,after_one_actual_history_call,1,1000,1,-35936.454954552,36253.955164756,66916.825085653,32595.532266832983,646.8726829449879,36253.955164756,317.50021020400163,0.0,0.0,0.0,1.0203865729272366,False,True,
s-003,after_one_actual_history_call,1,50,0,-35936.454954552,36253.955164756,66916.825085653,32595.532266832983,646.8726829449879,36253.955164756,317.50021020400163,0.0,0.0,0.0,0.0694245845079422,False,True,
s-003,after_one_actual_history_call,1,50,1,-35936.454954552,36253.955164756,66916.825085653,32595.532266832983,646.8726829449879,36253.955164756,317.50021020400163,0.0,0.0,0.0,0.06902725249528885,False,True,
s-003,after_one_actual_history_call,1,10,0,-35936.454954552,36253.955164756,66916.825085653,32595.532266832983,646.8726829449879,36253.955164756,317.50021020400163,0.0,0.0,0.0,0.02975405752658844,False,True,
s-003,after_one_actual_history_call,1,10,1,-35936.454954552,36253.955164756,66916.825085653,32595.532266832983,646.8726829449879,36253.955164756,317.50021020400163,0.0,0.0,0.0,0.028088949620723724,False,True,
s-003,after_one_actual_history_call,2,200,0,-0.07629785100004938,0.0,0.0,0.0,646.8726829449879,0.0,-0.07629785100004938,0.0,0.0,0.0,0.0037036165595054626,False,True,
s-003,after_one_actual_history_call,2,200,1,-0.07629785100004938,0.0,0.0,0.0,646.8726829449879,0.0,-0.07629785100004938,0.0,0.0,0.0,0.0036731362342834473,False,True,
s-003,after_one_actual_history_call,2,1000,0,-0.07629785100004938,0.0,0.0,0.0,646.8726829449879,0.0,-0.07629785100004938,0.0,0.0,0.0,0.003641616553068161,False,True,
s-003,after_one_actual_history_call,2,1000,1,-0.07629785100004938,0.0,0.0,0.0,646.8726829449879,0.0,-0.07629785100004938,0.0,0.0,0.0,0.003620702773332596,False,True,
s-003,after_one_actual_history_call,2,50,0,-0.07629785100004938,0.0,0.0,0.0,646.8726829449879,0.0,-0.07629785100004938,0.0,0.0,0.0,0.0039677806198596954,False,True,
s-003,after_one_actual_history_call,2,50,1,-0.07629785100004938,0.0,0.0,0.0,646.8726829449879,0.0,-0.07629785100004938,0.0,0.0,0.0,0.003846827894449234,False,True,
s-003,after_one_actual_history_call,2,10,0,-0.07629785100004938,0.0,0.0,0.0,646.8726829449879,0.0,-0.07629785100004938,0.0,0.0,0.0,0.0036717280745506287,False,True,
s-003,after_one_actual_history_call,2,10,1,-0.07629785100004938,0.0,0.0,0.0,646.8726829449879,0.0,-0.07629785100004938,0.0,0.0,0.0,0.0036195777356624603,False,True,
s-003,after_one_actual_history_call,3,200,0,-8615.397181478002,8836.360559368,10735.467464762,6445.830507065236,646.8726829449879,9102.950205942,487.55302446399764,0.03016962071464703,0.0,0.0,0.2178400717675686,False,False,
s-003,after_one_actual_history_call,3,200,1,-8615.397181478002,8836.360559368,10735.467464762,6445.830507065236,646.8726829449879,9102.950205942,487.55302446399764,0.03016962071464703,0.0,0.0,0.21761545538902283,False,False,
s-003,after_one_actual_history_call,3,1000,0,-8615.397181478002,8836.360559368,10735.467464762,6445.830507065236,646.8726829449879,9102.950205942,487.55302446399764,0.03016962071464703,0.0,0.0,1.017859112471342,False,False,
s-003,after_one_actual_history_call,3,1000,1,-8615.397181478002,8836.360559368,10735.467464762,6445.830507065236,646.8726829449879,9102.950205942,487.55302446399764,0.03016962071464703,0.0,0.0,1.0174794495105743,False,False,
s-003,after_one_actual_history_call,3,50,0,-8615.397181478002,8836.360559368,10735.467464762,6445.830507065236,646.8726829449879,9102.950205942,487.55302446399764,0.03016962071464703,0.0,0.0,0.06743199005723,False,False,
s-003,after_one_actual_history_call,3,50,1,-8615.397181478002,8836.360559368,10735.467464762,6445.830507065236,646.8726829449879,9102.950205942,487.55302446399764,0.03016962071464703,0.0,0.0,0.06641606241464615,False,False,
s-003,after_one_actual_history_call,3,10,0,-8615.397181478002,8836.360559368,10735.467464762,6445.830507065236,646.8726829449879,9102.950205942,487.55302446399764,0.03016962071464703,0.0,0.0,0.025633785873651505,False,False,
s-003,after_one_actual_history_call,3,10,1,-8615.397181478002,8836.360559368,10735.467464762,6445.830507065236,646.8726829449879,9102.950205942,487.55302446399764,0.03016962071464703,0.0,0.0,0.02505745366215706,False,False,
s-003,after_one_actual_history_call,4,200,0,-36508.964737831004,36508.88843998,64189.899932777,30681.531500936515,646.8726829449879,36860.006985213,351.04224738199264,0.009617344165660603,0.0,0.0,0.21858621016144753,False,False,
s-003,after_one_actual_history_call,4,200,1,-36508.964737831004,36508.88843998,64189.899932777,30681.531500936515,646.8726829449879,36860.006985213,351.04224738199264,0.009617344165660603,0.0,0.0,0.22067327052354813,False,False,
s-003,after_one_actual_history_call,4,1000,0,-36508.964737831004,36508.88843998,64189.899932777,30681.531500936515,646.8726829449879,36860.006985213,351.04224738199264,0.009617344165660603,0.0,0.0,1.0207486487925053,False,False,
s-003,after_one_actual_history_call,4,1000,1,-36508.964737831004,36508.88843998,64189.899932777,30681.531500936515,646.8726829449879,36860.006985213,351.04224738199264,0.009617344165660603,0.0,0.0,1.0200470238924026,False,False,
s-003,after_one_actual_history_call,4,50,0,-36508.964737831004,36508.88843998,64189.899932777,30681.531500936515,646.8726829449879,36860.006985213,351.04224738199264,0.009617344165660603,0.0,0.0,0.06994543597102165,False,False,
s-003,after_one_actual_history_call,4,50,1,-36508.964737831004,36508.88843998,64189.899932777,30681.531500936515,646.8726829449879,36860.006985213,351.04224738199264,0.009617344165660603,0.0,0.0,0.07002529501914978,False,False,
s-003,after_one_actual_history_call,4,10,0,-36508.964737831004,36508.88843998,64189.899932777,30681.531500936515,646.8726829449879,36860.006985213,351.04224738199264,0.009617344165660603,0.0,0.0,0.029579665511846542,False,False,
s-003,after_one_actual_history_call,4,10,1,-36508.964737831004,36508.88843998,64189.899932777,30681.531500936515,646.8726829449879,36860.006985213,351.04224738199264,0.009617344165660603,0.0,0.0,0.027069635689258575,False,False,
s-003,after_one_actual_history_call,5,200,0,-0.5494084429999475,0.0,0.0,0.0,646.8726829449879,0.0,-0.5494084429999475,0.0,0.0,0.0,0.003630027174949646,False,True,
s-003,after_one_actual_history_call,5,200,1,-0.5494084429999475,0.0,0.0,0.0,646.8726829449879,0.0,-0.5494084429999475,0.0,0.0,0.0,0.003573644906282425,False,True,
s-003,after_one_actual_history_call,5,1000,0,-0.5494084429999475,0.0,0.0,0.0,646.8726829449879,0.0,-0.5494084429999475,0.0,0.0,0.0,0.0035696811974048615,False,True,
s-003,after_one_actual_history_call,5,1000,1,-0.5494084429999475,0.0,0.0,0.0,646.8726829449879,0.0,-0.5494084429999475,0.0,0.0,0.0,0.003552071750164032,False,True,
s-003,after_one_actual_history_call,5,50,0,-0.5494084429999475,0.0,0.0,0.0,646.8726829449879,0.0,-0.5494084429999475,0.0,0.0,0.0,0.003563143312931061,False,True,
s-003,after_one_actual_history_call,5,50,1,-0.5494084429999475,0.0,0.0,0.0,646.8726829449879,0.0,-0.5494084429999475,0.0,0.0,0.0,0.003566369414329529,False,True,
s-003,after_one_actual_history_call,5,10,0,-0.5494084429999475,0.0,0.0,0.0,646.8726829449879,0.0,-0.5494084429999475,0.0,0.0,0.0,0.003552854061126709,False,True,
s-003,after_one_actual_history_call,5,10,1,-0.5494084429999475,0.0,0.0,0.0,646.8726829449879,0.0,-0.5494084429999475,0.0,0.0,0.0,0.003577176481485367,False,True,
s-003,after_one_actual_history_call,6,200,0,-8028.591765968,8262.517447343,15148.611587238,6414.159829187354,646.8726829449879,9104.845265341,1076.2534993730005,0.1019456628522909,429.3808164280126,0.0005910122009331916,0.21689429506659508,False,False,0.21689429506659508
s-003,after_one_actual_history_call,6,200,1,-8028.591765968,8262.517447343,15148.611587238,6414.159829187354,646.8726829449879,9104.845265341,1076.2534993730005,0.1019456628522909,429.3808164280126,0.0005910122009331916,0.2182188555598259,False,False,0.2182188555598259
s-003,after_one_actual_history_call,6,1000,0,-8028.591765968,8262.517447343,15148.611587238,6414.159829187354,646.8726829449879,9104.845265341,1076.2534993730005,0.1019456628522909,429.3808164280126,0.0005910122009331916,1.0183387733995914,False,False,1.0183387733995914
s-003,after_one_actual_history_call,6,1000,1,-8028.591765968,8262.517447343,15148.611587238,6414.159829187354,646.8726829449879,9104.845265341,1076.2534993730005,0.1019456628522909,429.3808164280126,0.0005910122009331916,1.0192703790962696,False,False,1.0192703790962696
s-003,after_one_actual_history_call,6,50,0,-8028.591765968,8262.517447343,15148.611587238,6414.159829187354,646.8726829449879,9104.845265341,1076.2534993730005,0.1019456628522909,429.3808164280126,0.0005910122009331916,0.06735320761799812,False,False,0.06735320761799812
s-003,after_one_actual_history_call,6,50,1,-8028.591765968,8262.517447343,15148.611587238,6414.159829187354,646.8726829449879,9104.845265341,1076.2534993730005,0.1019456628522909,429.3808164280126,0.0005910122009331916,0.06837577745318413,False,False,0.06837577745318413
s-003,after_one_actual_history_call,6,10,0,-8028.591765968,8262.517447343,15148.611587238,6414.159829187354,646.8726829449879,9104.845265341,1076.2534993730005,0.1019456628522909,429.3808164280126,0.0005910122009331916,0.02747737243771553,False,False,0.02747737243771553
s-003,after_one_actual_history_call,6,10,1,-8028.591765968,8262.517447343,15148.611587238,6414.159829187354,646.8726829449879,9104.845265341,1076.2534993730005,0.1019456628522909,429.3808164280126,0.0005910122009331916,0.025661151856184006,False,False,0.025661151856184006
s-003,after_one_actual_history_call,7,200,0,-36601.541375522,36600.991967079,63646.27093209,32000.544109918017,646.8726829449879,37084.572131626,483.03075610400265,0.013212214712157663,0.0,0.0,0.21911463141441345,False,False,
s-003,after_one_actual_history_call,7,200,1,-36601.541375522,36600.991967079,63646.27093209,32000.544109918017,646.8726829449879,37084.572131626,483.03075610400265,0.013212214712157663,0.0,0.0,0.21925638243556023,False,False,
s-003,after_one_actual_history_call,7,1000,0,-36601.541375522,36600.991967079,63646.27093209,32000.544109918017,646.8726829449879,37084.572131626,483.03075610400265,0.013212214712157663,0.0,0.0,1.0198736041784286,False,False,
s-003,after_one_actual_history_call,7,1000,1,-36601.541375522,36600.991967079,63646.27093209,32000.544109918017,646.8726829449879,37084.572131626,483.03075610400265,0.013212214712157663,0.0,0.0,1.0209844410419464,False,False,
s-003,after_one_actual_history_call,7,50,0,-36601.541375522,36600.991967079,63646.27093209,32000.544109918017,646.8726829449879,37084.572131626,483.03075610400265,0.013212214712157663,0.0,0.0,0.0700647383928299,False,False,
s-003,after_one_actual_history_call,7,50,1,-36601.541375522,36600.991967079,63646.27093209,32000.544109918017,646.8726829449879,37084.572131626,483.03075610400265,0.013212214712157663,0.0,0.0,0.07123773917555809,False,False,
s-003,after_one_actual_history_call,7,10,0,-36601.541375522,36600.991967079,63646.27093209,32000.544109918017,646.8726829449879,37084.572131626,483.03075610400265,0.013212214712157663,0.0,0.0,0.030225951224565506,False,False,
s-003,after_one_actual_history_call,7,10,1,-36601.541375522,36600.991967079,63646.27093209,32000.544109918017,646.8726829449879,37084.572131626,483.03075610400265,0.013212214712157663,0.0,0.0,0.030398566275835037,False,False,
s-003,after_one_actual_history_call,8,200,0,-3.0773249540002325,246.6483458,246.6483458,246.6483458,646.8726829449879,246.6483458,243.57102084599975,0.0,0.0,0.0,0.21569206938147545,False,True,
s-003,after_one_actual_history_call,8,200,1,-3.0773249540002325,246.6483458,246.6483458,246.6483458,646.8726829449879,246.6483458,243.57102084599975,0.0,0.0,0.0,0.21607787162065506,False,True,
s-003,after_one_actual_history_call,8,1000,0,-3.0773249540002325,246.6483458,246.6483458,246.6483458,646.8726829449879,246.6483458,243.57102084599975,0.0,0.0,0.0,1.015525322407484,False,True,
s-003,after_one_actual_history_call,8,1000,1,-3.0773249540002325,246.6483458,246.6483458,246.6483458,646.8726829449879,246.6483458,243.57102084599975,0.0,0.0,0.0,1.0157399773597717,False,True,
s-003,after_one_actual_history_call,8,50,0,-3.0773249540002325,246.6483458,246.6483458,246.6483458,646.8726829449879,246.6483458,243.57102084599975,0.0,0.0,0.0,0.06558547541499138,False,True,
s-003,after_one_actual_history_call,8,50,1,-3.0773249540002325,246.6483458,246.6483458,246.6483458,646.8726829449879,246.6483458,243.57102084599975,0.0,0.0,0.0,0.06481075659394264,False,True,
s-003,after_one_actual_history_call,8,10,0,-3.0773249540002325,246.6483458,246.6483458,246.6483458,646.8726829449879,246.6483458,243.57102084599975,0.0,0.0,0.0,0.024818789213895798,False,True,
s-003,after_one_actual_history_call,8,10,1,-3.0773249540002325,246.6483458,246.6483458,246.6483458,646.8726829449879,246.6483458,243.57102084599975,0.0,0.0,0.0,0.02324674278497696,False,True,
s-003,after_one_actual_history_call,9,200,0,-7750.193220518,8228.239331182,15114.333471077,6475.255949459604,646.8726829449879,9070.56714918,1320.3739286620003,0.10237035945294981,673.5012457170124,0.0009270266354090646,0.2179553173482418,False,False,0.2179553173482418
s-003,after_one_actual_history_call,9,200,1,-7750.193220518,8228.239331182,15114.333471077,6475.255949459604,646.8726829449879,9070.56714918,1320.3739286620003,0.10237035945294981,673.5012457170124,0.0009270266354090646,0.21894057840108871,False,False,0.21894057840108871
s-003,after_one_actual_history_call,9,1000,0,-7750.193220518,8228.239331182,15114.333471077,6475.255949459604,646.8726829449879,9070.56714918,1320.3739286620003,0.10237035945294981,673.5012457170124,0.0009270266354090646,1.01822866871953,False,False,1.01822866871953
s-003,after_one_actual_history_call,9,1000,1,-7750.193220518,8228.239331182,15114.333471077,6475.255949459604,646.8726829449879,9070.56714918,1320.3739286620003,0.10237035945294981,673.5012457170124,0.0009270266354090646,1.017503958195448,False,False,1.017503958195448
s-003,after_one_actual_history_call,9,50,0,-7750.193220518,8228.239331182,15114.333471077,6475.255949459604,646.8726829449879,9070.56714918,1320.3739286620003,0.10237035945294981,673.5012457170124,0.0009270266354090646,0.0683094672858715,False,False,0.0683094672858715
s-003,after_one_actual_history_call,9,50,1,-7750.193220518,8228.239331182,15114.333471077,6475.255949459604,646.8726829449879,9070.56714918,1320.3739286620003,0.10237035945294981,673.5012457170124,0.0009270266354090646,0.0679999515414238,False,False,0.0679999515414238
s-003,after_one_actual_history_call,9,10,0,-7750.193220518,8228.239331182,15114.333471077,6475.255949459604,646.8726829449879,9070.56714918,1320.3739286620003,0.10237035945294981,673.5012457170124,0.0009270266354090646,0.02834485098719597,False,False,0.02834485098719597
s-003,after_one_actual_history_call,9,10,1,-7750.193220518,8228.239331182,15114.333471077,6475.255949459604,646.8726829449879,9070.56714918,1320.3739286620003,0.10237035945294981,673.5012457170124,0.0009270266354090646,0.02721165120601654,False,False,0.02721165120601654
s-003,after_one_actual_history_call,10,200,0,-34837.523295194,35286.098616072,55996.197028391,29763.971101970703,646.8726829449879,36206.806602103,1369.2833069090048,0.02609265467539228,722.4106239640168,0.0009943469212208606,0.2172389142215252,False,False,0.2172389142215252
s-003,after_one_actual_history_call,10,200,1,-34837.523295194,35286.098616072,55996.197028391,29763.971101970703,646.8726829449879,36206.806602103,1369.2833069090048,0.02609265467539228,722.4106239640168,0.0009943469212208606,0.21929440274834633,False,False,0.21929440274834633
s-003,after_one_actual_history_call,10,1000,0,-34837.523295194,35286.098616072,55996.197028391,29763.971101970703,646.8726829449879,36206.806602103,1369.2833069090048,0.02609265467539228,722.4106239640168,0.0009943469212208606,1.0199724398553371,False,False,1.0199724398553371
s-003,after_one_actual_history_call,10,1000,1,-34837.523295194,35286.098616072,55996.197028391,29763.971101970703,646.8726829449879,36206.806602103,1369.2833069090048,0.02609265467539228,722.4106239640168,0.0009943469212208606,1.0198498778045177,False,False,1.0198498778045177
s-003,after_one_actual_history_call,10,50,0,-34837.523295194,35286.098616072,55996.197028391,29763.971101970703,646.8726829449879,36206.806602103,1369.2833069090048,0.02609265467539228,722.4106239640168,0.0009943469212208606,0.06943188980221748,False,False,0.06943188980221748
s-003,after_one_actual_history_call,10,50,1,-34837.523295194,35286.098616072,55996.197028391,29763.971101970703,646.8726829449879,36206.806602103,1369.2833069090048,0.02609265467539228,722.4106239640168,0.0009943469212208606,0.06932562962174416,False,False,0.06932562962174416
s-003,after_one_actual_history_call,10,10,0,-34837.523295194,35286.098616072,55996.197028391,29763.971101970703,646.8726829449879,36206.806602103,1369.2833069090048,0.02609265467539228,722.4106239640168,0.0009943469212208606,0.027374692261219025,False,False,0.027374692261219025
s-003,after_one_actual_history_call,10,10,1,-34837.523295194,35286.098616072,55996.197028391,29763.971101970703,646.8726829449879,36206.806602103,1369.2833069090048,0.02609265467539228,722.4106239640168,0.0009943469212208606,0.026404161006212234,False,False,0.026404161006212234
s-004,after_common_greedy_prefix,0,200,0,-9560.503789675,9560.503789675,18987.731776223,6948.628680538993,478.0461106640287,10113.9527276,553.4489379250008,0.0578890976982516,75.40282726097212,0.00010378663692248048,0.22236273810267448,False,False,0.22236273810267448
s-004,after_common_greedy_prefix,0,200,1,-9560.503789675,9560.503789675,18987.731776223,6948.628680538993,478.0461106640287,10113.9527276,553.4489379250008,0.0578890976982516,75.40282726097212,0.00010378663692248048,0.21823421493172646,False,False,0.21823421493172646
s-004,after_common_greedy_prefix,0,1000,0,-9560.503789675,9560.503789675,18987.731776223,6948.628680538993,478.0461106640287,10113.9527276,553.4489379250008,0.0578890976982516,75.40282726097212,0.00010378663692248048,1.0200156681239605,False,False,1.0200156681239605
s-004,after_common_greedy_prefix,0,1000,1,-9560.503789675,9560.503789675,18987.731776223,6948.628680538993,478.0461106640287,10113.9527276,553.4489379250008,0.0578890976982516,75.40282726097212,0.00010378663692248048,1.0204505659639835,False,False,1.0204505659639835
s-004,after_common_greedy_prefix,0,50,0,-9560.503789675,9560.503789675,18987.731776223,6948.628680538993,478.0461106640287,10113.9527276,553.4489379250008,0.0578890976982516,75.40282726097212,0.00010378663692248048,0.06875452771782875,False,False,0.06875452771782875
s-004,after_common_greedy_prefix,0,50,1,-9560.503789675,9560.503789675,18987.731776223,6948.628680538993,478.0461106640287,10113.9527276,553.4489379250008,0.0578890976982516,75.40282726097212,0.00010378663692248048,0.06876202672719955,False,False,0.06876202672719955
s-004,after_common_greedy_prefix,0,10,0,-9560.503789675,9560.503789675,18987.731776223,6948.628680538993,478.0461106640287,10113.9527276,553.4489379250008,0.0578890976982516,75.40282726097212,0.00010378663692248048,0.027706429362297058,False,False,0.027706429362297058
s-004,after_common_greedy_prefix,0,10,1,-9560.503789675,9560.503789675,18987.731776223,6948.628680538993,478.0461106640287,10113.9527276,553.4489379250008,0.0578890976982516,75.40282726097212,0.00010378663692248048,0.026757843792438507,False,False,0.026757843792438507
s-004,after_common_greedy_prefix,1,200,0,-36059.860739555,36059.860739555,65198.650423516,31720.06862517896,478.0461106640287,36717.272613242,657.4118736870005,0.018231126249632693,179.3657630229718,0.0002468842349738286,0.2195815071463585,False,False,0.2195815071463585
s-004,after_common_greedy_prefix,1,200,1,-36059.860739555,36059.860739555,65198.650423516,31720.06862517896,478.0461106640287,36717.272613242,657.4118736870005,0.018231126249632693,179.3657630229718,0.0002468842349738286,0.22077197954058647,False,False,0.22077197954058647
s-004,after_common_greedy_prefix,1,1000,0,-36059.860739555,36059.860739555,65198.650423516,31720.06862517896,478.0461106640287,36717.272613242,657.4118736870005,0.018231126249632693,179.3657630229718,0.0002468842349738286,1.019912552088499,False,False,1.019912552088499
s-004,after_common_greedy_prefix,1,1000,1,-36059.860739555,36059.860739555,65198.650423516,31720.06862517896,478.0461106640287,36717.272613242,657.4118736870005,0.018231126249632693,179.3657630229718,0.0002468842349738286,1.0201504081487656,False,False,1.0201504081487656
s-004,after_common_greedy_prefix,1,50,0,-36059.860739555,36059.860739555,65198.650423516,31720.06862517896,478.0461106640287,36717.272613242,657.4118736870005,0.018231126249632693,179.3657630229718,0.0002468842349738286,0.07076218351721764,False,False,0.07076218351721764
s-004,after_common_greedy_prefix,1,50,1,-36059.860739555,36059.860739555,65198.650423516,31720.06862517896,478.0461106640287,36717.272613242,657.4118736870005,0.018231126249632693,179.3657630229718,0.0002468842349738286,0.06922830268740654,False,False,0.06922830268740654
s-004,after_common_greedy_prefix,1,10,0,-36059.860739555,36059.860739555,65198.650423516,31720.06862517896,478.0461106640287,36717.272613242,657.4118736870005,0.018231126249632693,179.3657630229718,0.0002468842349738286,0.02883484587073326,False,False,0.02883484587073326
s-004,after_common_greedy_prefix,1,10,1,-36059.860739555,36059.860739555,65198.650423516,31720.06862517896,478.0461106640287,36717.272613242,657.4118736870005,0.018231126249632693,179.3657630229718,0.0002468842349738286,0.028887182474136353,False,False,0.028887182474136353
s-004,after_common_greedy_prefix,2,200,0,-0.07629785100004938,0.0,0.0,0.0,478.0461106640287,0.0,-0.07629785100004938,0.0,0.0,0.0,0.0036657489836215973,False,True,
s-004,after_common_greedy_prefix,2,200,1,-0.07629785100004938,0.0,0.0,0.0,478.0461106640287,0.0,-0.07629785100004938,0.0,0.0,0.0,0.0035845860838890076,False,True,
s-004,after_common_greedy_prefix,2,1000,0,-0.07629785100004938,0.0,0.0,0.0,478.0461106640287,0.0,-0.07629785100004938,0.0,0.0,0.0,0.0035444796085357666,False,True,
s-004,after_common_greedy_prefix,2,1000,1,-0.07629785100004938,0.0,0.0,0.0,478.0461106640287,0.0,-0.07629785100004938,0.0,0.0,0.0,0.0035383440554142,False,True,
s-004,after_common_greedy_prefix,2,50,0,-0.07629785100004938,0.0,0.0,0.0,478.0461106640287,0.0,-0.07629785100004938,0.0,0.0,0.0,0.0035403110086917877,False,True,
s-004,after_common_greedy_prefix,2,50,1,-0.07629785100004938,0.0,0.0,0.0,478.0461106640287,0.0,-0.07629785100004938,0.0,0.0,0.0,0.003524966537952423,False,True,
s-004,after_common_greedy_prefix,2,10,0,-0.07629785100004938,0.0,0.0,0.0,478.0461106640287,0.0,-0.07629785100004938,0.0,0.0,0.0,0.0035630762577056885,False,True,
s-004,after_common_greedy_prefix,2,10,1,-0.07629785100004938,0.0,0.0,0.0,478.0461106640287,0.0,-0.07629785100004938,0.0,0.0,0.0,0.0035370253026485443,False,True,
s-004,after_common_greedy_prefix,3,200,0,-8777.258945399,8998.222323289,10624.965840971,6418.087295846772,478.0461106640287,9094.303551462,317.0446060630002,0.010677801094592435,0.0,0.0,0.2169378288090229,False,False,
s-004,after_common_greedy_prefix,3,200,1,-8777.258945399,8998.222323289,10624.965840971,6418.087295846772,478.0461106640287,9094.303551462,317.0446060630002,0.010677801094592435,0.0,0.0,0.21720420569181442,False,False,
s-004,after_common_greedy_prefix,3,1000,0,-8777.258945399,8998.222323289,10624.965840971,6418.087295846772,478.0461106640287,9094.303551462,317.0446060630002,0.010677801094592435,0.0,0.0,1.0178918354213238,False,False,
s-004,after_common_greedy_prefix,3,1000,1,-8777.258945399,8998.222323289,10624.965840971,6418.087295846772,478.0461106640287,9094.303551462,317.0446060630002,0.010677801094592435,0.0,0.0,1.0169997066259384,False,False,
s-004,after_common_greedy_prefix,3,50,0,-8777.258945399,8998.222323289,10624.965840971,6418.087295846772,478.0461106640287,9094.303551462,317.0446060630002,0.010677801094592435,0.0,0.0,0.06724417582154274,False,False,
s-004,after_common_greedy_prefix,3,50,1,-8777.258945399,8998.222323289,10624.965840971,6418.087295846772,478.0461106640287,9094.303551462,317.0446060630002,0.010677801094592435,0.0,0.0,0.06733183935284615,False,False,
s-004,after_common_greedy_prefix,3,10,0,-8777.258945399,8998.222323289,10624.965840971,6418.087295846772,478.0461106640287,9094.303551462,317.0446060630002,0.010677801094592435,0.0,0.0,0.027462948113679886,False,False,
s-004,after_common_greedy_prefix,3,10,1,-8777.258945399,8998.222323289,10624.965840971,6418.087295846772,478.0461106640287,9094.303551462,317.0446060630002,0.010677801094592435,0.0,0.0,0.025312040001153946,False,False,
s-004,after_common_greedy_prefix,4,200,0,-36000.522114523,36000.445816672,65142.207611765,30049.108047813934,478.0461106640287,36351.564361905,351.0422473819999,0.009753172141840474,0.0,0.0,0.21859687566757202,False,False,
s-004,after_common_greedy_prefix,4,200,1,-36000.522114523,36000.445816672,65142.207611765,30049.108047813934,478.0461106640287,36351.564361905,351.0422473819999,0.009753172141840474,0.0,0.0,0.21955402940511703,False,False,
s-004,after_common_greedy_prefix,4,1000,0,-36000.522114523,36000.445816672,65142.207611765,30049.108047813934,478.0461106640287,36351.564361905,351.0422473819999,0.009753172141840474,0.0,0.0,1.0194808170199394,False,False,
s-004,after_common_greedy_prefix,4,1000,1,-36000.522114523,36000.445816672,65142.207611765,30049.108047813934,478.0461106640287,36351.564361905,351.0422473819999,0.009753172141840474,0.0,0.0,1.018971499055624,False,False,
s-004,after_common_greedy_prefix,4,50,0,-36000.522114523,36000.445816672,65142.207611765,30049.108047813934,478.0461106640287,36351.564361905,351.0422473819999,0.009753172141840474,0.0,0.0,0.06906940042972565,False,False,
s-004,after_common_greedy_prefix,4,50,1,-36000.522114523,36000.445816672,65142.207611765,30049.108047813934,478.0461106640287,36351.564361905,351.0422473819999,0.009753172141840474,0.0,0.0,0.07026831060647964,False,False,
s-004,after_common_greedy_prefix,4,10,0,-36000.522114523,36000.445816672,65142.207611765,30049.108047813934,478.0461106640287,36351.564361905,351.0422473819999,0.009753172141840474,0.0,0.0,0.029908854514360428,False,False,
s-004,after_common_greedy_prefix,4,10,1,-36000.522114523,36000.445816672,65142.207611765,30049.108047813934,478.0461106640287,36351.564361905,351.0422473819999,0.009753172141840474,0.0,0.0,0.029710274189710617,False,False,
s-004,after_common_greedy_prefix,5,200,0,-0.5494084429999475,0.0,0.0,0.0,478.0461106640287,0.0,-0.5494084429999475,0.0,0.0,0.0,0.0036195553839206696,False,True,
s-004,after_common_greedy_prefix,5,200,1,-0.5494084429999475,0.0,0.0,0.0,478.0461106640287,0.0,-0.5494084429999475,0.0,0.0,0.0,0.003559999167919159,False,True,
s-004,after_common_greedy_prefix,5,1000,0,-0.5494084429999475,0.0,0.0,0.0,478.0461106640287,0.0,-0.5494084429999475,0.0,0.0,0.0,0.003546159714460373,False,True,
s-004,after_common_greedy_prefix,5,1000,1,-0.5494084429999475,0.0,0.0,0.0,478.0461106640287,0.0,-0.5494084429999475,0.0,0.0,0.0,0.0035386942327022552,False,True,
s-004,after_common_greedy_prefix,5,50,0,-0.5494084429999475,0.0,0.0,0.0,478.0461106640287,0.0,-0.5494084429999475,0.0,0.0,0.0,0.0035262778401374817,False,True,
s-004,after_common_greedy_prefix,5,50,1,-0.5494084429999475,0.0,0.0,0.0,478.0461106640287,0.0,-0.5494084429999475,0.0,0.0,0.0,0.0035459771752357483,False,True,
s-004,after_common_greedy_prefix,5,10,0,-0.5494084429999475,0.0,0.0,0.0,478.0461106640287,0.0,-0.5494084429999475,0.0,0.0,0.0,0.003529723733663559,False,True,
s-004,after_common_greedy_prefix,5,10,1,-0.5494084429999475,0.0,0.0,0.0,478.0461106640287,0.0,-0.5494084429999475,0.0,0.0,0.0,0.0035559721291065216,False,True,
s-004,after_common_greedy_prefix,6,200,0,-8033.706046459001,8267.631727834,15153.725867729,6444.989131610355,478.0461106640287,9109.959545832,1076.2534993729987,0.10188260020849749,598.20738870897,0.0008233899883011176,0.218026265501976,False,False,0.218026265501976
s-004,after_common_greedy_prefix,6,200,1,-8033.706046459001,8267.631727834,15153.725867729,6444.989131610355,478.0461106640287,9109.959545832,1076.2534993729987,0.10188260020849749,598.20738870897,0.0008233899883011176,0.21813145652413368,False,False,0.21813145652413368
s-004,after_common_greedy_prefix,6,1000,0,-8033.706046459001,8267.631727834,15153.725867729,6444.989131610355,478.0461106640287,9109.959545832,1076.2534993729987,0.10188260020849749,598.20738870897,0.0008233899883011176,1.0179780945181847,False,False,1.0179780945181847
s-004,after_common_greedy_prefix,6,1000,1,-8033.706046459001,8267.631727834,15153.725867729,6444.989131610355,478.0461106640287,9109.959545832,1076.2534993729987,0.10188260020849749,598.20738870897,0.0008233899883011176,1.0179099030792713,False,False,1.0179099030792713
s-004,after_common_greedy_prefix,6,50,0,-8033.706046459001,8267.631727834,15153.725867729,6444.989131610355,478.0461106640287,9109.959545832,1076.2534993729987,0.10188260020849749,598.20738870897,0.0008233899883011176,0.06806609034538269,False,False,0.06806609034538269
s-004,after_common_greedy_prefix,6,50,1,-8033.706046459001,8267.631727834,15153.725867729,6444.989131610355,478.0461106640287,9109.959545832,1076.2534993729987,0.10188260020849749,598.20738870897,0.0008233899883011176,0.06789253279566765,False,False,0.06789253279566765
s-004,after_common_greedy_prefix,6,10,0,-8033.706046459001,8267.631727834,15153.725867729,6444.989131610355,478.0461106640287,9109.959545832,1076.2534993729987,0.10188260020849749,598.20738870897,0.0008233899883011176,0.027661193162202835,False,False,0.027661193162202835
s-004,after_common_greedy_prefix,6,10,1,-8033.706046459001,8267.631727834,15153.725867729,6444.989131610355,478.0461106640287,9109.959545832,1076.2534993729987,0.10188260020849749,598.20738870897,0.0008233899883011176,0.02762988954782486,False,False,0.02762988954782486
s-004,after_common_greedy_prefix,7,200,0,-36881.068904526,36880.519496083,65890.721846615,32418.545217060815,478.0461106640287,37364.09966063,483.03075610400265,0.013112075728715415,4.984645439973974,6.861010458869724e-06,0.22161425277590752,False,False,0.22161425277590752
s-004,after_common_greedy_prefix,7,200,1,-36881.068904526,36880.519496083,65890.721846615,32418.545217060815,478.0461106640287,37364.09966063,483.03075610400265,0.013112075728715415,4.984645439973974,6.861010458869724e-06,0.21990590542554855,False,False,0.21990590542554855
s-004,after_common_greedy_prefix,7,1000,0,-36881.068904526,36880.519496083,65890.721846615,32418.545217060815,478.0461106640287,37364.09966063,483.03075610400265,0.013112075728715415,4.984645439973974,6.861010458869724e-06,1.0200894474983215,False,False,1.0200894474983215
s-004,after_common_greedy_prefix,7,1000,1,-36881.068904526,36880.519496083,65890.721846615,32418.545217060815,478.0461106640287,37364.09966063,483.03075610400265,0.013112075728715415,4.984645439973974,6.861010458869724e-06,1.020381174981594,False,False,1.020381174981594
s-004,after_common_greedy_prefix,7,50,0,-36881.068904526,36880.519496083,65890.721846615,32418.545217060815,478.0461106640287,37364.09966063,483.03075610400265,0.013112075728715415,4.984645439973974,6.861010458869724e-06,0.06917530298233032,False,False,0.06917530298233032
s-004,after_common_greedy_prefix,7,50,1,-36881.068904526,36880.519496083,65890.721846615,32418.545217060815,478.0461106640287,37364.09966063,483.03075610400265,0.013112075728715415,4.984645439973974,6.861010458869724e-06,0.06918400898575783,False,False,0.06918400898575783
s-004,after_common_greedy_prefix,7,10,0,-36881.068904526,36880.519496083,65890.721846615,32418.545217060815,478.0461106640287,37364.09966063,483.03075610400265,0.013112075728715415,4.984645439973974,6.861010458869724e-06,0.02884538844227791,False,False,0.02884538844227791
s-004,after_common_greedy_prefix,7,10,1,-36881.068904526,36880.519496083,65890.721846615,32418.545217060815,478.0461106640287,37364.09966063,483.03075610400265,0.013112075728715415,4.984645439973974,6.861010458869724e-06,0.027897726744413376,False,False,0.027897726744413376
s-004,after_common_greedy_prefix,8,200,0,-3.0773249540002325,246.6483458,246.6483458,246.6483458,478.0461106640287,246.6483458,243.57102084599975,0.0,0.0,0.0,0.2151816450059414,False,True,
s-004,after_common_greedy_prefix,8,200,1,-3.0773249540002325,246.6483458,246.6483458,246.6483458,478.0461106640287,246.6483458,243.57102084599975,0.0,0.0,0.0,0.21548910811543465,False,True,
s-004,after_common_greedy_prefix,8,1000,0,-3.0773249540002325,246.6483458,246.6483458,246.6483458,478.0461106640287,246.6483458,243.57102084599975,0.0,0.0,0.0,1.0156510695815086,False,True,
s-004,after_common_greedy_prefix,8,1000,1,-3.0773249540002325,246.6483458,246.6483458,246.6483458,478.0461106640287,246.6483458,243.57102084599975,0.0,0.0,0.0,1.0156763345003128,False,True,
s-004,after_common_greedy_prefix,8,50,0,-3.0773249540002325,246.6483458,246.6483458,246.6483458,478.0461106640287,246.6483458,243.57102084599975,0.0,0.0,0.0,0.06583352759480476,False,True,
s-004,after_common_greedy_prefix,8,50,1,-3.0773249540002325,246.6483458,246.6483458,246.6483458,478.0461106640287,246.6483458,243.57102084599975,0.0,0.0,0.0,0.06595548614859581,False,True,
s-004,after_common_greedy_prefix,8,10,0,-3.0773249540002325,246.6483458,246.6483458,246.6483458,478.0461106640287,246.6483458,243.57102084599975,0.0,0.0,0.0,0.024462591856718063,False,True,
s-004,after_common_greedy_prefix,8,10,1,-3.0773249540002325,246.6483458,246.6483458,246.6483458,478.0461106640287,246.6483458,243.57102084599975,0.0,0.0,0.0,0.023193541914224625,False,True,
s-004,after_common_greedy_prefix,9,200,0,-7912.054984439001,8390.101095103,15276.195234998,6501.379868454605,478.0461106640287,9232.428913101001,1320.3739286620003,0.10039543128862143,842.3278179979716,0.001159404422776993,0.21874941885471344,False,False,0.21874941885471344
s-004,after_common_greedy_prefix,9,200,1,-7912.054984439001,8390.101095103,15276.195234998,6501.379868454605,478.0461106640287,9232.428913101001,1320.3739286620003,0.10039543128862143,842.3278179979716,0.001159404422776993,0.21897946298122406,False,False,0.21897946298122406
s-004,after_common_greedy_prefix,9,1000,0,-7912.054984439001,8390.101095103,15276.195234998,6501.379868454605,478.0461106640287,9232.428913101001,1320.3739286620003,0.10039543128862143,842.3278179979716,0.001159404422776993,1.0176760703325272,False,False,1.0176760703325272
s-004,after_common_greedy_prefix,9,1000,1,-7912.054984439001,8390.101095103,15276.195234998,6501.379868454605,478.0461106640287,9232.428913101001,1320.3739286620003,0.10039543128862143,842.3278179979716,0.001159404422776993,1.018808338791132,False,False,1.018808338791132
s-004,after_common_greedy_prefix,9,50,0,-7912.054984439001,8390.101095103,15276.195234998,6501.379868454605,478.0461106640287,9232.428913101001,1320.3739286620003,0.10039543128862143,842.3278179979716,0.001159404422776993,0.0686749741435051,False,False,0.0686749741435051
s-004,after_common_greedy_prefix,9,50,1,-7912.054984439001,8390.101095103,15276.195234998,6501.379868454605,478.0461106640287,9232.428913101001,1320.3739286620003,0.10039543128862143,842.3278179979716,0.001159404422776993,0.06861766427755356,False,False,0.06861766427755356
s-004,after_common_greedy_prefix,9,10,0,-7912.054984439001,8390.101095103,15276.195234998,6501.379868454605,478.0461106640287,9232.428913101001,1320.3739286620003,0.10039543128862143,842.3278179979716,0.001159404422776993,0.027222860604524612,False,False,0.027222860604524612
s-004,after_common_greedy_prefix,9,10,1,-7912.054984439001,8390.101095103,15276.195234998,6501.379868454605,478.0461106640287,9232.428913101001,1320.3739286620003,0.10039543128862143,842.3278179979716,0.001159404422776993,0.02693476900458336,False,False,0.02693476900458336
s-004,after_common_greedy_prefix,10,200,0,-34837.523295194,35286.098616072,55996.197028391,29763.971101970703,478.0461106640287,36206.806602103,1369.2833069090048,0.02609265467539228,891.2371962449761,0.001226724708588789,0.21960921585559845,False,False,0.21960921585559845
s-004,after_common_greedy_prefix,10,200,1,-34837.523295194,35286.098616072,55996.197028391,29763.971101970703,478.0461106640287,36206.806602103,1369.2833069090048,0.02609265467539228,891.2371962449761,0.001226724708588789,0.21946119889616966,False,False,0.21946119889616966
s-004,after_common_greedy_prefix,10,1000,0,-34837.523295194,35286.098616072,55996.197028391,29763.971101970703,478.0461106640287,36206.806602103,1369.2833069090048,0.02609265467539228,891.2371962449761,0.001226724708588789,1.019812736660242,False,False,1.019812736660242
s-004,after_common_greedy_prefix,10,1000,1,-34837.523295194,35286.098616072,55996.197028391,29763.971101970703,478.0461106640287,36206.806602103,1369.2833069090048,0.02609265467539228,891.2371962449761,0.001226724708588789,1.0203444994986057,False,False,1.0203444994986057
s-004,after_common_greedy_prefix,10,50,0,-34837.523295194,35286.098616072,55996.197028391,29763.971101970703,478.0461106640287,36206.806602103,1369.2833069090048,0.02609265467539228,891.2371962449761,0.001226724708588789,0.07023894414305687,False,False,0.07023894414305687
s-004,after_common_greedy_prefix,10,50,1,-34837.523295194,35286.098616072,55996.197028391,29763.971101970703,478.0461106640287,36206.806602103,1369.2833069090048,0.02609265467539228,891.2371962449761,0.001226724708588789,0.07011965289711952,False,False,0.07011965289711952
s-004,after_common_greedy_prefix,10,10,0,-34837.523295194,35286.098616072,55996.197028391,29763.971101970703,478.0461106640287,36206.806602103,1369.2833069090048,0.02609265467539228,891.2371962449761,0.001226724708588789,0.028977856040000916,False,False,0.028977856040000916
s-004,after_common_greedy_prefix,10,10,1,-34837.523295194,35286.098616072,55996.197028391,29763.971101970703,478.0461106640287,36206.806602103,1369.2833069090048,0.02609265467539228,891.2371962449761,0.001226724708588789,0.028546318411827087,False,False,0.028546318411827087
s-005,after_one_actual_history_call,0,200,0,-9560.503789675,9560.503789675,18987.731776223,6948.628680538993,478.0461106640287,10113.9527276,553.4489379250008,0.0578890976982516,75.40282726097212,0.00010378663692248048,0.21990448236465454,False,False,0.21990448236465454
s-005,after_one_actual_history_call,0,200,1,-9560.503789675,9560.503789675,18987.731776223,6948.628680538993,478.0461106640287,10113.9527276,553.4489379250008,0.0578890976982516,75.40282726097212,0.00010378663692248048,0.21888313069939613,False,False,0.21888313069939613
s-005,after_one_actual_history_call,0,1000,0,-9560.503789675,9560.503789675,18987.731776223,6948.628680538993,478.0461106640287,10113.9527276,553.4489379250008,0.0578890976982516,75.40282726097212,0.00010378663692248048,1.0206886902451515,False,False,1.0206886902451515
s-005,after_one_actual_history_call,0,1000,1,-9560.503789675,9560.503789675,18987.731776223,6948.628680538993,478.0461106640287,10113.9527276,553.4489379250008,0.0578890976982516,75.40282726097212,0.00010378663692248048,1.0202601253986359,False,False,1.0202601253986359
s-005,after_one_actual_history_call,0,50,0,-9560.503789675,9560.503789675,18987.731776223,6948.628680538993,478.0461106640287,10113.9527276,553.4489379250008,0.0578890976982516,75.40282726097212,0.00010378663692248048,0.0680694468319416,False,False,0.0680694468319416
s-005,after_one_actual_history_call,0,50,1,-9560.503789675,9560.503789675,18987.731776223,6948.628680538993,478.0461106640287,10113.9527276,553.4489379250008,0.0578890976982516,75.40282726097212,0.00010378663692248048,0.06848013773560524,False,False,0.06848013773560524
s-005,after_one_actual_history_call,0,10,0,-9560.503789675,9560.503789675,18987.731776223,6948.628680538993,478.0461106640287,10113.9527276,553.4489379250008,0.0578890976982516,75.40282726097212,0.00010378663692248048,0.02825991064310074,False,False,0.02825991064310074
s-005,after_one_actual_history_call,0,10,1,-9560.503789675,9560.503789675,18987.731776223,6948.628680538993,478.0461106640287,10113.9527276,553.4489379250008,0.0578890976982516,75.40282726097212,0.00010378663692248048,0.028146706521511078,False,False,0.028146706521511078
s-005,after_one_actual_history_call,1,200,0,-36059.860739555,36059.860739555,65198.650423516,31720.06862517896,478.0461106640287,36717.272613242,657.4118736870005,0.018231126249632693,179.3657630229718,0.0002468842349738286,0.22047098353505135,False,False,0.22047098353505135
s-005,after_one_actual_history_call,1,200,1,-36059.860739555,36059.860739555,65198.650423516,31720.06862517896,478.0461106640287,36717.272613242,657.4118736870005,0.018231126249632693,179.3657630229718,0.0002468842349738286,0.22108526527881622,False,False,0.22108526527881622
s-005,after_one_actual_history_call,1,1000,0,-36059.860739555,36059.860739555,65198.650423516,31720.06862517896,478.0461106640287,36717.272613242,657.4118736870005,0.018231126249632693,179.3657630229718,0.0002468842349738286,1.0202626213431358,False,False,1.0202626213431358
s-005,after_one_actual_history_call,1,1000,1,-36059.860739555,36059.860739555,65198.650423516,31720.06862517896,478.0461106640287,36717.272613242,657.4118736870005,0.018231126249632693,179.3657630229718,0.0002468842349738286,1.02118881046772,False,False,1.02118881046772
s-005,after_one_actual_history_call,1,50,0,-36059.860739555,36059.860739555,65198.650423516,31720.06862517896,478.0461106640287,36717.272613242,657.4118736870005,0.018231126249632693,179.3657630229718,0.0002468842349738286,0.06977223232388496,False,False,0.06977223232388496
s-005,after_one_actual_history_call,1,50,1,-36059.860739555,36059.860739555,65198.650423516,31720.06862517896,478.0461106640287,36717.272613242,657.4118736870005,0.018231126249632693,179.3657630229718,0.0002468842349738286,0.06960060819983482,False,False,0.06960060819983482
s-005,after_one_actual_history_call,1,10,0,-36059.860739555,36059.860739555,65198.650423516,31720.06862517896,478.0461106640287,36717.272613242,657.4118736870005,0.018231126249632693,179.3657630229718,0.0002468842349738286,0.030308853834867477,False,False,0.030308853834867477
s-005,after_one_actual_history_call,1,10,1,-36059.860739555,36059.860739555,65198.650423516,31720.06862517896,478.0461106640287,36717.272613242,657.4118736870005,0.018231126249632693,179.3657630229718,0.0002468842349738286,0.030678093433380127,False,False,0.030678093433380127
s-005,after_one_actual_history_call,2,200,0,-0.07629785100004938,0.0,0.0,0.0,478.0461106640287,0.0,-0.07629785100004938,0.0,0.0,0.0,0.0023794248700141907,False,True,
s-005,after_one_actual_history_call,2,200,1,-0.07629785100004938,0.0,0.0,0.0,478.0461106640287,0.0,-0.07629785100004938,0.0,0.0,0.0,0.0023347176611423492,False,True,
s-005,after_one_actual_history_call,2,1000,0,-0.07629785100004938,0.0,0.0,0.0,478.0461106640287,0.0,-0.07629785100004938,0.0,0.0,0.0,0.003617309033870697,False,True,
s-005,after_one_actual_history_call,2,1000,1,-0.07629785100004938,0.0,0.0,0.0,478.0461106640287,0.0,-0.07629785100004938,0.0,0.0,0.0,0.003618091344833374,False,True,
s-005,after_one_actual_history_call,2,50,0,-0.07629785100004938,0.0,0.0,0.0,478.0461106640287,0.0,-0.07629785100004938,0.0,0.0,0.0,0.0035846196115016937,False,True,
s-005,after_one_actual_history_call,2,50,1,-0.07629785100004938,0.0,0.0,0.0,478.0461106640287,0.0,-0.07629785100004938,0.0,0.0,0.0,0.003582354635000229,False,True,
s-005,after_one_actual_history_call,2,10,0,-0.07629785100004938,0.0,0.0,0.0,478.0461106640287,0.0,-0.07629785100004938,0.0,0.0,0.0,0.0035804323852062225,False,True,
s-005,after_one_actual_history_call,2,10,1,-0.07629785100004938,0.0,0.0,0.0,478.0461106640287,0.0,-0.07629785100004938,0.0,0.0,0.0,0.0035742931067943573,False,True,
s-005,after_one_actual_history_call,3,200,0,-8777.258945399,8998.222323289,10624.965840971,6418.087295846772,478.0461106640287,9094.303551462,317.0446060630002,0.010677801094592435,0.0,0.0,0.21799437329173088,False,False,
s-005,after_one_actual_history_call,3,200,1,-8777.258945399,8998.222323289,10624.965840971,6418.087295846772,478.0461106640287,9094.303551462,317.0446060630002,0.010677801094592435,0.0,0.0,0.21772721037268639,False,False,
s-005,after_one_actual_history_call,3,1000,0,-8777.258945399,8998.222323289,10624.965840971,6418.087295846772,478.0461106640287,9094.303551462,317.0446060630002,0.010677801094592435,0.0,0.0,1.0180987939238548,False,False,
s-005,after_one_actual_history_call,3,1000,1,-8777.258945399,8998.222323289,10624.965840971,6418.087295846772,478.0461106640287,9094.303551462,317.0446060630002,0.010677801094592435,0.0,0.0,1.0176387690007687,False,False,
s-005,after_one_actual_history_call,3,50,0,-8777.258945399,8998.222323289,10624.965840971,6418.087295846772,478.0461106640287,9094.303551462,317.0446060630002,0.010677801094592435,0.0,0.0,0.06642257794737816,False,False,
s-005,after_one_actual_history_call,3,50,1,-8777.258945399,8998.222323289,10624.965840971,6418.087295846772,478.0461106640287,9094.303551462,317.0446060630002,0.010677801094592435,0.0,0.0,0.0664491057395935,False,False,
s-005,after_one_actual_history_call,3,10,0,-8777.258945399,8998.222323289,10624.965840971,6418.087295846772,478.0461106640287,9094.303551462,317.0446060630002,0.010677801094592435,0.0,0.0,0.02833123877644539,False,False,
s-005,after_one_actual_history_call,3,10,1,-8777.258945399,8998.222323289,10624.965840971,6418.087295846772,478.0461106640287,9094.303551462,317.0446060630002,0.010677801094592435,0.0,0.0,0.026624009013175964,False,False,
s-005,after_one_actual_history_call,4,200,0,-36000.522114523,36000.445816672,65142.207611765,30049.108047813934,478.0461106640287,36351.564361905,351.0422473819999,0.009753172141840474,0.0,0.0,0.21758100762963295,False,False,
s-005,after_one_actual_history_call,4,200,1,-36000.522114523,36000.445816672,65142.207611765,30049.108047813934,478.0461106640287,36351.564361905,351.0422473819999,0.009753172141840474,0.0,0.0,0.21949858963489532,False,False,
s-005,after_one_actual_history_call,4,1000,0,-36000.522114523,36000.445816672,65142.207611765,30049.108047813934,478.0461106640287,36351.564361905,351.0422473819999,0.009753172141840474,0.0,0.0,1.019635271281004,False,False,
s-005,after_one_actual_history_call,4,1000,1,-36000.522114523,36000.445816672,65142.207611765,30049.108047813934,478.0461106640287,36351.564361905,351.0422473819999,0.009753172141840474,0.0,0.0,1.020016759634018,False,False,
s-005,after_one_actual_history_call,4,50,0,-36000.522114523,36000.445816672,65142.207611765,30049.108047813934,478.0461106640287,36351.564361905,351.0422473819999,0.009753172141840474,0.0,0.0,0.06894422695040703,False,False,
s-005,after_one_actual_history_call,4,50,1,-36000.522114523,36000.445816672,65142.207611765,30049.108047813934,478.0461106640287,36351.564361905,351.0422473819999,0.009753172141840474,0.0,0.0,0.068055659532547,False,False,
s-005,after_one_actual_history_call,4,10,0,-36000.522114523,36000.445816672,65142.207611765,30049.108047813934,478.0461106640287,36351.564361905,351.0422473819999,0.009753172141840474,0.0,0.0,0.028184354305267334,False,False,
s-005,after_one_actual_history_call,4,10,1,-36000.522114523,36000.445816672,65142.207611765,30049.108047813934,478.0461106640287,36351.564361905,351.0422473819999,0.009753172141840474,0.0,0.0,0.02867460623383522,False,False,
s-005,after_one_actual_history_call,5,200,0,-0.5494084429999475,0.0,0.0,0.0,478.0461106640287,0.0,-0.5494084429999475,0.0,0.0,0.0,0.0036782845854759216,False,True,
s-005,after_one_actual_history_call,5,200,1,-0.5494084429999475,0.0,0.0,0.0,478.0461106640287,0.0,-0.5494084429999475,0.0,0.0,0.0,0.0036043040454387665,False,True,
s-005,after_one_actual_history_call,5,1000,0,-0.5494084429999475,0.0,0.0,0.0,478.0461106640287,0.0,-0.5494084429999475,0.0,0.0,0.0,0.003603283315896988,False,True,
s-005,after_one_actual_history_call,5,1000,1,-0.5494084429999475,0.0,0.0,0.0,478.0461106640287,0.0,-0.5494084429999475,0.0,0.0,0.0,0.0035825856029987335,False,True,
s-005,after_one_actual_history_call,5,50,0,-0.5494084429999475,0.0,0.0,0.0,478.0461106640287,0.0,-0.5494084429999475,0.0,0.0,0.0,0.003578104078769684,False,True,
s-005,after_one_actual_history_call,5,50,1,-0.5494084429999475,0.0,0.0,0.0,478.0461106640287,0.0,-0.5494084429999475,0.0,0.0,0.0,0.0035585612058639526,False,True,
s-005,after_one_actual_history_call,5,10,0,-0.5494084429999475,0.0,0.0,0.0,478.0461106640287,0.0,-0.5494084429999475,0.0,0.0,0.0,0.0035873129963874817,False,True,
s-005,after_one_actual_history_call,5,10,1,-0.5494084429999475,0.0,0.0,0.0,478.0461106640287,0.0,-0.5494084429999475,0.0,0.0,0.0,0.003565393388271332,False,True,
s-005,after_one_actual_history_call,6,200,0,-8033.706046459001,8267.631727834,15153.725867729,6444.989131610355,478.0461106640287,9109.959545832,1076.2534993729987,0.10188260020849749,598.20738870897,0.0008233899883011176,0.2181437760591507,False,False,0.2181437760591507
s-005,after_one_actual_history_call,6,200,1,-8033.706046459001,8267.631727834,15153.725867729,6444.989131610355,478.0461106640287,9109.959545832,1076.2534993729987,0.10188260020849749,598.20738870897,0.0008233899883011176,0.21772057935595512,False,False,0.21772057935595512
s-005,after_one_actual_history_call,6,1000,0,-8033.706046459001,8267.631727834,15153.725867729,6444.989131610355,478.0461106640287,9109.959545832,1076.2534993729987,0.10188260020849749,598.20738870897,0.0008233899883011176,1.0187516435980797,False,False,1.0187516435980797
s-005,after_one_actual_history_call,6,1000,1,-8033.706046459001,8267.631727834,15153.725867729,6444.989131610355,478.0461106640287,9109.959545832,1076.2534993729987,0.10188260020849749,598.20738870897,0.0008233899883011176,1.0183268710970879,False,False,1.0183268710970879
s-005,after_one_actual_history_call,6,50,0,-8033.706046459001,8267.631727834,15153.725867729,6444.989131610355,478.0461106640287,9109.959545832,1076.2534993729987,0.10188260020849749,598.20738870897,0.0008233899883011176,0.0672711469233036,False,False,0.0672711469233036
s-005,after_one_actual_history_call,6,50,1,-8033.706046459001,8267.631727834,15153.725867729,6444.989131610355,478.0461106640287,9109.959545832,1076.2534993729987,0.10188260020849749,598.20738870897,0.0008233899883011176,0.06653186306357384,False,False,0.06653186306357384
s-005,after_one_actual_history_call,6,10,0,-8033.706046459001,8267.631727834,15153.725867729,6444.989131610355,478.0461106640287,9109.959545832,1076.2534993729987,0.10188260020849749,598.20738870897,0.0008233899883011176,0.02661706507205963,False,False,0.02661706507205963
s-005,after_one_actual_history_call,6,10,1,-8033.706046459001,8267.631727834,15153.725867729,6444.989131610355,478.0461106640287,9109.959545832,1076.2534993729987,0.10188260020849749,598.20738870897,0.0008233899883011176,0.025308582931756973,False,False,0.025308582931756973
s-005,after_one_actual_history_call,7,200,0,-36881.068904526,36880.519496083,65890.721846615,32418.545217060815,478.0461106640287,37364.09966063,483.03075610400265,0.013112075728715415,4.984645439973974,6.861010458869724e-06,0.21939821168780327,False,False,0.21939821168780327
s-005,after_one_actual_history_call,7,200,1,-36881.068904526,36880.519496083,65890.721846615,32418.545217060815,478.0461106640287,37364.09966063,483.03075610400265,0.013112075728715415,4.984645439973974,6.861010458869724e-06,0.2197374440729618,False,False,0.2197374440729618
s-005,after_one_actual_history_call,7,1000,0,-36881.068904526,36880.519496083,65890.721846615,32418.545217060815,478.0461106640287,37364.09966063,483.03075610400265,0.013112075728715415,4.984645439973974,6.861010458869724e-06,1.0214147418737411,False,False,1.0214147418737411
s-005,after_one_actual_history_call,7,1000,1,-36881.068904526,36880.519496083,65890.721846615,32418.545217060815,478.0461106640287,37364.09966063,483.03075610400265,0.013112075728715415,4.984645439973974,6.861010458869724e-06,1.0207018181681633,False,False,1.0207018181681633
s-005,after_one_actual_history_call,7,50,0,-36881.068904526,36880.519496083,65890.721846615,32418.545217060815,478.0461106640287,37364.09966063,483.03075610400265,0.013112075728715415,4.984645439973974,6.861010458869724e-06,0.06951884552836418,False,False,0.06951884552836418
s-005,after_one_actual_history_call,7,50,1,-36881.068904526,36880.519496083,65890.721846615,32418.545217060815,478.0461106640287,37364.09966063,483.03075610400265,0.013112075728715415,4.984645439973974,6.861010458869724e-06,0.06891171634197235,False,False,0.06891171634197235
s-005,after_one_actual_history_call,7,10,0,-36881.068904526,36880.519496083,65890.721846615,32418.545217060815,478.0461106640287,37364.09966063,483.03075610400265,0.013112075728715415,4.984645439973974,6.861010458869724e-06,0.02848668396472931,False,False,0.02848668396472931
s-005,after_one_actual_history_call,7,10,1,-36881.068904526,36880.519496083,65890.721846615,32418.545217060815,478.0461106640287,37364.09966063,483.03075610400265,0.013112075728715415,4.984645439973974,6.861010458869724e-06,0.0272822268307209,False,False,0.0272822268307209
s-005,after_one_actual_history_call,8,200,0,-3.0773249540002325,246.6483458,246.6483458,246.6483458,478.0461106640287,246.6483458,243.57102084599975,0.0,0.0,0.0,0.21463799476623535,False,True,
s-005,after_one_actual_history_call,8,200,1,-3.0773249540002325,246.6483458,246.6483458,246.6483458,478.0461106640287,246.6483458,243.57102084599975,0.0,0.0,0.0,0.21540455892682076,False,True,
s-005,after_one_actual_history_call,8,1000,0,-3.0773249540002325,246.6483458,246.6483458,246.6483458,478.0461106640287,246.6483458,243.57102084599975,0.0,0.0,0.0,1.016046404838562,False,True,
s-005,after_one_actual_history_call,8,1000,1,-3.0773249540002325,246.6483458,246.6483458,246.6483458,478.0461106640287,246.6483458,243.57102084599975,0.0,0.0,0.0,1.0156601406633854,False,True,
s-005,after_one_actual_history_call,8,50,0,-3.0773249540002325,246.6483458,246.6483458,246.6483458,478.0461106640287,246.6483458,243.57102084599975,0.0,0.0,0.0,0.06595756486058235,False,True,
s-005,after_one_actual_history_call,8,50,1,-3.0773249540002325,246.6483458,246.6483458,246.6483458,478.0461106640287,246.6483458,243.57102084599975,0.0,0.0,0.0,0.06579314172267914,False,True,
s-005,after_one_actual_history_call,8,10,0,-3.0773249540002325,246.6483458,246.6483458,246.6483458,478.0461106640287,246.6483458,243.57102084599975,0.0,0.0,0.0,0.025145400315523148,False,True,
s-005,after_one_actual_history_call,8,10,1,-3.0773249540002325,246.6483458,246.6483458,246.6483458,478.0461106640287,246.6483458,243.57102084599975,0.0,0.0,0.0,0.02311026304960251,False,True,
s-005,after_one_actual_history_call,9,200,0,-7912.054984439001,8390.101095103,15276.195234998,6501.379868454605,478.0461106640287,9232.428913101001,1320.3739286620003,0.10039543128862143,842.3278179979716,0.001159404422776993,0.215450968593359,False,False,0.215450968593359
s-005,after_one_actual_history_call,9,200,1,-7912.054984439001,8390.101095103,15276.195234998,6501.379868454605,478.0461106640287,9232.428913101001,1320.3739286620003,0.10039543128862143,842.3278179979716,0.001159404422776993,0.21853304281830788,False,False,0.21853304281830788
s-005,after_one_actual_history_call,9,1000,0,-7912.054984439001,8390.101095103,15276.195234998,6501.379868454605,478.0461106640287,9232.428913101001,1320.3739286620003,0.10039543128862143,842.3278179979716,0.001159404422776993,1.0181544981896877,False,False,1.0181544981896877
s-005,after_one_actual_history_call,9,1000,1,-7912.054984439001,8390.101095103,15276.195234998,6501.379868454605,478.0461106640287,9232.428913101001,1320.3739286620003,0.10039543128862143,842.3278179979716,0.001159404422776993,1.0176875926554203,False,False,1.0176875926554203
s-005,after_one_actual_history_call,9,50,0,-7912.054984439001,8390.101095103,15276.195234998,6501.379868454605,478.0461106640287,9232.428913101001,1320.3739286620003,0.10039543128862143,842.3278179979716,0.001159404422776993,0.06801069900393486,False,False,0.06801069900393486
s-005,after_one_actual_history_call,9,50,1,-7912.054984439001,8390.101095103,15276.195234998,6501.379868454605,478.0461106640287,9232.428913101001,1320.3739286620003,0.10039543128862143,842.3278179979716,0.001159404422776993,0.06823759153485298,False,False,0.06823759153485298
s-005,after_one_actual_history_call,9,10,0,-7912.054984439001,8390.101095103,15276.195234998,6501.379868454605,478.0461106640287,9232.428913101001,1320.3739286620003,0.10039543128862143,842.3278179979716,0.001159404422776993,0.028568699955940247,False,False,0.028568699955940247
s-005,after_one_actual_history_call,9,10,1,-7912.054984439001,8390.101095103,15276.195234998,6501.379868454605,478.0461106640287,9232.428913101001,1320.3739286620003,0.10039543128862143,842.3278179979716,0.001159404422776993,0.02831267938017845,False,False,0.02831267938017845
s-005,after_one_actual_history_call,10,200,0,-34837.523295194,35286.098616072,55996.197028391,29763.971101970703,478.0461106640287,36206.806602103,1369.2833069090048,0.02609265467539228,891.2371962449761,0.001226724708588789,0.21909871324896812,False,False,0.21909871324896812
s-005,after_one_actual_history_call,10,200,1,-34837.523295194,35286.098616072,55996.197028391,29763.971101970703,478.0461106640287,36206.806602103,1369.2833069090048,0.02609265467539228,891.2371962449761,0.001226724708588789,0.2197330743074417,False,False,0.2197330743074417
s-005,after_one_actual_history_call,10,1000,0,-34837.523295194,35286.098616072,55996.197028391,29763.971101970703,478.0461106640287,36206.806602103,1369.2833069090048,0.02609265467539228,891.2371962449761,0.001226724708588789,1.0197312124073505,False,False,1.0197312124073505
s-005,after_one_actual_history_call,10,1000,1,-34837.523295194,35286.098616072,55996.197028391,29763.971101970703,478.0461106640287,36206.806602103,1369.2833069090048,0.02609265467539228,891.2371962449761,0.001226724708588789,1.0196683183312416,False,False,1.0196683183312416
s-005,after_one_actual_history_call,10,50,0,-34837.523295194,35286.098616072,55996.197028391,29763.971101970703,478.0461106640287,36206.806602103,1369.2833069090048,0.02609265467539228,891.2371962449761,0.001226724708588789,0.07089567929506302,False,False,0.07089567929506302
s-005,after_one_actual_history_call,10,50,1,-34837.523295194,35286.098616072,55996.197028391,29763.971101970703,478.0461106640287,36206.806602103,1369.2833069090048,0.02609265467539228,891.2371962449761,0.001226724708588789,0.07027465850114822,False,False,0.07027465850114822
s-005,after_one_actual_history_call,10,10,0,-34837.523295194,35286.098616072,55996.197028391,29763.971101970703,478.0461106640287,36206.806602103,1369.2833069090048,0.02609265467539228,891.2371962449761,0.001226724708588789,0.02904529869556427,False,False,0.02904529869556427
s-005,after_one_actual_history_call,10,10,1,-34837.523295194,35286.098616072,55996.197028391,29763.971101970703,478.0461106640287,36206.806602103,1369.2833069090048,0.02609265467539228,891.2371962449761,0.001226724708588789,0.028665069490671158,False,False,0.028665069490671158
s-006,after_common_greedy_prefix,0,200,0,-9904.232473314,10897.034137998,23761.802983309,7791.732661652648,992.8016646839678,11330.452429672,1426.2199563579998,0.0397739684197802,433.41829167403193,0.0005965694988842592,0.22071250528097153,False,False,0.22071250528097153
s-006,after_common_greedy_prefix,0,200,1,-9904.232473314,10897.034137998,23761.802983309,7791.732661652648,992.8016646839678,11330.452429672,1426.2199563579998,0.0397739684197802,433.41829167403193,0.0005965694988842592,0.22228752821683884,False,False,0.22228752821683884
s-006,after_common_greedy_prefix,0,1000,0,-9904.232473314,10897.034137998,23761.802983309,7791.732661652648,992.8016646839678,11330.452429672,1426.2199563579998,0.0397739684197802,433.41829167403193,0.0005965694988842592,1.0180189236998558,False,False,1.0180189236998558
s-006,after_common_greedy_prefix,0,1000,1,-9904.232473314,10897.034137998,23761.802983309,7791.732661652648,992.8016646839678,11330.452429672,1426.2199563579998,0.0397739684197802,433.41829167403193,0.0005965694988842592,1.0199928507208824,False,False,1.0199928507208824
s-006,after_common_greedy_prefix,0,50,0,-9904.232473314,10897.034137998,23761.802983309,7791.732661652648,992.8016646839678,11330.452429672,1426.2199563579998,0.0397739684197802,433.41829167403193,0.0005965694988842592,0.06958699598908424,False,False,0.06958699598908424
s-006,after_common_greedy_prefix,0,50,1,-9904.232473314,10897.034137998,23761.802983309,7791.732661652648,992.8016646839678,11330.452429672,1426.2199563579998,0.0397739684197802,433.41829167403193,0.0005965694988842592,0.06861775368452072,False,False,0.06861775368452072
s-006,after_common_greedy_prefix,0,10,0,-9904.232473314,10897.034137998,23761.802983309,7791.732661652648,992.8016646839678,11330.452429672,1426.2199563579998,0.0397739684197802,433.41829167403193,0.0005965694988842592,0.02933121845126152,False,False,0.02933121845126152
s-006,after_common_greedy_prefix,0,10,1,-9904.232473314,10897.034137998,23761.802983309,7791.732661652648,992.8016646839678,11330.452429672,1426.2199563579998,0.0397739684197802,433.41829167403193,0.0005965694988842592,0.027651377022266388,False,False,0.027651377022266388
s-006,after_common_greedy_prefix,1,200,0,-36153.236352022,36153.236352022,58273.447383586,31658.577346711976,992.8016646839678,36925.73246369,772.4961116679988,0.021367274125786366,0.0,0.0,0.21775279566645622,False,False,
s-006,after_common_greedy_prefix,1,200,1,-36153.236352022,36153.236352022,58273.447383586,31658.577346711976,992.8016646839678,36925.73246369,772.4961116679988,0.021367274125786366,0.0,0.0,0.21971632167696953,False,False,
s-006,after_common_greedy_prefix,1,1000,0,-36153.236352022,36153.236352022,58273.447383586,31658.577346711976,992.8016646839678,36925.73246369,772.4961116679988,0.021367274125786366,0.0,0.0,1.0212360247969627,False,False,
s-006,after_common_greedy_prefix,1,1000,1,-36153.236352022,36153.236352022,58273.447383586,31658.577346711976,992.8016646839678,36925.73246369,772.4961116679988,0.021367274125786366,0.0,0.0,1.019782967865467,False,False,
s-006,after_common_greedy_prefix,1,50,0,-36153.236352022,36153.236352022,58273.447383586,31658.577346711976,992.8016646839678,36925.73246369,772.4961116679988,0.021367274125786366,0.0,0.0,0.06906665116548538,False,False,
s-006,after_common_greedy_prefix,1,50,1,-36153.236352022,36153.236352022,58273.447383586,31658.577346711976,992.8016646839678,36925.73246369,772.4961116679988,0.021367274125786366,0.0,0.0,0.06860575824975967,False,False,
s-006,after_common_greedy_prefix,1,10,0,-36153.236352022,36153.236352022,58273.447383586,31658.577346711976,992.8016646839678,36925.73246369,772.4961116679988,0.021367274125786366,0.0,0.0,0.029301080852746964,False,False,
s-006,after_common_greedy_prefix,1,10,1,-36153.236352022,36153.236352022,58273.447383586,31658.577346711976,992.8016646839678,36925.73246369,772.4961116679988,0.021367274125786366,0.0,0.0,0.0278439000248909,False,False,
s-006,after_common_greedy_prefix,2,200,0,-0.07629785100004938,0.0,0.0,0.0,992.8016646839678,0.0,-0.07629785100004938,0.0,0.0,0.0,0.0036036521196365356,False,True,
s-006,after_common_greedy_prefix,2,200,1,-0.07629785100004938,0.0,0.0,0.0,992.8016646839678,0.0,-0.07629785100004938,0.0,0.0,0.0,0.003552049398422241,False,True,
s-006,after_common_greedy_prefix,2,1000,0,-0.07629785100004938,0.0,0.0,0.0,992.8016646839678,0.0,-0.07629785100004938,0.0,0.0,0.0,0.003538209944963455,False,True,
s-006,after_common_greedy_prefix,2,1000,1,-0.07629785100004938,0.0,0.0,0.0,992.8016646839678,0.0,-0.07629785100004938,0.0,0.0,0.0,0.0035354867577552795,False,True,
s-006,after_common_greedy_prefix,2,50,0,-0.07629785100004938,0.0,0.0,0.0,992.8016646839678,0.0,-0.07629785100004938,0.0,0.0,0.0,0.003543887287378311,False,True,
s-006,after_common_greedy_prefix,2,50,1,-0.07629785100004938,0.0,0.0,0.0,992.8016646839678,0.0,-0.07629785100004938,0.0,0.0,0.0,0.0035603679716587067,False,True,
s-006,after_common_greedy_prefix,2,10,0,-0.07629785100004938,0.0,0.0,0.0,992.8016646839678,0.0,-0.07629785100004938,0.0,0.0,0.0,0.003583058714866638,False,True,
s-006,after_common_greedy_prefix,2,10,1,-0.07629785100004938,0.0,0.0,0.0,992.8016646839678,0.0,-0.07629785100004938,0.0,0.0,0.0,0.003549877554178238,False,True,
s-006,after_common_greedy_prefix,3,200,0,-8792.427931393,9005.908463658,10640.134826965,6323.450191431503,992.8016646839678,9109.472537456,317.0446060630002,0.011499569889691695,0.0,0.0,0.2182006724178791,False,False,
s-006,after_common_greedy_prefix,3,200,1,-8792.427931393,9005.908463658,10640.134826965,6323.450191431503,992.8016646839678,9109.472537456,317.0446060630002,0.011499569889691695,0.0,0.0,0.2178901992738247,False,False,
s-006,after_common_greedy_prefix,3,1000,0,-8792.427931393,9005.908463658,10640.134826965,6323.450191431503,992.8016646839678,9109.472537456,317.0446060630002,0.011499569889691695,0.0,0.0,1.0179888643324375,False,False,
s-006,after_common_greedy_prefix,3,1000,1,-8792.427931393,9005.908463658,10640.134826965,6323.450191431503,992.8016646839678,9109.472537456,317.0446060630002,0.011499569889691695,0.0,0.0,1.017479095607996,False,False,
s-006,after_common_greedy_prefix,3,50,0,-8792.427931393,9005.908463658,10640.134826965,6323.450191431503,992.8016646839678,9109.472537456,317.0446060630002,0.011499569889691695,0.0,0.0,0.06785119697451591,False,False,
s-006,after_common_greedy_prefix,3,50,1,-8792.427931393,9005.908463658,10640.134826965,6323.450191431503,992.8016646839678,9109.472537456,317.0446060630002,0.011499569889691695,0.0,0.0,0.06752999126911163,False,False,
s-006,after_common_greedy_prefix,3,10,0,-8792.427931393,9005.908463658,10640.134826965,6323.450191431503,992.8016646839678,9109.472537456,317.0446060630002,0.011499569889691695,0.0,0.0,0.026123162358999252,False,False,
s-006,after_common_greedy_prefix,3,10,1,-8792.427931393,9005.908463658,10640.134826965,6323.450191431503,992.8016646839678,9109.472537456,317.0446060630002,0.011499569889691695,0.0,0.0,0.02609587088227272,False,False,
s-006,after_common_greedy_prefix,4,200,0,-35673.157770755,35673.081472904,60489.565998623,29629.611662491032,992.8016646839678,36197.908797682,524.7510269269987,0.01471213876425679,0.0,0.0,0.21917003765702248,False,False,
s-006,after_common_greedy_prefix,4,200,1,-35673.157770755,35673.081472904,60489.565998623,29629.611662491032,992.8016646839678,36197.908797682,524.7510269269987,0.01471213876425679,0.0,0.0,0.21935062855482101,False,False,
s-006,after_common_greedy_prefix,4,1000,0,-35673.157770755,35673.081472904,60489.565998623,29629.611662491032,992.8016646839678,36197.908797682,524.7510269269987,0.01471213876425679,0.0,0.0,1.019868902862072,False,False,
s-006,after_common_greedy_prefix,4,1000,1,-35673.157770755,35673.081472904,60489.565998623,29629.611662491032,992.8016646839678,36197.908797682,524.7510269269987,0.01471213876425679,0.0,0.0,1.0199393518269062,False,False,
s-006,after_common_greedy_prefix,4,50,0,-35673.157770755,35673.081472904,60489.565998623,29629.611662491032,992.8016646839678,36197.908797682,524.7510269269987,0.01471213876425679,0.0,0.0,0.07119029760360718,False,False,
s-006,after_common_greedy_prefix,4,50,1,-35673.157770755,35673.081472904,60489.565998623,29629.611662491032,992.8016646839678,36197.908797682,524.7510269269987,0.01471213876425679,0.0,0.0,0.0694165825843811,False,False,
s-006,after_common_greedy_prefix,4,10,0,-35673.157770755,35673.081472904,60489.565998623,29629.611662491032,992.8016646839678,36197.908797682,524.7510269269987,0.01471213876425679,0.0,0.0,0.02809075638651848,False,False,
s-006,after_common_greedy_prefix,4,10,1,-35673.157770755,35673.081472904,60489.565998623,29629.611662491032,992.8016646839678,36197.908797682,524.7510269269987,0.01471213876425679,0.0,0.0,0.02705724909901619,False,False,
s-006,after_common_greedy_prefix,5,200,0,-0.5494084429999475,0.0,0.0,0.0,992.8016646839678,0.0,-0.5494084429999475,0.0,0.0,0.0,0.0036113113164901733,False,True,
s-006,after_common_greedy_prefix,5,200,1,-0.5494084429999475,0.0,0.0,0.0,992.8016646839678,0.0,-0.5494084429999475,0.0,0.0,0.0,0.0035699494183063507,False,True,
s-006,after_common_greedy_prefix,5,1000,0,-0.5494084429999475,0.0,0.0,0.0,992.8016646839678,0.0,-0.5494084429999475,0.0,0.0,0.0,0.003547579050064087,False,True,
s-006,after_common_greedy_prefix,5,1000,1,-0.5494084429999475,0.0,0.0,0.0,992.8016646839678,0.0,-0.5494084429999475,0.0,0.0,0.0,0.003557804971933365,False,True,
s-006,after_common_greedy_prefix,5,50,0,-0.5494084429999475,0.0,0.0,0.0,992.8016646839678,0.0,-0.5494084429999475,0.0,0.0,0.0,0.00353332981467247,False,True,
s-006,after_common_greedy_prefix,5,50,1,-0.5494084429999475,0.0,0.0,0.0,992.8016646839678,0.0,-0.5494084429999475,0.0,0.0,0.0,0.003538329154253006,False,True,
s-006,after_common_greedy_prefix,5,10,0,-0.5494084429999475,0.0,0.0,0.0,992.8016646839678,0.0,-0.5494084429999475,0.0,0.0,0.0,0.0035411901772022247,False,True,
s-006,after_common_greedy_prefix,5,10,1,-0.5494084429999475,0.0,0.0,0.0,992.8016646839678,0.0,-0.5494084429999475,0.0,0.0,0.0,0.0035393983125686646,False,True,
s-006,after_common_greedy_prefix,6,200,0,-7820.390427019,8058.805960344,14989.567213339,6270.943461531812,992.8016646839678,8929.208006682,1108.8175796630003,0.10800632880616548,116.01591497903246,0.00015968766799001022,0.21643633022904396,False,False,0.21643633022904396
s-006,after_common_greedy_prefix,6,200,1,-7820.390427019,8058.805960344,14989.567213339,6270.943461531812,992.8016646839678,8929.208006682,1108.8175796630003,0.10800632880616548,116.01591497903246,0.00015968766799001022,0.21800121665000916,False,False,0.21800121665000916
s-006,after_common_greedy_prefix,6,1000,0,-7820.390427019,8058.805960344,14989.567213339,6270.943461531812,992.8016646839678,8929.208006682,1108.8175796630003,0.10800632880616548,116.01591497903246,0.00015968766799001022,1.0173648446798325,False,False,1.0173648446798325
s-006,after_common_greedy_prefix,6,1000,1,-7820.390427019,8058.805960344,14989.567213339,6270.943461531812,992.8016646839678,8929.208006682,1108.8175796630003,0.10800632880616548,116.01591497903246,0.00015968766799001022,1.0188364759087563,False,False,1.0188364759087563
s-006,after_common_greedy_prefix,6,50,0,-7820.390427019,8058.805960344,14989.567213339,6270.943461531812,992.8016646839678,8929.208006682,1108.8175796630003,0.10800632880616548,116.01591497903246,0.00015968766799001022,0.06832083687186241,False,False,0.06832083687186241
s-006,after_common_greedy_prefix,6,50,1,-7820.390427019,8058.805960344,14989.567213339,6270.943461531812,992.8016646839678,8929.208006682,1108.8175796630003,0.10800632880616548,116.01591497903246,0.00015968766799001022,0.06827908381819725,False,False,0.06827908381819725
s-006,after_common_greedy_prefix,6,10,0,-7820.390427019,8058.805960344,14989.567213339,6270.943461531812,992.8016646839678,8929.208006682,1108.8175796630003,0.10800632880616548,116.01591497903246,0.00015968766799001022,0.026952512562274933,False,False,0.026952512562274933
s-006,after_common_greedy_prefix,6,10,1,-7820.390427019,8058.805960344,14989.567213339,6270.943461531812,992.8016646839678,8929.208006682,1108.8175796630003,0.10800632880616548,116.01591497903246,0.00015968766799001022,0.02551320195198059,False,False,0.02551320195198059
s-006,after_common_greedy_prefix,7,200,0,-36558.714709272,36560.179111702,67779.37958533,32114.599761240017,992.8016646839678,37506.515852373,947.8011431010018,0.02588435734353674,0.0,0.0,0.21901177614927292,False,False,
s-006,after_common_greedy_prefix,7,200,1,-36558.714709272,36560.179111702,67779.37958533,32114.599761240017,992.8016646839678,37506.515852373,947.8011431010018,0.02588435734353674,0.0,0.0,0.2203989252448082,False,False,
s-006,after_common_greedy_prefix,7,1000,0,-36558.714709272,36560.179111702,67779.37958533,32114.599761240017,992.8016646839678,37506.515852373,947.8011431010018,0.02588435734353674,0.0,0.0,1.020491823554039,False,False,
s-006,after_common_greedy_prefix,7,1000,1,-36558.714709272,36560.179111702,67779.37958533,32114.599761240017,992.8016646839678,37506.515852373,947.8011431010018,0.02588435734353674,0.0,0.0,1.020169422030449,False,False,
s-006,after_common_greedy_prefix,7,50,0,-36558.714709272,36560.179111702,67779.37958533,32114.599761240017,992.8016646839678,37338.01927977,779.3045704980032,0.021275611525082394,0.0,0.0,0.07042593136429787,False,False,
s-006,after_common_greedy_prefix,7,50,1,-36558.714709272,36560.179111702,67779.37958533,32114.599761240017,992.8016646839678,37338.01927977,779.3045704980032,0.021275611525082394,0.0,0.0,0.07096429914236069,False,False,
s-006,after_common_greedy_prefix,7,10,0,-36558.714709272,36560.179111702,67779.37958533,32114.599761240017,992.8016646839678,37338.01927977,779.3045704980032,0.021275611525082394,0.0,0.0,0.029836520552635193,False,False,
s-006,after_common_greedy_prefix,7,10,1,-36558.714709272,36560.179111702,67779.37958533,32114.599761240017,992.8016646839678,37338.01927977,779.3045704980032,0.021275611525082394,0.0,0.0,0.02907455712556839,False,False,
s-006,after_common_greedy_prefix,8,200,0,-3.0773249540002325,246.6483458,246.6483458,246.6483458,992.8016646839678,246.6483458,243.57102084599975,0.0,0.0,0.0,0.2152939736843109,False,True,
s-006,after_common_greedy_prefix,8,200,1,-3.0773249540002325,246.6483458,246.6483458,246.6483458,992.8016646839678,246.6483458,243.57102084599975,0.0,0.0,0.0,0.215303186327219,False,True,
s-006,after_common_greedy_prefix,8,1000,0,-3.0773249540002325,246.6483458,246.6483458,246.6483458,992.8016646839678,246.6483458,243.57102084599975,0.0,0.0,0.0,1.0153609104454517,False,True,
s-006,after_common_greedy_prefix,8,1000,1,-3.0773249540002325,246.6483458,246.6483458,246.6483458,992.8016646839678,246.6483458,243.57102084599975,0.0,0.0,0.0,1.016059935092926,False,True,
s-006,after_common_greedy_prefix,8,50,0,-3.0773249540002325,246.6483458,246.6483458,246.6483458,992.8016646839678,246.6483458,243.57102084599975,0.0,0.0,0.0,0.06505458801984787,False,True,
s-006,after_common_greedy_prefix,8,50,1,-3.0773249540002325,246.6483458,246.6483458,246.6483458,992.8016646839678,246.6483458,243.57102084599975,0.0,0.0,0.0,0.06470900028944016,False,True,
s-006,after_common_greedy_prefix,8,10,0,-3.0773249540002325,246.6483458,246.6483458,246.6483458,992.8016646839678,246.6483458,243.57102084599975,0.0,0.0,0.0,0.024086087942123413,False,True,
s-006,after_common_greedy_prefix,8,10,1,-3.0773249540002325,246.6483458,246.6483458,246.6483458,992.8016646839678,246.6483458,243.57102084599975,0.0,0.0,0.0,0.025093864649534225,False,True,
s-006,after_common_greedy_prefix,9,200,0,-8031.119682479,8509.165793143,15395.259933038,6653.472257599605,992.8016646839678,9351.493611141,1320.3739286620003,0.09899064590759056,327.5722639780324,0.00045087995851529394,0.21915936097502708,False,False,0.21915936097502708
s-006,after_common_greedy_prefix,9,200,1,-8031.119682479,8509.165793143,15395.259933038,6653.472257599605,992.8016646839678,9351.493611141,1320.3739286620003,0.09899064590759056,327.5722639780324,0.00045087995851529394,0.21734092757105827,False,False,0.21734092757105827
s-006,after_common_greedy_prefix,9,1000,0,-8031.119682479,8509.165793143,15395.259933038,6653.472257599605,992.8016646839678,9351.493611141,1320.3739286620003,0.09899064590759056,327.5722639780324,0.00045087995851529394,1.0181431099772453,False,False,1.0181431099772453
s-006,after_common_greedy_prefix,9,1000,1,-8031.119682479,8509.165793143,15395.259933038,6653.472257599605,992.8016646839678,9351.493611141,1320.3739286620003,0.09899064590759056,327.5722639780324,0.00045087995851529394,1.0189132504165173,False,False,1.0189132504165173
s-006,after_common_greedy_prefix,9,50,0,-8031.119682479,8509.165793143,15395.259933038,6653.472257599605,992.8016646839678,9351.493611141,1320.3739286620003,0.09899064590759056,327.5722639780324,0.00045087995851529394,0.06842271983623505,False,False,0.06842271983623505
s-006,after_common_greedy_prefix,9,50,1,-8031.119682479,8509.165793143,15395.259933038,6653.472257599605,992.8016646839678,9351.493611141,1320.3739286620003,0.09899064590759056,327.5722639780324,0.00045087995851529394,0.0674111358821392,False,False,0.0674111358821392
s-006,after_common_greedy_prefix,9,10,0,-8031.119682479,8509.165793143,15395.259933038,6653.472257599605,992.8016646839678,9351.493611141,1320.3739286620003,0.09899064590759056,327.5722639780324,0.00045087995851529394,0.027114443480968475,False,False,0.027114443480968475
s-006,after_common_greedy_prefix,9,10,1,-8031.119682479,8509.165793143,15395.259933038,6653.472257599605,992.8016646839678,9351.493611141,1320.3739286620003,0.09899064590759056,327.5722639780324,0.00045087995851529394,0.02509317174553871,False,False,0.02509317174553871
s-006,after_common_greedy_prefix,10,200,0,-34837.523295194,35286.098616072,55996.197028391,29763.971101970703,992.8016646839678,36206.806602103,1369.2833069090048,0.02609265467539228,376.4816422250369,0.0005182002443270898,0.21788905560970306,False,False,0.21788905560970306
s-006,after_common_greedy_prefix,10,200,1,-34837.523295194,35286.098616072,55996.197028391,29763.971101970703,992.8016646839678,36206.806602103,1369.2833069090048,0.02609265467539228,376.4816422250369,0.0005182002443270898,0.21909142285585403,False,False,0.21909142285585403
s-006,after_common_greedy_prefix,10,1000,0,-34837.523295194,35286.098616072,55996.197028391,29763.971101970703,992.8016646839678,36206.806602103,1369.2833069090048,0.02609265467539228,376.4816422250369,0.0005182002443270898,1.02000442892313,False,False,1.02000442892313
s-006,after_common_greedy_prefix,10,1000,1,-34837.523295194,35286.098616072,55996.197028391,29763.971101970703,992.8016646839678,36206.806602103,1369.2833069090048,0.02609265467539228,376.4816422250369,0.0005182002443270898,1.0193532295525074,False,False,1.0193532295525074
s-006,after_common_greedy_prefix,10,50,0,-34837.523295194,35286.098616072,55996.197028391,29763.971101970703,992.8016646839678,36206.806602103,1369.2833069090048,0.02609265467539228,376.4816422250369,0.0005182002443270898,0.07080208510160446,False,False,0.07080208510160446
s-006,after_common_greedy_prefix,10,50,1,-34837.523295194,35286.098616072,55996.197028391,29763.971101970703,992.8016646839678,36206.806602103,1369.2833069090048,0.02609265467539228,376.4816422250369,0.0005182002443270898,0.06995388120412827,False,False,0.06995388120412827
s-006,after_common_greedy_prefix,10,10,0,-34837.523295194,35286.098616072,55996.197028391,29763.971101970703,992.8016646839678,36206.806602103,1369.2833069090048,0.02609265467539228,376.4816422250369,0.0005182002443270898,0.028203025460243225,False,False,0.028203025460243225
s-006,after_common_greedy_prefix,10,10,1,-34837.523295194,35286.098616072,55996.197028391,29763.971101970703,992.8016646839678,36206.806602103,1369.2833069090048,0.02609265467539228,376.4816422250369,0.0005182002443270898,0.02648847922682762,False,False,0.02648847922682762
s-007,after_one_actual_history_call,0,200,0,-9904.232473314,10897.034137998,23761.802983309,7791.732661652648,992.8016646839678,11330.452429672,1426.2199563579998,0.0397739684197802,433.41829167403193,0.0005965694988842592,0.22205515578389168,False,False,0.22205515578389168
s-007,after_one_actual_history_call,0,200,1,-9904.232473314,10897.034137998,23761.802983309,7791.732661652648,992.8016646839678,11330.452429672,1426.2199563579998,0.0397739684197802,433.41829167403193,0.0005965694988842592,0.22126775607466698,False,False,0.22126775607466698
s-007,after_one_actual_history_call,0,1000,0,-9904.232473314,10897.034137998,23761.802983309,7791.732661652648,992.8016646839678,11330.452429672,1426.2199563579998,0.0397739684197802,433.41829167403193,0.0005965694988842592,1.0181434527039528,False,False,1.0181434527039528
s-007,after_one_actual_history_call,0,1000,1,-9904.232473314,10897.034137998,23761.802983309,7791.732661652648,992.8016646839678,11330.452429672,1426.2199563579998,0.0397739684197802,433.41829167403193,0.0005965694988842592,1.018204502761364,False,False,1.018204502761364
s-007,after_one_actual_history_call,0,50,0,-9904.232473314,10897.034137998,23761.802983309,7791.732661652648,992.8016646839678,11330.452429672,1426.2199563579998,0.0397739684197802,433.41829167403193,0.0005965694988842592,0.0690196231007576,False,False,0.0690196231007576
s-007,after_one_actual_history_call,0,50,1,-9904.232473314,10897.034137998,23761.802983309,7791.732661652648,992.8016646839678,11330.452429672,1426.2199563579998,0.0397739684197802,433.41829167403193,0.0005965694988842592,0.06919989734888077,False,False,0.06919989734888077
s-007,after_one_actual_history_call,0,10,0,-9904.232473314,10897.034137998,23761.802983309,7791.732661652648,992.8016646839678,11330.452429672,1426.2199563579998,0.0397739684197802,433.41829167403193,0.0005965694988842592,0.029341060668230057,False,False,0.029341060668230057
s-007,after_one_actual_history_call,0,10,1,-9904.232473314,10897.034137998,23761.802983309,7791.732661652648,992.8016646839678,11330.452429672,1426.2199563579998,0.0397739684197802,433.41829167403193,0.0005965694988842592,0.028909586369991302,False,False,0.028909586369991302
s-007,after_one_actual_history_call,1,200,0,-36153.236352022,36153.236352022,58273.447383586,31658.577346711976,992.8016646839678,36925.73246369,772.4961116679988,0.021367274125786366,0.0,0.0,0.21859939023852348,False,False,
s-007,after_one_actual_history_call,1,200,1,-36153.236352022,36153.236352022,58273.447383586,31658.577346711976,992.8016646839678,36925.73246369,772.4961116679988,0.021367274125786366,0.0,0.0,0.21986964344978333,False,False,
s-007,after_one_actual_history_call,1,1000,0,-36153.236352022,36153.236352022,58273.447383586,31658.577346711976,992.8016646839678,36925.73246369,772.4961116679988,0.021367274125786366,0.0,0.0,1.0204181484878063,False,False,
s-007,after_one_actual_history_call,1,1000,1,-36153.236352022,36153.236352022,58273.447383586,31658.577346711976,992.8016646839678,36925.73246369,772.4961116679988,0.021367274125786366,0.0,0.0,1.0209733918309212,False,False,
s-007,after_one_actual_history_call,1,50,0,-36153.236352022,36153.236352022,58273.447383586,31658.577346711976,992.8016646839678,36925.73246369,772.4961116679988,0.021367274125786366,0.0,0.0,0.07015036046504974,False,False,
s-007,after_one_actual_history_call,1,50,1,-36153.236352022,36153.236352022,58273.447383586,31658.577346711976,992.8016646839678,36925.73246369,772.4961116679988,0.021367274125786366,0.0,0.0,0.06995100528001785,False,False,
s-007,after_one_actual_history_call,1,10,0,-36153.236352022,36153.236352022,58273.447383586,31658.577346711976,992.8016646839678,36925.73246369,772.4961116679988,0.021367274125786366,0.0,0.0,0.029965855181217194,False,False,
s-007,after_one_actual_history_call,1,10,1,-36153.236352022,36153.236352022,58273.447383586,31658.577346711976,992.8016646839678,36925.73246369,772.4961116679988,0.021367274125786366,0.0,0.0,0.029177863150835037,False,False,
s-007,after_one_actual_history_call,2,200,0,-0.07629785100004938,0.0,0.0,0.0,992.8016646839678,0.0,-0.07629785100004938,0.0,0.0,0.0,0.003860466182231903,False,True,
s-007,after_one_actual_history_call,2,200,1,-0.07629785100004938,0.0,0.0,0.0,992.8016646839678,0.0,-0.07629785100004938,0.0,0.0,0.0,0.003883685916662216,False,True,
s-007,after_one_actual_history_call,2,1000,0,-0.07629785100004938,0.0,0.0,0.0,992.8016646839678,0.0,-0.07629785100004938,0.0,0.0,0.0,0.0037149935960769653,False,True,
s-007,after_one_actual_history_call,2,1000,1,-0.07629785100004938,0.0,0.0,0.0,992.8016646839678,0.0,-0.07629785100004938,0.0,0.0,0.0,0.003582186996936798,False,True,
s-007,after_one_actual_history_call,2,50,0,-0.07629785100004938,0.0,0.0,0.0,992.8016646839678,0.0,-0.07629785100004938,0.0,0.0,0.0,0.003582701086997986,False,True,
s-007,after_one_actual_history_call,2,50,1,-0.07629785100004938,0.0,0.0,0.0,992.8016646839678,0.0,-0.07629785100004938,0.0,0.0,0.0,0.00357712060213089,False,True,
s-007,after_one_actual_history_call,2,10,0,-0.07629785100004938,0.0,0.0,0.0,992.8016646839678,0.0,-0.07629785100004938,0.0,0.0,0.0,0.003566887229681015,False,True,
s-007,after_one_actual_history_call,2,10,1,-0.07629785100004938,0.0,0.0,0.0,992.8016646839678,0.0,-0.07629785100004938,0.0,0.0,0.0,0.003557078540325165,False,True,
s-007,after_one_actual_history_call,3,200,0,-8792.427931393,9109.472537456,10640.134826965,6323.450191431503,992.8016646839678,9109.472537456,317.0446060630002,0.0,0.0,0.0,0.0024269558489322662,False,True,
s-007,after_one_actual_history_call,3,200,1,-8792.427931393,9109.472537456,10640.134826965,6323.450191431503,992.8016646839678,9109.472537456,317.0446060630002,0.0,0.0,0.0,0.002335764467716217,False,True,
s-007,after_one_actual_history_call,3,1000,0,-8792.427931393,9109.472537456,10640.134826965,6323.450191431503,992.8016646839678,9109.472537456,317.0446060630002,0.0,0.0,0.0,1.0175255239009857,False,True,
s-007,after_one_actual_history_call,3,1000,1,-8792.427931393,9109.472537456,10640.134826965,6323.450191431503,992.8016646839678,9109.472537456,317.0446060630002,0.0,0.0,0.0,1.017830353230238,False,True,
s-007,after_one_actual_history_call,3,50,0,-8792.427931393,9109.472537456,10640.134826965,6323.450191431503,992.8016646839678,9109.472537456,317.0446060630002,0.0,0.0,0.0,0.06765598431229591,False,True,
s-007,after_one_actual_history_call,3,50,1,-8792.427931393,9109.472537456,10640.134826965,6323.450191431503,992.8016646839678,9109.472537456,317.0446060630002,0.0,0.0,0.0,0.06948403641581535,False,True,
s-007,after_one_actual_history_call,3,10,0,-8792.427931393,9109.472537456,10640.134826965,6323.450191431503,992.8016646839678,9109.472537456,317.0446060630002,0.0,0.0,0.0,0.02777796983718872,False,True,
s-007,after_one_actual_history_call,3,10,1,-8792.427931393,9109.472537456,10640.134826965,6323.450191431503,992.8016646839678,9109.472537456,317.0446060630002,0.0,0.0,0.0,0.02658712863922119,False,True,
s-007,after_one_actual_history_call,4,200,0,-35673.157770755,35673.081472904,60489.565998623,29629.611662491032,992.8016646839678,36197.908797682,524.7510269269987,0.01471213876425679,0.0,0.0,0.21833812072873116,False,False,
s-007,after_one_actual_history_call,4,200,1,-35673.157770755,35673.081472904,60489.565998623,29629.611662491032,992.8016646839678,36197.908797682,524.7510269269987,0.01471213876425679,0.0,0.0,0.2203403264284134,False,False,
s-007,after_one_actual_history_call,4,1000,0,-35673.157770755,35673.081472904,60489.565998623,29629.611662491032,992.8016646839678,36197.908797682,524.7510269269987,0.01471213876425679,0.0,0.0,1.0198526196181774,False,False,
s-007,after_one_actual_history_call,4,1000,1,-35673.157770755,35673.081472904,60489.565998623,29629.611662491032,992.8016646839678,36197.908797682,524.7510269269987,0.01471213876425679,0.0,0.0,1.0197157338261604,False,False,
s-007,after_one_actual_history_call,4,50,0,-35673.157770755,35673.081472904,60489.565998623,29629.611662491032,992.8016646839678,36197.908797682,524.7510269269987,0.01471213876425679,0.0,0.0,0.07071904093027115,False,False,
s-007,after_one_actual_history_call,4,50,1,-35673.157770755,35673.081472904,60489.565998623,29629.611662491032,992.8016646839678,36197.908797682,524.7510269269987,0.01471213876425679,0.0,0.0,0.07024175301194191,False,False,
s-007,after_one_actual_history_call,4,10,0,-35673.157770755,35673.081472904,60489.565998623,29629.611662491032,992.8016646839678,36197.908797682,524.7510269269987,0.01471213876425679,0.0,0.0,0.02985689789056778,False,False,
s-007,after_one_actual_history_call,4,10,1,-35673.157770755,35673.081472904,60489.565998623,29629.611662491032,992.8016646839678,36197.908797682,524.7510269269987,0.01471213876425679,0.0,0.0,0.029989924281835556,False,False,
s-007,after_one_actual_history_call,5,200,0,-0.5494084429999475,0.0,0.0,0.0,992.8016646839678,0.0,-0.5494084429999475,0.0,0.0,0.0,0.0037658587098121643,False,True,
s-007,after_one_actual_history_call,5,200,1,-0.5494084429999475,0.0,0.0,0.0,992.8016646839678,0.0,-0.5494084429999475,0.0,0.0,0.0,0.003679439425468445,False,True,
s-007,after_one_actual_history_call,5,1000,0,-0.5494084429999475,0.0,0.0,0.0,992.8016646839678,0.0,-0.5494084429999475,0.0,0.0,0.0,0.003587871789932251,False,True,
s-007,after_one_actual_history_call,5,1000,1,-0.5494084429999475,0.0,0.0,0.0,992.8016646839678,0.0,-0.5494084429999475,0.0,0.0,0.0,0.003590501844882965,False,True,
s-007,after_one_actual_history_call,5,50,0,-0.5494084429999475,0.0,0.0,0.0,992.8016646839678,0.0,-0.5494084429999475,0.0,0.0,0.0,0.0035764798521995544,False,True,
s-007,after_one_actual_history_call,5,50,1,-0.5494084429999475,0.0,0.0,0.0,992.8016646839678,0.0,-0.5494084429999475,0.0,0.0,0.0,0.003543328493833542,False,True,
s-007,after_one_actual_history_call,5,10,0,-0.5494084429999475,0.0,0.0,0.0,992.8016646839678,0.0,-0.5494084429999475,0.0,0.0,0.0,0.003531660884618759,False,True,
s-007,after_one_actual_history_call,5,10,1,-0.5494084429999475,0.0,0.0,0.0,992.8016646839678,0.0,-0.5494084429999475,0.0,0.0,0.0,0.0035278424620628357,False,True,
s-007,after_one_actual_history_call,6,200,0,-7820.390427019,8058.805960344,14989.567213339,6270.943461531812,992.8016646839678,8929.208006682,1108.8175796630003,0.10800632880616548,116.01591497903246,0.00015968766799001022,0.21841616183519363,False,False,0.21841616183519363
s-007,after_one_actual_history_call,6,200,1,-7820.390427019,8058.805960344,14989.567213339,6270.943461531812,992.8016646839678,8929.208006682,1108.8175796630003,0.10800632880616548,116.01591497903246,0.00015968766799001022,0.21761954948306084,False,False,0.21761954948306084
s-007,after_one_actual_history_call,6,1000,0,-7820.390427019,8058.805960344,14989.567213339,6270.943461531812,992.8016646839678,8929.208006682,1108.8175796630003,0.10800632880616548,116.01591497903246,0.00015968766799001022,1.0199498608708382,False,False,1.0199498608708382
s-007,after_one_actual_history_call,6,1000,1,-7820.390427019,8058.805960344,14989.567213339,6270.943461531812,992.8016646839678,8929.208006682,1108.8175796630003,0.10800632880616548,116.01591497903246,0.00015968766799001022,1.0190035179257393,False,False,1.0190035179257393
s-007,after_one_actual_history_call,6,50,0,-7820.390427019,8058.805960344,14989.567213339,6270.943461531812,992.8016646839678,8929.208006682,1108.8175796630003,0.10800632880616548,116.01591497903246,0.00015968766799001022,0.06837018206715584,False,False,0.06837018206715584
s-007,after_one_actual_history_call,6,50,1,-7820.390427019,8058.805960344,14989.567213339,6270.943461531812,992.8016646839678,8929.208006682,1108.8175796630003,0.10800632880616548,116.01591497903246,0.00015968766799001022,0.06935965642333031,False,False,0.06935965642333031
s-007,after_one_actual_history_call,6,10,0,-7820.390427019,8058.805960344,14989.567213339,6270.943461531812,992.8016646839678,8929.208006682,1108.8175796630003,0.10800632880616548,116.01591497903246,0.00015968766799001022,0.02814028039574623,False,False,0.02814028039574623
s-007,after_one_actual_history_call,6,10,1,-7820.390427019,8058.805960344,14989.567213339,6270.943461531812,992.8016646839678,8929.208006682,1108.8175796630003,0.10800632880616548,116.01591497903246,0.00015968766799001022,0.027934856712818146,False,False,0.027934856712818146
s-007,after_one_actual_history_call,7,200,0,-36558.714709272,36560.179111702,67779.37958533,32114.599761240017,992.8016646839678,37506.515852373,947.8011431010018,0.02588435734353674,0.0,0.0,0.2210225723683834,False,False,
s-007,after_one_actual_history_call,7,200,1,-36558.714709272,36560.179111702,67779.37958533,32114.599761240017,992.8016646839678,37506.515852373,947.8011431010018,0.02588435734353674,0.0,0.0,0.21906543150544167,False,False,
s-007,after_one_actual_history_call,7,1000,0,-36558.714709272,36560.179111702,67779.37958533,32114.599761240017,992.8016646839678,37506.515852373,947.8011431010018,0.02588435734353674,0.0,0.0,1.0200401321053505,False,False,
s-007,after_one_actual_history_call,7,1000,1,-36558.714709272,36560.179111702,67779.37958533,32114.599761240017,992.8016646839678,37506.515852373,947.8011431010018,0.02588435734353674,0.0,0.0,1.0209512636065483,False,False,
s-007,after_one_actual_history_call,7,50,0,-36558.714709272,36560.179111702,67779.37958533,32114.599761240017,992.8016646839678,37338.01927977,779.3045704980032,0.021275611525082394,0.0,0.0,0.07047642022371292,False,False,
s-007,after_one_actual_history_call,7,50,1,-36558.714709272,36560.179111702,67779.37958533,32114.599761240017,992.8016646839678,37338.01927977,779.3045704980032,0.021275611525082394,0.0,0.0,0.06913429126143456,False,False,
s-007,after_one_actual_history_call,7,10,0,-36558.714709272,36560.179111702,67779.37958533,32114.599761240017,992.8016646839678,37338.01927977,779.3045704980032,0.021275611525082394,0.0,0.0,0.028599057346582413,False,False,
s-007,after_one_actual_history_call,7,10,1,-36558.714709272,36560.179111702,67779.37958533,32114.599761240017,992.8016646839678,37338.01927977,779.3045704980032,0.021275611525082394,0.0,0.0,0.028328265994787216,False,False,
s-007,after_one_actual_history_call,8,200,0,-3.0773249540002325,246.6483458,246.6483458,246.6483458,992.8016646839678,246.6483458,243.57102084599975,0.0,0.0,0.0,0.2157091684639454,False,True,
s-007,after_one_actual_history_call,8,200,1,-3.0773249540002325,246.6483458,246.6483458,246.6483458,992.8016646839678,246.6483458,243.57102084599975,0.0,0.0,0.0,0.21516616269946098,False,True,
s-007,after_one_actual_history_call,8,1000,0,-3.0773249540002325,246.6483458,246.6483458,246.6483458,992.8016646839678,246.6483458,243.57102084599975,0.0,0.0,0.0,1.0157577954232693,False,True,
s-007,after_one_actual_history_call,8,1000,1,-3.0773249540002325,246.6483458,246.6483458,246.6483458,992.8016646839678,246.6483458,243.57102084599975,0.0,0.0,0.0,1.016390424221754,False,True,
s-007,after_one_actual_history_call,8,50,0,-3.0773249540002325,246.6483458,246.6483458,246.6483458,992.8016646839678,246.6483458,243.57102084599975,0.0,0.0,0.0,0.06759095191955566,False,True,
s-007,after_one_actual_history_call,8,50,1,-3.0773249540002325,246.6483458,246.6483458,246.6483458,992.8016646839678,246.6483458,243.57102084599975,0.0,0.0,0.0,0.06573323160409927,False,True,
s-007,after_one_actual_history_call,8,10,0,-3.0773249540002325,246.6483458,246.6483458,246.6483458,992.8016646839678,246.6483458,243.57102084599975,0.0,0.0,0.0,0.024530716240406036,False,True,
s-007,after_one_actual_history_call,8,10,1,-3.0773249540002325,246.6483458,246.6483458,246.6483458,992.8016646839678,246.6483458,243.57102084599975,0.0,0.0,0.0,0.024226125329732895,False,True,
s-007,after_one_actual_history_call,9,200,0,-8031.119682479,8509.165793143,15395.259933038,6653.472257599605,992.8016646839678,9351.493611141,1320.3739286620003,0.09899064590759056,327.5722639780324,0.00045087995851529394,0.217973530292511,False,False,0.217973530292511
s-007,after_one_actual_history_call,9,200,1,-8031.119682479,8509.165793143,15395.259933038,6653.472257599605,992.8016646839678,9351.493611141,1320.3739286620003,0.09899064590759056,327.5722639780324,0.00045087995851529394,0.21814457699656487,False,False,0.21814457699656487
s-007,after_one_actual_history_call,9,1000,0,-8031.119682479,8509.165793143,15395.259933038,6653.472257599605,992.8016646839678,9351.493611141,1320.3739286620003,0.09899064590759056,327.5722639780324,0.00045087995851529394,1.0181370787322521,False,False,1.0181370787322521
s-007,after_one_actual_history_call,9,1000,1,-8031.119682479,8509.165793143,15395.259933038,6653.472257599605,992.8016646839678,9351.493611141,1320.3739286620003,0.09899064590759056,327.5722639780324,0.00045087995851529394,1.0189494118094444,False,False,1.0189494118094444
s-007,after_one_actual_history_call,9,50,0,-8031.119682479,8509.165793143,15395.259933038,6653.472257599605,992.8016646839678,9351.493611141,1320.3739286620003,0.09899064590759056,327.5722639780324,0.00045087995851529394,0.06760990247130394,False,False,0.06760990247130394
s-007,after_one_actual_history_call,9,50,1,-8031.119682479,8509.165793143,15395.259933038,6653.472257599605,992.8016646839678,9351.493611141,1320.3739286620003,0.09899064590759056,327.5722639780324,0.00045087995851529394,0.06880548968911171,False,False,0.06880548968911171
s-007,after_one_actual_history_call,9,10,0,-8031.119682479,8509.165793143,15395.259933038,6653.472257599605,992.8016646839678,9351.493611141,1320.3739286620003,0.09899064590759056,327.5722639780324,0.00045087995851529394,0.02795175090432167,False,False,0.02795175090432167
s-007,after_one_actual_history_call,9,10,1,-8031.119682479,8509.165793143,15395.259933038,6653.472257599605,992.8016646839678,9351.493611141,1320.3739286620003,0.09899064590759056,327.5722639780324,0.00045087995851529394,0.02748730778694153,False,False,0.02748730778694153
s-007,after_one_actual_history_call,10,200,0,-34837.523295194,35286.098616072,55996.197028391,29763.971101970703,992.8016646839678,36206.806602103,1369.2833069090048,0.02609265467539228,376.4816422250369,0.0005182002443270898,0.22023947909474373,False,False,0.22023947909474373
s-007,after_one_actual_history_call,10,200,1,-34837.523295194,35286.098616072,55996.197028391,29763.971101970703,992.8016646839678,36206.806602103,1369.2833069090048,0.02609265467539228,376.4816422250369,0.0005182002443270898,0.2219110131263733,False,False,0.2219110131263733
s-007,after_one_actual_history_call,10,1000,0,-34837.523295194,35286.098616072,55996.197028391,29763.971101970703,992.8016646839678,36206.806602103,1369.2833069090048,0.02609265467539228,376.4816422250369,0.0005182002443270898,1.019917581230402,False,False,1.019917581230402
s-007,after_one_actual_history_call,10,1000,1,-34837.523295194,35286.098616072,55996.197028391,29763.971101970703,992.8016646839678,36206.806602103,1369.2833069090048,0.02609265467539228,376.4816422250369,0.0005182002443270898,1.020369678735733,False,False,1.020369678735733
s-007,after_one_actual_history_call,10,50,0,-34837.523295194,35286.098616072,55996.197028391,29763.971101970703,992.8016646839678,36206.806602103,1369.2833069090048,0.02609265467539228,376.4816422250369,0.0005182002443270898,0.06940126791596413,False,False,0.06940126791596413
s-007,after_one_actual_history_call,10,50,1,-34837.523295194,35286.098616072,55996.197028391,29763.971101970703,992.8016646839678,36206.806602103,1369.2833069090048,0.02609265467539228,376.4816422250369,0.0005182002443270898,0.07030321285128593,False,False,0.07030321285128593
s-007,after_one_actual_history_call,10,10,0,-34837.523295194,35286.098616072,55996.197028391,29763.971101970703,992.8016646839678,36206.806602103,1369.2833069090048,0.02609265467539228,376.4816422250369,0.0005182002443270898,0.029772508889436722,False,False,0.029772508889436722
s-007,after_one_actual_history_call,10,10,1,-34837.523295194,35286.098616072,55996.197028391,29763.971101970703,992.8016646839678,36206.806602103,1369.2833069090048,0.02609265467539228,376.4816422250369,0.0005182002443270898,0.02918582782149315,False,False,0.02918582782149315
s-008,after_common_greedy_prefix,0,200,0,-7700.12076789,7945.641582782,16067.311044136999,5812.818905182126,478.0461106640287,8013.271603377,313.1508354870002,0.008511587124890285,0.0,0.0,0.21816512197256088,False,False,
s-008,after_common_greedy_prefix,0,200,1,-7700.12076789,7945.641582782,16067.311044136999,5812.818905182126,478.0461106640287,8013.271603377,313.1508354870002,0.008511587124890285,0.0,0.0,0.21786827221512794,False,False,
s-008,after_common_greedy_prefix,0,1000,0,-7700.12076789,7945.641582782,16067.311044136999,5812.818905182126,478.0461106640287,8013.271603377,313.1508354870002,0.008511587124890285,0.0,0.0,1.0176838040351868,False,False,
s-008,after_common_greedy_prefix,0,1000,1,-7700.12076789,7945.641582782,16067.311044136999,5812.818905182126,478.0461106640287,8013.271603377,313.1508354870002,0.008511587124890285,0.0,0.0,1.0180896297097206,False,False,
s-008,after_common_greedy_prefix,0,50,0,-7700.12076789,7945.641582782,16067.311044136999,5812.818905182126,478.0461106640287,8013.271603377,313.1508354870002,0.008511587124890285,0.0,0.0,0.06914595142006874,False,False,
s-008,after_common_greedy_prefix,0,50,1,-7700.12076789,7945.641582782,16067.311044136999,5812.818905182126,478.0461106640287,8013.271603377,313.1508354870002,0.008511587124890285,0.0,0.0,0.06862039864063263,False,False,
s-008,after_common_greedy_prefix,0,10,0,-7700.12076789,7945.641582782,16067.311044136999,5812.818905182126,478.0461106640287,8013.271603377,313.1508354870002,0.008511587124890285,0.0,0.0,0.027753528207540512,False,False,
s-008,after_common_greedy_prefix,0,10,1,-7700.12076789,7945.641582782,16067.311044136999,5812.818905182126,478.0461106640287,8013.271603377,313.1508354870002,0.008511587124890285,0.0,0.0,0.027961179614067078,False,False,
s-008,after_common_greedy_prefix,1,200,0,-35739.221932868,35739.221932868,66492.250262385,30580.4246375631,478.0461106640287,36288.813814828,549.5918819599974,0.015377835672873413,71.54577129596873,9.84776732990874e-05,0.21970811858773232,False,False,0.21970811858773232
s-008,after_common_greedy_prefix,1,200,1,-35739.221932868,35739.221932868,66492.250262385,30580.4246375631,478.0461106640287,36288.813814828,549.5918819599974,0.015377835672873413,71.54577129596873,9.84776732990874e-05,0.2205553911626339,False,False,0.2205553911626339
s-008,after_common_greedy_prefix,1,1000,0,-35739.221932868,35739.221932868,66492.250262385,30580.4246375631,478.0461106640287,36288.813814828,549.5918819599974,0.015377835672873413,71.54577129596873,9.84776732990874e-05,1.021144773811102,False,False,1.021144773811102
s-008,after_common_greedy_prefix,1,1000,1,-35739.221932868,35739.221932868,66492.250262385,30580.4246375631,478.0461106640287,36288.813814828,549.5918819599974,0.015377835672873413,71.54577129596873,9.84776732990874e-05,1.020732194185257,False,False,1.020732194185257
s-008,after_common_greedy_prefix,1,50,0,-35739.221932868,35739.221932868,66492.250262385,30580.4246375631,478.0461106640287,36288.813814828,549.5918819599974,0.015377835672873413,71.54577129596873,9.84776732990874e-05,0.07035357505083084,False,False,0.07035357505083084
s-008,after_common_greedy_prefix,1,50,1,-35739.221932868,35739.221932868,66492.250262385,30580.4246375631,478.0461106640287,36288.813814828,549.5918819599974,0.015377835672873413,71.54577129596873,9.84776732990874e-05,0.07036057859659195,False,False,0.07036057859659195
s-008,after_common_greedy_prefix,1,10,0,-35739.221932868,35739.221932868,66492.250262385,30580.4246375631,478.0461106640287,36288.813814828,549.5918819599974,0.015377835672873413,71.54577129596873,9.84776732990874e-05,0.029338795691728592,False,False,0.029338795691728592
s-008,after_common_greedy_prefix,1,10,1,-35739.221932868,35739.221932868,66492.250262385,30580.4246375631,478.0461106640287,36288.813814828,549.5918819599974,0.015377835672873413,71.54577129596873,9.84776732990874e-05,0.03038739040493965,False,False,0.03038739040493965
s-008,after_common_greedy_prefix,2,200,0,-0.07629785100004938,0.0,0.0,0.0,478.0461106640287,0.0,-0.07629785100004938,0.0,0.0,0.0,0.003597300499677658,False,True,
s-008,after_common_greedy_prefix,2,200,1,-0.07629785100004938,0.0,0.0,0.0,478.0461106640287,0.0,-0.07629785100004938,0.0,0.0,0.0,0.003523878753185272,False,True,
s-008,after_common_greedy_prefix,2,1000,0,-0.07629785100004938,0.0,0.0,0.0,478.0461106640287,0.0,-0.07629785100004938,0.0,0.0,0.0,0.0035380683839321136,False,True,
s-008,after_common_greedy_prefix,2,1000,1,-0.07629785100004938,0.0,0.0,0.0,478.0461106640287,0.0,-0.07629785100004938,0.0,0.0,0.0,0.00354047492146492,False,True,
s-008,after_common_greedy_prefix,2,50,0,-0.07629785100004938,0.0,0.0,0.0,478.0461106640287,0.0,-0.07629785100004938,0.0,0.0,0.0,0.003557201474905014,False,True,
s-008,after_common_greedy_prefix,2,50,1,-0.07629785100004938,0.0,0.0,0.0,478.0461106640287,0.0,-0.07629785100004938,0.0,0.0,0.0,0.003544628620147705,False,True,
s-008,after_common_greedy_prefix,2,10,0,-0.07629785100004938,0.0,0.0,0.0,478.0461106640287,0.0,-0.07629785100004938,0.0,0.0,0.0,0.003517311066389084,False,True,
s-008,after_common_greedy_prefix,2,10,1,-0.07629785100004938,0.0,0.0,0.0,478.0461106640287,0.0,-0.07629785100004938,0.0,0.0,0.0,0.003543749451637268,False,True,
s-008,after_common_greedy_prefix,3,200,0,-8667.819474418,8881.300006682999,11844.92100408,6280.0282306164645,478.0461106640287,9092.289663877,424.4701894589998,0.023756618629619006,0.0,0.0,0.2177066020667553,False,False,
s-008,after_common_greedy_prefix,3,200,1,-8667.819474418,8881.300006682999,11844.92100408,6280.0282306164645,478.0461106640287,9092.289663877,424.4701894589998,0.023756618629619006,0.0,0.0,0.2179543562233448,False,False,
s-008,after_common_greedy_prefix,3,1000,0,-8667.819474418,8881.300006682999,11844.92100408,6280.0282306164645,478.0461106640287,9092.289663877,424.4701894589998,0.023756618629619006,0.0,0.0,1.017951924353838,False,False,
s-008,after_common_greedy_prefix,3,1000,1,-8667.819474418,8881.300006682999,11844.92100408,6280.0282306164645,478.0461106640287,9092.289663877,424.4701894589998,0.023756618629619006,0.0,0.0,1.0179638303816319,False,False,
s-008,after_common_greedy_prefix,3,50,0,-8667.819474418,8881.300006682999,11844.92100408,6280.0282306164645,478.0461106640287,9092.289663877,424.4701894589998,0.023756618629619006,0.0,0.0,0.06794922426342964,False,False,
s-008,after_common_greedy_prefix,3,50,1,-8667.819474418,8881.300006682999,11844.92100408,6280.0282306164645,478.0461106640287,9092.289663877,424.4701894589998,0.023756618629619006,0.0,0.0,0.06710566207766533,False,False,
s-008,after_common_greedy_prefix,3,10,0,-8667.819474418,8881.300006682999,11844.92100408,6280.0282306164645,478.0461106640287,9092.289663877,424.4701894589998,0.023756618629619006,0.0,0.0,0.02676631137728691,False,False,
s-008,after_common_greedy_prefix,3,10,1,-8667.819474418,8881.300006682999,11844.92100408,6280.0282306164645,478.0461106640287,9092.289663877,424.4701894589998,0.023756618629619006,0.0,0.0,0.025150299072265625,False,False,
s-008,after_common_greedy_prefix,4,200,0,-36316.71046014,36316.634162289,65233.28772957,31222.217705261217,478.0461106640287,36955.203766584,638.4933064440047,0.0175833917163526,160.44719577997603,0.00022084417068357853,0.21801838278770447,False,False,0.21801838278770447
s-008,after_common_greedy_prefix,4,200,1,-36316.71046014,36316.634162289,65233.28772957,31222.217705261217,478.0461106640287,36955.203766584,638.4933064440047,0.0175833917163526,160.44719577997603,0.00022084417068357853,0.21915705129504204,False,False,0.21915705129504204
s-008,after_common_greedy_prefix,4,1000,0,-36316.71046014,36316.634162289,65233.28772957,31222.217705261217,478.0461106640287,36955.203766584,638.4933064440047,0.0175833917163526,160.44719577997603,0.00022084417068357853,1.0199174359440804,False,False,1.0199174359440804
s-008,after_common_greedy_prefix,4,1000,1,-36316.71046014,36316.634162289,65233.28772957,31222.217705261217,478.0461106640287,36955.203766584,638.4933064440047,0.0175833917163526,160.44719577997603,0.00022084417068357853,1.0197638794779778,False,False,1.0197638794779778
s-008,after_common_greedy_prefix,4,50,0,-36316.71046014,36316.634162289,65233.28772957,31222.217705261217,478.0461106640287,36667.752707522,351.0422473819999,0.00966825680111058,0.0,0.0,0.06899047270417213,False,False,
s-008,after_common_greedy_prefix,4,50,1,-36316.71046014,36316.634162289,65233.28772957,31222.217705261217,478.0461106640287,36667.752707522,351.0422473819999,0.00966825680111058,0.0,0.0,0.06869206950068474,False,False,
s-008,after_common_greedy_prefix,4,10,0,-36316.71046014,36316.634162289,65233.28772957,31222.217705261217,478.0461106640287,36667.752707522,351.0422473819999,0.00966825680111058,0.0,0.0,0.029652271419763565,False,False,
s-008,after_common_greedy_prefix,4,10,1,-36316.71046014,36316.634162289,65233.28772957,31222.217705261217,478.0461106640287,36667.752707522,351.0422473819999,0.00966825680111058,0.0,0.0,0.027506519109010696,False,False,
s-008,after_common_greedy_prefix,5,200,0,-0.5494084429999475,0.0,0.0,0.0,478.0461106640287,0.0,-0.5494084429999475,0.0,0.0,0.0,0.003579806536436081,False,True,
s-008,after_common_greedy_prefix,5,200,1,-0.5494084429999475,0.0,0.0,0.0,478.0461106640287,0.0,-0.5494084429999475,0.0,0.0,0.0,0.0035334713757038116,False,True,
s-008,after_common_greedy_prefix,5,1000,0,-0.5494084429999475,0.0,0.0,0.0,478.0461106640287,0.0,-0.5494084429999475,0.0,0.0,0.0,0.0035267435014247894,False,True,
s-008,after_common_greedy_prefix,5,1000,1,-0.5494084429999475,0.0,0.0,0.0,478.0461106640287,0.0,-0.5494084429999475,0.0,0.0,0.0,0.0035970471799373627,False,True,
s-008,after_common_greedy_prefix,5,50,0,-0.5494084429999475,0.0,0.0,0.0,478.0461106640287,0.0,-0.5494084429999475,0.0,0.0,0.0,0.0035699941217899323,False,True,
s-008,after_common_greedy_prefix,5,50,1,-0.5494084429999475,0.0,0.0,0.0,478.0461106640287,0.0,-0.5494084429999475,0.0,0.0,0.0,0.0035185441374778748,False,True,
s-008,after_common_greedy_prefix,5,10,0,-0.5494084429999475,0.0,0.0,0.0,478.0461106640287,0.0,-0.5494084429999475,0.0,0.0,0.0,0.003523547202348709,False,True,
s-008,after_common_greedy_prefix,5,10,1,-0.5494084429999475,0.0,0.0,0.0,478.0461106640287,0.0,-0.5494084429999475,0.0,0.0,0.0,0.003566097468137741,False,True,
s-008,after_common_greedy_prefix,6,200,0,-8041.300161909001,8275.225843284,15161.319983179,6212.739316545604,478.0461106640287,9117.553661282,1076.2534993729987,0.1017891032764519,598.20738870897,0.0008233899883011176,0.21902412921190262,False,False,0.21902412921190262
s-008,after_common_greedy_prefix,6,200,1,-8041.300161909001,8275.225843284,15161.319983179,6212.739316545604,478.0461106640287,9117.553661282,1076.2534993729987,0.1017891032764519,598.20738870897,0.0008233899883011176,0.2191215120255947,False,False,0.2191215120255947
s-008,after_common_greedy_prefix,6,1000,0,-8041.300161909001,8275.225843284,15161.319983179,6212.739316545604,478.0461106640287,9117.553661282,1076.2534993729987,0.1017891032764519,598.20738870897,0.0008233899883011176,1.0180218107998371,False,False,1.0180218107998371
s-008,after_common_greedy_prefix,6,1000,1,-8041.300161909001,8275.225843284,15161.319983179,6212.739316545604,478.0461106640287,9117.553661282,1076.2534993729987,0.1017891032764519,598.20738870897,0.0008233899883011176,1.0176983438432217,False,False,1.0176983438432217
s-008,after_common_greedy_prefix,6,50,0,-8041.300161909001,8275.225843284,15161.319983179,6212.739316545604,478.0461106640287,9117.553661282,1076.2534993729987,0.1017891032764519,598.20738870897,0.0008233899883011176,0.06771070510149002,False,False,0.06771070510149002
s-008,after_common_greedy_prefix,6,50,1,-8041.300161909001,8275.225843284,15161.319983179,6212.739316545604,478.0461106640287,9117.553661282,1076.2534993729987,0.1017891032764519,598.20738870897,0.0008233899883011176,0.06690410897135735,False,False,0.06690410897135735
s-008,after_common_greedy_prefix,6,10,0,-8041.300161909001,8275.225843284,15161.319983179,6212.739316545604,478.0461106640287,9117.553661282,1076.2534993729987,0.1017891032764519,598.20738870897,0.0008233899883011176,0.026684660464525223,False,False,0.026684660464525223
s-008,after_common_greedy_prefix,6,10,1,-8041.300161909001,8275.225843284,15161.319983179,6212.739316545604,478.0461106640287,9117.553661282,1076.2534993729987,0.1017891032764519,598.20738870897,0.0008233899883011176,0.025405969470739365,False,False,0.025405969470739365
s-008,after_common_greedy_prefix,7,200,0,-36688.284396963,36687.73498852,65697.937339052,32300.416278748617,478.0461106640287,37171.315153067,483.03075610400265,0.013180976277175897,4.984645439973974,6.861010458869724e-06,0.2199535258114338,False,False,0.2199535258114338
s-008,after_common_greedy_prefix,7,200,1,-36688.284396963,36687.73498852,65697.937339052,32300.416278748617,478.0461106640287,37171.315153067,483.03075610400265,0.013180976277175897,4.984645439973974,6.861010458869724e-06,0.22102629765868187,False,False,0.22102629765868187
s-008,after_common_greedy_prefix,7,1000,0,-36688.284396963,36687.73498852,65697.937339052,32300.416278748617,478.0461106640287,37171.315153067,483.03075610400265,0.013180976277175897,4.984645439973974,6.861010458869724e-06,1.0204026959836483,False,False,1.0204026959836483
s-008,after_common_greedy_prefix,7,1000,1,-36688.284396963,36687.73498852,65697.937339052,32300.416278748617,478.0461106640287,37171.315153067,483.03075610400265,0.013180976277175897,4.984645439973974,6.861010458869724e-06,1.0221933275461197,False,False,1.0221933275461197
s-008,after_common_greedy_prefix,7,50,0,-36688.284396963,36687.73498852,65697.937339052,32300.416278748617,478.0461106640287,37171.315153067,483.03075610400265,0.013180976277175897,4.984645439973974,6.861010458869724e-06,0.07109550386667252,False,False,0.07109550386667252
s-008,after_common_greedy_prefix,7,50,1,-36688.284396963,36687.73498852,65697.937339052,32300.416278748617,478.0461106640287,37171.315153067,483.03075610400265,0.013180976277175897,4.984645439973974,6.861010458869724e-06,0.0698552094399929,False,False,0.0698552094399929
s-008,after_common_greedy_prefix,7,10,0,-36688.284396963,36687.73498852,65697.937339052,32300.416278748617,478.0461106640287,37171.315153067,483.03075610400265,0.013180976277175897,4.984645439973974,6.861010458869724e-06,0.02783307060599327,False,False,0.02783307060599327
s-008,after_common_greedy_prefix,7,10,1,-36688.284396963,36687.73498852,65697.937339052,32300.416278748617,478.0461106640287,37171.315153067,483.03075610400265,0.013180976277175897,4.984645439973974,6.861010458869724e-06,0.026477456092834473,False,False,0.026477456092834473
s-008,after_common_greedy_prefix,8,200,0,-3.0773249540002325,246.6483458,246.6483458,246.6483458,478.0461106640287,246.6483458,243.57102084599975,0.0,0.0,0.0,0.21380702406167984,False,True,
s-008,after_common_greedy_prefix,8,200,1,-3.0773249540002325,246.6483458,246.6483458,246.6483458,478.0461106640287,246.6483458,243.57102084599975,0.0,0.0,0.0,0.21541772410273552,False,True,
s-008,after_common_greedy_prefix,8,1000,0,-3.0773249540002325,246.6483458,246.6483458,246.6483458,478.0461106640287,246.6483458,243.57102084599975,0.0,0.0,0.0,1.0165085308253765,False,True,
s-008,after_common_greedy_prefix,8,1000,1,-3.0773249540002325,246.6483458,246.6483458,246.6483458,478.0461106640287,246.6483458,243.57102084599975,0.0,0.0,0.0,1.0159195885062218,False,True,
s-008,after_common_greedy_prefix,8,50,0,-3.0773249540002325,246.6483458,246.6483458,246.6483458,478.0461106640287,246.6483458,243.57102084599975,0.0,0.0,0.0,0.06512141600251198,False,True,
s-008,after_common_greedy_prefix,8,50,1,-3.0773249540002325,246.6483458,246.6483458,246.6483458,478.0461106640287,246.6483458,243.57102084599975,0.0,0.0,0.0,0.06455431878566742,False,True,
s-008,after_common_greedy_prefix,8,10,0,-3.0773249540002325,246.6483458,246.6483458,246.6483458,478.0461106640287,246.6483458,243.57102084599975,0.0,0.0,0.0,0.024348977953195572,False,True,
s-008,after_common_greedy_prefix,8,10,1,-3.0773249540002325,246.6483458,246.6483458,246.6483458,478.0461106640287,246.6483458,243.57102084599975,0.0,0.0,0.0,0.024637389928102493,False,True,
s-008,after_common_greedy_prefix,9,200,0,-8043.155407947001,8521.201518611,15407.295658506,6735.710650390021,478.0461106640287,9363.529336609,1320.3739286620003,0.09885082709970981,842.3278179979716,0.001159404422776993,0.21627533063292503,False,False,0.21627533063292503
s-008,after_common_greedy_prefix,9,200,1,-8043.155407947001,8521.201518611,15407.295658506,6735.710650390021,478.0461106640287,9363.529336609,1320.3739286620003,0.09885082709970981,842.3278179979716,0.001159404422776993,0.21869871020317078,False,False,0.21869871020317078
s-008,after_common_greedy_prefix,9,1000,0,-8043.155407947001,8521.201518611,15407.295658506,6735.710650390021,478.0461106640287,9363.529336609,1320.3739286620003,0.09885082709970981,842.3278179979716,0.001159404422776993,1.0186631418764591,False,False,1.0186631418764591
s-008,after_common_greedy_prefix,9,1000,1,-8043.155407947001,8521.201518611,15407.295658506,6735.710650390021,478.0461106640287,9363.529336609,1320.3739286620003,0.09885082709970981,842.3278179979716,0.001159404422776993,1.0188426114618778,False,False,1.0188426114618778
s-008,after_common_greedy_prefix,9,50,0,-8043.155407947001,8521.201518611,15407.295658506,6735.710650390021,478.0461106640287,9363.529336609,1320.3739286620003,0.09885082709970981,842.3278179979716,0.001159404422776993,0.06897764280438423,False,False,0.06897764280438423
s-008,after_common_greedy_prefix,9,50,1,-8043.155407947001,8521.201518611,15407.295658506,6735.710650390021,478.0461106640287,9363.529336609,1320.3739286620003,0.09885082709970981,842.3278179979716,0.001159404422776993,0.06824665516614914,False,False,0.06824665516614914
s-008,after_common_greedy_prefix,9,10,0,-8043.155407947001,8521.201518611,15407.295658506,6735.710650390021,478.0461106640287,9363.529336609,1320.3739286620003,0.09885082709970981,842.3278179979716,0.001159404422776993,0.027494654059410095,False,False,0.027494654059410095
s-008,after_common_greedy_prefix,9,10,1,-8043.155407947001,8521.201518611,15407.295658506,6735.710650390021,478.0461106640287,9363.529336609,1320.3739286620003,0.09885082709970981,842.3278179979716,0.001159404422776993,0.02574068307876587,False,False,0.02574068307876587
s-008,after_common_greedy_prefix,10,200,0,-34837.523295194,35286.098616072,55996.197028391,29763.971101970703,478.0461106640287,36206.806602103,1369.2833069090048,0.02609265467539228,891.2371962449761,0.001226724708588789,0.21752730011940002,False,False,0.21752730011940002
s-008,after_common_greedy_prefix,10,200,1,-34837.523295194,35286.098616072,55996.197028391,29763.971101970703,478.0461106640287,36206.806602103,1369.2833069090048,0.02609265467539228,891.2371962449761,0.001226724708588789,0.2189931385219097,False,False,0.2189931385219097
s-008,after_common_greedy_prefix,10,1000,0,-34837.523295194,35286.098616072,55996.197028391,29763.971101970703,478.0461106640287,36206.806602103,1369.2833069090048,0.02609265467539228,891.2371962449761,0.001226724708588789,1.0191098265349865,False,False,1.0191098265349865
s-008,after_common_greedy_prefix,10,1000,1,-34837.523295194,35286.098616072,55996.197028391,29763.971101970703,478.0461106640287,36206.806602103,1369.2833069090048,0.02609265467539228,891.2371962449761,0.001226724708588789,1.0198440663516521,False,False,1.0198440663516521
s-008,after_common_greedy_prefix,10,50,0,-34837.523295194,35286.098616072,55996.197028391,29763.971101970703,478.0461106640287,36206.806602103,1369.2833069090048,0.02609265467539228,891.2371962449761,0.001226724708588789,0.07041473686695099,False,False,0.07041473686695099
s-008,after_common_greedy_prefix,10,50,1,-34837.523295194,35286.098616072,55996.197028391,29763.971101970703,478.0461106640287,36206.806602103,1369.2833069090048,0.02609265467539228,891.2371962449761,0.001226724708588789,0.06949740648269653,False,False,0.06949740648269653
s-008,after_common_greedy_prefix,10,10,0,-34837.523295194,35286.098616072,55996.197028391,29763.971101970703,478.0461106640287,36206.806602103,1369.2833069090048,0.02609265467539228,891.2371962449761,0.001226724708588789,0.029093515127897263,False,False,0.029093515127897263
s-008,after_common_greedy_prefix,10,10,1,-34837.523295194,35286.098616072,55996.197028391,29763.971101970703,478.0461106640287,36206.806602103,1369.2833069090048,0.02609265467539228,891.2371962449761,0.001226724708588789,0.027844920754432678,False,False,0.027844920754432678
s-009,after_one_actual_history_call,0,200,0,-7700.12076789,7945.641582782,16067.311044136999,5812.818905182126,638.4933064440265,8013.271603377,313.1508354870002,0.008511587124890285,0.0,0.0,0.2183452732861042,False,False,
s-009,after_one_actual_history_call,0,200,1,-7700.12076789,7945.641582782,16067.311044136999,5812.818905182126,638.4933064440265,8013.271603377,313.1508354870002,0.008511587124890285,0.0,0.0,0.21822240203619003,False,False,
s-009,after_one_actual_history_call,0,1000,0,-7700.12076789,7945.641582782,16067.311044136999,5812.818905182126,638.4933064440265,8013.271603377,313.1508354870002,0.008511587124890285,0.0,0.0,1.0178161151707172,False,False,
s-009,after_one_actual_history_call,0,1000,1,-7700.12076789,7945.641582782,16067.311044136999,5812.818905182126,638.4933064440265,8013.271603377,313.1508354870002,0.008511587124890285,0.0,0.0,1.017669577151537,False,False,
s-009,after_one_actual_history_call,0,50,0,-7700.12076789,7945.641582782,16067.311044136999,5812.818905182126,638.4933064440265,8013.271603377,313.1508354870002,0.008511587124890285,0.0,0.0,0.06831615045666695,False,False,
s-009,after_one_actual_history_call,0,50,1,-7700.12076789,7945.641582782,16067.311044136999,5812.818905182126,638.4933064440265,8013.271603377,313.1508354870002,0.008511587124890285,0.0,0.0,0.06763041391968727,False,False,
s-009,after_one_actual_history_call,0,10,0,-7700.12076789,7945.641582782,16067.311044136999,5812.818905182126,638.4933064440265,8013.271603377,313.1508354870002,0.008511587124890285,0.0,0.0,0.026053864508867264,False,False,
s-009,after_one_actual_history_call,0,10,1,-7700.12076789,7945.641582782,16067.311044136999,5812.818905182126,638.4933064440265,8013.271603377,313.1508354870002,0.008511587124890285,0.0,0.0,0.02433297410607338,False,False,
s-009,after_one_actual_history_call,1,200,0,-35739.221932868,35739.221932868,66492.250262385,30580.4246375631,638.4933064440265,36288.813814828,549.5918819599974,0.015377835672873413,0.0,0.0,0.218680240213871,False,False,
s-009,after_one_actual_history_call,1,200,1,-35739.221932868,35739.221932868,66492.250262385,30580.4246375631,638.4933064440265,36288.813814828,549.5918819599974,0.015377835672873413,0.0,0.0,0.21992027759552002,False,False,
s-009,after_one_actual_history_call,1,1000,0,-35739.221932868,35739.221932868,66492.250262385,30580.4246375631,638.4933064440265,36288.813814828,549.5918819599974,0.015377835672873413,0.0,0.0,1.0202235020697117,False,False,
s-009,after_one_actual_history_call,1,1000,1,-35739.221932868,35739.221932868,66492.250262385,30580.4246375631,638.4933064440265,36288.813814828,549.5918819599974,0.015377835672873413,0.0,0.0,1.0212619453668594,False,False,
s-009,after_one_actual_history_call,1,50,0,-35739.221932868,35739.221932868,66492.250262385,30580.4246375631,638.4933064440265,36288.813814828,549.5918819599974,0.015377835672873413,0.0,0.0,0.07078291103243828,False,False,
s-009,after_one_actual_history_call,1,50,1,-35739.221932868,35739.221932868,66492.250262385,30580.4246375631,638.4933064440265,36288.813814828,549.5918819599974,0.015377835672873413,0.0,0.0,0.07052643597126007,False,False,
s-009,after_one_actual_history_call,1,10,0,-35739.221932868,35739.221932868,66492.250262385,30580.4246375631,638.4933064440265,36288.813814828,549.5918819599974,0.015377835672873413,0.0,0.0,0.028230585157871246,False,False,
s-009,after_one_actual_history_call,1,10,1,-35739.221932868,35739.221932868,66492.250262385,30580.4246375631,638.4933064440265,36288.813814828,549.5918819599974,0.015377835672873413,0.0,0.0,0.026647761464118958,False,False,
s-009,after_one_actual_history_call,2,200,0,-0.07629785100004938,0.0,0.0,0.0,638.4933064440265,0.0,-0.07629785100004938,0.0,0.0,0.0,0.0036021284759044647,False,True,
s-009,after_one_actual_history_call,2,200,1,-0.07629785100004938,0.0,0.0,0.0,638.4933064440265,0.0,-0.07629785100004938,0.0,0.0,0.0,0.0035424083471298218,False,True,
s-009,after_one_actual_history_call,2,1000,0,-0.07629785100004938,0.0,0.0,0.0,638.4933064440265,0.0,-0.07629785100004938,0.0,0.0,0.0,0.0035616979002952576,False,True,
s-009,after_one_actual_history_call,2,1000,1,-0.07629785100004938,0.0,0.0,0.0,638.4933064440265,0.0,-0.07629785100004938,0.0,0.0,0.0,0.0035331211984157562,False,True,
s-009,after_one_actual_history_call,2,50,0,-0.07629785100004938,0.0,0.0,0.0,638.4933064440265,0.0,-0.07629785100004938,0.0,0.0,0.0,0.003539547324180603,False,True,
s-009,after_one_actual_history_call,2,50,1,-0.07629785100004938,0.0,0.0,0.0,638.4933064440265,0.0,-0.07629785100004938,0.0,0.0,0.0,0.00354105606675148,False,True,
s-009,after_one_actual_history_call,2,10,0,-0.07629785100004938,0.0,0.0,0.0,638.4933064440265,0.0,-0.07629785100004938,0.0,0.0,0.0,0.0036038681864738464,False,True,
s-009,after_one_actual_history_call,2,10,1,-0.07629785100004938,0.0,0.0,0.0,638.4933064440265,0.0,-0.07629785100004938,0.0,0.0,0.0,0.0036289282143115997,False,True,
s-009,after_one_actual_history_call,3,200,0,-8667.819474418,8881.300006682999,11844.92100408,6280.0282306164645,638.4933064440265,9092.289663877,424.4701894589998,0.023756618629619006,0.0,0.0,0.2172766774892807,False,False,
s-009,after_one_actual_history_call,3,200,1,-8667.819474418,8881.300006682999,11844.92100408,6280.0282306164645,638.4933064440265,9092.289663877,424.4701894589998,0.023756618629619006,0.0,0.0,0.21721390262246132,False,False,
s-009,after_one_actual_history_call,3,1000,0,-8667.819474418,8881.300006682999,11844.92100408,6280.0282306164645,638.4933064440265,9092.289663877,424.4701894589998,0.023756618629619006,0.0,0.0,1.0168316662311554,False,False,
s-009,after_one_actual_history_call,3,1000,1,-8667.819474418,8881.300006682999,11844.92100408,6280.0282306164645,638.4933064440265,9092.289663877,424.4701894589998,0.023756618629619006,0.0,0.0,1.0182692520320415,False,False,
s-009,after_one_actual_history_call,3,50,0,-8667.819474418,8881.300006682999,11844.92100408,6280.0282306164645,638.4933064440265,9092.289663877,424.4701894589998,0.023756618629619006,0.0,0.0,0.06773381680250168,False,False,
s-009,after_one_actual_history_call,3,50,1,-8667.819474418,8881.300006682999,11844.92100408,6280.0282306164645,638.4933064440265,9092.289663877,424.4701894589998,0.023756618629619006,0.0,0.0,0.06775755435228348,False,False,
s-009,after_one_actual_history_call,3,10,0,-8667.819474418,8881.300006682999,11844.92100408,6280.0282306164645,638.4933064440265,9092.289663877,424.4701894589998,0.023756618629619006,0.0,0.0,0.02567099779844284,False,False,
s-009,after_one_actual_history_call,3,10,1,-8667.819474418,8881.300006682999,11844.92100408,6280.0282306164645,638.4933064440265,9092.289663877,424.4701894589998,0.023756618629619006,0.0,0.0,0.02401534840464592,False,False,
s-009,after_one_actual_history_call,4,200,0,-36316.71046014,36955.203766584,65233.28772957,31222.217705261217,638.4933064440265,36955.203766584,638.4933064440047,0.0,0.0,0.0,0.0027234144508838654,False,True,
s-009,after_one_actual_history_call,4,200,1,-36316.71046014,36955.203766584,65233.28772957,31222.217705261217,638.4933064440265,36955.203766584,638.4933064440047,0.0,0.0,0.0,0.002615738660097122,False,True,
s-009,after_one_actual_history_call,4,1000,0,-36316.71046014,36955.203766584,65233.28772957,31222.217705261217,638.4933064440265,36955.203766584,638.4933064440047,0.0,0.0,0.0,1.0180071257054806,False,True,
s-009,after_one_actual_history_call,4,1000,1,-36316.71046014,36955.203766584,65233.28772957,31222.217705261217,638.4933064440265,36955.203766584,638.4933064440047,0.0,0.0,0.0,1.0193997658789158,False,True,
s-009,after_one_actual_history_call,4,50,0,-36316.71046014,36955.203766584,65233.28772957,31222.217705261217,638.4933064440265,36955.203766584,638.4933064440047,0.0,0.0,0.0,0.06879018992185593,False,True,
s-009,after_one_actual_history_call,4,50,1,-36316.71046014,36955.203766584,65233.28772957,31222.217705261217,638.4933064440265,36955.203766584,638.4933064440047,0.0,0.0,0.0,0.07002763450145721,False,True,
s-009,after_one_actual_history_call,4,10,0,-36316.71046014,36955.203766584,65233.28772957,31222.217705261217,638.4933064440265,36955.203766584,638.4933064440047,0.0,0.0,0.0,0.028307542204856873,False,True,
s-009,after_one_actual_history_call,4,10,1,-36316.71046014,36955.203766584,65233.28772957,31222.217705261217,638.4933064440265,36955.203766584,638.4933064440047,0.0,0.0,0.0,0.02674167975783348,False,True,
s-009,after_one_actual_history_call,5,200,0,-0.5494084429999475,0.0,0.0,0.0,638.4933064440265,0.0,-0.5494084429999475,0.0,0.0,0.0,0.003600340336561203,False,True,
s-009,after_one_actual_history_call,5,200,1,-0.5494084429999475,0.0,0.0,0.0,638.4933064440265,0.0,-0.5494084429999475,0.0,0.0,0.0,0.0035573169589042664,False,True,
s-009,after_one_actual_history_call,5,1000,0,-0.5494084429999475,0.0,0.0,0.0,638.4933064440265,0.0,-0.5494084429999475,0.0,0.0,0.0,0.0035579130053520203,False,True,
s-009,after_one_actual_history_call,5,1000,1,-0.5494084429999475,0.0,0.0,0.0,638.4933064440265,0.0,-0.5494084429999475,0.0,0.0,0.0,0.0035478994250297546,False,True,
s-009,after_one_actual_history_call,5,50,0,-0.5494084429999475,0.0,0.0,0.0,638.4933064440265,0.0,-0.5494084429999475,0.0,0.0,0.0,0.0035400390625,False,True,
s-009,after_one_actual_history_call,5,50,1,-0.5494084429999475,0.0,0.0,0.0,638.4933064440265,0.0,-0.5494084429999475,0.0,0.0,0.0,0.003547441214323044,False,True,
s-009,after_one_actual_history_call,5,10,0,-0.5494084429999475,0.0,0.0,0.0,638.4933064440265,0.0,-0.5494084429999475,0.0,0.0,0.0,0.003545716404914856,False,True,
s-009,after_one_actual_history_call,5,10,1,-0.5494084429999475,0.0,0.0,0.0,638.4933064440265,0.0,-0.5494084429999475,0.0,0.0,0.0,0.0035443753004074097,False,True,
s-009,after_one_actual_history_call,6,200,0,-8041.300161909001,8275.225843284,15161.319983179,6212.739316545604,638.4933064440265,9117.553661282,1076.2534993729987,0.1017891032764519,437.7601929289722,0.000602545817617509,0.21851517260074615,False,False,0.21851517260074615
s-009,after_one_actual_history_call,6,200,1,-8041.300161909001,8275.225843284,15161.319983179,6212.739316545604,638.4933064440265,9117.553661282,1076.2534993729987,0.1017891032764519,437.7601929289722,0.000602545817617509,0.21694713830947876,False,False,0.21694713830947876
s-009,after_one_actual_history_call,6,1000,0,-8041.300161909001,8275.225843284,15161.319983179,6212.739316545604,638.4933064440265,9117.553661282,1076.2534993729987,0.1017891032764519,437.7601929289722,0.000602545817617509,1.0187658593058586,False,False,1.0187658593058586
s-009,after_one_actual_history_call,6,1000,1,-8041.300161909001,8275.225843284,15161.319983179,6212.739316545604,638.4933064440265,9117.553661282,1076.2534993729987,0.1017891032764519,437.7601929289722,0.000602545817617509,1.0185288935899734,False,False,1.0185288935899734
s-009,after_one_actual_history_call,6,50,0,-8041.300161909001,8275.225843284,15161.319983179,6212.739316545604,638.4933064440265,9117.553661282,1076.2534993729987,0.1017891032764519,437.7601929289722,0.000602545817617509,0.06813542917370796,False,False,0.06813542917370796
s-009,after_one_actual_history_call,6,50,1,-8041.300161909001,8275.225843284,15161.319983179,6212.739316545604,638.4933064440265,9117.553661282,1076.2534993729987,0.1017891032764519,437.7601929289722,0.000602545817617509,0.0674312487244606,False,False,0.0674312487244606
s-009,after_one_actual_history_call,6,10,0,-8041.300161909001,8275.225843284,15161.319983179,6212.739316545604,638.4933064440265,9117.553661282,1076.2534993729987,0.1017891032764519,437.7601929289722,0.000602545817617509,0.02715456113219261,False,False,0.02715456113219261
s-009,after_one_actual_history_call,6,10,1,-8041.300161909001,8275.225843284,15161.319983179,6212.739316545604,638.4933064440265,9117.553661282,1076.2534993729987,0.1017891032764519,437.7601929289722,0.000602545817617509,0.025472957640886307,False,False,0.025472957640886307
s-009,after_one_actual_history_call,7,200,0,-36688.284396963,36687.73498852,65697.937339052,32300.416278748617,638.4933064440265,37171.315153067,483.03075610400265,0.013180976277175897,0.0,0.0,0.21953071281313896,False,False,
s-009,after_one_actual_history_call,7,200,1,-36688.284396963,36687.73498852,65697.937339052,32300.416278748617,638.4933064440265,37171.315153067,483.03075610400265,0.013180976277175897,0.0,0.0,0.21996310353279114,False,False,
s-009,after_one_actual_history_call,7,1000,0,-36688.284396963,36687.73498852,65697.937339052,32300.416278748617,638.4933064440265,37171.315153067,483.03075610400265,0.013180976277175897,0.0,0.0,1.02079551294446,False,False,
s-009,after_one_actual_history_call,7,1000,1,-36688.284396963,36687.73498852,65697.937339052,32300.416278748617,638.4933064440265,37171.315153067,483.03075610400265,0.013180976277175897,0.0,0.0,1.0200866870582104,False,False,
s-009,after_one_actual_history_call,7,50,0,-36688.284396963,36687.73498852,65697.937339052,32300.416278748617,638.4933064440265,37171.315153067,483.03075610400265,0.013180976277175897,0.0,0.0,0.06965526565909386,False,False,
s-009,after_one_actual_history_call,7,50,1,-36688.284396963,36687.73498852,65697.937339052,32300.416278748617,638.4933064440265,37171.315153067,483.03075610400265,0.013180976277175897,0.0,0.0,0.07026241347193718,False,False,
s-009,after_one_actual_history_call,7,10,0,-36688.284396963,36687.73498852,65697.937339052,32300.416278748617,638.4933064440265,37171.315153067,483.03075610400265,0.013180976277175897,0.0,0.0,0.027917280793190002,False,False,
s-009,after_one_actual_history_call,7,10,1,-36688.284396963,36687.73498852,65697.937339052,32300.416278748617,638.4933064440265,37171.315153067,483.03075610400265,0.013180976277175897,0.0,0.0,0.026573888957500458,False,False,
s-009,after_one_actual_history_call,8,200,0,-3.0773249540002325,246.6483458,246.6483458,246.6483458,638.4933064440265,246.6483458,243.57102084599975,0.0,0.0,0.0,0.21345631778240204,False,True,
s-009,after_one_actual_history_call,8,200,1,-3.0773249540002325,246.6483458,246.6483458,246.6483458,638.4933064440265,246.6483458,243.57102084599975,0.0,0.0,0.0,0.21548984944820404,False,True,
s-009,after_one_actual_history_call,8,1000,0,-3.0773249540002325,246.6483458,246.6483458,246.6483458,638.4933064440265,246.6483458,243.57102084599975,0.0,0.0,0.0,1.0160525552928448,False,True,
s-009,after_one_actual_history_call,8,1000,1,-3.0773249540002325,246.6483458,246.6483458,246.6483458,638.4933064440265,246.6483458,243.57102084599975,0.0,0.0,0.0,1.0152867212891579,False,True,
s-009,after_one_actual_history_call,8,50,0,-3.0773249540002325,246.6483458,246.6483458,246.6483458,638.4933064440265,246.6483458,243.57102084599975,0.0,0.0,0.0,0.0653214082121849,False,True,
s-009,after_one_actual_history_call,8,50,1,-3.0773249540002325,246.6483458,246.6483458,246.6483458,638.4933064440265,246.6483458,243.57102084599975,0.0,0.0,0.0,0.06565679237246513,False,True,
s-009,after_one_actual_history_call,8,10,0,-3.0773249540002325,246.6483458,246.6483458,246.6483458,638.4933064440265,246.6483458,243.57102084599975,0.0,0.0,0.0,0.024273838847875595,False,True,
s-009,after_one_actual_history_call,8,10,1,-3.0773249540002325,246.6483458,246.6483458,246.6483458,638.4933064440265,246.6483458,243.57102084599975,0.0,0.0,0.0,0.022523824125528336,False,True,
s-009,after_one_actual_history_call,9,200,0,-8043.155407947001,8521.201518611,15407.295658506,6735.710650390021,638.4933064440265,9363.529336609,1320.3739286620003,0.09885082709970981,681.8806222179737,0.0009385602520933845,0.21581529825925827,False,False,0.21581529825925827
s-009,after_one_actual_history_call,9,200,1,-8043.155407947001,8521.201518611,15407.295658506,6735.710650390021,638.4933064440265,9363.529336609,1320.3739286620003,0.09885082709970981,681.8806222179737,0.0009385602520933845,0.21724802628159523,False,False,0.21724802628159523
s-009,after_one_actual_history_call,9,1000,0,-8043.155407947001,8521.201518611,15407.295658506,6735.710650390021,638.4933064440265,9363.529336609,1320.3739286620003,0.09885082709970981,681.8806222179737,0.0009385602520933845,1.0179708786308765,False,False,1.0179708786308765
s-009,after_one_actual_history_call,9,1000,1,-8043.155407947001,8521.201518611,15407.295658506,6735.710650390021,638.4933064440265,9363.529336609,1320.3739286620003,0.09885082709970981,681.8806222179737,0.0009385602520933845,1.0196332558989525,False,False,1.0196332558989525
s-009,after_one_actual_history_call,9,50,0,-8043.155407947001,8521.201518611,15407.295658506,6735.710650390021,638.4933064440265,9363.529336609,1320.3739286620003,0.09885082709970981,681.8806222179737,0.0009385602520933845,0.06812671944499016,False,False,0.06812671944499016
s-009,after_one_actual_history_call,9,50,1,-8043.155407947001,8521.201518611,15407.295658506,6735.710650390021,638.4933064440265,9363.529336609,1320.3739286620003,0.09885082709970981,681.8806222179737,0.0009385602520933845,0.06795621290802956,False,False,0.06795621290802956
s-009,after_one_actual_history_call,9,10,0,-8043.155407947001,8521.201518611,15407.295658506,6735.710650390021,638.4933064440265,9363.529336609,1320.3739286620003,0.09885082709970981,681.8806222179737,0.0009385602520933845,0.028173264116048813,False,False,0.028173264116048813
s-009,after_one_actual_history_call,9,10,1,-8043.155407947001,8521.201518611,15407.295658506,6735.710650390021,638.4933064440265,9363.529336609,1320.3739286620003,0.09885082709970981,681.8806222179737,0.0009385602520933845,0.026366576552391052,False,False,0.026366576552391052
s-009,after_one_actual_history_call,10,200,0,-34837.523295194,35286.098616072,55996.197028391,29763.971101970703,638.4933064440265,36206.806602103,1369.2833069090048,0.02609265467539228,730.7900004649782,0.0010058805379051805,0.21732676401734352,False,False,0.21732676401734352
s-009,after_one_actual_history_call,10,200,1,-34837.523295194,35286.098616072,55996.197028391,29763.971101970703,638.4933064440265,36206.806602103,1369.2833069090048,0.02609265467539228,730.7900004649782,0.0010058805379051805,0.21907545253634453,False,False,0.21907545253634453
s-009,after_one_actual_history_call,10,1000,0,-34837.523295194,35286.098616072,55996.197028391,29763.971101970703,638.4933064440265,36206.806602103,1369.2833069090048,0.02609265467539228,730.7900004649782,0.0010058805379051805,1.0189656987786293,False,False,1.0189656987786293
s-009,after_one_actual_history_call,10,1000,1,-34837.523295194,35286.098616072,55996.197028391,29763.971101970703,638.4933064440265,36206.806602103,1369.2833069090048,0.02609265467539228,730.7900004649782,0.0010058805379051805,1.0193991996347904,False,False,1.0193991996347904
s-009,after_one_actual_history_call,10,50,0,-34837.523295194,35286.098616072,55996.197028391,29763.971101970703,638.4933064440265,36206.806602103,1369.2833069090048,0.02609265467539228,730.7900004649782,0.0010058805379051805,0.06998499855399132,False,False,0.06998499855399132
s-009,after_one_actual_history_call,10,50,1,-34837.523295194,35286.098616072,55996.197028391,29763.971101970703,638.4933064440265,36206.806602103,1369.2833069090048,0.02609265467539228,730.7900004649782,0.0010058805379051805,0.07037584856152534,False,False,0.07037584856152534
s-009,after_one_actual_history_call,10,10,0,-34837.523295194,35286.098616072,55996.197028391,29763.971101970703,638.4933064440265,36206.806602103,1369.2833069090048,0.02609265467539228,730.7900004649782,0.0010058805379051805,0.029268573969602585,False,False,0.029268573969602585
s-009,after_one_actual_history_call,10,10,1,-34837.523295194,35286.098616072,55996.197028391,29763.971101970703,638.4933064440265,36206.806602103,1369.2833069090048,0.02609265467539228,730.7900004649782,0.0010058805379051805,0.028460148721933365,False,False,0.028460148721933365
s-010,after_common_greedy_prefix,0,200,0,-9833.98248332,9833.98248332,21526.606061561,7644.533519944252,478.0461106640287,10697.888953938,863.9064706179997,0.08784909593680106,385.86035995397106,0.0005311093832425631,0.22199440747499466,False,False,0.22199440747499466
s-010,after_common_greedy_prefix,0,200,1,-9833.98248332,9833.98248332,21526.606061561,7644.533519944252,478.0461106640287,10697.888953938,863.9064706179997,0.08784909593680106,385.86035995397106,0.0005311093832425631,0.22163834422826767,False,False,0.22163834422826767
s-010,after_common_greedy_prefix,0,1000,0,-9833.98248332,9833.98248332,21526.606061561,7644.533519944252,478.0461106640287,10697.888953938,863.9064706179997,0.08784909593680106,385.86035995397106,0.0005311093832425631,1.0186710320413113,False,False,1.0186710320413113
s-010,after_common_greedy_prefix,0,1000,1,-9833.98248332,9833.98248332,21526.606061561,7644.533519944252,478.0461106640287,10697.888953938,863.9064706179997,0.08784909593680106,385.86035995397106,0.0005311093832425631,1.018297415226698,False,False,1.018297415226698
s-010,after_common_greedy_prefix,0,50,0,-9833.98248332,9833.98248332,21526.606061561,7644.533519944252,478.0461106640287,10697.888953938,863.9064706179997,0.08784909593680106,385.86035995397106,0.0005311093832425631,0.06786025688052177,False,False,0.06786025688052177
s-010,after_common_greedy_prefix,0,50,1,-9833.98248332,9833.98248332,21526.606061561,7644.533519944252,478.0461106640287,10697.888953938,863.9064706179997,0.08784909593680106,385.86035995397106,0.0005311093832425631,0.06904309615492821,False,False,0.06904309615492821
s-010,after_common_greedy_prefix,0,10,0,-9833.98248332,9833.98248332,21526.606061561,7644.533519944252,478.0461106640287,10697.888953938,863.9064706179997,0.08784909593680106,385.86035995397106,0.0005311093832425631,0.02886718511581421,False,False,0.02886718511581421
s-010,after_common_greedy_prefix,0,10,1,-9833.98248332,9833.98248332,21526.606061561,7644.533519944252,478.0461106640287,10697.888953938,863.9064706179997,0.08784909593680106,385.86035995397106,0.0005311093832425631,0.02696274220943451,False,False,0.02696274220943451
s-010,after_common_greedy_prefix,1,200,0,-35815.183425817,35815.183425817,57507.507858221,31665.546029507906,478.0461106640287,36681.748231442,866.5648056249993,0.024195459096835036,388.5186949609706,0.000534768392595553,0.21817270666360855,False,False,0.21817270666360855
s-010,after_common_greedy_prefix,1,200,1,-35815.183425817,35815.183425817,57507.507858221,31665.546029507906,478.0461106640287,36681.748231442,866.5648056249993,0.024195459096835036,388.5186949609706,0.000534768392595553,0.22026345506310463,False,False,0.22026345506310463
s-010,after_common_greedy_prefix,1,1000,0,-35815.183425817,35815.183425817,57507.507858221,31665.546029507906,478.0461106640287,36681.748231442,866.5648056249993,0.024195459096835036,388.5186949609706,0.000534768392595553,1.0200668461620808,False,False,1.0200668461620808
s-010,after_common_greedy_prefix,1,1000,1,-35815.183425817,35815.183425817,57507.507858221,31665.546029507906,478.0461106640287,36681.748231442,866.5648056249993,0.024195459096835036,388.5186949609706,0.000534768392595553,1.0200088135898113,False,False,1.0200088135898113
s-010,after_common_greedy_prefix,1,50,0,-35815.183425817,35815.183425817,57507.507858221,31665.546029507906,478.0461106640287,36584.281991676,769.0985658589998,0.02147409261359815,291.0524551949711,0.00040061303521376134,0.07001576200127602,False,False,0.07001576200127602
s-010,after_common_greedy_prefix,1,50,1,-35815.183425817,35815.183425817,57507.507858221,31665.546029507906,478.0461106640287,36584.281991676,769.0985658589998,0.02147409261359815,291.0524551949711,0.00040061303521376134,0.06885550171136856,False,False,0.06885550171136856
s-010,after_common_greedy_prefix,1,10,0,-35815.183425817,35815.183425817,57507.507858221,31665.546029507906,478.0461106640287,36584.281991676,769.0985658589998,0.02147409261359815,291.0524551949711,0.00040061303521376134,0.02932782843708992,False,False,0.02932782843708992
s-010,after_common_greedy_prefix,1,10,1,-35815.183425817,35815.183425817,57507.507858221,31665.546029507906,478.0461106640287,36584.281991676,769.0985658589998,0.02147409261359815,291.0524551949711,0.00040061303521376134,0.027246620506048203,False,False,0.027246620506048203
s-010,after_common_greedy_prefix,2,200,0,-0.07629785100004938,0.0,0.0,0.0,478.0461106640287,0.0,-0.07629785100004938,0.0,0.0,0.0,0.0036675557494163513,False,True,
s-010,after_common_greedy_prefix,2,200,1,-0.07629785100004938,0.0,0.0,0.0,478.0461106640287,0.0,-0.07629785100004938,0.0,0.0,0.0,0.0036332160234451294,False,True,
s-010,after_common_greedy_prefix,2,1000,0,-0.07629785100004938,0.0,0.0,0.0,478.0461106640287,0.0,-0.07629785100004938,0.0,0.0,0.0,0.0036280155181884766,False,True,
s-010,after_common_greedy_prefix,2,1000,1,-0.07629785100004938,0.0,0.0,0.0,478.0461106640287,0.0,-0.07629785100004938,0.0,0.0,0.0,0.0036348365247249603,False,True,
s-010,after_common_greedy_prefix,2,50,0,-0.07629785100004938,0.0,0.0,0.0,478.0461106640287,0.0,-0.07629785100004938,0.0,0.0,0.0,0.003618944436311722,False,True,
s-010,after_common_greedy_prefix,2,50,1,-0.07629785100004938,0.0,0.0,0.0,478.0461106640287,0.0,-0.07629785100004938,0.0,0.0,0.0,0.003667246550321579,False,True,
s-010,after_common_greedy_prefix,2,10,0,-0.07629785100004938,0.0,0.0,0.0,478.0461106640287,0.0,-0.07629785100004938,0.0,0.0,0.0,0.003638945519924164,False,True,
s-010,after_common_greedy_prefix,2,10,1,-0.07629785100004938,0.0,0.0,0.0,478.0461106640287,0.0,-0.07629785100004938,0.0,0.0,0.0,0.0036229193210601807,False,True,
s-010,after_common_greedy_prefix,3,200,0,-8575.574981990001,8789.055514255,10803.881724765999,6261.507773036187,478.0461106640287,8860.055507763,284.4805257729986,0.008078227904334476,0.0,0.0,0.21701806038618088,False,False,
s-010,after_common_greedy_prefix,3,200,1,-8575.574981990001,8789.055514255,10803.881724765999,6261.507773036187,478.0461106640287,8860.055507763,284.4805257729986,0.008078227904334476,0.0,0.0,0.21702813729643822,False,False,
s-010,after_common_greedy_prefix,3,1000,0,-8575.574981990001,8789.055514255,10803.881724765999,6261.507773036187,478.0461106640287,8860.055507763,284.4805257729986,0.008078227904334476,0.0,0.0,1.0170052386820316,False,False,
s-010,after_common_greedy_prefix,3,1000,1,-8575.574981990001,8789.055514255,10803.881724765999,6261.507773036187,478.0461106640287,8860.055507763,284.4805257729986,0.008078227904334476,0.0,0.0,1.018494602292776,False,False,
s-010,after_common_greedy_prefix,3,50,0,-8575.574981990001,8789.055514255,10803.881724765999,6261.507773036187,478.0461106640287,8860.055507763,284.4805257729986,0.008078227904334476,0.0,0.0,0.067933589220047,False,False,
s-010,after_common_greedy_prefix,3,50,1,-8575.574981990001,8789.055514255,10803.881724765999,6261.507773036187,478.0461106640287,8860.055507763,284.4805257729986,0.008078227904334476,0.0,0.0,0.06652029976248741,False,False,
s-010,after_common_greedy_prefix,3,10,0,-8575.574981990001,8789.055514255,10803.881724765999,6261.507773036187,478.0461106640287,8860.055507763,284.4805257729986,0.008078227904334476,0.0,0.0,0.025945995002985,False,False,
s-010,after_common_greedy_prefix,3,10,1,-8575.574981990001,8789.055514255,10803.881724765999,6261.507773036187,478.0461106640287,8860.055507763,284.4805257729986,0.008078227904334476,0.0,0.0,0.026274919509887695,False,False,
s-010,after_common_greedy_prefix,4,200,0,-36551.874440482,36551.798142631,63857.26181639,30848.78398412825,478.0461106640287,36902.916687864,351.0422473819999,0.009606053958354708,0.0,0.0,0.21776670590043068,False,False,
s-010,after_common_greedy_prefix,4,200,1,-36551.874440482,36551.798142631,63857.26181639,30848.78398412825,478.0461106640287,36902.916687864,351.0422473819999,0.009606053958354708,0.0,0.0,0.22011907398700714,False,False,
s-010,after_common_greedy_prefix,4,1000,0,-36551.874440482,36551.798142631,63857.26181639,30848.78398412825,478.0461106640287,36902.916687864,351.0422473819999,0.009606053958354708,0.0,0.0,1.0204816311597824,False,False,
s-010,after_common_greedy_prefix,4,1000,1,-36551.874440482,36551.798142631,63857.26181639,30848.78398412825,478.0461106640287,36902.916687864,351.0422473819999,0.009606053958354708,0.0,0.0,1.0195549316704273,False,False,
s-010,after_common_greedy_prefix,4,50,0,-36551.874440482,36551.798142631,63857.26181639,30848.78398412825,478.0461106640287,36902.916687864,351.0422473819999,0.009606053958354708,0.0,0.0,0.06958551704883575,False,False,
s-010,after_common_greedy_prefix,4,50,1,-36551.874440482,36551.798142631,63857.26181639,30848.78398412825,478.0461106640287,36902.916687864,351.0422473819999,0.009606053958354708,0.0,0.0,0.06929949298501015,False,False,
s-010,after_common_greedy_prefix,4,10,0,-36551.874440482,36551.798142631,63857.26181639,30848.78398412825,478.0461106640287,36902.916687864,351.0422473819999,0.009606053958354708,0.0,0.0,0.029921289533376694,False,False,
s-010,after_common_greedy_prefix,4,10,1,-36551.874440482,36551.798142631,63857.26181639,30848.78398412825,478.0461106640287,36902.916687864,351.0422473819999,0.009606053958354708,0.0,0.0,0.029527243226766586,False,False,
s-010,after_common_greedy_prefix,5,200,0,-0.5494084429999475,0.0,0.0,0.0,478.0461106640287,0.0,-0.5494084429999475,0.0,0.0,0.0,0.0036816559731960297,False,True,
s-010,after_common_greedy_prefix,5,200,1,-0.5494084429999475,0.0,0.0,0.0,478.0461106640287,0.0,-0.5494084429999475,0.0,0.0,0.0,0.003584478050470352,False,True,
s-010,after_common_greedy_prefix,5,1000,0,-0.5494084429999475,0.0,0.0,0.0,478.0461106640287,0.0,-0.5494084429999475,0.0,0.0,0.0,0.0036165565252304077,False,True,
s-010,after_common_greedy_prefix,5,1000,1,-0.5494084429999475,0.0,0.0,0.0,478.0461106640287,0.0,-0.5494084429999475,0.0,0.0,0.0,0.0035669058561325073,False,True,
s-010,after_common_greedy_prefix,5,50,0,-0.5494084429999475,0.0,0.0,0.0,478.0461106640287,0.0,-0.5494084429999475,0.0,0.0,0.0,0.0035382360219955444,False,True,
s-010,after_common_greedy_prefix,5,50,1,-0.5494084429999475,0.0,0.0,0.0,478.0461106640287,0.0,-0.5494084429999475,0.0,0.0,0.0,0.0035628341138362885,False,True,
s-010,after_common_greedy_prefix,5,10,0,-0.5494084429999475,0.0,0.0,0.0,478.0461106640287,0.0,-0.5494084429999475,0.0,0.0,0.0,0.003527361899614334,False,True,
s-010,after_common_greedy_prefix,5,10,1,-0.5494084429999475,0.0,0.0,0.0,478.0461106640287,0.0,-0.5494084429999475,0.0,0.0,0.0,0.003538563847541809,False,True,
s-010,after_common_greedy_prefix,6,200,0,-7481.376999475,7715.30268085,14601.396820745,6044.256256836355,478.0461106640287,8557.630498848,1076.2534993730005,0.10917625047799173,598.2073887089718,0.0008233899883011201,0.21752813458442688,False,False,0.21752813458442688
s-010,after_common_greedy_prefix,6,200,1,-7481.376999475,7715.30268085,14601.396820745,6044.256256836355,478.0461106640287,8557.630498848,1076.2534993730005,0.10917625047799173,598.2073887089718,0.0008233899883011201,0.2177499607205391,False,False,0.2177499607205391
s-010,after_common_greedy_prefix,6,1000,0,-7481.376999475,7715.30268085,14601.396820745,6044.256256836355,478.0461106640287,8557.630498848,1076.2534993730005,0.10917625047799173,598.2073887089718,0.0008233899883011201,1.0189553648233414,False,False,1.0189553648233414
s-010,after_common_greedy_prefix,6,1000,1,-7481.376999475,7715.30268085,14601.396820745,6044.256256836355,478.0461106640287,8557.630498848,1076.2534993730005,0.10917625047799173,598.2073887089718,0.0008233899883011201,1.0180859379470348,False,False,1.0180859379470348
s-010,after_common_greedy_prefix,6,50,0,-7481.376999475,7715.30268085,14601.396820745,6044.256256836355,478.0461106640287,8557.630498848,1076.2534993730005,0.10917625047799173,598.2073887089718,0.0008233899883011201,0.0678083784878254,False,False,0.0678083784878254
s-010,after_common_greedy_prefix,6,50,1,-7481.376999475,7715.30268085,14601.396820745,6044.256256836355,478.0461106640287,8557.630498848,1076.2534993730005,0.10917625047799173,598.2073887089718,0.0008233899883011201,0.06717415153980255,False,False,0.06717415153980255
s-010,after_common_greedy_prefix,6,10,0,-7481.376999475,7715.30268085,14601.396820745,6044.256256836355,478.0461106640287,8557.630498848,1076.2534993730005,0.10917625047799173,598.2073887089718,0.0008233899883011201,0.02743087336421013,False,False,0.02743087336421013
s-010,after_common_greedy_prefix,6,10,1,-7481.376999475,7715.30268085,14601.396820745,6044.256256836355,478.0461106640287,8557.630498848,1076.2534993730005,0.10917625047799173,598.2073887089718,0.0008233899883011201,0.02788989618420601,False,False,0.02788989618420601
s-010,after_common_greedy_prefix,7,200,0,-36597.626297219,36597.076888776,67508.891597683,32514.953622285982,478.0461106640287,37507.651681227,910.0253840079968,0.02488107985286292,431.9792733439681,0.0005945887923461579,0.22062944620847702,False,False,0.22062944620847702
s-010,after_common_greedy_prefix,7,200,1,-36597.626297219,36597.076888776,67508.891597683,32514.953622285982,478.0461106640287,37507.651681227,910.0253840079968,0.02488107985286292,431.9792733439681,0.0005945887923461579,0.21931647136807442,False,False,0.21931647136807442
s-010,after_common_greedy_prefix,7,1000,0,-36597.626297219,36597.076888776,67508.891597683,32514.953622285982,478.0461106640287,37507.651681227,910.0253840079968,0.02488107985286292,431.9792733439681,0.0005945887923461579,1.0202020108699799,False,False,1.0202020108699799
s-010,after_common_greedy_prefix,7,1000,1,-36597.626297219,36597.076888776,67508.891597683,32514.953622285982,478.0461106640287,37507.651681227,910.0253840079968,0.02488107985286292,431.9792733439681,0.0005945887923461579,1.01974593475461,False,False,1.01974593475461
s-010,after_common_greedy_prefix,7,50,0,-36597.626297219,36597.076888776,67508.891597683,32514.953622285982,478.0461106640287,37339.155108624,741.5288114049981,0.020276980648025196,263.48270074096945,0.00036266522609970664,0.06936856359243393,False,False,0.06936856359243393
s-010,after_common_greedy_prefix,7,50,1,-36597.626297219,36597.076888776,67508.891597683,32514.953622285982,478.0461106640287,37339.155108624,741.5288114049981,0.020276980648025196,263.48270074096945,0.00036266522609970664,0.06993719562888145,False,False,0.06993719562888145
s-010,after_common_greedy_prefix,7,10,0,-36597.626297219,36597.076888776,67508.891597683,32514.953622285982,478.0461106640287,37339.155108624,741.5288114049981,0.020276980648025196,263.48270074096945,0.00036266522609970664,0.028895791620016098,False,False,0.028895791620016098
s-010,after_common_greedy_prefix,7,10,1,-36597.626297219,36597.076888776,67508.891597683,32514.953622285982,478.0461106640287,37339.155108624,741.5288114049981,0.020276980648025196,263.48270074096945,0.00036266522609970664,0.02896348014473915,False,False,0.02896348014473915
s-010,after_common_greedy_prefix,8,200,0,-3.0773249540002325,246.6483458,246.6483458,246.6483458,478.0461106640287,246.6483458,243.57102084599975,0.0,0.0,0.0,0.21488963440060616,False,True,
s-010,after_common_greedy_prefix,8,200,1,-3.0773249540002325,246.6483458,246.6483458,246.6483458,478.0461106640287,246.6483458,243.57102084599975,0.0,0.0,0.0,0.21520249173045158,False,True,
s-010,after_common_greedy_prefix,8,1000,0,-3.0773249540002325,246.6483458,246.6483458,246.6483458,478.0461106640287,246.6483458,243.57102084599975,0.0,0.0,0.0,1.0151274353265762,False,True,
s-010,after_common_greedy_prefix,8,1000,1,-3.0773249540002325,246.6483458,246.6483458,246.6483458,478.0461106640287,246.6483458,243.57102084599975,0.0,0.0,0.0,1.0152355059981346,False,True,
s-010,after_common_greedy_prefix,8,50,0,-3.0773249540002325,246.6483458,246.6483458,246.6483458,478.0461106640287,246.6483458,243.57102084599975,0.0,0.0,0.0,0.06489235907793045,False,True,
s-010,after_common_greedy_prefix,8,50,1,-3.0773249540002325,246.6483458,246.6483458,246.6483458,478.0461106640287,246.6483458,243.57102084599975,0.0,0.0,0.0,0.06459691375494003,False,True,
s-010,after_common_greedy_prefix,8,10,0,-3.0773249540002325,246.6483458,246.6483458,246.6483458,478.0461106640287,246.6483458,243.57102084599975,0.0,0.0,0.0,0.025113113224506378,False,True,
s-010,after_common_greedy_prefix,8,10,1,-3.0773249540002325,246.6483458,246.6483458,246.6483458,478.0461106640287,246.6483458,243.57102084599975,0.0,0.0,0.0,0.02495167776942253,False,True,
s-010,after_common_greedy_prefix,9,200,0,-7822.91834353,8300.964454194,15187.058594089,6501.740097439854,478.0461106640287,9143.292272192,1320.3739286620003,0.10147348812852956,842.3278179979716,0.001159404422776993,0.21670642495155334,False,False,0.21670642495155334
s-010,after_common_greedy_prefix,9,200,1,-7822.91834353,8300.964454194,15187.058594089,6501.740097439854,478.0461106640287,9143.292272192,1320.3739286620003,0.10147348812852956,842.3278179979716,0.001159404422776993,0.21818310394883156,False,False,0.21818310394883156
s-010,after_common_greedy_prefix,9,1000,0,-7822.91834353,8300.964454194,15187.058594089,6501.740097439854,478.0461106640287,9143.292272192,1320.3739286620003,0.10147348812852956,842.3278179979716,0.001159404422776993,1.0187944956123829,False,False,1.0187944956123829
s-010,after_common_greedy_prefix,9,1000,1,-7822.91834353,8300.964454194,15187.058594089,6501.740097439854,478.0461106640287,9143.292272192,1320.3739286620003,0.10147348812852956,842.3278179979716,0.001159404422776993,1.0190175846219063,False,False,1.0190175846219063
s-010,after_common_greedy_prefix,9,50,0,-7822.91834353,8300.964454194,15187.058594089,6501.740097439854,478.0461106640287,9143.292272192,1320.3739286620003,0.10147348812852956,842.3278179979716,0.001159404422776993,0.0679464265704155,False,False,0.0679464265704155
s-010,after_common_greedy_prefix,9,50,1,-7822.91834353,8300.964454194,15187.058594089,6501.740097439854,478.0461106640287,9143.292272192,1320.3739286620003,0.10147348812852956,842.3278179979716,0.001159404422776993,0.06666873395442963,False,False,0.06666873395442963
s-010,after_common_greedy_prefix,9,10,0,-7822.91834353,8300.964454194,15187.058594089,6501.740097439854,478.0461106640287,9143.292272192,1320.3739286620003,0.10147348812852956,842.3278179979716,0.001159404422776993,0.026415415108203888,False,False,0.026415415108203888
s-010,after_common_greedy_prefix,9,10,1,-7822.91834353,8300.964454194,15187.058594089,6501.740097439854,478.0461106640287,9143.292272192,1320.3739286620003,0.10147348812852956,842.3278179979716,0.001159404422776993,0.02562630921602249,False,False,0.02562630921602249
s-010,after_common_greedy_prefix,10,200,0,-34837.523295194,35286.098616072,55996.197028391,29763.971101970703,478.0461106640287,36206.806602103,1369.2833069090048,0.02609265467539228,891.2371962449761,0.001226724708588789,0.2174963653087616,False,False,0.2174963653087616
s-010,after_common_greedy_prefix,10,200,1,-34837.523295194,35286.098616072,55996.197028391,29763.971101970703,478.0461106640287,36206.806602103,1369.2833069090048,0.02609265467539228,891.2371962449761,0.001226724708588789,0.21876102313399315,False,False,0.21876102313399315
s-010,after_common_greedy_prefix,10,1000,0,-34837.523295194,35286.098616072,55996.197028391,29763.971101970703,478.0461106640287,36206.806602103,1369.2833069090048,0.02609265467539228,891.2371962449761,0.001226724708588789,1.0191558003425598,False,False,1.0191558003425598
s-010,after_common_greedy_prefix,10,1000,1,-34837.523295194,35286.098616072,55996.197028391,29763.971101970703,478.0461106640287,36206.806602103,1369.2833069090048,0.02609265467539228,891.2371962449761,0.001226724708588789,1.020395077764988,False,False,1.020395077764988
s-010,after_common_greedy_prefix,10,50,0,-34837.523295194,35286.098616072,55996.197028391,29763.971101970703,478.0461106640287,36206.806602103,1369.2833069090048,0.02609265467539228,891.2371962449761,0.001226724708588789,0.07010839134454727,False,False,0.07010839134454727
s-010,after_common_greedy_prefix,10,50,1,-34837.523295194,35286.098616072,55996.197028391,29763.971101970703,478.0461106640287,36206.806602103,1369.2833069090048,0.02609265467539228,891.2371962449761,0.001226724708588789,0.06994089856743813,False,False,0.06994089856743813
s-010,after_common_greedy_prefix,10,10,0,-34837.523295194,35286.098616072,55996.197028391,29763.971101970703,478.0461106640287,36206.806602103,1369.2833069090048,0.02609265467539228,891.2371962449761,0.001226724708588789,0.028211239725351334,False,False,0.028211239725351334
s-010,after_common_greedy_prefix,10,10,1,-34837.523295194,35286.098616072,55996.197028391,29763.971101970703,478.0461106640287,36206.806602103,1369.2833069090048,0.02609265467539228,891.2371962449761,0.001226724708588789,0.026318177580833435,False,False,0.026318177580833435
s-011,after_one_actual_history_call,0,200,0,-9833.98248332,9833.98248332,21526.606061561,7644.533519944252,478.0461106640287,10697.888953938,863.9064706179997,0.08784909593680106,385.86035995397106,0.0005311093832425631,0.2210811749100685,False,False,0.2210811749100685
s-011,after_one_actual_history_call,0,200,1,-9833.98248332,9833.98248332,21526.606061561,7644.533519944252,478.0461106640287,10697.888953938,863.9064706179997,0.08784909593680106,385.86035995397106,0.0005311093832425631,0.2180165760219097,False,False,0.2180165760219097
s-011,after_one_actual_history_call,0,1000,0,-9833.98248332,9833.98248332,21526.606061561,7644.533519944252,478.0461106640287,10697.888953938,863.9064706179997,0.08784909593680106,385.86035995397106,0.0005311093832425631,1.0187473185360432,False,False,1.0187473185360432
s-011,after_one_actual_history_call,0,1000,1,-9833.98248332,9833.98248332,21526.606061561,7644.533519944252,478.0461106640287,10697.888953938,863.9064706179997,0.08784909593680106,385.86035995397106,0.0005311093832425631,1.019860327243805,False,False,1.019860327243805
s-011,after_one_actual_history_call,0,50,0,-9833.98248332,9833.98248332,21526.606061561,7644.533519944252,478.0461106640287,10697.888953938,863.9064706179997,0.08784909593680106,385.86035995397106,0.0005311093832425631,0.06863928213715553,False,False,0.06863928213715553
s-011,after_one_actual_history_call,0,50,1,-9833.98248332,9833.98248332,21526.606061561,7644.533519944252,478.0461106640287,10697.888953938,863.9064706179997,0.08784909593680106,385.86035995397106,0.0005311093832425631,0.06749531999230385,False,False,0.06749531999230385
s-011,after_one_actual_history_call,0,10,0,-9833.98248332,9833.98248332,21526.606061561,7644.533519944252,478.0461106640287,10697.888953938,863.9064706179997,0.08784909593680106,385.86035995397106,0.0005311093832425631,0.027968697249889374,False,False,0.027968697249889374
s-011,after_one_actual_history_call,0,10,1,-9833.98248332,9833.98248332,21526.606061561,7644.533519944252,478.0461106640287,10697.888953938,863.9064706179997,0.08784909593680106,385.86035995397106,0.0005311093832425631,0.02694867178797722,False,False,0.02694867178797722
s-011,after_one_actual_history_call,1,200,0,-35815.183425817,35815.183425817,57507.507858221,31665.546029507906,478.0461106640287,36681.748231442,866.5648056249993,0.024195459096835036,388.5186949609706,0.000534768392595553,0.2202291078865528,False,False,0.2202291078865528
s-011,after_one_actual_history_call,1,200,1,-35815.183425817,35815.183425817,57507.507858221,31665.546029507906,478.0461106640287,36681.748231442,866.5648056249993,0.024195459096835036,388.5186949609706,0.000534768392595553,0.21990558877587318,False,False,0.21990558877587318
s-011,after_one_actual_history_call,1,1000,0,-35815.183425817,35815.183425817,57507.507858221,31665.546029507906,478.0461106640287,36681.748231442,866.5648056249993,0.024195459096835036,388.5186949609706,0.000534768392595553,1.0203130170702934,False,False,1.0203130170702934
s-011,after_one_actual_history_call,1,1000,1,-35815.183425817,35815.183425817,57507.507858221,31665.546029507906,478.0461106640287,36681.748231442,866.5648056249993,0.024195459096835036,388.5186949609706,0.000534768392595553,1.0206818766891956,False,False,1.0206818766891956
s-011,after_one_actual_history_call,1,50,0,-35815.183425817,35815.183425817,57507.507858221,31665.546029507906,478.0461106640287,36584.281991676,769.0985658589998,0.02147409261359815,291.0524551949711,0.00040061303521376134,0.07031574100255966,False,False,0.07031574100255966
s-011,after_one_actual_history_call,1,50,1,-35815.183425817,35815.183425817,57507.507858221,31665.546029507906,478.0461106640287,36584.281991676,769.0985658589998,0.02147409261359815,291.0524551949711,0.00040061303521376134,0.07029389217495918,False,False,0.07029389217495918
s-011,after_one_actual_history_call,1,10,0,-35815.183425817,35815.183425817,57507.507858221,31665.546029507906,478.0461106640287,36584.281991676,769.0985658589998,0.02147409261359815,291.0524551949711,0.00040061303521376134,0.028358694165945053,False,False,0.028358694165945053
s-011,after_one_actual_history_call,1,10,1,-35815.183425817,35815.183425817,57507.507858221,31665.546029507906,478.0461106640287,36584.281991676,769.0985658589998,0.02147409261359815,291.0524551949711,0.00040061303521376134,0.027111902832984924,False,False,0.027111902832984924
s-011,after_one_actual_history_call,2,200,0,-0.07629785100004938,0.0,0.0,0.0,478.0461106640287,0.0,-0.07629785100004938,0.0,0.0,0.0,0.0035762712359428406,False,True,
s-011,after_one_actual_history_call,2,200,1,-0.07629785100004938,0.0,0.0,0.0,478.0461106640287,0.0,-0.07629785100004938,0.0,0.0,0.0,0.0037175677716732025,False,True,
s-011,after_one_actual_history_call,2,1000,0,-0.07629785100004938,0.0,0.0,0.0,478.0461106640287,0.0,-0.07629785100004938,0.0,0.0,0.0,0.003712635487318039,False,True,
s-011,after_one_actual_history_call,2,1000,1,-0.07629785100004938,0.0,0.0,0.0,478.0461106640287,0.0,-0.07629785100004938,0.0,0.0,0.0,0.00374554842710495,False,True,
s-011,after_one_actual_history_call,2,50,0,-0.07629785100004938,0.0,0.0,0.0,478.0461106640287,0.0,-0.07629785100004938,0.0,0.0,0.0,0.003595154732465744,False,True,
s-011,after_one_actual_history_call,2,50,1,-0.07629785100004938,0.0,0.0,0.0,478.0461106640287,0.0,-0.07629785100004938,0.0,0.0,0.0,0.0035803504288196564,False,True,
s-011,after_one_actual_history_call,2,10,0,-0.07629785100004938,0.0,0.0,0.0,478.0461106640287,0.0,-0.07629785100004938,0.0,0.0,0.0,0.0035558752715587616,False,True,
s-011,after_one_actual_history_call,2,10,1,-0.07629785100004938,0.0,0.0,0.0,478.0461106640287,0.0,-0.07629785100004938,0.0,0.0,0.0,0.00356408953666687,False,True,
s-011,after_one_actual_history_call,3,200,0,-8575.574981990001,8789.055514255,10803.881724765999,6261.507773036187,478.0461106640287,8860.055507763,284.4805257729986,0.008078227904334476,0.0,0.0,0.2177298590540886,False,False,
s-011,after_one_actual_history_call,3,200,1,-8575.574981990001,8789.055514255,10803.881724765999,6261.507773036187,478.0461106640287,8860.055507763,284.4805257729986,0.008078227904334476,0.0,0.0,0.21730919182300568,False,False,
s-011,after_one_actual_history_call,3,1000,0,-8575.574981990001,8789.055514255,10803.881724765999,6261.507773036187,478.0461106640287,8860.055507763,284.4805257729986,0.008078227904334476,0.0,0.0,1.0175471492111683,False,False,
s-011,after_one_actual_history_call,3,1000,1,-8575.574981990001,8789.055514255,10803.881724765999,6261.507773036187,478.0461106640287,8860.055507763,284.4805257729986,0.008078227904334476,0.0,0.0,1.0187368653714657,False,False,
s-011,after_one_actual_history_call,3,50,0,-8575.574981990001,8789.055514255,10803.881724765999,6261.507773036187,478.0461106640287,8860.055507763,284.4805257729986,0.008078227904334476,0.0,0.0,0.06738439947366714,False,False,
s-011,after_one_actual_history_call,3,50,1,-8575.574981990001,8789.055514255,10803.881724765999,6261.507773036187,478.0461106640287,8860.055507763,284.4805257729986,0.008078227904334476,0.0,0.0,0.06812197342514992,False,False,
s-011,after_one_actual_history_call,3,10,0,-8575.574981990001,8789.055514255,10803.881724765999,6261.507773036187,478.0461106640287,8860.055507763,284.4805257729986,0.008078227904334476,0.0,0.0,0.027383975684642792,False,False,
s-011,after_one_actual_history_call,3,10,1,-8575.574981990001,8789.055514255,10803.881724765999,6261.507773036187,478.0461106640287,8860.055507763,284.4805257729986,0.008078227904334476,0.0,0.0,0.02710968255996704,False,False,
s-011,after_one_actual_history_call,4,200,0,-36551.874440482,36551.798142631,63857.26181639,30848.78398412825,478.0461106640287,36902.916687864,351.0422473819999,0.009606053958354708,0.0,0.0,0.2194131724536419,False,False,
s-011,after_one_actual_history_call,4,200,1,-36551.874440482,36551.798142631,63857.26181639,30848.78398412825,478.0461106640287,36902.916687864,351.0422473819999,0.009606053958354708,0.0,0.0,0.2197979800403118,False,False,
s-011,after_one_actual_history_call,4,1000,0,-36551.874440482,36551.798142631,63857.26181639,30848.78398412825,478.0461106640287,36902.916687864,351.0422473819999,0.009606053958354708,0.0,0.0,1.0189226232469082,False,False,
s-011,after_one_actual_history_call,4,1000,1,-36551.874440482,36551.798142631,63857.26181639,30848.78398412825,478.0461106640287,36902.916687864,351.0422473819999,0.009606053958354708,0.0,0.0,1.0196527428925037,False,False,
s-011,after_one_actual_history_call,4,50,0,-36551.874440482,36551.798142631,63857.26181639,30848.78398412825,478.0461106640287,36902.916687864,351.0422473819999,0.009606053958354708,0.0,0.0,0.06993202492594719,False,False,
s-011,after_one_actual_history_call,4,50,1,-36551.874440482,36551.798142631,63857.26181639,30848.78398412825,478.0461106640287,36902.916687864,351.0422473819999,0.009606053958354708,0.0,0.0,0.06985970214009285,False,False,
s-011,after_one_actual_history_call,4,10,0,-36551.874440482,36551.798142631,63857.26181639,30848.78398412825,478.0461106640287,36902.916687864,351.0422473819999,0.009606053958354708,0.0,0.0,0.029818296432495117,False,False,
s-011,after_one_actual_history_call,4,10,1,-36551.874440482,36551.798142631,63857.26181639,30848.78398412825,478.0461106640287,36902.916687864,351.0422473819999,0.009606053958354708,0.0,0.0,0.029757395386695862,False,False,
s-011,after_one_actual_history_call,5,200,0,-0.5494084429999475,0.0,0.0,0.0,478.0461106640287,0.0,-0.5494084429999475,0.0,0.0,0.0,0.002315312623977661,False,True,
s-011,after_one_actual_history_call,5,200,1,-0.5494084429999475,0.0,0.0,0.0,478.0461106640287,0.0,-0.5494084429999475,0.0,0.0,0.0,0.0022765472531318665,False,True,
s-011,after_one_actual_history_call,5,1000,0,-0.5494084429999475,0.0,0.0,0.0,478.0461106640287,0.0,-0.5494084429999475,0.0,0.0,0.0,0.0035333260893821716,False,True,
s-011,after_one_actual_history_call,5,1000,1,-0.5494084429999475,0.0,0.0,0.0,478.0461106640287,0.0,-0.5494084429999475,0.0,0.0,0.0,0.0035412386059761047,False,True,
s-011,after_one_actual_history_call,5,50,0,-0.5494084429999475,0.0,0.0,0.0,478.0461106640287,0.0,-0.5494084429999475,0.0,0.0,0.0,0.0035384036600589752,False,True,
s-011,after_one_actual_history_call,5,50,1,-0.5494084429999475,0.0,0.0,0.0,478.0461106640287,0.0,-0.5494084429999475,0.0,0.0,0.0,0.0035317353904247284,False,True,
s-011,after_one_actual_history_call,5,10,0,-0.5494084429999475,0.0,0.0,0.0,478.0461106640287,0.0,-0.5494084429999475,0.0,0.0,0.0,0.0035792067646980286,False,True,
s-011,after_one_actual_history_call,5,10,1,-0.5494084429999475,0.0,0.0,0.0,478.0461106640287,0.0,-0.5494084429999475,0.0,0.0,0.0,0.00355544313788414,False,True,
s-011,after_one_actual_history_call,6,200,0,-7481.376999475,7715.30268085,14601.396820745,6044.256256836355,478.0461106640287,8557.630498848,1076.2534993730005,0.10917625047799173,598.2073887089718,0.0008233899883011201,0.21781058982014656,False,False,0.21781058982014656
s-011,after_one_actual_history_call,6,200,1,-7481.376999475,7715.30268085,14601.396820745,6044.256256836355,478.0461106640287,8557.630498848,1076.2534993730005,0.10917625047799173,598.2073887089718,0.0008233899883011201,0.21835753321647644,False,False,0.21835753321647644
s-011,after_one_actual_history_call,6,1000,0,-7481.376999475,7715.30268085,14601.396820745,6044.256256836355,478.0461106640287,8557.630498848,1076.2534993730005,0.10917625047799173,598.2073887089718,0.0008233899883011201,1.0184805281460285,False,False,1.0184805281460285
s-011,after_one_actual_history_call,6,1000,1,-7481.376999475,7715.30268085,14601.396820745,6044.256256836355,478.0461106640287,8557.630498848,1076.2534993730005,0.10917625047799173,598.2073887089718,0.0008233899883011201,1.0179480239748955,False,False,1.0179480239748955
s-011,after_one_actual_history_call,6,50,0,-7481.376999475,7715.30268085,14601.396820745,6044.256256836355,478.0461106640287,8557.630498848,1076.2534993730005,0.10917625047799173,598.2073887089718,0.0008233899883011201,0.0671381913125515,False,False,0.0671381913125515
s-011,after_one_actual_history_call,6,50,1,-7481.376999475,7715.30268085,14601.396820745,6044.256256836355,478.0461106640287,8557.630498848,1076.2534993730005,0.10917625047799173,598.2073887089718,0.0008233899883011201,0.06788088381290436,False,False,0.06788088381290436
s-011,after_one_actual_history_call,6,10,0,-7481.376999475,7715.30268085,14601.396820745,6044.256256836355,478.0461106640287,8557.630498848,1076.2534993730005,0.10917625047799173,598.2073887089718,0.0008233899883011201,0.027990709990262985,False,False,0.027990709990262985
s-011,after_one_actual_history_call,6,10,1,-7481.376999475,7715.30268085,14601.396820745,6044.256256836355,478.0461106640287,8557.630498848,1076.2534993730005,0.10917625047799173,598.2073887089718,0.0008233899883011201,0.028243694454431534,False,False,0.028243694454431534
s-011,after_one_actual_history_call,7,200,0,-36597.626297219,36597.076888776,67508.891597683,32514.953622285982,478.0461106640287,37507.651681227,910.0253840079968,0.02488107985286292,431.9792733439681,0.0005945887923461579,0.22141222655773163,False,False,0.22141222655773163
s-011,after_one_actual_history_call,7,200,1,-36597.626297219,36597.076888776,67508.891597683,32514.953622285982,478.0461106640287,37507.651681227,910.0253840079968,0.02488107985286292,431.9792733439681,0.0005945887923461579,0.2200760692358017,False,False,0.2200760692358017
s-011,after_one_actual_history_call,7,1000,0,-36597.626297219,36597.076888776,67508.891597683,32514.953622285982,478.0461106640287,37507.651681227,910.0253840079968,0.02488107985286292,431.9792733439681,0.0005945887923461579,1.0200132429599762,False,False,1.0200132429599762
s-011,after_one_actual_history_call,7,1000,1,-36597.626297219,36597.076888776,67508.891597683,32514.953622285982,478.0461106640287,37507.651681227,910.0253840079968,0.02488107985286292,431.9792733439681,0.0005945887923461579,1.020070943981409,False,False,1.020070943981409
s-011,after_one_actual_history_call,7,50,0,-36597.626297219,36597.076888776,67508.891597683,32514.953622285982,478.0461106640287,37339.155108624,741.5288114049981,0.020276980648025196,263.48270074096945,0.00036266522609970664,0.06929941102862358,False,False,0.06929941102862358
s-011,after_one_actual_history_call,7,50,1,-36597.626297219,36597.076888776,67508.891597683,32514.953622285982,478.0461106640287,37339.155108624,741.5288114049981,0.020276980648025196,263.48270074096945,0.00036266522609970664,0.06974955648183823,False,False,0.06974955648183823
s-011,after_one_actual_history_call,7,10,0,-36597.626297219,36597.076888776,67508.891597683,32514.953622285982,478.0461106640287,37339.155108624,741.5288114049981,0.020276980648025196,263.48270074096945,0.00036266522609970664,0.02914801612496376,False,False,0.02914801612496376
s-011,after_one_actual_history_call,7,10,1,-36597.626297219,36597.076888776,67508.891597683,32514.953622285982,478.0461106640287,37339.155108624,741.5288114049981,0.020276980648025196,263.48270074096945,0.00036266522609970664,0.028851572424173355,False,False,0.028851572424173355
s-011,after_one_actual_history_call,8,200,0,-3.0773249540002325,246.6483458,246.6483458,246.6483458,478.0461106640287,246.6483458,243.57102084599975,0.0,0.0,0.0,0.21503332629799843,False,True,
s-011,after_one_actual_history_call,8,200,1,-3.0773249540002325,246.6483458,246.6483458,246.6483458,478.0461106640287,246.6483458,243.57102084599975,0.0,0.0,0.0,0.2153140790760517,False,True,
s-011,after_one_actual_history_call,8,1000,0,-3.0773249540002325,246.6483458,246.6483458,246.6483458,478.0461106640287,246.6483458,243.57102084599975,0.0,0.0,0.0,1.0156807415187359,False,True,
s-011,after_one_actual_history_call,8,1000,1,-3.0773249540002325,246.6483458,246.6483458,246.6483458,478.0461106640287,246.6483458,243.57102084599975,0.0,0.0,0.0,1.0154386535286903,False,True,
s-011,after_one_actual_history_call,8,50,0,-3.0773249540002325,246.6483458,246.6483458,246.6483458,478.0461106640287,246.6483458,243.57102084599975,0.0,0.0,0.0,0.06651325896382332,False,True,
s-011,after_one_actual_history_call,8,50,1,-3.0773249540002325,246.6483458,246.6483458,246.6483458,478.0461106640287,246.6483458,243.57102084599975,0.0,0.0,0.0,0.06564328074455261,False,True,
s-011,after_one_actual_history_call,8,10,0,-3.0773249540002325,246.6483458,246.6483458,246.6483458,478.0461106640287,246.6483458,243.57102084599975,0.0,0.0,0.0,0.024577368050813675,False,True,
s-011,after_one_actual_history_call,8,10,1,-3.0773249540002325,246.6483458,246.6483458,246.6483458,478.0461106640287,246.6483458,243.57102084599975,0.0,0.0,0.0,0.023738816380500793,False,True,
s-011,after_one_actual_history_call,9,200,0,-7822.91834353,8300.964454194,15187.058594089,6501.740097439854,478.0461106640287,9143.292272192,1320.3739286620003,0.10147348812852956,842.3278179979716,0.001159404422776993,0.21701324731111526,False,False,0.21701324731111526
s-011,after_one_actual_history_call,9,200,1,-7822.91834353,8300.964454194,15187.058594089,6501.740097439854,478.0461106640287,9143.292272192,1320.3739286620003,0.10147348812852956,842.3278179979716,0.001159404422776993,0.21956075727939606,False,False,0.21956075727939606
s-011,after_one_actual_history_call,9,1000,0,-7822.91834353,8300.964454194,15187.058594089,6501.740097439854,478.0461106640287,9143.292272192,1320.3739286620003,0.10147348812852956,842.3278179979716,0.001159404422776993,1.0185265429317951,False,False,1.0185265429317951
s-011,after_one_actual_history_call,9,1000,1,-7822.91834353,8300.964454194,15187.058594089,6501.740097439854,478.0461106640287,9143.292272192,1320.3739286620003,0.10147348812852956,842.3278179979716,0.001159404422776993,1.017498105764389,False,False,1.017498105764389
s-011,after_one_actual_history_call,9,50,0,-7822.91834353,8300.964454194,15187.058594089,6501.740097439854,478.0461106640287,9143.292272192,1320.3739286620003,0.10147348812852956,842.3278179979716,0.001159404422776993,0.06963596120476723,False,False,0.06963596120476723
s-011,after_one_actual_history_call,9,50,1,-7822.91834353,8300.964454194,15187.058594089,6501.740097439854,478.0461106640287,9143.292272192,1320.3739286620003,0.10147348812852956,842.3278179979716,0.001159404422776993,0.06885508820414543,False,False,0.06885508820414543
s-011,after_one_actual_history_call,9,10,0,-7822.91834353,8300.964454194,15187.058594089,6501.740097439854,478.0461106640287,9143.292272192,1320.3739286620003,0.10147348812852956,842.3278179979716,0.001159404422776993,0.028054609894752502,False,False,0.028054609894752502
s-011,after_one_actual_history_call,9,10,1,-7822.91834353,8300.964454194,15187.058594089,6501.740097439854,478.0461106640287,9143.292272192,1320.3739286620003,0.10147348812852956,842.3278179979716,0.001159404422776993,0.027189966291189194,False,False,0.027189966291189194
s-011,after_one_actual_history_call,10,200,0,-34837.523295194,35286.098616072,55996.197028391,29763.971101970703,478.0461106640287,36206.806602103,1369.2833069090048,0.02609265467539228,891.2371962449761,0.001226724708588789,0.2177676409482956,False,False,0.2177676409482956
s-011,after_one_actual_history_call,10,200,1,-34837.523295194,35286.098616072,55996.197028391,29763.971101970703,478.0461106640287,36206.806602103,1369.2833069090048,0.02609265467539228,891.2371962449761,0.001226724708588789,0.21925674751400948,False,False,0.21925674751400948
s-011,after_one_actual_history_call,10,1000,0,-34837.523295194,35286.098616072,55996.197028391,29763.971101970703,478.0461106640287,36206.806602103,1369.2833069090048,0.02609265467539228,891.2371962449761,0.001226724708588789,1.019126284867525,False,False,1.019126284867525
s-011,after_one_actual_history_call,10,1000,1,-34837.523295194,35286.098616072,55996.197028391,29763.971101970703,478.0461106640287,36206.806602103,1369.2833069090048,0.02609265467539228,891.2371962449761,0.001226724708588789,1.0197188183665276,False,False,1.0197188183665276
s-011,after_one_actual_history_call,10,50,0,-34837.523295194,35286.098616072,55996.197028391,29763.971101970703,478.0461106640287,36206.806602103,1369.2833069090048,0.02609265467539228,891.2371962449761,0.001226724708588789,0.0701005645096302,False,False,0.0701005645096302
s-011,after_one_actual_history_call,10,50,1,-34837.523295194,35286.098616072,55996.197028391,29763.971101970703,478.0461106640287,36206.806602103,1369.2833069090048,0.02609265467539228,891.2371962449761,0.001226724708588789,0.0695524774491787,False,False,0.0695524774491787
s-011,after_one_actual_history_call,10,10,0,-34837.523295194,35286.098616072,55996.197028391,29763.971101970703,478.0461106640287,36206.806602103,1369.2833069090048,0.02609265467539228,891.2371962449761,0.001226724708588789,0.029238317161798477,False,False,0.029238317161798477
s-011,after_one_actual_history_call,10,10,1,-34837.523295194,35286.098616072,55996.197028391,29763.971101970703,478.0461106640287,36206.806602103,1369.2833069090048,0.02609265467539228,891.2371962449761,0.001226724708588789,0.028736218810081482,False,False,0.028736218810081482
