snapshot_id,state_kind,action_index,workpoint_ms,repeat,q_seconds,L_seconds,U_seconds,P1_recovery_seconds,snapshot_best_gain_seconds,recovery_value_seconds,q_plus_recovery_seconds,local_delta,beyond_snapshot_gain_seconds,beyond_snapshot_global_fraction,complete_conditional_return_seconds,failed,zero_extra_gain,earliest_verified_more_than_snapshot_gain_seconds
s-000,after_common_greedy_prefix,0,200,0,-9042.427144628,9961.720752967,19438.764357115,7248.429814506279,1250.6095679820282,10011.45622076,969.0290761319993,0.004992658299339154,0.0,0.0,0.21929700672626495,False,False,
s-000,after_common_greedy_prefix,0,200,1,-9042.427144628,9961.720752967,19438.764357115,7248.429814506279,1250.6095679820282,10011.45622076,969.0290761319993,0.004992658299339154,0.0,0.0,0.2193102203309536,False,False,
s-000,after_common_greedy_prefix,0,1000,0,-9042.427144628,9961.720752967,19438.764357115,7248.429814506279,1250.6095679820282,10011.45622076,969.0290761319993,0.004992658299339154,0.0,0.0,1.0180406607687473,False,False,
s-000,after_common_greedy_prefix,0,1000,1,-9042.427144628,9961.720752967,19438.764357115,7248.429814506279,1250.6095679820282,10011.45622076,969.0290761319993,0.004992658299339154,0.0,0.0,1.0180002339184284,False,False,
s-000,after_common_greedy_prefix,0,50,0,-9042.427144628,9961.720752967,19438.764357115,7248.429814506279,1250.6095679820282,10011.45622076,969.0290761319993,0.004992658299339154,0.0,0.0,0.06884882599115372,False,False,
s-000,after_common_greedy_prefix,0,50,1,-9042.427144628,9961.720752967,19438.764357115,7248.429814506279,1250.6095679820282,10011.45622076,969.0290761319993,0.004992658299339154,0.0,0.0,0.06854593381285667,False,False,
s-000,after_common_greedy_prefix,0,10,0,-9042.427144628,9961.720752967,19438.764357115,7248.429814506279,1250.6095679820282,10011.45622076,969.0290761319993,0.004992658299339154,0.0,0.0,0.027439098805189133,False,False,
s-000,after_common_greedy_prefix,0,10,1,-9042.427144628,9961.720752967,19438.764357115,7248.429814506279,1250.6095679820282,10011.45622076,969.0290761319993,0.004992658299339154,0.0,0.0,0.02719629928469658,False,False,
s-000,after_common_greedy_prefix,1,200,0,-33818.74825994,33818.74825994,44805.336170065,26593.751001045723,1250.6095679820282,34670.505801925,851.7575419849964,0.025185957074406143,0.0,0.0,0.22079219296574593,False,False,
s-000,after_common_greedy_prefix,1,200,1,-33818.74825994,33818.74825994,44805.336170065,26593.751001045723,1250.6095679820282,34670.505801925,851.7575419849964,0.025185957074406143,0.0,0.0,0.2223452292382717,False,False,
s-000,after_common_greedy_prefix,1,1000,0,-33818.74825994,33818.74825994,44805.336170065,26593.751001045723,1250.6095679820282,34670.505801925,851.7575419849964,0.025185957074406143,0.0,0.0,1.0231718346476555,False,False,
s-000,after_common_greedy_prefix,1,1000,1,-33818.74825994,33818.74825994,44805.336170065,26593.751001045723,1250.6095679820282,34670.505801925,851.7575419849964,0.025185957074406143,0.0,0.0,1.0222535356879234,False,False,
s-000,after_common_greedy_prefix,1,50,0,-33818.74825994,33818.74825994,44805.336170065,26593.751001045723,1250.6095679820282,34670.505801925,851.7575419849964,0.025185957074406143,0.0,0.0,0.07254733145236969,False,False,
s-000,after_common_greedy_prefix,1,50,1,-33818.74825994,33818.74825994,44805.336170065,26593.751001045723,1250.6095679820282,34670.505801925,851.7575419849964,0.025185957074406143,0.0,0.0,0.07211995124816895,False,False,
s-000,after_common_greedy_prefix,1,10,0,-33818.74825994,33818.74825994,44805.336170065,26593.751001045723,1250.6095679820282,34670.505801925,851.7575419849964,0.025185957074406143,0.0,0.0,0.03157399967312813,False,False,
s-000,after_common_greedy_prefix,1,10,1,-33818.74825994,33818.74825994,44805.336170065,26593.751001045723,1250.6095679820282,34670.505801925,851.7575419849964,0.025185957074406143,0.0,0.0,0.029384281486272812,False,False,
s-000,after_common_greedy_prefix,2,200,0,-0.314675029,0.0,0.0,0.0,1250.6095679820282,0.0,-0.314675029,0.0,0.0,0.0,0.00475466251373291,False,True,
s-000,after_common_greedy_prefix,2,200,1,-0.314675029,0.0,0.0,0.0,1250.6095679820282,0.0,-0.314675029,0.0,0.0,0.0,0.004608474671840668,False,True,
s-000,after_common_greedy_prefix,2,1000,0,-0.314675029,0.0,0.0,0.0,1250.6095679820282,0.0,-0.314675029,0.0,0.0,0.0,0.004645824432373047,False,True,
s-000,after_common_greedy_prefix,2,1000,1,-0.314675029,0.0,0.0,0.0,1250.6095679820282,0.0,-0.314675029,0.0,0.0,0.0,0.004628416150808334,False,True,
s-000,after_common_greedy_prefix,2,50,0,-0.314675029,0.0,0.0,0.0,1250.6095679820282,0.0,-0.314675029,0.0,0.0,0.0,0.004588466137647629,False,True,
s-000,after_common_greedy_prefix,2,50,1,-0.314675029,0.0,0.0,0.0,1250.6095679820282,0.0,-0.314675029,0.0,0.0,0.0,0.004613086581230164,False,True,
s-000,after_common_greedy_prefix,2,10,0,-0.314675029,0.0,0.0,0.0,1250.6095679820282,0.0,-0.314675029,0.0,0.0,0.0,0.004679039120674133,False,True,
s-000,after_common_greedy_prefix,2,10,1,-0.314675029,0.0,0.0,0.0,1250.6095679820282,0.0,-0.314675029,0.0,0.0,0.0,0.004689093679189682,False,True,
s-000,after_common_greedy_prefix,3,200,0,-9480.923949217,9665.217336357,14281.557749478001,7758.333169628211,1250.6095679820282,10655.676249111,1174.7522998940003,0.10247663123189764,0.0,0.0,0.2175362966954708,False,False,
s-000,after_common_greedy_prefix,3,200,1,-9480.923949217,9665.217336357,14281.557749478001,7758.333169628211,1250.6095679820282,10655.676249111,1174.7522998940003,0.10247663123189764,0.0,0.0,0.21848855912685394,False,False,
s-000,after_common_greedy_prefix,3,1000,0,-9480.923949217,9665.217336357,14281.557749478001,7758.333169628211,1250.6095679820282,10655.676249111,1174.7522998940003,0.10247663123189764,0.0,0.0,1.0181946717202663,False,False,
s-000,after_common_greedy_prefix,3,1000,1,-9480.923949217,9665.217336357,14281.557749478001,7758.333169628211,1250.6095679820282,10655.676249111,1174.7522998940003,0.10247663123189764,0.0,0.0,1.017940379679203,False,False,
s-000,after_common_greedy_prefix,3,50,0,-9480.923949217,9665.217336357,14281.557749478001,7758.333169628211,1250.6095679820282,10655.676249111,1174.7522998940003,0.10247663123189764,0.0,0.0,0.06947683542966843,False,False,
s-000,after_common_greedy_prefix,3,50,1,-9480.923949217,9665.217336357,14281.557749478001,7758.333169628211,1250.6095679820282,10655.676249111,1174.7522998940003,0.10247663123189764,0.0,0.0,0.06879677623510361,False,False,
s-000,after_common_greedy_prefix,3,10,0,-9480.923949217,9665.217336357,14281.557749478001,7758.333169628211,1250.6095679820282,10655.676249111,1174.7522998940003,0.10247663123189764,0.0,0.0,0.0690346322953701,False,False,
s-000,after_common_greedy_prefix,3,10,1,-9480.923949217,9665.217336357,14281.557749478001,7758.333169628211,1250.6095679820282,10655.676249111,1174.7522998940003,0.10247663123189764,0.0,0.0,0.02747270092368126,False,False,
s-000,after_common_greedy_prefix,4,200,0,-35313.96713664199,35313.652461613,43015.500963799,28754.799708266597,1250.6095679820282,35960.343413951,646.3762773090057,0.018312774444415637,0.0,0.0,0.22060741111636162,False,False,
s-000,after_common_greedy_prefix,4,200,1,-35313.96713664199,35313.652461613,43015.500963799,28754.799708266597,1250.6095679820282,35960.343413951,646.3762773090057,0.018312774444415637,0.0,0.0,0.22193646058440208,False,False,
s-000,after_common_greedy_prefix,4,1000,0,-35313.96713664199,35313.652461613,43015.500963799,28754.799708266597,1250.6095679820282,35960.343413951,646.3762773090057,0.018312774444415637,0.0,0.0,1.0204929858446121,False,False,
s-000,after_common_greedy_prefix,4,1000,1,-35313.96713664199,35313.652461613,43015.500963799,28754.799708266597,1250.6095679820282,35960.343413951,646.3762773090057,0.018312774444415637,0.0,0.0,1.0200800150632858,False,False,
s-000,after_common_greedy_prefix,4,50,0,-35313.96713664199,35313.652461613,43015.500963799,28754.799708266597,1250.6095679820282,35960.343413951,646.3762773090057,0.018312774444415637,0.0,0.0,0.07064055651426315,False,False,
s-000,after_common_greedy_prefix,4,50,1,-35313.96713664199,35313.652461613,43015.500963799,28754.799708266597,1250.6095679820282,35960.343413951,646.3762773090057,0.018312774444415637,0.0,0.0,0.07244103774428368,False,False,
s-000,after_common_greedy_prefix,4,10,0,-35313.96713664199,35313.652461613,43015.500963799,28754.799708266597,1250.6095679820282,35960.343413951,646.3762773090057,0.018312774444415637,0.0,0.0,0.03184443339705467,False,False,
s-000,after_common_greedy_prefix,4,10,1,-35313.96713664199,35313.652461613,43015.500963799,28754.799708266597,1250.6095679820282,35960.343413951,646.3762773090057,0.018312774444415637,0.0,0.0,0.029606420546770096,False,False,
s-000,after_common_greedy_prefix,5,200,0,-0.8119089150000036,815.267290819,815.267290819,815.267290819,1250.6095679820282,815.267290819,814.455381904,0.0,0.0,0.0,0.21585722267627716,False,True,
s-000,after_common_greedy_prefix,5,200,1,-0.8119089150000036,815.267290819,815.267290819,815.267290819,1250.6095679820282,815.267290819,814.455381904,0.0,0.0,0.0,0.21714918315410614,False,True,
s-000,after_common_greedy_prefix,5,1000,0,-0.8119089150000036,815.267290819,815.267290819,815.267290819,1250.6095679820282,815.267290819,814.455381904,0.0,0.0,0.0,1.0163034163415432,False,True,
s-000,after_common_greedy_prefix,5,1000,1,-0.8119089150000036,815.267290819,815.267290819,815.267290819,1250.6095679820282,815.267290819,814.455381904,0.0,0.0,0.0,1.0161454007029533,False,True,
s-000,after_common_greedy_prefix,5,50,0,-0.8119089150000036,815.267290819,815.267290819,815.267290819,1250.6095679820282,815.267290819,814.455381904,0.0,0.0,0.0,0.06644128262996674,False,True,
s-000,after_common_greedy_prefix,5,50,1,-0.8119089150000036,815.267290819,815.267290819,815.267290819,1250.6095679820282,815.267290819,814.455381904,0.0,0.0,0.0,0.06550652161240578,False,True,
s-000,after_common_greedy_prefix,5,10,0,-0.8119089150000036,815.267290819,815.267290819,815.267290819,1250.6095679820282,815.267290819,814.455381904,0.0,0.0,0.0,0.024963106960058212,False,True,
s-000,after_common_greedy_prefix,5,10,1,-0.8119089150000036,815.267290819,815.267290819,815.267290819,1250.6095679820282,815.267290819,814.455381904,0.0,0.0,0.0,0.02414647489786148,False,True,
s-000,after_common_greedy_prefix,6,200,0,-9191.097979323999,10441.707547306,14604.257436825,8281.24022597266,1250.6095679820282,11473.636946717,2282.538967393002,0.09882764813473856,1031.929399410974,0.0010769402664236264,0.21741416305303574,False,False,0.21741416305303574
s-000,after_common_greedy_prefix,6,200,1,-9191.097979323999,10441.707547306,14604.257436825,8281.24022597266,1250.6095679820282,11473.636946717,2282.538967393002,0.09882764813473856,1031.929399410974,0.0010769402664236264,0.2186502106487751,False,False,0.2186502106487751
s-000,after_common_greedy_prefix,6,1000,0,-9191.097979323999,10441.707547306,14604.257436825,8281.24022597266,1250.6095679820282,11473.636946717,2282.538967393002,0.09882764813473856,1031.929399410974,0.0010769402664236264,1.0179941356182098,False,False,1.0179941356182098
s-000,after_common_greedy_prefix,6,1000,1,-9191.097979323999,10441.707547306,14604.257436825,8281.24022597266,1250.6095679820282,11473.636946717,2282.538967393002,0.09882764813473856,1031.929399410974,0.0010769402664236264,1.0205655880272388,False,False,1.0205655880272388
s-000,after_common_greedy_prefix,6,50,0,-9191.097979323999,10441.707547306,14604.257436825,8281.24022597266,1250.6095679820282,11473.636946717,2282.538967393002,0.09882764813473856,1031.929399410974,0.0010769402664236264,0.07178220897912979,False,False,0.07178220897912979
s-000,after_common_greedy_prefix,6,50,1,-9191.097979323999,10441.707547306,14604.257436825,8281.24022597266,1250.6095679820282,11473.636946717,2282.538967393002,0.09882764813473856,1031.929399410974,0.0010769402664236264,0.0707000158727169,False,False,0.0707000158727169
s-000,after_common_greedy_prefix,6,10,0,-9191.097979323999,10441.707547306,14604.257436825,8281.24022597266,1250.6095679820282,11473.636946717,2282.538967393002,0.09882764813473856,1031.929399410974,0.0010769402664236264,0.03061814233660698,False,False,0.03061814233660698
s-000,after_common_greedy_prefix,6,10,1,-9191.097979323999,10441.707547306,14604.257436825,8281.24022597266,1250.6095679820282,11473.636946717,2282.538967393002,0.09882764813473856,1031.929399410974,0.0010769402664236264,0.03034711629152298,False,False,0.03034711629152298
s-000,after_common_greedy_prefix,7,200,0,-35722.074976301,35721.263067386,48585.576685591,28825.129393897027,1250.6095679820282,37792.011570338,2069.936594036997,0.05796963279393737,819.3270260549689,0.0008550645676258192,0.2239878848195076,False,False,0.2239878848195076
s-000,after_common_greedy_prefix,7,200,1,-35722.074976301,35721.263067386,48585.576685591,28825.129393897027,1250.6095679820282,37792.011570338,2069.936594036997,0.05796963279393737,819.3270260549689,0.0008550645676258192,0.22470541298389435,False,False,0.22470541298389435
s-000,after_common_greedy_prefix,7,1000,0,-35722.074976301,35721.263067386,48585.576685591,28825.129393897027,1250.6095679820282,37792.011570338,2069.936594036997,0.05796963279393737,819.3270260549689,0.0008550645676258192,1.0231645293533802,False,False,1.0231645293533802
s-000,after_common_greedy_prefix,7,1000,1,-35722.074976301,35721.263067386,48585.576685591,28825.129393897027,1250.6095679820282,37792.011570338,2069.936594036997,0.05796963279393737,819.3270260549689,0.0008550645676258192,1.0213930681347847,False,False,1.0213930681347847
s-000,after_common_greedy_prefix,7,50,0,-35722.074976301,35721.263067386,48585.576685591,28825.129393897027,1250.6095679820282,37792.011570338,2069.936594036997,0.05796963279393737,819.3270260549689,0.0008550645676258192,0.07049624249339104,False,False,0.07049624249339104
s-000,after_common_greedy_prefix,7,50,1,-35722.074976301,35721.263067386,48585.576685591,28825.129393897027,1250.6095679820282,37792.011570338,2069.936594036997,0.05796963279393737,819.3270260549689,0.0008550645676258192,0.07215286791324615,False,False,0.07215286791324615
s-000,after_common_greedy_prefix,7,10,0,-35722.074976301,35721.263067386,48585.576685591,28825.129393897027,1250.6095679820282,37792.011570338,2069.936594036997,0.05796963279393737,819.3270260549689,0.0008550645676258192,0.028854161500930786,False,False,0.028854161500930786
s-000,after_common_greedy_prefix,7,10,1,-35722.074976301,35721.263067386,48585.576685591,28825.129393897027,1250.6095679820282,37792.011570338,2069.936594036997,0.05796963279393737,819.3270260549689,0.0008550645676258192,0.028282474726438522,False,False,0.028282474726438522
s-000,after_common_greedy_prefix,8,200,0,-2.5450985160000528,815.267290819,815.267290819,815.267290819,1250.6095679820282,815.267290819,812.7221923029999,0.0,0.0,0.0,0.21667058765888214,False,True,
s-000,after_common_greedy_prefix,8,200,1,-2.5450985160000528,815.267290819,815.267290819,815.267290819,1250.6095679820282,815.267290819,812.7221923029999,0.0,0.0,0.0,0.2180471420288086,False,True,
s-000,after_common_greedy_prefix,8,1000,0,-2.5450985160000528,815.267290819,815.267290819,815.267290819,1250.6095679820282,815.267290819,812.7221923029999,0.0,0.0,0.0,1.0165040791034698,False,True,
s-000,after_common_greedy_prefix,8,1000,1,-2.5450985160000528,815.267290819,815.267290819,815.267290819,1250.6095679820282,815.267290819,812.7221923029999,0.0,0.0,0.0,1.0171807333827019,False,True,
s-000,after_common_greedy_prefix,8,50,0,-2.5450985160000528,815.267290819,815.267290819,815.267290819,1250.6095679820282,815.267290819,812.7221923029999,0.0,0.0,0.0,0.06596338376402855,False,True,
s-000,after_common_greedy_prefix,8,50,1,-2.5450985160000528,815.267290819,815.267290819,815.267290819,1250.6095679820282,815.267290819,812.7221923029999,0.0,0.0,0.0,0.06720859557390213,False,True,
s-000,after_common_greedy_prefix,8,10,0,-2.5450985160000528,815.267290819,815.267290819,815.267290819,1250.6095679820282,815.267290819,812.7221923029999,0.0,0.0,0.0,0.027205485850572586,False,True,
s-000,after_common_greedy_prefix,8,10,1,-2.5450985160000528,815.267290819,815.267290819,815.267290819,1250.6095679820282,815.267290819,812.7221923029999,0.0,0.0,0.0,0.026202965527772903,False,True,
s-000,after_common_greedy_prefix,9,200,0,-9755.714565526,10278.209709226,12643.932420422,7791.051912490517,1250.6095679820282,10943.480793974,1187.7662284480011,0.06472635834145667,0.0,0.0,0.21807797998189926,False,False,
s-000,after_common_greedy_prefix,9,200,1,-9755.714565526,10278.209709226,12643.932420422,7791.051912490517,1250.6095679820282,10943.480793974,1187.7662284480011,0.06472635834145667,0.0,0.0,0.21845266968011856,False,False,
s-000,after_common_greedy_prefix,9,1000,0,-9755.714565526,10278.209709226,12643.932420422,7791.051912490517,1250.6095679820282,10943.480793974,1187.7662284480011,0.06472635834145667,0.0,0.0,1.0191389173269272,False,False,
s-000,after_common_greedy_prefix,9,1000,1,-9755.714565526,10278.209709226,12643.932420422,7791.051912490517,1250.6095679820282,10943.480793974,1187.7662284480011,0.06472635834145667,0.0,0.0,1.0182846710085869,False,False,
s-000,after_common_greedy_prefix,9,50,0,-9755.714565526,10278.209709226,12643.932420422,7791.051912490517,1250.6095679820282,10943.480793974,1187.7662284480011,0.06472635834145667,0.0,0.0,0.06753737106919289,False,False,
s-000,after_common_greedy_prefix,9,50,1,-9755.714565526,10278.209709226,12643.932420422,7791.051912490517,1250.6095679820282,10943.480793974,1187.7662284480011,0.06472635834145667,0.0,0.0,0.06764892116189003,False,False,
s-000,after_common_greedy_prefix,9,10,0,-9755.714565526,10278.209709226,12643.932420422,7791.051912490517,1250.6095679820282,10943.480793974,1187.7662284480011,0.06472635834145667,0.0,0.0,0.02716948464512825,False,False,
s-000,after_common_greedy_prefix,9,10,1,-9755.714565526,10278.209709226,12643.932420422,7791.051912490517,1250.6095679820282,10943.480793974,1187.7662284480011,0.06472635834145667,0.0,0.0,0.027574535459280014,False,False,
s-000,after_common_greedy_prefix,10,200,0,-36187.015495047,36848.556286467,55310.311076233,28905.67060254665,1250.6095679820282,38777.42554977,2590.4100547229973,0.052345857143157516,1339.800486740969,0.0013982401256994166,0.2206823118031025,False,False,0.2206823118031025
s-000,after_common_greedy_prefix,10,200,1,-36187.015495047,36848.556286467,55310.311076233,28905.67060254665,1250.6095679820282,38777.42554977,2590.4100547229973,0.052345857143157516,1339.800486740969,0.0013982401256994166,0.222649198025465,False,False,0.222649198025465
s-000,after_common_greedy_prefix,10,1000,0,-36187.015495047,36848.556286467,55310.311076233,28905.67060254665,1250.6095679820282,38777.42554977,2590.4100547229973,0.052345857143157516,1339.800486740969,0.0013982401256994166,1.0230699367821217,False,False,1.0230699367821217
s-000,after_common_greedy_prefix,10,1000,1,-36187.015495047,36848.556286467,55310.311076233,28905.67060254665,1250.6095679820282,38777.42554977,2590.4100547229973,0.052345857143157516,1339.800486740969,0.0013982401256994166,1.0222936682403088,False,False,1.0222936682403088
s-000,after_common_greedy_prefix,10,50,0,-36187.015495047,36848.556286467,55310.311076233,28905.67060254665,1250.6095679820282,38777.42554977,2590.4100547229973,0.052345857143157516,1339.800486740969,0.0013982401256994166,0.07096581906080246,False,False,0.07096581906080246
s-000,after_common_greedy_prefix,10,50,1,-36187.015495047,36848.556286467,55310.311076233,28905.67060254665,1250.6095679820282,38777.42554977,2590.4100547229973,0.052345857143157516,1339.800486740969,0.0013982401256994166,0.0712747871875763,False,False,0.0712747871875763
s-000,after_common_greedy_prefix,10,10,0,-36187.015495047,36848.556286467,55310.311076233,28905.67060254665,1250.6095679820282,38777.42554977,2590.4100547229973,0.052345857143157516,1339.800486740969,0.0013982401256994166,0.030500710010528564,False,False,0.030500710010528564
s-000,after_common_greedy_prefix,10,10,1,-36187.015495047,36848.556286467,55310.311076233,28905.67060254665,1250.6095679820282,38777.42554977,2590.4100547229973,0.052345857143157516,1339.800486740969,0.0013982401256994166,0.030597086995840073,False,False,0.030597086995840073
s-001,after_one_actual_history_call,0,200,0,-9042.427144628,10011.45622076,19438.764357115,7248.429814506279,1250.6095679820282,10011.45622076,969.0290761319993,0.0,0.0,0.0,0.004288800060749054,False,True,
s-001,after_one_actual_history_call,0,200,1,-9042.427144628,10011.45622076,19438.764357115,7248.429814506279,1250.6095679820282,10011.45622076,969.0290761319993,0.0,0.0,0.0,0.004130087792873383,False,True,
s-001,after_one_actual_history_call,0,1000,0,-9042.427144628,10011.45622076,19438.764357115,7248.429814506279,1250.6095679820282,10011.45622076,969.0290761319993,0.0,0.0,0.0,1.020314946770668,False,True,
s-001,after_one_actual_history_call,0,1000,1,-9042.427144628,10011.45622076,19438.764357115,7248.429814506279,1250.6095679820282,10011.45622076,969.0290761319993,0.0,0.0,0.0,1.019567422568798,False,True,
s-001,after_one_actual_history_call,0,50,0,-9042.427144628,10011.45622076,19438.764357115,7248.429814506279,1250.6095679820282,10011.45622076,969.0290761319993,0.0,0.0,0.0,0.06845086812973022,False,True,
s-001,after_one_actual_history_call,0,50,1,-9042.427144628,10011.45622076,19438.764357115,7248.429814506279,1250.6095679820282,10011.45622076,969.0290761319993,0.0,0.0,0.0,0.06966408714652061,False,True,
s-001,after_one_actual_history_call,0,10,0,-9042.427144628,10011.45622076,19438.764357115,7248.429814506279,1250.6095679820282,10011.45622076,969.0290761319993,0.0,0.0,0.0,0.02900869771838188,False,True,
s-001,after_one_actual_history_call,0,10,1,-9042.427144628,10011.45622076,19438.764357115,7248.429814506279,1250.6095679820282,10011.45622076,969.0290761319993,0.0,0.0,0.0,0.027391929179430008,False,True,
s-001,after_one_actual_history_call,1,200,0,-33818.74825994,33818.74825994,44805.336170065,26593.751001045723,1250.6095679820282,34670.505801925,851.7575419849964,0.025185957074406143,0.0,0.0,0.22061734274029732,False,False,
s-001,after_one_actual_history_call,1,200,1,-33818.74825994,33818.74825994,44805.336170065,26593.751001045723,1250.6095679820282,34670.505801925,851.7575419849964,0.025185957074406143,0.0,0.0,0.22123820707201958,False,False,
s-001,after_one_actual_history_call,1,1000,0,-33818.74825994,33818.74825994,44805.336170065,26593.751001045723,1250.6095679820282,34670.505801925,851.7575419849964,0.025185957074406143,0.0,0.0,1.0205594040453434,False,False,
s-001,after_one_actual_history_call,1,1000,1,-33818.74825994,33818.74825994,44805.336170065,26593.751001045723,1250.6095679820282,34670.505801925,851.7575419849964,0.025185957074406143,0.0,0.0,1.0210170932114124,False,False,
s-001,after_one_actual_history_call,1,50,0,-33818.74825994,33818.74825994,44805.336170065,26593.751001045723,1250.6095679820282,34670.505801925,851.7575419849964,0.025185957074406143,0.0,0.0,0.07008790969848633,False,False,
s-001,after_one_actual_history_call,1,50,1,-33818.74825994,33818.74825994,44805.336170065,26593.751001045723,1250.6095679820282,34670.505801925,851.7575419849964,0.025185957074406143,0.0,0.0,0.0705120638012886,False,False,
s-001,after_one_actual_history_call,1,10,0,-33818.74825994,33818.74825994,44805.336170065,26593.751001045723,1250.6095679820282,34670.505801925,851.7575419849964,0.025185957074406143,0.0,0.0,0.029973987489938736,False,False,
s-001,after_one_actual_history_call,1,10,1,-33818.74825994,33818.74825994,44805.336170065,26593.751001045723,1250.6095679820282,34670.505801925,851.7575419849964,0.025185957074406143,0.0,0.0,0.03111853450536728,False,False,
s-001,after_one_actual_history_call,2,200,0,-0.314675029,0.0,0.0,0.0,1250.6095679820282,0.0,-0.314675029,0.0,0.0,0.0,0.004741322249174118,False,True,
s-001,after_one_actual_history_call,2,200,1,-0.314675029,0.0,0.0,0.0,1250.6095679820282,0.0,-0.314675029,0.0,0.0,0.0,0.004648879170417786,False,True,
s-001,after_one_actual_history_call,2,1000,0,-0.314675029,0.0,0.0,0.0,1250.6095679820282,0.0,-0.314675029,0.0,0.0,0.0,0.004646968096494675,False,True,
s-001,after_one_actual_history_call,2,1000,1,-0.314675029,0.0,0.0,0.0,1250.6095679820282,0.0,-0.314675029,0.0,0.0,0.0,0.004706602543592453,False,True,
s-001,after_one_actual_history_call,2,50,0,-0.314675029,0.0,0.0,0.0,1250.6095679820282,0.0,-0.314675029,0.0,0.0,0.0,0.004628647118806839,False,True,
s-001,after_one_actual_history_call,2,50,1,-0.314675029,0.0,0.0,0.0,1250.6095679820282,0.0,-0.314675029,0.0,0.0,0.0,0.004647430032491684,False,True,
s-001,after_one_actual_history_call,2,10,0,-0.314675029,0.0,0.0,0.0,1250.6095679820282,0.0,-0.314675029,0.0,0.0,0.0,0.004647344350814819,False,True,
s-001,after_one_actual_history_call,2,10,1,-0.314675029,0.0,0.0,0.0,1250.6095679820282,0.0,-0.314675029,0.0,0.0,0.0,0.004603836685419083,False,True,
s-001,after_one_actual_history_call,3,200,0,-9480.923949217,9665.217336357,14281.557749478001,7758.333169628211,1250.6095679820282,10655.676249111,1174.7522998940003,0.10247663123189764,0.0,0.0,0.22129017487168312,False,False,
s-001,after_one_actual_history_call,3,200,1,-9480.923949217,9665.217336357,14281.557749478001,7758.333169628211,1250.6095679820282,10655.676249111,1174.7522998940003,0.10247663123189764,0.0,0.0,0.21853185445070267,False,False,
s-001,after_one_actual_history_call,3,1000,0,-9480.923949217,9665.217336357,14281.557749478001,7758.333169628211,1250.6095679820282,10655.676249111,1174.7522998940003,0.10247663123189764,0.0,0.0,1.0183667987585068,False,False,
s-001,after_one_actual_history_call,3,1000,1,-9480.923949217,9665.217336357,14281.557749478001,7758.333169628211,1250.6095679820282,10655.676249111,1174.7522998940003,0.10247663123189764,0.0,0.0,1.0187500193715096,False,False,
s-001,after_one_actual_history_call,3,50,0,-9480.923949217,9665.217336357,14281.557749478001,7758.333169628211,1250.6095679820282,10655.676249111,1174.7522998940003,0.10247663123189764,0.0,0.0,0.06802143901586533,False,False,
s-001,after_one_actual_history_call,3,50,1,-9480.923949217,9665.217336357,14281.557749478001,7758.333169628211,1250.6095679820282,10655.676249111,1174.7522998940003,0.10247663123189764,0.0,0.0,0.06821968033909798,False,False,
s-001,after_one_actual_history_call,3,10,0,-9480.923949217,9665.217336357,14281.557749478001,7758.333169628211,1250.6095679820282,10655.676249111,1174.7522998940003,0.10247663123189764,0.0,0.0,0.02879517897963524,False,False,
s-001,after_one_actual_history_call,3,10,1,-9480.923949217,9665.217336357,14281.557749478001,7758.333169628211,1250.6095679820282,10655.676249111,1174.7522998940003,0.10247663123189764,0.0,0.0,0.02992875874042511,False,False,
s-001,after_one_actual_history_call,4,200,0,-35313.96713664199,35313.652461613,43015.500963799,28754.799708266597,1250.6095679820282,35960.343413951,646.3762773090057,0.018312774444415637,0.0,0.0,0.2224772684276104,False,False,
s-001,after_one_actual_history_call,4,200,1,-35313.96713664199,35313.652461613,43015.500963799,28754.799708266597,1250.6095679820282,35960.343413951,646.3762773090057,0.018312774444415637,0.0,0.0,0.22131288424134254,False,False,
s-001,after_one_actual_history_call,4,1000,0,-35313.96713664199,35313.652461613,43015.500963799,28754.799708266597,1250.6095679820282,35960.343413951,646.3762773090057,0.018312774444415637,0.0,0.0,1.0217134952545166,False,False,
s-001,after_one_actual_history_call,4,1000,1,-35313.96713664199,35313.652461613,43015.500963799,28754.799708266597,1250.6095679820282,35960.343413951,646.3762773090057,0.018312774444415637,0.0,0.0,1.0203883238136768,False,False,
s-001,after_one_actual_history_call,4,50,0,-35313.96713664199,35313.652461613,43015.500963799,28754.799708266597,1250.6095679820282,35960.343413951,646.3762773090057,0.018312774444415637,0.0,0.0,0.07170618325471878,False,False,
s-001,after_one_actual_history_call,4,50,1,-35313.96713664199,35313.652461613,43015.500963799,28754.799708266597,1250.6095679820282,35960.343413951,646.3762773090057,0.018312774444415637,0.0,0.0,0.07182347401976585,False,False,
s-001,after_one_actual_history_call,4,10,0,-35313.96713664199,35313.652461613,43015.500963799,28754.799708266597,1250.6095679820282,35960.343413951,646.3762773090057,0.018312774444415637,0.0,0.0,0.029519986361265182,False,False,
s-001,after_one_actual_history_call,4,10,1,-35313.96713664199,35313.652461613,43015.500963799,28754.799708266597,1250.6095679820282,35960.343413951,646.3762773090057,0.018312774444415637,0.0,0.0,0.028727691620588303,False,False,
s-001,after_one_actual_history_call,5,200,0,-0.8119089150000036,815.267290819,815.267290819,815.267290819,1250.6095679820282,815.267290819,814.455381904,0.0,0.0,0.0,0.21737273782491684,False,True,
s-001,after_one_actual_history_call,5,200,1,-0.8119089150000036,815.267290819,815.267290819,815.267290819,1250.6095679820282,815.267290819,814.455381904,0.0,0.0,0.0,0.21789298579096794,False,True,
s-001,after_one_actual_history_call,5,1000,0,-0.8119089150000036,815.267290819,815.267290819,815.267290819,1250.6095679820282,815.267290819,814.455381904,0.0,0.0,0.0,1.0189325921237469,False,True,
s-001,after_one_actual_history_call,5,1000,1,-0.8119089150000036,815.267290819,815.267290819,815.267290819,1250.6095679820282,815.267290819,814.455381904,0.0,0.0,0.0,1.0187529101967812,False,True,
s-001,after_one_actual_history_call,5,50,0,-0.8119089150000036,815.267290819,815.267290819,815.267290819,1250.6095679820282,815.267290819,814.455381904,0.0,0.0,0.0,0.06687840446829796,False,True,
s-001,after_one_actual_history_call,5,50,1,-0.8119089150000036,815.267290819,815.267290819,815.267290819,1250.6095679820282,815.267290819,814.455381904,0.0,0.0,0.0,0.06683724373579025,False,True,
s-001,after_one_actual_history_call,5,10,0,-0.8119089150000036,815.267290819,815.267290819,815.267290819,1250.6095679820282,815.267290819,814.455381904,0.0,0.0,0.0,0.02620481699705124,False,True,
s-001,after_one_actual_history_call,5,10,1,-0.8119089150000036,815.267290819,815.267290819,815.267290819,1250.6095679820282,815.267290819,814.455381904,0.0,0.0,0.0,0.02477417141199112,False,True,
s-001,after_one_actual_history_call,6,200,0,-9191.097979323999,10441.707547306,14604.257436825,8281.24022597266,1250.6095679820282,11473.636946717,2282.538967393002,0.09882764813473856,1031.929399410974,0.0010769402664236264,0.21793504431843758,False,False,0.21793504431843758
s-001,after_one_actual_history_call,6,200,1,-9191.097979323999,10441.707547306,14604.257436825,8281.24022597266,1250.6095679820282,11473.636946717,2282.538967393002,0.09882764813473856,1031.929399410974,0.0010769402664236264,0.21838590875267982,False,False,0.21838590875267982
s-001,after_one_actual_history_call,6,1000,0,-9191.097979323999,10441.707547306,14604.257436825,8281.24022597266,1250.6095679820282,11473.636946717,2282.538967393002,0.09882764813473856,1031.929399410974,0.0010769402664236264,1.017925463616848,False,False,1.017925463616848
s-001,after_one_actual_history_call,6,1000,1,-9191.097979323999,10441.707547306,14604.257436825,8281.24022597266,1250.6095679820282,11473.636946717,2282.538967393002,0.09882764813473856,1031.929399410974,0.0010769402664236264,1.0180198326706886,False,False,1.0180198326706886
s-001,after_one_actual_history_call,6,50,0,-9191.097979323999,10441.707547306,14604.257436825,8281.24022597266,1250.6095679820282,11473.636946717,2282.538967393002,0.09882764813473856,1031.929399410974,0.0010769402664236264,0.06797818467020988,False,False,0.06797818467020988
s-001,after_one_actual_history_call,6,50,1,-9191.097979323999,10441.707547306,14604.257436825,8281.24022597266,1250.6095679820282,11473.636946717,2282.538967393002,0.09882764813473856,1031.929399410974,0.0010769402664236264,0.06964899227023125,False,False,0.06964899227023125
s-001,after_one_actual_history_call,6,10,0,-9191.097979323999,10441.707547306,14604.257436825,8281.24022597266,1250.6095679820282,11473.636946717,2282.538967393002,0.09882764813473856,1031.929399410974,0.0010769402664236264,0.028619136661291122,False,False,0.028619136661291122
s-001,after_one_actual_history_call,6,10,1,-9191.097979323999,10441.707547306,14604.257436825,8281.24022597266,1250.6095679820282,11473.636946717,2282.538967393002,0.09882764813473856,1031.929399410974,0.0010769402664236264,0.026773419231176376,False,False,0.026773419231176376
s-001,after_one_actual_history_call,7,200,0,-35722.074976301,35721.263067386,48585.576685591,28825.129393897027,1250.6095679820282,37792.011570338,2069.936594036997,0.05796963279393737,819.3270260549689,0.0008550645676258192,0.2211996205151081,False,False,0.2211996205151081
s-001,after_one_actual_history_call,7,200,1,-35722.074976301,35721.263067386,48585.576685591,28825.129393897027,1250.6095679820282,37792.011570338,2069.936594036997,0.05796963279393737,819.3270260549689,0.0008550645676258192,0.22334403544664383,False,False,0.22334403544664383
s-001,after_one_actual_history_call,7,1000,0,-35722.074976301,35721.263067386,48585.576685591,28825.129393897027,1250.6095679820282,37792.011570338,2069.936594036997,0.05796963279393737,819.3270260549689,0.0008550645676258192,1.020918071269989,False,False,1.020918071269989
s-001,after_one_actual_history_call,7,1000,1,-35722.074976301,35721.263067386,48585.576685591,28825.129393897027,1250.6095679820282,37792.011570338,2069.936594036997,0.05796963279393737,819.3270260549689,0.0008550645676258192,1.0203603319823742,False,False,1.0203603319823742
s-001,after_one_actual_history_call,7,50,0,-35722.074976301,35721.263067386,48585.576685591,28825.129393897027,1250.6095679820282,37792.011570338,2069.936594036997,0.05796963279393737,819.3270260549689,0.0008550645676258192,0.07008356600999832,False,False,0.07008356600999832
s-001,after_one_actual_history_call,7,50,1,-35722.074976301,35721.263067386,48585.576685591,28825.129393897027,1250.6095679820282,37792.011570338,2069.936594036997,0.05796963279393737,819.3270260549689,0.0008550645676258192,0.0698770321905613,False,False,0.0698770321905613
s-001,after_one_actual_history_call,7,10,0,-35722.074976301,35721.263067386,48585.576685591,28825.129393897027,1250.6095679820282,37792.011570338,2069.936594036997,0.05796963279393737,819.3270260549689,0.0008550645676258192,0.028888586908578873,False,False,0.028888586908578873
s-001,after_one_actual_history_call,7,10,1,-35722.074976301,35721.263067386,48585.576685591,28825.129393897027,1250.6095679820282,37792.011570338,2069.936594036997,0.05796963279393737,819.3270260549689,0.0008550645676258192,0.028623607009649277,False,False,0.028623607009649277
s-001,after_one_actual_history_call,8,200,0,-2.5450985160000528,815.267290819,815.267290819,815.267290819,1250.6095679820282,815.267290819,812.7221923029999,0.0,0.0,0.0,0.2165278159081936,False,True,
s-001,after_one_actual_history_call,8,200,1,-2.5450985160000528,815.267290819,815.267290819,815.267290819,1250.6095679820282,815.267290819,812.7221923029999,0.0,0.0,0.0,0.21786420792341232,False,True,
s-001,after_one_actual_history_call,8,1000,0,-2.5450985160000528,815.267290819,815.267290819,815.267290819,1250.6095679820282,815.267290819,812.7221923029999,0.0,0.0,0.0,1.018086463212967,False,True,
s-001,after_one_actual_history_call,8,1000,1,-2.5450985160000528,815.267290819,815.267290819,815.267290819,1250.6095679820282,815.267290819,812.7221923029999,0.0,0.0,0.0,1.0178187601268291,False,True,
s-001,after_one_actual_history_call,8,50,0,-2.5450985160000528,815.267290819,815.267290819,815.267290819,1250.6095679820282,815.267290819,812.7221923029999,0.0,0.0,0.0,0.06720046699047089,False,True,
s-001,after_one_actual_history_call,8,50,1,-2.5450985160000528,815.267290819,815.267290819,815.267290819,1250.6095679820282,815.267290819,812.7221923029999,0.0,0.0,0.0,0.06663981080055237,False,True,
s-001,after_one_actual_history_call,8,10,0,-2.5450985160000528,815.267290819,815.267290819,815.267290819,1250.6095679820282,815.267290819,812.7221923029999,0.0,0.0,0.0,0.02572513371706009,False,True,
s-001,after_one_actual_history_call,8,10,1,-2.5450985160000528,815.267290819,815.267290819,815.267290819,1250.6095679820282,815.267290819,812.7221923029999,0.0,0.0,0.0,0.024677887558937073,False,True,
s-001,after_one_actual_history_call,9,200,0,-9755.714565526,10278.209709226,12643.932420422,7791.051912490517,1250.6095679820282,10943.480793974,1187.7662284480011,0.06472635834145667,0.0,0.0,0.21720848605036736,False,False,
s-001,after_one_actual_history_call,9,200,1,-9755.714565526,10278.209709226,12643.932420422,7791.051912490517,1250.6095679820282,10943.480793974,1187.7662284480011,0.06472635834145667,0.0,0.0,0.21957466006278992,False,False,
s-001,after_one_actual_history_call,9,1000,0,-9755.714565526,10278.209709226,12643.932420422,7791.051912490517,1250.6095679820282,10943.480793974,1187.7662284480011,0.06472635834145667,0.0,0.0,1.0200943686068058,False,False,
s-001,after_one_actual_history_call,9,1000,1,-9755.714565526,10278.209709226,12643.932420422,7791.051912490517,1250.6095679820282,10943.480793974,1187.7662284480011,0.06472635834145667,0.0,0.0,1.0183390080928802,False,False,
s-001,after_one_actual_history_call,9,50,0,-9755.714565526,10278.209709226,12643.932420422,7791.051912490517,1250.6095679820282,10943.480793974,1187.7662284480011,0.06472635834145667,0.0,0.0,0.06960370391607285,False,False,
s-001,after_one_actual_history_call,9,50,1,-9755.714565526,10278.209709226,12643.932420422,7791.051912490517,1250.6095679820282,10943.480793974,1187.7662284480011,0.06472635834145667,0.0,0.0,0.0682576484978199,False,False,
s-001,after_one_actual_history_call,9,10,0,-9755.714565526,10278.209709226,12643.932420422,7791.051912490517,1250.6095679820282,10943.480793974,1187.7662284480011,0.06472635834145667,0.0,0.0,0.02630382403731346,False,False,
s-001,after_one_actual_history_call,9,10,1,-9755.714565526,10278.209709226,12643.932420422,7791.051912490517,1250.6095679820282,10943.480793974,1187.7662284480011,0.06472635834145667,0.0,0.0,0.025061797350645065,False,False,
s-001,after_one_actual_history_call,10,200,0,-36187.015495047,36848.556286467,55310.311076233,28905.67060254665,1250.6095679820282,38777.42554977,2590.4100547229973,0.052345857143157516,1339.800486740969,0.0013982401256994166,0.22292203456163406,False,False,0.22292203456163406
s-001,after_one_actual_history_call,10,200,1,-36187.015495047,36848.556286467,55310.311076233,28905.67060254665,1250.6095679820282,38777.42554977,2590.4100547229973,0.052345857143157516,1339.800486740969,0.0013982401256994166,0.22347870469093323,False,False,0.22347870469093323
s-001,after_one_actual_history_call,10,1000,0,-36187.015495047,36848.556286467,55310.311076233,28905.67060254665,1250.6095679820282,38777.42554977,2590.4100547229973,0.052345857143157516,1339.800486740969,0.0013982401256994166,1.0203459225594997,False,False,1.0203459225594997
s-001,after_one_actual_history_call,10,1000,1,-36187.015495047,36848.556286467,55310.311076233,28905.67060254665,1250.6095679820282,38777.42554977,2590.4100547229973,0.052345857143157516,1339.800486740969,0.0013982401256994166,1.0210857652127743,False,False,1.0210857652127743
s-001,after_one_actual_history_call,10,50,0,-36187.015495047,36848.556286467,55310.311076233,28905.67060254665,1250.6095679820282,38777.42554977,2590.4100547229973,0.052345857143157516,1339.800486740969,0.0013982401256994166,0.07060905545949936,False,False,0.07060905545949936
s-001,after_one_actual_history_call,10,50,1,-36187.015495047,36848.556286467,55310.311076233,28905.67060254665,1250.6095679820282,38777.42554977,2590.4100547229973,0.052345857143157516,1339.800486740969,0.0013982401256994166,0.07074438035488129,False,False,0.07074438035488129
s-001,after_one_actual_history_call,10,10,0,-36187.015495047,36848.556286467,55310.311076233,28905.67060254665,1250.6095679820282,38777.42554977,2590.4100547229973,0.052345857143157516,1339.800486740969,0.0013982401256994166,0.0318242646753788,False,False,0.0318242646753788
s-001,after_one_actual_history_call,10,10,1,-36187.015495047,36848.556286467,55310.311076233,28905.67060254665,1250.6095679820282,38777.42554977,2590.4100547229973,0.052345857143157516,1339.800486740969,0.0013982401256994166,0.03272416442632675,False,False,0.03272416442632675
s-002,after_common_greedy_prefix,0,200,0,-7872.49089139,8202.532324757,13845.31530098,6081.274611099317,1250.6095679820282,8420.074623974,547.5837325840002,0.026521358356664,0.0,0.0,0.22096586972475052,False,False,
s-002,after_common_greedy_prefix,0,200,1,-7872.49089139,8202.532324757,13845.31530098,6081.274611099317,1250.6095679820282,8420.074623974,547.5837325840002,0.026521358356664,0.0,0.0,0.21957173943519592,False,False,
s-002,after_common_greedy_prefix,0,1000,0,-7872.49089139,8202.532324757,13845.31530098,6081.274611099317,1250.6095679820282,8420.074623974,547.5837325840002,0.026521358356664,0.0,0.0,1.0187746062874794,False,False,
s-002,after_common_greedy_prefix,0,1000,1,-7872.49089139,8202.532324757,13845.31530098,6081.274611099317,1250.6095679820282,8420.074623974,547.5837325840002,0.026521358356664,0.0,0.0,1.01910063251853,False,False,
s-002,after_common_greedy_prefix,0,50,0,-7872.49089139,8202.532324757,13845.31530098,6081.274611099317,1250.6095679820282,8420.074623974,547.5837325840002,0.026521358356664,0.0,0.0,0.06876194849610329,False,False,
s-002,after_common_greedy_prefix,0,50,1,-7872.49089139,8202.532324757,13845.31530098,6081.274611099317,1250.6095679820282,8420.074623974,547.5837325840002,0.026521358356664,0.0,0.0,0.0687054768204689,False,False,
s-002,after_common_greedy_prefix,0,10,0,-7872.49089139,8202.532324757,13845.31530098,6081.274611099317,1250.6095679820282,8420.074623974,547.5837325840002,0.026521358356664,0.0,0.0,0.026292171329259872,False,False,
s-002,after_common_greedy_prefix,0,10,1,-7872.49089139,8202.532324757,13845.31530098,6081.274611099317,1250.6095679820282,8420.074623974,547.5837325840002,0.026521358356664,0.0,0.0,0.025400061160326004,False,False,
s-002,after_common_greedy_prefix,1,200,0,-34575.901150852,34575.901150852,48601.389584905,27469.79116515763,1250.6095679820282,36181.293307644,1605.3921567920042,0.04643095634117537,354.782588809976,0.0003702575543768506,0.2198638953268528,False,False,0.2198638953268528
s-002,after_common_greedy_prefix,1,200,1,-34575.901150852,34575.901150852,48601.389584905,27469.79116515763,1250.6095679820282,36181.293307644,1605.3921567920042,0.04643095634117537,354.782588809976,0.0003702575543768506,0.22435682266950607,False,False,0.22435682266950607
s-002,after_common_greedy_prefix,1,1000,0,-34575.901150852,34575.901150852,48601.389584905,27469.79116515763,1250.6095679820282,36181.293307644,1605.3921567920042,0.04643095634117537,354.782588809976,0.0003702575543768506,1.0254346318542957,False,False,1.0254346318542957
s-002,after_common_greedy_prefix,1,1000,1,-34575.901150852,34575.901150852,48601.389584905,27469.79116515763,1250.6095679820282,36181.293307644,1605.3921567920042,0.04643095634117537,354.782588809976,0.0003702575543768506,1.024110607802868,False,False,1.024110607802868
s-002,after_common_greedy_prefix,1,50,0,-34575.901150852,34575.901150852,48601.389584905,27469.79116515763,1250.6095679820282,36181.293307644,1605.3921567920042,0.04643095634117537,354.782588809976,0.0003702575543768506,0.07263456284999847,False,False,0.07263456284999847
s-002,after_common_greedy_prefix,1,50,1,-34575.901150852,34575.901150852,48601.389584905,27469.79116515763,1250.6095679820282,36181.293307644,1605.3921567920042,0.04643095634117537,354.782588809976,0.0003702575543768506,0.07179086655378342,False,False,0.07179086655378342
s-002,after_common_greedy_prefix,1,10,0,-34575.901150852,34575.901150852,48601.389584905,27469.79116515763,1250.6095679820282,36181.293307644,1605.3921567920042,0.04643095634117537,354.782588809976,0.0003702575543768506,0.02920844778418541,False,False,0.02920844778418541
s-002,after_common_greedy_prefix,1,10,1,-34575.901150852,34575.901150852,48601.389584905,27469.79116515763,1250.6095679820282,36181.293307644,1605.3921567920042,0.04643095634117537,354.782588809976,0.0003702575543768506,0.028372183442115784,False,False,0.028372183442115784
s-002,after_common_greedy_prefix,2,200,0,-0.314675029,0.0,0.0,0.0,1250.6095679820282,0.0,-0.314675029,0.0,0.0,0.0,0.004717376083135605,False,True,
s-002,after_common_greedy_prefix,2,200,1,-0.314675029,0.0,0.0,0.0,1250.6095679820282,0.0,-0.314675029,0.0,0.0,0.0,0.004553519189357758,False,True,
s-002,after_common_greedy_prefix,2,1000,0,-0.314675029,0.0,0.0,0.0,1250.6095679820282,0.0,-0.314675029,0.0,0.0,0.0,0.004694465547800064,False,True,
s-002,after_common_greedy_prefix,2,1000,1,-0.314675029,0.0,0.0,0.0,1250.6095679820282,0.0,-0.314675029,0.0,0.0,0.0,0.004836928099393845,False,True,
s-002,after_common_greedy_prefix,2,50,0,-0.314675029,0.0,0.0,0.0,1250.6095679820282,0.0,-0.314675029,0.0,0.0,0.0,0.004711564630270004,False,True,
s-002,after_common_greedy_prefix,2,50,1,-0.314675029,0.0,0.0,0.0,1250.6095679820282,0.0,-0.314675029,0.0,0.0,0.0,0.00458979606628418,False,True,
s-002,after_common_greedy_prefix,2,10,0,-0.314675029,0.0,0.0,0.0,1250.6095679820282,0.0,-0.314675029,0.0,0.0,0.0,0.004609394818544388,False,True,
s-002,after_common_greedy_prefix,2,10,1,-0.314675029,0.0,0.0,0.0,1250.6095679820282,0.0,-0.314675029,0.0,0.0,0.0,0.004616431891918182,False,True,
s-002,after_common_greedy_prefix,3,200,0,-9198.822565038,9634.662076087,14196.553640218,7727.792428967394,1250.6095679820282,10666.591475498,1467.7689104599995,0.10710592559050154,217.15934247797122,0.00022663143455172195,0.21918263286352158,False,False,0.21918263286352158
s-002,after_common_greedy_prefix,3,200,1,-9198.822565038,9634.662076087,14196.553640218,7727.792428967394,1250.6095679820282,10666.591475498,1467.7689104599995,0.10710592559050154,217.15934247797122,0.00022663143455172195,0.21938534453511238,False,False,0.21938534453511238
s-002,after_common_greedy_prefix,3,1000,0,-9198.822565038,9634.662076087,14196.553640218,7727.792428967394,1250.6095679820282,10666.591475498,1467.7689104599995,0.10710592559050154,217.15934247797122,0.00022663143455172195,1.018857005983591,False,False,1.018857005983591
s-002,after_common_greedy_prefix,3,1000,1,-9198.822565038,9634.662076087,14196.553640218,7727.792428967394,1250.6095679820282,10666.591475498,1467.7689104599995,0.10710592559050154,217.15934247797122,0.00022663143455172195,1.0186152011156082,False,False,1.0186152011156082
s-002,after_common_greedy_prefix,3,50,0,-9198.822565038,9634.662076087,14196.553640218,7727.792428967394,1250.6095679820282,10666.591475498,1467.7689104599995,0.10710592559050154,217.15934247797122,0.00022663143455172195,0.06930399686098099,False,False,0.06930399686098099
s-002,after_common_greedy_prefix,3,50,1,-9198.822565038,9634.662076087,14196.553640218,7727.792428967394,1250.6095679820282,10666.591475498,1467.7689104599995,0.10710592559050154,217.15934247797122,0.00022663143455172195,0.06770633533596992,False,False,0.06770633533596992
s-002,after_common_greedy_prefix,3,10,0,-9198.822565038,9634.662076087,14196.553640218,7727.792428967394,1250.6095679820282,10666.591475498,1467.7689104599995,0.10710592559050154,217.15934247797122,0.00022663143455172195,0.02741112932562828,False,False,0.02741112932562828
s-002,after_common_greedy_prefix,3,10,1,-9198.822565038,9634.662076087,14196.553640218,7727.792428967394,1250.6095679820282,10666.591475498,1467.7689104599995,0.10710592559050154,217.15934247797122,0.00022663143455172195,0.026420459151268005,False,False,0.026420459151268005
s-002,after_common_greedy_prefix,4,200,0,-35313.96713664199,35313.652461613,43015.500963799,28754.799708266597,1250.6095679820282,35960.343413951,646.3762773090057,0.018312774444415637,0.0,0.0,0.22435786947607994,False,False,
s-002,after_common_greedy_prefix,4,200,1,-35313.96713664199,35313.652461613,43015.500963799,28754.799708266597,1250.6095679820282,35960.343413951,646.3762773090057,0.018312774444415637,0.0,0.0,0.22258149832487106,False,False,
s-002,after_common_greedy_prefix,4,1000,0,-35313.96713664199,35313.652461613,43015.500963799,28754.799708266597,1250.6095679820282,35960.343413951,646.3762773090057,0.018312774444415637,0.0,0.0,1.021636314690113,False,False,
s-002,after_common_greedy_prefix,4,1000,1,-35313.96713664199,35313.652461613,43015.500963799,28754.799708266597,1250.6095679820282,35960.343413951,646.3762773090057,0.018312774444415637,0.0,0.0,1.021729413419962,False,False,
s-002,after_common_greedy_prefix,4,50,0,-35313.96713664199,35313.652461613,43015.500963799,28754.799708266597,1250.6095679820282,35960.343413951,646.3762773090057,0.018312774444415637,0.0,0.0,0.07087768986821175,False,False,
s-002,after_common_greedy_prefix,4,50,1,-35313.96713664199,35313.652461613,43015.500963799,28754.799708266597,1250.6095679820282,35960.343413951,646.3762773090057,0.018312774444415637,0.0,0.0,0.07315754890441895,False,False,
s-002,after_common_greedy_prefix,4,10,0,-35313.96713664199,35313.652461613,43015.500963799,28754.799708266597,1250.6095679820282,35960.343413951,646.3762773090057,0.018312774444415637,0.0,0.0,0.032806284725666046,False,False,
s-002,after_common_greedy_prefix,4,10,1,-35313.96713664199,35313.652461613,43015.500963799,28754.799708266597,1250.6095679820282,35960.343413951,646.3762773090057,0.018312774444415637,0.0,0.0,0.029990777373313904,False,False,
s-002,after_common_greedy_prefix,5,200,0,-0.8119089150000036,815.267290819,815.267290819,815.267290819,1250.6095679820282,815.267290819,814.455381904,0.0,0.0,0.0,0.21629656851291656,False,True,
s-002,after_common_greedy_prefix,5,200,1,-0.8119089150000036,815.267290819,815.267290819,815.267290819,1250.6095679820282,815.267290819,814.455381904,0.0,0.0,0.0,0.21719254553318024,False,True,
s-002,after_common_greedy_prefix,5,1000,0,-0.8119089150000036,815.267290819,815.267290819,815.267290819,1250.6095679820282,815.267290819,814.455381904,0.0,0.0,0.0,1.0176431946456432,False,True,
s-002,after_common_greedy_prefix,5,1000,1,-0.8119089150000036,815.267290819,815.267290819,815.267290819,1250.6095679820282,815.267290819,814.455381904,0.0,0.0,0.0,1.0177742652595043,False,True,
s-002,after_common_greedy_prefix,5,50,0,-0.8119089150000036,815.267290819,815.267290819,815.267290819,1250.6095679820282,815.267290819,814.455381904,0.0,0.0,0.0,0.06726784631609917,False,True,
s-002,after_common_greedy_prefix,5,50,1,-0.8119089150000036,815.267290819,815.267290819,815.267290819,1250.6095679820282,815.267290819,814.455381904,0.0,0.0,0.0,0.06605057418346405,False,True,
s-002,after_common_greedy_prefix,5,10,0,-0.8119089150000036,815.267290819,815.267290819,815.267290819,1250.6095679820282,815.267290819,814.455381904,0.0,0.0,0.0,0.026494771242141724,False,True,
s-002,after_common_greedy_prefix,5,10,1,-0.8119089150000036,815.267290819,815.267290819,815.267290819,1250.6095679820282,815.267290819,814.455381904,0.0,0.0,0.0,0.028625592589378357,False,True,
s-002,after_common_greedy_prefix,6,200,0,-9199.319798924,10449.929366906,15011.820931037,8543.059719786394,1250.6095679820282,11481.858766317,2282.5389673930003,0.09874989228913147,1031.929399410972,0.0010769402664236245,0.22012918442487717,False,False,0.22012918442487717
s-002,after_common_greedy_prefix,6,200,1,-9199.319798924,10449.929366906,15011.820931037,8543.059719786394,1250.6095679820282,11481.858766317,2282.5389673930003,0.09874989228913147,1031.929399410972,0.0010769402664236245,0.2188481017947197,False,False,0.2188481017947197
s-002,after_common_greedy_prefix,6,1000,0,-9199.319798924,10449.929366906,15011.820931037,8543.059719786394,1250.6095679820282,11481.858766317,2282.5389673930003,0.09874989228913147,1031.929399410972,0.0010769402664236245,1.018086638301611,False,False,1.018086638301611
s-002,after_common_greedy_prefix,6,1000,1,-9199.319798924,10449.929366906,15011.820931037,8543.059719786394,1250.6095679820282,11481.858766317,2282.5389673930003,0.09874989228913147,1031.929399410972,0.0010769402664236245,1.0198628418147564,False,False,1.0198628418147564
s-002,after_common_greedy_prefix,6,50,0,-9199.319798924,10449.929366906,15011.820931037,8543.059719786394,1250.6095679820282,11481.858766317,2282.5389673930003,0.09874989228913147,1031.929399410972,0.0010769402664236245,0.06967009231448174,False,False,0.06967009231448174
s-002,after_common_greedy_prefix,6,50,1,-9199.319798924,10449.929366906,15011.820931037,8543.059719786394,1250.6095679820282,11481.858766317,2282.5389673930003,0.09874989228913147,1031.929399410972,0.0010769402664236245,0.06856349855661392,False,False,0.06856349855661392
s-002,after_common_greedy_prefix,6,10,0,-9199.319798924,10449.929366906,15011.820931037,8543.059719786394,1250.6095679820282,11481.858766317,2282.5389673930003,0.09874989228913147,1031.929399410972,0.0010769402664236245,0.02752384915947914,False,False,0.02752384915947914
s-002,after_common_greedy_prefix,6,10,1,-9199.319798924,10449.929366906,15011.820931037,8543.059719786394,1250.6095679820282,11481.858766317,2282.5389673930003,0.09874989228913147,1031.929399410972,0.0010769402664236245,0.027687918394804,False,False,0.027687918394804
s-002,after_common_greedy_prefix,7,200,0,-35971.064459528,35970.252550613,48264.182724651,28682.391656780477,1250.6095679820282,37844.382927941,1873.3184684129956,0.0521022301606293,622.7089004309673,0.0006498703201181011,0.21983009576797485,False,False,0.21983009576797485
s-002,after_common_greedy_prefix,7,200,1,-35971.064459528,35970.252550613,48264.182724651,28682.391656780477,1250.6095679820282,37844.382927941,1873.3184684129956,0.0521022301606293,622.7089004309673,0.0006498703201181011,0.22139959782361984,False,False,0.22139959782361984
s-002,after_common_greedy_prefix,7,1000,0,-35971.064459528,35970.252550613,48264.182724651,28682.391656780477,1250.6095679820282,37844.382927941,1873.3184684129956,0.0521022301606293,622.7089004309673,0.0006498703201181011,1.0231311693787575,False,False,1.0231311693787575
s-002,after_common_greedy_prefix,7,1000,1,-35971.064459528,35970.252550613,48264.182724651,28682.391656780477,1250.6095679820282,37844.382927941,1873.3184684129956,0.0521022301606293,622.7089004309673,0.0006498703201181011,1.0211916379630566,False,False,1.0211916379630566
s-002,after_common_greedy_prefix,7,50,0,-35971.064459528,35970.252550613,48264.182724651,28682.391656780477,1250.6095679820282,37844.382927941,1873.3184684129956,0.0521022301606293,622.7089004309673,0.0006498703201181011,0.07150010019540787,False,False,0.07150010019540787
s-002,after_common_greedy_prefix,7,50,1,-35971.064459528,35970.252550613,48264.182724651,28682.391656780477,1250.6095679820282,37844.382927941,1873.3184684129956,0.0521022301606293,622.7089004309673,0.0006498703201181011,0.071504607796669,False,False,0.071504607796669
s-002,after_common_greedy_prefix,7,10,0,-35971.064459528,35970.252550613,48264.182724651,28682.391656780477,1250.6095679820282,37844.382927941,1873.3184684129956,0.0521022301606293,622.7089004309673,0.0006498703201181011,0.030332360416650772,False,False,0.030332360416650772
s-002,after_common_greedy_prefix,7,10,1,-35971.064459528,35970.252550613,48264.182724651,28682.391656780477,1250.6095679820282,37844.382927941,1873.3184684129956,0.0521022301606293,622.7089004309673,0.0006498703201181011,0.02908768504858017,False,False,0.02908768504858017
s-002,after_common_greedy_prefix,8,200,0,-2.5450985160000528,815.267290819,815.267290819,815.267290819,1250.6095679820282,815.267290819,812.7221923029999,0.0,0.0,0.0,0.21598661318421364,False,True,
s-002,after_common_greedy_prefix,8,200,1,-2.5450985160000528,815.267290819,815.267290819,815.267290819,1250.6095679820282,815.267290819,812.7221923029999,0.0,0.0,0.0,0.21819790825247765,False,True,
s-002,after_common_greedy_prefix,8,1000,0,-2.5450985160000528,815.267290819,815.267290819,815.267290819,1250.6095679820282,815.267290819,812.7221923029999,0.0,0.0,0.0,1.0170290544629097,False,True,
s-002,after_common_greedy_prefix,8,1000,1,-2.5450985160000528,815.267290819,815.267290819,815.267290819,1250.6095679820282,815.267290819,812.7221923029999,0.0,0.0,0.0,1.017545621842146,False,True,
s-002,after_common_greedy_prefix,8,50,0,-2.5450985160000528,815.267290819,815.267290819,815.267290819,1250.6095679820282,815.267290819,812.7221923029999,0.0,0.0,0.0,0.06859784573316574,False,True,
s-002,after_common_greedy_prefix,8,50,1,-2.5450985160000528,815.267290819,815.267290819,815.267290819,1250.6095679820282,815.267290819,812.7221923029999,0.0,0.0,0.0,0.06865312904119492,False,True,
s-002,after_common_greedy_prefix,8,10,0,-2.5450985160000528,815.267290819,815.267290819,815.267290819,1250.6095679820282,815.267290819,812.7221923029999,0.0,0.0,0.0,0.02671239897608757,False,True,
s-002,after_common_greedy_prefix,8,10,1,-2.5450985160000528,815.267290819,815.267290819,815.267290819,1250.6095679820282,815.267290819,812.7221923029999,0.0,0.0,0.0,0.02854819968342781,False,True,
s-002,after_common_greedy_prefix,9,200,0,-10094.843783814,10578.995745311,13201.706890265,8134.76242852805,1250.6095679820282,11282.610012262,1187.7662284479993,0.0665104972050742,0.0,0.0,0.22025412693619728,False,False,
s-002,after_common_greedy_prefix,9,200,1,-10094.843783814,10578.995745311,13201.706890265,8134.76242852805,1250.6095679820282,11282.610012262,1187.7662284479993,0.0665104972050742,0.0,0.0,0.21966354176402092,False,False,
s-002,after_common_greedy_prefix,9,1000,0,-10094.843783814,10578.995745311,13201.706890265,8134.76242852805,1250.6095679820282,11282.610012262,1187.7662284479993,0.0665104972050742,0.0,0.0,1.0200155302882195,False,False,
s-002,after_common_greedy_prefix,9,1000,1,-10094.843783814,10578.995745311,13201.706890265,8134.76242852805,1250.6095679820282,11282.610012262,1187.7662284479993,0.0665104972050742,0.0,0.0,1.0184337422251701,False,False,
s-002,after_common_greedy_prefix,9,50,0,-10094.843783814,10578.995745311,13201.706890265,8134.76242852805,1250.6095679820282,11282.610012262,1187.7662284479993,0.0665104972050742,0.0,0.0,0.06883938238024712,False,False,
s-002,after_common_greedy_prefix,9,50,1,-10094.843783814,10578.995745311,13201.706890265,8134.76242852805,1250.6095679820282,11282.610012262,1187.7662284479993,0.0665104972050742,0.0,0.0,0.06805768609046936,False,False,
s-002,after_common_greedy_prefix,9,10,0,-10094.843783814,10578.995745311,13201.706890265,8134.76242852805,1250.6095679820282,11282.610012262,1187.7662284479993,0.0665104972050742,0.0,0.0,0.027664553374052048,False,False,
s-002,after_common_greedy_prefix,9,10,1,-10094.843783814,10578.995745311,13201.706890265,8134.76242852805,1250.6095679820282,11282.610012262,1187.7662284479993,0.0665104972050742,0.0,0.0,0.029391270130872726,False,False,
s-002,after_common_greedy_prefix,10,200,0,-36529.217134951,37176.647868835,55334.740116003,28964.793773897647,1250.6095679820282,38858.837451849,2329.620316897999,0.04524855465584269,1079.010748915971,0.001126075218008916,0.22317564859986305,False,False,0.22317564859986305
s-002,after_common_greedy_prefix,10,200,1,-36529.217134951,37176.647868835,55334.740116003,28964.793773897647,1250.6095679820282,38858.837451849,2329.620316897999,0.04524855465584269,1079.010748915971,0.001126075218008916,0.2212076522409916,False,False,0.2212076522409916
s-002,after_common_greedy_prefix,10,1000,0,-36529.217134951,37176.647868835,55334.740116003,28964.793773897647,1250.6095679820282,38858.837451849,2329.620316897999,0.04524855465584269,1079.010748915971,0.001126075218008916,1.0220299027860165,False,False,1.0220299027860165
s-002,after_common_greedy_prefix,10,1000,1,-36529.217134951,37176.647868835,55334.740116003,28964.793773897647,1250.6095679820282,38858.837451849,2329.620316897999,0.04524855465584269,1079.010748915971,0.001126075218008916,1.0211370885372162,False,False,1.0211370885372162
s-002,after_common_greedy_prefix,10,50,0,-36529.217134951,37176.647868835,55334.740116003,28964.793773897647,1250.6095679820282,38858.837451849,2329.620316897999,0.04524855465584269,1079.010748915971,0.001126075218008916,0.07174231857061386,False,False,0.07174231857061386
s-002,after_common_greedy_prefix,10,50,1,-36529.217134951,37176.647868835,55334.740116003,28964.793773897647,1250.6095679820282,38858.837451849,2329.620316897999,0.04524855465584269,1079.010748915971,0.001126075218008916,0.07011816278100014,False,False,0.07011816278100014
s-002,after_common_greedy_prefix,10,10,0,-36529.217134951,37176.647868835,55334.740116003,28964.793773897647,1250.6095679820282,38858.837451849,2329.620316897999,0.04524855465584269,1079.010748915971,0.001126075218008916,0.02977258712053299,False,False,0.02977258712053299
s-002,after_common_greedy_prefix,10,10,1,-36529.217134951,37176.647868835,55334.740116003,28964.793773897647,1250.6095679820282,38858.837451849,2329.620316897999,0.04524855465584269,1079.010748915971,0.001126075218008916,0.029832053929567337,False,False,0.029832053929567337
s-003,after_one_actual_history_call,0,200,0,-7872.49089139,8202.532324757,13845.31530098,6081.274611099317,1605.3921567919897,8420.074623974,547.5837325840002,0.026521358356664,0.0,0.0,0.21934963017702103,False,False,
s-003,after_one_actual_history_call,0,200,1,-7872.49089139,8202.532324757,13845.31530098,6081.274611099317,1605.3921567919897,8420.074623974,547.5837325840002,0.026521358356664,0.0,0.0,0.2179456353187561,False,False,
s-003,after_one_actual_history_call,0,1000,0,-7872.49089139,8202.532324757,13845.31530098,6081.274611099317,1605.3921567919897,8420.074623974,547.5837325840002,0.026521358356664,0.0,0.0,1.0179606191813946,False,False,
s-003,after_one_actual_history_call,0,1000,1,-7872.49089139,8202.532324757,13845.31530098,6081.274611099317,1605.3921567919897,8420.074623974,547.5837325840002,0.026521358356664,0.0,0.0,1.01739352196455,False,False,
s-003,after_one_actual_history_call,0,50,0,-7872.49089139,8202.532324757,13845.31530098,6081.274611099317,1605.3921567919897,8420.074623974,547.5837325840002,0.026521358356664,0.0,0.0,0.06801041960716248,False,False,
s-003,after_one_actual_history_call,0,50,1,-7872.49089139,8202.532324757,13845.31530098,6081.274611099317,1605.3921567919897,8420.074623974,547.5837325840002,0.026521358356664,0.0,0.0,0.06799858063459396,False,False,
s-003,after_one_actual_history_call,0,10,0,-7872.49089139,8202.532324757,13845.31530098,6081.274611099317,1605.3921567919897,8420.074623974,547.5837325840002,0.026521358356664,0.0,0.0,0.02667994052171707,False,False,
s-003,after_one_actual_history_call,0,10,1,-7872.49089139,8202.532324757,13845.31530098,6081.274611099317,1605.3921567919897,8420.074623974,547.5837325840002,0.026521358356664,0.0,0.0,0.027399718761444092,False,False,
s-003,after_one_actual_history_call,1,200,0,-34575.901150852,36181.293307644,48601.389584905,27469.79116515763,1605.3921567919897,36181.293307644,1605.3921567920042,0.0,1.4551915228366852e-11,1.5186643070695293e-17,0.003862813115119934,False,True,
s-003,after_one_actual_history_call,1,200,1,-34575.901150852,36181.293307644,48601.389584905,27469.79116515763,1605.3921567919897,36181.293307644,1605.3921567920042,0.0,1.4551915228366852e-11,1.5186643070695293e-17,0.003528345376253128,False,True,
s-003,after_one_actual_history_call,1,1000,0,-34575.901150852,36181.293307644,48601.389584905,27469.79116515763,1605.3921567919897,36181.293307644,1605.3921567920042,0.0,1.4551915228366852e-11,1.5186643070695293e-17,1.0209615901112556,False,True,
s-003,after_one_actual_history_call,1,1000,1,-34575.901150852,36181.293307644,48601.389584905,27469.79116515763,1605.3921567919897,36181.293307644,1605.3921567920042,0.0,1.4551915228366852e-11,1.5186643070695293e-17,1.0207833237946033,False,True,
s-003,after_one_actual_history_call,1,50,0,-34575.901150852,36181.293307644,48601.389584905,27469.79116515763,1605.3921567919897,36181.293307644,1605.3921567920042,0.0,1.4551915228366852e-11,1.5186643070695293e-17,0.06983298808336258,False,True,
s-003,after_one_actual_history_call,1,50,1,-34575.901150852,36181.293307644,48601.389584905,27469.79116515763,1605.3921567919897,36181.293307644,1605.3921567920042,0.0,1.4551915228366852e-11,1.5186643070695293e-17,0.07210908830165863,False,True,
s-003,after_one_actual_history_call,1,10,0,-34575.901150852,36181.293307644,48601.389584905,27469.79116515763,1605.3921567919897,36181.293307644,1605.3921567920042,0.0,1.4551915228366852e-11,1.5186643070695293e-17,0.0293763168156147,False,True,
s-003,after_one_actual_history_call,1,10,1,-34575.901150852,36181.293307644,48601.389584905,27469.79116515763,1605.3921567919897,36181.293307644,1605.3921567920042,0.0,1.4551915228366852e-11,1.5186643070695293e-17,0.02913852408528328,False,True,
s-003,after_one_actual_history_call,2,200,0,-0.314675029,0.0,0.0,0.0,1605.3921567919897,0.0,-0.314675029,0.0,0.0,0.0,0.0051902905106544495,False,True,
s-003,after_one_actual_history_call,2,200,1,-0.314675029,0.0,0.0,0.0,1605.3921567919897,0.0,-0.314675029,0.0,0.0,0.0,0.004913017153739929,False,True,
s-003,after_one_actual_history_call,2,1000,0,-0.314675029,0.0,0.0,0.0,1605.3921567919897,0.0,-0.314675029,0.0,0.0,0.0,0.004785843193531036,False,True,
s-003,after_one_actual_history_call,2,1000,1,-0.314675029,0.0,0.0,0.0,1605.3921567919897,0.0,-0.314675029,0.0,0.0,0.0,0.00466315820813179,False,True,
s-003,after_one_actual_history_call,2,50,0,-0.314675029,0.0,0.0,0.0,1605.3921567919897,0.0,-0.314675029,0.0,0.0,0.0,0.0046772100031375885,False,True,
s-003,after_one_actual_history_call,2,50,1,-0.314675029,0.0,0.0,0.0,1605.3921567919897,0.0,-0.314675029,0.0,0.0,0.0,0.004644572734832764,False,True,
s-003,after_one_actual_history_call,2,10,0,-0.314675029,0.0,0.0,0.0,1605.3921567919897,0.0,-0.314675029,0.0,0.0,0.0,0.0046936869621276855,False,True,
s-003,after_one_actual_history_call,2,10,1,-0.314675029,0.0,0.0,0.0,1605.3921567919897,0.0,-0.314675029,0.0,0.0,0.0,0.004742410033941269,False,True,
s-003,after_one_actual_history_call,3,200,0,-9198.822565038,9634.662076087,14196.553640218,7727.792428967394,1605.3921567919897,10666.591475498,1467.7689104599995,0.10710592559050154,0.0,0.0,0.21953536570072174,False,False,
s-003,after_one_actual_history_call,3,200,1,-9198.822565038,9634.662076087,14196.553640218,7727.792428967394,1605.3921567919897,10666.591475498,1467.7689104599995,0.10710592559050154,0.0,0.0,0.22110110148787498,False,False,
s-003,after_one_actual_history_call,3,1000,0,-9198.822565038,9634.662076087,14196.553640218,7727.792428967394,1605.3921567919897,10666.591475498,1467.7689104599995,0.10710592559050154,0.0,0.0,1.0183657817542553,False,False,
s-003,after_one_actual_history_call,3,1000,1,-9198.822565038,9634.662076087,14196.553640218,7727.792428967394,1605.3921567919897,10666.591475498,1467.7689104599995,0.10710592559050154,0.0,0.0,1.0181256979703903,False,False,
s-003,after_one_actual_history_call,3,50,0,-9198.822565038,9634.662076087,14196.553640218,7727.792428967394,1605.3921567919897,10666.591475498,1467.7689104599995,0.10710592559050154,0.0,0.0,0.06754245236515999,False,False,
s-003,after_one_actual_history_call,3,50,1,-9198.822565038,9634.662076087,14196.553640218,7727.792428967394,1605.3921567919897,10666.591475498,1467.7689104599995,0.10710592559050154,0.0,0.0,0.06716155260801315,False,False,
s-003,after_one_actual_history_call,3,10,0,-9198.822565038,9634.662076087,14196.553640218,7727.792428967394,1605.3921567919897,10666.591475498,1467.7689104599995,0.10710592559050154,0.0,0.0,0.02846696972846985,False,False,
s-003,after_one_actual_history_call,3,10,1,-9198.822565038,9634.662076087,14196.553640218,7727.792428967394,1605.3921567919897,10666.591475498,1467.7689104599995,0.10710592559050154,0.0,0.0,0.02804473415017128,False,False,
s-003,after_one_actual_history_call,4,200,0,-35313.96713664199,35313.652461613,43015.500963799,28754.799708266597,1605.3921567919897,35960.343413951,646.3762773090057,0.018312774444415637,0.0,0.0,0.2223678082227707,False,False,
s-003,after_one_actual_history_call,4,200,1,-35313.96713664199,35313.652461613,43015.500963799,28754.799708266597,1605.3921567919897,35960.343413951,646.3762773090057,0.018312774444415637,0.0,0.0,0.22083833441138268,False,False,
s-003,after_one_actual_history_call,4,1000,0,-35313.96713664199,35313.652461613,43015.500963799,28754.799708266597,1605.3921567919897,35960.343413951,646.3762773090057,0.018312774444415637,0.0,0.0,1.020785827189684,False,False,
s-003,after_one_actual_history_call,4,1000,1,-35313.96713664199,35313.652461613,43015.500963799,28754.799708266597,1605.3921567919897,35960.343413951,646.3762773090057,0.018312774444415637,0.0,0.0,1.0206959955394268,False,False,
s-003,after_one_actual_history_call,4,50,0,-35313.96713664199,35313.652461613,43015.500963799,28754.799708266597,1605.3921567919897,35960.343413951,646.3762773090057,0.018312774444415637,0.0,0.0,0.07054320350289345,False,False,
s-003,after_one_actual_history_call,4,50,1,-35313.96713664199,35313.652461613,43015.500963799,28754.799708266597,1605.3921567919897,35960.343413951,646.3762773090057,0.018312774444415637,0.0,0.0,0.07071014493703842,False,False,
s-003,after_one_actual_history_call,4,10,0,-35313.96713664199,35313.652461613,43015.500963799,28754.799708266597,1605.3921567919897,35960.343413951,646.3762773090057,0.018312774444415637,0.0,0.0,0.030321616679430008,False,False,
s-003,after_one_actual_history_call,4,10,1,-35313.96713664199,35313.652461613,43015.500963799,28754.799708266597,1605.3921567919897,35960.343413951,646.3762773090057,0.018312774444415637,0.0,0.0,0.02861795201897621,False,False,
s-003,after_one_actual_history_call,5,200,0,-0.8119089150000036,815.267290819,815.267290819,815.267290819,1605.3921567919897,815.267290819,814.455381904,0.0,0.0,0.0,0.21529879420995712,False,True,
s-003,after_one_actual_history_call,5,200,1,-0.8119089150000036,815.267290819,815.267290819,815.267290819,1605.3921567919897,815.267290819,814.455381904,0.0,0.0,0.0,0.21903129294514656,False,True,
s-003,after_one_actual_history_call,5,1000,0,-0.8119089150000036,815.267290819,815.267290819,815.267290819,1605.3921567919897,815.267290819,814.455381904,0.0,0.0,0.0,1.0179861932992935,False,True,
s-003,after_one_actual_history_call,5,1000,1,-0.8119089150000036,815.267290819,815.267290819,815.267290819,1605.3921567919897,815.267290819,814.455381904,0.0,0.0,0.0,1.0167134031653404,False,True,
s-003,after_one_actual_history_call,5,50,0,-0.8119089150000036,815.267290819,815.267290819,815.267290819,1605.3921567919897,815.267290819,814.455381904,0.0,0.0,0.0,0.06630439311265945,False,True,
s-003,after_one_actual_history_call,5,50,1,-0.8119089150000036,815.267290819,815.267290819,815.267290819,1605.3921567919897,815.267290819,814.455381904,0.0,0.0,0.0,0.06617419049143791,False,True,
s-003,after_one_actual_history_call,5,10,0,-0.8119089150000036,815.267290819,815.267290819,815.267290819,1605.3921567919897,815.267290819,814.455381904,0.0,0.0,0.0,0.02536492794752121,False,True,
s-003,after_one_actual_history_call,5,10,1,-0.8119089150000036,815.267290819,815.267290819,815.267290819,1605.3921567919897,815.267290819,814.455381904,0.0,0.0,0.0,0.024500440806150436,False,True,
s-003,after_one_actual_history_call,6,200,0,-9199.319798924,10449.929366906,15011.820931037,8543.059719786394,1605.3921567919897,11481.858766317,2282.5389673930003,0.09874989228913147,677.1468106010107,0.0007066827120467891,0.21885620802640915,False,False,0.21885620802640915
s-003,after_one_actual_history_call,6,200,1,-9199.319798924,10449.929366906,15011.820931037,8543.059719786394,1605.3921567919897,11481.858766317,2282.5389673930003,0.09874989228913147,677.1468106010107,0.0007066827120467891,0.21815608441829681,False,False,0.21815608441829681
s-003,after_one_actual_history_call,6,1000,0,-9199.319798924,10449.929366906,15011.820931037,8543.059719786394,1605.3921567919897,11481.858766317,2282.5389673930003,0.09874989228913147,677.1468106010107,0.0007066827120467891,1.019600234925747,False,False,1.019600234925747
s-003,after_one_actual_history_call,6,1000,1,-9199.319798924,10449.929366906,15011.820931037,8543.059719786394,1605.3921567919897,11481.858766317,2282.5389673930003,0.09874989228913147,677.1468106010107,0.0007066827120467891,1.0196464583277702,False,False,1.0196464583277702
s-003,after_one_actual_history_call,6,50,0,-9199.319798924,10449.929366906,15011.820931037,8543.059719786394,1605.3921567919897,11481.858766317,2282.5389673930003,0.09874989228913147,677.1468106010107,0.0007066827120467891,0.06821083649992943,False,False,0.06821083649992943
s-003,after_one_actual_history_call,6,50,1,-9199.319798924,10449.929366906,15011.820931037,8543.059719786394,1605.3921567919897,11481.858766317,2282.5389673930003,0.09874989228913147,677.1468106010107,0.0007066827120467891,0.06728009879589081,False,False,0.06728009879589081
s-003,after_one_actual_history_call,6,10,0,-9199.319798924,10449.929366906,15011.820931037,8543.059719786394,1605.3921567919897,11481.858766317,2282.5389673930003,0.09874989228913147,677.1468106010107,0.0007066827120467891,0.03141196444630623,False,False,0.03141196444630623
s-003,after_one_actual_history_call,6,10,1,-9199.319798924,10449.929366906,15011.820931037,8543.059719786394,1605.3921567919897,11481.858766317,2282.5389673930003,0.09874989228913147,677.1468106010107,0.0007066827120467891,0.02875402569770813,False,False,0.02875402569770813
s-003,after_one_actual_history_call,7,200,0,-35971.064459528,35970.252550613,48264.182724651,28682.391656780477,1605.3921567919897,37844.382927941,1873.3184684129956,0.0521022301606293,267.9263116210059,0.0002796127657412657,0.2200910598039627,False,False,0.2200910598039627
s-003,after_one_actual_history_call,7,200,1,-35971.064459528,35970.252550613,48264.182724651,28682.391656780477,1605.3921567919897,37844.382927941,1873.3184684129956,0.0521022301606293,267.9263116210059,0.0002796127657412657,0.22143170982599258,False,False,0.22143170982599258
s-003,after_one_actual_history_call,7,1000,0,-35971.064459528,35970.252550613,48264.182724651,28682.391656780477,1605.3921567919897,37844.382927941,1873.3184684129956,0.0521022301606293,267.9263116210059,0.0002796127657412657,1.0219846405088902,False,False,1.0219846405088902
s-003,after_one_actual_history_call,7,1000,1,-35971.064459528,35970.252550613,48264.182724651,28682.391656780477,1605.3921567919897,37844.382927941,1873.3184684129956,0.0521022301606293,267.9263116210059,0.0002796127657412657,1.0216477252542973,False,False,1.0216477252542973
s-003,after_one_actual_history_call,7,50,0,-35971.064459528,35970.252550613,48264.182724651,28682.391656780477,1605.3921567919897,37844.382927941,1873.3184684129956,0.0521022301606293,267.9263116210059,0.0002796127657412657,0.0713711678981781,False,False,0.0713711678981781
s-003,after_one_actual_history_call,7,50,1,-35971.064459528,35970.252550613,48264.182724651,28682.391656780477,1605.3921567919897,37844.382927941,1873.3184684129956,0.0521022301606293,267.9263116210059,0.0002796127657412657,0.07122258469462395,False,False,0.07122258469462395
s-003,after_one_actual_history_call,7,10,0,-35971.064459528,35970.252550613,48264.182724651,28682.391656780477,1605.3921567919897,37844.382927941,1873.3184684129956,0.0521022301606293,267.9263116210059,0.0002796127657412657,0.029715456068515778,False,False,0.029715456068515778
s-003,after_one_actual_history_call,7,10,1,-35971.064459528,35970.252550613,48264.182724651,28682.391656780477,1605.3921567919897,37844.382927941,1873.3184684129956,0.0521022301606293,267.9263116210059,0.0002796127657412657,0.02931639924645424,False,False,0.02931639924645424
s-003,after_one_actual_history_call,8,200,0,-2.5450985160000528,815.267290819,815.267290819,815.267290819,1605.3921567919897,815.267290819,812.7221923029999,0.0,0.0,0.0,0.21633614972233772,False,True,
s-003,after_one_actual_history_call,8,200,1,-2.5450985160000528,815.267290819,815.267290819,815.267290819,1605.3921567919897,815.267290819,812.7221923029999,0.0,0.0,0.0,0.21716855466365814,False,True,
s-003,after_one_actual_history_call,8,1000,0,-2.5450985160000528,815.267290819,815.267290819,815.267290819,1605.3921567919897,815.267290819,812.7221923029999,0.0,0.0,0.0,1.019570466130972,False,True,
s-003,after_one_actual_history_call,8,1000,1,-2.5450985160000528,815.267290819,815.267290819,815.267290819,1605.3921567919897,815.267290819,812.7221923029999,0.0,0.0,0.0,1.0186171010136604,False,True,
s-003,after_one_actual_history_call,8,50,0,-2.5450985160000528,815.267290819,815.267290819,815.267290819,1605.3921567919897,815.267290819,812.7221923029999,0.0,0.0,0.0,0.06655402109026909,False,True,
s-003,after_one_actual_history_call,8,50,1,-2.5450985160000528,815.267290819,815.267290819,815.267290819,1605.3921567919897,815.267290819,812.7221923029999,0.0,0.0,0.0,0.06560806185007095,False,True,
s-003,after_one_actual_history_call,8,10,0,-2.5450985160000528,815.267290819,815.267290819,815.267290819,1605.3921567919897,815.267290819,812.7221923029999,0.0,0.0,0.0,0.025166664272546768,False,True,
s-003,after_one_actual_history_call,8,10,1,-2.5450985160000528,815.267290819,815.267290819,815.267290819,1605.3921567919897,815.267290819,812.7221923029999,0.0,0.0,0.0,0.024899184703826904,False,True,
s-003,after_one_actual_history_call,9,200,0,-10094.843783814,10578.995745311,13201.706890265,8134.76242852805,1605.3921567919897,11282.610012262,1187.7662284479993,0.0665104972050742,0.0,0.0,0.21911832317709923,False,False,
s-003,after_one_actual_history_call,9,200,1,-10094.843783814,10578.995745311,13201.706890265,8134.76242852805,1605.3921567919897,11282.610012262,1187.7662284479993,0.0665104972050742,0.0,0.0,0.21848131343722343,False,False,
s-003,after_one_actual_history_call,9,1000,0,-10094.843783814,10578.995745311,13201.706890265,8134.76242852805,1605.3921567919897,11282.610012262,1187.7662284479993,0.0665104972050742,0.0,0.0,1.0186561532318592,False,False,
s-003,after_one_actual_history_call,9,1000,1,-10094.843783814,10578.995745311,13201.706890265,8134.76242852805,1605.3921567919897,11282.610012262,1187.7662284479993,0.0665104972050742,0.0,0.0,1.0193442702293396,False,False,
s-003,after_one_actual_history_call,9,50,0,-10094.843783814,10578.995745311,13201.706890265,8134.76242852805,1605.3921567919897,11282.610012262,1187.7662284479993,0.0665104972050742,0.0,0.0,0.06799166277050972,False,False,
s-003,after_one_actual_history_call,9,50,1,-10094.843783814,10578.995745311,13201.706890265,8134.76242852805,1605.3921567919897,11282.610012262,1187.7662284479993,0.0665104972050742,0.0,0.0,0.06798726692795753,False,False,
s-003,after_one_actual_history_call,9,10,0,-10094.843783814,10578.995745311,13201.706890265,8134.76242852805,1605.3921567919897,11282.610012262,1187.7662284479993,0.0665104972050742,0.0,0.0,0.02689123898744583,False,False,
s-003,after_one_actual_history_call,9,10,1,-10094.843783814,10578.995745311,13201.706890265,8134.76242852805,1605.3921567919897,11282.610012262,1187.7662284479993,0.0665104972050742,0.0,0.0,0.029909487813711166,False,False,
s-003,after_one_actual_history_call,10,200,0,-36529.217134951,37176.647868835,55334.740116003,28964.793773897647,1605.3921567919897,38858.837451849,2329.620316897999,0.04524855465584269,724.2281601060095,0.0007558176636320808,0.2212703786790371,False,False,0.2212703786790371
s-003,after_one_actual_history_call,10,200,1,-36529.217134951,37176.647868835,55334.740116003,28964.793773897647,1605.3921567919897,38858.837451849,2329.620316897999,0.04524855465584269,724.2281601060095,0.0007558176636320808,0.2214045710861683,False,False,0.2214045710861683
s-003,after_one_actual_history_call,10,1000,0,-36529.217134951,37176.647868835,55334.740116003,28964.793773897647,1605.3921567919897,38858.837451849,2329.620316897999,0.04524855465584269,724.2281601060095,0.0007558176636320808,1.022732924669981,False,False,1.022732924669981
s-003,after_one_actual_history_call,10,1000,1,-36529.217134951,37176.647868835,55334.740116003,28964.793773897647,1605.3921567919897,38858.837451849,2329.620316897999,0.04524855465584269,724.2281601060095,0.0007558176636320808,1.0213661156594753,False,False,1.0213661156594753
s-003,after_one_actual_history_call,10,50,0,-36529.217134951,37176.647868835,55334.740116003,28964.793773897647,1605.3921567919897,38858.837451849,2329.620316897999,0.04524855465584269,724.2281601060095,0.0007558176636320808,0.06992734223604202,False,False,0.06992734223604202
s-003,after_one_actual_history_call,10,50,1,-36529.217134951,37176.647868835,55334.740116003,28964.793773897647,1605.3921567919897,38858.837451849,2329.620316897999,0.04524855465584269,724.2281601060095,0.0007558176636320808,0.06945619359612465,False,False,0.06945619359612465
s-003,after_one_actual_history_call,10,10,0,-36529.217134951,37176.647868835,55334.740116003,28964.793773897647,1605.3921567919897,38858.837451849,2329.620316897999,0.04524855465584269,724.2281601060095,0.0007558176636320808,0.030202724039554596,False,False,0.030202724039554596
s-003,after_one_actual_history_call,10,10,1,-36529.217134951,37176.647868835,55334.740116003,28964.793773897647,1605.3921567919897,38858.837451849,2329.620316897999,0.04524855465584269,724.2281601060095,0.0007558176636320808,0.030420590192079544,False,False,0.030420590192079544
s-004,after_common_greedy_prefix,0,200,0,-9352.615149551,10000.431872445999,19239.178399168,7419.610580129607,1250.6095679820282,10409.386675083,1056.771525532,0.04089371417686336,0.0,0.0,0.22108682617545128,False,False,
s-004,after_common_greedy_prefix,0,200,1,-9352.615149551,10000.431872445999,19239.178399168,7419.610580129607,1250.6095679820282,10409.386675083,1056.771525532,0.04089371417686336,0.0,0.0,0.22084690257906914,False,False,
s-004,after_common_greedy_prefix,0,1000,0,-9352.615149551,10000.431872445999,19239.178399168,7419.610580129607,1250.6095679820282,10409.386675083,1056.771525532,0.04089371417686336,0.0,0.0,1.020164918154478,False,False,
s-004,after_common_greedy_prefix,0,1000,1,-9352.615149551,10000.431872445999,19239.178399168,7419.610580129607,1250.6095679820282,10409.386675083,1056.771525532,0.04089371417686336,0.0,0.0,1.0187416784465313,False,False,
s-004,after_common_greedy_prefix,0,50,0,-9352.615149551,10000.431872445999,19239.178399168,7419.610580129607,1250.6095679820282,10409.386675083,1056.771525532,0.04089371417686336,0.0,0.0,0.06839175522327423,False,False,
s-004,after_common_greedy_prefix,0,50,1,-9352.615149551,10000.431872445999,19239.178399168,7419.610580129607,1250.6095679820282,10409.386675083,1056.771525532,0.04089371417686336,0.0,0.0,0.06929188966751099,False,False,
s-004,after_common_greedy_prefix,0,10,0,-9352.615149551,10000.431872445999,19239.178399168,7419.610580129607,1250.6095679820282,10409.386675083,1056.771525532,0.04089371417686336,0.0,0.0,0.028441421687602997,False,False,
s-004,after_common_greedy_prefix,0,10,1,-9352.615149551,10000.431872445999,19239.178399168,7419.610580129607,1250.6095679820282,10409.386675083,1056.771525532,0.04089371417686336,0.0,0.0,0.026661135256290436,False,False,
s-004,after_common_greedy_prefix,1,200,0,-34488.968087796,34488.968087796,48858.209336632,27319.87277679127,1250.6095679820282,35707.385584496,1218.4174967,0.035327745776515124,0.0,0.0,0.22101660072803497,False,False,
s-004,after_common_greedy_prefix,1,200,1,-34488.968087796,34488.968087796,48858.209336632,27319.87277679127,1250.6095679820282,35707.385584496,1218.4174967,0.035327745776515124,0.0,0.0,0.22213208675384521,False,False,
s-004,after_common_greedy_prefix,1,1000,0,-34488.968087796,34488.968087796,48858.209336632,27319.87277679127,1250.6095679820282,35707.385584496,1218.4174967,0.035327745776515124,0.0,0.0,1.022259209305048,False,False,
s-004,after_common_greedy_prefix,1,1000,1,-34488.968087796,34488.968087796,48858.209336632,27319.87277679127,1250.6095679820282,35707.385584496,1218.4174967,0.035327745776515124,0.0,0.0,1.0212528966367245,False,False,
s-004,after_common_greedy_prefix,1,50,0,-34488.968087796,34488.968087796,48858.209336632,27319.87277679127,1250.6095679820282,35707.385584496,1218.4174967,0.035327745776515124,0.0,0.0,0.07039332017302513,False,False,
s-004,after_common_greedy_prefix,1,50,1,-34488.968087796,34488.968087796,48858.209336632,27319.87277679127,1250.6095679820282,35707.385584496,1218.4174967,0.035327745776515124,0.0,0.0,0.07119765877723694,False,False,
s-004,after_common_greedy_prefix,1,10,0,-34488.968087796,34488.968087796,48858.209336632,27319.87277679127,1250.6095679820282,35616.374056054,1127.4059682580046,0.03268888664305789,0.0,0.0,0.031120575964450836,False,False,
s-004,after_common_greedy_prefix,1,10,1,-34488.968087796,34488.968087796,48858.209336632,27319.87277679127,1250.6095679820282,35616.374056054,1127.4059682580046,0.03268888664305789,0.0,0.0,0.02859976515173912,False,False,
s-004,after_common_greedy_prefix,2,200,0,-0.314675029,0.0,0.0,0.0,1250.6095679820282,0.0,-0.314675029,0.0,0.0,0.0,0.004722803831100464,False,True,
s-004,after_common_greedy_prefix,2,200,1,-0.314675029,0.0,0.0,0.0,1250.6095679820282,0.0,-0.314675029,0.0,0.0,0.0,0.004783157259225845,False,True,
s-004,after_common_greedy_prefix,2,1000,0,-0.314675029,0.0,0.0,0.0,1250.6095679820282,0.0,-0.314675029,0.0,0.0,0.0,0.004786059260368347,False,True,
s-004,after_common_greedy_prefix,2,1000,1,-0.314675029,0.0,0.0,0.0,1250.6095679820282,0.0,-0.314675029,0.0,0.0,0.0,0.004672538489103317,False,True,
s-004,after_common_greedy_prefix,2,50,0,-0.314675029,0.0,0.0,0.0,1250.6095679820282,0.0,-0.314675029,0.0,0.0,0.0,0.004652123898267746,False,True,
s-004,after_common_greedy_prefix,2,50,1,-0.314675029,0.0,0.0,0.0,1250.6095679820282,0.0,-0.314675029,0.0,0.0,0.0,0.004647094756364822,False,True,
s-004,after_common_greedy_prefix,2,10,0,-0.314675029,0.0,0.0,0.0,1250.6095679820282,0.0,-0.314675029,0.0,0.0,0.0,0.004672423005104065,False,True,
s-004,after_common_greedy_prefix,2,10,1,-0.314675029,0.0,0.0,0.0,1250.6095679820282,0.0,-0.314675029,0.0,0.0,0.0,0.0048038549721241,False,True,
s-004,after_common_greedy_prefix,3,200,0,-9480.923949217,9665.217336357,14281.557749478001,7758.333169628211,1250.6095679820282,10655.676249111,1174.7522998940003,0.10247663123189764,0.0,0.0,0.21990776807069778,False,False,
s-004,after_common_greedy_prefix,3,200,1,-9480.923949217,9665.217336357,14281.557749478001,7758.333169628211,1250.6095679820282,10655.676249111,1174.7522998940003,0.10247663123189764,0.0,0.0,0.2214667908847332,False,False,
s-004,after_common_greedy_prefix,3,1000,0,-9480.923949217,9665.217336357,14281.557749478001,7758.333169628211,1250.6095679820282,10655.676249111,1174.7522998940003,0.10247663123189764,0.0,0.0,1.0197735950350761,False,False,
s-004,after_common_greedy_prefix,3,1000,1,-9480.923949217,9665.217336357,14281.557749478001,7758.333169628211,1250.6095679820282,10655.676249111,1174.7522998940003,0.10247663123189764,0.0,0.0,1.0198374390602112,False,False,
s-004,after_common_greedy_prefix,3,50,0,-9480.923949217,9665.217336357,14281.557749478001,7758.333169628211,1250.6095679820282,10655.676249111,1174.7522998940003,0.10247663123189764,0.0,0.0,0.06827069818973541,False,False,
s-004,after_common_greedy_prefix,3,50,1,-9480.923949217,9665.217336357,14281.557749478001,7758.333169628211,1250.6095679820282,10655.676249111,1174.7522998940003,0.10247663123189764,0.0,0.0,0.06805139407515526,False,False,
s-004,after_common_greedy_prefix,3,10,0,-9480.923949217,9665.217336357,14281.557749478001,7758.333169628211,1250.6095679820282,10655.676249111,1174.7522998940003,0.10247663123189764,0.0,0.0,0.02749507501721382,False,False,
s-004,after_common_greedy_prefix,3,10,1,-9480.923949217,9665.217336357,14281.557749478001,7758.333169628211,1250.6095679820282,10655.676249111,1174.7522998940003,0.10247663123189764,0.0,0.0,0.026332631707191467,False,False,
s-004,after_common_greedy_prefix,4,200,0,-35313.96713664199,35313.652461613,43015.500963799,28754.799708266597,1250.6095679820282,35960.343413951,646.3762773090057,0.018312774444415637,0.0,0.0,0.2229217253625393,False,False,
s-004,after_common_greedy_prefix,4,200,1,-35313.96713664199,35313.652461613,43015.500963799,28754.799708266597,1250.6095679820282,35960.343413951,646.3762773090057,0.018312774444415637,0.0,0.0,0.22342173010110855,False,False,
s-004,after_common_greedy_prefix,4,1000,0,-35313.96713664199,35313.652461613,43015.500963799,28754.799708266597,1250.6095679820282,35960.343413951,646.3762773090057,0.018312774444415637,0.0,0.0,1.0222041383385658,False,False,
s-004,after_common_greedy_prefix,4,1000,1,-35313.96713664199,35313.652461613,43015.500963799,28754.799708266597,1250.6095679820282,35960.343413951,646.3762773090057,0.018312774444415637,0.0,0.0,1.0212068781256676,False,False,
s-004,after_common_greedy_prefix,4,50,0,-35313.96713664199,35313.652461613,43015.500963799,28754.799708266597,1250.6095679820282,35960.343413951,646.3762773090057,0.018312774444415637,0.0,0.0,0.07062918320298195,False,False,
s-004,after_common_greedy_prefix,4,50,1,-35313.96713664199,35313.652461613,43015.500963799,28754.799708266597,1250.6095679820282,35960.343413951,646.3762773090057,0.018312774444415637,0.0,0.0,0.07154927775263786,False,False,
s-004,after_common_greedy_prefix,4,10,0,-35313.96713664199,35313.652461613,43015.500963799,28754.799708266597,1250.6095679820282,35960.343413951,646.3762773090057,0.018312774444415637,0.0,0.0,0.02947492152452469,False,False,
s-004,after_common_greedy_prefix,4,10,1,-35313.96713664199,35313.652461613,43015.500963799,28754.799708266597,1250.6095679820282,35960.343413951,646.3762773090057,0.018312774444415637,0.0,0.0,0.02824743092060089,False,False,
s-004,after_common_greedy_prefix,5,200,0,-0.8119089150000036,815.267290819,815.267290819,815.267290819,1250.6095679820282,815.267290819,814.455381904,0.0,0.0,0.0,0.2163846231997013,False,True,
s-004,after_common_greedy_prefix,5,200,1,-0.8119089150000036,815.267290819,815.267290819,815.267290819,1250.6095679820282,815.267290819,814.455381904,0.0,0.0,0.0,0.21830333769321442,False,True,
s-004,after_common_greedy_prefix,5,1000,0,-0.8119089150000036,815.267290819,815.267290819,815.267290819,1250.6095679820282,815.267290819,814.455381904,0.0,0.0,0.0,1.0172181464731693,False,True,
s-004,after_common_greedy_prefix,5,1000,1,-0.8119089150000036,815.267290819,815.267290819,815.267290819,1250.6095679820282,815.267290819,814.455381904,0.0,0.0,0.0,1.0185212828218937,False,True,
s-004,after_common_greedy_prefix,5,50,0,-0.8119089150000036,815.267290819,815.267290819,815.267290819,1250.6095679820282,815.267290819,814.455381904,0.0,0.0,0.0,0.067706648260355,False,True,
s-004,after_common_greedy_prefix,5,50,1,-0.8119089150000036,815.267290819,815.267290819,815.267290819,1250.6095679820282,815.267290819,814.455381904,0.0,0.0,0.0,0.06638605147600174,False,True,
s-004,after_common_greedy_prefix,5,10,0,-0.8119089150000036,815.267290819,815.267290819,815.267290819,1250.6095679820282,815.267290819,814.455381904,0.0,0.0,0.0,0.025891344994306564,False,True,
s-004,after_common_greedy_prefix,5,10,1,-0.8119089150000036,815.267290819,815.267290819,815.267290819,1250.6095679820282,815.267290819,814.455381904,0.0,0.0,0.0,0.025728300213813782,False,True,
s-004,after_common_greedy_prefix,6,200,0,-9199.319798924,10449.929366906,15011.820931037,8543.059719786394,1250.6095679820282,11481.858766317,2282.5389673930003,0.09874989228913147,1031.929399410972,0.0010769402664236245,0.2192319706082344,False,False,0.2192319706082344
s-004,after_common_greedy_prefix,6,200,1,-9199.319798924,10449.929366906,15011.820931037,8543.059719786394,1250.6095679820282,11481.858766317,2282.5389673930003,0.09874989228913147,1031.929399410972,0.0010769402664236245,0.2198445089161396,False,False,0.2198445089161396
s-004,after_common_greedy_prefix,6,1000,0,-9199.319798924,10449.929366906,15011.820931037,8543.059719786394,1250.6095679820282,11481.858766317,2282.5389673930003,0.09874989228913147,1031.929399410972,0.0010769402664236245,1.01859837397933,False,False,1.01859837397933
s-004,after_common_greedy_prefix,6,1000,1,-9199.319798924,10449.929366906,15011.820931037,8543.059719786394,1250.6095679820282,11481.858766317,2282.5389673930003,0.09874989228913147,1031.929399410972,0.0010769402664236245,1.0209491588175297,False,False,1.0209491588175297
s-004,after_common_greedy_prefix,6,50,0,-9199.319798924,10449.929366906,15011.820931037,8543.059719786394,1250.6095679820282,11481.858766317,2282.5389673930003,0.09874989228913147,1031.929399410972,0.0010769402664236245,0.06932131201028824,False,False,0.06932131201028824
s-004,after_common_greedy_prefix,6,50,1,-9199.319798924,10449.929366906,15011.820931037,8543.059719786394,1250.6095679820282,11481.858766317,2282.5389673930003,0.09874989228913147,1031.929399410972,0.0010769402664236245,0.06731726229190826,False,False,0.06731726229190826
s-004,after_common_greedy_prefix,6,10,0,-9199.319798924,10449.929366906,15011.820931037,8543.059719786394,1250.6095679820282,11481.858766317,2282.5389673930003,0.09874989228913147,1031.929399410972,0.0010769402664236245,0.027320001274347305,False,False,0.027320001274347305
s-004,after_common_greedy_prefix,6,10,1,-9199.319798924,10449.929366906,15011.820931037,8543.059719786394,1250.6095679820282,11481.858766317,2282.5389673930003,0.09874989228913147,1031.929399410972,0.0010769402664236245,0.0262829028069973,False,False,0.0262829028069973
s-004,after_common_greedy_prefix,7,200,0,-36054.09620205,36053.284293135,50114.085767991,29133.053438290168,1250.6095679820282,37927.414670463,1873.3184684129956,0.05198223723781115,622.7089004309673,0.0006498703201181011,0.220758605748415,False,False,0.220758605748415
s-004,after_common_greedy_prefix,7,200,1,-36054.09620205,36053.284293135,50114.085767991,29133.053438290168,1250.6095679820282,37927.414670463,1873.3184684129956,0.05198223723781115,622.7089004309673,0.0006498703201181011,0.22222666814923286,False,False,0.22222666814923286
s-004,after_common_greedy_prefix,7,1000,0,-36054.09620205,36053.284293135,50114.085767991,29133.053438290168,1250.6095679820282,37927.414670463,1873.3184684129956,0.05198223723781115,622.7089004309673,0.0006498703201181011,1.0232117734849453,False,False,1.0232117734849453
s-004,after_common_greedy_prefix,7,1000,1,-36054.09620205,36053.284293135,50114.085767991,29133.053438290168,1250.6095679820282,37927.414670463,1873.3184684129956,0.05198223723781115,622.7089004309673,0.0006498703201181011,1.0215314403176308,False,False,1.0215314403176308
s-004,after_common_greedy_prefix,7,50,0,-36054.09620205,36053.284293135,50114.085767991,29133.053438290168,1250.6095679820282,37927.414670463,1873.3184684129956,0.05198223723781115,622.7089004309673,0.0006498703201181011,0.07333763688802719,False,False,0.07333763688802719
s-004,after_common_greedy_prefix,7,50,1,-36054.09620205,36053.284293135,50114.085767991,29133.053438290168,1250.6095679820282,37927.414670463,1873.3184684129956,0.05198223723781115,622.7089004309673,0.0006498703201181011,0.07050518691539764,False,False,0.07050518691539764
s-004,after_common_greedy_prefix,7,10,0,-36054.09620205,36053.284293135,50114.085767991,29133.053438290168,1250.6095679820282,37927.414670463,1873.3184684129956,0.05198223723781115,622.7089004309673,0.0006498703201181011,0.02950233221054077,False,False,0.02950233221054077
s-004,after_common_greedy_prefix,7,10,1,-36054.09620205,36053.284293135,50114.085767991,29133.053438290168,1250.6095679820282,37927.414670463,1873.3184684129956,0.05198223723781115,622.7089004309673,0.0006498703201181011,0.031233277171850204,False,False,0.031233277171850204
s-004,after_common_greedy_prefix,8,200,0,-2.5450985160000528,815.267290819,815.267290819,815.267290819,1250.6095679820282,815.267290819,812.7221923029999,0.0,0.0,0.0,0.21739979088306427,False,True,
s-004,after_common_greedy_prefix,8,200,1,-2.5450985160000528,815.267290819,815.267290819,815.267290819,1250.6095679820282,815.267290819,812.7221923029999,0.0,0.0,0.0,0.21883860602974892,False,True,
s-004,after_common_greedy_prefix,8,1000,0,-2.5450985160000528,815.267290819,815.267290819,815.267290819,1250.6095679820282,815.267290819,812.7221923029999,0.0,0.0,0.0,1.0177610702812672,False,True,
s-004,after_common_greedy_prefix,8,1000,1,-2.5450985160000528,815.267290819,815.267290819,815.267290819,1250.6095679820282,815.267290819,812.7221923029999,0.0,0.0,0.0,1.0179323852062225,False,True,
s-004,after_common_greedy_prefix,8,50,0,-2.5450985160000528,815.267290819,815.267290819,815.267290819,1250.6095679820282,815.267290819,812.7221923029999,0.0,0.0,0.0,0.06781481951475143,False,True,
s-004,after_common_greedy_prefix,8,50,1,-2.5450985160000528,815.267290819,815.267290819,815.267290819,1250.6095679820282,815.267290819,812.7221923029999,0.0,0.0,0.0,0.06780378520488739,False,True,
s-004,after_common_greedy_prefix,8,10,0,-2.5450985160000528,815.267290819,815.267290819,815.267290819,1250.6095679820282,815.267290819,812.7221923029999,0.0,0.0,0.0,0.028339311480522156,False,True,
s-004,after_common_greedy_prefix,8,10,1,-2.5450985160000528,815.267290819,815.267290819,815.267290819,1250.6095679820282,815.267290819,812.7221923029999,0.0,0.0,0.0,0.026050440967082977,False,True,
s-004,after_common_greedy_prefix,9,200,0,-10113.827228355,10587.922433331,13005.040602378,8124.899816677666,1250.6095679820282,11291.536700282,1177.7094719270008,0.06645442213819101,0.0,0.0,0.21923857182264328,False,False,
s-004,after_common_greedy_prefix,9,200,1,-10113.827228355,10587.922433331,13005.040602378,8124.899816677666,1250.6095679820282,11291.536700282,1177.7094719270008,0.06645442213819101,0.0,0.0,0.2213684543967247,False,False,
s-004,after_common_greedy_prefix,9,1000,0,-10113.827228355,10587.922433331,13005.040602378,8124.899816677666,1250.6095679820282,11291.536700282,1177.7094719270008,0.06645442213819101,0.0,0.0,1.0209356136620045,False,False,
s-004,after_common_greedy_prefix,9,1000,1,-10113.827228355,10587.922433331,13005.040602378,8124.899816677666,1250.6095679820282,11291.536700282,1177.7094719270008,0.06645442213819101,0.0,0.0,1.0195248275995255,False,False,
s-004,after_common_greedy_prefix,9,50,0,-10113.827228355,10587.922433331,13005.040602378,8124.899816677666,1250.6095679820282,11291.536700282,1177.7094719270008,0.06645442213819101,0.0,0.0,0.06885602325201035,False,False,
s-004,after_common_greedy_prefix,9,50,1,-10113.827228355,10587.922433331,13005.040602378,8124.899816677666,1250.6095679820282,11291.536700282,1177.7094719270008,0.06645442213819101,0.0,0.0,0.0692400261759758,False,False,
s-004,after_common_greedy_prefix,9,10,0,-10113.827228355,10587.922433331,13005.040602378,8124.899816677666,1250.6095679820282,11291.536700282,1177.7094719270008,0.06645442213819101,0.0,0.0,0.029644712805747986,False,False,
s-004,after_common_greedy_prefix,9,10,1,-10113.827228355,10587.922433331,13005.040602378,8124.899816677666,1250.6095679820282,11291.536700282,1177.7094719270008,0.06645442213819101,0.0,0.0,0.028699658811092377,False,False,
s-004,after_common_greedy_prefix,10,200,0,-36511.731424021,37173.272215441,55492.019299588,28918.92479972798,1250.6095679820282,38855.461798455,2343.730374433995,0.045252663614457164,1093.120806451967,0.0011408007303654224,0.2215275913476944,False,False,0.2215275913476944
s-004,after_common_greedy_prefix,10,200,1,-36511.731424021,37173.272215441,55492.019299588,28918.92479972798,1250.6095679820282,38855.461798455,2343.730374433995,0.045252663614457164,1093.120806451967,0.0011408007303654224,0.22181706503033638,False,False,0.22181706503033638
s-004,after_common_greedy_prefix,10,1000,0,-36511.731424021,37173.272215441,55492.019299588,28918.92479972798,1250.6095679820282,38855.461798455,2343.730374433995,0.045252663614457164,1093.120806451967,0.0011408007303654224,1.02185445651412,False,False,1.02185445651412
s-004,after_common_greedy_prefix,10,1000,1,-36511.731424021,37173.272215441,55492.019299588,28918.92479972798,1250.6095679820282,38855.461798455,2343.730374433995,0.045252663614457164,1093.120806451967,0.0011408007303654224,1.0228403843939304,False,False,1.0228403843939304
s-004,after_common_greedy_prefix,10,50,0,-36511.731424021,37173.272215441,55492.019299588,28918.92479972798,1250.6095679820282,38855.461798455,2343.730374433995,0.045252663614457164,1093.120806451967,0.0011408007303654224,0.07207807153463364,False,False,0.07207807153463364
s-004,after_common_greedy_prefix,10,50,1,-36511.731424021,37173.272215441,55492.019299588,28918.92479972798,1250.6095679820282,38855.461798455,2343.730374433995,0.045252663614457164,1093.120806451967,0.0011408007303654224,0.07067326828837395,False,False,0.07067326828837395
s-004,after_common_greedy_prefix,10,10,0,-36511.731424021,37173.272215441,55492.019299588,28918.92479972798,1250.6095679820282,38855.461798455,2343.730374433995,0.045252663614457164,1093.120806451967,0.0011408007303654224,0.029834207147359848,False,False,0.029834207147359848
s-004,after_common_greedy_prefix,10,10,1,-36511.731424021,37173.272215441,55492.019299588,28918.92479972798,1250.6095679820282,38855.461798455,2343.730374433995,0.045252663614457164,1093.120806451967,0.0011408007303654224,0.029937751591205597,False,False,0.029937751591205597
s-005,after_one_actual_history_call,0,200,0,-9352.615149551,10000.431872445999,19239.178399168,7419.610580129607,1250.6095679820282,10409.386675083,1056.771525532,0.04089371417686336,0.0,0.0,0.22175921872258186,False,False,
s-005,after_one_actual_history_call,0,200,1,-9352.615149551,10000.431872445999,19239.178399168,7419.610580129607,1250.6095679820282,10409.386675083,1056.771525532,0.04089371417686336,0.0,0.0,0.22019537538290024,False,False,
s-005,after_one_actual_history_call,0,1000,0,-9352.615149551,10000.431872445999,19239.178399168,7419.610580129607,1250.6095679820282,10409.386675083,1056.771525532,0.04089371417686336,0.0,0.0,1.0216393433511257,False,False,
s-005,after_one_actual_history_call,0,1000,1,-9352.615149551,10000.431872445999,19239.178399168,7419.610580129607,1250.6095679820282,10409.386675083,1056.771525532,0.04089371417686336,0.0,0.0,1.0197756215929985,False,False,
s-005,after_one_actual_history_call,0,50,0,-9352.615149551,10000.431872445999,19239.178399168,7419.610580129607,1250.6095679820282,10409.386675083,1056.771525532,0.04089371417686336,0.0,0.0,0.06886785849928856,False,False,
s-005,after_one_actual_history_call,0,50,1,-9352.615149551,10000.431872445999,19239.178399168,7419.610580129607,1250.6095679820282,10409.386675083,1056.771525532,0.04089371417686336,0.0,0.0,0.06943682581186295,False,False,
s-005,after_one_actual_history_call,0,10,0,-9352.615149551,10000.431872445999,19239.178399168,7419.610580129607,1250.6095679820282,10409.386675083,1056.771525532,0.04089371417686336,0.0,0.0,0.02836797386407852,False,False,
s-005,after_one_actual_history_call,0,10,1,-9352.615149551,10000.431872445999,19239.178399168,7419.610580129607,1250.6095679820282,10409.386675083,1056.771525532,0.04089371417686336,0.0,0.0,0.0292481929063797,False,False,
s-005,after_one_actual_history_call,1,200,0,-34488.968087796,34488.968087796,48858.209336632,27319.87277679127,1250.6095679820282,35707.385584496,1218.4174967,0.035327745776515124,0.0,0.0,0.22144097462296486,False,False,
s-005,after_one_actual_history_call,1,200,1,-34488.968087796,34488.968087796,48858.209336632,27319.87277679127,1250.6095679820282,35707.385584496,1218.4174967,0.035327745776515124,0.0,0.0,0.223000630736351,False,False,
s-005,after_one_actual_history_call,1,1000,0,-34488.968087796,34488.968087796,48858.209336632,27319.87277679127,1250.6095679820282,35707.385584496,1218.4174967,0.035327745776515124,0.0,0.0,1.0212158113718033,False,False,
s-005,after_one_actual_history_call,1,1000,1,-34488.968087796,34488.968087796,48858.209336632,27319.87277679127,1250.6095679820282,35707.385584496,1218.4174967,0.035327745776515124,0.0,0.0,1.020698569715023,False,False,
s-005,after_one_actual_history_call,1,50,0,-34488.968087796,34488.968087796,48858.209336632,27319.87277679127,1250.6095679820282,35707.385584496,1218.4174967,0.035327745776515124,0.0,0.0,0.07223732024431229,False,False,
s-005,after_one_actual_history_call,1,50,1,-34488.968087796,34488.968087796,48858.209336632,27319.87277679127,1250.6095679820282,35707.385584496,1218.4174967,0.035327745776515124,0.0,0.0,0.07150917500257492,False,False,
s-005,after_one_actual_history_call,1,10,0,-34488.968087796,34488.968087796,48858.209336632,27319.87277679127,1250.6095679820282,35616.374056054,1127.4059682580046,0.03268888664305789,0.0,0.0,0.030449047684669495,False,False,
s-005,after_one_actual_history_call,1,10,1,-34488.968087796,34488.968087796,48858.209336632,27319.87277679127,1250.6095679820282,35616.374056054,1127.4059682580046,0.03268888664305789,0.0,0.0,0.030451767146587372,False,False,
s-005,after_one_actual_history_call,2,200,0,-0.314675029,0.0,0.0,0.0,1250.6095679820282,0.0,-0.314675029,0.0,0.0,0.0,0.0030805058777332306,False,True,
s-005,after_one_actual_history_call,2,200,1,-0.314675029,0.0,0.0,0.0,1250.6095679820282,0.0,-0.314675029,0.0,0.0,0.0,0.003041990101337433,False,True,
s-005,after_one_actual_history_call,2,1000,0,-0.314675029,0.0,0.0,0.0,1250.6095679820282,0.0,-0.314675029,0.0,0.0,0.0,0.004625033587217331,False,True,
s-005,after_one_actual_history_call,2,1000,1,-0.314675029,0.0,0.0,0.0,1250.6095679820282,0.0,-0.314675029,0.0,0.0,0.0,0.004638656973838806,False,True,
s-005,after_one_actual_history_call,2,50,0,-0.314675029,0.0,0.0,0.0,1250.6095679820282,0.0,-0.314675029,0.0,0.0,0.0,0.004635520279407501,False,True,
s-005,after_one_actual_history_call,2,50,1,-0.314675029,0.0,0.0,0.0,1250.6095679820282,0.0,-0.314675029,0.0,0.0,0.0,0.004774518311023712,False,True,
s-005,after_one_actual_history_call,2,10,0,-0.314675029,0.0,0.0,0.0,1250.6095679820282,0.0,-0.314675029,0.0,0.0,0.0,0.004796504974365234,False,True,
s-005,after_one_actual_history_call,2,10,1,-0.314675029,0.0,0.0,0.0,1250.6095679820282,0.0,-0.314675029,0.0,0.0,0.0,0.004603024572134018,False,True,
s-005,after_one_actual_history_call,3,200,0,-9480.923949217,9665.217336357,14281.557749478001,7758.333169628211,1250.6095679820282,10655.676249111,1174.7522998940003,0.10247663123189764,0.0,0.0,0.21817409992218018,False,False,
s-005,after_one_actual_history_call,3,200,1,-9480.923949217,9665.217336357,14281.557749478001,7758.333169628211,1250.6095679820282,10655.676249111,1174.7522998940003,0.10247663123189764,0.0,0.0,0.21863722801208496,False,False,
s-005,after_one_actual_history_call,3,1000,0,-9480.923949217,9665.217336357,14281.557749478001,7758.333169628211,1250.6095679820282,10655.676249111,1174.7522998940003,0.10247663123189764,0.0,0.0,1.018860749900341,False,False,
s-005,after_one_actual_history_call,3,1000,1,-9480.923949217,9665.217336357,14281.557749478001,7758.333169628211,1250.6095679820282,10655.676249111,1174.7522998940003,0.10247663123189764,0.0,0.0,1.0192036479711533,False,False,
s-005,after_one_actual_history_call,3,50,0,-9480.923949217,9665.217336357,14281.557749478001,7758.333169628211,1250.6095679820282,10655.676249111,1174.7522998940003,0.10247663123189764,0.0,0.0,0.06870467588305473,False,False,
s-005,after_one_actual_history_call,3,50,1,-9480.923949217,9665.217336357,14281.557749478001,7758.333169628211,1250.6095679820282,10655.676249111,1174.7522998940003,0.10247663123189764,0.0,0.0,0.06918000057339668,False,False,
s-005,after_one_actual_history_call,3,10,0,-9480.923949217,9665.217336357,14281.557749478001,7758.333169628211,1250.6095679820282,10655.676249111,1174.7522998940003,0.10247663123189764,0.0,0.0,0.028721779584884644,False,False,
s-005,after_one_actual_history_call,3,10,1,-9480.923949217,9665.217336357,14281.557749478001,7758.333169628211,1250.6095679820282,10655.676249111,1174.7522998940003,0.10247663123189764,0.0,0.0,0.02775532379746437,False,False,
s-005,after_one_actual_history_call,4,200,0,-35313.96713664199,35313.652461613,43015.500963799,28754.799708266597,1250.6095679820282,35960.343413951,646.3762773090057,0.018312774444415637,0.0,0.0,0.2228350155055523,False,False,
s-005,after_one_actual_history_call,4,200,1,-35313.96713664199,35313.652461613,43015.500963799,28754.799708266597,1250.6095679820282,35960.343413951,646.3762773090057,0.018312774444415637,0.0,0.0,0.22108961641788483,False,False,
s-005,after_one_actual_history_call,4,1000,0,-35313.96713664199,35313.652461613,43015.500963799,28754.799708266597,1250.6095679820282,35960.343413951,646.3762773090057,0.018312774444415637,0.0,0.0,1.0218452401459217,False,False,
s-005,after_one_actual_history_call,4,1000,1,-35313.96713664199,35313.652461613,43015.500963799,28754.799708266597,1250.6095679820282,35960.343413951,646.3762773090057,0.018312774444415637,0.0,0.0,1.0225789994001389,False,False,
s-005,after_one_actual_history_call,4,50,0,-35313.96713664199,35313.652461613,43015.500963799,28754.799708266597,1250.6095679820282,35960.343413951,646.3762773090057,0.018312774444415637,0.0,0.0,0.07288999482989311,False,False,
s-005,after_one_actual_history_call,4,50,1,-35313.96713664199,35313.652461613,43015.500963799,28754.799708266597,1250.6095679820282,35960.343413951,646.3762773090057,0.018312774444415637,0.0,0.0,0.07242969051003456,False,False,
s-005,after_one_actual_history_call,4,10,0,-35313.96713664199,35313.652461613,43015.500963799,28754.799708266597,1250.6095679820282,35960.343413951,646.3762773090057,0.018312774444415637,0.0,0.0,0.03342905268073082,False,False,
s-005,after_one_actual_history_call,4,10,1,-35313.96713664199,35313.652461613,43015.500963799,28754.799708266597,1250.6095679820282,35960.343413951,646.3762773090057,0.018312774444415637,0.0,0.0,0.03458636626601219,False,False,
s-005,after_one_actual_history_call,5,200,0,-0.8119089150000036,815.267290819,815.267290819,815.267290819,1250.6095679820282,815.267290819,814.455381904,0.0,0.0,0.0,0.21954166144132614,False,True,
s-005,after_one_actual_history_call,5,200,1,-0.8119089150000036,815.267290819,815.267290819,815.267290819,1250.6095679820282,815.267290819,814.455381904,0.0,0.0,0.0,0.21765867248177528,False,True,
s-005,after_one_actual_history_call,5,1000,0,-0.8119089150000036,815.267290819,815.267290819,815.267290819,1250.6095679820282,815.267290819,814.455381904,0.0,0.0,0.0,1.0181635431945324,False,True,
s-005,after_one_actual_history_call,5,1000,1,-0.8119089150000036,815.267290819,815.267290819,815.267290819,1250.6095679820282,815.267290819,814.455381904,0.0,0.0,0.0,1.0181774236261845,False,True,
s-005,after_one_actual_history_call,5,50,0,-0.8119089150000036,815.267290819,815.267290819,815.267290819,1250.6095679820282,815.267290819,814.455381904,0.0,0.0,0.0,0.06854648515582085,False,True,
s-005,after_one_actual_history_call,5,50,1,-0.8119089150000036,815.267290819,815.267290819,815.267290819,1250.6095679820282,815.267290819,814.455381904,0.0,0.0,0.0,0.06876270473003387,False,True,
s-005,after_one_actual_history_call,5,10,0,-0.8119089150000036,815.267290819,815.267290819,815.267290819,1250.6095679820282,815.267290819,814.455381904,0.0,0.0,0.0,0.028040044009685516,False,True,
s-005,after_one_actual_history_call,5,10,1,-0.8119089150000036,815.267290819,815.267290819,815.267290819,1250.6095679820282,815.267290819,814.455381904,0.0,0.0,0.0,0.026942376047372818,False,True,
s-005,after_one_actual_history_call,6,200,0,-9199.319798924,10449.929366906,15011.820931037,8543.059719786394,1250.6095679820282,11481.858766317,2282.5389673930003,0.09874989228913147,1031.929399410972,0.0010769402664236245,0.22123531252145767,False,False,0.22123531252145767
s-005,after_one_actual_history_call,6,200,1,-9199.319798924,10449.929366906,15011.820931037,8543.059719786394,1250.6095679820282,11481.858766317,2282.5389673930003,0.09874989228913147,1031.929399410972,0.0010769402664236245,0.22189780697226524,False,False,0.22189780697226524
s-005,after_one_actual_history_call,6,1000,0,-9199.319798924,10449.929366906,15011.820931037,8543.059719786394,1250.6095679820282,11481.858766317,2282.5389673930003,0.09874989228913147,1031.929399410972,0.0010769402664236245,1.0211172066628933,False,False,1.0211172066628933
s-005,after_one_actual_history_call,6,1000,1,-9199.319798924,10449.929366906,15011.820931037,8543.059719786394,1250.6095679820282,11481.858766317,2282.5389673930003,0.09874989228913147,1031.929399410972,0.0010769402664236245,1.0205858312547207,False,False,1.0205858312547207
s-005,after_one_actual_history_call,6,50,0,-9199.319798924,10449.929366906,15011.820931037,8543.059719786394,1250.6095679820282,11481.858766317,2282.5389673930003,0.09874989228913147,1031.929399410972,0.0010769402664236245,0.0694887638092041,False,False,0.0694887638092041
s-005,after_one_actual_history_call,6,50,1,-9199.319798924,10449.929366906,15011.820931037,8543.059719786394,1250.6095679820282,11481.858766317,2282.5389673930003,0.09874989228913147,1031.929399410972,0.0010769402664236245,0.06833836063742638,False,False,0.06833836063742638
s-005,after_one_actual_history_call,6,10,0,-9199.319798924,10449.929366906,15011.820931037,8543.059719786394,1250.6095679820282,11481.858766317,2282.5389673930003,0.09874989228913147,1031.929399410972,0.0010769402664236245,0.028346769511699677,False,False,0.028346769511699677
s-005,after_one_actual_history_call,6,10,1,-9199.319798924,10449.929366906,15011.820931037,8543.059719786394,1250.6095679820282,11481.858766317,2282.5389673930003,0.09874989228913147,1031.929399410972,0.0010769402664236245,0.027016356587409973,False,False,0.027016356587409973
s-005,after_one_actual_history_call,7,200,0,-36054.09620205,36053.284293135,50114.085767991,29133.053438290168,1250.6095679820282,37927.414670463,1873.3184684129956,0.05198223723781115,622.7089004309673,0.0006498703201181011,0.22096699848771095,False,False,0.22096699848771095
s-005,after_one_actual_history_call,7,200,1,-36054.09620205,36053.284293135,50114.085767991,29133.053438290168,1250.6095679820282,37927.414670463,1873.3184684129956,0.05198223723781115,622.7089004309673,0.0006498703201181011,0.22287073731422424,False,False,0.22287073731422424
s-005,after_one_actual_history_call,7,1000,0,-36054.09620205,36053.284293135,50114.085767991,29133.053438290168,1250.6095679820282,37927.414670463,1873.3184684129956,0.05198223723781115,622.7089004309673,0.0006498703201181011,1.0245002321898937,False,False,1.0245002321898937
s-005,after_one_actual_history_call,7,1000,1,-36054.09620205,36053.284293135,50114.085767991,29133.053438290168,1250.6095679820282,37927.414670463,1873.3184684129956,0.05198223723781115,622.7089004309673,0.0006498703201181011,1.0235397815704346,False,False,1.0235397815704346
s-005,after_one_actual_history_call,7,50,0,-36054.09620205,36053.284293135,50114.085767991,29133.053438290168,1250.6095679820282,37927.414670463,1873.3184684129956,0.05198223723781115,622.7089004309673,0.0006498703201181011,0.07251517474651337,False,False,0.07251517474651337
s-005,after_one_actual_history_call,7,50,1,-36054.09620205,36053.284293135,50114.085767991,29133.053438290168,1250.6095679820282,37927.414670463,1873.3184684129956,0.05198223723781115,622.7089004309673,0.0006498703201181011,0.0720633827149868,False,False,0.0720633827149868
s-005,after_one_actual_history_call,7,10,0,-36054.09620205,36053.284293135,50114.085767991,29133.053438290168,1250.6095679820282,37927.414670463,1873.3184684129956,0.05198223723781115,622.7089004309673,0.0006498703201181011,0.030553553253412247,False,False,0.030553553253412247
s-005,after_one_actual_history_call,7,10,1,-36054.09620205,36053.284293135,50114.085767991,29133.053438290168,1250.6095679820282,37927.414670463,1873.3184684129956,0.05198223723781115,622.7089004309673,0.0006498703201181011,0.028807226568460464,False,False,0.028807226568460464
s-005,after_one_actual_history_call,8,200,0,-2.5450985160000528,815.267290819,815.267290819,815.267290819,1250.6095679820282,815.267290819,812.7221923029999,0.0,0.0,0.0,0.21552154794335365,False,True,
s-005,after_one_actual_history_call,8,200,1,-2.5450985160000528,815.267290819,815.267290819,815.267290819,1250.6095679820282,815.267290819,812.7221923029999,0.0,0.0,0.0,0.21739604324102402,False,True,
s-005,after_one_actual_history_call,8,1000,0,-2.5450985160000528,815.267290819,815.267290819,815.267290819,1250.6095679820282,815.267290819,812.7221923029999,0.0,0.0,0.0,1.0179357565939426,False,True,
s-005,after_one_actual_history_call,8,1000,1,-2.5450985160000528,815.267290819,815.267290819,815.267290819,1250.6095679820282,815.267290819,812.7221923029999,0.0,0.0,0.0,1.0180288143455982,False,True,
s-005,after_one_actual_history_call,8,50,0,-2.5450985160000528,815.267290819,815.267290819,815.267290819,1250.6095679820282,815.267290819,812.7221923029999,0.0,0.0,0.0,0.06674042344093323,False,True,
s-005,after_one_actual_history_call,8,50,1,-2.5450985160000528,815.267290819,815.267290819,815.267290819,1250.6095679820282,815.267290819,812.7221923029999,0.0,0.0,0.0,0.06691409647464752,False,True,
s-005,after_one_actual_history_call,8,10,0,-2.5450985160000528,815.267290819,815.267290819,815.267290819,1250.6095679820282,815.267290819,812.7221923029999,0.0,0.0,0.0,0.026277948170900345,False,True,
s-005,after_one_actual_history_call,8,10,1,-2.5450985160000528,815.267290819,815.267290819,815.267290819,1250.6095679820282,815.267290819,812.7221923029999,0.0,0.0,0.0,0.024641983211040497,False,True,
s-005,after_one_actual_history_call,9,200,0,-10113.827228355,10587.922433331,13005.040602378,8124.899816677666,1250.6095679820282,11291.536700282,1177.7094719270008,0.06645442213819101,0.0,0.0,0.21824388951063156,False,False,
s-005,after_one_actual_history_call,9,200,1,-10113.827228355,10587.922433331,13005.040602378,8124.899816677666,1250.6095679820282,11291.536700282,1177.7094719270008,0.06645442213819101,0.0,0.0,0.22012382373213768,False,False,
s-005,after_one_actual_history_call,9,1000,0,-10113.827228355,10587.922433331,13005.040602378,8124.899816677666,1250.6095679820282,11291.536700282,1177.7094719270008,0.06645442213819101,0.0,0.0,1.0212452001869678,False,False,
s-005,after_one_actual_history_call,9,1000,1,-10113.827228355,10587.922433331,13005.040602378,8124.899816677666,1250.6095679820282,11291.536700282,1177.7094719270008,0.06645442213819101,0.0,0.0,1.020244799554348,False,False,
s-005,after_one_actual_history_call,9,50,0,-10113.827228355,10587.922433331,13005.040602378,8124.899816677666,1250.6095679820282,11291.536700282,1177.7094719270008,0.06645442213819101,0.0,0.0,0.0700814314186573,False,False,
s-005,after_one_actual_history_call,9,50,1,-10113.827228355,10587.922433331,13005.040602378,8124.899816677666,1250.6095679820282,11291.536700282,1177.7094719270008,0.06645442213819101,0.0,0.0,0.06838231533765793,False,False,
s-005,after_one_actual_history_call,9,10,0,-10113.827228355,10587.922433331,13005.040602378,8124.899816677666,1250.6095679820282,11291.536700282,1177.7094719270008,0.06645442213819101,0.0,0.0,0.02888604626059532,False,False,
s-005,after_one_actual_history_call,9,10,1,-10113.827228355,10587.922433331,13005.040602378,8124.899816677666,1250.6095679820282,11291.536700282,1177.7094719270008,0.06645442213819101,0.0,0.0,0.02731897309422493,False,False,
s-005,after_one_actual_history_call,10,200,0,-36511.731424021,37173.272215441,55492.019299588,28918.92479972798,1250.6095679820282,38855.461798455,2343.730374433995,0.045252663614457164,1093.120806451967,0.0011408007303654224,0.22034794464707375,False,False,0.22034794464707375
s-005,after_one_actual_history_call,10,200,1,-36511.731424021,37173.272215441,55492.019299588,28918.92479972798,1250.6095679820282,38855.461798455,2343.730374433995,0.045252663614457164,1093.120806451967,0.0011408007303654224,0.22192570194602013,False,False,0.22192570194602013
s-005,after_one_actual_history_call,10,1000,0,-36511.731424021,37173.272215441,55492.019299588,28918.92479972798,1250.6095679820282,38855.461798455,2343.730374433995,0.045252663614457164,1093.120806451967,0.0011408007303654224,1.0232883431017399,False,False,1.0232883431017399
s-005,after_one_actual_history_call,10,1000,1,-36511.731424021,37173.272215441,55492.019299588,28918.92479972798,1250.6095679820282,38855.461798455,2343.730374433995,0.045252663614457164,1093.120806451967,0.0011408007303654224,1.0221615880727768,False,False,1.0221615880727768
s-005,after_one_actual_history_call,10,50,0,-36511.731424021,37173.272215441,55492.019299588,28918.92479972798,1250.6095679820282,38855.461798455,2343.730374433995,0.045252663614457164,1093.120806451967,0.0011408007303654224,0.0712975449860096,False,False,0.0712975449860096
s-005,after_one_actual_history_call,10,50,1,-36511.731424021,37173.272215441,55492.019299588,28918.92479972798,1250.6095679820282,38855.461798455,2343.730374433995,0.045252663614457164,1093.120806451967,0.0011408007303654224,0.07127593830227852,False,False,0.07127593830227852
s-005,after_one_actual_history_call,10,10,0,-36511.731424021,37173.272215441,55492.019299588,28918.92479972798,1250.6095679820282,38855.461798455,2343.730374433995,0.045252663614457164,1093.120806451967,0.0011408007303654224,0.029055926948785782,False,False,0.029055926948785782
s-005,after_one_actual_history_call,10,10,1,-36511.731424021,37173.272215441,55492.019299588,28918.92479972798,1250.6095679820282,38855.461798455,2343.730374433995,0.045252663614457164,1093.120806451967,0.0011408007303654224,0.028415102511644363,False,False,0.028415102511644363
s-006,after_common_greedy_prefix,0,200,0,-9148.563244447,9402.084905939,19556.24980126,7065.378698560806,1250.6095679820282,9944.518911633,795.9556671860009,0.057692949076790574,0.0,0.0,0.22202816233038902,False,False,
s-006,after_common_greedy_prefix,0,200,1,-9148.563244447,9402.084905939,19556.24980126,7065.378698560806,1250.6095679820282,9944.518911633,795.9556671860009,0.057692949076790574,0.0,0.0,0.22003094851970673,False,False,
s-006,after_common_greedy_prefix,0,1000,0,-9148.563244447,9402.084905939,19556.24980126,7065.378698560806,1250.6095679820282,9944.518911633,795.9556671860009,0.057692949076790574,0.0,0.0,1.0189226679503918,False,False,
s-006,after_common_greedy_prefix,0,1000,1,-9148.563244447,9402.084905939,19556.24980126,7065.378698560806,1250.6095679820282,9944.518911633,795.9556671860009,0.057692949076790574,0.0,0.0,1.0189336948096752,False,False,
s-006,after_common_greedy_prefix,0,50,0,-9148.563244447,9402.084905939,19556.24980126,7065.378698560806,1250.6095679820282,9944.518911633,795.9556671860009,0.057692949076790574,0.0,0.0,0.06901349872350693,False,False,
s-006,after_common_greedy_prefix,0,50,1,-9148.563244447,9402.084905939,19556.24980126,7065.378698560806,1250.6095679820282,9944.518911633,795.9556671860009,0.057692949076790574,0.0,0.0,0.0686986930668354,False,False,
s-006,after_common_greedy_prefix,0,10,0,-9148.563244447,9402.084905939,19556.24980126,7065.378698560806,1250.6095679820282,9944.518911633,795.9556671860009,0.057692949076790574,0.0,0.0,0.0284336619079113,False,False,
s-006,after_common_greedy_prefix,0,10,1,-9148.563244447,9402.084905939,19556.24980126,7065.378698560806,1250.6095679820282,9944.518911633,795.9556671860009,0.057692949076790574,0.0,0.0,0.027797844260931015,False,False,
s-006,after_common_greedy_prefix,1,200,0,-34434.226087034,34434.226087034,40521.89987226,27166.853872712734,1250.6095679820282,35062.26496578,628.038878745996,0.018238797560270425,0.0,0.0,0.22096749022603035,False,False,
s-006,after_common_greedy_prefix,1,200,1,-34434.226087034,34434.226087034,40521.89987226,27166.853872712734,1250.6095679820282,35062.26496578,628.038878745996,0.018238797560270425,0.0,0.0,0.22275961935520172,False,False,
s-006,after_common_greedy_prefix,1,1000,0,-34434.226087034,34434.226087034,40521.89987226,27166.853872712734,1250.6095679820282,35062.26496578,628.038878745996,0.018238797560270425,0.0,0.0,1.0211717821657658,False,False,
s-006,after_common_greedy_prefix,1,1000,1,-34434.226087034,34434.226087034,40521.89987226,27166.853872712734,1250.6095679820282,35062.26496578,628.038878745996,0.018238797560270425,0.0,0.0,1.0204548388719559,False,False,
s-006,after_common_greedy_prefix,1,50,0,-34434.226087034,34434.226087034,40521.89987226,27166.853872712734,1250.6095679820282,35062.26496578,628.038878745996,0.018238797560270425,0.0,0.0,0.07109794020652771,False,False,
s-006,after_common_greedy_prefix,1,50,1,-34434.226087034,34434.226087034,40521.89987226,27166.853872712734,1250.6095679820282,35062.26496578,628.038878745996,0.018238797560270425,0.0,0.0,0.07266202196478844,False,False,
s-006,after_common_greedy_prefix,1,10,0,-34434.226087034,34434.226087034,40521.89987226,27166.853872712734,1250.6095679820282,35062.26496578,628.038878745996,0.018238797560270425,0.0,0.0,0.02990543469786644,False,False,
s-006,after_common_greedy_prefix,1,10,1,-34434.226087034,34434.226087034,40521.89987226,27166.853872712734,1250.6095679820282,35062.26496578,628.038878745996,0.018238797560270425,0.0,0.0,0.028753161430358887,False,False,
s-006,after_common_greedy_prefix,2,200,0,-0.314675029,0.0,0.0,0.0,1250.6095679820282,0.0,-0.314675029,0.0,0.0,0.0,0.004735391587018967,False,True,
s-006,after_common_greedy_prefix,2,200,1,-0.314675029,0.0,0.0,0.0,1250.6095679820282,0.0,-0.314675029,0.0,0.0,0.0,0.0047210343182086945,False,True,
s-006,after_common_greedy_prefix,2,1000,0,-0.314675029,0.0,0.0,0.0,1250.6095679820282,0.0,-0.314675029,0.0,0.0,0.0,0.004727538675069809,False,True,
s-006,after_common_greedy_prefix,2,1000,1,-0.314675029,0.0,0.0,0.0,1250.6095679820282,0.0,-0.314675029,0.0,0.0,0.0,0.00471225380897522,False,True,
s-006,after_common_greedy_prefix,2,50,0,-0.314675029,0.0,0.0,0.0,1250.6095679820282,0.0,-0.314675029,0.0,0.0,0.0,0.004746194928884506,False,True,
s-006,after_common_greedy_prefix,2,50,1,-0.314675029,0.0,0.0,0.0,1250.6095679820282,0.0,-0.314675029,0.0,0.0,0.0,0.004796665161848068,False,True,
s-006,after_common_greedy_prefix,2,10,0,-0.314675029,0.0,0.0,0.0,1250.6095679820282,0.0,-0.314675029,0.0,0.0,0.0,0.00472114235162735,False,True,
s-006,after_common_greedy_prefix,2,10,1,-0.314675029,0.0,0.0,0.0,1250.6095679820282,0.0,-0.314675029,0.0,0.0,0.0,0.004745393991470337,False,True,
s-006,after_common_greedy_prefix,3,200,0,-9190.013601977,9625.853113026,14522.851986944,7735.036005428377,1250.6095679820282,10665.636171989,1475.6225700119994,0.10801983437249141,225.01300202997118,0.00023482765632344303,0.21867862716317177,False,False,0.21867862716317177
s-006,after_common_greedy_prefix,3,200,1,-9190.013601977,9625.853113026,14522.851986944,7735.036005428377,1250.6095679820282,10665.636171989,1475.6225700119994,0.10801983437249141,225.01300202997118,0.00023482765632344303,0.21958015859127045,False,False,0.21958015859127045
s-006,after_common_greedy_prefix,3,1000,0,-9190.013601977,9625.853113026,14522.851986944,7735.036005428377,1250.6095679820282,10665.636171989,1475.6225700119994,0.10801983437249141,225.01300202997118,0.00023482765632344303,1.0197300799190998,False,False,1.0197300799190998
s-006,after_common_greedy_prefix,3,1000,1,-9190.013601977,9625.853113026,14522.851986944,7735.036005428377,1250.6095679820282,10665.636171989,1475.6225700119994,0.10801983437249141,225.01300202997118,0.00023482765632344303,1.0204888842999935,False,False,1.0204888842999935
s-006,after_common_greedy_prefix,3,50,0,-9190.013601977,9625.853113026,14522.851986944,7735.036005428377,1250.6095679820282,10665.636171989,1475.6225700119994,0.10801983437249141,225.01300202997118,0.00023482765632344303,0.06929073482751846,False,False,0.06929073482751846
s-006,after_common_greedy_prefix,3,50,1,-9190.013601977,9625.853113026,14522.851986944,7735.036005428377,1250.6095679820282,10665.636171989,1475.6225700119994,0.10801983437249141,225.01300202997118,0.00023482765632344303,0.06780756264925003,False,False,0.06780756264925003
s-006,after_common_greedy_prefix,3,10,0,-9190.013601977,9625.853113026,14522.851986944,7735.036005428377,1250.6095679820282,10665.636171989,1475.6225700119994,0.10801983437249141,225.01300202997118,0.00023482765632344303,0.02679033949971199,False,False,0.02679033949971199
s-006,after_common_greedy_prefix,3,10,1,-9190.013601977,9625.853113026,14522.851986944,7735.036005428377,1250.6095679820282,10665.636171989,1475.6225700119994,0.10801983437249141,225.01300202997118,0.00023482765632344303,0.026170212775468826,False,False,0.026170212775468826
s-006,after_common_greedy_prefix,4,200,0,-35313.96713664199,35313.652461613,43015.500963799,28754.799708266597,1250.6095679820282,35960.343413951,646.3762773090057,0.018312774444415637,0.0,0.0,0.2208498939871788,False,False,
s-006,after_common_greedy_prefix,4,200,1,-35313.96713664199,35313.652461613,43015.500963799,28754.799708266597,1250.6095679820282,35960.343413951,646.3762773090057,0.018312774444415637,0.0,0.0,0.22303582355380058,False,False,
s-006,after_common_greedy_prefix,4,1000,0,-35313.96713664199,35313.652461613,43015.500963799,28754.799708266597,1250.6095679820282,35960.343413951,646.3762773090057,0.018312774444415637,0.0,0.0,1.0217796079814434,False,False,
s-006,after_common_greedy_prefix,4,1000,1,-35313.96713664199,35313.652461613,43015.500963799,28754.799708266597,1250.6095679820282,35960.343413951,646.3762773090057,0.018312774444415637,0.0,0.0,1.021533440798521,False,False,
s-006,after_common_greedy_prefix,4,50,0,-35313.96713664199,35313.652461613,43015.500963799,28754.799708266597,1250.6095679820282,35960.343413951,646.3762773090057,0.018312774444415637,0.0,0.0,0.07375965267419815,False,False,
s-006,after_common_greedy_prefix,4,50,1,-35313.96713664199,35313.652461613,43015.500963799,28754.799708266597,1250.6095679820282,35960.343413951,646.3762773090057,0.018312774444415637,0.0,0.0,0.0742701068520546,False,False,
s-006,after_common_greedy_prefix,4,10,0,-35313.96713664199,35313.652461613,43015.500963799,28754.799708266597,1250.6095679820282,35960.343413951,646.3762773090057,0.018312774444415637,0.0,0.0,0.031723473221063614,False,False,
s-006,after_common_greedy_prefix,4,10,1,-35313.96713664199,35313.652461613,43015.500963799,28754.799708266597,1250.6095679820282,35960.343413951,646.3762773090057,0.018312774444415637,0.0,0.0,0.02930159494280815,False,False,
s-006,after_common_greedy_prefix,5,200,0,-0.8119089150000036,815.267290819,815.267290819,815.267290819,1250.6095679820282,815.267290819,814.455381904,0.0,0.0,0.0,0.21605998650193214,False,True,
s-006,after_common_greedy_prefix,5,200,1,-0.8119089150000036,815.267290819,815.267290819,815.267290819,1250.6095679820282,815.267290819,814.455381904,0.0,0.0,0.0,0.21792467683553696,False,True,
s-006,after_common_greedy_prefix,5,1000,0,-0.8119089150000036,815.267290819,815.267290819,815.267290819,1250.6095679820282,815.267290819,814.455381904,0.0,0.0,0.0,1.0173209570348263,False,True,
s-006,after_common_greedy_prefix,5,1000,1,-0.8119089150000036,815.267290819,815.267290819,815.267290819,1250.6095679820282,815.267290819,814.455381904,0.0,0.0,0.0,1.017655175179243,False,True,
s-006,after_common_greedy_prefix,5,50,0,-0.8119089150000036,815.267290819,815.267290819,815.267290819,1250.6095679820282,815.267290819,814.455381904,0.0,0.0,0.0,0.06643831357359886,False,True,
s-006,after_common_greedy_prefix,5,50,1,-0.8119089150000036,815.267290819,815.267290819,815.267290819,1250.6095679820282,815.267290819,814.455381904,0.0,0.0,0.0,0.06592842936515808,False,True,
s-006,after_common_greedy_prefix,5,10,0,-0.8119089150000036,815.267290819,815.267290819,815.267290819,1250.6095679820282,815.267290819,814.455381904,0.0,0.0,0.0,0.027333490550518036,False,True,
s-006,after_common_greedy_prefix,5,10,1,-0.8119089150000036,815.267290819,815.267290819,815.267290819,1250.6095679820282,815.267290819,814.455381904,0.0,0.0,0.0,0.025689441710710526,False,True,
s-006,after_common_greedy_prefix,6,200,0,-9143.892321546,10394.501889528,15477.533347121,8683.249087087894,1250.6095679820282,11426.431288939,2282.5389673930003,0.09927646465201208,1031.929399410972,0.0010769402664236245,0.22050170972943306,False,False,0.22050170972943306
s-006,after_common_greedy_prefix,6,200,1,-9143.892321546,10394.501889528,15477.533347121,8683.249087087894,1250.6095679820282,11426.431288939,2282.5389673930003,0.09927646465201208,1031.929399410972,0.0010769402664236245,0.22060611099004745,False,False,0.22060611099004745
s-006,after_common_greedy_prefix,6,1000,0,-9143.892321546,10394.501889528,15477.533347121,8683.249087087894,1250.6095679820282,11426.431288939,2282.5389673930003,0.09927646465201208,1031.929399410972,0.0010769402664236245,1.0205594711005688,False,False,1.0205594711005688
s-006,after_common_greedy_prefix,6,1000,1,-9143.892321546,10394.501889528,15477.533347121,8683.249087087894,1250.6095679820282,11426.431288939,2282.5389673930003,0.09927646465201208,1031.929399410972,0.0010769402664236245,1.0203866884112358,False,False,1.0203866884112358
s-006,after_common_greedy_prefix,6,50,0,-9143.892321546,10394.501889528,15477.533347121,8683.249087087894,1250.6095679820282,11426.431288939,2282.5389673930003,0.09927646465201208,1031.929399410972,0.0010769402664236245,0.06835861131548882,False,False,0.06835861131548882
s-006,after_common_greedy_prefix,6,50,1,-9143.892321546,10394.501889528,15477.533347121,8683.249087087894,1250.6095679820282,11426.431288939,2282.5389673930003,0.09927646465201208,1031.929399410972,0.0010769402664236245,0.06852386146783829,False,False,0.06852386146783829
s-006,after_common_greedy_prefix,6,10,0,-9143.892321546,10394.501889528,15477.533347121,8683.249087087894,1250.6095679820282,11426.431288939,2282.5389673930003,0.09927646465201208,1031.929399410972,0.0010769402664236245,0.027717746794223785,False,False,0.027717746794223785
s-006,after_common_greedy_prefix,6,10,1,-9143.892321546,10394.501889528,15477.533347121,8683.249087087894,1250.6095679820282,11426.431288939,2282.5389673930003,0.09927646465201208,1031.929399410972,0.0010769402664236245,0.028674960136413574,False,False,0.028674960136413574
s-006,after_common_greedy_prefix,7,200,0,-35971.08443884,35970.272529925,50513.307430324,29354.27352060095,1250.6095679820282,38041.021032877,2069.936594036997,0.05756832954849768,819.3270260549689,0.0008550645676258192,0.22234384343028069,False,False,0.22234384343028069
s-006,after_common_greedy_prefix,7,200,1,-35971.08443884,35970.272529925,50513.307430324,29354.27352060095,1250.6095679820282,38041.021032877,2069.936594036997,0.05756832954849768,819.3270260549689,0.0008550645676258192,0.22197571024298668,False,False,0.22197571024298668
s-006,after_common_greedy_prefix,7,1000,0,-35971.08443884,35970.272529925,50513.307430324,29354.27352060095,1250.6095679820282,38041.021032877,2069.936594036997,0.05756832954849768,819.3270260549689,0.0008550645676258192,1.0235677473247051,False,False,1.0235677473247051
s-006,after_common_greedy_prefix,7,1000,1,-35971.08443884,35970.272529925,50513.307430324,29354.27352060095,1250.6095679820282,38041.021032877,2069.936594036997,0.05756832954849768,819.3270260549689,0.0008550645676258192,1.0213991068303585,False,False,1.0213991068303585
s-006,after_common_greedy_prefix,7,50,0,-35971.08443884,35970.272529925,50513.307430324,29354.27352060095,1250.6095679820282,38041.021032877,2069.936594036997,0.05756832954849768,819.3270260549689,0.0008550645676258192,0.07051382958889008,False,False,0.07051382958889008
s-006,after_common_greedy_prefix,7,50,1,-35971.08443884,35970.272529925,50513.307430324,29354.27352060095,1250.6095679820282,38041.021032877,2069.936594036997,0.05756832954849768,819.3270260549689,0.0008550645676258192,0.07016869634389877,False,False,0.07016869634389877
s-006,after_common_greedy_prefix,7,10,0,-35971.08443884,35970.272529925,50513.307430324,29354.27352060095,1250.6095679820282,37827.035626592,1855.951187751998,0.051619378060655134,605.3416197699698,0.0006317455105402515,0.029886826872825623,False,False,0.029886826872825623
s-006,after_common_greedy_prefix,7,10,1,-35971.08443884,35970.272529925,50513.307430324,29354.27352060095,1250.6095679820282,37827.035626592,1855.951187751998,0.051619378060655134,605.3416197699698,0.0006317455105402515,0.028491269797086716,False,False,0.028491269797086716
s-006,after_common_greedy_prefix,8,200,0,-2.5450985160000528,815.267290819,815.267290819,815.267290819,1250.6095679820282,815.267290819,812.7221923029999,0.0,0.0,0.0,0.2179195061326027,False,True,
s-006,after_common_greedy_prefix,8,200,1,-2.5450985160000528,815.267290819,815.267290819,815.267290819,1250.6095679820282,815.267290819,812.7221923029999,0.0,0.0,0.0,0.2177349217236042,False,True,
s-006,after_common_greedy_prefix,8,1000,0,-2.5450985160000528,815.267290819,815.267290819,815.267290819,1250.6095679820282,815.267290819,812.7221923029999,0.0,0.0,0.0,1.01858663931489,False,True,
s-006,after_common_greedy_prefix,8,1000,1,-2.5450985160000528,815.267290819,815.267290819,815.267290819,1250.6095679820282,815.267290819,812.7221923029999,0.0,0.0,0.0,1.0190649777650833,False,True,
s-006,after_common_greedy_prefix,8,50,0,-2.5450985160000528,815.267290819,815.267290819,815.267290819,1250.6095679820282,815.267290819,812.7221923029999,0.0,0.0,0.0,0.06750557199120522,False,True,
s-006,after_common_greedy_prefix,8,50,1,-2.5450985160000528,815.267290819,815.267290819,815.267290819,1250.6095679820282,815.267290819,812.7221923029999,0.0,0.0,0.0,0.06758338212966919,False,True,
s-006,after_common_greedy_prefix,8,10,0,-2.5450985160000528,815.267290819,815.267290819,815.267290819,1250.6095679820282,815.267290819,812.7221923029999,0.0,0.0,0.0,0.0279950313270092,False,True,
s-006,after_common_greedy_prefix,8,10,1,-2.5450985160000528,815.267290819,815.267290819,815.267290819,1250.6095679820282,815.267290819,812.7221923029999,0.0,0.0,0.0,0.025632426142692566,False,True,
s-006,after_common_greedy_prefix,9,200,0,-9377.589030318999,9900.084174019,13212.953308237,7475.6116240282,1250.6095679820282,10565.355258767,1187.7662284480011,0.06719852811897138,0.0,0.0,0.21774419769644737,False,False,
s-006,after_common_greedy_prefix,9,200,1,-9377.589030318999,9900.084174019,13212.953308237,7475.6116240282,1250.6095679820282,10565.355258767,1187.7662284480011,0.06719852811897138,0.0,0.0,0.2188345417380333,False,False,
s-006,after_common_greedy_prefix,9,1000,0,-9377.589030318999,9900.084174019,13212.953308237,7475.6116240282,1250.6095679820282,10565.355258767,1187.7662284480011,0.06719852811897138,0.0,0.0,1.0182774364948273,False,False,
s-006,after_common_greedy_prefix,9,1000,1,-9377.589030318999,9900.084174019,13212.953308237,7475.6116240282,1250.6095679820282,10565.355258767,1187.7662284480011,0.06719852811897138,0.0,0.0,1.0196862779557705,False,False,
s-006,after_common_greedy_prefix,9,50,0,-9377.589030318999,9900.084174019,13212.953308237,7475.6116240282,1250.6095679820282,10565.355258767,1187.7662284480011,0.06719852811897138,0.0,0.0,0.068038709461689,False,False,
s-006,after_common_greedy_prefix,9,50,1,-9377.589030318999,9900.084174019,13212.953308237,7475.6116240282,1250.6095679820282,10565.355258767,1187.7662284480011,0.06719852811897138,0.0,0.0,0.0681694783270359,False,False,
s-006,after_common_greedy_prefix,9,10,0,-9377.589030318999,9900.084174019,13212.953308237,7475.6116240282,1250.6095679820282,10565.355258767,1187.7662284480011,0.06719852811897138,0.0,0.0,0.030040748417377472,False,False,
s-006,after_common_greedy_prefix,9,10,1,-9377.589030318999,9900.084174019,13212.953308237,7475.6116240282,1250.6095679820282,10565.355258767,1187.7662284480011,0.06719852811897138,0.0,0.0,0.0290600024163723,False,False,
s-006,after_common_greedy_prefix,10,200,0,-36450.899701608,37098.330435492004,55560.085225258,29043.56761241563,1250.6095679820282,39027.199698795,2576.299997186994,0.05199342505876336,1325.6904292049658,0.001383514613342903,0.2202998362481594,False,False,0.2202998362481594
s-006,after_common_greedy_prefix,10,200,1,-36450.899701608,37098.330435492004,55560.085225258,29043.56761241563,1250.6095679820282,39027.199698795,2576.299997186994,0.05199342505876336,1325.6904292049658,0.001383514613342903,0.22516405954957008,False,False,0.22516405954957008
s-006,after_common_greedy_prefix,10,1000,0,-36450.899701608,37098.330435492004,55560.085225258,29043.56761241563,1250.6095679820282,39027.199698795,2576.299997186994,0.05199342505876336,1325.6904292049658,0.001383514613342903,1.0245882794260979,False,False,1.0245882794260979
s-006,after_common_greedy_prefix,10,1000,1,-36450.899701608,37098.330435492004,55560.085225258,29043.56761241563,1250.6095679820282,39027.199698795,2576.299997186994,0.05199342505876336,1325.6904292049658,0.001383514613342903,1.0236774384975433,False,False,1.0236774384975433
s-006,after_common_greedy_prefix,10,50,0,-36450.899701608,37098.330435492004,55560.085225258,29043.56761241563,1250.6095679820282,39027.199698795,2576.299997186994,0.05199342505876336,1325.6904292049658,0.001383514613342903,0.0718364268541336,False,False,0.0718364268541336
s-006,after_common_greedy_prefix,10,50,1,-36450.899701608,37098.330435492004,55560.085225258,29043.56761241563,1250.6095679820282,39027.199698795,2576.299997186994,0.05199342505876336,1325.6904292049658,0.001383514613342903,0.06949764490127563,False,False,0.06949764490127563
s-006,after_common_greedy_prefix,10,10,0,-36450.899701608,37098.330435492004,55560.085225258,29043.56761241563,1250.6095679820282,39027.199698795,2576.299997186994,0.05199342505876336,1325.6904292049658,0.001383514613342903,0.030108977109193802,False,False,0.030108977109193802
s-006,after_common_greedy_prefix,10,10,1,-36450.899701608,37098.330435492004,55560.085225258,29043.56761241563,1250.6095679820282,39027.199698795,2576.299997186994,0.05199342505876336,1325.6904292049658,0.001383514613342903,0.03020656853914261,False,False,0.03020656853914261
s-007,after_one_actual_history_call,0,200,0,-9148.563244447,9402.084905939,19556.24980126,7065.378698560806,1475.6225700119976,9944.518911633,795.9556671860009,0.057692949076790574,0.0,0.0,0.22114988043904305,False,False,
s-007,after_one_actual_history_call,0,200,1,-9148.563244447,9402.084905939,19556.24980126,7065.378698560806,1475.6225700119976,9944.518911633,795.9556671860009,0.057692949076790574,0.0,0.0,0.21918506547808647,False,False,
s-007,after_one_actual_history_call,0,1000,0,-9148.563244447,9402.084905939,19556.24980126,7065.378698560806,1475.6225700119976,9944.518911633,795.9556671860009,0.057692949076790574,0.0,0.0,1.0196205750107765,False,False,
s-007,after_one_actual_history_call,0,1000,1,-9148.563244447,9402.084905939,19556.24980126,7065.378698560806,1475.6225700119976,9944.518911633,795.9556671860009,0.057692949076790574,0.0,0.0,1.0230044797062874,False,False,
s-007,after_one_actual_history_call,0,50,0,-9148.563244447,9402.084905939,19556.24980126,7065.378698560806,1475.6225700119976,9944.518911633,795.9556671860009,0.057692949076790574,0.0,0.0,0.06967030838131905,False,False,
s-007,after_one_actual_history_call,0,50,1,-9148.563244447,9402.084905939,19556.24980126,7065.378698560806,1475.6225700119976,9944.518911633,795.9556671860009,0.057692949076790574,0.0,0.0,0.06863047182559967,False,False,
s-007,after_one_actual_history_call,0,10,0,-9148.563244447,9402.084905939,19556.24980126,7065.378698560806,1475.6225700119976,9944.518911633,795.9556671860009,0.057692949076790574,0.0,0.0,0.031164217740297318,False,False,
s-007,after_one_actual_history_call,0,10,1,-9148.563244447,9402.084905939,19556.24980126,7065.378698560806,1475.6225700119976,9944.518911633,795.9556671860009,0.057692949076790574,0.0,0.0,0.03144814819097519,False,False,
s-007,after_one_actual_history_call,1,200,0,-34434.226087034,34434.226087034,40521.89987226,27166.853872712734,1475.6225700119976,35062.26496578,628.038878745996,0.018238797560270425,0.0,0.0,0.22118834778666496,False,False,
s-007,after_one_actual_history_call,1,200,1,-34434.226087034,34434.226087034,40521.89987226,27166.853872712734,1475.6225700119976,35062.26496578,628.038878745996,0.018238797560270425,0.0,0.0,0.2224959023296833,False,False,
s-007,after_one_actual_history_call,1,1000,0,-34434.226087034,34434.226087034,40521.89987226,27166.853872712734,1475.6225700119976,35062.26496578,628.038878745996,0.018238797560270425,0.0,0.0,1.0231857858598232,False,False,
s-007,after_one_actual_history_call,1,1000,1,-34434.226087034,34434.226087034,40521.89987226,27166.853872712734,1475.6225700119976,35062.26496578,628.038878745996,0.018238797560270425,0.0,0.0,1.02254918217659,False,False,
s-007,after_one_actual_history_call,1,50,0,-34434.226087034,34434.226087034,40521.89987226,27166.853872712734,1475.6225700119976,35062.26496578,628.038878745996,0.018238797560270425,0.0,0.0,0.07200277969241142,False,False,
s-007,after_one_actual_history_call,1,50,1,-34434.226087034,34434.226087034,40521.89987226,27166.853872712734,1475.6225700119976,35062.26496578,628.038878745996,0.018238797560270425,0.0,0.0,0.0740860104560852,False,False,
s-007,after_one_actual_history_call,1,10,0,-34434.226087034,34434.226087034,40521.89987226,27166.853872712734,1475.6225700119976,35062.26496578,628.038878745996,0.018238797560270425,0.0,0.0,0.031762365251779556,False,False,
s-007,after_one_actual_history_call,1,10,1,-34434.226087034,34434.226087034,40521.89987226,27166.853872712734,1475.6225700119976,35062.26496578,628.038878745996,0.018238797560270425,0.0,0.0,0.030478179454803467,False,False,
s-007,after_one_actual_history_call,2,200,0,-0.314675029,0.0,0.0,0.0,1475.6225700119976,0.0,-0.314675029,0.0,0.0,0.0,0.005371470004320145,False,True,
s-007,after_one_actual_history_call,2,200,1,-0.314675029,0.0,0.0,0.0,1475.6225700119976,0.0,-0.314675029,0.0,0.0,0.0,0.0049829669296741486,False,True,
s-007,after_one_actual_history_call,2,1000,0,-0.314675029,0.0,0.0,0.0,1475.6225700119976,0.0,-0.314675029,0.0,0.0,0.0,0.004860453307628632,False,True,
s-007,after_one_actual_history_call,2,1000,1,-0.314675029,0.0,0.0,0.0,1475.6225700119976,0.0,-0.314675029,0.0,0.0,0.0,0.00482313334941864,False,True,
s-007,after_one_actual_history_call,2,50,0,-0.314675029,0.0,0.0,0.0,1475.6225700119976,0.0,-0.314675029,0.0,0.0,0.0,0.004859887063503265,False,True,
s-007,after_one_actual_history_call,2,50,1,-0.314675029,0.0,0.0,0.0,1475.6225700119976,0.0,-0.314675029,0.0,0.0,0.0,0.005066782236099243,False,True,
s-007,after_one_actual_history_call,2,10,0,-0.314675029,0.0,0.0,0.0,1475.6225700119976,0.0,-0.314675029,0.0,0.0,0.0,0.004954025149345398,False,True,
s-007,after_one_actual_history_call,2,10,1,-0.314675029,0.0,0.0,0.0,1475.6225700119976,0.0,-0.314675029,0.0,0.0,0.0,0.004721678793430328,False,True,
s-007,after_one_actual_history_call,3,200,0,-9190.013601977,10665.636171989,14522.851986944,7735.036005428377,1475.6225700119976,10665.636171989,1475.6225700119994,0.0,1.8189894035458565e-12,1.8983303838369117e-18,0.0032194890081882477,False,True,
s-007,after_one_actual_history_call,3,200,1,-9190.013601977,10665.636171989,14522.851986944,7735.036005428377,1475.6225700119976,10665.636171989,1475.6225700119994,0.0,1.8189894035458565e-12,1.8983303838369117e-18,0.0031348541378974915,False,True,
s-007,after_one_actual_history_call,3,1000,0,-9190.013601977,10665.636171989,14522.851986944,7735.036005428377,1475.6225700119976,10665.636171989,1475.6225700119994,0.0,1.8189894035458565e-12,1.8983303838369117e-18,1.0208012610673904,False,True,
s-007,after_one_actual_history_call,3,1000,1,-9190.013601977,10665.636171989,14522.851986944,7735.036005428377,1475.6225700119976,10665.636171989,1475.6225700119994,0.0,1.8189894035458565e-12,1.8983303838369117e-18,1.019339021295309,False,True,
s-007,after_one_actual_history_call,3,50,0,-9190.013601977,10665.636171989,14522.851986944,7735.036005428377,1475.6225700119976,10665.636171989,1475.6225700119994,0.0,1.8189894035458565e-12,1.8983303838369117e-18,0.06878453120589256,False,True,
s-007,after_one_actual_history_call,3,50,1,-9190.013601977,10665.636171989,14522.851986944,7735.036005428377,1475.6225700119976,10665.636171989,1475.6225700119994,0.0,1.8189894035458565e-12,1.8983303838369117e-18,0.06895725801587105,False,True,
s-007,after_one_actual_history_call,3,10,0,-9190.013601977,10665.636171989,14522.851986944,7735.036005428377,1475.6225700119976,10665.636171989,1475.6225700119994,0.0,1.8189894035458565e-12,1.8983303838369117e-18,0.027257811278104782,False,True,
s-007,after_one_actual_history_call,3,10,1,-9190.013601977,10665.636171989,14522.851986944,7735.036005428377,1475.6225700119976,10665.636171989,1475.6225700119994,0.0,1.8189894035458565e-12,1.8983303838369117e-18,0.02930711954832077,False,True,
s-007,after_one_actual_history_call,4,200,0,-35313.96713664199,35313.652461613,43015.500963799,28754.799708266597,1475.6225700119976,35960.343413951,646.3762773090057,0.018312774444415637,0.0,0.0,0.22603588923811913,False,False,
s-007,after_one_actual_history_call,4,200,1,-35313.96713664199,35313.652461613,43015.500963799,28754.799708266597,1475.6225700119976,35960.343413951,646.3762773090057,0.018312774444415637,0.0,0.0,0.22069132700562477,False,False,
s-007,after_one_actual_history_call,4,1000,0,-35313.96713664199,35313.652461613,43015.500963799,28754.799708266597,1475.6225700119976,35960.343413951,646.3762773090057,0.018312774444415637,0.0,0.0,1.0226864255964756,False,False,
s-007,after_one_actual_history_call,4,1000,1,-35313.96713664199,35313.652461613,43015.500963799,28754.799708266597,1475.6225700119976,35960.343413951,646.3762773090057,0.018312774444415637,0.0,0.0,1.023121602833271,False,False,
s-007,after_one_actual_history_call,4,50,0,-35313.96713664199,35313.652461613,43015.500963799,28754.799708266597,1475.6225700119976,35960.343413951,646.3762773090057,0.018312774444415637,0.0,0.0,0.07276851683855057,False,False,
s-007,after_one_actual_history_call,4,50,1,-35313.96713664199,35313.652461613,43015.500963799,28754.799708266597,1475.6225700119976,35960.343413951,646.3762773090057,0.018312774444415637,0.0,0.0,0.07336395978927612,False,False,
s-007,after_one_actual_history_call,4,10,0,-35313.96713664199,35313.652461613,43015.500963799,28754.799708266597,1475.6225700119976,35960.343413951,646.3762773090057,0.018312774444415637,0.0,0.0,0.031335070729255676,False,False,
s-007,after_one_actual_history_call,4,10,1,-35313.96713664199,35313.652461613,43015.500963799,28754.799708266597,1475.6225700119976,35960.343413951,646.3762773090057,0.018312774444415637,0.0,0.0,0.031249061226844788,False,False,
s-007,after_one_actual_history_call,5,200,0,-0.8119089150000036,815.267290819,815.267290819,815.267290819,1475.6225700119976,815.267290819,814.455381904,0.0,0.0,0.0,0.21871167421340942,False,True,
s-007,after_one_actual_history_call,5,200,1,-0.8119089150000036,815.267290819,815.267290819,815.267290819,1475.6225700119976,815.267290819,814.455381904,0.0,0.0,0.0,0.21749049425125122,False,True,
s-007,after_one_actual_history_call,5,1000,0,-0.8119089150000036,815.267290819,815.267290819,815.267290819,1475.6225700119976,815.267290819,814.455381904,0.0,0.0,0.0,1.020404864102602,False,True,
s-007,after_one_actual_history_call,5,1000,1,-0.8119089150000036,815.267290819,815.267290819,815.267290819,1475.6225700119976,815.267290819,814.455381904,0.0,0.0,0.0,1.0195974968373775,False,True,
s-007,after_one_actual_history_call,5,50,0,-0.8119089150000036,815.267290819,815.267290819,815.267290819,1475.6225700119976,815.267290819,814.455381904,0.0,0.0,0.0,0.06919916719198227,False,True,
s-007,after_one_actual_history_call,5,50,1,-0.8119089150000036,815.267290819,815.267290819,815.267290819,1475.6225700119976,815.267290819,814.455381904,0.0,0.0,0.0,0.06803660094738007,False,True,
s-007,after_one_actual_history_call,5,10,0,-0.8119089150000036,815.267290819,815.267290819,815.267290819,1475.6225700119976,815.267290819,814.455381904,0.0,0.0,0.0,0.02834795042872429,False,True,
s-007,after_one_actual_history_call,5,10,1,-0.8119089150000036,815.267290819,815.267290819,815.267290819,1475.6225700119976,815.267290819,814.455381904,0.0,0.0,0.0,0.02875322476029396,False,True,
s-007,after_one_actual_history_call,6,200,0,-9143.892321546,10394.501889528,15477.533347121,8683.249087087894,1475.6225700119976,11426.431288939,2282.5389673930003,0.09927646465201208,806.9163973810028,0.0008421126101001834,0.2198408767580986,False,False,0.2198408767580986
s-007,after_one_actual_history_call,6,200,1,-9143.892321546,10394.501889528,15477.533347121,8683.249087087894,1475.6225700119976,11426.431288939,2282.5389673930003,0.09927646465201208,806.9163973810028,0.0008421126101001834,0.2201206460595131,False,False,0.2201206460595131
s-007,after_one_actual_history_call,6,1000,0,-9143.892321546,10394.501889528,15477.533347121,8683.249087087894,1475.6225700119976,11426.431288939,2282.5389673930003,0.09927646465201208,806.9163973810028,0.0008421126101001834,1.0199718214571476,False,False,1.0199718214571476
s-007,after_one_actual_history_call,6,1000,1,-9143.892321546,10394.501889528,15477.533347121,8683.249087087894,1475.6225700119976,11426.431288939,2282.5389673930003,0.09927646465201208,806.9163973810028,0.0008421126101001834,1.0193393267691135,False,False,1.0193393267691135
s-007,after_one_actual_history_call,6,50,0,-9143.892321546,10394.501889528,15477.533347121,8683.249087087894,1475.6225700119976,11426.431288939,2282.5389673930003,0.09927646465201208,806.9163973810028,0.0008421126101001834,0.06841352209448814,False,False,0.06841352209448814
s-007,after_one_actual_history_call,6,50,1,-9143.892321546,10394.501889528,15477.533347121,8683.249087087894,1475.6225700119976,11426.431288939,2282.5389673930003,0.09927646465201208,806.9163973810028,0.0008421126101001834,0.06910495087504387,False,False,0.06910495087504387
s-007,after_one_actual_history_call,6,10,0,-9143.892321546,10394.501889528,15477.533347121,8683.249087087894,1475.6225700119976,11426.431288939,2282.5389673930003,0.09927646465201208,806.9163973810028,0.0008421126101001834,0.029327429831027985,False,False,0.029327429831027985
s-007,after_one_actual_history_call,6,10,1,-9143.892321546,10394.501889528,15477.533347121,8683.249087087894,1475.6225700119976,11426.431288939,2282.5389673930003,0.09927646465201208,806.9163973810028,0.0008421126101001834,0.027980897575616837,False,False,0.027980897575616837
s-007,after_one_actual_history_call,7,200,0,-35971.08443884,35970.272529925,50513.307430324,29354.27352060095,1475.6225700119976,38041.021032877,2069.936594036997,0.05756832954849768,594.3140240249995,0.0006202369113023781,0.2208654172718525,False,False,0.2208654172718525
s-007,after_one_actual_history_call,7,200,1,-35971.08443884,35970.272529925,50513.307430324,29354.27352060095,1475.6225700119976,38041.021032877,2069.936594036997,0.05756832954849768,594.3140240249995,0.0006202369113023781,0.22149919345974922,False,False,0.22149919345974922
s-007,after_one_actual_history_call,7,1000,0,-35971.08443884,35970.272529925,50513.307430324,29354.27352060095,1475.6225700119976,38041.021032877,2069.936594036997,0.05756832954849768,594.3140240249995,0.0006202369113023781,1.0207866951823235,False,False,1.0207866951823235
s-007,after_one_actual_history_call,7,1000,1,-35971.08443884,35970.272529925,50513.307430324,29354.27352060095,1475.6225700119976,38041.021032877,2069.936594036997,0.05756832954849768,594.3140240249995,0.0006202369113023781,1.0207398794591427,False,False,1.0207398794591427
s-007,after_one_actual_history_call,7,50,0,-35971.08443884,35970.272529925,50513.307430324,29354.27352060095,1475.6225700119976,38041.021032877,2069.936594036997,0.05756832954849768,594.3140240249995,0.0006202369113023781,0.07051057741045952,False,False,0.07051057741045952
s-007,after_one_actual_history_call,7,50,1,-35971.08443884,35970.272529925,50513.307430324,29354.27352060095,1475.6225700119976,38041.021032877,2069.936594036997,0.05756832954849768,594.3140240249995,0.0006202369113023781,0.07136255875229836,False,False,0.07136255875229836
s-007,after_one_actual_history_call,7,10,0,-35971.08443884,35970.272529925,50513.307430324,29354.27352060095,1475.6225700119976,37827.035626592,1855.951187751998,0.051619378060655134,380.3286177400005,0.00039691785421681045,0.030592620372772217,False,False,0.030592620372772217
s-007,after_one_actual_history_call,7,10,1,-35971.08443884,35970.272529925,50513.307430324,29354.27352060095,1475.6225700119976,37827.035626592,1855.951187751998,0.051619378060655134,380.3286177400005,0.00039691785421681045,0.03276924043893814,False,False,0.03276924043893814
s-007,after_one_actual_history_call,8,200,0,-2.5450985160000528,815.267290819,815.267290819,815.267290819,1475.6225700119976,815.267290819,812.7221923029999,0.0,0.0,0.0,0.21922288462519646,False,True,
s-007,after_one_actual_history_call,8,200,1,-2.5450985160000528,815.267290819,815.267290819,815.267290819,1475.6225700119976,815.267290819,812.7221923029999,0.0,0.0,0.0,0.21882334351539612,False,True,
s-007,after_one_actual_history_call,8,1000,0,-2.5450985160000528,815.267290819,815.267290819,815.267290819,1475.6225700119976,815.267290819,812.7221923029999,0.0,0.0,0.0,1.0194179527461529,False,True,
s-007,after_one_actual_history_call,8,1000,1,-2.5450985160000528,815.267290819,815.267290819,815.267290819,1475.6225700119976,815.267290819,812.7221923029999,0.0,0.0,0.0,1.0184883400797844,False,True,
s-007,after_one_actual_history_call,8,50,0,-2.5450985160000528,815.267290819,815.267290819,815.267290819,1475.6225700119976,815.267290819,812.7221923029999,0.0,0.0,0.0,0.0669318288564682,False,True,
s-007,after_one_actual_history_call,8,50,1,-2.5450985160000528,815.267290819,815.267290819,815.267290819,1475.6225700119976,815.267290819,812.7221923029999,0.0,0.0,0.0,0.06773173063993454,False,True,
s-007,after_one_actual_history_call,8,10,0,-2.5450985160000528,815.267290819,815.267290819,815.267290819,1475.6225700119976,815.267290819,812.7221923029999,0.0,0.0,0.0,0.028049446642398834,False,True,
s-007,after_one_actual_history_call,8,10,1,-2.5450985160000528,815.267290819,815.267290819,815.267290819,1475.6225700119976,815.267290819,812.7221923029999,0.0,0.0,0.0,0.0281449593603611,False,True,
s-007,after_one_actual_history_call,9,200,0,-9377.589030318999,9900.084174019,13212.953308237,7475.6116240282,1475.6225700119976,10565.355258767,1187.7662284480011,0.06719852811897138,0.0,0.0,0.21809100359678268,False,False,
s-007,after_one_actual_history_call,9,200,1,-9377.589030318999,9900.084174019,13212.953308237,7475.6116240282,1475.6225700119976,10565.355258767,1187.7662284480011,0.06719852811897138,0.0,0.0,0.221041701734066,False,False,
s-007,after_one_actual_history_call,9,1000,0,-9377.589030318999,9900.084174019,13212.953308237,7475.6116240282,1475.6225700119976,10565.355258767,1187.7662284480011,0.06719852811897138,0.0,0.0,1.019943654537201,False,False,
s-007,after_one_actual_history_call,9,1000,1,-9377.589030318999,9900.084174019,13212.953308237,7475.6116240282,1475.6225700119976,10565.355258767,1187.7662284480011,0.06719852811897138,0.0,0.0,1.0184741765260696,False,False,
s-007,after_one_actual_history_call,9,50,0,-9377.589030318999,9900.084174019,13212.953308237,7475.6116240282,1475.6225700119976,10565.355258767,1187.7662284480011,0.06719852811897138,0.0,0.0,0.06816604360938072,False,False,
s-007,after_one_actual_history_call,9,50,1,-9377.589030318999,9900.084174019,13212.953308237,7475.6116240282,1475.6225700119976,10565.355258767,1187.7662284480011,0.06719852811897138,0.0,0.0,0.06965333223342896,False,False,
s-007,after_one_actual_history_call,9,10,0,-9377.589030318999,9900.084174019,13212.953308237,7475.6116240282,1475.6225700119976,10565.355258767,1187.7662284480011,0.06719852811897138,0.0,0.0,0.027866628021001816,False,False,
s-007,after_one_actual_history_call,9,10,1,-9377.589030318999,9900.084174019,13212.953308237,7475.6116240282,1475.6225700119976,10565.355258767,1187.7662284480011,0.06719852811897138,0.0,0.0,0.026662372052669525,False,False,
s-007,after_one_actual_history_call,10,200,0,-36450.899701608,37098.330435492004,55560.085225258,29043.56761241563,1475.6225700119976,39027.199698795,2576.299997186994,0.05199342505876336,1100.6774271749964,0.0011486869570194616,0.22147215902805328,False,False,0.22147215902805328
s-007,after_one_actual_history_call,10,200,1,-36450.899701608,37098.330435492004,55560.085225258,29043.56761241563,1475.6225700119976,39027.199698795,2576.299997186994,0.05199342505876336,1100.6774271749964,0.0011486869570194616,0.22352232038974762,False,False,0.22352232038974762
s-007,after_one_actual_history_call,10,1000,0,-36450.899701608,37098.330435492004,55560.085225258,29043.56761241563,1475.6225700119976,39027.199698795,2576.299997186994,0.05199342505876336,1100.6774271749964,0.0011486869570194616,1.0219538062810898,False,False,1.0219538062810898
s-007,after_one_actual_history_call,10,1000,1,-36450.899701608,37098.330435492004,55560.085225258,29043.56761241563,1475.6225700119976,39027.199698795,2576.299997186994,0.05199342505876336,1100.6774271749964,0.0011486869570194616,1.0218006037175655,False,False,1.0218006037175655
s-007,after_one_actual_history_call,10,50,0,-36450.899701608,37098.330435492004,55560.085225258,29043.56761241563,1475.6225700119976,39027.199698795,2576.299997186994,0.05199342505876336,1100.6774271749964,0.0011486869570194616,0.07050292938947678,False,False,0.07050292938947678
s-007,after_one_actual_history_call,10,50,1,-36450.899701608,37098.330435492004,55560.085225258,29043.56761241563,1475.6225700119976,39027.199698795,2576.299997186994,0.05199342505876336,1100.6774271749964,0.0011486869570194616,0.06975655257701874,False,False,0.06975655257701874
s-007,after_one_actual_history_call,10,10,0,-36450.899701608,37098.330435492004,55560.085225258,29043.56761241563,1475.6225700119976,39027.199698795,2576.299997186994,0.05199342505876336,1100.6774271749964,0.0011486869570194616,0.0302162766456604,False,False,0.0302162766456604
s-007,after_one_actual_history_call,10,10,1,-36450.899701608,37098.330435492004,55560.085225258,29043.56761241563,1475.6225700119976,39027.199698795,2576.299997186994,0.05199342505876336,1100.6774271749964,0.0011486869570194616,0.032465506345033646,False,False,0.032465506345033646
s-008,after_common_greedy_prefix,0,200,0,-8827.651851811,9031.642295397,17752.974834936,6430.805896594583,1363.0720836570254,9410.685648558,583.0337967469986,0.0419683752703736,0.0,0.0,0.21981261670589447,False,False,
s-008,after_common_greedy_prefix,0,200,1,-8827.651851811,9031.642295397,17752.974834936,6430.805896594583,1363.0720836570254,9410.685648558,583.0337967469986,0.0419683752703736,0.0,0.0,0.2209174856543541,False,False,
s-008,after_common_greedy_prefix,0,1000,0,-8827.651851811,9031.642295397,17752.974834936,6430.805896594583,1363.0720836570254,9410.685648558,583.0337967469986,0.0419683752703736,0.0,0.0,1.021107666194439,False,False,
s-008,after_common_greedy_prefix,0,1000,1,-8827.651851811,9031.642295397,17752.974834936,6430.805896594583,1363.0720836570254,9410.685648558,583.0337967469986,0.0419683752703736,0.0,0.0,1.0210899822413921,False,False,
s-008,after_common_greedy_prefix,0,50,0,-8827.651851811,9031.642295397,17752.974834936,6430.805896594583,1363.0720836570254,9410.685648558,583.0337967469986,0.0419683752703736,0.0,0.0,0.07146205753087997,False,False,
s-008,after_common_greedy_prefix,0,50,1,-8827.651851811,9031.642295397,17752.974834936,6430.805896594583,1363.0720836570254,9410.685648558,583.0337967469986,0.0419683752703736,0.0,0.0,0.07124436274170876,False,False,
s-008,after_common_greedy_prefix,0,10,0,-8827.651851811,9031.642295397,17752.974834936,6430.805896594583,1363.0720836570254,9410.685648558,583.0337967469986,0.0419683752703736,0.0,0.0,0.030309878289699554,False,False,
s-008,after_common_greedy_prefix,0,10,1,-8827.651851811,9031.642295397,17752.974834936,6430.805896594583,1363.0720836570254,9410.685648558,583.0337967469986,0.0419683752703736,0.0,0.0,0.030315466225147247,False,False,
s-008,after_common_greedy_prefix,1,200,0,-34398.350965689,34398.350965689,45674.128618009,27444.378762930468,1363.0720836570254,35265.131559773,866.7805940839971,0.025198318226027073,0.0,0.0,0.22327108681201935,False,False,
s-008,after_common_greedy_prefix,1,200,1,-34398.350965689,34398.350965689,45674.128618009,27444.378762930468,1363.0720836570254,35265.131559773,866.7805940839971,0.025198318226027073,0.0,0.0,0.2233174629509449,False,False,
s-008,after_common_greedy_prefix,1,1000,0,-34398.350965689,34398.350965689,45674.128618009,27444.378762930468,1363.0720836570254,35265.131559773,866.7805940839971,0.025198318226027073,0.0,0.0,1.023187778890133,False,False,
s-008,after_common_greedy_prefix,1,1000,1,-34398.350965689,34398.350965689,45674.128618009,27444.378762930468,1363.0720836570254,35265.131559773,866.7805940839971,0.025198318226027073,0.0,0.0,1.0224517583847046,False,False,
s-008,after_common_greedy_prefix,1,50,0,-34398.350965689,34398.350965689,45674.128618009,27444.378762930468,1363.0720836570254,35265.131559773,866.7805940839971,0.025198318226027073,0.0,0.0,0.07112664356827736,False,False,
s-008,after_common_greedy_prefix,1,50,1,-34398.350965689,34398.350965689,45674.128618009,27444.378762930468,1363.0720836570254,35265.131559773,866.7805940839971,0.025198318226027073,0.0,0.0,0.07140699401497841,False,False,
s-008,after_common_greedy_prefix,1,10,0,-34398.350965689,34398.350965689,45674.128618009,27444.378762930468,1363.0720836570254,35265.131559773,866.7805940839971,0.025198318226027073,0.0,0.0,0.031816426664590836,False,False,
s-008,after_common_greedy_prefix,1,10,1,-34398.350965689,34398.350965689,45674.128618009,27444.378762930468,1363.0720836570254,35265.131559773,866.7805940839971,0.025198318226027073,0.0,0.0,0.032893408089876175,False,False,
s-008,after_common_greedy_prefix,2,200,0,-0.314675029,0.0,0.0,0.0,1363.0720836570254,0.0,-0.314675029,0.0,0.0,0.0,0.005086533725261688,False,True,
s-008,after_common_greedy_prefix,2,200,1,-0.314675029,0.0,0.0,0.0,1363.0720836570254,0.0,-0.314675029,0.0,0.0,0.0,0.004968233406543732,False,True,
s-008,after_common_greedy_prefix,2,1000,0,-0.314675029,0.0,0.0,0.0,1363.0720836570254,0.0,-0.314675029,0.0,0.0,0.0,0.004989016801118851,False,True,
s-008,after_common_greedy_prefix,2,1000,1,-0.314675029,0.0,0.0,0.0,1363.0720836570254,0.0,-0.314675029,0.0,0.0,0.0,0.004969410598278046,False,True,
s-008,after_common_greedy_prefix,2,50,0,-0.314675029,0.0,0.0,0.0,1363.0720836570254,0.0,-0.314675029,0.0,0.0,0.0,0.004863005131483078,False,True,
s-008,after_common_greedy_prefix,2,50,1,-0.314675029,0.0,0.0,0.0,1363.0720836570254,0.0,-0.314675029,0.0,0.0,0.0,0.004915360361337662,False,True,
s-008,after_common_greedy_prefix,2,10,0,-0.314675029,0.0,0.0,0.0,1363.0720836570254,0.0,-0.314675029,0.0,0.0,0.0,0.004754442721605301,False,True,
s-008,after_common_greedy_prefix,2,10,1,-0.314675029,0.0,0.0,0.0,1363.0720836570254,0.0,-0.314675029,0.0,0.0,0.0,0.0047715529799461365,False,True,
s-008,after_common_greedy_prefix,3,200,0,-9299.898310588,9735.737821637,14335.229557958,7610.470769388794,1363.0720836570254,10775.5208806,1475.6225700119994,0.10680064295200656,112.55048635497405,0.00011745973206153574,0.2210731990635395,False,False,0.2210731990635395
s-008,after_common_greedy_prefix,3,200,1,-9299.898310588,9735.737821637,14335.229557958,7610.470769388794,1363.0720836570254,10775.5208806,1475.6225700119994,0.10680064295200656,112.55048635497405,0.00011745973206153574,0.22074420005083084,False,False,0.22074420005083084
s-008,after_common_greedy_prefix,3,1000,0,-9299.898310588,9735.737821637,14335.229557958,7610.470769388794,1363.0720836570254,10775.5208806,1475.6225700119994,0.10680064295200656,112.55048635497405,0.00011745973206153574,1.0209029763936996,False,False,1.0209029763936996
s-008,after_common_greedy_prefix,3,1000,1,-9299.898310588,9735.737821637,14335.229557958,7610.470769388794,1363.0720836570254,10775.5208806,1475.6225700119994,0.10680064295200656,112.55048635497405,0.00011745973206153574,1.020114105194807,False,False,1.020114105194807
s-008,after_common_greedy_prefix,3,50,0,-9299.898310588,9735.737821637,14335.229557958,7610.470769388794,1363.0720836570254,10775.5208806,1475.6225700119994,0.10680064295200656,112.55048635497405,0.00011745973206153574,0.06960882991552353,False,False,0.06960882991552353
s-008,after_common_greedy_prefix,3,50,1,-9299.898310588,9735.737821637,14335.229557958,7610.470769388794,1363.0720836570254,10775.5208806,1475.6225700119994,0.10680064295200656,112.55048635497405,0.00011745973206153574,0.068751260638237,False,False,0.068751260638237
s-008,after_common_greedy_prefix,3,10,0,-9299.898310588,9735.737821637,14335.229557958,7610.470769388794,1363.0720836570254,10775.5208806,1475.6225700119994,0.10680064295200656,112.55048635497405,0.00011745973206153574,0.029341217130422592,False,False,0.029341217130422592
s-008,after_common_greedy_prefix,3,10,1,-9299.898310588,9735.737821637,14335.229557958,7610.470769388794,1363.0720836570254,10775.5208806,1475.6225700119994,0.10680064295200656,112.55048635497405,0.00011745973206153574,0.028883151710033417,False,False,0.028883151710033417
s-008,after_common_greedy_prefix,4,200,0,-35313.96713664199,35313.652461613,43015.500963799,28754.799708266597,1363.0720836570254,35960.343413951,646.3762773090057,0.018312774444415637,0.0,0.0,0.22289660573005676,False,False,
s-008,after_common_greedy_prefix,4,200,1,-35313.96713664199,35313.652461613,43015.500963799,28754.799708266597,1363.0720836570254,35960.343413951,646.3762773090057,0.018312774444415637,0.0,0.0,0.22271565347909927,False,False,
s-008,after_common_greedy_prefix,4,1000,0,-35313.96713664199,35313.652461613,43015.500963799,28754.799708266597,1363.0720836570254,35960.343413951,646.3762773090057,0.018312774444415637,0.0,0.0,1.0211588256061077,False,False,
s-008,after_common_greedy_prefix,4,1000,1,-35313.96713664199,35313.652461613,43015.500963799,28754.799708266597,1363.0720836570254,35960.343413951,646.3762773090057,0.018312774444415637,0.0,0.0,1.020330835133791,False,False,
s-008,after_common_greedy_prefix,4,50,0,-35313.96713664199,35313.652461613,43015.500963799,28754.799708266597,1363.0720836570254,35960.343413951,646.3762773090057,0.018312774444415637,0.0,0.0,0.0705145075917244,False,False,
s-008,after_common_greedy_prefix,4,50,1,-35313.96713664199,35313.652461613,43015.500963799,28754.799708266597,1363.0720836570254,35960.343413951,646.3762773090057,0.018312774444415637,0.0,0.0,0.07091064006090164,False,False,
s-008,after_common_greedy_prefix,4,10,0,-35313.96713664199,35313.652461613,43015.500963799,28754.799708266597,1363.0720836570254,35960.343413951,646.3762773090057,0.018312774444415637,0.0,0.0,0.031657278537750244,False,False,
s-008,after_common_greedy_prefix,4,10,1,-35313.96713664199,35313.652461613,43015.500963799,28754.799708266597,1363.0720836570254,35960.343413951,646.3762773090057,0.018312774444415637,0.0,0.0,0.030742458999156952,False,False,
s-008,after_common_greedy_prefix,5,200,0,-0.8119089150000036,815.267290819,815.267290819,815.267290819,1363.0720836570254,815.267290819,814.455381904,0.0,0.0,0.0,0.21708724275231361,False,True,
s-008,after_common_greedy_prefix,5,200,1,-0.8119089150000036,815.267290819,815.267290819,815.267290819,1363.0720836570254,815.267290819,814.455381904,0.0,0.0,0.0,0.21769916638731956,False,True,
s-008,after_common_greedy_prefix,5,1000,0,-0.8119089150000036,815.267290819,815.267290819,815.267290819,1363.0720836570254,815.267290819,814.455381904,0.0,0.0,0.0,1.0172404944896698,False,True,
s-008,after_common_greedy_prefix,5,1000,1,-0.8119089150000036,815.267290819,815.267290819,815.267290819,1363.0720836570254,815.267290819,814.455381904,0.0,0.0,0.0,1.0162727572023869,False,True,
s-008,after_common_greedy_prefix,5,50,0,-0.8119089150000036,815.267290819,815.267290819,815.267290819,1363.0720836570254,815.267290819,814.455381904,0.0,0.0,0.0,0.06716076657176018,False,True,
s-008,after_common_greedy_prefix,5,50,1,-0.8119089150000036,815.267290819,815.267290819,815.267290819,1363.0720836570254,815.267290819,814.455381904,0.0,0.0,0.0,0.06740555539727211,False,True,
s-008,after_common_greedy_prefix,5,10,0,-0.8119089150000036,815.267290819,815.267290819,815.267290819,1363.0720836570254,815.267290819,814.455381904,0.0,0.0,0.0,0.02758428081870079,False,True,
s-008,after_common_greedy_prefix,5,10,1,-0.8119089150000036,815.267290819,815.267290819,815.267290819,1363.0720836570254,815.267290819,814.455381904,0.0,0.0,0.0,0.027249757200479507,False,True,
s-008,after_common_greedy_prefix,6,200,0,-9206.617177379,10569.689261036,14939.046493131,8604.353291383028,1363.0720836570254,11497.009804324,2290.3926269450003,0.08773394566162564,927.3205432879749,0.0009677685639334384,0.218046173453331,False,False,0.218046173453331
s-008,after_common_greedy_prefix,6,200,1,-9206.617177379,10569.689261036,14939.046493131,8604.353291383028,1363.0720836570254,11497.009804324,2290.3926269450003,0.08773394566162564,927.3205432879749,0.0009677685639334384,0.21908606588840485,False,False,0.21908606588840485
s-008,after_common_greedy_prefix,6,1000,0,-9206.617177379,10569.689261036,14939.046493131,8604.353291383028,1363.0720836570254,11497.009804324,2290.3926269450003,0.08773394566162564,927.3205432879749,0.0009677685639334384,1.020399734377861,False,False,1.020399734377861
s-008,after_common_greedy_prefix,6,1000,1,-9206.617177379,10569.689261036,14939.046493131,8604.353291383028,1363.0720836570254,11497.009804324,2290.3926269450003,0.08773394566162564,927.3205432879749,0.0009677685639334384,1.0191019251942635,False,False,1.0191019251942635
s-008,after_common_greedy_prefix,6,50,0,-9206.617177379,10569.689261036,14939.046493131,8604.353291383028,1363.0720836570254,11497.009804324,2290.3926269450003,0.08773394566162564,927.3205432879749,0.0009677685639334384,0.06941769644618034,False,False,0.06941769644618034
s-008,after_common_greedy_prefix,6,50,1,-9206.617177379,10569.689261036,14939.046493131,8604.353291383028,1363.0720836570254,11497.009804324,2290.3926269450003,0.08773394566162564,927.3205432879749,0.0009677685639334384,0.0688370130956173,False,False,0.0688370130956173
s-008,after_common_greedy_prefix,6,10,0,-9206.617177379,10569.689261036,14939.046493131,8604.353291383028,1363.0720836570254,11497.009804324,2290.3926269450003,0.08773394566162564,927.3205432879749,0.0009677685639334384,0.02861475944519043,False,False,0.02861475944519043
s-008,after_common_greedy_prefix,6,10,1,-9206.617177379,10569.689261036,14939.046493131,8604.353291383028,1363.0720836570254,11497.009804324,2290.3926269450003,0.08773394566162564,927.3205432879749,0.0009677685639334384,0.029054641723632812,False,False,0.029054641723632812
s-008,after_common_greedy_prefix,7,200,0,-35971.542476426,35970.730567511,50158.340797307,29228.209435738718,1363.0720836570254,38041.479070463,2069.936594036997,0.057567596495310465,706.8645103799718,0.0007376966433639119,0.22217852249741554,False,False,0.22217852249741554
s-008,after_common_greedy_prefix,7,200,1,-35971.542476426,35970.730567511,50158.340797307,29228.209435738718,1363.0720836570254,38041.479070463,2069.936594036997,0.057567596495310465,706.8645103799718,0.0007376966433639119,0.22163426876068115,False,False,0.22163426876068115
s-008,after_common_greedy_prefix,7,1000,0,-35971.542476426,35970.730567511,50158.340797307,29228.209435738718,1363.0720836570254,38041.479070463,2069.936594036997,0.057567596495310465,706.8645103799718,0.0007376966433639119,1.0213142782449722,False,False,1.0213142782449722
s-008,after_common_greedy_prefix,7,1000,1,-35971.542476426,35970.730567511,50158.340797307,29228.209435738718,1363.0720836570254,38041.479070463,2069.936594036997,0.057567596495310465,706.8645103799718,0.0007376966433639119,1.0214398242533207,False,False,1.0214398242533207
s-008,after_common_greedy_prefix,7,50,0,-35971.542476426,35970.730567511,50158.340797307,29228.209435738718,1363.0720836570254,38041.479070463,2069.936594036997,0.057567596495310465,706.8645103799718,0.0007376966433639119,0.07013872265815735,False,False,0.07013872265815735
s-008,after_common_greedy_prefix,7,50,1,-35971.542476426,35970.730567511,50158.340797307,29228.209435738718,1363.0720836570254,38041.479070463,2069.936594036997,0.057567596495310465,706.8645103799718,0.0007376966433639119,0.0711834579706192,False,False,0.0711834579706192
s-008,after_common_greedy_prefix,7,10,0,-35971.542476426,35970.730567511,50158.340797307,29228.209435738718,1363.0720836570254,38041.479070463,2069.936594036997,0.057567596495310465,706.8645103799718,0.0007376966433639119,0.031581223011016846,False,False,0.031581223011016846
s-008,after_common_greedy_prefix,7,10,1,-35971.542476426,35970.730567511,50158.340797307,29228.209435738718,1363.0720836570254,38041.479070463,2069.936594036997,0.057567596495310465,706.8645103799718,0.0007376966433639119,0.03123973309993744,False,False,0.03123973309993744
s-008,after_common_greedy_prefix,8,200,0,-2.5450985160000528,815.267290819,815.267290819,815.267290819,1363.0720836570254,815.267290819,812.7221923029999,0.0,0.0,0.0,0.21707917377352715,False,True,
s-008,after_common_greedy_prefix,8,200,1,-2.5450985160000528,815.267290819,815.267290819,815.267290819,1363.0720836570254,815.267290819,812.7221923029999,0.0,0.0,0.0,0.21741314604878426,False,True,
s-008,after_common_greedy_prefix,8,1000,0,-2.5450985160000528,815.267290819,815.267290819,815.267290819,1363.0720836570254,815.267290819,812.7221923029999,0.0,0.0,0.0,1.01766899228096,False,True,
s-008,after_common_greedy_prefix,8,1000,1,-2.5450985160000528,815.267290819,815.267290819,815.267290819,1363.0720836570254,815.267290819,812.7221923029999,0.0,0.0,0.0,1.0179186128079891,False,True,
s-008,after_common_greedy_prefix,8,50,0,-2.5450985160000528,815.267290819,815.267290819,815.267290819,1363.0720836570254,815.267290819,812.7221923029999,0.0,0.0,0.0,0.06812286376953125,False,True,
s-008,after_common_greedy_prefix,8,50,1,-2.5450985160000528,815.267290819,815.267290819,815.267290819,1363.0720836570254,815.267290819,812.7221923029999,0.0,0.0,0.0,0.0678759403526783,False,True,
s-008,after_common_greedy_prefix,8,10,0,-2.5450985160000528,815.267290819,815.267290819,815.267290819,1363.0720836570254,815.267290819,812.7221923029999,0.0,0.0,0.0,0.027475956827402115,False,True,
s-008,after_common_greedy_prefix,8,10,1,-2.5450985160000528,815.267290819,815.267290819,815.267290819,1363.0720836570254,815.267290819,812.7221923029999,0.0,0.0,0.0,0.027036741375923157,False,True,
s-008,after_common_greedy_prefix,9,200,0,-9722.612971678,10245.108115378,13384.189102252,7627.38260129741,1363.0720836570254,11096.987575293,1374.3746036150005,0.08314987507416557,11.302519957975164,1.1795515140617173e-05,0.21966659277677536,False,False,0.21966659277677536
s-008,after_common_greedy_prefix,9,200,1,-9722.612971678,10245.108115378,13384.189102252,7627.38260129741,1363.0720836570254,11096.987575293,1374.3746036150005,0.08314987507416557,11.302519957975164,1.1795515140617173e-05,0.21923447027802467,False,False,0.21923447027802467
s-008,after_common_greedy_prefix,9,1000,0,-9722.612971678,10245.108115378,13384.189102252,7627.38260129741,1363.0720836570254,11096.987575293,1374.3746036150005,0.08314987507416557,11.302519957975164,1.1795515140617173e-05,1.0194136798381805,False,False,1.0194136798381805
s-008,after_common_greedy_prefix,9,1000,1,-9722.612971678,10245.108115378,13384.189102252,7627.38260129741,1363.0720836570254,11096.987575293,1374.3746036150005,0.08314987507416557,11.302519957975164,1.1795515140617173e-05,1.01818672940135,False,False,1.01818672940135
s-008,after_common_greedy_prefix,9,50,0,-9722.612971678,10245.108115378,13384.189102252,7627.38260129741,1363.0720836570254,11096.987575293,1374.3746036150005,0.08314987507416557,11.302519957975164,1.1795515140617173e-05,0.0692606121301651,False,False,0.0692606121301651
s-008,after_common_greedy_prefix,9,50,1,-9722.612971678,10245.108115378,13384.189102252,7627.38260129741,1363.0720836570254,11096.987575293,1374.3746036150005,0.08314987507416557,11.302519957975164,1.1795515140617173e-05,0.0685342475771904,False,False,0.0685342475771904
s-008,after_common_greedy_prefix,9,10,0,-9722.612971678,10245.108115378,13384.189102252,7627.38260129741,1363.0720836570254,11096.987575293,1374.3746036150005,0.08314987507416557,11.302519957975164,1.1795515140617173e-05,0.028894782066345215,False,False,0.028894782066345215
s-008,after_common_greedy_prefix,9,10,1,-9722.612971678,10245.108115378,13384.189102252,7627.38260129741,1363.0720836570254,11096.987575293,1374.3746036150005,0.08314987507416557,11.302519957975164,1.1795515140617173e-05,0.027877002954483032,False,False,0.027877002954483032
s-008,after_common_greedy_prefix,10,200,0,-36497.533414330006,37159.07420575,55616.766117089,28957.90384812515,1363.0720836570254,38841.263788764,2343.730374433995,0.045269954081732636,980.6582907769698,0.001023432806103515,0.21962692961096764,False,False,0.21962692961096764
s-008,after_common_greedy_prefix,10,200,1,-36497.533414330006,37159.07420575,55616.766117089,28957.90384812515,1363.0720836570254,38841.263788764,2343.730374433995,0.045269954081732636,980.6582907769698,0.001023432806103515,0.22134653851389885,False,False,0.22134653851389885
s-008,after_common_greedy_prefix,10,1000,0,-36497.533414330006,37159.07420575,55616.766117089,28957.90384812515,1363.0720836570254,38841.263788764,2343.730374433995,0.045269954081732636,980.6582907769698,0.001023432806103515,1.0209022909402847,False,False,1.0209022909402847
s-008,after_common_greedy_prefix,10,1000,1,-36497.533414330006,37159.07420575,55616.766117089,28957.90384812515,1363.0720836570254,38841.263788764,2343.730374433995,0.045269954081732636,980.6582907769698,0.001023432806103515,1.0204473175108433,False,False,1.0204473175108433
s-008,after_common_greedy_prefix,10,50,0,-36497.533414330006,37159.07420575,55616.766117089,28957.90384812515,1363.0720836570254,38841.263788764,2343.730374433995,0.045269954081732636,980.6582907769698,0.001023432806103515,0.07031190022826195,False,False,0.07031190022826195
s-008,after_common_greedy_prefix,10,50,1,-36497.533414330006,37159.07420575,55616.766117089,28957.90384812515,1363.0720836570254,38841.263788764,2343.730374433995,0.045269954081732636,980.6582907769698,0.001023432806103515,0.07230880856513977,False,False,0.07230880856513977
s-008,after_common_greedy_prefix,10,10,0,-36497.533414330006,37159.07420575,55616.766117089,28957.90384812515,1363.0720836570254,38841.263788764,2343.730374433995,0.045269954081732636,980.6582907769698,0.001023432806103515,0.03156837448477745,False,False,0.03156837448477745
s-008,after_common_greedy_prefix,10,10,1,-36497.533414330006,37159.07420575,55616.766117089,28957.90384812515,1363.0720836570254,38841.263788764,2343.730374433995,0.045269954081732636,980.6582907769698,0.001023432806103515,0.029361605644226074,False,False,0.029361605644226074
s-009,after_one_actual_history_call,0,200,0,-8827.651851811,9031.642295397,17752.974834936,6430.805896594583,1363.0720836570254,9410.685648558,583.0337967469986,0.0419683752703736,0.0,0.0,0.22078823298215866,False,False,
s-009,after_one_actual_history_call,0,200,1,-8827.651851811,9031.642295397,17752.974834936,6430.805896594583,1363.0720836570254,9410.685648558,583.0337967469986,0.0419683752703736,0.0,0.0,0.21955204010009766,False,False,
s-009,after_one_actual_history_call,0,1000,0,-8827.651851811,9031.642295397,17752.974834936,6430.805896594583,1363.0720836570254,9410.685648558,583.0337967469986,0.0419683752703736,0.0,0.0,1.019163303077221,False,False,
s-009,after_one_actual_history_call,0,1000,1,-8827.651851811,9031.642295397,17752.974834936,6430.805896594583,1363.0720836570254,9410.685648558,583.0337967469986,0.0419683752703736,0.0,0.0,1.0199869871139526,False,False,
s-009,after_one_actual_history_call,0,50,0,-8827.651851811,9031.642295397,17752.974834936,6430.805896594583,1363.0720836570254,9410.685648558,583.0337967469986,0.0419683752703736,0.0,0.0,0.07041314989328384,False,False,
s-009,after_one_actual_history_call,0,50,1,-8827.651851811,9031.642295397,17752.974834936,6430.805896594583,1363.0720836570254,9410.685648558,583.0337967469986,0.0419683752703736,0.0,0.0,0.07077858597040176,False,False,
s-009,after_one_actual_history_call,0,10,0,-8827.651851811,9031.642295397,17752.974834936,6430.805896594583,1363.0720836570254,9410.685648558,583.0337967469986,0.0419683752703736,0.0,0.0,0.029397405683994293,False,False,
s-009,after_one_actual_history_call,0,10,1,-8827.651851811,9031.642295397,17752.974834936,6430.805896594583,1363.0720836570254,9410.685648558,583.0337967469986,0.0419683752703736,0.0,0.0,0.026941094547510147,False,False,
s-009,after_one_actual_history_call,1,200,0,-34398.350965689,34398.350965689,45674.128618009,27444.378762930468,1363.0720836570254,35265.131559773,866.7805940839971,0.025198318226027073,0.0,0.0,0.22108663991093636,False,False,
s-009,after_one_actual_history_call,1,200,1,-34398.350965689,34398.350965689,45674.128618009,27444.378762930468,1363.0720836570254,35265.131559773,866.7805940839971,0.025198318226027073,0.0,0.0,0.22178956493735313,False,False,
s-009,after_one_actual_history_call,1,1000,0,-34398.350965689,34398.350965689,45674.128618009,27444.378762930468,1363.0720836570254,35265.131559773,866.7805940839971,0.025198318226027073,0.0,0.0,1.0221758000552654,False,False,
s-009,after_one_actual_history_call,1,1000,1,-34398.350965689,34398.350965689,45674.128618009,27444.378762930468,1363.0720836570254,35265.131559773,866.7805940839971,0.025198318226027073,0.0,0.0,1.0215629003942013,False,False,
s-009,after_one_actual_history_call,1,50,0,-34398.350965689,34398.350965689,45674.128618009,27444.378762930468,1363.0720836570254,35265.131559773,866.7805940839971,0.025198318226027073,0.0,0.0,0.07077572494745255,False,False,
s-009,after_one_actual_history_call,1,50,1,-34398.350965689,34398.350965689,45674.128618009,27444.378762930468,1363.0720836570254,35265.131559773,866.7805940839971,0.025198318226027073,0.0,0.0,0.07026353105902672,False,False,
s-009,after_one_actual_history_call,1,10,0,-34398.350965689,34398.350965689,45674.128618009,27444.378762930468,1363.0720836570254,35265.131559773,866.7805940839971,0.025198318226027073,0.0,0.0,0.03167358413338661,False,False,
s-009,after_one_actual_history_call,1,10,1,-34398.350965689,34398.350965689,45674.128618009,27444.378762930468,1363.0720836570254,35265.131559773,866.7805940839971,0.025198318226027073,0.0,0.0,0.0305943563580513,False,False,
s-009,after_one_actual_history_call,2,200,0,-0.314675029,0.0,0.0,0.0,1363.0720836570254,0.0,-0.314675029,0.0,0.0,0.0,0.004627060145139694,False,True,
s-009,after_one_actual_history_call,2,200,1,-0.314675029,0.0,0.0,0.0,1363.0720836570254,0.0,-0.314675029,0.0,0.0,0.0,0.0044731684029102325,False,True,
s-009,after_one_actual_history_call,2,1000,0,-0.314675029,0.0,0.0,0.0,1363.0720836570254,0.0,-0.314675029,0.0,0.0,0.0,0.004431676119565964,False,True,
s-009,after_one_actual_history_call,2,1000,1,-0.314675029,0.0,0.0,0.0,1363.0720836570254,0.0,-0.314675029,0.0,0.0,0.0,0.00440993532538414,False,True,
s-009,after_one_actual_history_call,2,50,0,-0.314675029,0.0,0.0,0.0,1363.0720836570254,0.0,-0.314675029,0.0,0.0,0.0,0.004391968250274658,False,True,
s-009,after_one_actual_history_call,2,50,1,-0.314675029,0.0,0.0,0.0,1363.0720836570254,0.0,-0.314675029,0.0,0.0,0.0,0.004381347447633743,False,True,
s-009,after_one_actual_history_call,2,10,0,-0.314675029,0.0,0.0,0.0,1363.0720836570254,0.0,-0.314675029,0.0,0.0,0.0,0.004379749298095703,False,True,
s-009,after_one_actual_history_call,2,10,1,-0.314675029,0.0,0.0,0.0,1363.0720836570254,0.0,-0.314675029,0.0,0.0,0.0,0.004405800253152847,False,True,
s-009,after_one_actual_history_call,3,200,0,-9299.898310588,9735.737821637,14335.229557958,7610.470769388794,1363.0720836570254,10775.5208806,1475.6225700119994,0.10680064295200656,112.55048635497405,0.00011745973206153574,0.2187565565109253,False,False,0.2187565565109253
s-009,after_one_actual_history_call,3,200,1,-9299.898310588,9735.737821637,14335.229557958,7610.470769388794,1363.0720836570254,10775.5208806,1475.6225700119994,0.10680064295200656,112.55048635497405,0.00011745973206153574,0.2197907641530037,False,False,0.2197907641530037
s-009,after_one_actual_history_call,3,1000,0,-9299.898310588,9735.737821637,14335.229557958,7610.470769388794,1363.0720836570254,10775.5208806,1475.6225700119994,0.10680064295200656,112.55048635497405,0.00011745973206153574,1.0196896195411682,False,False,1.0196896195411682
s-009,after_one_actual_history_call,3,1000,1,-9299.898310588,9735.737821637,14335.229557958,7610.470769388794,1363.0720836570254,10775.5208806,1475.6225700119994,0.10680064295200656,112.55048635497405,0.00011745973206153574,1.0187386013567448,False,False,1.0187386013567448
s-009,after_one_actual_history_call,3,50,0,-9299.898310588,9735.737821637,14335.229557958,7610.470769388794,1363.0720836570254,10775.5208806,1475.6225700119994,0.10680064295200656,112.55048635497405,0.00011745973206153574,0.06928026676177979,False,False,0.06928026676177979
s-009,after_one_actual_history_call,3,50,1,-9299.898310588,9735.737821637,14335.229557958,7610.470769388794,1363.0720836570254,10775.5208806,1475.6225700119994,0.10680064295200656,112.55048635497405,0.00011745973206153574,0.06946977227926254,False,False,0.06946977227926254
s-009,after_one_actual_history_call,3,10,0,-9299.898310588,9735.737821637,14335.229557958,7610.470769388794,1363.0720836570254,10775.5208806,1475.6225700119994,0.10680064295200656,112.55048635497405,0.00011745973206153574,0.030159641057252884,False,False,0.030159641057252884
s-009,after_one_actual_history_call,3,10,1,-9299.898310588,9735.737821637,14335.229557958,7610.470769388794,1363.0720836570254,10775.5208806,1475.6225700119994,0.10680064295200656,112.55048635497405,0.00011745973206153574,0.028863191604614258,False,False,0.028863191604614258
s-009,after_one_actual_history_call,4,200,0,-35313.96713664199,35960.343413951,43015.500963799,28754.799708266597,1363.0720836570254,35960.343413951,646.3762773090057,0.0,0.0,0.0,0.003580380231142044,False,True,
s-009,after_one_actual_history_call,4,200,1,-35313.96713664199,35960.343413951,43015.500963799,28754.799708266597,1363.0720836570254,35960.343413951,646.3762773090057,0.0,0.0,0.0,0.003305140882730484,False,True,
s-009,after_one_actual_history_call,4,1000,0,-35313.96713664199,35960.343413951,43015.500963799,28754.799708266597,1363.0720836570254,35960.343413951,646.3762773090057,0.0,0.0,0.0,1.0225371234118938,False,True,
s-009,after_one_actual_history_call,4,1000,1,-35313.96713664199,35960.343413951,43015.500963799,28754.799708266597,1363.0720836570254,35960.343413951,646.3762773090057,0.0,0.0,0.0,1.021440900862217,False,True,
s-009,after_one_actual_history_call,4,50,0,-35313.96713664199,35960.343413951,43015.500963799,28754.799708266597,1363.0720836570254,35960.343413951,646.3762773090057,0.0,0.0,0.0,0.06969984248280525,False,True,
s-009,after_one_actual_history_call,4,50,1,-35313.96713664199,35960.343413951,43015.500963799,28754.799708266597,1363.0720836570254,35960.343413951,646.3762773090057,0.0,0.0,0.0,0.06993651762604713,False,True,
s-009,after_one_actual_history_call,4,10,0,-35313.96713664199,35960.343413951,43015.500963799,28754.799708266597,1363.0720836570254,35960.343413951,646.3762773090057,0.0,0.0,0.0,0.02977319434285164,False,True,
s-009,after_one_actual_history_call,4,10,1,-35313.96713664199,35960.343413951,43015.500963799,28754.799708266597,1363.0720836570254,35960.343413951,646.3762773090057,0.0,0.0,0.0,0.029541995376348495,False,True,
s-009,after_one_actual_history_call,5,200,0,-0.8119089150000036,815.267290819,815.267290819,815.267290819,1363.0720836570254,815.267290819,814.455381904,0.0,0.0,0.0,0.2159951999783516,False,True,
s-009,after_one_actual_history_call,5,200,1,-0.8119089150000036,815.267290819,815.267290819,815.267290819,1363.0720836570254,815.267290819,814.455381904,0.0,0.0,0.0,0.21637827157974243,False,True,
s-009,after_one_actual_history_call,5,1000,0,-0.8119089150000036,815.267290819,815.267290819,815.267290819,1363.0720836570254,815.267290819,814.455381904,0.0,0.0,0.0,1.0174942910671234,False,True,
s-009,after_one_actual_history_call,5,1000,1,-0.8119089150000036,815.267290819,815.267290819,815.267290819,1363.0720836570254,815.267290819,814.455381904,0.0,0.0,0.0,1.0172068253159523,False,True,
s-009,after_one_actual_history_call,5,50,0,-0.8119089150000036,815.267290819,815.267290819,815.267290819,1363.0720836570254,815.267290819,814.455381904,0.0,0.0,0.0,0.06618447974324226,False,True,
s-009,after_one_actual_history_call,5,50,1,-0.8119089150000036,815.267290819,815.267290819,815.267290819,1363.0720836570254,815.267290819,814.455381904,0.0,0.0,0.0,0.06540404260158539,False,True,
s-009,after_one_actual_history_call,5,10,0,-0.8119089150000036,815.267290819,815.267290819,815.267290819,1363.0720836570254,815.267290819,814.455381904,0.0,0.0,0.0,0.026116203516721725,False,True,
s-009,after_one_actual_history_call,5,10,1,-0.8119089150000036,815.267290819,815.267290819,815.267290819,1363.0720836570254,815.267290819,814.455381904,0.0,0.0,0.0,0.025346416980028152,False,True,
s-009,after_one_actual_history_call,6,200,0,-9206.617177379,10569.689261036,14939.046493131,8604.353291383028,1363.0720836570254,11497.009804324,2290.3926269450003,0.08773394566162564,927.3205432879749,0.0009677685639334384,0.21677856147289276,False,False,0.21677856147289276
s-009,after_one_actual_history_call,6,200,1,-9206.617177379,10569.689261036,14939.046493131,8604.353291383028,1363.0720836570254,11497.009804324,2290.3926269450003,0.08773394566162564,927.3205432879749,0.0009677685639334384,0.21839182078838348,False,False,0.21839182078838348
s-009,after_one_actual_history_call,6,1000,0,-9206.617177379,10569.689261036,14939.046493131,8604.353291383028,1363.0720836570254,11497.009804324,2290.3926269450003,0.08773394566162564,927.3205432879749,0.0009677685639334384,1.0194042697548866,False,False,1.0194042697548866
s-009,after_one_actual_history_call,6,1000,1,-9206.617177379,10569.689261036,14939.046493131,8604.353291383028,1363.0720836570254,11497.009804324,2290.3926269450003,0.08773394566162564,927.3205432879749,0.0009677685639334384,1.019141711294651,False,False,1.019141711294651
s-009,after_one_actual_history_call,6,50,0,-9206.617177379,10569.689261036,14939.046493131,8604.353291383028,1363.0720836570254,11497.009804324,2290.3926269450003,0.08773394566162564,927.3205432879749,0.0009677685639334384,0.06918471679091454,False,False,0.06918471679091454
s-009,after_one_actual_history_call,6,50,1,-9206.617177379,10569.689261036,14939.046493131,8604.353291383028,1363.0720836570254,11497.009804324,2290.3926269450003,0.08773394566162564,927.3205432879749,0.0009677685639334384,0.06691811606287956,False,False,0.06691811606287956
s-009,after_one_actual_history_call,6,10,0,-9206.617177379,10569.689261036,14939.046493131,8604.353291383028,1363.0720836570254,11497.009804324,2290.3926269450003,0.08773394566162564,927.3205432879749,0.0009677685639334384,0.027539227157831192,False,False,0.027539227157831192
s-009,after_one_actual_history_call,6,10,1,-9206.617177379,10569.689261036,14939.046493131,8604.353291383028,1363.0720836570254,11497.009804324,2290.3926269450003,0.08773394566162564,927.3205432879749,0.0009677685639334384,0.026428736746311188,False,False,0.026428736746311188
s-009,after_one_actual_history_call,7,200,0,-35971.542476426,35970.730567511,50158.340797307,29228.209435738718,1363.0720836570254,38041.479070463,2069.936594036997,0.057567596495310465,706.8645103799718,0.0007376966433639119,0.22017133235931396,False,False,0.22017133235931396
s-009,after_one_actual_history_call,7,200,1,-35971.542476426,35970.730567511,50158.340797307,29228.209435738718,1363.0720836570254,38041.479070463,2069.936594036997,0.057567596495310465,706.8645103799718,0.0007376966433639119,0.22043514996767044,False,False,0.22043514996767044
s-009,after_one_actual_history_call,7,1000,0,-35971.542476426,35970.730567511,50158.340797307,29228.209435738718,1363.0720836570254,38041.479070463,2069.936594036997,0.057567596495310465,706.8645103799718,0.0007376966433639119,1.0214232355356216,False,False,1.0214232355356216
s-009,after_one_actual_history_call,7,1000,1,-35971.542476426,35970.730567511,50158.340797307,29228.209435738718,1363.0720836570254,38041.479070463,2069.936594036997,0.057567596495310465,706.8645103799718,0.0007376966433639119,1.022310208529234,False,False,1.022310208529234
s-009,after_one_actual_history_call,7,50,0,-35971.542476426,35970.730567511,50158.340797307,29228.209435738718,1363.0720836570254,38041.479070463,2069.936594036997,0.057567596495310465,706.8645103799718,0.0007376966433639119,0.07035602256655693,False,False,0.07035602256655693
s-009,after_one_actual_history_call,7,50,1,-35971.542476426,35970.730567511,50158.340797307,29228.209435738718,1363.0720836570254,38041.479070463,2069.936594036997,0.057567596495310465,706.8645103799718,0.0007376966433639119,0.07022317871451378,False,False,0.07022317871451378
s-009,after_one_actual_history_call,7,10,0,-35971.542476426,35970.730567511,50158.340797307,29228.209435738718,1363.0720836570254,38041.479070463,2069.936594036997,0.057567596495310465,706.8645103799718,0.0007376966433639119,0.02863563969731331,False,False,0.02863563969731331
s-009,after_one_actual_history_call,7,10,1,-35971.542476426,35970.730567511,50158.340797307,29228.209435738718,1363.0720836570254,38041.479070463,2069.936594036997,0.057567596495310465,706.8645103799718,0.0007376966433639119,0.027838267385959625,False,False,0.027838267385959625
s-009,after_one_actual_history_call,8,200,0,-2.5450985160000528,815.267290819,815.267290819,815.267290819,1363.0720836570254,815.267290819,812.7221923029999,0.0,0.0,0.0,0.21533087641000748,False,True,
s-009,after_one_actual_history_call,8,200,1,-2.5450985160000528,815.267290819,815.267290819,815.267290819,1363.0720836570254,815.267290819,812.7221923029999,0.0,0.0,0.0,0.21626588329672813,False,True,
s-009,after_one_actual_history_call,8,1000,0,-2.5450985160000528,815.267290819,815.267290819,815.267290819,1363.0720836570254,815.267290819,812.7221923029999,0.0,0.0,0.0,1.0168628357350826,False,True,
s-009,after_one_actual_history_call,8,1000,1,-2.5450985160000528,815.267290819,815.267290819,815.267290819,1363.0720836570254,815.267290819,812.7221923029999,0.0,0.0,0.0,1.0175901241600513,False,True,
s-009,after_one_actual_history_call,8,50,0,-2.5450985160000528,815.267290819,815.267290819,815.267290819,1363.0720836570254,815.267290819,812.7221923029999,0.0,0.0,0.0,0.06634609028697014,False,True,
s-009,after_one_actual_history_call,8,50,1,-2.5450985160000528,815.267290819,815.267290819,815.267290819,1363.0720836570254,815.267290819,812.7221923029999,0.0,0.0,0.0,0.0662362091243267,False,True,
s-009,after_one_actual_history_call,8,10,0,-2.5450985160000528,815.267290819,815.267290819,815.267290819,1363.0720836570254,815.267290819,812.7221923029999,0.0,0.0,0.0,0.026786625385284424,False,True,
s-009,after_one_actual_history_call,8,10,1,-2.5450985160000528,815.267290819,815.267290819,815.267290819,1363.0720836570254,815.267290819,812.7221923029999,0.0,0.0,0.0,0.02437371015548706,False,True,
s-009,after_one_actual_history_call,9,200,0,-9722.612971678,10245.108115378,13384.189102252,7627.38260129741,1363.0720836570254,11096.987575293,1374.3746036150005,0.08314987507416557,11.302519957975164,1.1795515140617173e-05,0.21675072982907295,False,False,0.21675072982907295
s-009,after_one_actual_history_call,9,200,1,-9722.612971678,10245.108115378,13384.189102252,7627.38260129741,1363.0720836570254,11096.987575293,1374.3746036150005,0.08314987507416557,11.302519957975164,1.1795515140617173e-05,0.21807653829455376,False,False,0.21807653829455376
s-009,after_one_actual_history_call,9,1000,0,-9722.612971678,10245.108115378,13384.189102252,7627.38260129741,1363.0720836570254,11096.987575293,1374.3746036150005,0.08314987507416557,11.302519957975164,1.1795515140617173e-05,1.0180832892656326,False,False,1.0180832892656326
s-009,after_one_actual_history_call,9,1000,1,-9722.612971678,10245.108115378,13384.189102252,7627.38260129741,1363.0720836570254,11096.987575293,1374.3746036150005,0.08314987507416557,11.302519957975164,1.1795515140617173e-05,1.0178588591516018,False,False,1.0178588591516018
s-009,after_one_actual_history_call,9,50,0,-9722.612971678,10245.108115378,13384.189102252,7627.38260129741,1363.0720836570254,11096.987575293,1374.3746036150005,0.08314987507416557,11.302519957975164,1.1795515140617173e-05,0.06871432065963745,False,False,0.06871432065963745
s-009,after_one_actual_history_call,9,50,1,-9722.612971678,10245.108115378,13384.189102252,7627.38260129741,1363.0720836570254,11096.987575293,1374.3746036150005,0.08314987507416557,11.302519957975164,1.1795515140617173e-05,0.06719207763671875,False,False,0.06719207763671875
s-009,after_one_actual_history_call,9,10,0,-9722.612971678,10245.108115378,13384.189102252,7627.38260129741,1363.0720836570254,11096.987575293,1374.3746036150005,0.08314987507416557,11.302519957975164,1.1795515140617173e-05,0.026244204491376877,False,False,0.026244204491376877
s-009,after_one_actual_history_call,9,10,1,-9722.612971678,10245.108115378,13384.189102252,7627.38260129741,1363.0720836570254,11096.987575293,1374.3746036150005,0.08314987507416557,11.302519957975164,1.1795515140617173e-05,0.025508154183626175,False,False,0.025508154183626175
s-009,after_one_actual_history_call,10,200,0,-36497.533414330006,37159.07420575,55616.766117089,28957.90384812515,1363.0720836570254,38841.263788764,2343.730374433995,0.045269954081732636,980.6582907769698,0.001023432806103515,0.21880248188972473,False,False,0.21880248188972473
s-009,after_one_actual_history_call,10,200,1,-36497.533414330006,37159.07420575,55616.766117089,28957.90384812515,1363.0720836570254,38841.263788764,2343.730374433995,0.045269954081732636,980.6582907769698,0.001023432806103515,0.2209734097123146,False,False,0.2209734097123146
s-009,after_one_actual_history_call,10,1000,0,-36497.533414330006,37159.07420575,55616.766117089,28957.90384812515,1363.0720836570254,38841.263788764,2343.730374433995,0.045269954081732636,980.6582907769698,0.001023432806103515,1.0211985185742378,False,False,1.0211985185742378
s-009,after_one_actual_history_call,10,1000,1,-36497.533414330006,37159.07420575,55616.766117089,28957.90384812515,1363.0720836570254,38841.263788764,2343.730374433995,0.045269954081732636,980.6582907769698,0.001023432806103515,1.0214622095227242,False,False,1.0214622095227242
s-009,after_one_actual_history_call,10,50,0,-36497.533414330006,37159.07420575,55616.766117089,28957.90384812515,1363.0720836570254,38841.263788764,2343.730374433995,0.045269954081732636,980.6582907769698,0.001023432806103515,0.0703141838312149,False,False,0.0703141838312149
s-009,after_one_actual_history_call,10,50,1,-36497.533414330006,37159.07420575,55616.766117089,28957.90384812515,1363.0720836570254,38841.263788764,2343.730374433995,0.045269954081732636,980.6582907769698,0.001023432806103515,0.07140835002064705,False,False,0.07140835002064705
s-009,after_one_actual_history_call,10,10,0,-36497.533414330006,37159.07420575,55616.766117089,28957.90384812515,1363.0720836570254,38841.263788764,2343.730374433995,0.045269954081732636,980.6582907769698,0.001023432806103515,0.03140838071703911,False,False,0.03140838071703911
s-009,after_one_actual_history_call,10,10,1,-36497.533414330006,37159.07420575,55616.766117089,28957.90384812515,1363.0720836570254,38841.263788764,2343.730374433995,0.045269954081732636,980.6582907769698,0.001023432806103515,0.03028775379061699,False,False,0.03028775379061699
s-010,after_common_greedy_prefix,0,200,0,-9278.752744513,9756.939045119,21619.171857785,7929.0510144862965,1250.6095679820282,10959.767352238001,1681.014607725001,0.12327926838086868,430.4050397429728,0.00044917851786706195,0.2212059386074543,False,False,0.2212059386074543
s-010,after_common_greedy_prefix,0,200,1,-9278.752744513,9756.939045119,21619.171857785,7929.0510144862965,1250.6095679820282,10959.767352238001,1681.014607725001,0.12327926838086868,430.4050397429728,0.00044917851786706195,0.22025204077363014,False,False,0.22025204077363014
s-010,after_common_greedy_prefix,0,1000,0,-9278.752744513,9756.939045119,21619.171857785,7929.0510144862965,1250.6095679820282,10959.767352238001,1681.014607725001,0.12327926838086868,430.4050397429728,0.00044917851786706195,1.0202117934823036,False,False,1.0202117934823036
s-010,after_common_greedy_prefix,0,1000,1,-9278.752744513,9756.939045119,21619.171857785,7929.0510144862965,1250.6095679820282,10959.767352238001,1681.014607725001,0.12327926838086868,430.4050397429728,0.00044917851786706195,1.0204235278069973,False,False,1.0204235278069973
s-010,after_common_greedy_prefix,0,50,0,-9278.752744513,9756.939045119,21619.171857785,7929.0510144862965,1250.6095679820282,10959.767352238001,1681.014607725001,0.12327926838086868,430.4050397429728,0.00044917851786706195,0.06819363310933113,False,False,0.06819363310933113
s-010,after_common_greedy_prefix,0,50,1,-9278.752744513,9756.939045119,21619.171857785,7929.0510144862965,1250.6095679820282,10959.767352238001,1681.014607725001,0.12327926838086868,430.4050397429728,0.00044917851786706195,0.06891795247793198,False,False,0.06891795247793198
s-010,after_common_greedy_prefix,0,10,0,-9278.752744513,9756.939045119,21619.171857785,7929.0510144862965,1250.6095679820282,10959.767352238001,1681.014607725001,0.12327926838086868,430.4050397429728,0.00044917851786706195,0.027589548379182816,False,False,0.027589548379182816
s-010,after_common_greedy_prefix,0,10,1,-9278.752744513,9756.939045119,21619.171857785,7929.0510144862965,1250.6095679820282,10959.767352238001,1681.014607725001,0.12327926838086868,430.4050397429728,0.00044917851786706195,0.026729576289653778,False,False,0.026729576289653778
s-010,after_common_greedy_prefix,1,200,0,-35006.160257048,35006.160257048,41346.623802727,27709.12145583392,1250.6095679820282,35517.697581487,511.53732443899935,0.014612780170199,0.0,0.0,0.21987991780042648,False,False,
s-010,after_common_greedy_prefix,1,200,1,-35006.160257048,35006.160257048,41346.623802727,27709.12145583392,1250.6095679820282,35517.697581487,511.53732443899935,0.014612780170199,0.0,0.0,0.2201235145330429,False,False,
s-010,after_common_greedy_prefix,1,1000,0,-35006.160257048,35006.160257048,41346.623802727,27709.12145583392,1250.6095679820282,35517.697581487,511.53732443899935,0.014612780170199,0.0,0.0,1.0215349458158016,False,False,
s-010,after_common_greedy_prefix,1,1000,1,-35006.160257048,35006.160257048,41346.623802727,27709.12145583392,1250.6095679820282,35517.697581487,511.53732443899935,0.014612780170199,0.0,0.0,1.0211393721401691,False,False,
s-010,after_common_greedy_prefix,1,50,0,-35006.160257048,35006.160257048,41346.623802727,27709.12145583392,1250.6095679820282,35517.697581487,511.53732443899935,0.014612780170199,0.0,0.0,0.07007347792387009,False,False,
s-010,after_common_greedy_prefix,1,50,1,-35006.160257048,35006.160257048,41346.623802727,27709.12145583392,1250.6095679820282,35517.697581487,511.53732443899935,0.014612780170199,0.0,0.0,0.07057276368141174,False,False,
s-010,after_common_greedy_prefix,1,10,0,-35006.160257048,35006.160257048,41346.623802727,27709.12145583392,1250.6095679820282,35497.576992454,491.4167354059973,0.014038007362063008,0.0,0.0,0.03019830584526062,False,False,
s-010,after_common_greedy_prefix,1,10,1,-35006.160257048,35006.160257048,41346.623802727,27709.12145583392,1250.6095679820282,35497.576992454,491.4167354059973,0.014038007362063008,0.0,0.0,0.028118379414081573,False,False,
s-010,after_common_greedy_prefix,2,200,0,-0.314675029,0.0,0.0,0.0,1250.6095679820282,0.0,-0.314675029,0.0,0.0,0.0,0.004469975829124451,False,True,
s-010,after_common_greedy_prefix,2,200,1,-0.314675029,0.0,0.0,0.0,1250.6095679820282,0.0,-0.314675029,0.0,0.0,0.0,0.004448670893907547,False,True,
s-010,after_common_greedy_prefix,2,1000,0,-0.314675029,0.0,0.0,0.0,1250.6095679820282,0.0,-0.314675029,0.0,0.0,0.0,0.004400607198476791,False,True,
s-010,after_common_greedy_prefix,2,1000,1,-0.314675029,0.0,0.0,0.0,1250.6095679820282,0.0,-0.314675029,0.0,0.0,0.0,0.004403375089168549,False,True,
s-010,after_common_greedy_prefix,2,50,0,-0.314675029,0.0,0.0,0.0,1250.6095679820282,0.0,-0.314675029,0.0,0.0,0.0,0.004375666379928589,False,True,
s-010,after_common_greedy_prefix,2,50,1,-0.314675029,0.0,0.0,0.0,1250.6095679820282,0.0,-0.314675029,0.0,0.0,0.0,0.004387013614177704,False,True,
s-010,after_common_greedy_prefix,2,10,0,-0.314675029,0.0,0.0,0.0,1250.6095679820282,0.0,-0.314675029,0.0,0.0,0.0,0.004448931664228439,False,True,
s-010,after_common_greedy_prefix,2,10,1,-0.314675029,0.0,0.0,0.0,1250.6095679820282,0.0,-0.314675029,0.0,0.0,0.0,0.004409428685903549,False,True,
s-010,after_common_greedy_prefix,3,200,0,-9496.443147272,10079.207140886,15345.206838056,8029.852562285578,1250.6095679820282,11002.594315115,1506.1511678429997,0.09161307643766035,255.54159986097147,0.0002666878555777948,0.2175082415342331,False,False,0.2175082415342331
s-010,after_common_greedy_prefix,3,200,1,-9496.443147272,10079.207140886,15345.206838056,8029.852562285578,1250.6095679820282,11002.594315115,1506.1511678429997,0.09161307643766035,255.54159986097147,0.0002666878555777948,0.2194230519235134,False,False,0.2194230519235134
s-010,after_common_greedy_prefix,3,1000,0,-9496.443147272,10079.207140886,15345.206838056,8029.852562285578,1250.6095679820282,11002.594315115,1506.1511678429997,0.09161307643766035,255.54159986097147,0.0002666878555777948,1.0199477337300777,False,False,1.0199477337300777
s-010,after_common_greedy_prefix,3,1000,1,-9496.443147272,10079.207140886,15345.206838056,8029.852562285578,1250.6095679820282,11002.594315115,1506.1511678429997,0.09161307643766035,255.54159986097147,0.0002666878555777948,1.018665675073862,False,False,1.018665675073862
s-010,after_common_greedy_prefix,3,50,0,-9496.443147272,10079.207140886,15345.206838056,8029.852562285578,1250.6095679820282,11002.594315115,1506.1511678429997,0.09161307643766035,255.54159986097147,0.0002666878555777948,0.06706568598747253,False,False,0.06706568598747253
s-010,after_common_greedy_prefix,3,50,1,-9496.443147272,10079.207140886,15345.206838056,8029.852562285578,1250.6095679820282,11002.594315115,1506.1511678429997,0.09161307643766035,255.54159986097147,0.0002666878555777948,0.06706702336668968,False,False,0.06706702336668968
s-010,after_common_greedy_prefix,3,10,0,-9496.443147272,10079.207140886,15345.206838056,8029.852562285578,1250.6095679820282,11002.594315115,1506.1511678429997,0.09161307643766035,255.54159986097147,0.0002666878555777948,0.027869045734405518,False,False,0.027869045734405518
s-010,after_common_greedy_prefix,3,10,1,-9496.443147272,10079.207140886,15345.206838056,8029.852562285578,1250.6095679820282,11002.594315115,1506.1511678429997,0.09161307643766035,255.54159986097147,0.0002666878555777948,0.025865662842988968,False,False,0.025865662842988968
s-010,after_common_greedy_prefix,4,200,0,-35313.96713664199,35313.652461613,43015.500963799,28754.799708266597,1250.6095679820282,35960.343413951,646.3762773090057,0.018312774444415637,0.0,0.0,0.22028693556785583,False,False,
s-010,after_common_greedy_prefix,4,200,1,-35313.96713664199,35313.652461613,43015.500963799,28754.799708266597,1250.6095679820282,35960.343413951,646.3762773090057,0.018312774444415637,0.0,0.0,0.22233941033482552,False,False,
s-010,after_common_greedy_prefix,4,1000,0,-35313.96713664199,35313.652461613,43015.500963799,28754.799708266597,1250.6095679820282,35960.343413951,646.3762773090057,0.018312774444415637,0.0,0.0,1.0217439830303192,False,False,
s-010,after_common_greedy_prefix,4,1000,1,-35313.96713664199,35313.652461613,43015.500963799,28754.799708266597,1250.6095679820282,35960.343413951,646.3762773090057,0.018312774444415637,0.0,0.0,1.0214471481740475,False,False,
s-010,after_common_greedy_prefix,4,50,0,-35313.96713664199,35313.652461613,43015.500963799,28754.799708266597,1250.6095679820282,35960.343413951,646.3762773090057,0.018312774444415637,0.0,0.0,0.07036829739809036,False,False,
s-010,after_common_greedy_prefix,4,50,1,-35313.96713664199,35313.652461613,43015.500963799,28754.799708266597,1250.6095679820282,35960.343413951,646.3762773090057,0.018312774444415637,0.0,0.0,0.07027437165379524,False,False,
s-010,after_common_greedy_prefix,4,10,0,-35313.96713664199,35313.652461613,43015.500963799,28754.799708266597,1250.6095679820282,35960.343413951,646.3762773090057,0.018312774444415637,0.0,0.0,0.028442811220884323,False,False,
s-010,after_common_greedy_prefix,4,10,1,-35313.96713664199,35313.652461613,43015.500963799,28754.799708266597,1250.6095679820282,35960.343413951,646.3762773090057,0.018312774444415637,0.0,0.0,0.028958220034837723,False,False,
s-010,after_common_greedy_prefix,5,200,0,-0.8119089150000036,815.267290819,815.267290819,815.267290819,1250.6095679820282,815.267290819,814.455381904,0.0,0.0,0.0,0.21652992069721222,False,True,
s-010,after_common_greedy_prefix,5,200,1,-0.8119089150000036,815.267290819,815.267290819,815.267290819,1250.6095679820282,815.267290819,814.455381904,0.0,0.0,0.0,0.21696588397026062,False,True,
s-010,after_common_greedy_prefix,5,1000,0,-0.8119089150000036,815.267290819,815.267290819,815.267290819,1250.6095679820282,815.267290819,814.455381904,0.0,0.0,0.0,1.0170693658292294,False,True,
s-010,after_common_greedy_prefix,5,1000,1,-0.8119089150000036,815.267290819,815.267290819,815.267290819,1250.6095679820282,815.267290819,814.455381904,0.0,0.0,0.0,1.0163203664124012,False,True,
s-010,after_common_greedy_prefix,5,50,0,-0.8119089150000036,815.267290819,815.267290819,815.267290819,1250.6095679820282,815.267290819,814.455381904,0.0,0.0,0.0,0.06584682688117027,False,True,
s-010,after_common_greedy_prefix,5,50,1,-0.8119089150000036,815.267290819,815.267290819,815.267290819,1250.6095679820282,815.267290819,814.455381904,0.0,0.0,0.0,0.06615763530135155,False,True,
s-010,after_common_greedy_prefix,5,10,0,-0.8119089150000036,815.267290819,815.267290819,815.267290819,1250.6095679820282,815.267290819,814.455381904,0.0,0.0,0.0,0.026135452091693878,False,True,
s-010,after_common_greedy_prefix,5,10,1,-0.8119089150000036,815.267290819,815.267290819,815.267290819,1250.6095679820282,815.267290819,814.455381904,0.0,0.0,0.0,0.024485278874635696,False,True,
s-010,after_common_greedy_prefix,6,200,0,-9152.114141146,10402.723709128,16464.084613206,8806.938277568828,1250.6095679820282,11450.85396094,2298.739819794,0.1007553676439858,1048.130251811972,0.001093847770280944,0.21772897988557816,False,False,0.21772897988557816
s-010,after_common_greedy_prefix,6,200,1,-9152.114141146,10402.723709128,16464.084613206,8806.938277568828,1250.6095679820282,11450.85396094,2298.739819794,0.1007553676439858,1048.130251811972,0.001093847770280944,0.2191825993359089,False,False,0.2191825993359089
s-010,after_common_greedy_prefix,6,1000,0,-9152.114141146,10402.723709128,16464.084613206,8806.938277568828,1250.6095679820282,11450.85396094,2298.739819794,0.1007553676439858,1048.130251811972,0.001093847770280944,1.0195648334920406,False,False,1.0195648334920406
s-010,after_common_greedy_prefix,6,1000,1,-9152.114141146,10402.723709128,16464.084613206,8806.938277568828,1250.6095679820282,11450.85396094,2298.739819794,0.1007553676439858,1048.130251811972,0.001093847770280944,1.0196947939693928,False,False,1.0196947939693928
s-010,after_common_greedy_prefix,6,50,0,-9152.114141146,10402.723709128,16464.084613206,8806.938277568828,1250.6095679820282,11450.85396094,2298.739819794,0.1007553676439858,1048.130251811972,0.001093847770280944,0.06929775699973106,False,False,0.06929775699973106
s-010,after_common_greedy_prefix,6,50,1,-9152.114141146,10402.723709128,16464.084613206,8806.938277568828,1250.6095679820282,11450.85396094,2298.739819794,0.1007553676439858,1048.130251811972,0.001093847770280944,0.06770632788538933,False,False,0.06770632788538933
s-010,after_common_greedy_prefix,6,10,0,-9152.114141146,10402.723709128,16464.084613206,8806.938277568828,1250.6095679820282,11450.85396094,2298.739819794,0.1007553676439858,1048.130251811972,0.001093847770280944,0.026799920946359634,False,False,0.026799920946359634
s-010,after_common_greedy_prefix,6,10,1,-9152.114141146,10402.723709128,16464.084613206,8806.938277568828,1250.6095679820282,11450.85396094,2298.739819794,0.1007553676439858,1048.130251811972,0.001093847770280944,0.025788776576519012,False,False,0.025788776576519012
s-010,after_common_greedy_prefix,7,200,0,-36281.804660675,36280.99275176,49733.770673817,29390.20930032585,1250.6095679820282,38155.123129088,1873.3184684130028,0.051655983896336105,622.7089004309746,0.0006498703201181087,0.21909768879413605,False,False,0.21909768879413605
s-010,after_common_greedy_prefix,7,200,1,-36281.804660675,36280.99275176,49733.770673817,29390.20930032585,1250.6095679820282,38155.123129088,1873.3184684130028,0.051655983896336105,622.7089004309746,0.0006498703201181087,0.22106273472309113,False,False,0.22106273472309113
s-010,after_common_greedy_prefix,7,1000,0,-36281.804660675,36280.99275176,49733.770673817,29390.20930032585,1250.6095679820282,38155.123129088,1873.3184684130028,0.051655983896336105,622.7089004309746,0.0006498703201181087,1.0222668908536434,False,False,1.0222668908536434
s-010,after_common_greedy_prefix,7,1000,1,-36281.804660675,36280.99275176,49733.770673817,29390.20930032585,1250.6095679820282,38155.123129088,1873.3184684130028,0.051655983896336105,622.7089004309746,0.0006498703201181087,1.0209132134914398,False,False,1.0209132134914398
s-010,after_common_greedy_prefix,7,50,0,-36281.804660675,36280.99275176,49733.770673817,29390.20930032585,1250.6095679820282,38155.123129088,1873.3184684130028,0.051655983896336105,622.7089004309746,0.0006498703201181087,0.07033305615186691,False,False,0.07033305615186691
s-010,after_common_greedy_prefix,7,50,1,-36281.804660675,36280.99275176,49733.770673817,29390.20930032585,1250.6095679820282,38155.123129088,1873.3184684130028,0.051655983896336105,622.7089004309746,0.0006498703201181087,0.06946291029453278,False,False,0.06946291029453278
s-010,after_common_greedy_prefix,7,10,0,-36281.804660675,36280.99275176,49733.770673817,29390.20930032585,1250.6095679820282,38155.123129088,1873.3184684130028,0.051655983896336105,622.7089004309746,0.0006498703201181087,0.028574083000421524,False,False,0.028574083000421524
s-010,after_common_greedy_prefix,7,10,1,-36281.804660675,36280.99275176,49733.770673817,29390.20930032585,1250.6095679820282,38155.123129088,1873.3184684130028,0.051655983896336105,622.7089004309746,0.0006498703201181087,0.027623731642961502,False,False,0.027623731642961502
s-010,after_common_greedy_prefix,8,200,0,-2.5450985160000528,815.267290819,815.267290819,815.267290819,1250.6095679820282,815.267290819,812.7221923029999,0.0,0.0,0.0,0.2148701436817646,False,True,
s-010,after_common_greedy_prefix,8,200,1,-2.5450985160000528,815.267290819,815.267290819,815.267290819,1250.6095679820282,815.267290819,812.7221923029999,0.0,0.0,0.0,0.21648668497800827,False,True,
s-010,after_common_greedy_prefix,8,1000,0,-2.5450985160000528,815.267290819,815.267290819,815.267290819,1250.6095679820282,815.267290819,812.7221923029999,0.0,0.0,0.0,1.0167489387094975,False,True,
s-010,after_common_greedy_prefix,8,1000,1,-2.5450985160000528,815.267290819,815.267290819,815.267290819,1250.6095679820282,815.267290819,812.7221923029999,0.0,0.0,0.0,1.01777021586895,False,True,
s-010,after_common_greedy_prefix,8,50,0,-2.5450985160000528,815.267290819,815.267290819,815.267290819,1250.6095679820282,815.267290819,812.7221923029999,0.0,0.0,0.0,0.06698082759976387,False,True,
s-010,after_common_greedy_prefix,8,50,1,-2.5450985160000528,815.267290819,815.267290819,815.267290819,1250.6095679820282,815.267290819,812.7221923029999,0.0,0.0,0.0,0.06576931849122047,False,True,
s-010,after_common_greedy_prefix,8,10,0,-2.5450985160000528,815.267290819,815.267290819,815.267290819,1250.6095679820282,815.267290819,812.7221923029999,0.0,0.0,0.0,0.024949662387371063,False,True,
s-010,after_common_greedy_prefix,8,10,1,-2.5450985160000528,815.267290819,815.267290819,815.267290819,1250.6095679820282,815.267290819,812.7221923029999,0.0,0.0,0.0,0.023840241134166718,False,True,
s-010,after_common_greedy_prefix,9,200,0,-9982.09915258,10456.194357556,13184.402567454,7660.9661653234,1250.6095679820282,11159.808624507,1177.7094719270008,0.0672916209177525,0.0,0.0,0.21729285269975662,False,False,
s-010,after_common_greedy_prefix,9,200,1,-9982.09915258,10456.194357556,13184.402567454,7660.9661653234,1250.6095679820282,11159.808624507,1177.7094719270008,0.0672916209177525,0.0,0.0,0.2175089195370674,False,False,
s-010,after_common_greedy_prefix,9,1000,0,-9982.09915258,10456.194357556,13184.402567454,7660.9661653234,1250.6095679820282,11159.808624507,1177.7094719270008,0.0672916209177525,0.0,0.0,1.0185835286974907,False,False,
s-010,after_common_greedy_prefix,9,1000,1,-9982.09915258,10456.194357556,13184.402567454,7660.9661653234,1250.6095679820282,11159.808624507,1177.7094719270008,0.0672916209177525,0.0,0.0,1.0183901861310005,False,False,
s-010,after_common_greedy_prefix,9,50,0,-9982.09915258,10456.194357556,13184.402567454,7660.9661653234,1250.6095679820282,11159.808624507,1177.7094719270008,0.0672916209177525,0.0,0.0,0.06791229918599129,False,False,
s-010,after_common_greedy_prefix,9,50,1,-9982.09915258,10456.194357556,13184.402567454,7660.9661653234,1250.6095679820282,11159.808624507,1177.7094719270008,0.0672916209177525,0.0,0.0,0.06793233752250671,False,False,
s-010,after_common_greedy_prefix,9,10,0,-9982.09915258,10456.194357556,13184.402567454,7660.9661653234,1250.6095679820282,11159.808624507,1177.7094719270008,0.0672916209177525,0.0,0.0,0.026061709970235825,False,False,
s-010,after_common_greedy_prefix,9,10,1,-9982.09915258,10456.194357556,13184.402567454,7660.9661653234,1250.6095679820282,11159.808624507,1177.7094719270008,0.0672916209177525,0.0,0.0,0.025042511522769928,False,False,
s-010,after_common_greedy_prefix,10,200,0,-36520.777974537006,37168.208708421,55326.300955589,28915.25046508665,1250.6095679820282,38850.398291435,2329.620316897992,0.04525882848459344,1079.0107489159636,0.0011260752180089085,0.2190949060022831,False,False,0.2190949060022831
s-010,after_common_greedy_prefix,10,200,1,-36520.777974537006,37168.208708421,55326.300955589,28915.25046508665,1250.6095679820282,38850.398291435,2329.620316897992,0.04525882848459344,1079.0107489159636,0.0011260752180089085,0.22070928290486336,False,False,0.22070928290486336
s-010,after_common_greedy_prefix,10,1000,0,-36520.777974537006,37168.208708421,55326.300955589,28915.25046508665,1250.6095679820282,38850.398291435,2329.620316897992,0.04525882848459344,1079.0107489159636,0.0011260752180089085,1.0213629119098186,False,False,1.0213629119098186
s-010,after_common_greedy_prefix,10,1000,1,-36520.777974537006,37168.208708421,55326.300955589,28915.25046508665,1250.6095679820282,38850.398291435,2329.620316897992,0.04525882848459344,1079.0107489159636,0.0011260752180089085,1.0208033062517643,False,False,1.0208033062517643
s-010,after_common_greedy_prefix,10,50,0,-36520.777974537006,37168.208708421,55326.300955589,28915.25046508665,1250.6095679820282,38850.398291435,2329.620316897992,0.04525882848459344,1079.0107489159636,0.0011260752180089085,0.07021544501185417,False,False,0.07021544501185417
s-010,after_common_greedy_prefix,10,50,1,-36520.777974537006,37168.208708421,55326.300955589,28915.25046508665,1250.6095679820282,38850.398291435,2329.620316897992,0.04525882848459344,1079.0107489159636,0.0011260752180089085,0.07005637139081955,False,False,0.07005637139081955
s-010,after_common_greedy_prefix,10,10,0,-36520.777974537006,37168.208708421,55326.300955589,28915.25046508665,1250.6095679820282,38850.398291435,2329.620316897992,0.04525882848459344,1079.0107489159636,0.0011260752180089085,0.028755586594343185,False,False,0.028755586594343185
s-010,after_common_greedy_prefix,10,10,1,-36520.777974537006,37168.208708421,55326.300955589,28915.25046508665,1250.6095679820282,38850.398291435,2329.620316897992,0.04525882848459344,1079.0107489159636,0.0011260752180089085,0.027515597641468048,False,False,0.027515597641468048
s-011,after_one_actual_history_call,0,200,0,-9278.752744513,9756.939045119,21619.171857785,7929.0510144862965,1250.6095679820282,10959.767352238001,1681.014607725001,0.12327926838086868,430.4050397429728,0.00044917851786706195,0.22027139365673065,False,False,0.22027139365673065
s-011,after_one_actual_history_call,0,200,1,-9278.752744513,9756.939045119,21619.171857785,7929.0510144862965,1250.6095679820282,10959.767352238001,1681.014607725001,0.12327926838086868,430.4050397429728,0.00044917851786706195,0.2180543914437294,False,False,0.2180543914437294
s-011,after_one_actual_history_call,0,1000,0,-9278.752744513,9756.939045119,21619.171857785,7929.0510144862965,1250.6095679820282,10959.767352238001,1681.014607725001,0.12327926838086868,430.4050397429728,0.00044917851786706195,1.0194578878581524,False,False,1.0194578878581524
s-011,after_one_actual_history_call,0,1000,1,-9278.752744513,9756.939045119,21619.171857785,7929.0510144862965,1250.6095679820282,10959.767352238001,1681.014607725001,0.12327926838086868,430.4050397429728,0.00044917851786706195,1.0204406529664993,False,False,1.0204406529664993
s-011,after_one_actual_history_call,0,50,0,-9278.752744513,9756.939045119,21619.171857785,7929.0510144862965,1250.6095679820282,10959.767352238001,1681.014607725001,0.12327926838086868,430.4050397429728,0.00044917851786706195,0.06787799298763275,False,False,0.06787799298763275
s-011,after_one_actual_history_call,0,50,1,-9278.752744513,9756.939045119,21619.171857785,7929.0510144862965,1250.6095679820282,10959.767352238001,1681.014607725001,0.12327926838086868,430.4050397429728,0.00044917851786706195,0.06744915246963501,False,False,0.06744915246963501
s-011,after_one_actual_history_call,0,10,0,-9278.752744513,9756.939045119,21619.171857785,7929.0510144862965,1250.6095679820282,10959.767352238001,1681.014607725001,0.12327926838086868,430.4050397429728,0.00044917851786706195,0.027451522648334503,False,False,0.027451522648334503
s-011,after_one_actual_history_call,0,10,1,-9278.752744513,9756.939045119,21619.171857785,7929.0510144862965,1250.6095679820282,10959.767352238001,1681.014607725001,0.12327926838086868,430.4050397429728,0.00044917851786706195,0.026475895196199417,False,False,0.026475895196199417
s-011,after_one_actual_history_call,1,200,0,-35006.160257048,35006.160257048,41346.623802727,27709.12145583392,1250.6095679820282,35517.697581487,511.53732443899935,0.014612780170199,0.0,0.0,0.21972855925559998,False,False,
s-011,after_one_actual_history_call,1,200,1,-35006.160257048,35006.160257048,41346.623802727,27709.12145583392,1250.6095679820282,35517.697581487,511.53732443899935,0.014612780170199,0.0,0.0,0.2204471454024315,False,False,
s-011,after_one_actual_history_call,1,1000,0,-35006.160257048,35006.160257048,41346.623802727,27709.12145583392,1250.6095679820282,35517.697581487,511.53732443899935,0.014612780170199,0.0,0.0,1.023121815174818,False,False,
s-011,after_one_actual_history_call,1,1000,1,-35006.160257048,35006.160257048,41346.623802727,27709.12145583392,1250.6095679820282,35517.697581487,511.53732443899935,0.014612780170199,0.0,0.0,1.0222899690270424,False,False,
s-011,after_one_actual_history_call,1,50,0,-35006.160257048,35006.160257048,41346.623802727,27709.12145583392,1250.6095679820282,35517.697581487,511.53732443899935,0.014612780170199,0.0,0.0,0.07010668516159058,False,False,
s-011,after_one_actual_history_call,1,50,1,-35006.160257048,35006.160257048,41346.623802727,27709.12145583392,1250.6095679820282,35517.697581487,511.53732443899935,0.014612780170199,0.0,0.0,0.06986624374985695,False,False,
s-011,after_one_actual_history_call,1,10,0,-35006.160257048,35006.160257048,41346.623802727,27709.12145583392,1250.6095679820282,35497.576992454,491.4167354059973,0.014038007362063008,0.0,0.0,0.0287657231092453,False,False,
s-011,after_one_actual_history_call,1,10,1,-35006.160257048,35006.160257048,41346.623802727,27709.12145583392,1250.6095679820282,35497.576992454,491.4167354059973,0.014038007362063008,0.0,0.0,0.02782808616757393,False,False,
s-011,after_one_actual_history_call,2,200,0,-0.314675029,0.0,0.0,0.0,1250.6095679820282,0.0,-0.314675029,0.0,0.0,0.0,0.0045861490070819855,False,True,
s-011,after_one_actual_history_call,2,200,1,-0.314675029,0.0,0.0,0.0,1250.6095679820282,0.0,-0.314675029,0.0,0.0,0.0,0.004550620913505554,False,True,
s-011,after_one_actual_history_call,2,1000,0,-0.314675029,0.0,0.0,0.0,1250.6095679820282,0.0,-0.314675029,0.0,0.0,0.0,0.004622459411621094,False,True,
s-011,after_one_actual_history_call,2,1000,1,-0.314675029,0.0,0.0,0.0,1250.6095679820282,0.0,-0.314675029,0.0,0.0,0.0,0.0045974403619766235,False,True,
s-011,after_one_actual_history_call,2,50,0,-0.314675029,0.0,0.0,0.0,1250.6095679820282,0.0,-0.314675029,0.0,0.0,0.0,0.004579588770866394,False,True,
s-011,after_one_actual_history_call,2,50,1,-0.314675029,0.0,0.0,0.0,1250.6095679820282,0.0,-0.314675029,0.0,0.0,0.0,0.004562355577945709,False,True,
s-011,after_one_actual_history_call,2,10,0,-0.314675029,0.0,0.0,0.0,1250.6095679820282,0.0,-0.314675029,0.0,0.0,0.0,0.004458930343389511,False,True,
s-011,after_one_actual_history_call,2,10,1,-0.314675029,0.0,0.0,0.0,1250.6095679820282,0.0,-0.314675029,0.0,0.0,0.0,0.004437554627656937,False,True,
s-011,after_one_actual_history_call,3,200,0,-9496.443147272,10079.207140886,15345.206838056,8029.852562285578,1250.6095679820282,11002.594315115,1506.1511678429997,0.09161307643766035,255.54159986097147,0.0002666878555777948,0.21934211254119873,False,False,0.21934211254119873
s-011,after_one_actual_history_call,3,200,1,-9496.443147272,10079.207140886,15345.206838056,8029.852562285578,1250.6095679820282,11002.594315115,1506.1511678429997,0.09161307643766035,255.54159986097147,0.0002666878555777948,0.21828939020633698,False,False,0.21828939020633698
s-011,after_one_actual_history_call,3,1000,0,-9496.443147272,10079.207140886,15345.206838056,8029.852562285578,1250.6095679820282,11002.594315115,1506.1511678429997,0.09161307643766035,255.54159986097147,0.0002666878555777948,1.0187451988458633,False,False,1.0187451988458633
s-011,after_one_actual_history_call,3,1000,1,-9496.443147272,10079.207140886,15345.206838056,8029.852562285578,1250.6095679820282,11002.594315115,1506.1511678429997,0.09161307643766035,255.54159986097147,0.0002666878555777948,1.0191848054528236,False,False,1.0191848054528236
s-011,after_one_actual_history_call,3,50,0,-9496.443147272,10079.207140886,15345.206838056,8029.852562285578,1250.6095679820282,11002.594315115,1506.1511678429997,0.09161307643766035,255.54159986097147,0.0002666878555777948,0.06839656084775925,False,False,0.06839656084775925
s-011,after_one_actual_history_call,3,50,1,-9496.443147272,10079.207140886,15345.206838056,8029.852562285578,1250.6095679820282,11002.594315115,1506.1511678429997,0.09161307643766035,255.54159986097147,0.0002666878555777948,0.06675885617733002,False,False,0.06675885617733002
s-011,after_one_actual_history_call,3,10,0,-9496.443147272,10079.207140886,15345.206838056,8029.852562285578,1250.6095679820282,11002.594315115,1506.1511678429997,0.09161307643766035,255.54159986097147,0.0002666878555777948,0.027215298265218735,False,False,0.027215298265218735
s-011,after_one_actual_history_call,3,10,1,-9496.443147272,10079.207140886,15345.206838056,8029.852562285578,1250.6095679820282,11002.594315115,1506.1511678429997,0.09161307643766035,255.54159986097147,0.0002666878555777948,0.025534894317388535,False,False,0.025534894317388535
s-011,after_one_actual_history_call,4,200,0,-35313.96713664199,35313.652461613,43015.500963799,28754.799708266597,1250.6095679820282,35960.343413951,646.3762773090057,0.018312774444415637,0.0,0.0,0.22172864899039268,False,False,
s-011,after_one_actual_history_call,4,200,1,-35313.96713664199,35313.652461613,43015.500963799,28754.799708266597,1250.6095679820282,35960.343413951,646.3762773090057,0.018312774444415637,0.0,0.0,0.21976923942565918,False,False,
s-011,after_one_actual_history_call,4,1000,0,-35313.96713664199,35313.652461613,43015.500963799,28754.799708266597,1250.6095679820282,35960.343413951,646.3762773090057,0.018312774444415637,0.0,0.0,1.020534936338663,False,False,
s-011,after_one_actual_history_call,4,1000,1,-35313.96713664199,35313.652461613,43015.500963799,28754.799708266597,1250.6095679820282,35960.343413951,646.3762773090057,0.018312774444415637,0.0,0.0,1.020717777311802,False,False,
s-011,after_one_actual_history_call,4,50,0,-35313.96713664199,35313.652461613,43015.500963799,28754.799708266597,1250.6095679820282,35960.343413951,646.3762773090057,0.018312774444415637,0.0,0.0,0.07009048387408257,False,False,
s-011,after_one_actual_history_call,4,50,1,-35313.96713664199,35313.652461613,43015.500963799,28754.799708266597,1250.6095679820282,35960.343413951,646.3762773090057,0.018312774444415637,0.0,0.0,0.07001221925020218,False,False,
s-011,after_one_actual_history_call,4,10,0,-35313.96713664199,35313.652461613,43015.500963799,28754.799708266597,1250.6095679820282,35960.343413951,646.3762773090057,0.018312774444415637,0.0,0.0,0.029187578707933426,False,False,
s-011,after_one_actual_history_call,4,10,1,-35313.96713664199,35313.652461613,43015.500963799,28754.799708266597,1250.6095679820282,35960.343413951,646.3762773090057,0.018312774444415637,0.0,0.0,0.030055835843086243,False,False,
s-011,after_one_actual_history_call,5,200,0,-0.8119089150000036,815.267290819,815.267290819,815.267290819,1250.6095679820282,815.267290819,814.455381904,0.0,0.0,0.0,0.0032239891588687897,False,True,
s-011,after_one_actual_history_call,5,200,1,-0.8119089150000036,815.267290819,815.267290819,815.267290819,1250.6095679820282,815.267290819,814.455381904,0.0,0.0,0.0,0.003113333135843277,False,True,
s-011,after_one_actual_history_call,5,1000,0,-0.8119089150000036,815.267290819,815.267290819,815.267290819,1250.6095679820282,815.267290819,814.455381904,0.0,0.0,0.0,1.017233319580555,False,True,
s-011,after_one_actual_history_call,5,1000,1,-0.8119089150000036,815.267290819,815.267290819,815.267290819,1250.6095679820282,815.267290819,814.455381904,0.0,0.0,0.0,1.017564732581377,False,True,
s-011,after_one_actual_history_call,5,50,0,-0.8119089150000036,815.267290819,815.267290819,815.267290819,1250.6095679820282,815.267290819,814.455381904,0.0,0.0,0.0,0.06696809455752373,False,True,
s-011,after_one_actual_history_call,5,50,1,-0.8119089150000036,815.267290819,815.267290819,815.267290819,1250.6095679820282,815.267290819,814.455381904,0.0,0.0,0.0,0.0657387375831604,False,True,
s-011,after_one_actual_history_call,5,10,0,-0.8119089150000036,815.267290819,815.267290819,815.267290819,1250.6095679820282,815.267290819,814.455381904,0.0,0.0,0.0,0.025473084300756454,False,True,
s-011,after_one_actual_history_call,5,10,1,-0.8119089150000036,815.267290819,815.267290819,815.267290819,1250.6095679820282,815.267290819,814.455381904,0.0,0.0,0.0,0.024313583970069885,False,True,
s-011,after_one_actual_history_call,6,200,0,-9152.114141146,10402.723709128,16464.084613206,8806.938277568828,1250.6095679820282,11450.85396094,2298.739819794,0.1007553676439858,1048.130251811972,0.001093847770280944,0.21783789992332458,False,False,0.21783789992332458
s-011,after_one_actual_history_call,6,200,1,-9152.114141146,10402.723709128,16464.084613206,8806.938277568828,1250.6095679820282,11450.85396094,2298.739819794,0.1007553676439858,1048.130251811972,0.001093847770280944,0.21835766732692719,False,False,0.21835766732692719
s-011,after_one_actual_history_call,6,1000,0,-9152.114141146,10402.723709128,16464.084613206,8806.938277568828,1250.6095679820282,11450.85396094,2298.739819794,0.1007553676439858,1048.130251811972,0.001093847770280944,1.0206617414951324,False,False,1.0206617414951324
s-011,after_one_actual_history_call,6,1000,1,-9152.114141146,10402.723709128,16464.084613206,8806.938277568828,1250.6095679820282,11450.85396094,2298.739819794,0.1007553676439858,1048.130251811972,0.001093847770280944,1.0197669081389904,False,False,1.0197669081389904
s-011,after_one_actual_history_call,6,50,0,-9152.114141146,10402.723709128,16464.084613206,8806.938277568828,1250.6095679820282,11450.85396094,2298.739819794,0.1007553676439858,1048.130251811972,0.001093847770280944,0.06778963282704353,False,False,0.06778963282704353
s-011,after_one_actual_history_call,6,50,1,-9152.114141146,10402.723709128,16464.084613206,8806.938277568828,1250.6095679820282,11450.85396094,2298.739819794,0.1007553676439858,1048.130251811972,0.001093847770280944,0.0679541751742363,False,False,0.0679541751742363
s-011,after_one_actual_history_call,6,10,0,-9152.114141146,10402.723709128,16464.084613206,8806.938277568828,1250.6095679820282,11450.85396094,2298.739819794,0.1007553676439858,1048.130251811972,0.001093847770280944,0.027142733335494995,False,False,0.027142733335494995
s-011,after_one_actual_history_call,6,10,1,-9152.114141146,10402.723709128,16464.084613206,8806.938277568828,1250.6095679820282,11450.85396094,2298.739819794,0.1007553676439858,1048.130251811972,0.001093847770280944,0.02604890614748001,False,False,0.02604890614748001
s-011,after_one_actual_history_call,7,200,0,-36281.804660675,36280.99275176,49733.770673817,29390.20930032585,1250.6095679820282,38155.123129088,1873.3184684130028,0.051655983896336105,622.7089004309746,0.0006498703201181087,0.21923423185944557,False,False,0.21923423185944557
s-011,after_one_actual_history_call,7,200,1,-36281.804660675,36280.99275176,49733.770673817,29390.20930032585,1250.6095679820282,38155.123129088,1873.3184684130028,0.051655983896336105,622.7089004309746,0.0006498703201181087,0.21963341161608696,False,False,0.21963341161608696
s-011,after_one_actual_history_call,7,1000,0,-36281.804660675,36280.99275176,49733.770673817,29390.20930032585,1250.6095679820282,38155.123129088,1873.3184684130028,0.051655983896336105,622.7089004309746,0.0006498703201181087,1.0209865160286427,False,False,1.0209865160286427
s-011,after_one_actual_history_call,7,1000,1,-36281.804660675,36280.99275176,49733.770673817,29390.20930032585,1250.6095679820282,38155.123129088,1873.3184684130028,0.051655983896336105,622.7089004309746,0.0006498703201181087,1.021291185170412,False,False,1.021291185170412
s-011,after_one_actual_history_call,7,50,0,-36281.804660675,36280.99275176,49733.770673817,29390.20930032585,1250.6095679820282,38155.123129088,1873.3184684130028,0.051655983896336105,622.7089004309746,0.0006498703201181087,0.06982544809579849,False,False,0.06982544809579849
s-011,after_one_actual_history_call,7,50,1,-36281.804660675,36280.99275176,49733.770673817,29390.20930032585,1250.6095679820282,38155.123129088,1873.3184684130028,0.051655983896336105,622.7089004309746,0.0006498703201181087,0.07092900946736336,False,False,0.07092900946736336
s-011,after_one_actual_history_call,7,10,0,-36281.804660675,36280.99275176,49733.770673817,29390.20930032585,1250.6095679820282,38155.123129088,1873.3184684130028,0.051655983896336105,622.7089004309746,0.0006498703201181087,0.02946312725543976,False,False,0.02946312725543976
s-011,after_one_actual_history_call,7,10,1,-36281.804660675,36280.99275176,49733.770673817,29390.20930032585,1250.6095679820282,38155.123129088,1873.3184684130028,0.051655983896336105,622.7089004309746,0.0006498703201181087,0.0279076024889946,False,False,0.0279076024889946
s-011,after_one_actual_history_call,8,200,0,-2.5450985160000528,815.267290819,815.267290819,815.267290819,1250.6095679820282,815.267290819,812.7221923029999,0.0,0.0,0.0,0.21486147120594978,False,True,
s-011,after_one_actual_history_call,8,200,1,-2.5450985160000528,815.267290819,815.267290819,815.267290819,1250.6095679820282,815.267290819,812.7221923029999,0.0,0.0,0.0,0.21618513017892838,False,True,
s-011,after_one_actual_history_call,8,1000,0,-2.5450985160000528,815.267290819,815.267290819,815.267290819,1250.6095679820282,815.267290819,812.7221923029999,0.0,0.0,0.0,1.0165361166000366,False,True,
s-011,after_one_actual_history_call,8,1000,1,-2.5450985160000528,815.267290819,815.267290819,815.267290819,1250.6095679820282,815.267290819,812.7221923029999,0.0,0.0,0.0,1.0162850841879845,False,True,
s-011,after_one_actual_history_call,8,50,0,-2.5450985160000528,815.267290819,815.267290819,815.267290819,1250.6095679820282,815.267290819,812.7221923029999,0.0,0.0,0.0,0.06718531623482704,False,True,
s-011,after_one_actual_history_call,8,50,1,-2.5450985160000528,815.267290819,815.267290819,815.267290819,1250.6095679820282,815.267290819,812.7221923029999,0.0,0.0,0.0,0.06590532138943672,False,True,
s-011,after_one_actual_history_call,8,10,0,-2.5450985160000528,815.267290819,815.267290819,815.267290819,1250.6095679820282,815.267290819,812.7221923029999,0.0,0.0,0.0,0.026346273720264435,False,True,
s-011,after_one_actual_history_call,8,10,1,-2.5450985160000528,815.267290819,815.267290819,815.267290819,1250.6095679820282,815.267290819,812.7221923029999,0.0,0.0,0.0,0.02584107592701912,False,True,
s-011,after_one_actual_history_call,9,200,0,-9982.09915258,10456.194357556,13184.402567454,7660.9661653234,1250.6095679820282,11159.808624507,1177.7094719270008,0.0672916209177525,0.0,0.0,0.21731798723340034,False,False,
s-011,after_one_actual_history_call,9,200,1,-9982.09915258,10456.194357556,13184.402567454,7660.9661653234,1250.6095679820282,11159.808624507,1177.7094719270008,0.0672916209177525,0.0,0.0,0.2179887369275093,False,False,
s-011,after_one_actual_history_call,9,1000,0,-9982.09915258,10456.194357556,13184.402567454,7660.9661653234,1250.6095679820282,11159.808624507,1177.7094719270008,0.0672916209177525,0.0,0.0,1.0181404501199722,False,False,
s-011,after_one_actual_history_call,9,1000,1,-9982.09915258,10456.194357556,13184.402567454,7660.9661653234,1250.6095679820282,11159.808624507,1177.7094719270008,0.0672916209177525,0.0,0.0,1.0192355625331402,False,False,
s-011,after_one_actual_history_call,9,50,0,-9982.09915258,10456.194357556,13184.402567454,7660.9661653234,1250.6095679820282,11159.808624507,1177.7094719270008,0.0672916209177525,0.0,0.0,0.06992192193865776,False,False,
s-011,after_one_actual_history_call,9,50,1,-9982.09915258,10456.194357556,13184.402567454,7660.9661653234,1250.6095679820282,11159.808624507,1177.7094719270008,0.0672916209177525,0.0,0.0,0.06842172890901566,False,False,
s-011,after_one_actual_history_call,9,10,0,-9982.09915258,10456.194357556,13184.402567454,7660.9661653234,1250.6095679820282,11159.808624507,1177.7094719270008,0.0672916209177525,0.0,0.0,0.02864919975399971,False,False,
s-011,after_one_actual_history_call,9,10,1,-9982.09915258,10456.194357556,13184.402567454,7660.9661653234,1250.6095679820282,11159.808624507,1177.7094719270008,0.0672916209177525,0.0,0.0,0.027543138712644577,False,False,
s-011,after_one_actual_history_call,10,200,0,-36520.777974537006,37168.208708421,55326.300955589,28915.25046508665,1250.6095679820282,38850.398291435,2329.620316897992,0.04525882848459344,1079.0107489159636,0.0011260752180089085,0.220877967774868,False,False,0.220877967774868
s-011,after_one_actual_history_call,10,200,1,-36520.777974537006,37168.208708421,55326.300955589,28915.25046508665,1250.6095679820282,38850.398291435,2329.620316897992,0.04525882848459344,1079.0107489159636,0.0011260752180089085,0.22144252806901932,False,False,0.22144252806901932
s-011,after_one_actual_history_call,10,1000,0,-36520.777974537006,37168.208708421,55326.300955589,28915.25046508665,1250.6095679820282,38850.398291435,2329.620316897992,0.04525882848459344,1079.0107489159636,0.0011260752180089085,1.0220379009842873,False,False,1.0220379009842873
s-011,after_one_actual_history_call,10,1000,1,-36520.777974537006,37168.208708421,55326.300955589,28915.25046508665,1250.6095679820282,38850.398291435,2329.620316897992,0.04525882848459344,1079.0107489159636,0.0011260752180089085,1.022166047245264,False,False,1.022166047245264
s-011,after_one_actual_history_call,10,50,0,-36520.777974537006,37168.208708421,55326.300955589,28915.25046508665,1250.6095679820282,38850.398291435,2329.620316897992,0.04525882848459344,1079.0107489159636,0.0011260752180089085,0.07125945761799812,False,False,0.07125945761799812
s-011,after_one_actual_history_call,10,50,1,-36520.777974537006,37168.208708421,55326.300955589,28915.25046508665,1250.6095679820282,38850.398291435,2329.620316897992,0.04525882848459344,1079.0107489159636,0.0011260752180089085,0.07165307179093361,False,False,0.07165307179093361
s-011,after_one_actual_history_call,10,10,0,-36520.777974537006,37168.208708421,55326.300955589,28915.25046508665,1250.6095679820282,38850.398291435,2329.620316897992,0.04525882848459344,1079.0107489159636,0.0011260752180089085,0.03132343664765358,False,False,0.03132343664765358
s-011,after_one_actual_history_call,10,10,1,-36520.777974537006,37168.208708421,55326.300955589,28915.25046508665,1250.6095679820282,38850.398291435,2329.620316897992,0.04525882848459344,1079.0107489159636,0.0011260752180089085,0.032065249979496,False,False,0.032065249979496
