snapshot_id,state_kind,action_index,workpoint_ms,repeat,q_seconds,L_seconds,U_seconds,P1_recovery_seconds,snapshot_best_gain_seconds,recovery_value_seconds,q_plus_recovery_seconds,local_delta,beyond_snapshot_gain_seconds,beyond_snapshot_global_fraction,complete_conditional_return_seconds,failed,zero_extra_gain,earliest_verified_more_than_snapshot_gain_seconds
s-000,after_common_greedy_prefix,0,200,0,-8411.890792352,8683.211131185,18289.052697872,7407.316843775093,872.2462850231677,9334.791484703,922.9006923510005,0.07503910059009229,50.654407327832814,3.8921084756142984e-05,0.22557780891656876,False,False,0.22557780891656876
s-000,after_common_greedy_prefix,0,200,1,-8411.890792352,8683.211131185,18289.052697872,7407.316843775093,872.2462850231677,9334.791484703,922.9006923510005,0.07503910059009229,50.654407327832814,3.8921084756142984e-05,0.2249576859176159,False,False,0.2249576859176159
s-000,after_common_greedy_prefix,0,1000,0,-8411.890792352,8683.211131185,18289.052697872,7407.316843775093,872.2462850231677,9334.791484703,922.9006923510005,0.07503910059009229,50.654407327832814,3.8921084756142984e-05,1.0250101312994957,False,False,1.0250101312994957
s-000,after_common_greedy_prefix,0,1000,1,-8411.890792352,8683.211131185,18289.052697872,7407.316843775093,872.2462850231677,9334.791484703,922.9006923510005,0.07503910059009229,50.654407327832814,3.8921084756142984e-05,1.0246867947280407,False,False,1.0246867947280407
s-000,after_common_greedy_prefix,1,200,0,-30564.646772467,30564.646772467,47710.552368681,26515.69072574176,872.2462850231677,31881.546606896,1316.8998344290012,0.04308572070969524,444.6535494058335,0.00034165632166097815,0.2270907424390316,False,False,0.2270907424390316
s-000,after_common_greedy_prefix,1,200,1,-30564.646772467,30564.646772467,47710.552368681,26515.69072574176,872.2462850231677,31881.546606896,1316.8998344290012,0.04308572070969524,444.6535494058335,0.00034165632166097815,0.22736921533942223,False,False,0.22736921533942223
s-000,after_common_greedy_prefix,1,1000,0,-30564.646772467,30564.646772467,47710.552368681,26515.69072574176,872.2462850231677,31881.546606896,1316.8998344290012,0.04308572070969524,444.6535494058335,0.00034165632166097815,1.0279615856707096,False,False,1.0279615856707096
s-000,after_common_greedy_prefix,1,1000,1,-30564.646772467,30564.646772467,47710.552368681,26515.69072574176,872.2462850231677,31881.546606896,1316.8998344290012,0.04308572070969524,444.6535494058335,0.00034165632166097815,1.0261829979717731,False,False,1.0261829979717731
s-000,after_common_greedy_prefix,2,200,0,257.079485062,0.0,0.0,0.0,872.2462850231677,0.0,257.079485062,0.0,0.0,0.0,0.007183082401752472,False,True,
s-000,after_common_greedy_prefix,2,200,1,257.079485062,0.0,0.0,0.0,872.2462850231677,0.0,257.079485062,0.0,0.0,0.0,0.007159773260354996,False,True,
s-000,after_common_greedy_prefix,2,1000,0,257.079485062,0.0,0.0,0.0,872.2462850231677,0.0,257.079485062,0.0,0.0,0.0,0.007148712873458862,False,True,
s-000,after_common_greedy_prefix,2,1000,1,257.079485062,0.0,0.0,0.0,872.2462850231677,0.0,257.079485062,0.0,0.0,0.0,0.00713396817445755,False,True,
s-000,after_common_greedy_prefix,3,200,0,-7597.931826199,7855.011311261,11642.667131489,6384.1998361256665,872.2462850231677,7911.80652709,313.8747008909995,0.007230443544693303,0.0,0.0,0.2246115319430828,False,False,
s-000,after_common_greedy_prefix,3,200,1,-7597.931826199,7855.011311261,11642.667131489,6384.1998361256665,872.2462850231677,7911.80652709,313.8747008909995,0.007230443544693303,0.0,0.0,0.22352216392755508,False,False,
s-000,after_common_greedy_prefix,3,1000,0,-7597.931826199,7855.011311261,11642.667131489,6384.1998361256665,872.2462850231677,7911.80652709,313.8747008909995,0.007230443544693303,0.0,0.0,1.023598711937666,False,False,
s-000,after_common_greedy_prefix,3,1000,1,-7597.931826199,7855.011311261,11642.667131489,6384.1998361256665,872.2462850231677,7911.80652709,313.8747008909995,0.007230443544693303,0.0,0.0,1.0242960713803768,False,False,
s-000,after_common_greedy_prefix,4,200,0,-30782.386350115,31039.465835177,48774.575948944,25496.43304543477,872.2462850231677,31401.004081076,618.6177309609993,0.011647695479645396,0.0,0.0,0.22759869322180748,False,False,
s-000,after_common_greedy_prefix,4,200,1,-30782.386350115,31039.465835177,48774.575948944,25496.43304543477,872.2462850231677,31401.004081076,618.6177309609993,0.011647695479645396,0.0,0.0,0.2260906659066677,False,False,
s-000,after_common_greedy_prefix,4,1000,0,-30782.386350115,31039.465835177,48774.575948944,25496.43304543477,872.2462850231677,31401.004081076,618.6177309609993,0.011647695479645396,0.0,0.0,1.0253467485308647,False,False,
s-000,after_common_greedy_prefix,4,1000,1,-30782.386350115,31039.465835177,48774.575948944,25496.43304543477,872.2462850231677,31401.004081076,618.6177309609993,0.011647695479645396,0.0,0.0,1.0259182900190353,False,False,
s-000,after_common_greedy_prefix,5,200,0,468.66737775799993,0.0,0.0,0.0,872.2462850231677,0.0,468.66737775799993,0.0,0.0,0.0,0.007153868675231934,False,True,
s-000,after_common_greedy_prefix,5,200,1,468.66737775799993,0.0,0.0,0.0,872.2462850231677,0.0,468.66737775799993,0.0,0.0,0.0,0.007149543613195419,False,True,
s-000,after_common_greedy_prefix,5,1000,0,468.66737775799993,0.0,0.0,0.0,872.2462850231677,0.0,468.66737775799993,0.0,0.0,0.0,0.007128216326236725,False,True,
s-000,after_common_greedy_prefix,5,1000,1,468.66737775799993,0.0,0.0,0.0,872.2462850231677,0.0,468.66737775799993,0.0,0.0,0.0,0.007118232548236847,False,True,
s-000,after_common_greedy_prefix,6,200,0,-7949.459772806001,8418.127150564,14756.143601344,7352.357454722697,872.2462850231677,8472.324438267,522.8646654609993,0.006438164538696607,0.0,0.0,0.2235296443104744,False,False,
s-000,after_common_greedy_prefix,6,200,1,-7949.459772806001,8418.127150564,14756.143601344,7352.357454722697,872.2462850231677,8472.324438267,522.8646654609993,0.006438164538696607,0.0,0.0,0.22313474863767624,False,False,
s-000,after_common_greedy_prefix,6,1000,0,-7949.459772806001,8418.127150564,14756.143601344,7352.357454722697,872.2462850231677,8472.324438267,522.8646654609993,0.006438164538696607,0.0,0.0,1.023295383900404,False,False,
s-000,after_common_greedy_prefix,6,1000,1,-7949.459772806001,8418.127150564,14756.143601344,7352.357454722697,872.2462850231677,8472.324438267,522.8646654609993,0.006438164538696607,0.0,0.0,1.0236618593335152,False,False,
s-000,after_common_greedy_prefix,7,200,0,-32667.412070132,33136.07944789,50922.849563988,27188.488772888988,872.2462850231677,33630.806326047,963.3942559150018,0.014930157290786691,91.14797089183412,7.003493057320325e-05,0.22645819932222366,False,False,0.22645819932222366
s-000,after_common_greedy_prefix,7,200,1,-32667.412070132,33136.07944789,50922.849563988,27188.488772888988,872.2462850231677,33630.806326047,963.3942559150018,0.014930157290786691,91.14797089183412,7.003493057320325e-05,0.22672611474990845,False,False,0.22672611474990845
s-000,after_common_greedy_prefix,7,1000,0,-32667.412070132,33136.07944789,50922.849563988,27188.488772888988,872.2462850231677,33630.806326047,963.3942559150018,0.014930157290786691,91.14797089183412,7.003493057320325e-05,1.025723896920681,False,False,1.025723896920681
s-000,after_common_greedy_prefix,7,1000,1,-32667.412070132,33136.07944789,50922.849563988,27188.488772888988,872.2462850231677,33630.806326047,963.3942559150018,0.014930157290786691,91.14797089183412,7.003493057320325e-05,1.025829028338194,False,False,1.025829028338194
s-000,after_common_greedy_prefix,8,200,0,872.2462850229995,0.0,0.0,0.0,872.2462850231677,0.0,872.2462850229995,0.0,0.0,0.0,0.007307112216949463,False,True,
s-000,after_common_greedy_prefix,8,200,1,872.2462850229995,0.0,0.0,0.0,872.2462850231677,0.0,872.2462850229995,0.0,0.0,0.0,0.0072583891451358795,False,True,
s-000,after_common_greedy_prefix,8,1000,0,872.2462850229995,0.0,0.0,0.0,872.2462850231677,0.0,872.2462850229995,0.0,0.0,0.0,0.0072060078382492065,False,True,
s-000,after_common_greedy_prefix,8,1000,1,872.2462850229995,0.0,0.0,0.0,872.2462850231677,0.0,872.2462850229995,0.0,0.0,0.0,0.007219456136226654,False,True,
s-000,after_common_greedy_prefix,9,200,0,-7271.868620684001,8144.114905707,12964.834733492,6680.1251783894,872.2462850231677,8193.073451784,921.204831099998,0.006011524474279177,48.95854607683032,3.7618043955413695e-05,0.2236832231283188,False,False,0.2236832231283188
s-000,after_common_greedy_prefix,9,200,1,-7271.868620684001,8144.114905707,12964.834733492,6680.1251783894,872.2462850231677,8193.073451784,921.204831099998,0.006011524474279177,48.95854607683032,3.7618043955413695e-05,0.22334957867860794,False,False,0.22334957867860794
s-000,after_common_greedy_prefix,9,1000,0,-7271.868620684001,8144.114905707,12964.834733492,6680.1251783894,872.2462850231677,8193.073451784,921.204831099998,0.006011524474279177,48.95854607683032,3.7618043955413695e-05,1.023646555840969,False,False,1.023646555840969
s-000,after_common_greedy_prefix,9,1000,1,-7271.868620684001,8144.114905707,12964.834733492,6680.1251783894,872.2462850231677,8193.073451784,921.204831099998,0.006011524474279177,48.95854607683032,3.7618043955413695e-05,1.0236292779445648,False,False,1.0236292779445648
s-000,after_common_greedy_prefix,10,200,0,-33299.540088907,34171.78637393,43954.966024528,27674.105527046802,872.2462850231677,34835.75664993,1536.2165610230004,0.019430364825953308,663.9702759998327,0.0005101716662184619,0.22706955298781395,False,False,0.22706955298781395
s-000,after_common_greedy_prefix,10,200,1,-33299.540088907,34171.78637393,43954.966024528,27674.105527046802,872.2462850231677,34835.75664993,1536.2165610230004,0.019430364825953308,663.9702759998327,0.0005101716662184619,0.2285885289311409,False,False,0.2285885289311409
s-000,after_common_greedy_prefix,10,1000,0,-33299.540088907,34171.78637393,43954.966024528,27674.105527046802,872.2462850231677,34835.75664993,1536.2165610230004,0.019430364825953308,663.9702759998327,0.0005101716662184619,1.0278672091662884,False,False,1.0278672091662884
s-000,after_common_greedy_prefix,10,1000,1,-33299.540088907,34171.78637393,43954.966024528,27674.105527046802,872.2462850231677,34835.75664993,1536.2165610230004,0.019430364825953308,663.9702759998327,0.0005101716662184619,1.0262892954051495,False,False,1.0262892954051495
s-000,after_common_greedy_prefix,0,50,0,-8411.890792352,8683.211131185,18289.052697872,7407.316843775093,872.2462850231677,9334.791484703,922.9006923510005,0.07503910059009229,50.654407327832814,3.8921084756142984e-05,0.0811292976140976,False,False,0.0811292976140976
s-000,after_common_greedy_prefix,0,50,1,-8411.890792352,8683.211131185,18289.052697872,7407.316843775093,872.2462850231677,9334.791484703,922.9006923510005,0.07503910059009229,50.654407327832814,3.8921084756142984e-05,0.08107813075184822,False,False,0.08107813075184822
s-000,after_common_greedy_prefix,1,50,0,-30564.646772467,30564.646772467,47710.552368681,26515.69072574176,872.2462850231677,31881.546606896,1316.8998344290012,0.04308572070969524,444.6535494058335,0.00034165632166097815,0.08470743149518967,False,False,0.08470743149518967
s-000,after_common_greedy_prefix,1,50,1,-30564.646772467,30564.646772467,47710.552368681,26515.69072574176,872.2462850231677,31881.546606896,1316.8998344290012,0.04308572070969524,444.6535494058335,0.00034165632166097815,0.08309979736804962,False,False,0.08309979736804962
s-000,after_common_greedy_prefix,2,50,0,257.079485062,0.0,0.0,0.0,872.2462850231677,0.0,257.079485062,0.0,0.0,0.0,0.007262460887432098,False,True,
s-000,after_common_greedy_prefix,2,50,1,257.079485062,0.0,0.0,0.0,872.2462850231677,0.0,257.079485062,0.0,0.0,0.0,0.007187873125076294,False,True,
s-000,after_common_greedy_prefix,3,50,0,-7597.931826199,7855.011311261,11642.667131489,6384.1998361256665,872.2462850231677,7911.80652709,313.8747008909995,0.007230443544693303,0.0,0.0,0.08143608272075653,False,False,
s-000,after_common_greedy_prefix,3,50,1,-7597.931826199,7855.011311261,11642.667131489,6384.1998361256665,872.2462850231677,7911.80652709,313.8747008909995,0.007230443544693303,0.0,0.0,0.08138959854841232,False,False,
s-000,after_common_greedy_prefix,4,50,0,-30782.386350115,31039.465835177,48774.575948944,25496.43304543477,872.2462850231677,31401.004081076,618.6177309609993,0.011647695479645396,0.0,0.0,0.08382610604166985,False,False,
s-000,after_common_greedy_prefix,4,50,1,-30782.386350115,31039.465835177,48774.575948944,25496.43304543477,872.2462850231677,31401.004081076,618.6177309609993,0.011647695479645396,0.0,0.0,0.08404192328453064,False,False,
s-000,after_common_greedy_prefix,5,50,0,468.66737775799993,0.0,0.0,0.0,872.2462850231677,0.0,468.66737775799993,0.0,0.0,0.0,0.00803939625620842,False,True,
s-000,after_common_greedy_prefix,5,50,1,468.66737775799993,0.0,0.0,0.0,872.2462850231677,0.0,468.66737775799993,0.0,0.0,0.0,0.0075445473194122314,False,True,
s-000,after_common_greedy_prefix,6,50,0,-7949.459772806001,8418.127150564,14756.143601344,7352.357454722697,872.2462850231677,8472.324438267,522.8646654609993,0.006438164538696607,0.0,0.0,0.07918539270758629,False,False,
s-000,after_common_greedy_prefix,6,50,1,-7949.459772806001,8418.127150564,14756.143601344,7352.357454722697,872.2462850231677,8472.324438267,522.8646654609993,0.006438164538696607,0.0,0.0,0.08052191138267517,False,False,
s-000,after_common_greedy_prefix,7,50,0,-32667.412070132,33136.07944789,50922.849563988,27188.488772888988,872.2462850231677,33630.806326047,963.3942559150018,0.014930157290786691,91.14797089183412,7.003493057320325e-05,0.0837285965681076,False,False,0.0837285965681076
s-000,after_common_greedy_prefix,7,50,1,-32667.412070132,33136.07944789,50922.849563988,27188.488772888988,872.2462850231677,33630.806326047,963.3942559150018,0.014930157290786691,91.14797089183412,7.003493057320325e-05,0.08341602236032486,False,False,0.08341602236032486
s-000,after_common_greedy_prefix,8,50,0,872.2462850229995,0.0,0.0,0.0,872.2462850231677,0.0,872.2462850229995,0.0,0.0,0.0,0.00850481167435646,False,True,
s-000,after_common_greedy_prefix,8,50,1,872.2462850229995,0.0,0.0,0.0,872.2462850231677,0.0,872.2462850229995,0.0,0.0,0.0,0.008442174643278122,False,True,
s-000,after_common_greedy_prefix,9,50,0,-7271.868620684001,8144.114905707,12964.834733492,6680.1251783894,872.2462850231677,8193.073451784,921.204831099998,0.006011524474279177,48.95854607683032,3.7618043955413695e-05,0.0813756100833416,False,False,0.0813756100833416
s-000,after_common_greedy_prefix,9,50,1,-7271.868620684001,8144.114905707,12964.834733492,6680.1251783894,872.2462850231677,8193.073451784,921.204831099998,0.006011524474279177,48.95854607683032,3.7618043955413695e-05,0.07992198318243027,False,False,0.07992198318243027
s-000,after_common_greedy_prefix,10,50,0,-33299.540088907,34171.78637393,43954.966024528,27674.105527046802,872.2462850231677,34835.75664993,1536.2165610230004,0.019430364825953308,663.9702759998327,0.0005101716662184619,0.08405910432338715,False,False,0.08405910432338715
s-000,after_common_greedy_prefix,10,50,1,-33299.540088907,34171.78637393,43954.966024528,27674.105527046802,872.2462850231677,34835.75664993,1536.2165610230004,0.019430364825953308,663.9702759998327,0.0005101716662184619,0.08456819131970406,False,False,0.08456819131970406
s-000,after_common_greedy_prefix,0,10,0,-8411.890792352,8683.211131185,18289.052697872,7407.316843775093,872.2462850231677,9334.791484703,922.9006923510005,0.07503910059009229,50.654407327832814,3.8921084756142984e-05,0.04195389896631241,False,False,0.04195389896631241
s-000,after_common_greedy_prefix,0,10,1,-8411.890792352,8683.211131185,18289.052697872,7407.316843775093,872.2462850231677,9334.791484703,922.9006923510005,0.07503910059009229,50.654407327832814,3.8921084756142984e-05,0.04057489335536957,False,False,0.04057489335536957
s-000,after_common_greedy_prefix,1,10,0,-30564.646772467,30564.646772467,47710.552368681,26515.69072574176,872.2462850231677,31881.546606896,1316.8998344290012,0.04308572070969524,444.6535494058335,0.00034165632166097815,0.04381665587425232,False,False,0.04381665587425232
s-000,after_common_greedy_prefix,1,10,1,-30564.646772467,30564.646772467,47710.552368681,26515.69072574176,872.2462850231677,31881.546606896,1316.8998344290012,0.04308572070969524,444.6535494058335,0.00034165632166097815,0.042604222893714905,False,False,0.042604222893714905
s-000,after_common_greedy_prefix,2,10,0,257.079485062,0.0,0.0,0.0,872.2462850231677,0.0,257.079485062,0.0,0.0,0.0,0.008410599082708359,False,True,
s-000,after_common_greedy_prefix,2,10,1,257.079485062,0.0,0.0,0.0,872.2462850231677,0.0,257.079485062,0.0,0.0,0.0,0.008186116814613342,False,True,
s-000,after_common_greedy_prefix,3,10,0,-7597.931826199,7855.011311261,11642.667131489,6384.1998361256665,872.2462850231677,7911.80652709,313.8747008909995,0.007230443544693303,0.0,0.0,0.03971901535987854,False,False,
s-000,after_common_greedy_prefix,3,10,1,-7597.931826199,7855.011311261,11642.667131489,6384.1998361256665,872.2462850231677,7911.80652709,313.8747008909995,0.007230443544693303,0.0,0.0,0.04100926220417023,False,False,
s-000,after_common_greedy_prefix,4,10,0,-30782.386350115,31039.465835177,48774.575948944,25496.43304543477,872.2462850231677,31401.004081076,618.6177309609993,0.011647695479645396,0.0,0.0,0.0420583039522171,False,False,
s-000,after_common_greedy_prefix,4,10,1,-30782.386350115,31039.465835177,48774.575948944,25496.43304543477,872.2462850231677,31401.004081076,618.6177309609993,0.011647695479645396,0.0,0.0,0.04376465082168579,False,False,
s-000,after_common_greedy_prefix,5,10,0,468.66737775799993,0.0,0.0,0.0,872.2462850231677,0.0,468.66737775799993,0.0,0.0,0.0,0.007338251918554306,False,True,
s-000,after_common_greedy_prefix,5,10,1,468.66737775799993,0.0,0.0,0.0,872.2462850231677,0.0,468.66737775799993,0.0,0.0,0.0,0.007280491292476654,False,True,
s-000,after_common_greedy_prefix,6,10,0,-7949.459772806001,8418.127150564,14756.143601344,7352.357454722697,872.2462850231677,8472.324438267,522.8646654609993,0.006438164538696607,0.0,0.0,0.04142780601978302,False,False,
s-000,after_common_greedy_prefix,6,10,1,-7949.459772806001,8418.127150564,14756.143601344,7352.357454722697,872.2462850231677,8472.324438267,522.8646654609993,0.006438164538696607,0.0,0.0,0.040403544902801514,False,False,
s-000,after_common_greedy_prefix,7,10,0,-32667.412070132,33136.07944789,50922.849563988,27188.488772888988,872.2462850231677,33630.806326047,963.3942559150018,0.014930157290786691,91.14797089183412,7.003493057320325e-05,0.04357942193746567,False,False,0.04357942193746567
s-000,after_common_greedy_prefix,7,10,1,-32667.412070132,33136.07944789,50922.849563988,27188.488772888988,872.2462850231677,33630.806326047,963.3942559150018,0.014930157290786691,91.14797089183412,7.003493057320325e-05,0.043092988431453705,False,False,0.043092988431453705
s-000,after_common_greedy_prefix,8,10,0,872.2462850229995,0.0,0.0,0.0,872.2462850231677,0.0,872.2462850229995,0.0,0.0,0.0,0.0078529492020607,False,True,
s-000,after_common_greedy_prefix,8,10,1,872.2462850229995,0.0,0.0,0.0,872.2462850231677,0.0,872.2462850229995,0.0,0.0,0.0,0.007608141750097275,False,True,
s-000,after_common_greedy_prefix,9,10,0,-7271.868620684001,8144.114905707,12964.834733492,6680.1251783894,872.2462850231677,8193.073451784,921.204831099998,0.006011524474279177,48.95854607683032,3.7618043955413695e-05,0.04088748246431351,False,False,0.04088748246431351
s-000,after_common_greedy_prefix,9,10,1,-7271.868620684001,8144.114905707,12964.834733492,6680.1251783894,872.2462850231677,8193.073451784,921.204831099998,0.006011524474279177,48.95854607683032,3.7618043955413695e-05,0.04038827493786812,False,False,0.04038827493786812
s-000,after_common_greedy_prefix,10,10,0,-33299.540088907,34171.78637393,43954.966024528,27674.105527046802,872.2462850231677,34835.75664993,1536.2165610230004,0.019430364825953308,663.9702759998327,0.0005101716662184619,0.04390775412321091,False,False,0.04390775412321091
s-000,after_common_greedy_prefix,10,10,1,-33299.540088907,34171.78637393,43954.966024528,27674.105527046802,872.2462850231677,34835.75664993,1536.2165610230004,0.019430364825953308,663.9702759998327,0.0005101716662184619,0.045127712190151215,False,False,0.045127712190151215
s-001,after_one_actual_history_call,0,200,0,-8411.890792352,9334.791484703,18289.052697872,7407.316843775093,922.9006923511624,9334.791484703,922.9006923510005,0.0,0.0,0.0,0.005596604198217392,False,True,
s-001,after_one_actual_history_call,0,200,1,-8411.890792352,9334.791484703,18289.052697872,7407.316843775093,922.9006923511624,9334.791484703,922.9006923510005,0.0,0.0,0.0,0.0054113492369651794,False,True,
s-001,after_one_actual_history_call,0,1000,0,-8411.890792352,9334.791484703,18289.052697872,7407.316843775093,922.9006923511624,9334.791484703,922.9006923510005,0.0,0.0,0.0,1.0253239572048187,False,True,
s-001,after_one_actual_history_call,0,1000,1,-8411.890792352,9334.791484703,18289.052697872,7407.316843775093,922.9006923511624,9334.791484703,922.9006923510005,0.0,0.0,0.0,1.0245124213397503,False,True,
s-001,after_one_actual_history_call,1,200,0,-30564.646772467,30564.646772467,47710.552368681,26515.69072574176,922.9006923511624,31881.546606896,1316.8998344290012,0.04308572070969524,393.99914207783877,0.0003027352369047108,0.22614828497171402,False,False,0.22614828497171402
s-001,after_one_actual_history_call,1,200,1,-30564.646772467,30564.646772467,47710.552368681,26515.69072574176,922.9006923511624,31881.546606896,1316.8998344290012,0.04308572070969524,393.99914207783877,0.0003027352369047108,0.22591494396328926,False,False,0.22591494396328926
s-001,after_one_actual_history_call,1,1000,0,-30564.646772467,30564.646772467,47710.552368681,26515.69072574176,922.9006923511624,31881.546606896,1316.8998344290012,0.04308572070969524,393.99914207783877,0.0003027352369047108,1.0270184241235256,False,False,1.0270184241235256
s-001,after_one_actual_history_call,1,1000,1,-30564.646772467,30564.646772467,47710.552368681,26515.69072574176,922.9006923511624,31881.546606896,1316.8998344290012,0.04308572070969524,393.99914207783877,0.0003027352369047108,1.0275425091385841,False,False,1.0275425091385841
s-001,after_one_actual_history_call,2,200,0,257.079485062,0.0,0.0,0.0,922.9006923511624,0.0,257.079485062,0.0,0.0,0.0,0.007297348231077194,False,True,
s-001,after_one_actual_history_call,2,200,1,257.079485062,0.0,0.0,0.0,922.9006923511624,0.0,257.079485062,0.0,0.0,0.0,0.007258251309394836,False,True,
s-001,after_one_actual_history_call,2,1000,0,257.079485062,0.0,0.0,0.0,922.9006923511624,0.0,257.079485062,0.0,0.0,0.0,0.00720573216676712,False,True,
s-001,after_one_actual_history_call,2,1000,1,257.079485062,0.0,0.0,0.0,922.9006923511624,0.0,257.079485062,0.0,0.0,0.0,0.007236219942569733,False,True,
s-001,after_one_actual_history_call,3,200,0,-7597.931826199,7855.011311261,11642.667131489,6384.1998361256665,922.9006923511624,7911.80652709,313.8747008909995,0.007230443544693303,0.0,0.0,0.22498787567019463,False,False,
s-001,after_one_actual_history_call,3,200,1,-7597.931826199,7855.011311261,11642.667131489,6384.1998361256665,922.9006923511624,7911.80652709,313.8747008909995,0.007230443544693303,0.0,0.0,0.22557509690523148,False,False,
s-001,after_one_actual_history_call,3,1000,0,-7597.931826199,7855.011311261,11642.667131489,6384.1998361256665,922.9006923511624,7911.80652709,313.8747008909995,0.007230443544693303,0.0,0.0,1.0254544056952,False,False,
s-001,after_one_actual_history_call,3,1000,1,-7597.931826199,7855.011311261,11642.667131489,6384.1998361256665,922.9006923511624,7911.80652709,313.8747008909995,0.007230443544693303,0.0,0.0,1.0254199989140034,False,False,
s-001,after_one_actual_history_call,4,200,0,-30782.386350115,31039.465835177,48774.575948944,25496.43304543477,922.9006923511624,31401.004081076,618.6177309609993,0.011647695479645396,0.0,0.0,0.22803471982479095,False,False,
s-001,after_one_actual_history_call,4,200,1,-30782.386350115,31039.465835177,48774.575948944,25496.43304543477,922.9006923511624,31401.004081076,618.6177309609993,0.011647695479645396,0.0,0.0,0.2273964174091816,False,False,
s-001,after_one_actual_history_call,4,1000,0,-30782.386350115,31039.465835177,48774.575948944,25496.43304543477,922.9006923511624,31401.004081076,618.6177309609993,0.011647695479645396,0.0,0.0,1.0283893011510372,False,False,
s-001,after_one_actual_history_call,4,1000,1,-30782.386350115,31039.465835177,48774.575948944,25496.43304543477,922.9006923511624,31401.004081076,618.6177309609993,0.011647695479645396,0.0,0.0,1.0278433710336685,False,False,
s-001,after_one_actual_history_call,5,200,0,468.66737775799993,0.0,0.0,0.0,922.9006923511624,0.0,468.66737775799993,0.0,0.0,0.0,0.007383402436971664,False,True,
s-001,after_one_actual_history_call,5,200,1,468.66737775799993,0.0,0.0,0.0,922.9006923511624,0.0,468.66737775799993,0.0,0.0,0.0,0.007242295891046524,False,True,
s-001,after_one_actual_history_call,5,1000,0,468.66737775799993,0.0,0.0,0.0,922.9006923511624,0.0,468.66737775799993,0.0,0.0,0.0,0.007233127951622009,False,True,
s-001,after_one_actual_history_call,5,1000,1,468.66737775799993,0.0,0.0,0.0,922.9006923511624,0.0,468.66737775799993,0.0,0.0,0.0,0.007234055548906326,False,True,
s-001,after_one_actual_history_call,6,200,0,-7949.459772806001,8418.127150564,14756.143601344,7352.357454722697,922.9006923511624,8472.324438267,522.8646654609993,0.006438164538696607,0.0,0.0,0.22581697255373,False,False,
s-001,after_one_actual_history_call,6,200,1,-7949.459772806001,8418.127150564,14756.143601344,7352.357454722697,922.9006923511624,8472.324438267,522.8646654609993,0.006438164538696607,0.0,0.0,0.22595438361167908,False,False,
s-001,after_one_actual_history_call,6,1000,0,-7949.459772806001,8418.127150564,14756.143601344,7352.357454722697,922.9006923511624,8472.324438267,522.8646654609993,0.006438164538696607,0.0,0.0,1.0257595777511597,False,False,
s-001,after_one_actual_history_call,6,1000,1,-7949.459772806001,8418.127150564,14756.143601344,7352.357454722697,922.9006923511624,8472.324438267,522.8646654609993,0.006438164538696607,0.0,0.0,1.0242563784122467,False,False,
s-001,after_one_actual_history_call,7,200,0,-32667.412070132,33136.07944789,50922.849563988,27188.488772888988,922.9006923511624,33630.806326047,963.3942559150018,0.014930157290786691,40.493563563839416,3.1113845816935884e-05,0.22758306562900543,False,False,0.22758306562900543
s-001,after_one_actual_history_call,7,200,1,-32667.412070132,33136.07944789,50922.849563988,27188.488772888988,922.9006923511624,33630.806326047,963.3942559150018,0.014930157290786691,40.493563563839416,3.1113845816935884e-05,0.22792280092835426,False,False,0.22792280092835426
s-001,after_one_actual_history_call,7,1000,0,-32667.412070132,33136.07944789,50922.849563988,27188.488772888988,922.9006923511624,33630.806326047,963.3942559150018,0.014930157290786691,40.493563563839416,3.1113845816935884e-05,1.0290286764502525,False,False,1.0290286764502525
s-001,after_one_actual_history_call,7,1000,1,-32667.412070132,33136.07944789,50922.849563988,27188.488772888988,922.9006923511624,33630.806326047,963.3942559150018,0.014930157290786691,40.493563563839416,3.1113845816935884e-05,1.0294628627598286,False,False,1.0294628627598286
s-001,after_one_actual_history_call,8,200,0,872.2462850229995,0.0,0.0,0.0,922.9006923511624,0.0,872.2462850229995,0.0,0.0,0.0,0.007840927690267563,False,True,
s-001,after_one_actual_history_call,8,200,1,872.2462850229995,0.0,0.0,0.0,922.9006923511624,0.0,872.2462850229995,0.0,0.0,0.0,0.007274158298969269,False,True,
s-001,after_one_actual_history_call,8,1000,0,872.2462850229995,0.0,0.0,0.0,922.9006923511624,0.0,872.2462850229995,0.0,0.0,0.0,0.007111977785825729,False,True,
s-001,after_one_actual_history_call,8,1000,1,872.2462850229995,0.0,0.0,0.0,922.9006923511624,0.0,872.2462850229995,0.0,0.0,0.0,0.007102515548467636,False,True,
s-001,after_one_actual_history_call,9,200,0,-7271.868620684001,8144.114905707,12964.834733492,6680.1251783894,922.9006923511624,8193.073451784,921.204831099998,0.006011524474279177,0.0,0.0,0.22642508894205093,False,False,
s-001,after_one_actual_history_call,9,200,1,-7271.868620684001,8144.114905707,12964.834733492,6680.1251783894,922.9006923511624,8193.073451784,921.204831099998,0.006011524474279177,0.0,0.0,0.22503934055566788,False,False,
s-001,after_one_actual_history_call,9,1000,0,-7271.868620684001,8144.114905707,12964.834733492,6680.1251783894,922.9006923511624,8193.073451784,921.204831099998,0.006011524474279177,0.0,0.0,1.0264976508915424,False,False,
s-001,after_one_actual_history_call,9,1000,1,-7271.868620684001,8144.114905707,12964.834733492,6680.1251783894,922.9006923511624,8193.073451784,921.204831099998,0.006011524474279177,0.0,0.0,1.0243154726922512,False,False,
s-001,after_one_actual_history_call,10,200,0,-33299.540088907,34171.78637393,43954.966024528,27674.105527046802,922.9006923511624,34835.75664993,1536.2165610230004,0.019430364825953308,613.315868671838,0.0004712505814621946,0.22948678210377693,False,False,0.22948678210377693
s-001,after_one_actual_history_call,10,200,1,-33299.540088907,34171.78637393,43954.966024528,27674.105527046802,922.9006923511624,34835.75664993,1536.2165610230004,0.019430364825953308,613.315868671838,0.0004712505814621946,0.22862478718161583,False,False,0.22862478718161583
s-001,after_one_actual_history_call,10,1000,0,-33299.540088907,34171.78637393,43954.966024528,27674.105527046802,922.9006923511624,34835.75664993,1536.2165610230004,0.019430364825953308,613.315868671838,0.0004712505814621946,1.0277771316468716,False,False,1.0277771316468716
s-001,after_one_actual_history_call,10,1000,1,-33299.540088907,34171.78637393,43954.966024528,27674.105527046802,922.9006923511624,34835.75664993,1536.2165610230004,0.019430364825953308,613.315868671838,0.0004712505814621946,1.031758226454258,False,False,1.031758226454258
s-001,after_one_actual_history_call,0,50,0,-8411.890792352,9334.791484703,18289.052697872,7407.316843775093,922.9006923511624,9334.791484703,922.9006923510005,0.0,0.0,0.0,0.08281077444553375,False,True,
s-001,after_one_actual_history_call,0,50,1,-8411.890792352,9334.791484703,18289.052697872,7407.316843775093,922.9006923511624,9334.791484703,922.9006923510005,0.0,0.0,0.0,0.08022568002343178,False,True,
s-001,after_one_actual_history_call,1,50,0,-30564.646772467,30564.646772467,47710.552368681,26515.69072574176,922.9006923511624,31881.546606896,1316.8998344290012,0.04308572070969524,393.99914207783877,0.0003027352369047108,0.08274023979902267,False,False,0.08274023979902267
s-001,after_one_actual_history_call,1,50,1,-30564.646772467,30564.646772467,47710.552368681,26515.69072574176,922.9006923511624,31881.546606896,1316.8998344290012,0.04308572070969524,393.99914207783877,0.0003027352369047108,0.08464297279715538,False,False,0.08464297279715538
s-001,after_one_actual_history_call,2,50,0,257.079485062,0.0,0.0,0.0,922.9006923511624,0.0,257.079485062,0.0,0.0,0.0,0.008157782256603241,False,True,
s-001,after_one_actual_history_call,2,50,1,257.079485062,0.0,0.0,0.0,922.9006923511624,0.0,257.079485062,0.0,0.0,0.0,0.007707428187131882,False,True,
s-001,after_one_actual_history_call,3,50,0,-7597.931826199,7855.011311261,11642.667131489,6384.1998361256665,922.9006923511624,7911.80652709,313.8747008909995,0.007230443544693303,0.0,0.0,0.08175265416502953,False,False,
s-001,after_one_actual_history_call,3,50,1,-7597.931826199,7855.011311261,11642.667131489,6384.1998361256665,922.9006923511624,7911.80652709,313.8747008909995,0.007230443544693303,0.0,0.0,0.08308631926774979,False,False,
s-001,after_one_actual_history_call,4,50,0,-30782.386350115,31039.465835177,48774.575948944,25496.43304543477,922.9006923511624,31401.004081076,618.6177309609993,0.011647695479645396,0.0,0.0,0.0842609591782093,False,False,
s-001,after_one_actual_history_call,4,50,1,-30782.386350115,31039.465835177,48774.575948944,25496.43304543477,922.9006923511624,31401.004081076,618.6177309609993,0.011647695479645396,0.0,0.0,0.08280118182301521,False,False,
s-001,after_one_actual_history_call,5,50,0,468.66737775799993,0.0,0.0,0.0,922.9006923511624,0.0,468.66737775799993,0.0,0.0,0.0,0.008305791765451431,False,True,
s-001,after_one_actual_history_call,5,50,1,468.66737775799993,0.0,0.0,0.0,922.9006923511624,0.0,468.66737775799993,0.0,0.0,0.0,0.00825754925608635,False,True,
s-001,after_one_actual_history_call,6,50,0,-7949.459772806001,8418.127150564,14756.143601344,7352.357454722697,922.9006923511624,8472.324438267,522.8646654609993,0.006438164538696607,0.0,0.0,0.0813453160226345,False,False,
s-001,after_one_actual_history_call,6,50,1,-7949.459772806001,8418.127150564,14756.143601344,7352.357454722697,922.9006923511624,8472.324438267,522.8646654609993,0.006438164538696607,0.0,0.0,0.08122757077217102,False,False,
s-001,after_one_actual_history_call,7,50,0,-32667.412070132,33136.07944789,50922.849563988,27188.488772888988,922.9006923511624,33630.806326047,963.3942559150018,0.014930157290786691,40.493563563839416,3.1113845816935884e-05,0.08381998538970947,False,False,0.08381998538970947
s-001,after_one_actual_history_call,7,50,1,-32667.412070132,33136.07944789,50922.849563988,27188.488772888988,922.9006923511624,33630.806326047,963.3942559150018,0.014930157290786691,40.493563563839416,3.1113845816935884e-05,0.08422675728797913,False,False,0.08422675728797913
s-001,after_one_actual_history_call,8,50,0,872.2462850229995,0.0,0.0,0.0,922.9006923511624,0.0,872.2462850229995,0.0,0.0,0.0,0.008363679051399231,False,True,
s-001,after_one_actual_history_call,8,50,1,872.2462850229995,0.0,0.0,0.0,922.9006923511624,0.0,872.2462850229995,0.0,0.0,0.0,0.008290588855743408,False,True,
s-001,after_one_actual_history_call,9,50,0,-7271.868620684001,8144.114905707,12964.834733492,6680.1251783894,922.9006923511624,8193.073451784,921.204831099998,0.006011524474279177,0.0,0.0,0.08158973976969719,False,False,
s-001,after_one_actual_history_call,9,50,1,-7271.868620684001,8144.114905707,12964.834733492,6680.1251783894,922.9006923511624,8193.073451784,921.204831099998,0.006011524474279177,0.0,0.0,0.08102547004818916,False,False,
s-001,after_one_actual_history_call,10,50,0,-33299.540088907,34171.78637393,43954.966024528,27674.105527046802,922.9006923511624,34835.75664993,1536.2165610230004,0.019430364825953308,613.315868671838,0.0004712505814621946,0.08528721705079079,False,False,0.08528721705079079
s-001,after_one_actual_history_call,10,50,1,-33299.540088907,34171.78637393,43954.966024528,27674.105527046802,922.9006923511624,34835.75664993,1536.2165610230004,0.019430364825953308,613.315868671838,0.0004712505814621946,0.08484014496207237,False,False,0.08484014496207237
s-001,after_one_actual_history_call,0,10,0,-8411.890792352,9334.791484703,18289.052697872,7407.316843775093,922.9006923511624,9334.791484703,922.9006923510005,0.0,0.0,0.0,0.04082513600587845,False,True,
s-001,after_one_actual_history_call,0,10,1,-8411.890792352,9334.791484703,18289.052697872,7407.316843775093,922.9006923511624,9334.791484703,922.9006923510005,0.0,0.0,0.0,0.042029064148664474,False,True,
s-001,after_one_actual_history_call,1,10,0,-30564.646772467,30564.646772467,47710.552368681,26515.69072574176,922.9006923511624,31881.546606896,1316.8998344290012,0.04308572070969524,393.99914207783877,0.0003027352369047108,0.04218161478638649,False,False,0.04218161478638649
s-001,after_one_actual_history_call,1,10,1,-30564.646772467,30564.646772467,47710.552368681,26515.69072574176,922.9006923511624,31881.546606896,1316.8998344290012,0.04308572070969524,393.99914207783877,0.0003027352369047108,0.04432660713791847,False,False,0.04432660713791847
s-001,after_one_actual_history_call,2,10,0,257.079485062,0.0,0.0,0.0,922.9006923511624,0.0,257.079485062,0.0,0.0,0.0,0.007345549762248993,False,True,
s-001,after_one_actual_history_call,2,10,1,257.079485062,0.0,0.0,0.0,922.9006923511624,0.0,257.079485062,0.0,0.0,0.0,0.0073327720165252686,False,True,
s-001,after_one_actual_history_call,3,10,0,-7597.931826199,7855.011311261,11642.667131489,6384.1998361256665,922.9006923511624,7911.80652709,313.8747008909995,0.007230443544693303,0.0,0.0,0.04062168300151825,False,False,
s-001,after_one_actual_history_call,3,10,1,-7597.931826199,7855.011311261,11642.667131489,6384.1998361256665,922.9006923511624,7911.80652709,313.8747008909995,0.007230443544693303,0.0,0.0,0.040509920567274094,False,False,
s-001,after_one_actual_history_call,4,10,0,-30782.386350115,31039.465835177,48774.575948944,25496.43304543477,922.9006923511624,31401.004081076,618.6177309609993,0.011647695479645396,0.0,0.0,0.0440467931330204,False,False,
s-001,after_one_actual_history_call,4,10,1,-30782.386350115,31039.465835177,48774.575948944,25496.43304543477,922.9006923511624,31401.004081076,618.6177309609993,0.011647695479645396,0.0,0.0,0.042532406747341156,False,False,
s-001,after_one_actual_history_call,5,10,0,468.66737775799993,0.0,0.0,0.0,922.9006923511624,0.0,468.66737775799993,0.0,0.0,0.0,0.007492400705814362,False,True,
s-001,after_one_actual_history_call,5,10,1,468.66737775799993,0.0,0.0,0.0,922.9006923511624,0.0,468.66737775799993,0.0,0.0,0.0,0.0075131431221961975,False,True,
s-001,after_one_actual_history_call,6,10,0,-7949.459772806001,8418.127150564,14756.143601344,7352.357454722697,922.9006923511624,8472.324438267,522.8646654609993,0.006438164538696607,0.0,0.0,0.042484212666749954,False,False,
s-001,after_one_actual_history_call,6,10,1,-7949.459772806001,8418.127150564,14756.143601344,7352.357454722697,922.9006923511624,8472.324438267,522.8646654609993,0.006438164538696607,0.0,0.0,0.04062632843852043,False,False,
s-001,after_one_actual_history_call,7,10,0,-32667.412070132,33136.07944789,50922.849563988,27188.488772888988,922.9006923511624,33630.806326047,963.3942559150018,0.014930157290786691,40.493563563839416,3.1113845816935884e-05,0.04494965821504593,False,False,0.04494965821504593
s-001,after_one_actual_history_call,7,10,1,-32667.412070132,33136.07944789,50922.849563988,27188.488772888988,922.9006923511624,33630.806326047,963.3942559150018,0.014930157290786691,40.493563563839416,3.1113845816935884e-05,0.04342462494969368,False,False,0.04342462494969368
s-001,after_one_actual_history_call,8,10,0,872.2462850229995,0.0,0.0,0.0,922.9006923511624,0.0,872.2462850229995,0.0,0.0,0.0,0.0083262138068676,False,True,
s-001,after_one_actual_history_call,8,10,1,872.2462850229995,0.0,0.0,0.0,922.9006923511624,0.0,872.2462850229995,0.0,0.0,0.0,0.00745692104101181,False,True,
s-001,after_one_actual_history_call,9,10,0,-7271.868620684001,8144.114905707,12964.834733492,6680.1251783894,922.9006923511624,8193.073451784,921.204831099998,0.006011524474279177,0.0,0.0,0.03963679075241089,False,False,
s-001,after_one_actual_history_call,9,10,1,-7271.868620684001,8144.114905707,12964.834733492,6680.1251783894,922.9006923511624,8193.073451784,921.204831099998,0.006011524474279177,0.0,0.0,0.04102432727813721,False,False,
s-001,after_one_actual_history_call,10,10,0,-33299.540088907,34171.78637393,43954.966024528,27674.105527046802,922.9006923511624,34835.75664993,1536.2165610230004,0.019430364825953308,613.315868671838,0.0004712505814621946,0.04337180405855179,False,False,0.04337180405855179
s-001,after_one_actual_history_call,10,10,1,-33299.540088907,34171.78637393,43954.966024528,27674.105527046802,922.9006923511624,34835.75664993,1536.2165610230004,0.019430364825953308,613.315868671838,0.0004712505814621946,0.04391970857977867,False,False,0.04391970857977867
s-002,after_common_greedy_prefix,0,200,0,-7889.34084541,8078.2090742109995,16286.802873153,7447.84447750303,872.2462850231677,8264.464627787,375.12378237699977,0.023056540362467886,0.0,0.0,0.2279604934155941,False,False,
s-002,after_common_greedy_prefix,0,200,1,-7889.34084541,8078.2090742109995,16286.802873153,7447.84447750303,872.2462850231677,8264.464627787,375.12378237699977,0.023056540362467886,0.0,0.0,0.22729358077049255,False,False,
s-002,after_common_greedy_prefix,0,1000,0,-7889.34084541,8078.2090742109995,16286.802873153,7447.84447750303,872.2462850231677,8264.464627787,375.12378237699977,0.023056540362467886,0.0,0.0,1.0279654748737812,False,False,
s-002,after_common_greedy_prefix,0,1000,1,-7889.34084541,8078.2090742109995,16286.802873153,7447.84447750303,872.2462850231677,8264.464627787,375.12378237699977,0.023056540362467886,0.0,0.0,1.0299041792750359,False,False,
s-002,after_common_greedy_prefix,1,200,0,-29832.226144614,29832.226144614,33216.482696774,20440.33171499561,872.2462850231677,30183.039120018002,350.8129754040019,0.011759530572857994,0.0,0.0,0.2313283607363701,False,False,
s-002,after_common_greedy_prefix,1,200,1,-29832.226144614,29832.226144614,33216.482696774,20440.33171499561,872.2462850231677,30183.039120018002,350.8129754040019,0.011759530572857994,0.0,0.0,0.22902727499604225,False,False,
s-002,after_common_greedy_prefix,1,1000,0,-29832.226144614,29832.226144614,33216.482696774,20440.33171499561,872.2462850231677,30183.039120018002,350.8129754040019,0.011759530572857994,0.0,0.0,1.0300428234040737,False,False,
s-002,after_common_greedy_prefix,1,1000,1,-29832.226144614,29832.226144614,33216.482696774,20440.33171499561,872.2462850231677,30183.039120018002,350.8129754040019,0.011759530572857994,0.0,0.0,1.0295753367245197,False,False,
s-002,after_common_greedy_prefix,2,200,0,257.079485062,0.0,0.0,0.0,872.2462850231677,0.0,257.079485062,0.0,0.0,0.0,0.007786467671394348,False,True,
s-002,after_common_greedy_prefix,2,200,1,257.079485062,0.0,0.0,0.0,872.2462850231677,0.0,257.079485062,0.0,0.0,0.0,0.00718403235077858,False,True,
s-002,after_common_greedy_prefix,2,1000,0,257.079485062,0.0,0.0,0.0,872.2462850231677,0.0,257.079485062,0.0,0.0,0.0,0.007179733365774155,False,True,
s-002,after_common_greedy_prefix,2,1000,1,257.079485062,0.0,0.0,0.0,872.2462850231677,0.0,257.079485062,0.0,0.0,0.0,0.007143441587686539,False,True,
s-002,after_common_greedy_prefix,3,200,0,-7928.154979105001,8185.234464167001,11218.47399556,6359.77893825445,872.2462850231677,8234.723684085,306.568704979999,0.00604615788767584,0.0,0.0,0.2259300798177719,False,False,
s-002,after_common_greedy_prefix,3,200,1,-7928.154979105001,8185.234464167001,11218.47399556,6359.77893825445,872.2462850231677,8234.723684085,306.568704979999,0.00604615788767584,0.0,0.0,0.22522399201989174,False,False,
s-002,after_common_greedy_prefix,3,1000,0,-7928.154979105001,8185.234464167001,11218.47399556,6359.77893825445,872.2462850231677,8234.723684085,306.568704979999,0.00604615788767584,0.0,0.0,1.0276967510581017,False,False,
s-002,after_common_greedy_prefix,3,1000,1,-7928.154979105001,8185.234464167001,11218.47399556,6359.77893825445,872.2462850231677,8234.723684085,306.568704979999,0.00604615788767584,0.0,0.0,1.0254108384251595,False,False,
s-002,after_common_greedy_prefix,4,200,0,-30782.386350115,31039.465835177,48774.575948944,25496.43304543477,872.2462850231677,31401.004081076,618.6177309609993,0.011647695479645396,0.0,0.0,0.22757786139845848,False,False,
s-002,after_common_greedy_prefix,4,200,1,-30782.386350115,31039.465835177,48774.575948944,25496.43304543477,872.2462850231677,31401.004081076,618.6177309609993,0.011647695479645396,0.0,0.0,0.22778916358947754,False,False,
s-002,after_common_greedy_prefix,4,1000,0,-30782.386350115,31039.465835177,48774.575948944,25496.43304543477,872.2462850231677,31401.004081076,618.6177309609993,0.011647695479645396,0.0,0.0,1.0274957567453384,False,False,
s-002,after_common_greedy_prefix,4,1000,1,-30782.386350115,31039.465835177,48774.575948944,25496.43304543477,872.2462850231677,31401.004081076,618.6177309609993,0.011647695479645396,0.0,0.0,1.027773678302765,False,False,
s-002,after_common_greedy_prefix,5,200,0,468.66737775799993,0.0,0.0,0.0,872.2462850231677,0.0,468.66737775799993,0.0,0.0,0.0,0.007259581238031387,False,True,
s-002,after_common_greedy_prefix,5,200,1,468.66737775799993,0.0,0.0,0.0,872.2462850231677,0.0,468.66737775799993,0.0,0.0,0.0,0.007157757878303528,False,True,
s-002,after_common_greedy_prefix,5,1000,0,468.66737775799993,0.0,0.0,0.0,872.2462850231677,0.0,468.66737775799993,0.0,0.0,0.0,0.007269453257322311,False,True,
s-002,after_common_greedy_prefix,5,1000,1,468.66737775799993,0.0,0.0,0.0,872.2462850231677,0.0,468.66737775799993,0.0,0.0,0.0,0.007331475615501404,False,True,
s-002,after_common_greedy_prefix,6,200,0,-7687.820719023,8156.488096781,13029.416838239,6679.064728724733,872.2462850231677,8210.874193,523.0534739770001,0.006667832475653704,0.0,0.0,0.22610807791352272,False,False,
s-002,after_common_greedy_prefix,6,200,1,-7687.820719023,8156.488096781,13029.416838239,6679.064728724733,872.2462850231677,8210.874193,523.0534739770001,0.006667832475653704,0.0,0.0,0.22653425112366676,False,False,
s-002,after_common_greedy_prefix,6,1000,0,-7687.820719023,8156.488096781,13029.416838239,6679.064728724733,872.2462850231677,8210.874193,523.0534739770001,0.006667832475653704,0.0,0.0,1.0269821546971798,False,False,
s-002,after_common_greedy_prefix,6,1000,1,-7687.820719023,8156.488096781,13029.416838239,6679.064728724733,872.2462850231677,8210.874193,523.0534739770001,0.006667832475653704,0.0,0.0,1.0258466228842735,False,False,
s-002,after_common_greedy_prefix,7,200,0,-32556.583203825998,33025.250581584,50595.763253284,26876.674507775304,872.2462850231677,33519.977459741,963.3942559150018,0.014980261146992732,91.14797089183412,7.003493057320325e-05,0.2298615463078022,False,False,0.2298615463078022
s-002,after_common_greedy_prefix,7,200,1,-32556.583203825998,33025.250581584,50595.763253284,26876.674507775304,872.2462850231677,33519.977459741,963.3942559150018,0.014980261146992732,91.14797089183412,7.003493057320325e-05,0.22927574440836906,False,False,0.22927574440836906
s-002,after_common_greedy_prefix,7,1000,0,-32556.583203825998,33025.250581584,50595.763253284,26876.674507775304,872.2462850231677,33519.977459741,963.3942559150018,0.014980261146992732,91.14797089183412,7.003493057320325e-05,1.029584001749754,False,False,1.029584001749754
s-002,after_common_greedy_prefix,7,1000,1,-32556.583203825998,33025.250581584,50595.763253284,26876.674507775304,872.2462850231677,33519.977459741,963.3942559150018,0.014980261146992732,91.14797089183412,7.003493057320325e-05,1.027558483183384,False,False,1.027558483183384
s-002,after_common_greedy_prefix,8,200,0,872.2462850229995,0.0,0.0,0.0,872.2462850231677,0.0,872.2462850229995,0.0,0.0,0.0,0.00770394504070282,False,True,
s-002,after_common_greedy_prefix,8,200,1,872.2462850229995,0.0,0.0,0.0,872.2462850231677,0.0,872.2462850229995,0.0,0.0,0.0,0.007522791624069214,False,True,
s-002,after_common_greedy_prefix,8,1000,0,872.2462850229995,0.0,0.0,0.0,872.2462850231677,0.0,872.2462850229995,0.0,0.0,0.0,0.0073991864919662476,False,True,
s-002,after_common_greedy_prefix,8,1000,1,872.2462850229995,0.0,0.0,0.0,872.2462850231677,0.0,872.2462850229995,0.0,0.0,0.0,0.0074038878083229065,False,True,
s-002,after_common_greedy_prefix,9,200,0,-7260.124768836,8132.371053859,11841.172759291,6662.4074537986,872.2462850231677,8186.568341562,926.4435727259997,0.006664389431330912,54.197287702832,4.164331080971783e-05,0.2253262773156166,False,False,0.2253262773156166
s-002,after_common_greedy_prefix,9,200,1,-7260.124768836,8132.371053859,11841.172759291,6662.4074537986,872.2462850231677,8186.568341562,926.4435727259997,0.006664389431330912,54.197287702832,4.164331080971783e-05,0.22599784657359123,False,False,0.22599784657359123
s-002,after_common_greedy_prefix,9,1000,0,-7260.124768836,8132.371053859,11841.172759291,6662.4074537986,872.2462850231677,8186.568341562,926.4435727259997,0.006664389431330912,54.197287702832,4.164331080971783e-05,1.0262113809585571,False,False,1.0262113809585571
s-002,after_common_greedy_prefix,9,1000,1,-7260.124768836,8132.371053859,11841.172759291,6662.4074537986,872.2462850231677,8186.568341562,926.4435727259997,0.006664389431330912,54.197287702832,4.164331080971783e-05,1.0271527394652367,False,False,1.0271527394652367
s-002,after_common_greedy_prefix,10,200,0,-33302.277691657,34174.52397668,43960.712616334,27766.37557877368,872.2462850231677,34837.223283366,1534.9455917090017,0.01939161777756477,662.699306685834,0.0005091950976037618,0.23061028495430946,False,False,0.23061028495430946
s-002,after_common_greedy_prefix,10,200,1,-33302.277691657,34174.52397668,43960.712616334,27766.37557877368,872.2462850231677,34837.223283366,1534.9455917090017,0.01939161777756477,662.699306685834,0.0005091950976037618,0.22910596057772636,False,False,0.22910596057772636
s-002,after_common_greedy_prefix,10,1000,0,-33302.277691657,34174.52397668,43960.712616334,27766.37557877368,872.2462850231677,34837.223283366,1534.9455917090017,0.01939161777756477,662.699306685834,0.0005091950976037618,1.028720062226057,False,False,1.028720062226057
s-002,after_common_greedy_prefix,10,1000,1,-33302.277691657,34174.52397668,43960.712616334,27766.37557877368,872.2462850231677,34837.223283366,1534.9455917090017,0.01939161777756477,662.699306685834,0.0005091950976037618,1.0280932113528252,False,False,1.0280932113528252
s-002,after_common_greedy_prefix,0,50,0,-7889.34084541,8078.2090742109995,16286.802873153,7447.84447750303,872.2462850231677,8261.315591446,371.9747460360004,0.022666721739048937,0.0,0.0,0.08505550026893616,False,False,
s-002,after_common_greedy_prefix,0,50,1,-7889.34084541,8078.2090742109995,16286.802873153,7447.84447750303,872.2462850231677,8261.315591446,371.9747460360004,0.022666721739048937,0.0,0.0,0.08517251163721085,False,False,
s-002,after_common_greedy_prefix,1,50,0,-29832.226144614,29832.226144614,33216.482696774,20440.33171499561,872.2462850231677,30183.039120018002,350.8129754040019,0.011759530572857994,0.0,0.0,0.08235285058617592,False,False,
s-002,after_common_greedy_prefix,1,50,1,-29832.226144614,29832.226144614,33216.482696774,20440.33171499561,872.2462850231677,30183.039120018002,350.8129754040019,0.011759530572857994,0.0,0.0,0.0810292549431324,False,False,
s-002,after_common_greedy_prefix,2,50,0,257.079485062,0.0,0.0,0.0,872.2462850231677,0.0,257.079485062,0.0,0.0,0.0,0.007138531655073166,False,True,
s-002,after_common_greedy_prefix,2,50,1,257.079485062,0.0,0.0,0.0,872.2462850231677,0.0,257.079485062,0.0,0.0,0.0,0.00706910714507103,False,True,
s-002,after_common_greedy_prefix,3,50,0,-7928.154979105001,8185.234464167001,11218.47399556,6359.77893825445,872.2462850231677,8234.723684085,306.568704979999,0.00604615788767584,0.0,0.0,0.08008715510368347,False,False,
s-002,after_common_greedy_prefix,3,50,1,-7928.154979105001,8185.234464167001,11218.47399556,6359.77893825445,872.2462850231677,8234.723684085,306.568704979999,0.00604615788767584,0.0,0.0,0.08019696548581123,False,False,
s-002,after_common_greedy_prefix,4,50,0,-30782.386350115,31039.465835177,48774.575948944,25496.43304543477,872.2462850231677,31401.004081076,618.6177309609993,0.011647695479645396,0.0,0.0,0.08346771821379662,False,False,
s-002,after_common_greedy_prefix,4,50,1,-30782.386350115,31039.465835177,48774.575948944,25496.43304543477,872.2462850231677,31401.004081076,618.6177309609993,0.011647695479645396,0.0,0.0,0.08316579088568687,False,False,
s-002,after_common_greedy_prefix,5,50,0,468.66737775799993,0.0,0.0,0.0,872.2462850231677,0.0,468.66737775799993,0.0,0.0,0.0,0.007622428238391876,False,True,
s-002,after_common_greedy_prefix,5,50,1,468.66737775799993,0.0,0.0,0.0,872.2462850231677,0.0,468.66737775799993,0.0,0.0,0.0,0.007288731634616852,False,True,
s-002,after_common_greedy_prefix,6,50,0,-7687.820719023,8156.488096781,13029.416838239,6679.064728724733,872.2462850231677,8210.874193,523.0534739770001,0.006667832475653704,0.0,0.0,0.07948152348399162,False,False,
s-002,after_common_greedy_prefix,6,50,1,-7687.820719023,8156.488096781,13029.416838239,6679.064728724733,872.2462850231677,8210.874193,523.0534739770001,0.006667832475653704,0.0,0.0,0.07981013879179955,False,False,
s-002,after_common_greedy_prefix,7,50,0,-32556.583203825998,33025.250581584,50595.763253284,26876.674507775304,872.2462850231677,33519.977459741,963.3942559150018,0.014980261146992732,91.14797089183412,7.003493057320325e-05,0.08351071178913116,False,False,0.08351071178913116
s-002,after_common_greedy_prefix,7,50,1,-32556.583203825998,33025.250581584,50595.763253284,26876.674507775304,872.2462850231677,33519.977459741,963.3942559150018,0.014980261146992732,91.14797089183412,7.003493057320325e-05,0.08235597237944603,False,False,0.08235597237944603
s-002,after_common_greedy_prefix,8,50,0,872.2462850229995,0.0,0.0,0.0,872.2462850231677,0.0,872.2462850229995,0.0,0.0,0.0,0.007537826895713806,False,True,
s-002,after_common_greedy_prefix,8,50,1,872.2462850229995,0.0,0.0,0.0,872.2462850231677,0.0,872.2462850229995,0.0,0.0,0.0,0.007238369435071945,False,True,
s-002,after_common_greedy_prefix,9,50,0,-7260.124768836,8132.371053859,11841.172759291,6662.4074537986,872.2462850231677,8186.568341562,926.4435727259997,0.006664389431330912,54.197287702832,4.164331080971783e-05,0.07975904643535614,False,False,0.07975904643535614
s-002,after_common_greedy_prefix,9,50,1,-7260.124768836,8132.371053859,11841.172759291,6662.4074537986,872.2462850231677,8186.568341562,926.4435727259997,0.006664389431330912,54.197287702832,4.164331080971783e-05,0.07995322719216347,False,False,0.07995322719216347
s-002,after_common_greedy_prefix,10,50,0,-33302.277691657,34174.52397668,43960.712616334,27766.37557877368,872.2462850231677,34837.223283366,1534.9455917090017,0.01939161777756477,662.699306685834,0.0005091950976037618,0.08352835103869438,False,False,0.08352835103869438
s-002,after_common_greedy_prefix,10,50,1,-33302.277691657,34174.52397668,43960.712616334,27766.37557877368,872.2462850231677,34837.223283366,1534.9455917090017,0.01939161777756477,662.699306685834,0.0005091950976037618,0.08317088708281517,False,False,0.08317088708281517
s-002,after_common_greedy_prefix,0,10,0,-7889.34084541,8078.2090742109995,16286.802873153,7447.84447750303,872.2462850231677,8260.613796286,371.2729508759994,0.022579846646617698,0.0,0.0,0.044796429574489594,False,False,
s-002,after_common_greedy_prefix,0,10,1,-7889.34084541,8078.2090742109995,16286.802873153,7447.84447750303,872.2462850231677,8260.613796286,371.2729508759994,0.022579846646617698,0.0,0.0,0.04542136564850807,False,False,
s-002,after_common_greedy_prefix,1,10,0,-29832.226144614,29832.226144614,33216.482696774,20440.33171499561,872.2462850231677,30183.039120018002,350.8129754040019,0.011759530572857994,0.0,0.0,0.04347863793373108,False,False,
s-002,after_common_greedy_prefix,1,10,1,-29832.226144614,29832.226144614,33216.482696774,20440.33171499561,872.2462850231677,30183.039120018002,350.8129754040019,0.011759530572857994,0.0,0.0,0.06705155223608017,False,False,
s-002,after_common_greedy_prefix,2,10,0,257.079485062,0.0,0.0,0.0,872.2462850231677,0.0,257.079485062,0.0,0.0,0.0,0.007894899696111679,False,True,
s-002,after_common_greedy_prefix,2,10,1,257.079485062,0.0,0.0,0.0,872.2462850231677,0.0,257.079485062,0.0,0.0,0.0,0.0082884281873703,False,True,
s-002,after_common_greedy_prefix,3,10,0,-7928.154979105001,8185.234464167001,11218.47399556,6359.77893825445,872.2462850231677,8234.723684085,306.568704979999,0.00604615788767584,0.0,0.0,0.03964336961507797,False,False,
s-002,after_common_greedy_prefix,3,10,1,-7928.154979105001,8185.234464167001,11218.47399556,6359.77893825445,872.2462850231677,8234.723684085,306.568704979999,0.00604615788767584,0.0,0.0,0.038411300629377365,False,False,
s-002,after_common_greedy_prefix,4,10,0,-30782.386350115,31039.465835177,48774.575948944,25496.43304543477,872.2462850231677,31401.004081076,618.6177309609993,0.011647695479645396,0.0,0.0,0.044184595346450806,False,False,
s-002,after_common_greedy_prefix,4,10,1,-30782.386350115,31039.465835177,48774.575948944,25496.43304543477,872.2462850231677,31401.004081076,618.6177309609993,0.011647695479645396,0.0,0.0,0.043759074062108994,False,False,
s-002,after_common_greedy_prefix,5,10,0,468.66737775799993,0.0,0.0,0.0,872.2462850231677,0.0,468.66737775799993,0.0,0.0,0.0,0.007610775530338287,False,True,
s-002,after_common_greedy_prefix,5,10,1,468.66737775799993,0.0,0.0,0.0,872.2462850231677,0.0,468.66737775799993,0.0,0.0,0.0,0.007388502359390259,False,True,
s-002,after_common_greedy_prefix,6,10,0,-7687.820719023,8156.488096781,13029.416838239,6679.064728724733,872.2462850231677,8210.874193,523.0534739770001,0.006667832475653704,0.0,0.0,0.041259344667196274,False,False,
s-002,after_common_greedy_prefix,6,10,1,-7687.820719023,8156.488096781,13029.416838239,6679.064728724733,872.2462850231677,8210.874193,523.0534739770001,0.006667832475653704,0.0,0.0,0.041884999722242355,False,False,
s-002,after_common_greedy_prefix,7,10,0,-32556.583203825998,33025.250581584,50595.763253284,26876.674507775304,872.2462850231677,33519.977459741,963.3942559150018,0.014980261146992732,91.14797089183412,7.003493057320325e-05,0.0448814257979393,False,False,0.0448814257979393
s-002,after_common_greedy_prefix,7,10,1,-32556.583203825998,33025.250581584,50595.763253284,26876.674507775304,872.2462850231677,33519.977459741,963.3942559150018,0.014980261146992732,91.14797089183412,7.003493057320325e-05,0.04305606707930565,False,False,0.04305606707930565
s-002,after_common_greedy_prefix,8,10,0,872.2462850229995,0.0,0.0,0.0,872.2462850231677,0.0,872.2462850229995,0.0,0.0,0.0,0.007885560393333435,False,True,
s-002,after_common_greedy_prefix,8,10,1,872.2462850229995,0.0,0.0,0.0,872.2462850231677,0.0,872.2462850229995,0.0,0.0,0.0,0.007798530161380768,False,True,
s-002,after_common_greedy_prefix,9,10,0,-7260.124768836,8132.371053859,11841.172759291,6662.4074537986,872.2462850231677,8186.568341562,926.4435727259997,0.006664389431330912,54.197287702832,4.164331080971783e-05,0.04158836230635643,False,False,0.04158836230635643
s-002,after_common_greedy_prefix,9,10,1,-7260.124768836,8132.371053859,11841.172759291,6662.4074537986,872.2462850231677,8186.568341562,926.4435727259997,0.006664389431330912,54.197287702832,4.164331080971783e-05,0.040701061487197876,False,False,0.040701061487197876
s-002,after_common_greedy_prefix,10,10,0,-33302.277691657,34174.52397668,43960.712616334,27766.37557877368,872.2462850231677,34837.223283366,1534.9455917090017,0.01939161777756477,662.699306685834,0.0005091950976037618,0.04382515326142311,False,False,0.04382515326142311
s-002,after_common_greedy_prefix,10,10,1,-33302.277691657,34174.52397668,43960.712616334,27766.37557877368,872.2462850231677,34837.223283366,1534.9455917090017,0.01939161777756477,662.699306685834,0.0005091950976037618,0.042985137552022934,False,False,0.042985137552022934
s-003,after_one_actual_history_call,0,200,0,-7889.34084541,8078.2090742109995,16286.802873153,7447.84447750303,872.2462850231677,8264.464627787,375.12378237699977,0.023056540362467886,0.0,0.0,0.23032398149371147,False,False,
s-003,after_one_actual_history_call,0,200,1,-7889.34084541,8078.2090742109995,16286.802873153,7447.84447750303,872.2462850231677,8264.464627787,375.12378237699977,0.023056540362467886,0.0,0.0,0.2277868054807186,False,False,
s-003,after_one_actual_history_call,0,1000,0,-7889.34084541,8078.2090742109995,16286.802873153,7447.84447750303,872.2462850231677,8264.464627787,375.12378237699977,0.023056540362467886,0.0,0.0,1.0283565819263458,False,False,
s-003,after_one_actual_history_call,0,1000,1,-7889.34084541,8078.2090742109995,16286.802873153,7447.84447750303,872.2462850231677,8264.464627787,375.12378237699977,0.023056540362467886,0.0,0.0,1.0268218480050564,False,False,
s-003,after_one_actual_history_call,1,200,0,-29832.226144614,30183.039120018002,33216.482696774,20440.33171499561,872.2462850231677,30183.039120018002,350.8129754040019,0.0,0.0,0.0,0.004912391304969788,False,True,
s-003,after_one_actual_history_call,1,200,1,-29832.226144614,30183.039120018002,33216.482696774,20440.33171499561,872.2462850231677,30183.039120018002,350.8129754040019,0.0,0.0,0.0,0.004855554550886154,False,True,
s-003,after_one_actual_history_call,1,1000,0,-29832.226144614,30183.039120018002,33216.482696774,20440.33171499561,872.2462850231677,30183.039120018002,350.8129754040019,0.0,0.0,0.0,1.0268775410950184,False,True,
s-003,after_one_actual_history_call,1,1000,1,-29832.226144614,30183.039120018002,33216.482696774,20440.33171499561,872.2462850231677,30183.039120018002,350.8129754040019,0.0,0.0,0.0,1.028285924345255,False,True,
s-003,after_one_actual_history_call,2,200,0,257.079485062,0.0,0.0,0.0,872.2462850231677,0.0,257.079485062,0.0,0.0,0.0,0.0073801688849925995,False,True,
s-003,after_one_actual_history_call,2,200,1,257.079485062,0.0,0.0,0.0,872.2462850231677,0.0,257.079485062,0.0,0.0,0.0,0.007354244589805603,False,True,
s-003,after_one_actual_history_call,2,1000,0,257.079485062,0.0,0.0,0.0,872.2462850231677,0.0,257.079485062,0.0,0.0,0.0,0.007337633520364761,False,True,
s-003,after_one_actual_history_call,2,1000,1,257.079485062,0.0,0.0,0.0,872.2462850231677,0.0,257.079485062,0.0,0.0,0.0,0.0073372237384319305,False,True,
s-003,after_one_actual_history_call,3,200,0,-7928.154979105001,8185.234464167001,11218.47399556,6359.77893825445,872.2462850231677,8234.723684085,306.568704979999,0.00604615788767584,0.0,0.0,0.22405843436717987,False,False,
s-003,after_one_actual_history_call,3,200,1,-7928.154979105001,8185.234464167001,11218.47399556,6359.77893825445,872.2462850231677,8234.723684085,306.568704979999,0.00604615788767584,0.0,0.0,0.22479551658034325,False,False,
s-003,after_one_actual_history_call,3,1000,0,-7928.154979105001,8185.234464167001,11218.47399556,6359.77893825445,872.2462850231677,8234.723684085,306.568704979999,0.00604615788767584,0.0,0.0,1.0242132544517517,False,False,
s-003,after_one_actual_history_call,3,1000,1,-7928.154979105001,8185.234464167001,11218.47399556,6359.77893825445,872.2462850231677,8234.723684085,306.568704979999,0.00604615788767584,0.0,0.0,1.0238242968916893,False,False,
s-003,after_one_actual_history_call,4,200,0,-30782.386350115,31039.465835177,48774.575948944,25496.43304543477,872.2462850231677,31401.004081076,618.6177309609993,0.011647695479645396,0.0,0.0,0.22870714217424393,False,False,
s-003,after_one_actual_history_call,4,200,1,-30782.386350115,31039.465835177,48774.575948944,25496.43304543477,872.2462850231677,31401.004081076,618.6177309609993,0.011647695479645396,0.0,0.0,0.22665425762534142,False,False,
s-003,after_one_actual_history_call,4,1000,0,-30782.386350115,31039.465835177,48774.575948944,25496.43304543477,872.2462850231677,31401.004081076,618.6177309609993,0.011647695479645396,0.0,0.0,1.0277637541294098,False,False,
s-003,after_one_actual_history_call,4,1000,1,-30782.386350115,31039.465835177,48774.575948944,25496.43304543477,872.2462850231677,31401.004081076,618.6177309609993,0.011647695479645396,0.0,0.0,1.027264092117548,False,False,
s-003,after_one_actual_history_call,5,200,0,468.66737775799993,0.0,0.0,0.0,872.2462850231677,0.0,468.66737775799993,0.0,0.0,0.0,0.00732111930847168,False,True,
s-003,after_one_actual_history_call,5,200,1,468.66737775799993,0.0,0.0,0.0,872.2462850231677,0.0,468.66737775799993,0.0,0.0,0.0,0.0072133950889110565,False,True,
s-003,after_one_actual_history_call,5,1000,0,468.66737775799993,0.0,0.0,0.0,872.2462850231677,0.0,468.66737775799993,0.0,0.0,0.0,0.007221106439828873,False,True,
s-003,after_one_actual_history_call,5,1000,1,468.66737775799993,0.0,0.0,0.0,872.2462850231677,0.0,468.66737775799993,0.0,0.0,0.0,0.0072612278163433075,False,True,
s-003,after_one_actual_history_call,6,200,0,-7687.820719023,8156.488096781,13029.416838239,6679.064728724733,872.2462850231677,8210.874193,523.0534739770001,0.006667832475653704,0.0,0.0,0.22571228817105293,False,False,
s-003,after_one_actual_history_call,6,200,1,-7687.820719023,8156.488096781,13029.416838239,6679.064728724733,872.2462850231677,8210.874193,523.0534739770001,0.006667832475653704,0.0,0.0,0.22433611750602722,False,False,
s-003,after_one_actual_history_call,6,1000,0,-7687.820719023,8156.488096781,13029.416838239,6679.064728724733,872.2462850231677,8210.874193,523.0534739770001,0.006667832475653704,0.0,0.0,1.024859581142664,False,False,
s-003,after_one_actual_history_call,6,1000,1,-7687.820719023,8156.488096781,13029.416838239,6679.064728724733,872.2462850231677,8210.874193,523.0534739770001,0.006667832475653704,0.0,0.0,1.0254225619137287,False,False,
s-003,after_one_actual_history_call,7,200,0,-32556.583203825998,33025.250581584,50595.763253284,26876.674507775304,872.2462850231677,33519.977459741,963.3942559150018,0.014980261146992732,91.14797089183412,7.003493057320325e-05,0.22791660949587822,False,False,0.22791660949587822
s-003,after_one_actual_history_call,7,200,1,-32556.583203825998,33025.250581584,50595.763253284,26876.674507775304,872.2462850231677,33519.977459741,963.3942559150018,0.014980261146992732,91.14797089183412,7.003493057320325e-05,0.2271767072379589,False,False,0.2271767072379589
s-003,after_one_actual_history_call,7,1000,0,-32556.583203825998,33025.250581584,50595.763253284,26876.674507775304,872.2462850231677,33519.977459741,963.3942559150018,0.014980261146992732,91.14797089183412,7.003493057320325e-05,1.0274481140077114,False,False,1.0274481140077114
s-003,after_one_actual_history_call,7,1000,1,-32556.583203825998,33025.250581584,50595.763253284,26876.674507775304,872.2462850231677,33519.977459741,963.3942559150018,0.014980261146992732,91.14797089183412,7.003493057320325e-05,1.0268033035099506,False,False,1.0268033035099506
s-003,after_one_actual_history_call,8,200,0,872.2462850229995,0.0,0.0,0.0,872.2462850231677,0.0,872.2462850229995,0.0,0.0,0.0,0.007204625755548477,False,True,
s-003,after_one_actual_history_call,8,200,1,872.2462850229995,0.0,0.0,0.0,872.2462850231677,0.0,872.2462850229995,0.0,0.0,0.0,0.007168982177972794,False,True,
s-003,after_one_actual_history_call,8,1000,0,872.2462850229995,0.0,0.0,0.0,872.2462850231677,0.0,872.2462850229995,0.0,0.0,0.0,0.007134351879358292,False,True,
s-003,after_one_actual_history_call,8,1000,1,872.2462850229995,0.0,0.0,0.0,872.2462850231677,0.0,872.2462850229995,0.0,0.0,0.0,0.007138267159461975,False,True,
s-003,after_one_actual_history_call,9,200,0,-7260.124768836,8132.371053859,11841.172759291,6662.4074537986,872.2462850231677,8186.568341562,926.4435727259997,0.006664389431330912,54.197287702832,4.164331080971783e-05,0.22547712177038193,False,False,0.22547712177038193
s-003,after_one_actual_history_call,9,200,1,-7260.124768836,8132.371053859,11841.172759291,6662.4074537986,872.2462850231677,8186.568341562,926.4435727259997,0.006664389431330912,54.197287702832,4.164331080971783e-05,0.22503718361258507,False,False,0.22503718361258507
s-003,after_one_actual_history_call,9,1000,0,-7260.124768836,8132.371053859,11841.172759291,6662.4074537986,872.2462850231677,8186.568341562,926.4435727259997,0.006664389431330912,54.197287702832,4.164331080971783e-05,1.0250473879277706,False,False,1.0250473879277706
s-003,after_one_actual_history_call,9,1000,1,-7260.124768836,8132.371053859,11841.172759291,6662.4074537986,872.2462850231677,8186.568341562,926.4435727259997,0.006664389431330912,54.197287702832,4.164331080971783e-05,1.0246762447059155,False,False,1.0246762447059155
s-003,after_one_actual_history_call,10,200,0,-33302.277691657,34174.52397668,43960.712616334,27766.37557877368,872.2462850231677,34837.223283366,1534.9455917090017,0.01939161777756477,662.699306685834,0.0005091950976037618,0.22847703099250793,False,False,0.22847703099250793
s-003,after_one_actual_history_call,10,200,1,-33302.277691657,34174.52397668,43960.712616334,27766.37557877368,872.2462850231677,34837.223283366,1534.9455917090017,0.01939161777756477,662.699306685834,0.0005091950976037618,0.22861238569021225,False,False,0.22861238569021225
s-003,after_one_actual_history_call,10,1000,0,-33302.277691657,34174.52397668,43960.712616334,27766.37557877368,872.2462850231677,34837.223283366,1534.9455917090017,0.01939161777756477,662.699306685834,0.0005091950976037618,1.030006717890501,False,False,1.030006717890501
s-003,after_one_actual_history_call,10,1000,1,-33302.277691657,34174.52397668,43960.712616334,27766.37557877368,872.2462850231677,34837.223283366,1534.9455917090017,0.01939161777756477,662.699306685834,0.0005091950976037618,1.028898786753416,False,False,1.028898786753416
s-003,after_one_actual_history_call,0,50,0,-7889.34084541,8078.2090742109995,16286.802873153,7447.84447750303,872.2462850231677,8261.315591446,371.9747460360004,0.022666721739048937,0.0,0.0,0.08674198016524315,False,False,
s-003,after_one_actual_history_call,0,50,1,-7889.34084541,8078.2090742109995,16286.802873153,7447.84447750303,872.2462850231677,8261.315591446,371.9747460360004,0.022666721739048937,0.0,0.0,0.08615421876311302,False,False,
s-003,after_one_actual_history_call,1,50,0,-29832.226144614,30183.039120018002,33216.482696774,20440.33171499561,872.2462850231677,30183.039120018002,350.8129754040019,0.0,0.0,0.0,0.08336569368839264,False,True,
s-003,after_one_actual_history_call,1,50,1,-29832.226144614,30183.039120018002,33216.482696774,20440.33171499561,872.2462850231677,30183.039120018002,350.8129754040019,0.0,0.0,0.0,0.0829201377928257,False,True,
s-003,after_one_actual_history_call,2,50,0,257.079485062,0.0,0.0,0.0,872.2462850231677,0.0,257.079485062,0.0,0.0,0.0,0.008267689496278763,False,True,
s-003,after_one_actual_history_call,2,50,1,257.079485062,0.0,0.0,0.0,872.2462850231677,0.0,257.079485062,0.0,0.0,0.0,0.007417496293783188,False,True,
s-003,after_one_actual_history_call,3,50,0,-7928.154979105001,8185.234464167001,11218.47399556,6359.77893825445,872.2462850231677,8234.723684085,306.568704979999,0.00604615788767584,0.0,0.0,0.07914568483829498,False,False,
s-003,after_one_actual_history_call,3,50,1,-7928.154979105001,8185.234464167001,11218.47399556,6359.77893825445,872.2462850231677,8234.723684085,306.568704979999,0.00604615788767584,0.0,0.0,0.08809180557727814,False,False,
s-003,after_one_actual_history_call,4,50,0,-30782.386350115,31039.465835177,48774.575948944,25496.43304543477,872.2462850231677,31401.004081076,618.6177309609993,0.011647695479645396,0.0,0.0,0.08274877816438675,False,False,
s-003,after_one_actual_history_call,4,50,1,-30782.386350115,31039.465835177,48774.575948944,25496.43304543477,872.2462850231677,31401.004081076,618.6177309609993,0.011647695479645396,0.0,0.0,0.08282439783215523,False,False,
s-003,after_one_actual_history_call,5,50,0,468.66737775799993,0.0,0.0,0.0,872.2462850231677,0.0,468.66737775799993,0.0,0.0,0.0,0.008251108229160309,False,True,
s-003,after_one_actual_history_call,5,50,1,468.66737775799993,0.0,0.0,0.0,872.2462850231677,0.0,468.66737775799993,0.0,0.0,0.0,0.007834792137145996,False,True,
s-003,after_one_actual_history_call,6,50,0,-7687.820719023,8156.488096781,13029.416838239,6679.064728724733,872.2462850231677,8210.874193,523.0534739770001,0.006667832475653704,0.0,0.0,0.07854769378900528,False,False,
s-003,after_one_actual_history_call,6,50,1,-7687.820719023,8156.488096781,13029.416838239,6679.064728724733,872.2462850231677,8210.874193,523.0534739770001,0.006667832475653704,0.0,0.0,0.07877470925450325,False,False,
s-003,after_one_actual_history_call,7,50,0,-32556.583203825998,33025.250581584,50595.763253284,26876.674507775304,872.2462850231677,33519.977459741,963.3942559150018,0.014980261146992732,91.14797089183412,7.003493057320325e-05,0.08112166821956635,False,False,0.08112166821956635
s-003,after_one_actual_history_call,7,50,1,-32556.583203825998,33025.250581584,50595.763253284,26876.674507775304,872.2462850231677,33519.977459741,963.3942559150018,0.014980261146992732,91.14797089183412,7.003493057320325e-05,0.0813569501042366,False,False,0.0813569501042366
s-003,after_one_actual_history_call,8,50,0,872.2462850229995,0.0,0.0,0.0,872.2462850231677,0.0,872.2462850229995,0.0,0.0,0.0,0.007257111370563507,False,True,
s-003,after_one_actual_history_call,8,50,1,872.2462850229995,0.0,0.0,0.0,872.2462850231677,0.0,872.2462850229995,0.0,0.0,0.0,0.007291968911886215,False,True,
s-003,after_one_actual_history_call,9,50,0,-7260.124768836,8132.371053859,11841.172759291,6662.4074537986,872.2462850231677,8186.568341562,926.4435727259997,0.006664389431330912,54.197287702832,4.164331080971783e-05,0.0788143090903759,False,False,0.0788143090903759
s-003,after_one_actual_history_call,9,50,1,-7260.124768836,8132.371053859,11841.172759291,6662.4074537986,872.2462850231677,8186.568341562,926.4435727259997,0.006664389431330912,54.197287702832,4.164331080971783e-05,0.07944117859005928,False,False,0.07944117859005928
s-003,after_one_actual_history_call,10,50,0,-33302.277691657,34174.52397668,43960.712616334,27766.37557877368,872.2462850231677,34837.223283366,1534.9455917090017,0.01939161777756477,662.699306685834,0.0005091950976037618,0.08352634683251381,False,False,0.08352634683251381
s-003,after_one_actual_history_call,10,50,1,-33302.277691657,34174.52397668,43960.712616334,27766.37557877368,872.2462850231677,34837.223283366,1534.9455917090017,0.01939161777756477,662.699306685834,0.0005091950976037618,0.08402341604232788,False,False,0.08402341604232788
s-003,after_one_actual_history_call,0,10,0,-7889.34084541,8078.2090742109995,16286.802873153,7447.84447750303,872.2462850231677,8260.613796286,371.2729508759994,0.022579846646617698,0.0,0.0,0.04461778327822685,False,False,
s-003,after_one_actual_history_call,0,10,1,-7889.34084541,8078.2090742109995,16286.802873153,7447.84447750303,872.2462850231677,8260.613796286,371.2729508759994,0.022579846646617698,0.0,0.0,0.045210689306259155,False,False,
s-003,after_one_actual_history_call,1,10,0,-29832.226144614,30183.039120018002,33216.482696774,20440.33171499561,872.2462850231677,30183.039120018002,350.8129754040019,0.0,0.0,0.0,0.04284754395484924,False,True,
s-003,after_one_actual_history_call,1,10,1,-29832.226144614,30183.039120018002,33216.482696774,20440.33171499561,872.2462850231677,30183.039120018002,350.8129754040019,0.0,0.0,0.0,0.04351982846856117,False,True,
s-003,after_one_actual_history_call,2,10,0,257.079485062,0.0,0.0,0.0,872.2462850231677,0.0,257.079485062,0.0,0.0,0.0,0.007451601326465607,False,True,
s-003,after_one_actual_history_call,2,10,1,257.079485062,0.0,0.0,0.0,872.2462850231677,0.0,257.079485062,0.0,0.0,0.0,0.007468312978744507,False,True,
s-003,after_one_actual_history_call,3,10,0,-7928.154979105001,8185.234464167001,11218.47399556,6359.77893825445,872.2462850231677,8234.723684085,306.568704979999,0.00604615788767584,0.0,0.0,0.04005249962210655,False,False,
s-003,after_one_actual_history_call,3,10,1,-7928.154979105001,8185.234464167001,11218.47399556,6359.77893825445,872.2462850231677,8234.723684085,306.568704979999,0.00604615788767584,0.0,0.0,0.03967256471514702,False,False,
s-003,after_one_actual_history_call,4,10,0,-30782.386350115,31039.465835177,48774.575948944,25496.43304543477,872.2462850231677,31401.004081076,618.6177309609993,0.011647695479645396,0.0,0.0,0.04319426789879799,False,False,
s-003,after_one_actual_history_call,4,10,1,-30782.386350115,31039.465835177,48774.575948944,25496.43304543477,872.2462850231677,31401.004081076,618.6177309609993,0.011647695479645396,0.0,0.0,0.04281087964773178,False,False,
s-003,after_one_actual_history_call,5,10,0,468.66737775799993,0.0,0.0,0.0,872.2462850231677,0.0,468.66737775799993,0.0,0.0,0.0,0.007567755877971649,False,True,
s-003,after_one_actual_history_call,5,10,1,468.66737775799993,0.0,0.0,0.0,872.2462850231677,0.0,468.66737775799993,0.0,0.0,0.0,0.007748719304800034,False,True,
s-003,after_one_actual_history_call,6,10,0,-7687.820719023,8156.488096781,13029.416838239,6679.064728724733,872.2462850231677,8210.874193,523.0534739770001,0.006667832475653704,0.0,0.0,0.041097886860370636,False,False,
s-003,after_one_actual_history_call,6,10,1,-7687.820719023,8156.488096781,13029.416838239,6679.064728724733,872.2462850231677,8210.874193,523.0534739770001,0.006667832475653704,0.0,0.0,0.03985391557216644,False,False,
s-003,after_one_actual_history_call,7,10,0,-32556.583203825998,33025.250581584,50595.763253284,26876.674507775304,872.2462850231677,33519.977459741,963.3942559150018,0.014980261146992732,91.14797089183412,7.003493057320325e-05,0.04337934032082558,False,False,0.04337934032082558
s-003,after_one_actual_history_call,7,10,1,-32556.583203825998,33025.250581584,50595.763253284,26876.674507775304,872.2462850231677,33519.977459741,963.3942559150018,0.014980261146992732,91.14797089183412,7.003493057320325e-05,0.04249141737818718,False,False,0.04249141737818718
s-003,after_one_actual_history_call,8,10,0,872.2462850229995,0.0,0.0,0.0,872.2462850231677,0.0,872.2462850229995,0.0,0.0,0.0,0.008291956037282944,False,True,
s-003,after_one_actual_history_call,8,10,1,872.2462850229995,0.0,0.0,0.0,872.2462850231677,0.0,872.2462850229995,0.0,0.0,0.0,0.007772810757160187,False,True,
s-003,after_one_actual_history_call,9,10,0,-7260.124768836,8132.371053859,11841.172759291,6662.4074537986,872.2462850231677,8186.568341562,926.4435727259997,0.006664389431330912,54.197287702832,4.164331080971783e-05,0.03938792645931244,False,False,0.03938792645931244
s-003,after_one_actual_history_call,9,10,1,-7260.124768836,8132.371053859,11841.172759291,6662.4074537986,872.2462850231677,8186.568341562,926.4435727259997,0.006664389431330912,54.197287702832,4.164331080971783e-05,0.039351653307676315,False,False,0.039351653307676315
s-003,after_one_actual_history_call,10,10,0,-33302.277691657,34174.52397668,43960.712616334,27766.37557877368,872.2462850231677,34837.223283366,1534.9455917090017,0.01939161777756477,662.699306685834,0.0005091950976037618,0.04139532148838043,False,False,0.04139532148838043
s-003,after_one_actual_history_call,10,10,1,-33302.277691657,34174.52397668,43960.712616334,27766.37557877368,872.2462850231677,34837.223283366,1534.9455917090017,0.01939161777756477,662.699306685834,0.0005091950976037618,0.0460207462310791,False,False,0.0460207462310791
s-004,after_common_greedy_prefix,0,200,0,-7995.476486963,7995.476486963,16657.442787887,6956.261878678106,872.2462850231677,8094.156576342,98.68008937900049,0.012341989816354662,0.0,0.0,0.22560878843069077,False,False,
s-004,after_common_greedy_prefix,0,200,1,-7995.476486963,7995.476486963,16657.442787887,6956.261878678106,872.2462850231677,8094.156576342,98.68008937900049,0.012341989816354662,0.0,0.0,0.22614041715860367,False,False,
s-004,after_common_greedy_prefix,0,1000,0,-7995.476486963,7995.476486963,16657.442787887,6956.261878678106,872.2462850231677,8094.156576342,98.68008937900049,0.012341989816354662,0.0,0.0,1.0266077667474747,False,False,
s-004,after_common_greedy_prefix,0,1000,1,-7995.476486963,7995.476486963,16657.442787887,6956.261878678106,872.2462850231677,8094.156576342,98.68008937900049,0.012341989816354662,0.0,0.0,1.0261206738650799,False,False,
s-004,after_common_greedy_prefix,1,200,0,-30668.530360345,30668.530360345,52502.388031863,26301.380877107433,872.2462850231677,31124.02719063,455.4968302849993,0.014852254898851152,0.0,0.0,0.22699355334043503,False,False,
s-004,after_common_greedy_prefix,1,200,1,-30668.530360345,30668.530360345,52502.388031863,26301.380877107433,872.2462850231677,31124.02719063,455.4968302849993,0.014852254898851152,0.0,0.0,0.22699666768312454,False,False,
s-004,after_common_greedy_prefix,1,1000,0,-30668.530360345,30668.530360345,52502.388031863,26301.380877107433,872.2462850231677,31124.02719063,455.4968302849993,0.014852254898851152,0.0,0.0,1.027858592569828,False,False,
s-004,after_common_greedy_prefix,1,1000,1,-30668.530360345,30668.530360345,52502.388031863,26301.380877107433,872.2462850231677,31124.02719063,455.4968302849993,0.014852254898851152,0.0,0.0,1.0307818502187729,False,False,
s-004,after_common_greedy_prefix,2,200,0,257.079485062,0.0,0.0,0.0,872.2462850231677,0.0,257.079485062,0.0,0.0,0.0,0.009157191962003708,False,True,
s-004,after_common_greedy_prefix,2,200,1,257.079485062,0.0,0.0,0.0,872.2462850231677,0.0,257.079485062,0.0,0.0,0.0,0.007932275533676147,False,True,
s-004,after_common_greedy_prefix,2,1000,0,257.079485062,0.0,0.0,0.0,872.2462850231677,0.0,257.079485062,0.0,0.0,0.0,0.01129692792892456,False,True,
s-004,after_common_greedy_prefix,2,1000,1,257.079485062,0.0,0.0,0.0,872.2462850231677,0.0,257.079485062,0.0,0.0,0.0,0.008436843752861023,False,True,
s-004,after_common_greedy_prefix,3,200,0,-7286.243433473,7543.322918535,11135.083838352,5963.414681506717,872.2462850231677,7600.118134364,313.87470089100043,0.007529203832630071,0.0,0.0,0.23728198930621147,False,False,
s-004,after_common_greedy_prefix,3,200,1,-7286.243433473,7543.322918535,11135.083838352,5963.414681506717,872.2462850231677,7600.118134364,313.87470089100043,0.007529203832630071,0.0,0.0,0.2418307065963745,False,False,
s-004,after_common_greedy_prefix,3,1000,0,-7286.243433473,7543.322918535,11135.083838352,5963.414681506717,872.2462850231677,7600.118134364,313.87470089100043,0.007529203832630071,0.0,0.0,1.037991687655449,False,False,
s-004,after_common_greedy_prefix,3,1000,1,-7286.243433473,7543.322918535,11135.083838352,5963.414681506717,872.2462850231677,7600.118134364,313.87470089100043,0.007529203832630071,0.0,0.0,1.046491350978613,False,False,
s-004,after_common_greedy_prefix,4,200,0,-30782.386350115,31039.465835177,48774.575948944,25496.43304543477,872.2462850231677,31401.004081076,618.6177309609993,0.011647695479645396,0.0,0.0,0.23702188953757286,False,False,
s-004,after_common_greedy_prefix,4,200,1,-30782.386350115,31039.465835177,48774.575948944,25496.43304543477,872.2462850231677,31401.004081076,618.6177309609993,0.011647695479645396,0.0,0.0,0.2296488843858242,False,False,
s-004,after_common_greedy_prefix,4,1000,0,-30782.386350115,31039.465835177,48774.575948944,25496.43304543477,872.2462850231677,31401.004081076,618.6177309609993,0.011647695479645396,0.0,0.0,1.039912711828947,False,False,
s-004,after_common_greedy_prefix,4,1000,1,-30782.386350115,31039.465835177,48774.575948944,25496.43304543477,872.2462850231677,31401.004081076,618.6177309609993,0.011647695479645396,0.0,0.0,1.0424272678792477,False,False,
s-004,after_common_greedy_prefix,5,200,0,468.66737775799993,0.0,0.0,0.0,872.2462850231677,0.0,468.66737775799993,0.0,0.0,0.0,0.008126620203256607,False,True,
s-004,after_common_greedy_prefix,5,200,1,468.66737775799993,0.0,0.0,0.0,872.2462850231677,0.0,468.66737775799993,0.0,0.0,0.0,0.010946378111839294,False,True,
s-004,after_common_greedy_prefix,5,1000,0,468.66737775799993,0.0,0.0,0.0,872.2462850231677,0.0,468.66737775799993,0.0,0.0,0.0,0.01254911720752716,False,True,
s-004,after_common_greedy_prefix,5,1000,1,468.66737775799993,0.0,0.0,0.0,872.2462850231677,0.0,468.66737775799993,0.0,0.0,0.0,0.01141107827425003,False,True,
s-004,after_common_greedy_prefix,6,200,0,-7746.532365303,8215.199743061,12378.460757706,6742.6578054214,872.2462850231677,8262.091034853,515.5586695499996,0.0057078699555182105,0.0,0.0,0.22789736837148666,False,False,
s-004,after_common_greedy_prefix,6,200,1,-7746.532365303,8215.199743061,12378.460757706,6742.6578054214,872.2462850231677,8262.091034853,515.5586695499996,0.0057078699555182105,0.0,0.0,0.23749276623129845,False,False,
s-004,after_common_greedy_prefix,6,1000,0,-7746.532365303,8215.199743061,12378.460757706,6742.6578054214,872.2462850231677,8262.091034853,515.5586695499996,0.0057078699555182105,0.0,0.0,1.0302913449704647,False,False,
s-004,after_common_greedy_prefix,6,1000,1,-7746.532365303,8215.199743061,12378.460757706,6742.6578054214,872.2462850231677,8262.091034853,515.5586695499996,0.0057078699555182105,0.0,0.0,1.027329295873642,False,False,
s-004,after_common_greedy_prefix,7,200,0,-32938.401394733,33407.068772491,51006.775554761,27341.442898155656,872.2462850231677,33901.795650648,963.3942559149946,0.014809047795428755,91.14797089182684,7.003493057319767e-05,0.2295612283051014,False,False,0.2295612283051014
s-004,after_common_greedy_prefix,7,200,1,-32938.401394733,33407.068772491,51006.775554761,27341.442898155656,872.2462850231677,33901.795650648,963.3942559149946,0.014809047795428755,91.14797089182684,7.003493057319767e-05,0.22754312306642532,False,False,0.22754312306642532
s-004,after_common_greedy_prefix,7,1000,0,-32938.401394733,33407.068772491,51006.775554761,27341.442898155656,872.2462850231677,33901.795650648,963.3942559149946,0.014809047795428755,91.14797089182684,7.003493057319767e-05,1.035532221198082,False,False,1.035532221198082
s-004,after_common_greedy_prefix,7,1000,1,-32938.401394733,33407.068772491,51006.775554761,27341.442898155656,872.2462850231677,33901.795650648,963.3942559149946,0.014809047795428755,91.14797089182684,7.003493057319767e-05,1.0527735389769077,False,False,1.0527735389769077
s-004,after_common_greedy_prefix,8,200,0,872.2462850229995,0.0,0.0,0.0,872.2462850231677,0.0,872.2462850229995,0.0,0.0,0.0,0.01366066187620163,False,True,
s-004,after_common_greedy_prefix,8,200,1,872.2462850229995,0.0,0.0,0.0,872.2462850231677,0.0,872.2462850229995,0.0,0.0,0.0,0.017161991447210312,False,True,
s-004,after_common_greedy_prefix,8,1000,0,872.2462850229995,0.0,0.0,0.0,872.2462850231677,0.0,872.2462850229995,0.0,0.0,0.0,0.013166967779397964,False,True,
s-004,after_common_greedy_prefix,8,1000,1,872.2462850229995,0.0,0.0,0.0,872.2462850231677,0.0,872.2462850229995,0.0,0.0,0.0,0.00869661569595337,False,True,
s-004,after_common_greedy_prefix,9,200,0,-7558.178874979001,8430.425160002,12080.041545168,6933.536084970467,872.2462850231677,8484.622447705,926.4435727259988,0.00642877276938989,54.19728770283109,4.164331080971713e-05,0.23636506125330925,False,False,0.23636506125330925
s-004,after_common_greedy_prefix,9,200,1,-7558.178874979001,8430.425160002,12080.041545168,6933.536084970467,872.2462850231677,8484.622447705,926.4435727259988,0.00642877276938989,54.19728770283109,4.164331080971713e-05,0.23782237991690636,False,False,0.23782237991690636
s-004,after_common_greedy_prefix,9,1000,0,-7558.178874979001,8430.425160002,12080.041545168,6933.536084970467,872.2462850231677,8484.622447705,926.4435727259988,0.00642877276938989,54.19728770283109,4.164331080971713e-05,1.0426611453294754,False,False,1.0426611453294754
s-004,after_common_greedy_prefix,9,1000,1,-7558.178874979001,8430.425160002,12080.041545168,6933.536084970467,872.2462850231677,8484.622447705,926.4435727259988,0.00642877276938989,54.19728770283109,4.164331080971713e-05,1.0438244380056858,False,False,1.0438244380056858
s-004,after_common_greedy_prefix,10,200,0,-33039.404012117,33911.65029714,44860.37334298,27724.750698775722,872.2462850231677,34554.511873502,1515.107861385004,0.01895695345785695,642.8615763618363,0.0004939524756081517,0.25006747618317604,False,False,0.25006747618317604
s-004,after_common_greedy_prefix,10,200,1,-33039.404012117,33911.65029714,44860.37334298,27724.750698775722,872.2462850231677,34554.511873502,1515.107861385004,0.01895695345785695,642.8615763618363,0.0004939524756081517,0.230308149009943,False,False,0.230308149009943
s-004,after_common_greedy_prefix,10,1000,0,-33039.404012117,33911.65029714,44860.37334298,27724.750698775722,872.2462850231677,34554.511873502,1515.107861385004,0.01895695345785695,642.8615763618363,0.0004939524756081517,1.04344542324543,False,False,1.04344542324543
s-004,after_common_greedy_prefix,10,1000,1,-33039.404012117,33911.65029714,44860.37334298,27724.750698775722,872.2462850231677,34554.511873502,1515.107861385004,0.01895695345785695,642.8615763618363,0.0004939524756081517,1.0368659049272537,False,False,1.0368659049272537
s-004,after_common_greedy_prefix,0,50,0,-7995.476486963,7995.476486963,16657.442787887,6956.261878678106,872.2462850231677,8094.156576342,98.68008937900049,0.012341989816354662,0.0,0.0,0.08347656577825546,False,False,
s-004,after_common_greedy_prefix,0,50,1,-7995.476486963,7995.476486963,16657.442787887,6956.261878678106,872.2462850231677,8094.156576342,98.68008937900049,0.012341989816354662,0.0,0.0,0.08238006755709648,False,False,
s-004,after_common_greedy_prefix,1,50,0,-30668.530360345,30668.530360345,52502.388031863,26301.380877107433,872.2462850231677,31124.02719063,455.4968302849993,0.014852254898851152,0.0,0.0,0.08148340508341789,False,False,
s-004,after_common_greedy_prefix,1,50,1,-30668.530360345,30668.530360345,52502.388031863,26301.380877107433,872.2462850231677,31124.02719063,455.4968302849993,0.014852254898851152,0.0,0.0,0.0813477411866188,False,False,
s-004,after_common_greedy_prefix,2,50,0,257.079485062,0.0,0.0,0.0,872.2462850231677,0.0,257.079485062,0.0,0.0,0.0,0.007575683295726776,False,True,
s-004,after_common_greedy_prefix,2,50,1,257.079485062,0.0,0.0,0.0,872.2462850231677,0.0,257.079485062,0.0,0.0,0.0,0.007762189954519272,False,True,
s-004,after_common_greedy_prefix,3,50,0,-7286.243433473,7543.322918535,11135.083838352,5963.414681506717,872.2462850231677,7600.118134364,313.87470089100043,0.007529203832630071,0.0,0.0,0.08206802606582642,False,False,
s-004,after_common_greedy_prefix,3,50,1,-7286.243433473,7543.322918535,11135.083838352,5963.414681506717,872.2462850231677,7600.118134364,313.87470089100043,0.007529203832630071,0.0,0.0,0.08041200414299965,False,False,
s-004,after_common_greedy_prefix,4,50,0,-30782.386350115,31039.465835177,48774.575948944,25496.43304543477,872.2462850231677,31401.004081076,618.6177309609993,0.011647695479645396,0.0,0.0,0.08230805024504662,False,False,
s-004,after_common_greedy_prefix,4,50,1,-30782.386350115,31039.465835177,48774.575948944,25496.43304543477,872.2462850231677,31401.004081076,618.6177309609993,0.011647695479645396,0.0,0.0,0.08233564719557762,False,False,
s-004,after_common_greedy_prefix,5,50,0,468.66737775799993,0.0,0.0,0.0,872.2462850231677,0.0,468.66737775799993,0.0,0.0,0.0,0.00736980140209198,False,True,
s-004,after_common_greedy_prefix,5,50,1,468.66737775799993,0.0,0.0,0.0,872.2462850231677,0.0,468.66737775799993,0.0,0.0,0.0,0.007085278630256653,False,True,
s-004,after_common_greedy_prefix,6,50,0,-7746.532365303,8215.199743061,12378.460757706,6742.6578054214,872.2462850231677,8262.091034853,515.5586695499996,0.0057078699555182105,0.0,0.0,0.08020088076591492,False,False,
s-004,after_common_greedy_prefix,6,50,1,-7746.532365303,8215.199743061,12378.460757706,6742.6578054214,872.2462850231677,8262.091034853,515.5586695499996,0.0057078699555182105,0.0,0.0,0.08003325387835503,False,False,
s-004,after_common_greedy_prefix,7,50,0,-32938.401394733,33407.068772491,51006.775554761,27341.442898155656,872.2462850231677,33901.795650648,963.3942559149946,0.014809047795428755,91.14797089182684,7.003493057319767e-05,0.08265189826488495,False,False,0.08265189826488495
s-004,after_common_greedy_prefix,7,50,1,-32938.401394733,33407.068772491,51006.775554761,27341.442898155656,872.2462850231677,33901.795650648,963.3942559149946,0.014809047795428755,91.14797089182684,7.003493057319767e-05,0.08210974186658859,False,False,0.08210974186658859
s-004,after_common_greedy_prefix,8,50,0,872.2462850229995,0.0,0.0,0.0,872.2462850231677,0.0,872.2462850229995,0.0,0.0,0.0,0.007203537970781326,False,True,
s-004,after_common_greedy_prefix,8,50,1,872.2462850229995,0.0,0.0,0.0,872.2462850231677,0.0,872.2462850229995,0.0,0.0,0.0,0.007190179079771042,False,True,
s-004,after_common_greedy_prefix,9,50,0,-7558.178874979001,8430.425160002,12080.041545168,6933.536084970467,872.2462850231677,8484.622447705,926.4435727259988,0.00642877276938989,54.19728770283109,4.164331080971713e-05,0.08193196728825569,False,False,0.08193196728825569
s-004,after_common_greedy_prefix,9,50,1,-7558.178874979001,8430.425160002,12080.041545168,6933.536084970467,872.2462850231677,8484.622447705,926.4435727259988,0.00642877276938989,54.19728770283109,4.164331080971713e-05,0.08092914521694183,False,False,0.08092914521694183
s-004,after_common_greedy_prefix,10,50,0,-33039.404012117,33911.65029714,44860.37334298,27724.750698775722,872.2462850231677,34554.511873502,1515.107861385004,0.01895695345785695,642.8615763618363,0.0004939524756081517,0.09542528539896011,False,False,0.09542528539896011
s-004,after_common_greedy_prefix,10,50,1,-33039.404012117,33911.65029714,44860.37334298,27724.750698775722,872.2462850231677,34554.511873502,1515.107861385004,0.01895695345785695,642.8615763618363,0.0004939524756081517,0.08435599505901337,False,False,0.08435599505901337
s-004,after_common_greedy_prefix,0,10,0,-7995.476486963,7995.476486963,16657.442787887,6956.261878678106,872.2462850231677,8094.156576342,98.68008937900049,0.012341989816354662,0.0,0.0,0.042683977633714676,False,False,
s-004,after_common_greedy_prefix,0,10,1,-7995.476486963,7995.476486963,16657.442787887,6956.261878678106,872.2462850231677,8094.156576342,98.68008937900049,0.012341989816354662,0.0,0.0,0.041387081146240234,False,False,
s-004,after_common_greedy_prefix,1,10,0,-30668.530360345,30668.530360345,52502.388031863,26301.380877107433,872.2462850231677,31124.02719063,455.4968302849993,0.014852254898851152,0.0,0.0,0.04268578439950943,False,False,
s-004,after_common_greedy_prefix,1,10,1,-30668.530360345,30668.530360345,52502.388031863,26301.380877107433,872.2462850231677,31124.02719063,455.4968302849993,0.014852254898851152,0.0,0.0,0.041735101491212845,False,False,
s-004,after_common_greedy_prefix,2,10,0,257.079485062,0.0,0.0,0.0,872.2462850231677,0.0,257.079485062,0.0,0.0,0.0,0.008328162133693695,False,True,
s-004,after_common_greedy_prefix,2,10,1,257.079485062,0.0,0.0,0.0,872.2462850231677,0.0,257.079485062,0.0,0.0,0.0,0.008052363991737366,False,True,
s-004,after_common_greedy_prefix,3,10,0,-7286.243433473,7543.322918535,11135.083838352,5963.414681506717,872.2462850231677,7600.118134364,313.87470089100043,0.007529203832630071,0.0,0.0,0.04033816233277321,False,False,
s-004,after_common_greedy_prefix,3,10,1,-7286.243433473,7543.322918535,11135.083838352,5963.414681506717,872.2462850231677,7600.118134364,313.87470089100043,0.007529203832630071,0.0,0.0,0.04165595397353172,False,False,
s-004,after_common_greedy_prefix,4,10,0,-30782.386350115,31039.465835177,48774.575948944,25496.43304543477,872.2462850231677,31401.004081076,618.6177309609993,0.011647695479645396,0.0,0.0,0.0423731692135334,False,False,
s-004,after_common_greedy_prefix,4,10,1,-30782.386350115,31039.465835177,48774.575948944,25496.43304543477,872.2462850231677,31401.004081076,618.6177309609993,0.011647695479645396,0.0,0.0,0.04529964178800583,False,False,
s-004,after_common_greedy_prefix,5,10,0,468.66737775799993,0.0,0.0,0.0,872.2462850231677,0.0,468.66737775799993,0.0,0.0,0.0,0.008027270436286926,False,True,
s-004,after_common_greedy_prefix,5,10,1,468.66737775799993,0.0,0.0,0.0,872.2462850231677,0.0,468.66737775799993,0.0,0.0,0.0,0.007537223398685455,False,True,
s-004,after_common_greedy_prefix,6,10,0,-7746.532365303,8215.199743061,12378.460757706,6742.6578054214,872.2462850231677,8262.091034853,515.5586695499996,0.0057078699555182105,0.0,0.0,0.041757989674806595,False,False,
s-004,after_common_greedy_prefix,6,10,1,-7746.532365303,8215.199743061,12378.460757706,6742.6578054214,872.2462850231677,8262.091034853,515.5586695499996,0.0057078699555182105,0.0,0.0,0.04006945714354515,False,False,
s-004,after_common_greedy_prefix,7,10,0,-32938.401394733,33407.068772491,51006.775554761,27341.442898155656,872.2462850231677,33901.795650648,963.3942559149946,0.014809047795428755,91.14797089182684,7.003493057319767e-05,0.043968889862298965,False,False,0.043968889862298965
s-004,after_common_greedy_prefix,7,10,1,-32938.401394733,33407.068772491,51006.775554761,27341.442898155656,872.2462850231677,33901.795650648,963.3942559149946,0.014809047795428755,91.14797089182684,7.003493057319767e-05,0.045034024864435196,False,False,0.045034024864435196
s-004,after_common_greedy_prefix,8,10,0,872.2462850229995,0.0,0.0,0.0,872.2462850231677,0.0,872.2462850229995,0.0,0.0,0.0,0.008311286568641663,False,True,
s-004,after_common_greedy_prefix,8,10,1,872.2462850229995,0.0,0.0,0.0,872.2462850231677,0.0,872.2462850229995,0.0,0.0,0.0,0.007689129561185837,False,True,
s-004,after_common_greedy_prefix,9,10,0,-7558.178874979001,8430.425160002,12080.041545168,6933.536084970467,872.2462850231677,8484.622447705,926.4435727259988,0.00642877276938989,54.19728770283109,4.164331080971713e-05,0.03969384357333183,False,False,0.03969384357333183
s-004,after_common_greedy_prefix,9,10,1,-7558.178874979001,8430.425160002,12080.041545168,6933.536084970467,872.2462850231677,8484.622447705,926.4435727259988,0.00642877276938989,54.19728770283109,4.164331080971713e-05,0.04128463566303253,False,False,0.04128463566303253
s-004,after_common_greedy_prefix,10,10,0,-33039.404012117,33911.65029714,44860.37334298,27724.750698775722,872.2462850231677,34554.511873502,1515.107861385004,0.01895695345785695,642.8615763618363,0.0004939524756081517,0.044904675334692,False,False,0.044904675334692
s-004,after_common_greedy_prefix,10,10,1,-33039.404012117,33911.65029714,44860.37334298,27724.750698775722,872.2462850231677,34554.511873502,1515.107861385004,0.01895695345785695,642.8615763618363,0.0004939524756081517,0.04540453478693962,False,False,0.04540453478693962
s-005,after_one_actual_history_call,0,200,0,-7995.476486963,7995.476486963,16657.442787887,6956.261878678106,872.2462850231677,8094.156576342,98.68008937900049,0.012341989816354662,0.0,0.0,0.2364070676267147,False,False,
s-005,after_one_actual_history_call,0,200,1,-7995.476486963,7995.476486963,16657.442787887,6956.261878678106,872.2462850231677,8094.156576342,98.68008937900049,0.012341989816354662,0.0,0.0,0.23097237199544907,False,False,
s-005,after_one_actual_history_call,0,1000,0,-7995.476486963,7995.476486963,16657.442787887,6956.261878678106,872.2462850231677,8094.156576342,98.68008937900049,0.012341989816354662,0.0,0.0,1.032924834638834,False,False,
s-005,after_one_actual_history_call,0,1000,1,-7995.476486963,7995.476486963,16657.442787887,6956.261878678106,872.2462850231677,8094.156576342,98.68008937900049,0.012341989816354662,0.0,0.0,1.0284820906817913,False,False,
s-005,after_one_actual_history_call,1,200,0,-30668.530360345,30668.530360345,52502.388031863,26301.380877107433,872.2462850231677,31124.02719063,455.4968302849993,0.014852254898851152,0.0,0.0,0.22975846379995346,False,False,
s-005,after_one_actual_history_call,1,200,1,-30668.530360345,30668.530360345,52502.388031863,26301.380877107433,872.2462850231677,31124.02719063,455.4968302849993,0.014852254898851152,0.0,0.0,0.23565256968140602,False,False,
s-005,after_one_actual_history_call,1,1000,0,-30668.530360345,30668.530360345,52502.388031863,26301.380877107433,872.2462850231677,31124.02719063,455.4968302849993,0.014852254898851152,0.0,0.0,1.0333413444459438,False,False,
s-005,after_one_actual_history_call,1,1000,1,-30668.530360345,30668.530360345,52502.388031863,26301.380877107433,872.2462850231677,31124.02719063,455.4968302849993,0.014852254898851152,0.0,0.0,1.028179369866848,False,False,
s-005,after_one_actual_history_call,2,200,0,257.079485062,0.0,0.0,0.0,872.2462850231677,0.0,257.079485062,0.0,0.0,0.0,0.0047128163278102875,False,True,
s-005,after_one_actual_history_call,2,200,1,257.079485062,0.0,0.0,0.0,872.2462850231677,0.0,257.079485062,0.0,0.0,0.0,0.004663687199354172,False,True,
s-005,after_one_actual_history_call,2,1000,0,257.079485062,0.0,0.0,0.0,872.2462850231677,0.0,257.079485062,0.0,0.0,0.0,0.007196482270956039,False,True,
s-005,after_one_actual_history_call,2,1000,1,257.079485062,0.0,0.0,0.0,872.2462850231677,0.0,257.079485062,0.0,0.0,0.0,0.007213138043880463,False,True,
s-005,after_one_actual_history_call,3,200,0,-7286.243433473,7543.322918535,11135.083838352,5963.414681506717,872.2462850231677,7600.118134364,313.87470089100043,0.007529203832630071,0.0,0.0,0.2255808636546135,False,False,
s-005,after_one_actual_history_call,3,200,1,-7286.243433473,7543.322918535,11135.083838352,5963.414681506717,872.2462850231677,7600.118134364,313.87470089100043,0.007529203832630071,0.0,0.0,0.22514597699046135,False,False,
s-005,after_one_actual_history_call,3,1000,0,-7286.243433473,7543.322918535,11135.083838352,5963.414681506717,872.2462850231677,7600.118134364,313.87470089100043,0.007529203832630071,0.0,0.0,1.0263925045728683,False,False,
s-005,after_one_actual_history_call,3,1000,1,-7286.243433473,7543.322918535,11135.083838352,5963.414681506717,872.2462850231677,7600.118134364,313.87470089100043,0.007529203832630071,0.0,0.0,1.0314876101911068,False,False,
s-005,after_one_actual_history_call,4,200,0,-30782.386350115,31039.465835177,48774.575948944,25496.43304543477,872.2462850231677,31401.004081076,618.6177309609993,0.011647695479645396,0.0,0.0,0.24248038604855537,False,False,
s-005,after_one_actual_history_call,4,200,1,-30782.386350115,31039.465835177,48774.575948944,25496.43304543477,872.2462850231677,31401.004081076,618.6177309609993,0.011647695479645396,0.0,0.0,0.24092721939086914,False,False,
s-005,after_one_actual_history_call,4,1000,0,-30782.386350115,31039.465835177,48774.575948944,25496.43304543477,872.2462850231677,31401.004081076,618.6177309609993,0.011647695479645396,0.0,0.0,1.0314908921718597,False,False,
s-005,after_one_actual_history_call,4,1000,1,-30782.386350115,31039.465835177,48774.575948944,25496.43304543477,872.2462850231677,31401.004081076,618.6177309609993,0.011647695479645396,0.0,0.0,1.032997254282236,False,False,
s-005,after_one_actual_history_call,5,200,0,468.66737775799993,0.0,0.0,0.0,872.2462850231677,0.0,468.66737775799993,0.0,0.0,0.0,0.008787810802459717,False,True,
s-005,after_one_actual_history_call,5,200,1,468.66737775799993,0.0,0.0,0.0,872.2462850231677,0.0,468.66737775799993,0.0,0.0,0.0,0.009699057787656784,False,True,
s-005,after_one_actual_history_call,5,1000,0,468.66737775799993,0.0,0.0,0.0,872.2462850231677,0.0,468.66737775799993,0.0,0.0,0.0,0.010987456887960434,False,True,
s-005,after_one_actual_history_call,5,1000,1,468.66737775799993,0.0,0.0,0.0,872.2462850231677,0.0,468.66737775799993,0.0,0.0,0.0,0.008071821182966232,False,True,
s-005,after_one_actual_history_call,6,200,0,-7746.532365303,8215.199743061,12378.460757706,6742.6578054214,872.2462850231677,8262.091034853,515.5586695499996,0.0057078699555182105,0.0,0.0,0.22551176697015762,False,False,
s-005,after_one_actual_history_call,6,200,1,-7746.532365303,8215.199743061,12378.460757706,6742.6578054214,872.2462850231677,8262.091034853,515.5586695499996,0.0057078699555182105,0.0,0.0,0.2321743182837963,False,False,
s-005,after_one_actual_history_call,6,1000,0,-7746.532365303,8215.199743061,12378.460757706,6742.6578054214,872.2462850231677,8262.091034853,515.5586695499996,0.0057078699555182105,0.0,0.0,1.0298617258667946,False,False,
s-005,after_one_actual_history_call,6,1000,1,-7746.532365303,8215.199743061,12378.460757706,6742.6578054214,872.2462850231677,8262.091034853,515.5586695499996,0.0057078699555182105,0.0,0.0,1.0255588293075562,False,False,
s-005,after_one_actual_history_call,7,200,0,-32938.401394733,33407.068772491,51006.775554761,27341.442898155656,872.2462850231677,33901.795650648,963.3942559149946,0.014809047795428755,91.14797089182684,7.003493057319767e-05,0.23123272135853767,False,False,0.23123272135853767
s-005,after_one_actual_history_call,7,200,1,-32938.401394733,33407.068772491,51006.775554761,27341.442898155656,872.2462850231677,33901.795650648,963.3942559149946,0.014809047795428755,91.14797089182684,7.003493057319767e-05,0.23643603920936584,False,False,0.23643603920936584
s-005,after_one_actual_history_call,7,1000,0,-32938.401394733,33407.068772491,51006.775554761,27341.442898155656,872.2462850231677,33901.795650648,963.3942559149946,0.014809047795428755,91.14797089182684,7.003493057319767e-05,1.0352065227925777,False,False,1.0352065227925777
s-005,after_one_actual_history_call,7,1000,1,-32938.401394733,33407.068772491,51006.775554761,27341.442898155656,872.2462850231677,33901.795650648,963.3942559149946,0.014809047795428755,91.14797089182684,7.003493057319767e-05,1.0282532572746277,False,False,1.0282532572746277
s-005,after_one_actual_history_call,8,200,0,872.2462850229995,0.0,0.0,0.0,872.2462850231677,0.0,872.2462850229995,0.0,0.0,0.0,0.009619276970624924,False,True,
s-005,after_one_actual_history_call,8,200,1,872.2462850229995,0.0,0.0,0.0,872.2462850231677,0.0,872.2462850229995,0.0,0.0,0.0,0.008346382528543472,False,True,
s-005,after_one_actual_history_call,8,1000,0,872.2462850229995,0.0,0.0,0.0,872.2462850231677,0.0,872.2462850229995,0.0,0.0,0.0,0.0073850154876708984,False,True,
s-005,after_one_actual_history_call,8,1000,1,872.2462850229995,0.0,0.0,0.0,872.2462850231677,0.0,872.2462850229995,0.0,0.0,0.0,0.0071627236902713776,False,True,
s-005,after_one_actual_history_call,9,200,0,-7558.178874979001,8430.425160002,12080.041545168,6933.536084970467,872.2462850231677,8484.622447705,926.4435727259988,0.00642877276938989,54.19728770283109,4.164331080971713e-05,0.22475973889231682,False,False,0.22475973889231682
s-005,after_one_actual_history_call,9,200,1,-7558.178874979001,8430.425160002,12080.041545168,6933.536084970467,872.2462850231677,8484.622447705,926.4435727259988,0.00642877276938989,54.19728770283109,4.164331080971713e-05,0.2251286692917347,False,False,0.2251286692917347
s-005,after_one_actual_history_call,9,1000,0,-7558.178874979001,8430.425160002,12080.041545168,6933.536084970467,872.2462850231677,8484.622447705,926.4435727259988,0.00642877276938989,54.19728770283109,4.164331080971713e-05,1.027703631669283,False,False,1.027703631669283
s-005,after_one_actual_history_call,9,1000,1,-7558.178874979001,8430.425160002,12080.041545168,6933.536084970467,872.2462850231677,8484.622447705,926.4435727259988,0.00642877276938989,54.19728770283109,4.164331080971713e-05,1.0355517081916332,False,False,1.0355517081916332
s-005,after_one_actual_history_call,10,200,0,-33039.404012117,33911.65029714,44860.37334298,27724.750698775722,872.2462850231677,34554.511873502,1515.107861385004,0.01895695345785695,642.8615763618363,0.0004939524756081517,0.2375396005809307,False,False,0.2375396005809307
s-005,after_one_actual_history_call,10,200,1,-33039.404012117,33911.65029714,44860.37334298,27724.750698775722,872.2462850231677,34554.511873502,1515.107861385004,0.01895695345785695,642.8615763618363,0.0004939524756081517,0.2276608608663082,False,False,0.2276608608663082
s-005,after_one_actual_history_call,10,1000,0,-33039.404012117,33911.65029714,44860.37334298,27724.750698775722,872.2462850231677,34554.511873502,1515.107861385004,0.01895695345785695,642.8615763618363,0.0004939524756081517,1.0303372628986835,False,False,1.0303372628986835
s-005,after_one_actual_history_call,10,1000,1,-33039.404012117,33911.65029714,44860.37334298,27724.750698775722,872.2462850231677,34554.511873502,1515.107861385004,0.01895695345785695,642.8615763618363,0.0004939524756081517,1.0297510996460915,False,False,1.0297510996460915
s-005,after_one_actual_history_call,0,50,0,-7995.476486963,7995.476486963,16657.442787887,6956.261878678106,872.2462850231677,8094.156576342,98.68008937900049,0.012341989816354662,0.0,0.0,0.0823298953473568,False,False,
s-005,after_one_actual_history_call,0,50,1,-7995.476486963,7995.476486963,16657.442787887,6956.261878678106,872.2462850231677,8094.156576342,98.68008937900049,0.012341989816354662,0.0,0.0,0.08226054534316063,False,False,
s-005,after_one_actual_history_call,1,50,0,-30668.530360345,30668.530360345,52502.388031863,26301.380877107433,872.2462850231677,31124.02719063,455.4968302849993,0.014852254898851152,0.0,0.0,0.08353769779205322,False,False,
s-005,after_one_actual_history_call,1,50,1,-30668.530360345,30668.530360345,52502.388031863,26301.380877107433,872.2462850231677,31124.02719063,455.4968302849993,0.014852254898851152,0.0,0.0,0.08140957728028297,False,False,
s-005,after_one_actual_history_call,2,50,0,257.079485062,0.0,0.0,0.0,872.2462850231677,0.0,257.079485062,0.0,0.0,0.0,0.007203970104455948,False,True,
s-005,after_one_actual_history_call,2,50,1,257.079485062,0.0,0.0,0.0,872.2462850231677,0.0,257.079485062,0.0,0.0,0.0,0.0071566663682460785,False,True,
s-005,after_one_actual_history_call,3,50,0,-7286.243433473,7543.322918535,11135.083838352,5963.414681506717,872.2462850231677,7600.118134364,313.87470089100043,0.007529203832630071,0.0,0.0,0.08071879670023918,False,False,
s-005,after_one_actual_history_call,3,50,1,-7286.243433473,7543.322918535,11135.083838352,5963.414681506717,872.2462850231677,7600.118134364,313.87470089100043,0.007529203832630071,0.0,0.0,0.08103733882308006,False,False,
s-005,after_one_actual_history_call,4,50,0,-30782.386350115,31039.465835177,48774.575948944,25496.43304543477,872.2462850231677,31401.004081076,618.6177309609993,0.011647695479645396,0.0,0.0,0.08298087120056152,False,False,
s-005,after_one_actual_history_call,4,50,1,-30782.386350115,31039.465835177,48774.575948944,25496.43304543477,872.2462850231677,31401.004081076,618.6177309609993,0.011647695479645396,0.0,0.0,0.08312593773007393,False,False,
s-005,after_one_actual_history_call,5,50,0,468.66737775799993,0.0,0.0,0.0,872.2462850231677,0.0,468.66737775799993,0.0,0.0,0.0,0.007231611758470535,False,True,
s-005,after_one_actual_history_call,5,50,1,468.66737775799993,0.0,0.0,0.0,872.2462850231677,0.0,468.66737775799993,0.0,0.0,0.0,0.007166001945734024,False,True,
s-005,after_one_actual_history_call,6,50,0,-7746.532365303,8215.199743061,12378.460757706,6742.6578054214,872.2462850231677,8262.091034853,515.5586695499996,0.0057078699555182105,0.0,0.0,0.0792836919426918,False,False,
s-005,after_one_actual_history_call,6,50,1,-7746.532365303,8215.199743061,12378.460757706,6742.6578054214,872.2462850231677,8262.091034853,515.5586695499996,0.0057078699555182105,0.0,0.0,0.08071215823292732,False,False,
s-005,after_one_actual_history_call,7,50,0,-32938.401394733,33407.068772491,51006.775554761,27341.442898155656,872.2462850231677,33901.795650648,963.3942559149946,0.014809047795428755,91.14797089182684,7.003493057319767e-05,0.08338268101215363,False,False,0.08338268101215363
s-005,after_one_actual_history_call,7,50,1,-32938.401394733,33407.068772491,51006.775554761,27341.442898155656,872.2462850231677,33901.795650648,963.3942559149946,0.014809047795428755,91.14797089182684,7.003493057319767e-05,0.08295685797929764,False,False,0.08295685797929764
s-005,after_one_actual_history_call,8,50,0,872.2462850229995,0.0,0.0,0.0,872.2462850231677,0.0,872.2462850229995,0.0,0.0,0.0,0.007549051195383072,False,True,
s-005,after_one_actual_history_call,8,50,1,872.2462850229995,0.0,0.0,0.0,872.2462850231677,0.0,872.2462850229995,0.0,0.0,0.0,0.007507249712944031,False,True,
s-005,after_one_actual_history_call,9,50,0,-7558.178874979001,8430.425160002,12080.041545168,6933.536084970467,872.2462850231677,8484.622447705,926.4435727259988,0.00642877276938989,54.19728770283109,4.164331080971713e-05,0.08095115423202515,False,False,0.08095115423202515
s-005,after_one_actual_history_call,9,50,1,-7558.178874979001,8430.425160002,12080.041545168,6933.536084970467,872.2462850231677,8484.622447705,926.4435727259988,0.00642877276938989,54.19728770283109,4.164331080971713e-05,0.0815841518342495,False,False,0.0815841518342495
s-005,after_one_actual_history_call,10,50,0,-33039.404012117,33911.65029714,44860.37334298,27724.750698775722,872.2462850231677,34554.511873502,1515.107861385004,0.01895695345785695,642.8615763618363,0.0004939524756081517,0.08276645094156265,False,False,0.08276645094156265
s-005,after_one_actual_history_call,10,50,1,-33039.404012117,33911.65029714,44860.37334298,27724.750698775722,872.2462850231677,34554.511873502,1515.107861385004,0.01895695345785695,642.8615763618363,0.0004939524756081517,0.08367343246936798,False,False,0.08367343246936798
s-005,after_one_actual_history_call,0,10,0,-7995.476486963,7995.476486963,16657.442787887,6956.261878678106,872.2462850231677,8094.156576342,98.68008937900049,0.012341989816354662,0.0,0.0,0.0428246408700943,False,False,
s-005,after_one_actual_history_call,0,10,1,-7995.476486963,7995.476486963,16657.442787887,6956.261878678106,872.2462850231677,8094.156576342,98.68008937900049,0.012341989816354662,0.0,0.0,0.04180000349879265,False,False,
s-005,after_one_actual_history_call,1,10,0,-30668.530360345,30668.530360345,52502.388031863,26301.380877107433,872.2462850231677,31124.02719063,455.4968302849993,0.014852254898851152,0.0,0.0,0.04383770748972893,False,False,
s-005,after_one_actual_history_call,1,10,1,-30668.530360345,30668.530360345,52502.388031863,26301.380877107433,872.2462850231677,31124.02719063,455.4968302849993,0.014852254898851152,0.0,0.0,0.04349837079644203,False,False,
s-005,after_one_actual_history_call,2,10,0,257.079485062,0.0,0.0,0.0,872.2462850231677,0.0,257.079485062,0.0,0.0,0.0,0.007547702640295029,False,True,
s-005,after_one_actual_history_call,2,10,1,257.079485062,0.0,0.0,0.0,872.2462850231677,0.0,257.079485062,0.0,0.0,0.0,0.007356040179729462,False,True,
s-005,after_one_actual_history_call,3,10,0,-7286.243433473,7543.322918535,11135.083838352,5963.414681506717,872.2462850231677,7600.118134364,313.87470089100043,0.007529203832630071,0.0,0.0,0.03984389081597328,False,False,
s-005,after_one_actual_history_call,3,10,1,-7286.243433473,7543.322918535,11135.083838352,5963.414681506717,872.2462850231677,7600.118134364,313.87470089100043,0.007529203832630071,0.0,0.0,0.040564317256212234,False,False,
s-005,after_one_actual_history_call,4,10,0,-30782.386350115,31039.465835177,48774.575948944,25496.43304543477,872.2462850231677,31401.004081076,618.6177309609993,0.011647695479645396,0.0,0.0,0.043783754110336304,False,False,
s-005,after_one_actual_history_call,4,10,1,-30782.386350115,31039.465835177,48774.575948944,25496.43304543477,872.2462850231677,31401.004081076,618.6177309609993,0.011647695479645396,0.0,0.0,0.04350744187831879,False,False,
s-005,after_one_actual_history_call,5,10,0,468.66737775799993,0.0,0.0,0.0,872.2462850231677,0.0,468.66737775799993,0.0,0.0,0.0,0.008376609534025192,False,True,
s-005,after_one_actual_history_call,5,10,1,468.66737775799993,0.0,0.0,0.0,872.2462850231677,0.0,468.66737775799993,0.0,0.0,0.0,0.007688835263252258,False,True,
s-005,after_one_actual_history_call,6,10,0,-7746.532365303,8215.199743061,12378.460757706,6742.6578054214,872.2462850231677,8262.091034853,515.5586695499996,0.0057078699555182105,0.0,0.0,0.04020597040653229,False,False,
s-005,after_one_actual_history_call,6,10,1,-7746.532365303,8215.199743061,12378.460757706,6742.6578054214,872.2462850231677,8262.091034853,515.5586695499996,0.0057078699555182105,0.0,0.0,0.04177917167544365,False,False,
s-005,after_one_actual_history_call,7,10,0,-32938.401394733,33407.068772491,51006.775554761,27341.442898155656,872.2462850231677,33901.795650648,963.3942559149946,0.014809047795428755,91.14797089182684,7.003493057319767e-05,0.04439958930015564,False,False,0.04439958930015564
s-005,after_one_actual_history_call,7,10,1,-32938.401394733,33407.068772491,51006.775554761,27341.442898155656,872.2462850231677,33901.795650648,963.3942559149946,0.014809047795428755,91.14797089182684,7.003493057319767e-05,0.046628668904304504,False,False,0.046628668904304504
s-005,after_one_actual_history_call,8,10,0,872.2462850229995,0.0,0.0,0.0,872.2462850231677,0.0,872.2462850229995,0.0,0.0,0.0,0.008361496031284332,False,True,
s-005,after_one_actual_history_call,8,10,1,872.2462850229995,0.0,0.0,0.0,872.2462850231677,0.0,872.2462850229995,0.0,0.0,0.0,0.007683426141738892,False,True,
s-005,after_one_actual_history_call,9,10,0,-7558.178874979001,8430.425160002,12080.041545168,6933.536084970467,872.2462850231677,8484.622447705,926.4435727259988,0.00642877276938989,54.19728770283109,4.164331080971713e-05,0.04115307331085205,False,False,0.04115307331085205
s-005,after_one_actual_history_call,9,10,1,-7558.178874979001,8430.425160002,12080.041545168,6933.536084970467,872.2462850231677,8484.622447705,926.4435727259988,0.00642877276938989,54.19728770283109,4.164331080971713e-05,0.040235601365566254,False,False,0.040235601365566254
s-005,after_one_actual_history_call,10,10,0,-33039.404012117,33911.65029714,44860.37334298,27724.750698775722,872.2462850231677,34554.511873502,1515.107861385004,0.01895695345785695,642.8615763618363,0.0004939524756081517,0.0462334081530571,False,False,0.0462334081530571
s-005,after_one_actual_history_call,10,10,1,-33039.404012117,33911.65029714,44860.37334298,27724.750698775722,872.2462850231677,34554.511873502,1515.107861385004,0.01895695345785695,642.8615763618363,0.0004939524756081517,0.04406355321407318,False,False,0.04406355321407318
s-006,after_common_greedy_prefix,0,200,0,-8205.711441766,8430.735167537,14874.794887897,6952.794336961358,872.2462850231677,8617.311724167,411.6002824010011,0.022130520402114467,0.0,0.0,0.22515665739774704,False,False,
s-006,after_common_greedy_prefix,0,200,1,-8205.711441766,8430.735167537,14874.794887897,6952.794336961358,872.2462850231677,8617.311724167,411.6002824010011,0.022130520402114467,0.0,0.0,0.22709426656365395,False,False,
s-006,after_common_greedy_prefix,0,1000,0,-8205.711441766,8430.735167537,14874.794887897,6952.794336961358,872.2462850231677,8617.311724167,411.6002824010011,0.022130520402114467,0.0,0.0,1.0354602113366127,False,False,
s-006,after_common_greedy_prefix,0,1000,1,-8205.711441766,8430.735167537,14874.794887897,6952.794336961358,872.2462850231677,8617.311724167,411.6002824010011,0.022130520402114467,0.0,0.0,1.0333578176796436,False,False,
s-006,after_common_greedy_prefix,1,200,0,-30637.030674115,30637.030674115,36368.090554169,22255.894102839287,872.2462850231677,31053.705540593,416.6748664779989,0.013600367180166854,0.0,0.0,0.2340528555214405,False,False,
s-006,after_common_greedy_prefix,1,200,1,-30637.030674115,30637.030674115,36368.090554169,22255.894102839287,872.2462850231677,31053.705540593,416.6748664779989,0.013600367180166854,0.0,0.0,0.2291075475513935,False,False,
s-006,after_common_greedy_prefix,1,1000,0,-30637.030674115,30637.030674115,36368.090554169,22255.894102839287,872.2462850231677,31053.705540593,416.6748664779989,0.013600367180166854,0.0,0.0,1.0362999700009823,False,False,
s-006,after_common_greedy_prefix,1,1000,1,-30637.030674115,30637.030674115,36368.090554169,22255.894102839287,872.2462850231677,31053.705540593,416.6748664779989,0.013600367180166854,0.0,0.0,1.0351372845470905,False,False,
s-006,after_common_greedy_prefix,2,200,0,257.079485062,0.0,0.0,0.0,872.2462850231677,0.0,257.079485062,0.0,0.0,0.0,0.007816359400749207,False,True,
s-006,after_common_greedy_prefix,2,200,1,257.079485062,0.0,0.0,0.0,872.2462850231677,0.0,257.079485062,0.0,0.0,0.0,0.007282990962266922,False,True,
s-006,after_common_greedy_prefix,2,1000,0,257.079485062,0.0,0.0,0.0,872.2462850231677,0.0,257.079485062,0.0,0.0,0.0,0.0072468481957912445,False,True,
s-006,after_common_greedy_prefix,2,1000,1,257.079485062,0.0,0.0,0.0,872.2462850231677,0.0,257.079485062,0.0,0.0,0.0,0.007234498858451843,False,True,
s-006,after_common_greedy_prefix,3,200,0,-7928.154979105001,8185.234464167001,11218.47399556,6359.77893825445,872.2462850231677,8234.723684085,306.568704979999,0.00604615788767584,0.0,0.0,0.22711965814232826,False,False,
s-006,after_common_greedy_prefix,3,200,1,-7928.154979105001,8185.234464167001,11218.47399556,6359.77893825445,872.2462850231677,8234.723684085,306.568704979999,0.00604615788767584,0.0,0.0,0.2270197868347168,False,False,
s-006,after_common_greedy_prefix,3,1000,0,-7928.154979105001,8185.234464167001,11218.47399556,6359.77893825445,872.2462850231677,8234.723684085,306.568704979999,0.00604615788767584,0.0,0.0,1.0250956155359745,False,False,
s-006,after_common_greedy_prefix,3,1000,1,-7928.154979105001,8185.234464167001,11218.47399556,6359.77893825445,872.2462850231677,8234.723684085,306.568704979999,0.00604615788767584,0.0,0.0,1.0239384323358536,False,False,
s-006,after_common_greedy_prefix,4,200,0,-31158.363932043,31415.443417105,48919.81487178,25770.34375097989,872.2462850231677,31776.981663004,618.6177309609993,0.011508296766619866,0.0,0.0,0.23061811178922653,False,False,
s-006,after_common_greedy_prefix,4,200,1,-31158.363932043,31415.443417105,48919.81487178,25770.34375097989,872.2462850231677,31776.981663004,618.6177309609993,0.011508296766619866,0.0,0.0,0.23987436294555664,False,False,
s-006,after_common_greedy_prefix,4,1000,0,-31158.363932043,31415.443417105,48919.81487178,25770.34375097989,872.2462850231677,31776.981663004,618.6177309609993,0.011508296766619866,0.0,0.0,1.0289905481040478,False,False,
s-006,after_common_greedy_prefix,4,1000,1,-31158.363932043,31415.443417105,48919.81487178,25770.34375097989,872.2462850231677,31776.981663004,618.6177309609993,0.011508296766619866,0.0,0.0,1.0384868308901787,False,False,
s-006,after_common_greedy_prefix,5,200,0,468.66737775799993,0.0,0.0,0.0,872.2462850231677,0.0,468.66737775799993,0.0,0.0,0.0,0.012746024876832962,False,True,
s-006,after_common_greedy_prefix,5,200,1,468.66737775799993,0.0,0.0,0.0,872.2462850231677,0.0,468.66737775799993,0.0,0.0,0.0,0.014163516461849213,False,True,
s-006,after_common_greedy_prefix,5,1000,0,468.66737775799993,0.0,0.0,0.0,872.2462850231677,0.0,468.66737775799993,0.0,0.0,0.0,0.01260683685541153,False,True,
s-006,after_common_greedy_prefix,5,1000,1,468.66737775799993,0.0,0.0,0.0,872.2462850231677,0.0,468.66737775799993,0.0,0.0,0.0,0.013335645198822021,False,True,
s-006,after_common_greedy_prefix,6,200,0,-8322.098958034,8790.766335792001,11767.780122179,6958.316103404367,872.2462850231677,8837.657627584,515.5586695500006,0.005334152905541216,0.0,0.0,0.2392294891178608,False,False,
s-006,after_common_greedy_prefix,6,200,1,-8322.098958034,8790.766335792001,11767.780122179,6958.316103404367,872.2462850231677,8837.657627584,515.5586695500006,0.005334152905541216,0.0,0.0,0.2342125102877617,False,False,
s-006,after_common_greedy_prefix,6,1000,0,-8322.098958034,8790.766335792001,11767.780122179,6958.316103404367,872.2462850231677,8837.657627584,515.5586695500006,0.005334152905541216,0.0,0.0,1.032032124698162,False,False,
s-006,after_common_greedy_prefix,6,1000,1,-8322.098958034,8790.766335792001,11767.780122179,6958.316103404367,872.2462850231677,8837.657627584,515.5586695500006,0.005334152905541216,0.0,0.0,1.0270578525960445,False,False,
s-006,after_common_greedy_prefix,7,200,0,-33064.199909012,33532.86728677,51681.28581965,27525.117406700156,872.2462850231677,34027.594164927,963.3942559150018,0.014753491669118036,91.14797089183412,7.003493057320325e-05,0.23379486054182053,False,False,0.23379486054182053
s-006,after_common_greedy_prefix,7,200,1,-33064.199909012,33532.86728677,51681.28581965,27525.117406700156,872.2462850231677,34027.594164927,963.3942559150018,0.014753491669118036,91.14797089183412,7.003493057320325e-05,0.23231716826558113,False,False,0.23231716826558113
s-006,after_common_greedy_prefix,7,1000,0,-33064.199909012,33532.86728677,51681.28581965,27525.117406700156,872.2462850231677,34027.594164927,963.3942559150018,0.014753491669118036,91.14797089183412,7.003493057320325e-05,1.02783926948905,False,False,1.02783926948905
s-006,after_common_greedy_prefix,7,1000,1,-33064.199909012,33532.86728677,51681.28581965,27525.117406700156,872.2462850231677,34027.594164927,963.3942559150018,0.014753491669118036,91.14797089183412,7.003493057320325e-05,1.0297183096408844,False,False,1.0297183096408844
s-006,after_common_greedy_prefix,8,200,0,872.2462850229995,0.0,0.0,0.0,872.2462850231677,0.0,872.2462850229995,0.0,0.0,0.0,0.007906056940555573,False,True,
s-006,after_common_greedy_prefix,8,200,1,872.2462850229995,0.0,0.0,0.0,872.2462850231677,0.0,872.2462850229995,0.0,0.0,0.0,0.008109528571367264,False,True,
s-006,after_common_greedy_prefix,8,1000,0,872.2462850229995,0.0,0.0,0.0,872.2462850231677,0.0,872.2462850229995,0.0,0.0,0.0,0.007711548358201981,False,True,
s-006,after_common_greedy_prefix,8,1000,1,872.2462850229995,0.0,0.0,0.0,872.2462850231677,0.0,872.2462850229995,0.0,0.0,0.0,0.008095495402812958,False,True,
s-006,after_common_greedy_prefix,9,200,0,-7624.676571870001,8496.922856893,11979.472787136001,6828.095912995067,872.2462850231677,8546.412076811,921.7355049409998,0.00582436968671004,49.48921991783209,3.802579527722511e-05,0.22851189970970154,False,False,0.22851189970970154
s-006,after_common_greedy_prefix,9,200,1,-7624.676571870001,8496.922856893,11979.472787136001,6828.095912995067,872.2462850231677,8546.412076811,921.7355049409998,0.00582436968671004,49.48921991783209,3.802579527722511e-05,0.22839481383562088,False,False,0.22839481383562088
s-006,after_common_greedy_prefix,9,1000,0,-7624.676571870001,8496.922856893,11979.472787136001,6828.095912995067,872.2462850231677,8546.412076811,921.7355049409998,0.00582436968671004,49.48921991783209,3.802579527722511e-05,1.0271226838231087,False,False,1.0271226838231087
s-006,after_common_greedy_prefix,9,1000,1,-7624.676571870001,8496.922856893,11979.472787136001,6828.095912995067,872.2462850231677,8546.412076811,921.7355049409998,0.00582436968671004,49.48921991783209,3.802579527722511e-05,1.0291865393519402,False,False,1.0291865393519402
s-006,after_common_greedy_prefix,10,200,0,-32998.990626355,33871.236911378,44862.847279155,27761.375218315115,872.2462850231677,34549.000498652,1550.0098722969997,0.02001000403520326,677.763587273832,0.0005207699668498112,0.23298304900527,False,False,0.23298304900527
s-006,after_common_greedy_prefix,10,200,1,-32998.990626355,33871.236911378,44862.847279155,27761.375218315115,872.2462850231677,34549.000498652,1550.0098722969997,0.02001000403520326,677.763587273832,0.0005207699668498112,0.2319760024547577,False,False,0.2319760024547577
s-006,after_common_greedy_prefix,10,1000,0,-32998.990626355,33871.236911378,44862.847279155,27761.375218315115,872.2462850231677,34549.000498652,1550.0098722969997,0.02001000403520326,677.763587273832,0.0005207699668498112,1.0324557572603226,False,False,1.0324557572603226
s-006,after_common_greedy_prefix,10,1000,1,-32998.990626355,33871.236911378,44862.847279155,27761.375218315115,872.2462850231677,34549.000498652,1550.0098722969997,0.02001000403520326,677.763587273832,0.0005207699668498112,1.031451191753149,False,False,1.031451191753149
s-006,after_common_greedy_prefix,0,50,0,-8205.711441766,8430.735167537,14874.794887897,6952.794336961358,872.2462850231677,8617.311724167,411.6002824010011,0.022130520402114467,0.0,0.0,0.0797804705798626,False,False,
s-006,after_common_greedy_prefix,0,50,1,-8205.711441766,8430.735167537,14874.794887897,6952.794336961358,872.2462850231677,8617.311724167,411.6002824010011,0.022130520402114467,0.0,0.0,0.07938725873827934,False,False,
s-006,after_common_greedy_prefix,1,50,0,-30637.030674115,30637.030674115,36368.090554169,22255.894102839287,872.2462850231677,31053.705540593,416.6748664779989,0.013600367180166854,0.0,0.0,0.08226847276091576,False,False,
s-006,after_common_greedy_prefix,1,50,1,-30637.030674115,30637.030674115,36368.090554169,22255.894102839287,872.2462850231677,31053.705540593,416.6748664779989,0.013600367180166854,0.0,0.0,0.08309918269515038,False,False,
s-006,after_common_greedy_prefix,2,50,0,257.079485062,0.0,0.0,0.0,872.2462850231677,0.0,257.079485062,0.0,0.0,0.0,0.007260270416736603,False,True,
s-006,after_common_greedy_prefix,2,50,1,257.079485062,0.0,0.0,0.0,872.2462850231677,0.0,257.079485062,0.0,0.0,0.0,0.007264032959938049,False,True,
s-006,after_common_greedy_prefix,3,50,0,-7928.154979105001,8185.234464167001,11218.47399556,6359.77893825445,872.2462850231677,8234.723684085,306.568704979999,0.00604615788767584,0.0,0.0,0.08035058528184891,False,False,
s-006,after_common_greedy_prefix,3,50,1,-7928.154979105001,8185.234464167001,11218.47399556,6359.77893825445,872.2462850231677,8234.723684085,306.568704979999,0.00604615788767584,0.0,0.0,0.08159102126955986,False,False,
s-006,after_common_greedy_prefix,4,50,0,-31158.363932043,31415.443417105,48919.81487178,25770.34375097989,872.2462850231677,31776.981663004,618.6177309609993,0.011508296766619866,0.0,0.0,0.08327504247426987,False,False,
s-006,after_common_greedy_prefix,4,50,1,-31158.363932043,31415.443417105,48919.81487178,25770.34375097989,872.2462850231677,31776.981663004,618.6177309609993,0.011508296766619866,0.0,0.0,0.0832495465874672,False,False,
s-006,after_common_greedy_prefix,5,50,0,468.66737775799993,0.0,0.0,0.0,872.2462850231677,0.0,468.66737775799993,0.0,0.0,0.0,0.007574059069156647,False,True,
s-006,after_common_greedy_prefix,5,50,1,468.66737775799993,0.0,0.0,0.0,872.2462850231677,0.0,468.66737775799993,0.0,0.0,0.0,0.0076942481100559235,False,True,
s-006,after_common_greedy_prefix,6,50,0,-8322.098958034,8790.766335792001,11767.780122179,6958.316103404367,872.2462850231677,8837.657627584,515.5586695500006,0.005334152905541216,0.0,0.0,0.08015101030468941,False,False,
s-006,after_common_greedy_prefix,6,50,1,-8322.098958034,8790.766335792001,11767.780122179,6958.316103404367,872.2462850231677,8837.657627584,515.5586695500006,0.005334152905541216,0.0,0.0,0.07937846705317497,False,False,
s-006,after_common_greedy_prefix,7,50,0,-33064.199909012,33532.86728677,51681.28581965,27525.117406700156,872.2462850231677,34027.594164927,963.3942559150018,0.014753491669118036,91.14797089183412,7.003493057320325e-05,0.08284951373934746,False,False,0.08284951373934746
s-006,after_common_greedy_prefix,7,50,1,-33064.199909012,33532.86728677,51681.28581965,27525.117406700156,872.2462850231677,34027.594164927,963.3942559150018,0.014753491669118036,91.14797089183412,7.003493057320325e-05,0.08394517749547958,False,False,0.08394517749547958
s-006,after_common_greedy_prefix,8,50,0,872.2462850229995,0.0,0.0,0.0,872.2462850231677,0.0,872.2462850229995,0.0,0.0,0.0,0.007657848298549652,False,True,
s-006,after_common_greedy_prefix,8,50,1,872.2462850229995,0.0,0.0,0.0,872.2462850231677,0.0,872.2462850229995,0.0,0.0,0.0,0.008693724870681763,False,True,
s-006,after_common_greedy_prefix,9,50,0,-7624.676571870001,8496.922856893,11979.472787136001,6828.095912995067,872.2462850231677,8546.412076811,921.7355049409998,0.00582436968671004,49.48921991783209,3.802579527722511e-05,0.0832754373550415,False,False,0.0832754373550415
s-006,after_common_greedy_prefix,9,50,1,-7624.676571870001,8496.922856893,11979.472787136001,6828.095912995067,872.2462850231677,8546.412076811,921.7355049409998,0.00582436968671004,49.48921991783209,3.802579527722511e-05,0.08380093052983284,False,False,0.08380093052983284
s-006,after_common_greedy_prefix,10,50,0,-32998.990626355,33871.236911378,44862.847279155,27761.375218315115,872.2462850231677,34549.000498652,1550.0098722969997,0.02001000403520326,677.763587273832,0.0005207699668498112,0.08552637323737144,False,False,0.08552637323737144
s-006,after_common_greedy_prefix,10,50,1,-32998.990626355,33871.236911378,44862.847279155,27761.375218315115,872.2462850231677,34549.000498652,1550.0098722969997,0.02001000403520326,677.763587273832,0.0005207699668498112,0.08453292399644852,False,False,0.08453292399644852
s-006,after_common_greedy_prefix,0,10,0,-8205.711441766,8430.735167537,14874.794887897,6952.794336961358,872.2462850231677,8617.311724167,411.6002824010011,0.022130520402114467,0.0,0.0,0.0428096279501915,False,False,
s-006,after_common_greedy_prefix,0,10,1,-8205.711441766,8430.735167537,14874.794887897,6952.794336961358,872.2462850231677,8617.311724167,411.6002824010011,0.022130520402114467,0.0,0.0,0.04295433312654495,False,False,
s-006,after_common_greedy_prefix,1,10,0,-30637.030674115,30637.030674115,36368.090554169,22255.894102839287,872.2462850231677,31053.705540593,416.6748664779989,0.013600367180166854,0.0,0.0,0.04525400698184967,False,False,
s-006,after_common_greedy_prefix,1,10,1,-30637.030674115,30637.030674115,36368.090554169,22255.894102839287,872.2462850231677,31053.705540593,416.6748664779989,0.013600367180166854,0.0,0.0,0.04458384960889816,False,False,
s-006,after_common_greedy_prefix,2,10,0,257.079485062,0.0,0.0,0.0,872.2462850231677,0.0,257.079485062,0.0,0.0,0.0,0.00830075517296791,False,True,
s-006,after_common_greedy_prefix,2,10,1,257.079485062,0.0,0.0,0.0,872.2462850231677,0.0,257.079485062,0.0,0.0,0.0,0.007844191044569016,False,True,
s-006,after_common_greedy_prefix,3,10,0,-7928.154979105001,8185.234464167001,11218.47399556,6359.77893825445,872.2462850231677,8234.723684085,306.568704979999,0.00604615788767584,0.0,0.0,0.04016098380088806,False,False,
s-006,after_common_greedy_prefix,3,10,1,-7928.154979105001,8185.234464167001,11218.47399556,6359.77893825445,872.2462850231677,8234.723684085,306.568704979999,0.00604615788767584,0.0,0.0,0.040371257811784744,False,False,
s-006,after_common_greedy_prefix,4,10,0,-31158.363932043,31415.443417105,48919.81487178,25770.34375097989,872.2462850231677,31776.981663004,618.6177309609993,0.011508296766619866,0.0,0.0,0.04196259751915932,False,False,
s-006,after_common_greedy_prefix,4,10,1,-31158.363932043,31415.443417105,48919.81487178,25770.34375097989,872.2462850231677,31776.981663004,618.6177309609993,0.011508296766619866,0.0,0.0,0.04375294968485832,False,False,
s-006,after_common_greedy_prefix,5,10,0,468.66737775799993,0.0,0.0,0.0,872.2462850231677,0.0,468.66737775799993,0.0,0.0,0.0,0.007425572723150253,False,True,
s-006,after_common_greedy_prefix,5,10,1,468.66737775799993,0.0,0.0,0.0,872.2462850231677,0.0,468.66737775799993,0.0,0.0,0.0,0.0072118379175662994,False,True,
s-006,after_common_greedy_prefix,6,10,0,-8322.098958034,8790.766335792001,11767.780122179,6958.316103404367,872.2462850231677,8837.657627584,515.5586695500006,0.005334152905541216,0.0,0.0,0.040689922869205475,False,False,
s-006,after_common_greedy_prefix,6,10,1,-8322.098958034,8790.766335792001,11767.780122179,6958.316103404367,872.2462850231677,8837.657627584,515.5586695500006,0.005334152905541216,0.0,0.0,0.04102175310254097,False,False,
s-006,after_common_greedy_prefix,7,10,0,-33064.199909012,33532.86728677,51681.28581965,27525.117406700156,872.2462850231677,34019.359113136,955.1592041240001,0.014507910170805459,82.91291910083237,6.370740320417424e-05,0.04548116400837898,False,False,0.04548116400837898
s-006,after_common_greedy_prefix,7,10,1,-33064.199909012,33532.86728677,51681.28581965,27525.117406700156,872.2462850231677,34019.359113136,955.1592041240001,0.014507910170805459,82.91291910083237,6.370740320417424e-05,0.04406765103340149,False,False,0.04406765103340149
s-006,after_common_greedy_prefix,8,10,0,872.2462850229995,0.0,0.0,0.0,872.2462850231677,0.0,872.2462850229995,0.0,0.0,0.0,0.008062262088060379,False,True,
s-006,after_common_greedy_prefix,8,10,1,872.2462850229995,0.0,0.0,0.0,872.2462850231677,0.0,872.2462850229995,0.0,0.0,0.0,0.007851138710975647,False,True,
s-006,after_common_greedy_prefix,9,10,0,-7624.676571870001,8496.922856893,11979.472787136001,6828.095912995067,872.2462850231677,8546.412076811,921.7355049409998,0.00582436968671004,49.48921991783209,3.802579527722511e-05,0.04126342386007309,False,False,0.04126342386007309
s-006,after_common_greedy_prefix,9,10,1,-7624.676571870001,8496.922856893,11979.472787136001,6828.095912995067,872.2462850231677,8546.412076811,921.7355049409998,0.00582436968671004,49.48921991783209,3.802579527722511e-05,0.04100295156240463,False,False,0.04100295156240463
s-006,after_common_greedy_prefix,10,10,0,-32998.990626355,33871.236911378,44862.847279155,27761.375218315115,872.2462850231677,34549.000498652,1550.0098722969997,0.02001000403520326,677.763587273832,0.0005207699668498112,0.04517370089888573,False,False,0.04517370089888573
s-006,after_common_greedy_prefix,10,10,1,-32998.990626355,33871.236911378,44862.847279155,27761.375218315115,872.2462850231677,34549.000498652,1550.0098722969997,0.02001000403520326,677.763587273832,0.0005207699668498112,0.04512446001172066,False,False,0.04512446001172066
s-007,after_one_actual_history_call,0,200,0,-8205.711441766,8430.735167537,14874.794887897,6952.794336961358,872.2462850231677,8617.311724167,411.6002824010011,0.022130520402114467,0.0,0.0,0.23008422181010246,False,False,
s-007,after_one_actual_history_call,0,200,1,-8205.711441766,8430.735167537,14874.794887897,6952.794336961358,872.2462850231677,8617.311724167,411.6002824010011,0.022130520402114467,0.0,0.0,0.23057730495929718,False,False,
s-007,after_one_actual_history_call,0,1000,0,-8205.711441766,8430.735167537,14874.794887897,6952.794336961358,872.2462850231677,8617.311724167,411.6002824010011,0.022130520402114467,0.0,0.0,1.0286285690963268,False,False,
s-007,after_one_actual_history_call,0,1000,1,-8205.711441766,8430.735167537,14874.794887897,6952.794336961358,872.2462850231677,8617.311724167,411.6002824010011,0.022130520402114467,0.0,0.0,1.0299711413681507,False,False,
s-007,after_one_actual_history_call,1,200,0,-30637.030674115,30637.030674115,36368.090554169,22255.894102839287,872.2462850231677,31053.705540593,416.6748664779989,0.013600367180166854,0.0,0.0,0.23214730620384216,False,False,
s-007,after_one_actual_history_call,1,200,1,-30637.030674115,30637.030674115,36368.090554169,22255.894102839287,872.2462850231677,31053.705540593,416.6748664779989,0.013600367180166854,0.0,0.0,0.22999272868037224,False,False,
s-007,after_one_actual_history_call,1,1000,0,-30637.030674115,30637.030674115,36368.090554169,22255.894102839287,872.2462850231677,31053.705540593,416.6748664779989,0.013600367180166854,0.0,0.0,1.0307895727455616,False,False,
s-007,after_one_actual_history_call,1,1000,1,-30637.030674115,30637.030674115,36368.090554169,22255.894102839287,872.2462850231677,31053.705540593,416.6748664779989,0.013600367180166854,0.0,0.0,1.0298885963857174,False,False,
s-007,after_one_actual_history_call,2,200,0,257.079485062,0.0,0.0,0.0,872.2462850231677,0.0,257.079485062,0.0,0.0,0.0,0.007947038859128952,False,True,
s-007,after_one_actual_history_call,2,200,1,257.079485062,0.0,0.0,0.0,872.2462850231677,0.0,257.079485062,0.0,0.0,0.0,0.007613725960254669,False,True,
s-007,after_one_actual_history_call,2,1000,0,257.079485062,0.0,0.0,0.0,872.2462850231677,0.0,257.079485062,0.0,0.0,0.0,0.0074198246002197266,False,True,
s-007,after_one_actual_history_call,2,1000,1,257.079485062,0.0,0.0,0.0,872.2462850231677,0.0,257.079485062,0.0,0.0,0.0,0.007266007363796234,False,True,
s-007,after_one_actual_history_call,3,200,0,-7928.154979105001,8234.723684085,11218.47399556,6359.77893825445,872.2462850231677,8234.723684085,306.568704979999,0.0,0.0,0.0,0.004748977720737457,False,True,
s-007,after_one_actual_history_call,3,200,1,-7928.154979105001,8234.723684085,11218.47399556,6359.77893825445,872.2462850231677,8234.723684085,306.568704979999,0.0,0.0,0.0,0.005440574139356613,False,True,
s-007,after_one_actual_history_call,3,1000,0,-7928.154979105001,8234.723684085,11218.47399556,6359.77893825445,872.2462850231677,8234.723684085,306.568704979999,0.0,0.0,0.0,1.0284420177340508,False,True,
s-007,after_one_actual_history_call,3,1000,1,-7928.154979105001,8234.723684085,11218.47399556,6359.77893825445,872.2462850231677,8234.723684085,306.568704979999,0.0,0.0,0.0,1.0301348306238651,False,True,
s-007,after_one_actual_history_call,4,200,0,-31158.363932043,31415.443417105,48919.81487178,25770.34375097989,872.2462850231677,31776.981663004,618.6177309609993,0.011508296766619866,0.0,0.0,0.23338571563363075,False,False,
s-007,after_one_actual_history_call,4,200,1,-31158.363932043,31415.443417105,48919.81487178,25770.34375097989,872.2462850231677,31776.981663004,618.6177309609993,0.011508296766619866,0.0,0.0,0.23081513866782188,False,False,
s-007,after_one_actual_history_call,4,1000,0,-31158.363932043,31415.443417105,48919.81487178,25770.34375097989,872.2462850231677,31776.981663004,618.6177309609993,0.011508296766619866,0.0,0.0,1.0292795524001122,False,False,
s-007,after_one_actual_history_call,4,1000,1,-31158.363932043,31415.443417105,48919.81487178,25770.34375097989,872.2462850231677,31776.981663004,618.6177309609993,0.011508296766619866,0.0,0.0,1.0302018597722054,False,False,
s-007,after_one_actual_history_call,5,200,0,468.66737775799993,0.0,0.0,0.0,872.2462850231677,0.0,468.66737775799993,0.0,0.0,0.0,0.00821688398718834,False,True,
s-007,after_one_actual_history_call,5,200,1,468.66737775799993,0.0,0.0,0.0,872.2462850231677,0.0,468.66737775799993,0.0,0.0,0.0,0.007364436984062195,False,True,
s-007,after_one_actual_history_call,5,1000,0,468.66737775799993,0.0,0.0,0.0,872.2462850231677,0.0,468.66737775799993,0.0,0.0,0.0,0.00773249939084053,False,True,
s-007,after_one_actual_history_call,5,1000,1,468.66737775799993,0.0,0.0,0.0,872.2462850231677,0.0,468.66737775799993,0.0,0.0,0.0,0.007340274751186371,False,True,
s-007,after_one_actual_history_call,6,200,0,-8322.098958034,8790.766335792001,11767.780122179,6958.316103404367,872.2462850231677,8837.657627584,515.5586695500006,0.005334152905541216,0.0,0.0,0.227109644562006,False,False,
s-007,after_one_actual_history_call,6,200,1,-8322.098958034,8790.766335792001,11767.780122179,6958.316103404367,872.2462850231677,8837.657627584,515.5586695500006,0.005334152905541216,0.0,0.0,0.2289668247103691,False,False,
s-007,after_one_actual_history_call,6,1000,0,-8322.098958034,8790.766335792001,11767.780122179,6958.316103404367,872.2462850231677,8837.657627584,515.5586695500006,0.005334152905541216,0.0,0.0,1.026287093758583,False,False,
s-007,after_one_actual_history_call,6,1000,1,-8322.098958034,8790.766335792001,11767.780122179,6958.316103404367,872.2462850231677,8837.657627584,515.5586695500006,0.005334152905541216,0.0,0.0,1.0245231464505196,False,False,
s-007,after_one_actual_history_call,7,200,0,-33064.199909012,33532.86728677,51681.28581965,27525.117406700156,872.2462850231677,34027.594164927,963.3942559150018,0.014753491669118036,91.14797089183412,7.003493057320325e-05,0.22914719581604004,False,False,0.22914719581604004
s-007,after_one_actual_history_call,7,200,1,-33064.199909012,33532.86728677,51681.28581965,27525.117406700156,872.2462850231677,34027.594164927,963.3942559150018,0.014753491669118036,91.14797089183412,7.003493057320325e-05,0.22861359640955925,False,False,0.22861359640955925
s-007,after_one_actual_history_call,7,1000,0,-33064.199909012,33532.86728677,51681.28581965,27525.117406700156,872.2462850231677,34027.594164927,963.3942559150018,0.014753491669118036,91.14797089183412,7.003493057320325e-05,1.0282004997134209,False,False,1.0282004997134209
s-007,after_one_actual_history_call,7,1000,1,-33064.199909012,33532.86728677,51681.28581965,27525.117406700156,872.2462850231677,34027.594164927,963.3942559150018,0.014753491669118036,91.14797089183412,7.003493057320325e-05,1.0275795012712479,False,False,1.0275795012712479
s-007,after_one_actual_history_call,8,200,0,872.2462850229995,0.0,0.0,0.0,872.2462850231677,0.0,872.2462850229995,0.0,0.0,0.0,0.007291741669178009,False,True,
s-007,after_one_actual_history_call,8,200,1,872.2462850229995,0.0,0.0,0.0,872.2462850231677,0.0,872.2462850229995,0.0,0.0,0.0,0.007168162614107132,False,True,
s-007,after_one_actual_history_call,8,1000,0,872.2462850229995,0.0,0.0,0.0,872.2462850231677,0.0,872.2462850229995,0.0,0.0,0.0,0.0071909502148628235,False,True,
s-007,after_one_actual_history_call,8,1000,1,872.2462850229995,0.0,0.0,0.0,872.2462850231677,0.0,872.2462850229995,0.0,0.0,0.0,0.0071844495832920074,False,True,
s-007,after_one_actual_history_call,9,200,0,-7624.676571870001,8496.922856893,11979.472787136001,6828.095912995067,872.2462850231677,8546.412076811,921.7355049409998,0.00582436968671004,49.48921991783209,3.802579527722511e-05,0.22506367042660713,False,False,0.22506367042660713
s-007,after_one_actual_history_call,9,200,1,-7624.676571870001,8496.922856893,11979.472787136001,6828.095912995067,872.2462850231677,8546.412076811,921.7355049409998,0.00582436968671004,49.48921991783209,3.802579527722511e-05,0.2242623120546341,False,False,0.2242623120546341
s-007,after_one_actual_history_call,9,1000,0,-7624.676571870001,8496.922856893,11979.472787136001,6828.095912995067,872.2462850231677,8546.412076811,921.7355049409998,0.00582436968671004,49.48921991783209,3.802579527722511e-05,1.0260878391563892,False,False,1.0260878391563892
s-007,after_one_actual_history_call,9,1000,1,-7624.676571870001,8496.922856893,11979.472787136001,6828.095912995067,872.2462850231677,8546.412076811,921.7355049409998,0.00582436968671004,49.48921991783209,3.802579527722511e-05,1.0247931592166424,False,False,1.0247931592166424
s-007,after_one_actual_history_call,10,200,0,-32998.990626355,33871.236911378,44862.847279155,27761.375218315115,872.2462850231677,34549.000498652,1550.0098722969997,0.02001000403520326,677.763587273832,0.0005207699668498112,0.22701771929860115,False,False,0.22701771929860115
s-007,after_one_actual_history_call,10,200,1,-32998.990626355,33871.236911378,44862.847279155,27761.375218315115,872.2462850231677,34549.000498652,1550.0098722969997,0.02001000403520326,677.763587273832,0.0005207699668498112,0.2291109338402748,False,False,0.2291109338402748
s-007,after_one_actual_history_call,10,1000,0,-32998.990626355,33871.236911378,44862.847279155,27761.375218315115,872.2462850231677,34549.000498652,1550.0098722969997,0.02001000403520326,677.763587273832,0.0005207699668498112,1.0285758674144745,False,False,1.0285758674144745
s-007,after_one_actual_history_call,10,1000,1,-32998.990626355,33871.236911378,44862.847279155,27761.375218315115,872.2462850231677,34549.000498652,1550.0098722969997,0.02001000403520326,677.763587273832,0.0005207699668498112,1.0377597659826279,False,False,1.0377597659826279
s-007,after_one_actual_history_call,0,50,0,-8205.711441766,8430.735167537,14874.794887897,6952.794336961358,872.2462850231677,8617.311724167,411.6002824010011,0.022130520402114467,0.0,0.0,0.08328913524746895,False,False,
s-007,after_one_actual_history_call,0,50,1,-8205.711441766,8430.735167537,14874.794887897,6952.794336961358,872.2462850231677,8617.311724167,411.6002824010011,0.022130520402114467,0.0,0.0,0.08125818520784378,False,False,
s-007,after_one_actual_history_call,1,50,0,-30637.030674115,30637.030674115,36368.090554169,22255.894102839287,872.2462850231677,31053.705540593,416.6748664779989,0.013600367180166854,0.0,0.0,0.0831243060529232,False,False,
s-007,after_one_actual_history_call,1,50,1,-30637.030674115,30637.030674115,36368.090554169,22255.894102839287,872.2462850231677,31053.705540593,416.6748664779989,0.013600367180166854,0.0,0.0,0.08343855291604996,False,False,
s-007,after_one_actual_history_call,2,50,0,257.079485062,0.0,0.0,0.0,872.2462850231677,0.0,257.079485062,0.0,0.0,0.0,0.007457081228494644,False,True,
s-007,after_one_actual_history_call,2,50,1,257.079485062,0.0,0.0,0.0,872.2462850231677,0.0,257.079485062,0.0,0.0,0.0,0.007865060120821,False,True,
s-007,after_one_actual_history_call,3,50,0,-7928.154979105001,8234.723684085,11218.47399556,6359.77893825445,872.2462850231677,8234.723684085,306.568704979999,0.0,0.0,0.0,0.08185688406229019,False,True,
s-007,after_one_actual_history_call,3,50,1,-7928.154979105001,8234.723684085,11218.47399556,6359.77893825445,872.2462850231677,8234.723684085,306.568704979999,0.0,0.0,0.0,0.08160436525940895,False,True,
s-007,after_one_actual_history_call,4,50,0,-31158.363932043,31415.443417105,48919.81487178,25770.34375097989,872.2462850231677,31776.981663004,618.6177309609993,0.011508296766619866,0.0,0.0,0.08263467252254486,False,False,
s-007,after_one_actual_history_call,4,50,1,-31158.363932043,31415.443417105,48919.81487178,25770.34375097989,872.2462850231677,31776.981663004,618.6177309609993,0.011508296766619866,0.0,0.0,0.08232808858156204,False,False,
s-007,after_one_actual_history_call,5,50,0,468.66737775799993,0.0,0.0,0.0,872.2462850231677,0.0,468.66737775799993,0.0,0.0,0.0,0.007544577121734619,False,True,
s-007,after_one_actual_history_call,5,50,1,468.66737775799993,0.0,0.0,0.0,872.2462850231677,0.0,468.66737775799993,0.0,0.0,0.0,0.007200110703706741,False,True,
s-007,after_one_actual_history_call,6,50,0,-8322.098958034,8790.766335792001,11767.780122179,6958.316103404367,872.2462850231677,8837.657627584,515.5586695500006,0.005334152905541216,0.0,0.0,0.07937366887927055,False,False,
s-007,after_one_actual_history_call,6,50,1,-8322.098958034,8790.766335792001,11767.780122179,6958.316103404367,872.2462850231677,8837.657627584,515.5586695500006,0.005334152905541216,0.0,0.0,0.08007084205746651,False,False,
s-007,after_one_actual_history_call,7,50,0,-33064.199909012,33532.86728677,51681.28581965,27525.117406700156,872.2462850231677,34027.594164927,963.3942559150018,0.014753491669118036,91.14797089183412,7.003493057320325e-05,0.0822843424975872,False,False,0.0822843424975872
s-007,after_one_actual_history_call,7,50,1,-33064.199909012,33532.86728677,51681.28581965,27525.117406700156,872.2462850231677,34027.594164927,963.3942559150018,0.014753491669118036,91.14797089183412,7.003493057320325e-05,0.0828842855989933,False,False,0.0828842855989933
s-007,after_one_actual_history_call,8,50,0,872.2462850229995,0.0,0.0,0.0,872.2462850231677,0.0,872.2462850229995,0.0,0.0,0.0,0.0074062831699848175,False,True,
s-007,after_one_actual_history_call,8,50,1,872.2462850229995,0.0,0.0,0.0,872.2462850231677,0.0,872.2462850229995,0.0,0.0,0.0,0.007246322929859161,False,True,
s-007,after_one_actual_history_call,9,50,0,-7624.676571870001,8496.922856893,11979.472787136001,6828.095912995067,872.2462850231677,8546.412076811,921.7355049409998,0.00582436968671004,49.48921991783209,3.802579527722511e-05,0.08119786158204079,False,False,0.08119786158204079
s-007,after_one_actual_history_call,9,50,1,-7624.676571870001,8496.922856893,11979.472787136001,6828.095912995067,872.2462850231677,8546.412076811,921.7355049409998,0.00582436968671004,49.48921991783209,3.802579527722511e-05,0.08142111450433731,False,False,0.08142111450433731
s-007,after_one_actual_history_call,10,50,0,-32998.990626355,33871.236911378,44862.847279155,27761.375218315115,872.2462850231677,34549.000498652,1550.0098722969997,0.02001000403520326,677.763587273832,0.0005207699668498112,0.08626974001526833,False,False,0.08626974001526833
s-007,after_one_actual_history_call,10,50,1,-32998.990626355,33871.236911378,44862.847279155,27761.375218315115,872.2462850231677,34549.000498652,1550.0098722969997,0.02001000403520326,677.763587273832,0.0005207699668498112,0.0848400704562664,False,False,0.0848400704562664
s-007,after_one_actual_history_call,0,10,0,-8205.711441766,8430.735167537,14874.794887897,6952.794336961358,872.2462850231677,8617.311724167,411.6002824010011,0.022130520402114467,0.0,0.0,0.0441131591796875,False,False,
s-007,after_one_actual_history_call,0,10,1,-8205.711441766,8430.735167537,14874.794887897,6952.794336961358,872.2462850231677,8617.311724167,411.6002824010011,0.022130520402114467,0.0,0.0,0.0442613922059536,False,False,
s-007,after_one_actual_history_call,1,10,0,-30637.030674115,30637.030674115,36368.090554169,22255.894102839287,872.2462850231677,31053.705540593,416.6748664779989,0.013600367180166854,0.0,0.0,0.04599032551050186,False,False,
s-007,after_one_actual_history_call,1,10,1,-30637.030674115,30637.030674115,36368.090554169,22255.894102839287,872.2462850231677,31053.705540593,416.6748664779989,0.013600367180166854,0.0,0.0,0.04565684124827385,False,False,
s-007,after_one_actual_history_call,2,10,0,257.079485062,0.0,0.0,0.0,872.2462850231677,0.0,257.079485062,0.0,0.0,0.0,0.007858555763959885,False,True,
s-007,after_one_actual_history_call,2,10,1,257.079485062,0.0,0.0,0.0,872.2462850231677,0.0,257.079485062,0.0,0.0,0.0,0.008461758494377136,False,True,
s-007,after_one_actual_history_call,3,10,0,-7928.154979105001,8234.723684085,11218.47399556,6359.77893825445,872.2462850231677,8234.723684085,306.568704979999,0.0,0.0,0.0,0.043045323342084885,False,True,
s-007,after_one_actual_history_call,3,10,1,-7928.154979105001,8234.723684085,11218.47399556,6359.77893825445,872.2462850231677,8234.723684085,306.568704979999,0.0,0.0,0.0,0.04303053021430969,False,True,
s-007,after_one_actual_history_call,4,10,0,-31158.363932043,31415.443417105,48919.81487178,25770.34375097989,872.2462850231677,31776.981663004,618.6177309609993,0.011508296766619866,0.0,0.0,0.044507939368486404,False,False,
s-007,after_one_actual_history_call,4,10,1,-31158.363932043,31415.443417105,48919.81487178,25770.34375097989,872.2462850231677,31776.981663004,618.6177309609993,0.011508296766619866,0.0,0.0,0.044518619775772095,False,False,
s-007,after_one_actual_history_call,5,10,0,468.66737775799993,0.0,0.0,0.0,872.2462850231677,0.0,468.66737775799993,0.0,0.0,0.0,0.008341129869222641,False,True,
s-007,after_one_actual_history_call,5,10,1,468.66737775799993,0.0,0.0,0.0,872.2462850231677,0.0,468.66737775799993,0.0,0.0,0.0,0.007918346673250198,False,True,
s-007,after_one_actual_history_call,6,10,0,-8322.098958034,8790.766335792001,11767.780122179,6958.316103404367,872.2462850231677,8837.657627584,515.5586695500006,0.005334152905541216,0.0,0.0,0.041485339403152466,False,False,
s-007,after_one_actual_history_call,6,10,1,-8322.098958034,8790.766335792001,11767.780122179,6958.316103404367,872.2462850231677,8837.657627584,515.5586695500006,0.005334152905541216,0.0,0.0,0.04211578145623207,False,False,
s-007,after_one_actual_history_call,7,10,0,-33064.199909012,33532.86728677,51681.28581965,27525.117406700156,872.2462850231677,34019.359113136,955.1592041240001,0.014507910170805459,82.91291910083237,6.370740320417424e-05,0.044000767171382904,False,False,0.044000767171382904
s-007,after_one_actual_history_call,7,10,1,-33064.199909012,33532.86728677,51681.28581965,27525.117406700156,872.2462850231677,34019.359113136,955.1592041240001,0.014507910170805459,82.91291910083237,6.370740320417424e-05,0.04575077444314957,False,False,0.04575077444314957
s-007,after_one_actual_history_call,8,10,0,872.2462850229995,0.0,0.0,0.0,872.2462850231677,0.0,872.2462850229995,0.0,0.0,0.0,0.008593805134296417,False,True,
s-007,after_one_actual_history_call,8,10,1,872.2462850229995,0.0,0.0,0.0,872.2462850231677,0.0,872.2462850229995,0.0,0.0,0.0,0.007832616567611694,False,True,
s-007,after_one_actual_history_call,9,10,0,-7624.676571870001,8496.922856893,11979.472787136001,6828.095912995067,872.2462850231677,8546.412076811,921.7355049409998,0.00582436968671004,49.48921991783209,3.802579527722511e-05,0.041814692318439484,False,False,0.041814692318439484
s-007,after_one_actual_history_call,9,10,1,-7624.676571870001,8496.922856893,11979.472787136001,6828.095912995067,872.2462850231677,8546.412076811,921.7355049409998,0.00582436968671004,49.48921991783209,3.802579527722511e-05,0.042094405740499496,False,False,0.042094405740499496
s-007,after_one_actual_history_call,10,10,0,-32998.990626355,33871.236911378,44862.847279155,27761.375218315115,872.2462850231677,34549.000498652,1550.0098722969997,0.02001000403520326,677.763587273832,0.0005207699668498112,0.04528838396072388,False,False,0.04528838396072388
s-007,after_one_actual_history_call,10,10,1,-32998.990626355,33871.236911378,44862.847279155,27761.375218315115,872.2462850231677,34549.000498652,1550.0098722969997,0.02001000403520326,677.763587273832,0.0005207699668498112,0.04480799287557602,False,False,0.04480799287557602
s-008,after_common_greedy_prefix,0,200,0,-8398.524380339,8593.006701462,17279.057015483,7255.149695039065,872.2462850231677,8681.006839997,282.48245965800015,0.010240901885952025,0.0,0.0,0.2325025126338005,False,False,
s-008,after_common_greedy_prefix,0,200,1,-8398.524380339,8593.006701462,17279.057015483,7255.149695039065,872.2462850231677,8681.006839997,282.48245965800015,0.010240901885952025,0.0,0.0,0.2284095399081707,False,False,
s-008,after_common_greedy_prefix,0,1000,0,-8398.524380339,8593.006701462,17279.057015483,7255.149695039065,872.2462850231677,8681.006839997,282.48245965800015,0.010240901885952025,0.0,0.0,1.0286931544542313,False,False,
s-008,after_common_greedy_prefix,0,1000,1,-8398.524380339,8593.006701462,17279.057015483,7255.149695039065,872.2462850231677,8681.006839997,282.48245965800015,0.010240901885952025,0.0,0.0,1.0355395898222923,False,False,
s-008,after_common_greedy_prefix,1,200,0,-28776.170617887,28776.170617887,45828.288991353,24169.69317914487,872.2462850231677,29247.353541326,471.18292343899884,0.01637406622638371,0.0,0.0,0.22934960946440697,False,False,
s-008,after_common_greedy_prefix,1,200,1,-28776.170617887,28776.170617887,45828.288991353,24169.69317914487,872.2462850231677,29247.353541326,471.18292343899884,0.01637406622638371,0.0,0.0,0.22897740826010704,False,False,
s-008,after_common_greedy_prefix,1,1000,0,-28776.170617887,28776.170617887,45828.288991353,24169.69317914487,872.2462850231677,29247.353541326,471.18292343899884,0.01637406622638371,0.0,0.0,1.028778750449419,False,False,
s-008,after_common_greedy_prefix,1,1000,1,-28776.170617887,28776.170617887,45828.288991353,24169.69317914487,872.2462850231677,29247.353541326,471.18292343899884,0.01637406622638371,0.0,0.0,1.0290365293622017,False,False,
s-008,after_common_greedy_prefix,2,200,0,257.079485062,0.0,0.0,0.0,872.2462850231677,0.0,257.079485062,0.0,0.0,0.0,0.007668863981962204,False,True,
s-008,after_common_greedy_prefix,2,200,1,257.079485062,0.0,0.0,0.0,872.2462850231677,0.0,257.079485062,0.0,0.0,0.0,0.007664065808057785,False,True,
s-008,after_common_greedy_prefix,2,1000,0,257.079485062,0.0,0.0,0.0,872.2462850231677,0.0,257.079485062,0.0,0.0,0.0,0.007407438009977341,False,True,
s-008,after_common_greedy_prefix,2,1000,1,257.079485062,0.0,0.0,0.0,872.2462850231677,0.0,257.079485062,0.0,0.0,0.0,0.007202252745628357,False,True,
s-008,after_common_greedy_prefix,3,200,0,-7571.133920179001,7828.213405241,12345.316879222999,6357.7276982698495,872.2462850231677,7882.59950146,311.4655812809997,0.006947446806009219,0.0,0.0,0.22424937412142754,False,False,
s-008,after_common_greedy_prefix,3,200,1,-7571.133920179001,7828.213405241,12345.316879222999,6357.7276982698495,872.2462850231677,7882.59950146,311.4655812809997,0.006947446806009219,0.0,0.0,0.22587037459015846,False,False,
s-008,after_common_greedy_prefix,3,1000,0,-7571.133920179001,7828.213405241,12345.316879222999,6357.7276982698495,872.2462850231677,7882.59950146,311.4655812809997,0.006947446806009219,0.0,0.0,1.0267661698162556,False,False,
s-008,after_common_greedy_prefix,3,1000,1,-7571.133920179001,7828.213405241,12345.316879222999,6357.7276982698495,872.2462850231677,7882.59950146,311.4655812809997,0.006947446806009219,0.0,0.0,1.024220872670412,False,False,
s-008,after_common_greedy_prefix,4,200,0,-30586.038826466003,30843.118311528,47474.760087896,25075.431315214686,872.2462850231677,31204.656557427,618.6177309609957,0.011721844796862496,0.0,0.0,0.22835595160722733,False,False,
s-008,after_common_greedy_prefix,4,200,1,-30586.038826466003,30843.118311528,47474.760087896,25075.431315214686,872.2462850231677,31204.656557427,618.6177309609957,0.011721844796862496,0.0,0.0,0.22802533954381943,False,False,
s-008,after_common_greedy_prefix,4,1000,0,-30586.038826466003,30843.118311528,47474.760087896,25075.431315214686,872.2462850231677,31204.656557427,618.6177309609957,0.011721844796862496,0.0,0.0,1.0268198437988758,False,False,
s-008,after_common_greedy_prefix,4,1000,1,-30586.038826466003,30843.118311528,47474.760087896,25075.431315214686,872.2462850231677,31204.656557427,618.6177309609957,0.011721844796862496,0.0,0.0,1.0265918783843517,False,False,
s-008,after_common_greedy_prefix,5,200,0,468.66737775799993,0.0,0.0,0.0,872.2462850231677,0.0,468.66737775799993,0.0,0.0,0.0,0.007208384573459625,False,True,
s-008,after_common_greedy_prefix,5,200,1,468.66737775799993,0.0,0.0,0.0,872.2462850231677,0.0,468.66737775799993,0.0,0.0,0.0,0.007210038602352142,False,True,
s-008,after_common_greedy_prefix,5,1000,0,468.66737775799993,0.0,0.0,0.0,872.2462850231677,0.0,468.66737775799993,0.0,0.0,0.0,0.007139947265386581,False,True,
s-008,after_common_greedy_prefix,5,1000,1,468.66737775799993,0.0,0.0,0.0,872.2462850231677,0.0,468.66737775799993,0.0,0.0,0.0,0.007177356630563736,False,True,
s-008,after_common_greedy_prefix,6,200,0,-7687.057671537,8155.725049295,12185.88038008,6562.3837232022,872.2462850231677,8210.111145514,523.0534739770001,0.006668456316302792,0.0,0.0,0.22505315020680428,False,False,
s-008,after_common_greedy_prefix,6,200,1,-7687.057671537,8155.725049295,12185.88038008,6562.3837232022,872.2462850231677,8210.111145514,523.0534739770001,0.006668456316302792,0.0,0.0,0.22548293694853783,False,False,
s-008,after_common_greedy_prefix,6,1000,0,-7687.057671537,8155.725049295,12185.88038008,6562.3837232022,872.2462850231677,8210.111145514,523.0534739770001,0.006668456316302792,0.0,0.0,1.0260363295674324,False,False,
s-008,after_common_greedy_prefix,6,1000,1,-7687.057671537,8155.725049295,12185.88038008,6562.3837232022,872.2462850231677,8210.111145514,523.0534739770001,0.006668456316302792,0.0,0.0,1.0250739268958569,False,False,
s-008,after_common_greedy_prefix,7,200,0,-32591.924244895003,33060.591622653,51000.983959273,27372.656474071588,872.2462850231677,33546.129527167,954.2052822719997,0.014686304167083051,81.95899724883202,6.297444283189797e-05,0.22869547829031944,False,False,0.22869547829031944
s-008,after_common_greedy_prefix,7,200,1,-32591.924244895003,33060.591622653,51000.983959273,27372.656474071588,872.2462850231677,33546.129527167,954.2052822719997,0.014686304167083051,81.95899724883202,6.297444283189797e-05,0.22813237085938454,False,False,0.22813237085938454
s-008,after_common_greedy_prefix,7,1000,0,-32591.924244895003,33060.591622653,51000.983959273,27372.656474071588,872.2462850231677,33546.129527167,954.2052822719997,0.014686304167083051,81.95899724883202,6.297444283189797e-05,1.027019627392292,False,False,1.027019627392292
s-008,after_common_greedy_prefix,7,1000,1,-32591.924244895003,33060.591622653,51000.983959273,27372.656474071588,872.2462850231677,33546.129527167,954.2052822719997,0.014686304167083051,81.95899724883202,6.297444283189797e-05,1.0294836573302746,False,False,1.0294836573302746
s-008,after_common_greedy_prefix,8,200,0,872.2462850229995,0.0,0.0,0.0,872.2462850231677,0.0,872.2462850229995,0.0,0.0,0.0,0.007631506770849228,False,True,
s-008,after_common_greedy_prefix,8,200,1,872.2462850229995,0.0,0.0,0.0,872.2462850231677,0.0,872.2462850229995,0.0,0.0,0.0,0.007179375737905502,False,True,
s-008,after_common_greedy_prefix,8,1000,0,872.2462850229995,0.0,0.0,0.0,872.2462850231677,0.0,872.2462850229995,0.0,0.0,0.0,0.00721195712685585,False,True,
s-008,after_common_greedy_prefix,8,1000,1,872.2462850229995,0.0,0.0,0.0,872.2462850231677,0.0,872.2462850229995,0.0,0.0,0.0,0.007285647094249725,False,True,
s-008,after_common_greedy_prefix,9,200,0,-7233.820703986001,8106.066989009,12963.294696398,6681.524978928117,872.2462850231677,8160.264276712,926.4435727259988,0.006686015274298292,54.19728770283109,4.164331080971713e-05,0.2272522822022438,False,False,0.2272522822022438
s-008,after_common_greedy_prefix,9,200,1,-7233.820703986001,8106.066989009,12963.294696398,6681.524978928117,872.2462850231677,8160.264276712,926.4435727259988,0.006686015274298292,54.19728770283109,4.164331080971713e-05,0.22507886588573456,False,False,0.22507886588573456
s-008,after_common_greedy_prefix,9,1000,0,-7233.820703986001,8106.066989009,12963.294696398,6681.524978928117,872.2462850231677,8160.264276712,926.4435727259988,0.006686015274298292,54.19728770283109,4.164331080971713e-05,1.0252561122179031,False,False,1.0252561122179031
s-008,after_common_greedy_prefix,9,1000,1,-7233.820703986001,8106.066989009,12963.294696398,6681.524978928117,872.2462850231677,8160.264276712,926.4435727259988,0.006686015274298292,54.19728770283109,4.164331080971713e-05,1.0254823789000511,False,False,1.0254823789000511
s-008,after_common_greedy_prefix,10,200,0,-33302.277691657,34174.52397668,43960.712616334,27766.37557877368,872.2462850231677,34837.223283366,1534.9455917090017,0.01939161777756477,662.699306685834,0.0005091950976037618,0.22964273020625114,False,False,0.22964273020625114
s-008,after_common_greedy_prefix,10,200,1,-33302.277691657,34174.52397668,43960.712616334,27766.37557877368,872.2462850231677,34837.223283366,1534.9455917090017,0.01939161777756477,662.699306685834,0.0005091950976037618,0.22895875200629234,False,False,0.22895875200629234
s-008,after_common_greedy_prefix,10,1000,0,-33302.277691657,34174.52397668,43960.712616334,27766.37557877368,872.2462850231677,34837.223283366,1534.9455917090017,0.01939161777756477,662.699306685834,0.0005091950976037618,1.029149767011404,False,False,1.029149767011404
s-008,after_common_greedy_prefix,10,1000,1,-33302.277691657,34174.52397668,43960.712616334,27766.37557877368,872.2462850231677,34837.223283366,1534.9455917090017,0.01939161777756477,662.699306685834,0.0005091950976037618,1.0294727608561516,False,False,1.0294727608561516
s-008,after_common_greedy_prefix,0,50,0,-8398.524380339,8593.006701462,17279.057015483,7255.149695039065,872.2462850231677,8681.006839997,282.48245965800015,0.010240901885952025,0.0,0.0,0.08127835392951965,False,False,
s-008,after_common_greedy_prefix,0,50,1,-8398.524380339,8593.006701462,17279.057015483,7255.149695039065,872.2462850231677,8681.006839997,282.48245965800015,0.010240901885952025,0.0,0.0,0.08405330777168274,False,False,
s-008,after_common_greedy_prefix,1,50,0,-28776.170617887,28776.170617887,45828.288991353,24169.69317914487,872.2462850231677,29229.112272981,452.94165509400045,0.015740164357117625,0.0,0.0,0.08646352216601372,False,False,
s-008,after_common_greedy_prefix,1,50,1,-28776.170617887,28776.170617887,45828.288991353,24169.69317914487,872.2462850231677,29229.112272981,452.94165509400045,0.015740164357117625,0.0,0.0,0.08519237488508224,False,False,
s-008,after_common_greedy_prefix,2,50,0,257.079485062,0.0,0.0,0.0,872.2462850231677,0.0,257.079485062,0.0,0.0,0.0,0.007780585438013077,False,True,
s-008,after_common_greedy_prefix,2,50,1,257.079485062,0.0,0.0,0.0,872.2462850231677,0.0,257.079485062,0.0,0.0,0.0,0.007329661399126053,False,True,
s-008,after_common_greedy_prefix,3,50,0,-7571.133920179001,7828.213405241,12345.316879222999,6357.7276982698495,872.2462850231677,7882.59950146,311.4655812809997,0.006947446806009219,0.0,0.0,0.0793621875345707,False,False,
s-008,after_common_greedy_prefix,3,50,1,-7571.133920179001,7828.213405241,12345.316879222999,6357.7276982698495,872.2462850231677,7882.59950146,311.4655812809997,0.006947446806009219,0.0,0.0,0.08022933080792427,False,False,
s-008,after_common_greedy_prefix,4,50,0,-30586.038826466003,30843.118311528,47474.760087896,25075.431315214686,872.2462850231677,31204.656557427,618.6177309609957,0.011721844796862496,0.0,0.0,0.08787239715456963,False,False,
s-008,after_common_greedy_prefix,4,50,1,-30586.038826466003,30843.118311528,47474.760087896,25075.431315214686,872.2462850231677,31204.656557427,618.6177309609957,0.011721844796862496,0.0,0.0,0.08313513919711113,False,False,
s-008,after_common_greedy_prefix,5,50,0,468.66737775799993,0.0,0.0,0.0,872.2462850231677,0.0,468.66737775799993,0.0,0.0,0.0,0.007711496204137802,False,True,
s-008,after_common_greedy_prefix,5,50,1,468.66737775799993,0.0,0.0,0.0,872.2462850231677,0.0,468.66737775799993,0.0,0.0,0.0,0.007570318877696991,False,True,
s-008,after_common_greedy_prefix,6,50,0,-7687.057671537,8155.725049295,12185.88038008,6562.3837232022,872.2462850231677,8210.111145514,523.0534739770001,0.006668456316302792,0.0,0.0,0.08092522621154785,False,False,
s-008,after_common_greedy_prefix,6,50,1,-7687.057671537,8155.725049295,12185.88038008,6562.3837232022,872.2462850231677,8210.111145514,523.0534739770001,0.006668456316302792,0.0,0.0,0.08144946023821831,False,False,
s-008,after_common_greedy_prefix,7,50,0,-32591.924244895003,33060.591622653,51000.983959273,27372.656474071588,872.2462850231677,33546.129527167,954.2052822719997,0.014686304167083051,81.95899724883202,6.297444283189797e-05,0.08342800289392471,False,False,0.08342800289392471
s-008,after_common_greedy_prefix,7,50,1,-32591.924244895003,33060.591622653,51000.983959273,27372.656474071588,872.2462850231677,33546.129527167,954.2052822719997,0.014686304167083051,81.95899724883202,6.297444283189797e-05,0.08335201442241669,False,False,0.08335201442241669
s-008,after_common_greedy_prefix,8,50,0,872.2462850229995,0.0,0.0,0.0,872.2462850231677,0.0,872.2462850229995,0.0,0.0,0.0,0.007361125200986862,False,True,
s-008,after_common_greedy_prefix,8,50,1,872.2462850229995,0.0,0.0,0.0,872.2462850231677,0.0,872.2462850229995,0.0,0.0,0.0,0.007335584610700607,False,True,
s-008,after_common_greedy_prefix,9,50,0,-7233.820703986001,8106.066989009,12963.294696398,6681.524978928117,872.2462850231677,8160.264276712,926.4435727259988,0.006686015274298292,54.19728770283109,4.164331080971713e-05,0.0810026153922081,False,False,0.0810026153922081
s-008,after_common_greedy_prefix,9,50,1,-7233.820703986001,8106.066989009,12963.294696398,6681.524978928117,872.2462850231677,8160.264276712,926.4435727259988,0.006686015274298292,54.19728770283109,4.164331080971713e-05,0.08120672404766083,False,False,0.08120672404766083
s-008,after_common_greedy_prefix,10,50,0,-33302.277691657,34174.52397668,43960.712616334,27766.37557877368,872.2462850231677,34837.223283366,1534.9455917090017,0.01939161777756477,662.699306685834,0.0005091950976037618,0.08426162227988243,False,False,0.08426162227988243
s-008,after_common_greedy_prefix,10,50,1,-33302.277691657,34174.52397668,43960.712616334,27766.37557877368,872.2462850231677,34837.223283366,1534.9455917090017,0.01939161777756477,662.699306685834,0.0005091950976037618,0.08275708183646202,False,False,0.08275708183646202
s-008,after_common_greedy_prefix,0,10,0,-8398.524380339,8593.006701462,17279.057015483,7255.149695039065,872.2462850231677,8681.006839997,282.48245965800015,0.010240901885952025,0.0,0.0,0.04371257126331329,False,False,
s-008,after_common_greedy_prefix,0,10,1,-8398.524380339,8593.006701462,17279.057015483,7255.149695039065,872.2462850231677,8681.006839997,282.48245965800015,0.010240901885952025,0.0,0.0,0.04346539080142975,False,False,
s-008,after_common_greedy_prefix,1,10,0,-28776.170617887,28776.170617887,45828.288991353,24169.69317914487,872.2462850231677,29214.524150895,438.3535330079976,0.015233212883979814,0.0,0.0,0.044664718210697174,False,False,
s-008,after_common_greedy_prefix,1,10,1,-28776.170617887,28776.170617887,45828.288991353,24169.69317914487,872.2462850231677,29214.524150895,438.3535330079976,0.015233212883979814,0.0,0.0,0.04517992585897446,False,False,
s-008,after_common_greedy_prefix,2,10,0,257.079485062,0.0,0.0,0.0,872.2462850231677,0.0,257.079485062,0.0,0.0,0.0,0.008220646530389786,False,True,
s-008,after_common_greedy_prefix,2,10,1,257.079485062,0.0,0.0,0.0,872.2462850231677,0.0,257.079485062,0.0,0.0,0.0,0.007753167301416397,False,True,
s-008,after_common_greedy_prefix,3,10,0,-7571.133920179001,7828.213405241,12345.316879222999,6357.7276982698495,872.2462850231677,7882.59950146,311.4655812809997,0.006947446806009219,0.0,0.0,0.040851108729839325,False,False,
s-008,after_common_greedy_prefix,3,10,1,-7571.133920179001,7828.213405241,12345.316879222999,6357.7276982698495,872.2462850231677,7882.59950146,311.4655812809997,0.006947446806009219,0.0,0.0,0.040481001138687134,False,False,
s-008,after_common_greedy_prefix,4,10,0,-30586.038826466003,30843.118311528,47474.760087896,25075.431315214686,872.2462850231677,31204.656557427,618.6177309609957,0.011721844796862496,0.0,0.0,0.0448070727288723,False,False,
s-008,after_common_greedy_prefix,4,10,1,-30586.038826466003,30843.118311528,47474.760087896,25075.431315214686,872.2462850231677,31204.656557427,618.6177309609957,0.011721844796862496,0.0,0.0,0.04469699040055275,False,False,
s-008,after_common_greedy_prefix,5,10,0,468.66737775799993,0.0,0.0,0.0,872.2462850231677,0.0,468.66737775799993,0.0,0.0,0.0,0.007831528782844543,False,True,
s-008,after_common_greedy_prefix,5,10,1,468.66737775799993,0.0,0.0,0.0,872.2462850231677,0.0,468.66737775799993,0.0,0.0,0.0,0.007440507411956787,False,True,
s-008,after_common_greedy_prefix,6,10,0,-7687.057671537,8155.725049295,12185.88038008,6562.3837232022,872.2462850231677,8210.111145514,523.0534739770001,0.006668456316302792,0.0,0.0,0.041041746735572815,False,False,
s-008,after_common_greedy_prefix,6,10,1,-7687.057671537,8155.725049295,12185.88038008,6562.3837232022,872.2462850231677,8210.111145514,523.0534739770001,0.006668456316302792,0.0,0.0,0.04125532507896423,False,False,
s-008,after_common_greedy_prefix,7,10,0,-32591.924244895003,33060.591622653,51000.983959273,27372.656474071588,872.2462850231677,33546.129527167,954.2052822719997,0.014686304167083051,81.95899724883202,6.297444283189797e-05,0.04489075392484665,False,False,0.04489075392484665
s-008,after_common_greedy_prefix,7,10,1,-32591.924244895003,33060.591622653,51000.983959273,27372.656474071588,872.2462850231677,33546.129527167,954.2052822719997,0.014686304167083051,81.95899724883202,6.297444283189797e-05,0.04602869227528572,False,False,0.04602869227528572
s-008,after_common_greedy_prefix,8,10,0,872.2462850229995,0.0,0.0,0.0,872.2462850231677,0.0,872.2462850229995,0.0,0.0,0.0,0.008330874145030975,False,True,
s-008,after_common_greedy_prefix,8,10,1,872.2462850229995,0.0,0.0,0.0,872.2462850231677,0.0,872.2462850229995,0.0,0.0,0.0,0.007633112370967865,False,True,
s-008,after_common_greedy_prefix,9,10,0,-7233.820703986001,8106.066989009,12963.294696398,6681.524978928117,872.2462850231677,8160.264276712,926.4435727259988,0.006686015274298292,54.19728770283109,4.164331080971713e-05,0.04269653558731079,False,False,0.04269653558731079
s-008,after_common_greedy_prefix,9,10,1,-7233.820703986001,8106.066989009,12963.294696398,6681.524978928117,872.2462850231677,8160.264276712,926.4435727259988,0.006686015274298292,54.19728770283109,4.164331080971713e-05,0.04225793853402138,False,False,0.04225793853402138
s-008,after_common_greedy_prefix,10,10,0,-33302.277691657,34174.52397668,43960.712616334,27766.37557877368,872.2462850231677,34837.223283366,1534.9455917090017,0.01939161777756477,662.699306685834,0.0005091950976037618,0.045130468904972076,False,False,0.045130468904972076
s-008,after_common_greedy_prefix,10,10,1,-33302.277691657,34174.52397668,43960.712616334,27766.37557877368,872.2462850231677,34837.223283366,1534.9455917090017,0.01939161777756477,662.699306685834,0.0005091950976037618,0.044840630143880844,False,False,0.044840630143880844
s-009,after_one_actual_history_call,0,200,0,-8398.524380339,8593.006701462,17279.057015483,7255.149695039065,872.2462850231677,8681.006839997,282.48245965800015,0.010240901885952025,0.0,0.0,0.22899245843291283,False,False,
s-009,after_one_actual_history_call,0,200,1,-8398.524380339,8593.006701462,17279.057015483,7255.149695039065,872.2462850231677,8681.006839997,282.48245965800015,0.010240901885952025,0.0,0.0,0.22682227939367294,False,False,
s-009,after_one_actual_history_call,0,1000,0,-8398.524380339,8593.006701462,17279.057015483,7255.149695039065,872.2462850231677,8681.006839997,282.48245965800015,0.010240901885952025,0.0,0.0,1.0264451950788498,False,False,
s-009,after_one_actual_history_call,0,1000,1,-8398.524380339,8593.006701462,17279.057015483,7255.149695039065,872.2462850231677,8681.006839997,282.48245965800015,0.010240901885952025,0.0,0.0,1.0280842073261738,False,False,
s-009,after_one_actual_history_call,1,200,0,-28776.170617887,28776.170617887,45828.288991353,24169.69317914487,872.2462850231677,29247.353541326,471.18292343899884,0.01637406622638371,0.0,0.0,0.22880015149712563,False,False,
s-009,after_one_actual_history_call,1,200,1,-28776.170617887,28776.170617887,45828.288991353,24169.69317914487,872.2462850231677,29247.353541326,471.18292343899884,0.01637406622638371,0.0,0.0,0.22843660786747932,False,False,
s-009,after_one_actual_history_call,1,1000,0,-28776.170617887,28776.170617887,45828.288991353,24169.69317914487,872.2462850231677,29247.353541326,471.18292343899884,0.01637406622638371,0.0,0.0,1.028297569602728,False,False,
s-009,after_one_actual_history_call,1,1000,1,-28776.170617887,28776.170617887,45828.288991353,24169.69317914487,872.2462850231677,29247.353541326,471.18292343899884,0.01637406622638371,0.0,0.0,1.0286208242177963,False,False,
s-009,after_one_actual_history_call,2,200,0,257.079485062,0.0,0.0,0.0,872.2462850231677,0.0,257.079485062,0.0,0.0,0.0,0.007295776158571243,False,True,
s-009,after_one_actual_history_call,2,200,1,257.079485062,0.0,0.0,0.0,872.2462850231677,0.0,257.079485062,0.0,0.0,0.0,0.007187951356172562,False,True,
s-009,after_one_actual_history_call,2,1000,0,257.079485062,0.0,0.0,0.0,872.2462850231677,0.0,257.079485062,0.0,0.0,0.0,0.007164806127548218,False,True,
s-009,after_one_actual_history_call,2,1000,1,257.079485062,0.0,0.0,0.0,872.2462850231677,0.0,257.079485062,0.0,0.0,0.0,0.007129013538360596,False,True,
s-009,after_one_actual_history_call,3,200,0,-7571.133920179001,7828.213405241,12345.316879222999,6357.7276982698495,872.2462850231677,7882.59950146,311.4655812809997,0.006947446806009219,0.0,0.0,0.22621475160121918,False,False,
s-009,after_one_actual_history_call,3,200,1,-7571.133920179001,7828.213405241,12345.316879222999,6357.7276982698495,872.2462850231677,7882.59950146,311.4655812809997,0.006947446806009219,0.0,0.0,0.22520263493061066,False,False,
s-009,after_one_actual_history_call,3,1000,0,-7571.133920179001,7828.213405241,12345.316879222999,6357.7276982698495,872.2462850231677,7882.59950146,311.4655812809997,0.006947446806009219,0.0,0.0,1.0251320637762547,False,False,
s-009,after_one_actual_history_call,3,1000,1,-7571.133920179001,7828.213405241,12345.316879222999,6357.7276982698495,872.2462850231677,7882.59950146,311.4655812809997,0.006947446806009219,0.0,0.0,1.024906612932682,False,False,
s-009,after_one_actual_history_call,4,200,0,-30586.038826466003,31204.656557427,47474.760087896,25075.431315214686,872.2462850231677,31204.656557427,618.6177309609957,0.0,0.0,0.0,0.0050325579941272736,False,True,
s-009,after_one_actual_history_call,4,200,1,-30586.038826466003,31204.656557427,47474.760087896,25075.431315214686,872.2462850231677,31204.656557427,618.6177309609957,0.0,0.0,0.0,0.00498160719871521,False,True,
s-009,after_one_actual_history_call,4,1000,0,-30586.038826466003,31204.656557427,47474.760087896,25075.431315214686,872.2462850231677,31204.656557427,618.6177309609957,0.0,0.0,0.0,1.0299643203616142,False,True,
s-009,after_one_actual_history_call,4,1000,1,-30586.038826466003,31204.656557427,47474.760087896,25075.431315214686,872.2462850231677,31204.656557427,618.6177309609957,0.0,0.0,0.0,1.028681367635727,False,True,
s-009,after_one_actual_history_call,5,200,0,468.66737775799993,0.0,0.0,0.0,872.2462850231677,0.0,468.66737775799993,0.0,0.0,0.0,0.007484640926122665,False,True,
s-009,after_one_actual_history_call,5,200,1,468.66737775799993,0.0,0.0,0.0,872.2462850231677,0.0,468.66737775799993,0.0,0.0,0.0,0.007148850709199905,False,True,
s-009,after_one_actual_history_call,5,1000,0,468.66737775799993,0.0,0.0,0.0,872.2462850231677,0.0,468.66737775799993,0.0,0.0,0.0,0.007151488214731216,False,True,
s-009,after_one_actual_history_call,5,1000,1,468.66737775799993,0.0,0.0,0.0,872.2462850231677,0.0,468.66737775799993,0.0,0.0,0.0,0.007138397544622421,False,True,
s-009,after_one_actual_history_call,6,200,0,-7687.057671537,8155.725049295,12185.88038008,6562.3837232022,872.2462850231677,8210.111145514,523.0534739770001,0.006668456316302792,0.0,0.0,0.22468339279294014,False,False,
s-009,after_one_actual_history_call,6,200,1,-7687.057671537,8155.725049295,12185.88038008,6562.3837232022,872.2462850231677,8210.111145514,523.0534739770001,0.006668456316302792,0.0,0.0,0.2246224507689476,False,False,
s-009,after_one_actual_history_call,6,1000,0,-7687.057671537,8155.725049295,12185.88038008,6562.3837232022,872.2462850231677,8210.111145514,523.0534739770001,0.006668456316302792,0.0,0.0,1.025207992643118,False,False,
s-009,after_one_actual_history_call,6,1000,1,-7687.057671537,8155.725049295,12185.88038008,6562.3837232022,872.2462850231677,8210.111145514,523.0534739770001,0.006668456316302792,0.0,0.0,1.0247322507202625,False,False,
s-009,after_one_actual_history_call,7,200,0,-32591.924244895003,33060.591622653,51000.983959273,27372.656474071588,872.2462850231677,33546.129527167,954.2052822719997,0.014686304167083051,81.95899724883202,6.297444283189797e-05,0.22766201198101044,False,False,0.22766201198101044
s-009,after_one_actual_history_call,7,200,1,-32591.924244895003,33060.591622653,51000.983959273,27372.656474071588,872.2462850231677,33546.129527167,954.2052822719997,0.014686304167083051,81.95899724883202,6.297444283189797e-05,0.2275880016386509,False,False,0.2275880016386509
s-009,after_one_actual_history_call,7,1000,0,-32591.924244895003,33060.591622653,51000.983959273,27372.656474071588,872.2462850231677,33546.129527167,954.2052822719997,0.014686304167083051,81.95899724883202,6.297444283189797e-05,1.0266178846359253,False,False,1.0266178846359253
s-009,after_one_actual_history_call,7,1000,1,-32591.924244895003,33060.591622653,51000.983959273,27372.656474071588,872.2462850231677,33546.129527167,954.2052822719997,0.014686304167083051,81.95899724883202,6.297444283189797e-05,1.0265804268419743,False,False,1.0265804268419743
s-009,after_one_actual_history_call,8,200,0,872.2462850229995,0.0,0.0,0.0,872.2462850231677,0.0,872.2462850229995,0.0,0.0,0.0,0.007266536355018616,False,True,
s-009,after_one_actual_history_call,8,200,1,872.2462850229995,0.0,0.0,0.0,872.2462850231677,0.0,872.2462850229995,0.0,0.0,0.0,0.00742165744304657,False,True,
s-009,after_one_actual_history_call,8,1000,0,872.2462850229995,0.0,0.0,0.0,872.2462850231677,0.0,872.2462850229995,0.0,0.0,0.0,0.0075643062591552734,False,True,
s-009,after_one_actual_history_call,8,1000,1,872.2462850229995,0.0,0.0,0.0,872.2462850231677,0.0,872.2462850229995,0.0,0.0,0.0,0.0073972418904304504,False,True,
s-009,after_one_actual_history_call,9,200,0,-7233.820703986001,8106.066989009,12963.294696398,6681.524978928117,872.2462850231677,8160.264276712,926.4435727259988,0.006686015274298292,54.19728770283109,4.164331080971713e-05,0.22499313205480576,False,False,0.22499313205480576
s-009,after_one_actual_history_call,9,200,1,-7233.820703986001,8106.066989009,12963.294696398,6681.524978928117,872.2462850231677,8160.264276712,926.4435727259988,0.006686015274298292,54.19728770283109,4.164331080971713e-05,0.2246890291571617,False,False,0.2246890291571617
s-009,after_one_actual_history_call,9,1000,0,-7233.820703986001,8106.066989009,12963.294696398,6681.524978928117,872.2462850231677,8160.264276712,926.4435727259988,0.006686015274298292,54.19728770283109,4.164331080971713e-05,1.02520252764225,False,False,1.02520252764225
s-009,after_one_actual_history_call,9,1000,1,-7233.820703986001,8106.066989009,12963.294696398,6681.524978928117,872.2462850231677,8160.264276712,926.4435727259988,0.006686015274298292,54.19728770283109,4.164331080971713e-05,1.024576187133789,False,False,1.024576187133789
s-009,after_one_actual_history_call,10,200,0,-33302.277691657,34174.52397668,43960.712616334,27766.37557877368,872.2462850231677,34837.223283366,1534.9455917090017,0.01939161777756477,662.699306685834,0.0005091950976037618,0.22826802358031273,False,False,0.22826802358031273
s-009,after_one_actual_history_call,10,200,1,-33302.277691657,34174.52397668,43960.712616334,27766.37557877368,872.2462850231677,34837.223283366,1534.9455917090017,0.01939161777756477,662.699306685834,0.0005091950976037618,0.22787335515022278,False,False,0.22787335515022278
s-009,after_one_actual_history_call,10,1000,0,-33302.277691657,34174.52397668,43960.712616334,27766.37557877368,872.2462850231677,34837.223283366,1534.9455917090017,0.01939161777756477,662.699306685834,0.0005091950976037618,1.0296463333070278,False,False,1.0296463333070278
s-009,after_one_actual_history_call,10,1000,1,-33302.277691657,34174.52397668,43960.712616334,27766.37557877368,872.2462850231677,34837.223283366,1534.9455917090017,0.01939161777756477,662.699306685834,0.0005091950976037618,1.028839435428381,False,False,1.028839435428381
s-009,after_one_actual_history_call,0,50,0,-8398.524380339,8593.006701462,17279.057015483,7255.149695039065,872.2462850231677,8681.006839997,282.48245965800015,0.010240901885952025,0.0,0.0,0.07976789772510529,False,False,
s-009,after_one_actual_history_call,0,50,1,-8398.524380339,8593.006701462,17279.057015483,7255.149695039065,872.2462850231677,8681.006839997,282.48245965800015,0.010240901885952025,0.0,0.0,0.08343496918678284,False,False,
s-009,after_one_actual_history_call,1,50,0,-28776.170617887,28776.170617887,45828.288991353,24169.69317914487,872.2462850231677,29229.112272981,452.94165509400045,0.015740164357117625,0.0,0.0,0.08323635160923004,False,False,
s-009,after_one_actual_history_call,1,50,1,-28776.170617887,28776.170617887,45828.288991353,24169.69317914487,872.2462850231677,29229.112272981,452.94165509400045,0.015740164357117625,0.0,0.0,0.08326277881860733,False,False,
s-009,after_one_actual_history_call,2,50,0,257.079485062,0.0,0.0,0.0,872.2462850231677,0.0,257.079485062,0.0,0.0,0.0,0.007597256451845169,False,True,
s-009,after_one_actual_history_call,2,50,1,257.079485062,0.0,0.0,0.0,872.2462850231677,0.0,257.079485062,0.0,0.0,0.0,0.007573064416646957,False,True,
s-009,after_one_actual_history_call,3,50,0,-7571.133920179001,7828.213405241,12345.316879222999,6357.7276982698495,872.2462850231677,7882.59950146,311.4655812809997,0.006947446806009219,0.0,0.0,0.0801614299416542,False,False,
s-009,after_one_actual_history_call,3,50,1,-7571.133920179001,7828.213405241,12345.316879222999,6357.7276982698495,872.2462850231677,7882.59950146,311.4655812809997,0.006947446806009219,0.0,0.0,0.07912471145391464,False,False,
s-009,after_one_actual_history_call,4,50,0,-30586.038826466003,31204.656557427,47474.760087896,25075.431315214686,872.2462850231677,31204.656557427,618.6177309609957,0.0,0.0,0.0,0.08247949555516243,False,True,
s-009,after_one_actual_history_call,4,50,1,-30586.038826466003,31204.656557427,47474.760087896,25075.431315214686,872.2462850231677,31204.656557427,618.6177309609957,0.0,0.0,0.0,0.08138128742575645,False,True,
s-009,after_one_actual_history_call,5,50,0,468.66737775799993,0.0,0.0,0.0,872.2462850231677,0.0,468.66737775799993,0.0,0.0,0.0,0.00715189054608345,False,True,
s-009,after_one_actual_history_call,5,50,1,468.66737775799993,0.0,0.0,0.0,872.2462850231677,0.0,468.66737775799993,0.0,0.0,0.0,0.007163543254137039,False,True,
s-009,after_one_actual_history_call,6,50,0,-7687.057671537,8155.725049295,12185.88038008,6562.3837232022,872.2462850231677,8210.111145514,523.0534739770001,0.006668456316302792,0.0,0.0,0.08076253533363342,False,False,
s-009,after_one_actual_history_call,6,50,1,-7687.057671537,8155.725049295,12185.88038008,6562.3837232022,872.2462850231677,8210.111145514,523.0534739770001,0.006668456316302792,0.0,0.0,0.08090503886342049,False,False,
s-009,after_one_actual_history_call,7,50,0,-32591.924244895003,33060.591622653,51000.983959273,27372.656474071588,872.2462850231677,33546.129527167,954.2052822719997,0.014686304167083051,81.95899724883202,6.297444283189797e-05,0.08405819162726402,False,False,0.08405819162726402
s-009,after_one_actual_history_call,7,50,1,-32591.924244895003,33060.591622653,51000.983959273,27372.656474071588,872.2462850231677,33546.129527167,954.2052822719997,0.014686304167083051,81.95899724883202,6.297444283189797e-05,0.08500205725431442,False,False,0.08500205725431442
s-009,after_one_actual_history_call,8,50,0,872.2462850229995,0.0,0.0,0.0,872.2462850231677,0.0,872.2462850229995,0.0,0.0,0.0,0.0081627257168293,False,True,
s-009,after_one_actual_history_call,8,50,1,872.2462850229995,0.0,0.0,0.0,872.2462850231677,0.0,872.2462850229995,0.0,0.0,0.0,0.008052971214056015,False,True,
s-009,after_one_actual_history_call,9,50,0,-7233.820703986001,8106.066989009,12963.294696398,6681.524978928117,872.2462850231677,8160.264276712,926.4435727259988,0.006686015274298292,54.19728770283109,4.164331080971713e-05,0.07989292219281197,False,False,0.07989292219281197
s-009,after_one_actual_history_call,9,50,1,-7233.820703986001,8106.066989009,12963.294696398,6681.524978928117,872.2462850231677,8160.264276712,926.4435727259988,0.006686015274298292,54.19728770283109,4.164331080971713e-05,0.07912980020046234,False,False,0.07912980020046234
s-009,after_one_actual_history_call,10,50,0,-33302.277691657,34174.52397668,43960.712616334,27766.37557877368,872.2462850231677,34837.223283366,1534.9455917090017,0.01939161777756477,662.699306685834,0.0005091950976037618,0.08226856961846352,False,False,0.08226856961846352
s-009,after_one_actual_history_call,10,50,1,-33302.277691657,34174.52397668,43960.712616334,27766.37557877368,872.2462850231677,34837.223283366,1534.9455917090017,0.01939161777756477,662.699306685834,0.0005091950976037618,0.08185964077711105,False,False,0.08185964077711105
s-009,after_one_actual_history_call,0,10,0,-8398.524380339,8593.006701462,17279.057015483,7255.149695039065,872.2462850231677,8681.006839997,282.48245965800015,0.010240901885952025,0.0,0.0,0.043581120669841766,False,False,
s-009,after_one_actual_history_call,0,10,1,-8398.524380339,8593.006701462,17279.057015483,7255.149695039065,872.2462850231677,8681.006839997,282.48245965800015,0.010240901885952025,0.0,0.0,0.04273195564746857,False,False,
s-009,after_one_actual_history_call,1,10,0,-28776.170617887,28776.170617887,45828.288991353,24169.69317914487,872.2462850231677,29214.524150895,438.3535330079976,0.015233212883979814,0.0,0.0,0.0453244112432003,False,False,
s-009,after_one_actual_history_call,1,10,1,-28776.170617887,28776.170617887,45828.288991353,24169.69317914487,872.2462850231677,29214.524150895,438.3535330079976,0.015233212883979814,0.0,0.0,0.04355406016111374,False,False,
s-009,after_one_actual_history_call,2,10,0,257.079485062,0.0,0.0,0.0,872.2462850231677,0.0,257.079485062,0.0,0.0,0.0,0.007928978651762009,False,True,
s-009,after_one_actual_history_call,2,10,1,257.079485062,0.0,0.0,0.0,872.2462850231677,0.0,257.079485062,0.0,0.0,0.0,0.00797964259982109,False,True,
s-009,after_one_actual_history_call,3,10,0,-7571.133920179001,7828.213405241,12345.316879222999,6357.7276982698495,872.2462850231677,7882.59950146,311.4655812809997,0.006947446806009219,0.0,0.0,0.04110677167773247,False,False,
s-009,after_one_actual_history_call,3,10,1,-7571.133920179001,7828.213405241,12345.316879222999,6357.7276982698495,872.2462850231677,7882.59950146,311.4655812809997,0.006947446806009219,0.0,0.0,0.04105508700013161,False,False,
s-009,after_one_actual_history_call,4,10,0,-30586.038826466003,31204.656557427,47474.760087896,25075.431315214686,872.2462850231677,31204.656557427,618.6177309609957,0.0,0.0,0.0,0.04495154321193695,False,True,
s-009,after_one_actual_history_call,4,10,1,-30586.038826466003,31204.656557427,47474.760087896,25075.431315214686,872.2462850231677,31204.656557427,618.6177309609957,0.0,0.0,0.0,0.04474158212542534,False,True,
s-009,after_one_actual_history_call,5,10,0,468.66737775799993,0.0,0.0,0.0,872.2462850231677,0.0,468.66737775799993,0.0,0.0,0.0,0.008199464529752731,False,True,
s-009,after_one_actual_history_call,5,10,1,468.66737775799993,0.0,0.0,0.0,872.2462850231677,0.0,468.66737775799993,0.0,0.0,0.0,0.00793793797492981,False,True,
s-009,after_one_actual_history_call,6,10,0,-7687.057671537,8155.725049295,12185.88038008,6562.3837232022,872.2462850231677,8210.111145514,523.0534739770001,0.006668456316302792,0.0,0.0,0.04204868897795677,False,False,
s-009,after_one_actual_history_call,6,10,1,-7687.057671537,8155.725049295,12185.88038008,6562.3837232022,872.2462850231677,8210.111145514,523.0534739770001,0.006668456316302792,0.0,0.0,0.04152330756187439,False,False,
s-009,after_one_actual_history_call,7,10,0,-32591.924244895003,33060.591622653,51000.983959273,27372.656474071588,872.2462850231677,33546.129527167,954.2052822719997,0.014686304167083051,81.95899724883202,6.297444283189797e-05,0.04426710307598114,False,False,0.04426710307598114
s-009,after_one_actual_history_call,7,10,1,-32591.924244895003,33060.591622653,51000.983959273,27372.656474071588,872.2462850231677,33546.129527167,954.2052822719997,0.014686304167083051,81.95899724883202,6.297444283189797e-05,0.045314520597457886,False,False,0.045314520597457886
s-009,after_one_actual_history_call,8,10,0,872.2462850229995,0.0,0.0,0.0,872.2462850231677,0.0,872.2462850229995,0.0,0.0,0.0,0.008674543350934982,False,True,
s-009,after_one_actual_history_call,8,10,1,872.2462850229995,0.0,0.0,0.0,872.2462850231677,0.0,872.2462850229995,0.0,0.0,0.0,0.00857914611697197,False,True,
s-009,after_one_actual_history_call,9,10,0,-7233.820703986001,8106.066989009,12963.294696398,6681.524978928117,872.2462850231677,8160.264276712,926.4435727259988,0.006686015274298292,54.19728770283109,4.164331080971713e-05,0.043581441044807434,False,False,0.043581441044807434
s-009,after_one_actual_history_call,9,10,1,-7233.820703986001,8106.066989009,12963.294696398,6681.524978928117,872.2462850231677,8160.264276712,926.4435727259988,0.006686015274298292,54.19728770283109,4.164331080971713e-05,0.04347570613026619,False,False,0.04347570613026619
s-009,after_one_actual_history_call,10,10,0,-33302.277691657,34174.52397668,43960.712616334,27766.37557877368,872.2462850231677,34837.223283366,1534.9455917090017,0.01939161777756477,662.699306685834,0.0005091950976037618,0.04626184329390526,False,False,0.04626184329390526
s-009,after_one_actual_history_call,10,10,1,-33302.277691657,34174.52397668,43960.712616334,27766.37557877368,872.2462850231677,34837.223283366,1534.9455917090017,0.01939161777756477,662.699306685834,0.0005091950976037618,0.04589761793613434,False,False,0.04589761793613434
s-010,after_common_greedy_prefix,0,200,0,-7472.872618421,7772.927040492,10805.669739383,6022.057779748276,874.8442131490447,7989.047686528,516.1750681069998,0.027804280795400368,0.0,0.0,0.22931873053312302,False,False,
s-010,after_common_greedy_prefix,0,200,1,-7472.872618421,7772.927040492,10805.669739383,6022.057779748276,874.8442131490447,7989.047686528,516.1750681069998,0.027804280795400368,0.0,0.0,0.22547727078199387,False,False,
s-010,after_common_greedy_prefix,0,1000,0,-7472.872618421,7772.927040492,10805.669739383,6022.057779748276,874.8442131490447,7989.047686528,516.1750681069998,0.027804280795400368,0.0,0.0,1.026919387280941,False,False,
s-010,after_common_greedy_prefix,0,1000,1,-7472.872618421,7772.927040492,10805.669739383,6022.057779748276,874.8442131490447,7989.047686528,516.1750681069998,0.027804280795400368,0.0,0.0,1.0267625115811825,False,False,
s-010,after_common_greedy_prefix,1,200,0,-30357.076961457,30357.076961457,38911.718756814,22051.4682676046,874.8442131490447,30829.164259316,472.0872978589978,0.015551144744877298,0.0,0.0,0.22819364443421364,False,False,
s-010,after_common_greedy_prefix,1,200,1,-30357.076961457,30357.076961457,38911.718756814,22051.4682676046,874.8442131490447,30829.164259316,472.0872978589978,0.015551144744877298,0.0,0.0,0.22739621624350548,False,False,
s-010,after_common_greedy_prefix,1,1000,0,-30357.076961457,30357.076961457,38911.718756814,22051.4682676046,874.8442131490447,30829.164259316,472.0872978589978,0.015551144744877298,0.0,0.0,1.0289876386523247,False,False,
s-010,after_common_greedy_prefix,1,1000,1,-30357.076961457,30357.076961457,38911.718756814,22051.4682676046,874.8442131490447,30829.164259316,472.0872978589978,0.015551144744877298,0.0,0.0,1.029758058488369,False,False,
s-010,after_common_greedy_prefix,2,200,0,257.079485062,0.0,0.0,0.0,874.8442131490447,0.0,257.079485062,0.0,0.0,0.0,0.0081690214574337,False,True,
s-010,after_common_greedy_prefix,2,200,1,257.079485062,0.0,0.0,0.0,874.8442131490447,0.0,257.079485062,0.0,0.0,0.0,0.008325472474098206,False,True,
s-010,after_common_greedy_prefix,2,1000,0,257.079485062,0.0,0.0,0.0,874.8442131490447,0.0,257.079485062,0.0,0.0,0.0,0.008375704288482666,False,True,
s-010,after_common_greedy_prefix,2,1000,1,257.079485062,0.0,0.0,0.0,874.8442131490447,0.0,257.079485062,0.0,0.0,0.0,0.008107572793960571,False,True,
s-010,after_common_greedy_prefix,3,200,0,-7904.127817635,8161.207302697,11684.22500484,6085.768071673033,874.8442131490447,8208.287403005,304.15958537000097,0.005768766625060749,0.0,0.0,0.22627834230661392,False,False,
s-010,after_common_greedy_prefix,3,200,1,-7904.127817635,8161.207302697,11684.22500484,6085.768071673033,874.8442131490447,8208.287403005,304.15958537000097,0.005768766625060749,0.0,0.0,0.22716191783547401,False,False,
s-010,after_common_greedy_prefix,3,1000,0,-7904.127817635,8161.207302697,11684.22500484,6085.768071673033,874.8442131490447,8208.287403005,304.15958537000097,0.005768766625060749,0.0,0.0,1.025439877063036,False,False,
s-010,after_common_greedy_prefix,3,1000,1,-7904.127817635,8161.207302697,11684.22500484,6085.768071673033,874.8442131490447,8208.287403005,304.15958537000097,0.005768766625060749,0.0,0.0,1.0252101719379425,False,False,
s-010,after_common_greedy_prefix,4,200,0,-31224.237924998,31481.31741006,49849.127918211,25816.1415233063,874.8442131490447,31866.913047812,642.6751228139983,0.012248395857435718,0.0,0.0,0.22774804756045341,False,False,
s-010,after_common_greedy_prefix,4,200,1,-31224.237924998,31481.31741006,49849.127918211,25816.1415233063,874.8442131490447,31866.913047812,642.6751228139983,0.012248395857435718,0.0,0.0,0.22645145282149315,False,False,
s-010,after_common_greedy_prefix,4,1000,0,-31224.237924998,31481.31741006,49849.127918211,25816.1415233063,874.8442131490447,31866.913047812,642.6751228139983,0.012248395857435718,0.0,0.0,1.0276543609797955,False,False,
s-010,after_common_greedy_prefix,4,1000,1,-31224.237924998,31481.31741006,49849.127918211,25816.1415233063,874.8442131490447,31866.913047812,642.6751228139983,0.012248395857435718,0.0,0.0,1.026675146073103,False,False,
s-010,after_common_greedy_prefix,5,200,0,468.66737775799993,0.0,0.0,0.0,874.8442131490447,0.0,468.66737775799993,0.0,0.0,0.0,0.007390547543764114,False,True,
s-010,after_common_greedy_prefix,5,200,1,468.66737775799993,0.0,0.0,0.0,874.8442131490447,0.0,468.66737775799993,0.0,0.0,0.0,0.007131487131118774,False,True,
s-010,after_common_greedy_prefix,5,1000,0,468.66737775799993,0.0,0.0,0.0,874.8442131490447,0.0,468.66737775799993,0.0,0.0,0.0,0.007134325802326202,False,True,
s-010,after_common_greedy_prefix,5,1000,1,468.66737775799993,0.0,0.0,0.0,874.8442131490447,0.0,468.66737775799993,0.0,0.0,0.0,0.00712188333272934,False,True,
s-010,after_common_greedy_prefix,6,200,0,-7359.546027482999,7828.213405241,12345.316879222999,6357.7276982698495,874.8442131490447,7882.59950146,523.053473977001,0.006947446806009219,0.0,0.0,0.22476447001099586,False,False,
s-010,after_common_greedy_prefix,6,200,1,-7359.546027482999,7828.213405241,12345.316879222999,6357.7276982698495,874.8442131490447,7882.59950146,523.053473977001,0.006947446806009219,0.0,0.0,0.22463856264948845,False,False,
s-010,after_common_greedy_prefix,6,1000,0,-7359.546027482999,7828.213405241,12345.316879222999,6357.7276982698495,874.8442131490447,7882.59950146,523.053473977001,0.006947446806009219,0.0,0.0,1.0238808207213879,False,False,
s-010,after_common_greedy_prefix,6,1000,1,-7359.546027482999,7828.213405241,12345.316879222999,6357.7276982698495,874.8442131490447,7882.59950146,523.053473977001,0.006947446806009219,0.0,0.0,1.0241709277033806,False,False,
s-010,after_common_greedy_prefix,7,200,0,-32519.490860302,32988.15823806,49734.02691969,26765.624530423724,874.8442131490447,33474.650064426,955.1592041240001,0.01474746855690511,80.31499097495544,6.171124559200008e-05,0.22752194851636887,False,False,0.22752194851636887
s-010,after_common_greedy_prefix,7,200,1,-32519.490860302,32988.15823806,49734.02691969,26765.624530423724,874.8442131490447,33474.650064426,955.1592041240001,0.01474746855690511,80.31499097495544,6.171124559200008e-05,0.22674011066555977,False,False,0.22674011066555977
s-010,after_common_greedy_prefix,7,1000,0,-32519.490860302,32988.15823806,49734.02691969,26765.624530423724,874.8442131490447,33474.650064426,955.1592041240001,0.01474746855690511,80.31499097495544,6.171124559200008e-05,1.0272435583174229,False,False,1.0272435583174229
s-010,after_common_greedy_prefix,7,1000,1,-32519.490860302,32988.15823806,49734.02691969,26765.624530423724,874.8442131490447,33474.650064426,955.1592041240001,0.01474746855690511,80.31499097495544,6.171124559200008e-05,1.026638150215149,False,False,1.026638150215149
s-010,after_common_greedy_prefix,8,200,0,872.2462850229995,0.0,0.0,0.0,874.8442131490447,0.0,872.2462850229995,0.0,0.0,0.0,0.00720621645450592,False,True,
s-010,after_common_greedy_prefix,8,200,1,872.2462850229995,0.0,0.0,0.0,874.8442131490447,0.0,872.2462850229995,0.0,0.0,0.0,0.00717371329665184,False,True,
s-010,after_common_greedy_prefix,8,1000,0,872.2462850229995,0.0,0.0,0.0,874.8442131490447,0.0,872.2462850229995,0.0,0.0,0.0,0.007149118930101395,False,True,
s-010,after_common_greedy_prefix,8,1000,1,872.2462850229995,0.0,0.0,0.0,874.8442131490447,0.0,872.2462850229995,0.0,0.0,0.0,0.007119812071323395,False,True,
s-010,after_common_greedy_prefix,9,200,0,-7297.270554226001,8172.114767375,12190.400661668,6500.3054563284,874.8442131490447,8219.006059167,921.7355049409998,0.005737962954118274,46.891291791955155,3.602963766505096e-05,0.22420216724276543,False,False,0.22420216724276543
s-010,after_common_greedy_prefix,9,200,1,-7297.270554226001,8172.114767375,12190.400661668,6500.3054563284,874.8442131490447,8219.006059167,921.7355049409998,0.005737962954118274,46.891291791955155,3.602963766505096e-05,0.2246987521648407,False,False,0.2246987521648407
s-010,after_common_greedy_prefix,9,1000,0,-7297.270554226001,8172.114767375,12190.400661668,6500.3054563284,874.8442131490447,8219.006059167,921.7355049409998,0.005737962954118274,46.891291791955155,3.602963766505096e-05,1.024091262370348,False,False,1.024091262370348
s-010,after_common_greedy_prefix,9,1000,1,-7297.270554226001,8172.114767375,12190.400661668,6500.3054563284,874.8442131490447,8219.006059167,921.7355049409998,0.005737962954118274,46.891291791955155,3.602963766505096e-05,1.0250984951853752,False,False,1.0250984951853752
s-010,after_common_greedy_prefix,10,200,0,-33299.540088907,34171.78637393,43954.966024528,27674.105527046802,874.8442131490447,34835.75664993,1536.2165610230004,0.019430364825953308,661.3723478739557,0.0005081755086062879,0.2276010364294052,False,False,0.2276010364294052
s-010,after_common_greedy_prefix,10,200,1,-33299.540088907,34171.78637393,43954.966024528,27674.105527046802,874.8442131490447,34835.75664993,1536.2165610230004,0.019430364825953308,661.3723478739557,0.0005081755086062879,0.22750646620988846,False,False,0.22750646620988846
s-010,after_common_greedy_prefix,10,1000,0,-33299.540088907,34171.78637393,43954.966024528,27674.105527046802,874.8442131490447,34835.75664993,1536.2165610230004,0.019430364825953308,661.3723478739557,0.0005081755086062879,1.0282658264040947,False,False,1.0282658264040947
s-010,after_common_greedy_prefix,10,1000,1,-33299.540088907,34171.78637393,43954.966024528,27674.105527046802,874.8442131490447,34835.75664993,1536.2165610230004,0.019430364825953308,661.3723478739557,0.0005081755086062879,1.027481947094202,False,False,1.027481947094202
s-010,after_common_greedy_prefix,0,50,0,-7472.872618421,7772.927040492,10805.669739383,6022.057779748276,874.8442131490447,7989.047686528,516.1750681069998,0.027804280795400368,0.0,0.0,0.08169541880488396,False,False,
s-010,after_common_greedy_prefix,0,50,1,-7472.872618421,7772.927040492,10805.669739383,6022.057779748276,874.8442131490447,7989.047686528,516.1750681069998,0.027804280795400368,0.0,0.0,0.08213618770241737,False,False,
s-010,after_common_greedy_prefix,1,50,0,-30357.076961457,30357.076961457,38911.718756814,22051.4682676046,874.8442131490447,30829.164259316,472.0872978589978,0.015551144744877298,0.0,0.0,0.08399976044893265,False,False,
s-010,after_common_greedy_prefix,1,50,1,-30357.076961457,30357.076961457,38911.718756814,22051.4682676046,874.8442131490447,30829.164259316,472.0872978589978,0.015551144744877298,0.0,0.0,0.0842173621058464,False,False,
s-010,after_common_greedy_prefix,2,50,0,257.079485062,0.0,0.0,0.0,874.8442131490447,0.0,257.079485062,0.0,0.0,0.0,0.007326014339923859,False,True,
s-010,after_common_greedy_prefix,2,50,1,257.079485062,0.0,0.0,0.0,874.8442131490447,0.0,257.079485062,0.0,0.0,0.0,0.007182955741882324,False,True,
s-010,after_common_greedy_prefix,3,50,0,-7904.127817635,8161.207302697,11684.22500484,6085.768071673033,874.8442131490447,8208.287403005,304.15958537000097,0.005768766625060749,0.0,0.0,0.08020786941051483,False,False,
s-010,after_common_greedy_prefix,3,50,1,-7904.127817635,8161.207302697,11684.22500484,6085.768071673033,874.8442131490447,8208.287403005,304.15958537000097,0.005768766625060749,0.0,0.0,0.08039028570055962,False,False,
s-010,after_common_greedy_prefix,4,50,0,-31224.237924998,31481.31741006,49849.127918211,25816.1415233063,874.8442131490447,31866.913047812,642.6751228139983,0.012248395857435718,0.0,0.0,0.08264744654297829,False,False,
s-010,after_common_greedy_prefix,4,50,1,-31224.237924998,31481.31741006,49849.127918211,25816.1415233063,874.8442131490447,31866.913047812,642.6751228139983,0.012248395857435718,0.0,0.0,0.08379940316081047,False,False,
s-010,after_common_greedy_prefix,5,50,0,468.66737775799993,0.0,0.0,0.0,874.8442131490447,0.0,468.66737775799993,0.0,0.0,0.0,0.008024785667657852,False,True,
s-010,after_common_greedy_prefix,5,50,1,468.66737775799993,0.0,0.0,0.0,874.8442131490447,0.0,468.66737775799993,0.0,0.0,0.0,0.00816916674375534,False,True,
s-010,after_common_greedy_prefix,6,50,0,-7359.546027482999,7828.213405241,12345.316879222999,6357.7276982698495,874.8442131490447,7882.59950146,523.053473977001,0.006947446806009219,0.0,0.0,0.08235212787985802,False,False,
s-010,after_common_greedy_prefix,6,50,1,-7359.546027482999,7828.213405241,12345.316879222999,6357.7276982698495,874.8442131490447,7882.59950146,523.053473977001,0.006947446806009219,0.0,0.0,0.08225839212536812,False,False,
s-010,after_common_greedy_prefix,7,50,0,-32519.490860302,32988.15823806,49734.02691969,26765.624530423724,874.8442131490447,33474.650064426,955.1592041240001,0.01474746855690511,80.31499097495544,6.171124559200008e-05,0.08456447720527649,False,False,0.08456447720527649
s-010,after_common_greedy_prefix,7,50,1,-32519.490860302,32988.15823806,49734.02691969,26765.624530423724,874.8442131490447,33474.650064426,955.1592041240001,0.01474746855690511,80.31499097495544,6.171124559200008e-05,0.08425038307905197,False,False,0.08425038307905197
s-010,after_common_greedy_prefix,8,50,0,872.2462850229995,0.0,0.0,0.0,874.8442131490447,0.0,872.2462850229995,0.0,0.0,0.0,0.008195403963327408,False,True,
s-010,after_common_greedy_prefix,8,50,1,872.2462850229995,0.0,0.0,0.0,874.8442131490447,0.0,872.2462850229995,0.0,0.0,0.0,0.007683165371417999,False,True,
s-010,after_common_greedy_prefix,9,50,0,-7297.270554226001,8172.114767375,12190.400661668,6500.3054563284,874.8442131490447,8219.006059167,921.7355049409998,0.005737962954118274,46.891291791955155,3.602963766505096e-05,0.07932582497596741,False,False,0.07932582497596741
s-010,after_common_greedy_prefix,9,50,1,-7297.270554226001,8172.114767375,12190.400661668,6500.3054563284,874.8442131490447,8219.006059167,921.7355049409998,0.005737962954118274,46.891291791955155,3.602963766505096e-05,0.07914284616708755,False,False,0.07914284616708755
s-010,after_common_greedy_prefix,10,50,0,-33299.540088907,34171.78637393,43954.966024528,27674.105527046802,874.8442131490447,34835.75664993,1536.2165610230004,0.019430364825953308,661.3723478739557,0.0005081755086062879,0.08384020254015923,False,False,0.08384020254015923
s-010,after_common_greedy_prefix,10,50,1,-33299.540088907,34171.78637393,43954.966024528,27674.105527046802,874.8442131490447,34835.75664993,1536.2165610230004,0.019430364825953308,661.3723478739557,0.0005081755086062879,0.08357235789299011,False,False,0.08357235789299011
s-010,after_common_greedy_prefix,0,10,0,-7472.872618421,7772.927040492,10805.669739383,6022.057779748276,874.8442131490447,7989.047686528,516.1750681069998,0.027804280795400368,0.0,0.0,0.04362599179148674,False,False,
s-010,after_common_greedy_prefix,0,10,1,-7472.872618421,7772.927040492,10805.669739383,6022.057779748276,874.8442131490447,7989.047686528,516.1750681069998,0.027804280795400368,0.0,0.0,0.04612237215042114,False,False,
s-010,after_common_greedy_prefix,1,10,0,-30357.076961457,30357.076961457,38911.718756814,22051.4682676046,874.8442131490447,30829.164259316,472.0872978589978,0.015551144744877298,0.0,0.0,0.04557061195373535,False,False,
s-010,after_common_greedy_prefix,1,10,1,-30357.076961457,30357.076961457,38911.718756814,22051.4682676046,874.8442131490447,30829.164259316,472.0872978589978,0.015551144744877298,0.0,0.0,0.04593101888895035,False,False,
s-010,after_common_greedy_prefix,2,10,0,257.079485062,0.0,0.0,0.0,874.8442131490447,0.0,257.079485062,0.0,0.0,0.0,0.008295916020870209,False,True,
s-010,after_common_greedy_prefix,2,10,1,257.079485062,0.0,0.0,0.0,874.8442131490447,0.0,257.079485062,0.0,0.0,0.0,0.00803207978606224,False,True,
s-010,after_common_greedy_prefix,3,10,0,-7904.127817635,8161.207302697,11684.22500484,6085.768071673033,874.8442131490447,8208.287403005,304.15958537000097,0.005768766625060749,0.0,0.0,0.04155366122722626,False,False,
s-010,after_common_greedy_prefix,3,10,1,-7904.127817635,8161.207302697,11684.22500484,6085.768071673033,874.8442131490447,8208.287403005,304.15958537000097,0.005768766625060749,0.0,0.0,0.042389318346977234,False,False,
s-010,after_common_greedy_prefix,4,10,0,-31224.237924998,31481.31741006,49849.127918211,25816.1415233063,874.8442131490447,31861.950256051,637.7123310530005,0.012090753415210225,0.0,0.0,0.045041270554065704,False,False,
s-010,after_common_greedy_prefix,4,10,1,-31224.237924998,31481.31741006,49849.127918211,25816.1415233063,874.8442131490447,31861.950256051,637.7123310530005,0.012090753415210225,0.0,0.0,0.04471537098288536,False,False,
s-010,after_common_greedy_prefix,5,10,0,468.66737775799993,0.0,0.0,0.0,874.8442131490447,0.0,468.66737775799993,0.0,0.0,0.0,0.008332982659339905,False,True,
s-010,after_common_greedy_prefix,5,10,1,468.66737775799993,0.0,0.0,0.0,874.8442131490447,0.0,468.66737775799993,0.0,0.0,0.0,0.008302360773086548,False,True,
s-010,after_common_greedy_prefix,6,10,0,-7359.546027482999,7828.213405241,12345.316879222999,6357.7276982698495,874.8442131490447,7882.59950146,523.053473977001,0.006947446806009219,0.0,0.0,0.04213894158601761,False,False,
s-010,after_common_greedy_prefix,6,10,1,-7359.546027482999,7828.213405241,12345.316879222999,6357.7276982698495,874.8442131490447,7882.59950146,523.053473977001,0.006947446806009219,0.0,0.0,0.03998207300901413,False,False,
s-010,after_common_greedy_prefix,7,10,0,-32519.490860302,32988.15823806,49734.02691969,26765.624530423724,874.8442131490447,33474.650064426,955.1592041240001,0.01474746855690511,80.31499097495544,6.171124559200008e-05,0.043816376477479935,False,False,0.043816376477479935
s-010,after_common_greedy_prefix,7,10,1,-32519.490860302,32988.15823806,49734.02691969,26765.624530423724,874.8442131490447,33474.650064426,955.1592041240001,0.01474746855690511,80.31499097495544,6.171124559200008e-05,0.04291869327425957,False,False,0.04291869327425957
s-010,after_common_greedy_prefix,8,10,0,872.2462850229995,0.0,0.0,0.0,874.8442131490447,0.0,872.2462850229995,0.0,0.0,0.0,0.007579658180475235,False,True,
s-010,after_common_greedy_prefix,8,10,1,872.2462850229995,0.0,0.0,0.0,874.8442131490447,0.0,872.2462850229995,0.0,0.0,0.0,0.007656443864107132,False,True,
s-010,after_common_greedy_prefix,9,10,0,-7297.270554226001,8172.114767375,12190.400661668,6500.3054563284,874.8442131490447,8219.006059167,921.7355049409998,0.005737962954118274,46.891291791955155,3.602963766505096e-05,0.042440202087163925,False,False,0.042440202087163925
s-010,after_common_greedy_prefix,9,10,1,-7297.270554226001,8172.114767375,12190.400661668,6500.3054563284,874.8442131490447,8219.006059167,921.7355049409998,0.005737962954118274,46.891291791955155,3.602963766505096e-05,0.04225786775350571,False,False,0.04225786775350571
s-010,after_common_greedy_prefix,10,10,0,-33299.540088907,34171.78637393,43954.966024528,27674.105527046802,874.8442131490447,34835.75664993,1536.2165610230004,0.019430364825953308,661.3723478739557,0.0005081755086062879,0.04526495561003685,False,False,0.04526495561003685
s-010,after_common_greedy_prefix,10,10,1,-33299.540088907,34171.78637393,43954.966024528,27674.105527046802,874.8442131490447,34835.75664993,1536.2165610230004,0.019430364825953308,661.3723478739557,0.0005081755086062879,0.04487987980246544,False,False,0.04487987980246544
s-011,after_one_actual_history_call,0,200,0,-7472.872618421,7772.927040492,10805.669739383,6022.057779748276,874.8442131490447,7989.047686528,516.1750681069998,0.027804280795400368,0.0,0.0,0.22998807206749916,False,False,
s-011,after_one_actual_history_call,0,200,1,-7472.872618421,7772.927040492,10805.669739383,6022.057779748276,874.8442131490447,7989.047686528,516.1750681069998,0.027804280795400368,0.0,0.0,0.22594312578439713,False,False,
s-011,after_one_actual_history_call,0,1000,0,-7472.872618421,7772.927040492,10805.669739383,6022.057779748276,874.8442131490447,7989.047686528,516.1750681069998,0.027804280795400368,0.0,0.0,1.0264693722128868,False,False,
s-011,after_one_actual_history_call,0,1000,1,-7472.872618421,7772.927040492,10805.669739383,6022.057779748276,874.8442131490447,7989.047686528,516.1750681069998,0.027804280795400368,0.0,0.0,1.027096502482891,False,False,
s-011,after_one_actual_history_call,1,200,0,-30357.076961457,30357.076961457,38911.718756814,22051.4682676046,874.8442131490447,30829.164259316,472.0872978589978,0.015551144744877298,0.0,0.0,0.2286672405898571,False,False,
s-011,after_one_actual_history_call,1,200,1,-30357.076961457,30357.076961457,38911.718756814,22051.4682676046,874.8442131490447,30829.164259316,472.0872978589978,0.015551144744877298,0.0,0.0,0.2294391132891178,False,False,
s-011,after_one_actual_history_call,1,1000,0,-30357.076961457,30357.076961457,38911.718756814,22051.4682676046,874.8442131490447,30829.164259316,472.0872978589978,0.015551144744877298,0.0,0.0,1.0284889824688435,False,False,
s-011,after_one_actual_history_call,1,1000,1,-30357.076961457,30357.076961457,38911.718756814,22051.4682676046,874.8442131490447,30829.164259316,472.0872978589978,0.015551144744877298,0.0,0.0,1.028263419866562,False,False,
s-011,after_one_actual_history_call,2,200,0,257.079485062,0.0,0.0,0.0,874.8442131490447,0.0,257.079485062,0.0,0.0,0.0,0.007144086062908173,False,True,
s-011,after_one_actual_history_call,2,200,1,257.079485062,0.0,0.0,0.0,874.8442131490447,0.0,257.079485062,0.0,0.0,0.0,0.007071804255247116,False,True,
s-011,after_one_actual_history_call,2,1000,0,257.079485062,0.0,0.0,0.0,874.8442131490447,0.0,257.079485062,0.0,0.0,0.0,0.007090531289577484,False,True,
s-011,after_one_actual_history_call,2,1000,1,257.079485062,0.0,0.0,0.0,874.8442131490447,0.0,257.079485062,0.0,0.0,0.0,0.007080882787704468,False,True,
s-011,after_one_actual_history_call,3,200,0,-7904.127817635,8161.207302697,11684.22500484,6085.768071673033,874.8442131490447,8208.287403005,304.15958537000097,0.005768766625060749,0.0,0.0,0.22454972565174103,False,False,
s-011,after_one_actual_history_call,3,200,1,-7904.127817635,8161.207302697,11684.22500484,6085.768071673033,874.8442131490447,8208.287403005,304.15958537000097,0.005768766625060749,0.0,0.0,0.22472873330116272,False,False,
s-011,after_one_actual_history_call,3,1000,0,-7904.127817635,8161.207302697,11684.22500484,6085.768071673033,874.8442131490447,8208.287403005,304.15958537000097,0.005768766625060749,0.0,0.0,1.0242952108383179,False,False,
s-011,after_one_actual_history_call,3,1000,1,-7904.127817635,8161.207302697,11684.22500484,6085.768071673033,874.8442131490447,8208.287403005,304.15958537000097,0.005768766625060749,0.0,0.0,1.02431396022439,False,False,
s-011,after_one_actual_history_call,4,200,0,-31224.237924998,31481.31741006,49849.127918211,25816.1415233063,874.8442131490447,31866.913047812,642.6751228139983,0.012248395857435718,0.0,0.0,0.22802889719605446,False,False,
s-011,after_one_actual_history_call,4,200,1,-31224.237924998,31481.31741006,49849.127918211,25816.1415233063,874.8442131490447,31866.913047812,642.6751228139983,0.012248395857435718,0.0,0.0,0.22772211953997612,False,False,
s-011,after_one_actual_history_call,4,1000,0,-31224.237924998,31481.31741006,49849.127918211,25816.1415233063,874.8442131490447,31866.913047812,642.6751228139983,0.012248395857435718,0.0,0.0,1.0280364193022251,False,False,
s-011,after_one_actual_history_call,4,1000,1,-31224.237924998,31481.31741006,49849.127918211,25816.1415233063,874.8442131490447,31866.913047812,642.6751228139983,0.012248395857435718,0.0,0.0,1.0272525809705257,False,False,
s-011,after_one_actual_history_call,5,200,0,468.66737775799993,0.0,0.0,0.0,874.8442131490447,0.0,468.66737775799993,0.0,0.0,0.0,0.00464249774813652,False,True,
s-011,after_one_actual_history_call,5,200,1,468.66737775799993,0.0,0.0,0.0,874.8442131490447,0.0,468.66737775799993,0.0,0.0,0.0,0.004580911248922348,False,True,
s-011,after_one_actual_history_call,5,1000,0,468.66737775799993,0.0,0.0,0.0,874.8442131490447,0.0,468.66737775799993,0.0,0.0,0.0,0.007125470787286758,False,True,
s-011,after_one_actual_history_call,5,1000,1,468.66737775799993,0.0,0.0,0.0,874.8442131490447,0.0,468.66737775799993,0.0,0.0,0.0,0.007069945335388184,False,True,
s-011,after_one_actual_history_call,6,200,0,-7359.546027482999,7828.213405241,12345.316879222999,6357.7276982698495,874.8442131490447,7882.59950146,523.053473977001,0.006947446806009219,0.0,0.0,0.22416673228144646,False,False,
s-011,after_one_actual_history_call,6,200,1,-7359.546027482999,7828.213405241,12345.316879222999,6357.7276982698495,874.8442131490447,7882.59950146,523.053473977001,0.006947446806009219,0.0,0.0,0.2250213362276554,False,False,
s-011,after_one_actual_history_call,6,1000,0,-7359.546027482999,7828.213405241,12345.316879222999,6357.7276982698495,874.8442131490447,7882.59950146,523.053473977001,0.006947446806009219,0.0,0.0,1.0242870263755322,False,False,
s-011,after_one_actual_history_call,6,1000,1,-7359.546027482999,7828.213405241,12345.316879222999,6357.7276982698495,874.8442131490447,7882.59950146,523.053473977001,0.006947446806009219,0.0,0.0,1.02442954108119,False,False,
s-011,after_one_actual_history_call,7,200,0,-32519.490860302,32988.15823806,49734.02691969,26765.624530423724,874.8442131490447,33474.650064426,955.1592041240001,0.01474746855690511,80.31499097495544,6.171124559200008e-05,0.22735518589615822,False,False,0.22735518589615822
s-011,after_one_actual_history_call,7,200,1,-32519.490860302,32988.15823806,49734.02691969,26765.624530423724,874.8442131490447,33474.650064426,955.1592041240001,0.01474746855690511,80.31499097495544,6.171124559200008e-05,0.22775600850582123,False,False,0.22775600850582123
s-011,after_one_actual_history_call,7,1000,0,-32519.490860302,32988.15823806,49734.02691969,26765.624530423724,874.8442131490447,33474.650064426,955.1592041240001,0.01474746855690511,80.31499097495544,6.171124559200008e-05,1.028343092650175,False,False,1.028343092650175
s-011,after_one_actual_history_call,7,1000,1,-32519.490860302,32988.15823806,49734.02691969,26765.624530423724,874.8442131490447,33474.650064426,955.1592041240001,0.01474746855690511,80.31499097495544,6.171124559200008e-05,1.02754333242774,False,False,1.02754333242774
s-011,after_one_actual_history_call,8,200,0,872.2462850229995,0.0,0.0,0.0,874.8442131490447,0.0,872.2462850229995,0.0,0.0,0.0,0.007222805172204971,False,True,
s-011,after_one_actual_history_call,8,200,1,872.2462850229995,0.0,0.0,0.0,874.8442131490447,0.0,872.2462850229995,0.0,0.0,0.0,0.00718965008854866,False,True,
s-011,after_one_actual_history_call,8,1000,0,872.2462850229995,0.0,0.0,0.0,874.8442131490447,0.0,872.2462850229995,0.0,0.0,0.0,0.00710592046380043,False,True,
s-011,after_one_actual_history_call,8,1000,1,872.2462850229995,0.0,0.0,0.0,874.8442131490447,0.0,872.2462850229995,0.0,0.0,0.0,0.007128644734621048,False,True,
s-011,after_one_actual_history_call,9,200,0,-7297.270554226001,8172.114767375,12190.400661668,6500.3054563284,874.8442131490447,8219.006059167,921.7355049409998,0.005737962954118274,46.891291791955155,3.602963766505096e-05,0.2249944768846035,False,False,0.2249944768846035
s-011,after_one_actual_history_call,9,200,1,-7297.270554226001,8172.114767375,12190.400661668,6500.3054563284,874.8442131490447,8219.006059167,921.7355049409998,0.005737962954118274,46.891291791955155,3.602963766505096e-05,0.22599846869707108,False,False,0.22599846869707108
s-011,after_one_actual_history_call,9,1000,0,-7297.270554226001,8172.114767375,12190.400661668,6500.3054563284,874.8442131490447,8219.006059167,921.7355049409998,0.005737962954118274,46.891291791955155,3.602963766505096e-05,1.0264928713440895,False,False,1.0264928713440895
s-011,after_one_actual_history_call,9,1000,1,-7297.270554226001,8172.114767375,12190.400661668,6500.3054563284,874.8442131490447,8219.006059167,921.7355049409998,0.005737962954118274,46.891291791955155,3.602963766505096e-05,1.0249832943081856,False,False,1.0249832943081856
s-011,after_one_actual_history_call,10,200,0,-33299.540088907,34171.78637393,43954.966024528,27674.105527046802,874.8442131490447,34835.75664993,1536.2165610230004,0.019430364825953308,661.3723478739557,0.0005081755086062879,0.2281079888343811,False,False,0.2281079888343811
s-011,after_one_actual_history_call,10,200,1,-33299.540088907,34171.78637393,43954.966024528,27674.105527046802,874.8442131490447,34835.75664993,1536.2165610230004,0.019430364825953308,661.3723478739557,0.0005081755086062879,0.22837650030851364,False,False,0.22837650030851364
s-011,after_one_actual_history_call,10,1000,0,-33299.540088907,34171.78637393,43954.966024528,27674.105527046802,874.8442131490447,34835.75664993,1536.2165610230004,0.019430364825953308,661.3723478739557,0.0005081755086062879,1.0277107916772366,False,False,1.0277107916772366
s-011,after_one_actual_history_call,10,1000,1,-33299.540088907,34171.78637393,43954.966024528,27674.105527046802,874.8442131490447,34835.75664993,1536.2165610230004,0.019430364825953308,661.3723478739557,0.0005081755086062879,1.027033668011427,False,False,1.027033668011427
s-011,after_one_actual_history_call,0,50,0,-7472.872618421,7772.927040492,10805.669739383,6022.057779748276,874.8442131490447,7989.047686528,516.1750681069998,0.027804280795400368,0.0,0.0,0.08233306184411049,False,False,
s-011,after_one_actual_history_call,0,50,1,-7472.872618421,7772.927040492,10805.669739383,6022.057779748276,874.8442131490447,7989.047686528,516.1750681069998,0.027804280795400368,0.0,0.0,0.08094025403261185,False,False,
s-011,after_one_actual_history_call,1,50,0,-30357.076961457,30357.076961457,38911.718756814,22051.4682676046,874.8442131490447,30829.164259316,472.0872978589978,0.015551144744877298,0.0,0.0,0.08426477387547493,False,False,
s-011,after_one_actual_history_call,1,50,1,-30357.076961457,30357.076961457,38911.718756814,22051.4682676046,874.8442131490447,30829.164259316,472.0872978589978,0.015551144744877298,0.0,0.0,0.08477968722581863,False,False,
s-011,after_one_actual_history_call,2,50,0,257.079485062,0.0,0.0,0.0,874.8442131490447,0.0,257.079485062,0.0,0.0,0.0,0.008583329617977142,False,True,
s-011,after_one_actual_history_call,2,50,1,257.079485062,0.0,0.0,0.0,874.8442131490447,0.0,257.079485062,0.0,0.0,0.0,0.008510209619998932,False,True,
s-011,after_one_actual_history_call,3,50,0,-7904.127817635,8161.207302697,11684.22500484,6085.768071673033,874.8442131490447,8208.287403005,304.15958537000097,0.005768766625060749,0.0,0.0,0.08180540427565575,False,False,
s-011,after_one_actual_history_call,3,50,1,-7904.127817635,8161.207302697,11684.22500484,6085.768071673033,874.8442131490447,8208.287403005,304.15958537000097,0.005768766625060749,0.0,0.0,0.08065938204526901,False,False,
s-011,after_one_actual_history_call,4,50,0,-31224.237924998,31481.31741006,49849.127918211,25816.1415233063,874.8442131490447,31866.913047812,642.6751228139983,0.012248395857435718,0.0,0.0,0.08368705958127975,False,False,
s-011,after_one_actual_history_call,4,50,1,-31224.237924998,31481.31741006,49849.127918211,25816.1415233063,874.8442131490447,31866.913047812,642.6751228139983,0.012248395857435718,0.0,0.0,0.08254766464233398,False,False,
s-011,after_one_actual_history_call,5,50,0,468.66737775799993,0.0,0.0,0.0,874.8442131490447,0.0,468.66737775799993,0.0,0.0,0.0,0.007942508906126022,False,True,
s-011,after_one_actual_history_call,5,50,1,468.66737775799993,0.0,0.0,0.0,874.8442131490447,0.0,468.66737775799993,0.0,0.0,0.0,0.008673522621393204,False,True,
s-011,after_one_actual_history_call,6,50,0,-7359.546027482999,7828.213405241,12345.316879222999,6357.7276982698495,874.8442131490447,7882.59950146,523.053473977001,0.006947446806009219,0.0,0.0,0.08119351789355278,False,False,
s-011,after_one_actual_history_call,6,50,1,-7359.546027482999,7828.213405241,12345.316879222999,6357.7276982698495,874.8442131490447,7882.59950146,523.053473977001,0.006947446806009219,0.0,0.0,0.08058414608240128,False,False,
s-011,after_one_actual_history_call,7,50,0,-32519.490860302,32988.15823806,49734.02691969,26765.624530423724,874.8442131490447,33474.650064426,955.1592041240001,0.01474746855690511,80.31499097495544,6.171124559200008e-05,0.08274372294545174,False,False,0.08274372294545174
s-011,after_one_actual_history_call,7,50,1,-32519.490860302,32988.15823806,49734.02691969,26765.624530423724,874.8442131490447,33474.650064426,955.1592041240001,0.01474746855690511,80.31499097495544,6.171124559200008e-05,0.0821232795715332,False,False,0.0821232795715332
s-011,after_one_actual_history_call,8,50,0,872.2462850229995,0.0,0.0,0.0,874.8442131490447,0.0,872.2462850229995,0.0,0.0,0.0,0.007316060364246368,False,True,
s-011,after_one_actual_history_call,8,50,1,872.2462850229995,0.0,0.0,0.0,874.8442131490447,0.0,872.2462850229995,0.0,0.0,0.0,0.007246039807796478,False,True,
s-011,after_one_actual_history_call,9,50,0,-7297.270554226001,8172.114767375,12190.400661668,6500.3054563284,874.8442131490447,8219.006059167,921.7355049409998,0.005737962954118274,46.891291791955155,3.602963766505096e-05,0.07992221415042877,False,False,0.07992221415042877
s-011,after_one_actual_history_call,9,50,1,-7297.270554226001,8172.114767375,12190.400661668,6500.3054563284,874.8442131490447,8219.006059167,921.7355049409998,0.005737962954118274,46.891291791955155,3.602963766505096e-05,0.07901732251048088,False,False,0.07901732251048088
s-011,after_one_actual_history_call,10,50,0,-33299.540088907,34171.78637393,43954.966024528,27674.105527046802,874.8442131490447,34835.75664993,1536.2165610230004,0.019430364825953308,661.3723478739557,0.0005081755086062879,0.0832677111029625,False,False,0.0832677111029625
s-011,after_one_actual_history_call,10,50,1,-33299.540088907,34171.78637393,43954.966024528,27674.105527046802,874.8442131490447,34835.75664993,1536.2165610230004,0.019430364825953308,661.3723478739557,0.0005081755086062879,0.08394000679254532,False,False,0.08394000679254532
s-011,after_one_actual_history_call,0,10,0,-7472.872618421,7772.927040492,10805.669739383,6022.057779748276,874.8442131490447,7989.047686528,516.1750681069998,0.027804280795400368,0.0,0.0,0.046109095215797424,False,False,
s-011,after_one_actual_history_call,0,10,1,-7472.872618421,7772.927040492,10805.669739383,6022.057779748276,874.8442131490447,7989.047686528,516.1750681069998,0.027804280795400368,0.0,0.0,0.04655108228325844,False,False,
s-011,after_one_actual_history_call,1,10,0,-30357.076961457,30357.076961457,38911.718756814,22051.4682676046,874.8442131490447,30829.164259316,472.0872978589978,0.015551144744877298,0.0,0.0,0.045671384781599045,False,False,
s-011,after_one_actual_history_call,1,10,1,-30357.076961457,30357.076961457,38911.718756814,22051.4682676046,874.8442131490447,30829.164259316,472.0872978589978,0.015551144744877298,0.0,0.0,0.0464419350028038,False,False,
s-011,after_one_actual_history_call,2,10,0,257.079485062,0.0,0.0,0.0,874.8442131490447,0.0,257.079485062,0.0,0.0,0.0,0.008182786405086517,False,True,
s-011,after_one_actual_history_call,2,10,1,257.079485062,0.0,0.0,0.0,874.8442131490447,0.0,257.079485062,0.0,0.0,0.0,0.008055869489908218,False,True,
s-011,after_one_actual_history_call,3,10,0,-7904.127817635,8161.207302697,11684.22500484,6085.768071673033,874.8442131490447,8208.287403005,304.15958537000097,0.005768766625060749,0.0,0.0,0.041866518557071686,False,False,
s-011,after_one_actual_history_call,3,10,1,-7904.127817635,8161.207302697,11684.22500484,6085.768071673033,874.8442131490447,8208.287403005,304.15958537000097,0.005768766625060749,0.0,0.0,0.04136129096150398,False,False,
s-011,after_one_actual_history_call,4,10,0,-31224.237924998,31481.31741006,49849.127918211,25816.1415233063,874.8442131490447,31861.950256051,637.7123310530005,0.012090753415210225,0.0,0.0,0.04421362280845642,False,False,
s-011,after_one_actual_history_call,4,10,1,-31224.237924998,31481.31741006,49849.127918211,25816.1415233063,874.8442131490447,31861.950256051,637.7123310530005,0.012090753415210225,0.0,0.0,0.04418041184544563,False,False,
s-011,after_one_actual_history_call,5,10,0,468.66737775799993,0.0,0.0,0.0,874.8442131490447,0.0,468.66737775799993,0.0,0.0,0.0,0.008369967341423035,False,True,
s-011,after_one_actual_history_call,5,10,1,468.66737775799993,0.0,0.0,0.0,874.8442131490447,0.0,468.66737775799993,0.0,0.0,0.0,0.008388884365558624,False,True,
s-011,after_one_actual_history_call,6,10,0,-7359.546027482999,7828.213405241,12345.316879222999,6357.7276982698495,874.8442131490447,7882.59950146,523.053473977001,0.006947446806009219,0.0,0.0,0.04135176166892052,False,False,
s-011,after_one_actual_history_call,6,10,1,-7359.546027482999,7828.213405241,12345.316879222999,6357.7276982698495,874.8442131490447,7882.59950146,523.053473977001,0.006947446806009219,0.0,0.0,0.04149077832698822,False,False,
s-011,after_one_actual_history_call,7,10,0,-32519.490860302,32988.15823806,49734.02691969,26765.624530423724,874.8442131490447,33474.650064426,955.1592041240001,0.01474746855690511,80.31499097495544,6.171124559200008e-05,0.0440986193716526,False,False,0.0440986193716526
s-011,after_one_actual_history_call,7,10,1,-32519.490860302,32988.15823806,49734.02691969,26765.624530423724,874.8442131490447,33474.650064426,955.1592041240001,0.01474746855690511,80.31499097495544,6.171124559200008e-05,0.043599847704172134,False,False,0.043599847704172134
s-011,after_one_actual_history_call,8,10,0,872.2462850229995,0.0,0.0,0.0,874.8442131490447,0.0,872.2462850229995,0.0,0.0,0.0,0.008202232420444489,False,True,
s-011,after_one_actual_history_call,8,10,1,872.2462850229995,0.0,0.0,0.0,874.8442131490447,0.0,872.2462850229995,0.0,0.0,0.0,0.007413603365421295,False,True,
s-011,after_one_actual_history_call,9,10,0,-7297.270554226001,8172.114767375,12190.400661668,6500.3054563284,874.8442131490447,8219.006059167,921.7355049409998,0.005737962954118274,46.891291791955155,3.602963766505096e-05,0.04140626639127731,False,False,0.04140626639127731
s-011,after_one_actual_history_call,9,10,1,-7297.270554226001,8172.114767375,12190.400661668,6500.3054563284,874.8442131490447,8219.006059167,921.7355049409998,0.005737962954118274,46.891291791955155,3.602963766505096e-05,0.042686574161052704,False,False,0.042686574161052704
s-011,after_one_actual_history_call,10,10,0,-33299.540088907,34171.78637393,43954.966024528,27674.105527046802,874.8442131490447,34835.75664993,1536.2165610230004,0.019430364825953308,661.3723478739557,0.0005081755086062879,0.045160990208387375,False,False,0.045160990208387375
s-011,after_one_actual_history_call,10,10,1,-33299.540088907,34171.78637393,43954.966024528,27674.105527046802,874.8442131490447,34835.75664993,1536.2165610230004,0.019430364825953308,661.3723478739557,0.0005081755086062879,0.0449351891875267,False,False,0.0449351891875267
