snapshot_id,state_kind,action_index,workpoint_ms,repeat,q_seconds,L_seconds,U_seconds,P1_recovery_seconds,snapshot_best_gain_seconds,recovery_value_seconds,q_plus_recovery_seconds,local_delta,beyond_snapshot_gain_seconds,beyond_snapshot_global_fraction,complete_conditional_return_seconds,failed,zero_extra_gain,earliest_verified_more_than_snapshot_gain_seconds
s-000,after_common_greedy_prefix,0,200,0,-6404.724083871,6446.276771311,8175.36485791,4557.856107536086,1272.3869541599415,6446.276771311,41.55268743999932,0.0,0.0,0.0,0.22932900488376617,False,True,
s-000,after_common_greedy_prefix,0,200,1,-6404.724083871,6446.276771311,8175.36485791,4557.856107536086,1272.3869541599415,6446.276771311,41.55268743999932,0.0,0.0,0.0,0.22742635756731033,False,True,
s-000,after_common_greedy_prefix,0,1000,0,-6404.724083871,6446.276771311,8175.36485791,4557.856107536086,1272.3869541599415,6446.276771311,41.55268743999932,0.0,0.0,0.0,1.0268430821597576,False,True,
s-000,after_common_greedy_prefix,0,1000,1,-6404.724083871,6446.276771311,8175.36485791,4557.856107536086,1272.3869541599415,6446.276771311,41.55268743999932,0.0,0.0,0.0,1.0261537805199623,False,True,
s-000,after_common_greedy_prefix,0,50,0,-6404.724083871,6446.276771311,8175.36485791,4557.856107536086,1272.3869541599415,6446.276771311,41.55268743999932,0.0,0.0,0.0,0.0750517025589943,False,True,
s-000,after_common_greedy_prefix,0,50,1,-6404.724083871,6446.276771311,8175.36485791,4557.856107536086,1272.3869541599415,6446.276771311,41.55268743999932,0.0,0.0,0.0,0.0758315846323967,False,True,
s-000,after_common_greedy_prefix,0,10,0,-6404.724083871,6446.276771311,8175.36485791,4557.856107536086,1272.3869541599415,6446.276771311,41.55268743999932,0.0,0.0,0.0,0.035785265266895294,False,True,
s-000,after_common_greedy_prefix,0,10,1,-6404.724083871,6446.276771311,8175.36485791,4557.856107536086,1272.3869541599415,6446.276771311,41.55268743999932,0.0,0.0,0.0,0.033459100872278214,False,True,
s-000,after_common_greedy_prefix,1,200,0,-30376.969805996,30376.969805996,43122.081467532,25005.862251992385,1272.3869541599415,30994.60187538,617.6320693840025,0.020332247532539944,0.0,0.0,0.2335224151611328,False,False,
s-000,after_common_greedy_prefix,1,200,1,-30376.969805996,30376.969805996,43122.081467532,25005.862251992385,1272.3869541599415,30994.60187538,617.6320693840025,0.020332247532539944,0.0,0.0,0.23127787187695503,False,False,
s-000,after_common_greedy_prefix,1,1000,0,-30376.969805996,30376.969805996,43122.081467532,25005.862251992385,1272.3869541599415,30994.60187538,617.6320693840025,0.020332247532539944,0.0,0.0,1.0322992540895939,False,False,
s-000,after_common_greedy_prefix,1,1000,1,-30376.969805996,30376.969805996,43122.081467532,25005.862251992385,1272.3869541599415,30994.60187538,617.6320693840025,0.020332247532539944,0.0,0.0,1.0328323543071747,False,False,
s-000,after_common_greedy_prefix,1,50,0,-30376.969805996,30376.969805996,43122.081467532,25005.862251992385,1272.3869541599415,30994.60187538,617.6320693840025,0.020332247532539944,0.0,0.0,0.07914867997169495,False,False,
s-000,after_common_greedy_prefix,1,50,1,-30376.969805996,30376.969805996,43122.081467532,25005.862251992385,1272.3869541599415,30994.60187538,617.6320693840025,0.020332247532539944,0.0,0.0,0.07914986088871956,False,False,
s-000,after_common_greedy_prefix,1,10,0,-30376.969805996,30376.969805996,43122.081467532,25005.862251992385,1272.3869541599415,30994.60187538,617.6320693840025,0.020332247532539944,0.0,0.0,0.04061288386583328,False,False,
s-000,after_common_greedy_prefix,1,10,1,-30376.969805996,30376.969805996,43122.081467532,25005.862251992385,1272.3869541599415,30994.60187538,617.6320693840025,0.020332247532539944,0.0,0.0,0.042166389524936676,False,False,
s-000,after_common_greedy_prefix,2,200,0,324.0356123760001,0.0,0.0,0.0,1272.3869541599415,0.0,324.0356123760001,0.0,0.0,0.0,0.007884446531534195,False,True,
s-000,after_common_greedy_prefix,2,200,1,324.0356123760001,0.0,0.0,0.0,1272.3869541599415,0.0,324.0356123760001,0.0,0.0,0.0,0.0075628869235515594,False,True,
s-000,after_common_greedy_prefix,2,1000,0,324.0356123760001,0.0,0.0,0.0,1272.3869541599415,0.0,324.0356123760001,0.0,0.0,0.0,0.007598087191581726,False,True,
s-000,after_common_greedy_prefix,2,1000,1,324.0356123760001,0.0,0.0,0.0,1272.3869541599415,0.0,324.0356123760001,0.0,0.0,0.0,0.007762070745229721,False,True,
s-000,after_common_greedy_prefix,2,50,0,324.0356123760001,0.0,0.0,0.0,1272.3869541599415,0.0,324.0356123760001,0.0,0.0,0.0,0.007679745554924011,False,True,
s-000,after_common_greedy_prefix,2,50,1,324.0356123760001,0.0,0.0,0.0,1272.3869541599415,0.0,324.0356123760001,0.0,0.0,0.0,0.007723156362771988,False,True,
s-000,after_common_greedy_prefix,2,10,0,324.0356123760001,0.0,0.0,0.0,1272.3869541599415,0.0,324.0356123760001,0.0,0.0,0.0,0.008400920778512955,False,True,
s-000,after_common_greedy_prefix,2,10,1,324.0356123760001,0.0,0.0,0.0,1272.3869541599415,0.0,324.0356123760001,0.0,0.0,0.0,0.008433617651462555,False,True,
s-000,after_common_greedy_prefix,3,200,0,-7034.518706014001,8192.283707422,11456.678075405,6584.228862767934,1272.3869541599415,8384.693385883,1350.1746798689992,0.02348669618053888,77.78772570905767,5.9833595316638475e-05,0.22950511798262596,False,False,0.22950511798262596
s-000,after_common_greedy_prefix,3,200,1,-7034.518706014001,8192.283707422,11456.678075405,6584.228862767934,1272.3869541599415,8384.693385883,1350.1746798689992,0.02348669618053888,77.78772570905767,5.9833595316638475e-05,0.22619373723864555,False,False,0.22619373723864555
s-000,after_common_greedy_prefix,3,1000,0,-7034.518706014001,8192.283707422,11456.678075405,6584.228862767934,1272.3869541599415,8384.693385883,1350.1746798689992,0.02348669618053888,77.78772570905767,5.9833595316638475e-05,1.026600606739521,False,False,1.026600606739521
s-000,after_common_greedy_prefix,3,1000,1,-7034.518706014001,8192.283707422,11456.678075405,6584.228862767934,1272.3869541599415,8384.693385883,1350.1746798689992,0.02348669618053888,77.78772570905767,5.9833595316638475e-05,1.0258046686649323,False,False,1.0258046686649323
s-000,after_common_greedy_prefix,3,50,0,-7034.518706014001,8192.283707422,11456.678075405,6584.228862767934,1272.3869541599415,8384.693385883,1350.1746798689992,0.02348669618053888,77.78772570905767,5.9833595316638475e-05,0.07517674565315247,False,False,0.07517674565315247
s-000,after_common_greedy_prefix,3,50,1,-7034.518706014001,8192.283707422,11456.678075405,6584.228862767934,1272.3869541599415,8384.693385883,1350.1746798689992,0.02348669618053888,77.78772570905767,5.9833595316638475e-05,0.07544631138443947,False,False,0.07544631138443947
s-000,after_common_greedy_prefix,3,10,0,-7034.518706014001,8192.283707422,11456.678075405,6584.228862767934,1272.3869541599415,8384.693385883,1350.1746798689992,0.02348669618053888,77.78772570905767,5.9833595316638475e-05,0.035977523773908615,False,False,0.035977523773908615
s-000,after_common_greedy_prefix,3,10,1,-7034.518706014001,8192.283707422,11456.678075405,6584.228862767934,1272.3869541599415,8384.693385883,1350.1746798689992,0.02348669618053888,77.78772570905767,5.9833595316638475e-05,0.035383131355047226,False,False,0.035383131355047226
s-000,after_common_greedy_prefix,4,200,0,-28060.182795637,28844.505285257,48485.088617089,22906.692343101833,1272.3869541599415,29603.207025816,1543.0242301789986,0.026303163568098538,270.637276019057,0.00020817167622932695,0.2289816290140152,False,False,0.2289816290140152
s-000,after_common_greedy_prefix,4,200,1,-28060.182795637,28844.505285257,48485.088617089,22906.692343101833,1272.3869541599415,29603.207025816,1543.0242301789986,0.026303163568098538,270.637276019057,0.00020817167622932695,0.2293592132627964,False,False,0.2293592132627964
s-000,after_common_greedy_prefix,4,1000,0,-28060.182795637,28844.505285257,48485.088617089,22906.692343101833,1272.3869541599415,29603.207025816,1543.0242301789986,0.026303163568098538,270.637276019057,0.00020817167622932695,1.029330164194107,False,False,1.029330164194107
s-000,after_common_greedy_prefix,4,1000,1,-28060.182795637,28844.505285257,48485.088617089,22906.692343101833,1272.3869541599415,29603.207025816,1543.0242301789986,0.026303163568098538,270.637276019057,0.00020817167622932695,1.0302165746688843,False,False,1.0302165746688843
s-000,after_common_greedy_prefix,4,50,0,-28060.182795637,28844.505285257,48485.088617089,22906.692343101833,1272.3869541599415,29603.207025816,1543.0242301789986,0.026303163568098538,270.637276019057,0.00020817167622932695,0.07819591090083122,False,False,0.07819591090083122
s-000,after_common_greedy_prefix,4,50,1,-28060.182795637,28844.505285257,48485.088617089,22906.692343101833,1272.3869541599415,29603.207025816,1543.0242301789986,0.026303163568098538,270.637276019057,0.00020817167622932695,0.08029290661215782,False,False,0.08029290661215782
s-000,after_common_greedy_prefix,4,10,0,-28060.182795637,28844.505285257,48485.088617089,22906.692343101833,1272.3869541599415,29603.207025816,1543.0242301789986,0.026303163568098538,270.637276019057,0.00020817167622932695,0.03973952308297157,False,False,0.03973952308297157
s-000,after_common_greedy_prefix,4,10,1,-28060.182795637,28844.505285257,48485.088617089,22906.692343101833,1272.3869541599415,29603.207025816,1543.0242301789986,0.026303163568098538,270.637276019057,0.00020817167622932695,0.03856073319911957,False,False,0.03856073319911957
s-000,after_common_greedy_prefix,5,200,0,577.773127391,0.0,0.0,0.0,1272.3869541599415,0.0,577.773127391,0.0,0.0,0.0,0.007687516510486603,False,True,
s-000,after_common_greedy_prefix,5,200,1,577.773127391,0.0,0.0,0.0,1272.3869541599415,0.0,577.773127391,0.0,0.0,0.0,0.007651377469301224,False,True,
s-000,after_common_greedy_prefix,5,1000,0,577.773127391,0.0,0.0,0.0,1272.3869541599415,0.0,577.773127391,0.0,0.0,0.0,0.007770027965307236,False,True,
s-000,after_common_greedy_prefix,5,1000,1,577.773127391,0.0,0.0,0.0,1272.3869541599415,0.0,577.773127391,0.0,0.0,0.0,0.007877819240093231,False,True,
s-000,after_common_greedy_prefix,5,50,0,577.773127391,0.0,0.0,0.0,1272.3869541599415,0.0,577.773127391,0.0,0.0,0.0,0.0077398382127285,False,True,
s-000,after_common_greedy_prefix,5,50,1,577.773127391,0.0,0.0,0.0,1272.3869541599415,0.0,577.773127391,0.0,0.0,0.0,0.0077043138444423676,False,True,
s-000,after_common_greedy_prefix,5,10,0,577.773127391,0.0,0.0,0.0,1272.3869541599415,0.0,577.773127391,0.0,0.0,0.0,0.00845944881439209,False,True,
s-000,after_common_greedy_prefix,5,10,1,577.773127391,0.0,0.0,0.0,1272.3869541599415,0.0,577.773127391,0.0,0.0,0.0,0.008798133581876755,False,True,
s-000,after_common_greedy_prefix,6,200,0,-7292.592300611,8455.402628451,11715.738457328,6657.474209590833,1272.3869541599415,8707.930521431,1415.338220820001,0.029865862582378628,142.95126666005945,0.0001099567851016747,0.22805871069431305,False,False,0.22805871069431305
s-000,after_common_greedy_prefix,6,200,1,-7292.592300611,8455.402628451,11715.738457328,6657.474209590833,1272.3869541599415,8707.930521431,1415.338220820001,0.029865862582378628,142.95126666005945,0.0001099567851016747,0.22752847895026207,False,False,0.22752847895026207
s-000,after_common_greedy_prefix,6,1000,0,-7292.592300611,8455.402628451,11715.738457328,6657.474209590833,1272.3869541599415,8707.930521431,1415.338220820001,0.029865862582378628,142.95126666005945,0.0001099567851016747,1.0277665071189404,False,False,1.0277665071189404
s-000,after_common_greedy_prefix,6,1000,1,-7292.592300611,8455.402628451,11715.738457328,6657.474209590833,1272.3869541599415,8707.930521431,1415.338220820001,0.029865862582378628,142.95126666005945,0.0001099567851016747,1.0271467603743076,False,False,1.0271467603743076
s-000,after_common_greedy_prefix,6,50,0,-7292.592300611,8455.402628451,11715.738457328,6657.474209590833,1272.3869541599415,8707.930521431,1415.338220820001,0.029865862582378628,142.95126666005945,0.0001099567851016747,0.07726958394050598,False,False,0.07726958394050598
s-000,after_common_greedy_prefix,6,50,1,-7292.592300611,8455.402628451,11715.738457328,6657.474209590833,1272.3869541599415,8707.930521431,1415.338220820001,0.029865862582378628,142.95126666005945,0.0001099567851016747,0.07618558406829834,False,False,0.07618558406829834
s-000,after_common_greedy_prefix,6,10,0,-7292.592300611,8455.402628451,11715.738457328,6657.474209590833,1272.3869541599415,8707.930521431,1415.338220820001,0.029865862582378628,142.95126666005945,0.0001099567851016747,0.036499232053756714,False,False,0.036499232053756714
s-000,after_common_greedy_prefix,6,10,1,-7292.592300611,8455.402628451,11715.738457328,6657.474209590833,1272.3869541599415,8707.930521431,1415.338220820001,0.029865862582378628,142.95126666005945,0.0001099567851016747,0.03654732555150986,False,False,0.03654732555150986
s-000,after_common_greedy_prefix,7,200,0,-29340.194388924,30612.581343084,51014.550765077,25103.29136742856,1272.3869541599415,31764.179465749,2423.985076825,0.03761845855985514,1151.5981226650583,0.0008857985679727673,0.22837045043706894,False,False,0.22837045043706894
s-000,after_common_greedy_prefix,7,200,1,-29340.194388924,30612.581343084,51014.550765077,25103.29136742856,1272.3869541599415,31764.179465749,2423.985076825,0.03761845855985514,1151.5981226650583,0.0008857985679727673,0.2287539206445217,False,False,0.2287539206445217
s-000,after_common_greedy_prefix,7,1000,0,-29340.194388924,30612.581343084,51014.550765077,25103.29136742856,1272.3869541599415,31764.179465749,2423.985076825,0.03761845855985514,1151.5981226650583,0.0008857985679727673,1.0286343842744827,False,False,1.0286343842744827
s-000,after_common_greedy_prefix,7,1000,1,-29340.194388924,30612.581343084,51014.550765077,25103.29136742856,1272.3869541599415,31764.179465749,2423.985076825,0.03761845855985514,1151.5981226650583,0.0008857985679727673,1.0278531648218632,False,False,1.0278531648218632
s-000,after_common_greedy_prefix,7,50,0,-29340.194388924,30612.581343084,51014.550765077,25103.29136742856,1272.3869541599415,31764.179465749,2423.985076825,0.03761845855985514,1151.5981226650583,0.0008857985679727673,0.07798333466053009,False,False,0.07798333466053009
s-000,after_common_greedy_prefix,7,50,1,-29340.194388924,30612.581343084,51014.550765077,25103.29136742856,1272.3869541599415,31764.179465749,2423.985076825,0.03761845855985514,1151.5981226650583,0.0008857985679727673,0.07816698029637337,False,False,0.07816698029637337
s-000,after_common_greedy_prefix,7,10,0,-29340.194388924,30612.581343084,51014.550765077,25103.29136742856,1272.3869541599415,31764.179465749,2423.985076825,0.03761845855985514,1151.5981226650583,0.0008857985679727673,0.03794535622000694,False,False,0.03794535622000694
s-000,after_common_greedy_prefix,7,10,1,-29340.194388924,30612.581343084,51014.550765077,25103.29136742856,1272.3869541599415,31764.179465749,2423.985076825,0.03761845855985514,1151.5981226650583,0.0008857985679727673,0.03797699883580208,False,False,0.03797699883580208
s-000,after_common_greedy_prefix,8,200,0,1022.1020608320005,0.0,0.0,0.0,1272.3869541599415,0.0,1022.1020608320005,0.0,0.0,0.0,0.007902417331933975,False,True,
s-000,after_common_greedy_prefix,8,200,1,1022.1020608320005,0.0,0.0,0.0,1272.3869541599415,0.0,1022.1020608320005,0.0,0.0,0.0,0.007910672575235367,False,True,
s-000,after_common_greedy_prefix,8,1000,0,1022.1020608320005,0.0,0.0,0.0,1272.3869541599415,0.0,1022.1020608320005,0.0,0.0,0.0,0.007434092462062836,False,True,
s-000,after_common_greedy_prefix,8,1000,1,1022.1020608320005,0.0,0.0,0.0,1272.3869541599415,0.0,1022.1020608320005,0.0,0.0,0.0,0.007249627262353897,False,True,
s-000,after_common_greedy_prefix,8,50,0,1022.1020608320005,0.0,0.0,0.0,1272.3869541599415,0.0,1022.1020608320005,0.0,0.0,0.0,0.00722045823931694,False,True,
s-000,after_common_greedy_prefix,8,50,1,1022.1020608320005,0.0,0.0,0.0,1272.3869541599415,0.0,1022.1020608320005,0.0,0.0,0.0,0.007255218923091888,False,True,
s-000,after_common_greedy_prefix,8,10,0,1022.1020608320005,0.0,0.0,0.0,1272.3869541599415,0.0,1022.1020608320005,0.0,0.0,0.0,0.007233466953039169,False,True,
s-000,after_common_greedy_prefix,8,10,1,1022.1020608320005,0.0,0.0,0.0,1272.3869541599415,0.0,1022.1020608320005,0.0,0.0,0.0,0.007243167608976364,False,True,
s-000,after_common_greedy_prefix,9,200,0,-6694.824871937,7834.049986002,12785.564994182,6523.83668467145,1272.3869541599415,8347.189924924,1652.3650529869992,0.06550123369634939,379.9780988270577,0.00029227562044221707,0.22556337714195251,False,False,0.22556337714195251
s-000,after_common_greedy_prefix,9,200,1,-6694.824871937,7834.049986002,12785.564994182,6523.83668467145,1272.3869541599415,8347.189924924,1652.3650529869992,0.06550123369634939,379.9780988270577,0.00029227562044221707,0.22678254172205925,False,False,0.22678254172205925
s-000,after_common_greedy_prefix,9,1000,0,-6694.824871937,7834.049986002,12785.564994182,6523.83668467145,1272.3869541599415,8347.189924924,1652.3650529869992,0.06550123369634939,379.9780988270577,0.00029227562044221707,1.0289190784096718,False,False,1.0289190784096718
s-000,after_common_greedy_prefix,9,1000,1,-6694.824871937,7834.049986002,12785.564994182,6523.83668467145,1272.3869541599415,8347.189924924,1652.3650529869992,0.06550123369634939,379.9780988270577,0.00029227562044221707,1.0275965929031372,False,False,1.0275965929031372
s-000,after_common_greedy_prefix,9,50,0,-6694.824871937,7834.049986002,12785.564994182,6523.83668467145,1272.3869541599415,8347.189924924,1652.3650529869992,0.06550123369634939,379.9780988270577,0.00029227562044221707,0.07606565579771996,False,False,0.07606565579771996
s-000,after_common_greedy_prefix,9,50,1,-6694.824871937,7834.049986002,12785.564994182,6523.83668467145,1272.3869541599415,8347.189924924,1652.3650529869992,0.06550123369634939,379.9780988270577,0.00029227562044221707,0.07490231841802597,False,False,0.07490231841802597
s-000,after_common_greedy_prefix,9,10,0,-6694.824871937,7834.049986002,12785.564994182,6523.83668467145,1272.3869541599415,8347.189924924,1652.3650529869992,0.06550123369634939,379.9780988270577,0.00029227562044221707,0.03506690636277199,False,False,0.03506690636277199
s-000,after_common_greedy_prefix,9,10,1,-6694.824871937,7834.049986002,12785.564994182,6523.83668467145,1272.3869541599415,8347.189924924,1652.3650529869992,0.06550123369634939,379.9780988270577,0.00029227562044221707,0.03490031510591507,False,False,0.03490031510591507
s-000,after_common_greedy_prefix,10,200,0,-29695.902526186997,30910.081103469,51987.649990589,27400.446672011265,1272.3869541599415,31773.245731101,2077.343204914003,0.027925019825817503,804.9562507540613,0.0006191648633019346,0.22829128056764603,False,False,0.22829128056764603
s-000,after_common_greedy_prefix,10,200,1,-29695.902526186997,30910.081103469,51987.649990589,27400.446672011265,1272.3869541599415,31773.245731101,2077.343204914003,0.027925019825817503,804.9562507540613,0.0006191648633019346,0.22825557366013527,False,False,0.22825557366013527
s-000,after_common_greedy_prefix,10,1000,0,-29695.902526186997,30910.081103469,51987.649990589,27400.446672011265,1272.3869541599415,31773.245731101,2077.343204914003,0.027925019825817503,804.9562507540613,0.0006191648633019346,1.027658138424158,False,False,1.027658138424158
s-000,after_common_greedy_prefix,10,1000,1,-29695.902526186997,30910.081103469,51987.649990589,27400.446672011265,1272.3869541599415,31773.245731101,2077.343204914003,0.027925019825817503,804.9562507540613,0.0006191648633019346,1.0289217792451382,False,False,1.0289217792451382
s-000,after_common_greedy_prefix,10,50,0,-29695.902526186997,30910.081103469,51987.649990589,27400.446672011265,1272.3869541599415,31773.245731101,2077.343204914003,0.027925019825817503,804.9562507540613,0.0006191648633019346,0.08021480962634087,False,False,0.08021480962634087
s-000,after_common_greedy_prefix,10,50,1,-29695.902526186997,30910.081103469,51987.649990589,27400.446672011265,1272.3869541599415,31773.245731101,2077.343204914003,0.027925019825817503,804.9562507540613,0.0006191648633019346,0.07788325101137161,False,False,0.07788325101137161
s-000,after_common_greedy_prefix,10,10,0,-29695.902526186997,30910.081103469,51987.649990589,27400.446672011265,1272.3869541599415,31773.245731101,2077.343204914003,0.027925019825817503,804.9562507540613,0.0006191648633019346,0.03900709003210068,False,False,0.03900709003210068
s-000,after_common_greedy_prefix,10,10,1,-29695.902526186997,30910.081103469,51987.649990589,27400.446672011265,1272.3869541599415,31773.245731101,2077.343204914003,0.027925019825817503,804.9562507540613,0.0006191648633019346,0.03894495218992233,False,False,0.03894495218992233
s-001,after_one_actual_history_call,0,200,0,-6404.724083871,6446.276771311,8175.36485791,4557.856107536086,1272.3869541599415,6446.276771311,41.55268743999932,0.0,0.0,0.0,0.005500052124261856,False,True,
s-001,after_one_actual_history_call,0,200,1,-6404.724083871,6446.276771311,8175.36485791,4557.856107536086,1272.3869541599415,6446.276771311,41.55268743999932,0.0,0.0,0.0,0.005049493163824081,False,True,
s-001,after_one_actual_history_call,0,1000,0,-6404.724083871,6446.276771311,8175.36485791,4557.856107536086,1272.3869541599415,6446.276771311,41.55268743999932,0.0,0.0,0.0,1.0246398970484734,False,True,
s-001,after_one_actual_history_call,0,1000,1,-6404.724083871,6446.276771311,8175.36485791,4557.856107536086,1272.3869541599415,6446.276771311,41.55268743999932,0.0,0.0,0.0,1.0294801108539104,False,True,
s-001,after_one_actual_history_call,0,50,0,-6404.724083871,6446.276771311,8175.36485791,4557.856107536086,1272.3869541599415,6446.276771311,41.55268743999932,0.0,0.0,0.0,0.08100559189915657,False,True,
s-001,after_one_actual_history_call,0,50,1,-6404.724083871,6446.276771311,8175.36485791,4557.856107536086,1272.3869541599415,6446.276771311,41.55268743999932,0.0,0.0,0.0,0.0751817338168621,False,True,
s-001,after_one_actual_history_call,0,10,0,-6404.724083871,6446.276771311,8175.36485791,4557.856107536086,1272.3869541599415,6446.276771311,41.55268743999932,0.0,0.0,0.0,0.034913111478090286,False,True,
s-001,after_one_actual_history_call,0,10,1,-6404.724083871,6446.276771311,8175.36485791,4557.856107536086,1272.3869541599415,6446.276771311,41.55268743999932,0.0,0.0,0.0,0.03384304419159889,False,True,
s-001,after_one_actual_history_call,1,200,0,-30376.969805996,30376.969805996,43122.081467532,25005.862251992385,1272.3869541599415,30994.60187538,617.6320693840025,0.020332247532539944,0.0,0.0,0.22766415774822235,False,False,
s-001,after_one_actual_history_call,1,200,1,-30376.969805996,30376.969805996,43122.081467532,25005.862251992385,1272.3869541599415,30994.60187538,617.6320693840025,0.020332247532539944,0.0,0.0,0.22772131115198135,False,False,
s-001,after_one_actual_history_call,1,1000,0,-30376.969805996,30376.969805996,43122.081467532,25005.862251992385,1272.3869541599415,30994.60187538,617.6320693840025,0.020332247532539944,0.0,0.0,1.0271875709295273,False,False,
s-001,after_one_actual_history_call,1,1000,1,-30376.969805996,30376.969805996,43122.081467532,25005.862251992385,1272.3869541599415,30994.60187538,617.6320693840025,0.020332247532539944,0.0,0.0,1.0341602228581905,False,False,
s-001,after_one_actual_history_call,1,50,0,-30376.969805996,30376.969805996,43122.081467532,25005.862251992385,1272.3869541599415,30994.60187538,617.6320693840025,0.020332247532539944,0.0,0.0,0.08324063196778297,False,False,
s-001,after_one_actual_history_call,1,50,1,-30376.969805996,30376.969805996,43122.081467532,25005.862251992385,1272.3869541599415,30994.60187538,617.6320693840025,0.020332247532539944,0.0,0.0,0.07872118800878525,False,False,
s-001,after_one_actual_history_call,1,10,0,-30376.969805996,30376.969805996,43122.081467532,25005.862251992385,1272.3869541599415,30994.60187538,617.6320693840025,0.020332247532539944,0.0,0.0,0.03830099478363991,False,False,
s-001,after_one_actual_history_call,1,10,1,-30376.969805996,30376.969805996,43122.081467532,25005.862251992385,1272.3869541599415,30994.60187538,617.6320693840025,0.020332247532539944,0.0,0.0,0.04084113985300064,False,False,
s-001,after_one_actual_history_call,2,200,0,324.0356123760001,0.0,0.0,0.0,1272.3869541599415,0.0,324.0356123760001,0.0,0.0,0.0,0.007466819137334824,False,True,
s-001,after_one_actual_history_call,2,200,1,324.0356123760001,0.0,0.0,0.0,1272.3869541599415,0.0,324.0356123760001,0.0,0.0,0.0,0.007294107228517532,False,True,
s-001,after_one_actual_history_call,2,1000,0,324.0356123760001,0.0,0.0,0.0,1272.3869541599415,0.0,324.0356123760001,0.0,0.0,0.0,0.007511831820011139,False,True,
s-001,after_one_actual_history_call,2,1000,1,324.0356123760001,0.0,0.0,0.0,1272.3869541599415,0.0,324.0356123760001,0.0,0.0,0.0,0.007510889321565628,False,True,
s-001,after_one_actual_history_call,2,50,0,324.0356123760001,0.0,0.0,0.0,1272.3869541599415,0.0,324.0356123760001,0.0,0.0,0.0,0.007272716611623764,False,True,
s-001,after_one_actual_history_call,2,50,1,324.0356123760001,0.0,0.0,0.0,1272.3869541599415,0.0,324.0356123760001,0.0,0.0,0.0,0.007249526679515839,False,True,
s-001,after_one_actual_history_call,2,10,0,324.0356123760001,0.0,0.0,0.0,1272.3869541599415,0.0,324.0356123760001,0.0,0.0,0.0,0.007289402186870575,False,True,
s-001,after_one_actual_history_call,2,10,1,324.0356123760001,0.0,0.0,0.0,1272.3869541599415,0.0,324.0356123760001,0.0,0.0,0.0,0.007426120340824127,False,True,
s-001,after_one_actual_history_call,3,200,0,-7034.518706014001,8192.283707422,11456.678075405,6584.228862767934,1272.3869541599415,8384.693385883,1350.1746798689992,0.02348669618053888,77.78772570905767,5.9833595316638475e-05,0.22532905265688896,False,False,0.22532905265688896
s-001,after_one_actual_history_call,3,200,1,-7034.518706014001,8192.283707422,11456.678075405,6584.228862767934,1272.3869541599415,8384.693385883,1350.1746798689992,0.02348669618053888,77.78772570905767,5.9833595316638475e-05,0.2247772105038166,False,False,0.2247772105038166
s-001,after_one_actual_history_call,3,1000,0,-7034.518706014001,8192.283707422,11456.678075405,6584.228862767934,1272.3869541599415,8384.693385883,1350.1746798689992,0.02348669618053888,77.78772570905767,5.9833595316638475e-05,1.0244093909859657,False,False,1.0244093909859657
s-001,after_one_actual_history_call,3,1000,1,-7034.518706014001,8192.283707422,11456.678075405,6584.228862767934,1272.3869541599415,8384.693385883,1350.1746798689992,0.02348669618053888,77.78772570905767,5.9833595316638475e-05,1.0284250415861607,False,False,1.0284250415861607
s-001,after_one_actual_history_call,3,50,0,-7034.518706014001,8192.283707422,11456.678075405,6584.228862767934,1272.3869541599415,8384.693385883,1350.1746798689992,0.02348669618053888,77.78772570905767,5.9833595316638475e-05,0.0806390829384327,False,False,0.0806390829384327
s-001,after_one_actual_history_call,3,50,1,-7034.518706014001,8192.283707422,11456.678075405,6584.228862767934,1272.3869541599415,8384.693385883,1350.1746798689992,0.02348669618053888,77.78772570905767,5.9833595316638475e-05,0.07660286501049995,False,False,0.07660286501049995
s-001,after_one_actual_history_call,3,10,0,-7034.518706014001,8192.283707422,11456.678075405,6584.228862767934,1272.3869541599415,8384.693385883,1350.1746798689992,0.02348669618053888,77.78772570905767,5.9833595316638475e-05,0.03478477522730827,False,False,0.03478477522730827
s-001,after_one_actual_history_call,3,10,1,-7034.518706014001,8192.283707422,11456.678075405,6584.228862767934,1272.3869541599415,8384.693385883,1350.1746798689992,0.02348669618053888,77.78772570905767,5.9833595316638475e-05,0.03282291069626808,False,False,0.03282291069626808
s-001,after_one_actual_history_call,4,200,0,-28060.182795637,28844.505285257,48485.088617089,22906.692343101833,1272.3869541599415,29603.207025816,1543.0242301789986,0.026303163568098538,270.637276019057,0.00020817167622932695,0.22737673670053482,False,False,0.22737673670053482
s-001,after_one_actual_history_call,4,200,1,-28060.182795637,28844.505285257,48485.088617089,22906.692343101833,1272.3869541599415,29603.207025816,1543.0242301789986,0.026303163568098538,270.637276019057,0.00020817167622932695,0.2279931902885437,False,False,0.2279931902885437
s-001,after_one_actual_history_call,4,1000,0,-28060.182795637,28844.505285257,48485.088617089,22906.692343101833,1272.3869541599415,29603.207025816,1543.0242301789986,0.026303163568098538,270.637276019057,0.00020817167622932695,1.0268551371991634,False,False,1.0268551371991634
s-001,after_one_actual_history_call,4,1000,1,-28060.182795637,28844.505285257,48485.088617089,22906.692343101833,1272.3869541599415,29603.207025816,1543.0242301789986,0.026303163568098538,270.637276019057,0.00020817167622932695,1.031742736697197,False,False,1.031742736697197
s-001,after_one_actual_history_call,4,50,0,-28060.182795637,28844.505285257,48485.088617089,22906.692343101833,1272.3869541599415,29603.207025816,1543.0242301789986,0.026303163568098538,270.637276019057,0.00020817167622932695,0.08449393510818481,False,False,0.08449393510818481
s-001,after_one_actual_history_call,4,50,1,-28060.182795637,28844.505285257,48485.088617089,22906.692343101833,1272.3869541599415,29603.207025816,1543.0242301789986,0.026303163568098538,270.637276019057,0.00020817167622932695,0.07805085554718971,False,False,0.07805085554718971
s-001,after_one_actual_history_call,4,10,0,-28060.182795637,28844.505285257,48485.088617089,22906.692343101833,1272.3869541599415,29603.207025816,1543.0242301789986,0.026303163568098538,270.637276019057,0.00020817167622932695,0.0363304540514946,False,False,0.0363304540514946
s-001,after_one_actual_history_call,4,10,1,-28060.182795637,28844.505285257,48485.088617089,22906.692343101833,1272.3869541599415,29603.207025816,1543.0242301789986,0.026303163568098538,270.637276019057,0.00020817167622932695,0.03447982296347618,False,False,0.03447982296347618
s-001,after_one_actual_history_call,5,200,0,577.773127391,0.0,0.0,0.0,1272.3869541599415,0.0,577.773127391,0.0,0.0,0.0,0.007232848554849625,False,True,
s-001,after_one_actual_history_call,5,200,1,577.773127391,0.0,0.0,0.0,1272.3869541599415,0.0,577.773127391,0.0,0.0,0.0,0.007216993719339371,False,True,
s-001,after_one_actual_history_call,5,1000,0,577.773127391,0.0,0.0,0.0,1272.3869541599415,0.0,577.773127391,0.0,0.0,0.0,0.007177695631980896,False,True,
s-001,after_one_actual_history_call,5,1000,1,577.773127391,0.0,0.0,0.0,1272.3869541599415,0.0,577.773127391,0.0,0.0,0.0,0.007193468511104584,False,True,
s-001,after_one_actual_history_call,5,50,0,577.773127391,0.0,0.0,0.0,1272.3869541599415,0.0,577.773127391,0.0,0.0,0.0,0.007214628159999847,False,True,
s-001,after_one_actual_history_call,5,50,1,577.773127391,0.0,0.0,0.0,1272.3869541599415,0.0,577.773127391,0.0,0.0,0.0,0.007286671549081802,False,True,
s-001,after_one_actual_history_call,5,10,0,577.773127391,0.0,0.0,0.0,1272.3869541599415,0.0,577.773127391,0.0,0.0,0.0,0.007481537759304047,False,True,
s-001,after_one_actual_history_call,5,10,1,577.773127391,0.0,0.0,0.0,1272.3869541599415,0.0,577.773127391,0.0,0.0,0.0,0.007584724575281143,False,True,
s-001,after_one_actual_history_call,6,200,0,-7292.592300611,8455.402628451,11715.738457328,6657.474209590833,1272.3869541599415,8707.930521431,1415.338220820001,0.029865862582378628,142.95126666005945,0.0001099567851016747,0.22687329724431038,False,False,0.22687329724431038
s-001,after_one_actual_history_call,6,200,1,-7292.592300611,8455.402628451,11715.738457328,6657.474209590833,1272.3869541599415,8707.930521431,1415.338220820001,0.029865862582378628,142.95126666005945,0.0001099567851016747,0.22740435227751732,False,False,0.22740435227751732
s-001,after_one_actual_history_call,6,1000,0,-7292.592300611,8455.402628451,11715.738457328,6657.474209590833,1272.3869541599415,8707.930521431,1415.338220820001,0.029865862582378628,142.95126666005945,0.0001099567851016747,1.0249035395681858,False,False,1.0249035395681858
s-001,after_one_actual_history_call,6,1000,1,-7292.592300611,8455.402628451,11715.738457328,6657.474209590833,1272.3869541599415,8707.930521431,1415.338220820001,0.029865862582378628,142.95126666005945,0.0001099567851016747,1.031126469373703,False,False,1.031126469373703
s-001,after_one_actual_history_call,6,50,0,-7292.592300611,8455.402628451,11715.738457328,6657.474209590833,1272.3869541599415,8707.930521431,1415.338220820001,0.029865862582378628,142.95126666005945,0.0001099567851016747,0.08201566711068153,False,False,0.08201566711068153
s-001,after_one_actual_history_call,6,50,1,-7292.592300611,8455.402628451,11715.738457328,6657.474209590833,1272.3869541599415,8707.930521431,1415.338220820001,0.029865862582378628,142.95126666005945,0.0001099567851016747,0.07508170232176781,False,False,0.07508170232176781
s-001,after_one_actual_history_call,6,10,0,-7292.592300611,8455.402628451,11715.738457328,6657.474209590833,1272.3869541599415,8707.930521431,1415.338220820001,0.029865862582378628,142.95126666005945,0.0001099567851016747,0.03309362754225731,False,False,0.03309362754225731
s-001,after_one_actual_history_call,6,10,1,-7292.592300611,8455.402628451,11715.738457328,6657.474209590833,1272.3869541599415,8707.930521431,1415.338220820001,0.029865862582378628,142.95126666005945,0.0001099567851016747,0.03345213085412979,False,False,0.03345213085412979
s-001,after_one_actual_history_call,7,200,0,-29340.194388924,30612.581343084,51014.550765077,25103.29136742856,1272.3869541599415,31764.179465749,2423.985076825,0.03761845855985514,1151.5981226650583,0.0008857985679727673,0.2287800908088684,False,False,0.2287800908088684
s-001,after_one_actual_history_call,7,200,1,-29340.194388924,30612.581343084,51014.550765077,25103.29136742856,1272.3869541599415,31764.179465749,2423.985076825,0.03761845855985514,1151.5981226650583,0.0008857985679727673,0.22835280373692513,False,False,0.22835280373692513
s-001,after_one_actual_history_call,7,1000,0,-29340.194388924,30612.581343084,51014.550765077,25103.29136742856,1272.3869541599415,31764.179465749,2423.985076825,0.03761845855985514,1151.5981226650583,0.0008857985679727673,1.0271257869899273,False,False,1.0271257869899273
s-001,after_one_actual_history_call,7,1000,1,-29340.194388924,30612.581343084,51014.550765077,25103.29136742856,1272.3869541599415,31764.179465749,2423.985076825,0.03761845855985514,1151.5981226650583,0.0008857985679727673,1.0319794230163097,False,False,1.0319794230163097
s-001,after_one_actual_history_call,7,50,0,-29340.194388924,30612.581343084,51014.550765077,25103.29136742856,1272.3869541599415,31764.179465749,2423.985076825,0.03761845855985514,1151.5981226650583,0.0008857985679727673,0.08180848509073257,False,False,0.08180848509073257
s-001,after_one_actual_history_call,7,50,1,-29340.194388924,30612.581343084,51014.550765077,25103.29136742856,1272.3869541599415,31764.179465749,2423.985076825,0.03761845855985514,1151.5981226650583,0.0008857985679727673,0.07760152593255043,False,False,0.07760152593255043
s-001,after_one_actual_history_call,7,10,0,-29340.194388924,30612.581343084,51014.550765077,25103.29136742856,1272.3869541599415,31764.179465749,2423.985076825,0.03761845855985514,1151.5981226650583,0.0008857985679727673,0.03752559423446655,False,False,0.03752559423446655
s-001,after_one_actual_history_call,7,10,1,-29340.194388924,30612.581343084,51014.550765077,25103.29136742856,1272.3869541599415,31764.179465749,2423.985076825,0.03761845855985514,1151.5981226650583,0.0008857985679727673,0.036189693957567215,False,False,0.036189693957567215
s-001,after_one_actual_history_call,8,200,0,1022.1020608320005,0.0,0.0,0.0,1272.3869541599415,0.0,1022.1020608320005,0.0,0.0,0.0,0.007272906601428986,False,True,
s-001,after_one_actual_history_call,8,200,1,1022.1020608320005,0.0,0.0,0.0,1272.3869541599415,0.0,1022.1020608320005,0.0,0.0,0.0,0.007236197590827942,False,True,
s-001,after_one_actual_history_call,8,1000,0,1022.1020608320005,0.0,0.0,0.0,1272.3869541599415,0.0,1022.1020608320005,0.0,0.0,0.0,0.007187247276306152,False,True,
s-001,after_one_actual_history_call,8,1000,1,1022.1020608320005,0.0,0.0,0.0,1272.3869541599415,0.0,1022.1020608320005,0.0,0.0,0.0,0.007224716246128082,False,True,
s-001,after_one_actual_history_call,8,50,0,1022.1020608320005,0.0,0.0,0.0,1272.3869541599415,0.0,1022.1020608320005,0.0,0.0,0.0,0.007183000445365906,False,True,
s-001,after_one_actual_history_call,8,50,1,1022.1020608320005,0.0,0.0,0.0,1272.3869541599415,0.0,1022.1020608320005,0.0,0.0,0.0,0.007190417498350143,False,True,
s-001,after_one_actual_history_call,8,10,0,1022.1020608320005,0.0,0.0,0.0,1272.3869541599415,0.0,1022.1020608320005,0.0,0.0,0.0,0.007179535925388336,False,True,
s-001,after_one_actual_history_call,8,10,1,1022.1020608320005,0.0,0.0,0.0,1272.3869541599415,0.0,1022.1020608320005,0.0,0.0,0.0,0.007231809198856354,False,True,
s-001,after_one_actual_history_call,9,200,0,-6694.824871937,7834.049986002,12785.564994182,6523.83668467145,1272.3869541599415,8347.189924924,1652.3650529869992,0.06550123369634939,379.9780988270577,0.00029227562044221707,0.22753309085965157,False,False,0.22753309085965157
s-001,after_one_actual_history_call,9,200,1,-6694.824871937,7834.049986002,12785.564994182,6523.83668467145,1272.3869541599415,8347.189924924,1652.3650529869992,0.06550123369634939,379.9780988270577,0.00029227562044221707,0.2252231501042843,False,False,0.2252231501042843
s-001,after_one_actual_history_call,9,1000,0,-6694.824871937,7834.049986002,12785.564994182,6523.83668467145,1272.3869541599415,8347.189924924,1652.3650529869992,0.06550123369634939,379.9780988270577,0.00029227562044221707,1.0247320979833603,False,False,1.0247320979833603
s-001,after_one_actual_history_call,9,1000,1,-6694.824871937,7834.049986002,12785.564994182,6523.83668467145,1272.3869541599415,8347.189924924,1652.3650529869992,0.06550123369634939,379.9780988270577,0.00029227562044221707,1.0287168882787228,False,False,1.0287168882787228
s-001,after_one_actual_history_call,9,50,0,-6694.824871937,7834.049986002,12785.564994182,6523.83668467145,1272.3869541599415,8347.189924924,1652.3650529869992,0.06550123369634939,379.9780988270577,0.00029227562044221707,0.08033647388219833,False,False,0.08033647388219833
s-001,after_one_actual_history_call,9,50,1,-6694.824871937,7834.049986002,12785.564994182,6523.83668467145,1272.3869541599415,8347.189924924,1652.3650529869992,0.06550123369634939,379.9780988270577,0.00029227562044221707,0.07464663311839104,False,False,0.07464663311839104
s-001,after_one_actual_history_call,9,10,0,-6694.824871937,7834.049986002,12785.564994182,6523.83668467145,1272.3869541599415,8347.189924924,1652.3650529869992,0.06550123369634939,379.9780988270577,0.00029227562044221707,0.03463133051991463,False,False,0.03463133051991463
s-001,after_one_actual_history_call,9,10,1,-6694.824871937,7834.049986002,12785.564994182,6523.83668467145,1272.3869541599415,8347.189924924,1652.3650529869992,0.06550123369634939,379.9780988270577,0.00029227562044221707,0.03261924907565117,False,False,0.03261924907565117
s-001,after_one_actual_history_call,10,200,0,-29695.902526186997,30910.081103469,51987.649990589,27400.446672011265,1272.3869541599415,31773.245731101,2077.343204914003,0.027925019825817503,804.9562507540613,0.0006191648633019346,0.23216355592012405,False,False,0.23216355592012405
s-001,after_one_actual_history_call,10,200,1,-29695.902526186997,30910.081103469,51987.649990589,27400.446672011265,1272.3869541599415,31773.245731101,2077.343204914003,0.027925019825817503,804.9562507540613,0.0006191648633019346,0.22838491946458817,False,False,0.22838491946458817
s-001,after_one_actual_history_call,10,1000,0,-29695.902526186997,30910.081103469,51987.649990589,27400.446672011265,1272.3869541599415,31773.245731101,2077.343204914003,0.027925019825817503,804.9562507540613,0.0006191648633019346,1.0290780030190945,False,False,1.0290780030190945
s-001,after_one_actual_history_call,10,1000,1,-29695.902526186997,30910.081103469,51987.649990589,27400.446672011265,1272.3869541599415,31773.245731101,2077.343204914003,0.027925019825817503,804.9562507540613,0.0006191648633019346,1.0334355980157852,False,False,1.0334355980157852
s-001,after_one_actual_history_call,10,50,0,-29695.902526186997,30910.081103469,51987.649990589,27400.446672011265,1272.3869541599415,31773.245731101,2077.343204914003,0.027925019825817503,804.9562507540613,0.0006191648633019346,0.08307171240448952,False,False,0.08307171240448952
s-001,after_one_actual_history_call,10,50,1,-29695.902526186997,30910.081103469,51987.649990589,27400.446672011265,1272.3869541599415,31773.245731101,2077.343204914003,0.027925019825817503,804.9562507540613,0.0006191648633019346,0.07908429205417633,False,False,0.07908429205417633
s-001,after_one_actual_history_call,10,10,0,-29695.902526186997,30910.081103469,51987.649990589,27400.446672011265,1272.3869541599415,31773.245731101,2077.343204914003,0.027925019825817503,804.9562507540613,0.0006191648633019346,0.04095643013715744,False,False,0.04095643013715744
s-001,after_one_actual_history_call,10,10,1,-29695.902526186997,30910.081103469,51987.649990589,27400.446672011265,1272.3869541599415,31773.245731101,2077.343204914003,0.027925019825817503,804.9562507540613,0.0006191648633019346,0.039986271411180496,False,False,0.039986271411180496
s-002,after_common_greedy_prefix,0,200,0,-6917.021392115,6917.021392115,11742.91162947,5321.603095672249,1493.5444053590763,7017.203477094,100.18208497900014,0.014483414073751725,0.0,0.0,0.22808802127838135,False,False,
s-002,after_common_greedy_prefix,0,200,1,-6917.021392115,6917.021392115,11742.91162947,5321.603095672249,1493.5444053590763,7017.203477094,100.18208497900014,0.014483414073751725,0.0,0.0,0.2268703356385231,False,False,
s-002,after_common_greedy_prefix,0,1000,0,-6917.021392115,6917.021392115,11742.91162947,5321.603095672249,1493.5444053590763,7017.203477094,100.18208497900014,0.014483414073751725,0.0,0.0,1.0271570608019829,False,False,
s-002,after_common_greedy_prefix,0,1000,1,-6917.021392115,6917.021392115,11742.91162947,5321.603095672249,1493.5444053590763,7017.203477094,100.18208497900014,0.014483414073751725,0.0,0.0,1.02703046053648,False,False,
s-002,after_common_greedy_prefix,0,50,0,-6917.021392115,6917.021392115,11742.91162947,5321.603095672249,1493.5444053590763,7017.203477094,100.18208497900014,0.014483414073751725,0.0,0.0,0.07662507519125938,False,False,
s-002,after_common_greedy_prefix,0,50,1,-6917.021392115,6917.021392115,11742.91162947,5321.603095672249,1493.5444053590763,7017.203477094,100.18208497900014,0.014483414073751725,0.0,0.0,0.07808449491858482,False,False,
s-002,after_common_greedy_prefix,0,10,0,-6917.021392115,6917.021392115,11742.91162947,5321.603095672249,1493.5444053590763,7017.203477094,100.18208497900014,0.014483414073751725,0.0,0.0,0.035822540521621704,False,False,
s-002,after_common_greedy_prefix,0,10,1,-6917.021392115,6917.021392115,11742.91162947,5321.603095672249,1493.5444053590763,7017.203477094,100.18208497900014,0.014483414073751725,0.0,0.0,0.033002108335494995,False,False,
s-002,after_common_greedy_prefix,1,200,0,-29593.316537768,29593.316537768,42328.801659794,23651.467858291824,1493.5444053590763,30263.908959312,670.5924215439991,0.022660265897813992,0.0,0.0,0.2269653044641018,False,False,
s-002,after_common_greedy_prefix,1,200,1,-29593.316537768,29593.316537768,42328.801659794,23651.467858291824,1493.5444053590763,30263.908959312,670.5924215439991,0.022660265897813992,0.0,0.0,0.22936969250440598,False,False,
s-002,after_common_greedy_prefix,1,1000,0,-29593.316537768,29593.316537768,42328.801659794,23651.467858291824,1493.5444053590763,30263.908959312,670.5924215439991,0.022660265897813992,0.0,0.0,1.03087817132473,False,False,
s-002,after_common_greedy_prefix,1,1000,1,-29593.316537768,29593.316537768,42328.801659794,23651.467858291824,1493.5444053590763,30263.908959312,670.5924215439991,0.022660265897813992,0.0,0.0,1.0323664098978043,False,False,
s-002,after_common_greedy_prefix,1,50,0,-29593.316537768,29593.316537768,42328.801659794,23651.467858291824,1493.5444053590763,30253.757620518,660.4410827499996,0.02231723780966294,0.0,0.0,0.08106297254562378,False,False,
s-002,after_common_greedy_prefix,1,50,1,-29593.316537768,29593.316537768,42328.801659794,23651.467858291824,1493.5444053590763,30253.757620518,660.4410827499996,0.02231723780966294,0.0,0.0,0.07937077432870865,False,False,
s-002,after_common_greedy_prefix,1,10,0,-29593.316537768,29593.316537768,42328.801659794,23651.467858291824,1493.5444053590763,30253.757620518,660.4410827499996,0.02231723780966294,0.0,0.0,0.03849416598677635,False,False,
s-002,after_common_greedy_prefix,1,10,1,-29593.316537768,29593.316537768,42328.801659794,23651.467858291824,1493.5444053590763,30253.757620518,660.4410827499996,0.02231723780966294,0.0,0.0,0.037659768015146255,False,False,
s-002,after_common_greedy_prefix,2,200,0,324.0356123760001,0.0,0.0,0.0,1493.5444053590763,0.0,324.0356123760001,0.0,0.0,0.0,0.007232416421175003,False,True,
s-002,after_common_greedy_prefix,2,200,1,324.0356123760001,0.0,0.0,0.0,1493.5444053590763,0.0,324.0356123760001,0.0,0.0,0.0,0.007231079041957855,False,True,
s-002,after_common_greedy_prefix,2,1000,0,324.0356123760001,0.0,0.0,0.0,1493.5444053590763,0.0,324.0356123760001,0.0,0.0,0.0,0.007200583815574646,False,True,
s-002,after_common_greedy_prefix,2,1000,1,324.0356123760001,0.0,0.0,0.0,1493.5444053590763,0.0,324.0356123760001,0.0,0.0,0.0,0.007162436842918396,False,True,
s-002,after_common_greedy_prefix,2,50,0,324.0356123760001,0.0,0.0,0.0,1493.5444053590763,0.0,324.0356123760001,0.0,0.0,0.0,0.007172156125307083,False,True,
s-002,after_common_greedy_prefix,2,50,1,324.0356123760001,0.0,0.0,0.0,1493.5444053590763,0.0,324.0356123760001,0.0,0.0,0.0,0.007189441472291946,False,True,
s-002,after_common_greedy_prefix,2,10,0,324.0356123760001,0.0,0.0,0.0,1493.5444053590763,0.0,324.0356123760001,0.0,0.0,0.0,0.007210623472929001,False,True,
s-002,after_common_greedy_prefix,2,10,1,324.0356123760001,0.0,0.0,0.0,1493.5444053590763,0.0,324.0356123760001,0.0,0.0,0.0,0.007174942642450333,False,True,
s-002,after_common_greedy_prefix,3,200,0,-6777.017473217,7985.550467364,10999.880603561,6353.076933652534,1493.5444053590763,8004.220405639,1227.2029324220002,0.002337965097246847,0.0,0.0,0.22503846883773804,False,False,
s-002,after_common_greedy_prefix,3,200,1,-6777.017473217,7985.550467364,10999.880603561,6353.076933652534,1493.5444053590763,8004.220405639,1227.2029324220002,0.002337965097246847,0.0,0.0,0.22564734145998955,False,False,
s-002,after_common_greedy_prefix,3,1000,0,-6777.017473217,7985.550467364,10999.880603561,6353.076933652534,1493.5444053590763,8004.220405639,1227.2029324220002,0.002337965097246847,0.0,0.0,1.0261696502566338,False,False,
s-002,after_common_greedy_prefix,3,1000,1,-6777.017473217,7985.550467364,10999.880603561,6353.076933652534,1493.5444053590763,8004.220405639,1227.2029324220002,0.002337965097246847,0.0,0.0,1.025342971086502,False,False,
s-002,after_common_greedy_prefix,3,50,0,-6777.017473217,7985.550467364,10999.880603561,6353.076933652534,1493.5444053590763,8004.220405639,1227.2029324220002,0.002337965097246847,0.0,0.0,0.07434814795851707,False,False,
s-002,after_common_greedy_prefix,3,50,1,-6777.017473217,7985.550467364,10999.880603561,6353.076933652534,1493.5444053590763,8004.220405639,1227.2029324220002,0.002337965097246847,0.0,0.0,0.07644355297088623,False,False,
s-002,after_common_greedy_prefix,3,10,0,-6777.017473217,7985.550467364,10999.880603561,6353.076933652534,1493.5444053590763,8004.220405639,1227.2029324220002,0.002337965097246847,0.0,0.0,0.0354466438293457,False,False,
s-002,after_common_greedy_prefix,3,10,1,-6777.017473217,7985.550467364,10999.880603561,6353.076933652534,1493.5444053590763,8004.220405639,1227.2029324220002,0.002337965097246847,0.0,0.0,0.0329086035490036,False,False,
s-002,after_common_greedy_prefix,4,200,0,-29255.959998715,29778.385533587,50092.604437035,23889.61224228222,1493.5444053590763,30527.214491294,1271.254492578999,0.025146727879602336,0.0,0.0,0.22911947965621948,False,False,
s-002,after_common_greedy_prefix,4,200,1,-29255.959998715,29778.385533587,50092.604437035,23889.61224228222,1493.5444053590763,30527.214491294,1271.254492578999,0.025146727879602336,0.0,0.0,0.22768909484148026,False,False,
s-002,after_common_greedy_prefix,4,1000,0,-29255.959998715,29778.385533587,50092.604437035,23889.61224228222,1493.5444053590763,30527.214491294,1271.254492578999,0.025146727879602336,0.0,0.0,1.0285161547362804,False,False,
s-002,after_common_greedy_prefix,4,1000,1,-29255.959998715,29778.385533587,50092.604437035,23889.61224228222,1493.5444053590763,30527.214491294,1271.254492578999,0.025146727879602336,0.0,0.0,1.028777465224266,False,False,
s-002,after_common_greedy_prefix,4,50,0,-29255.959998715,29778.385533587,50092.604437035,23889.61224228222,1493.5444053590763,30527.214491294,1271.254492578999,0.025146727879602336,0.0,0.0,0.07787593081593513,False,False,
s-002,after_common_greedy_prefix,4,50,1,-29255.959998715,29778.385533587,50092.604437035,23889.61224228222,1493.5444053590763,30527.214491294,1271.254492578999,0.025146727879602336,0.0,0.0,0.08009423688054085,False,False,
s-002,after_common_greedy_prefix,4,10,0,-29255.959998715,29778.385533587,50092.604437035,23889.61224228222,1493.5444053590763,30527.214491294,1271.254492578999,0.025146727879602336,0.0,0.0,0.03798062726855278,False,False,
s-002,after_common_greedy_prefix,4,10,1,-29255.959998715,29778.385533587,50092.604437035,23889.61224228222,1493.5444053590763,30527.214491294,1271.254492578999,0.025146727879602336,0.0,0.0,0.03618255630135536,False,False,
s-002,after_common_greedy_prefix,5,200,0,577.773127391,0.0,0.0,0.0,1493.5444053590763,0.0,577.773127391,0.0,0.0,0.0,0.007979638874530792,False,True,
s-002,after_common_greedy_prefix,5,200,1,577.773127391,0.0,0.0,0.0,1493.5444053590763,0.0,577.773127391,0.0,0.0,0.0,0.007765833288431168,False,True,
s-002,after_common_greedy_prefix,5,1000,0,577.773127391,0.0,0.0,0.0,1493.5444053590763,0.0,577.773127391,0.0,0.0,0.0,0.00738866999745369,False,True,
s-002,after_common_greedy_prefix,5,1000,1,577.773127391,0.0,0.0,0.0,1493.5444053590763,0.0,577.773127391,0.0,0.0,0.0,0.007261253893375397,False,True,
s-002,after_common_greedy_prefix,5,50,0,577.773127391,0.0,0.0,0.0,1493.5444053590763,0.0,577.773127391,0.0,0.0,0.0,0.0072504617273807526,False,True,
s-002,after_common_greedy_prefix,5,50,1,577.773127391,0.0,0.0,0.0,1493.5444053590763,0.0,577.773127391,0.0,0.0,0.0,0.007195744663476944,False,True,
s-002,after_common_greedy_prefix,5,10,0,577.773127391,0.0,0.0,0.0,1493.5444053590763,0.0,577.773127391,0.0,0.0,0.0,0.007217522710561752,False,True,
s-002,after_common_greedy_prefix,5,10,1,577.773127391,0.0,0.0,0.0,1493.5444053590763,0.0,577.773127391,0.0,0.0,0.0,0.007195591926574707,False,True,
s-002,after_common_greedy_prefix,6,200,0,-7329.654417114999,8492.464744955,11752.800573831999,6554.194225612833,1493.5444053590763,8744.992637935,1415.338220820001,0.0297355244400651,0.0,0.0,0.2264191098511219,False,False,
s-002,after_common_greedy_prefix,6,200,1,-7329.654417114999,8492.464744955,11752.800573831999,6554.194225612833,1493.5444053590763,8744.992637935,1415.338220820001,0.0297355244400651,0.0,0.0,0.22745854780077934,False,False,
s-002,after_common_greedy_prefix,6,1000,0,-7329.654417114999,8492.464744955,11752.800573831999,6554.194225612833,1493.5444053590763,8744.992637935,1415.338220820001,0.0297355244400651,0.0,0.0,1.0282420627772808,False,False,
s-002,after_common_greedy_prefix,6,1000,1,-7329.654417114999,8492.464744955,11752.800573831999,6554.194225612833,1493.5444053590763,8744.992637935,1415.338220820001,0.0297355244400651,0.0,0.0,1.026080645620823,False,False,
s-002,after_common_greedy_prefix,6,50,0,-7329.654417114999,8492.464744955,11752.800573831999,6554.194225612833,1493.5444053590763,8744.992637935,1415.338220820001,0.0297355244400651,0.0,0.0,0.07515639066696167,False,False,
s-002,after_common_greedy_prefix,6,50,1,-7329.654417114999,8492.464744955,11752.800573831999,6554.194225612833,1493.5444053590763,8744.992637935,1415.338220820001,0.0297355244400651,0.0,0.0,0.07661938667297363,False,False,
s-002,after_common_greedy_prefix,6,10,0,-7329.654417114999,8492.464744955,11752.800573831999,6554.194225612833,1493.5444053590763,8744.992637935,1415.338220820001,0.0297355244400651,0.0,0.0,0.03555694967508316,False,False,
s-002,after_common_greedy_prefix,6,10,1,-7329.654417114999,8492.464744955,11752.800573831999,6554.194225612833,1493.5444053590763,8744.992637935,1415.338220820001,0.0297355244400651,0.0,0.0,0.034547798335552216,False,False,
s-002,after_common_greedy_prefix,7,200,0,-29565.461271278,31059.005676637,50306.055879773,25364.748829915545,1493.5444053590763,31883.244958444,2317.783687166,0.026537851545807987,824.2392818069238,0.0006339971914871099,0.2295566014945507,False,False,0.2295566014945507
s-002,after_common_greedy_prefix,7,200,1,-29565.461271278,31059.005676637,50306.055879773,25364.748829915545,1493.5444053590763,31883.244958444,2317.783687166,0.026537851545807987,824.2392818069238,0.0006339971914871099,0.22818056866526604,False,False,0.22818056866526604
s-002,after_common_greedy_prefix,7,1000,0,-29565.461271278,31059.005676637,50306.055879773,25364.748829915545,1493.5444053590763,31883.244958444,2317.783687166,0.026537851545807987,824.2392818069238,0.0006339971914871099,1.0292803831398487,False,False,1.0292803831398487
s-002,after_common_greedy_prefix,7,1000,1,-29565.461271278,31059.005676637,50306.055879773,25364.748829915545,1493.5444053590763,31883.244958444,2317.783687166,0.026537851545807987,824.2392818069238,0.0006339971914871099,1.0304045416414738,False,False,1.0304045416414738
s-002,after_common_greedy_prefix,7,50,0,-29565.461271278,31059.005676637,50306.055879773,25364.748829915545,1493.5444053590763,31883.244958444,2317.783687166,0.026537851545807987,824.2392818069238,0.0006339971914871099,0.07875946909189224,False,False,0.07875946909189224
s-002,after_common_greedy_prefix,7,50,1,-29565.461271278,31059.005676637,50306.055879773,25364.748829915545,1493.5444053590763,31883.244958444,2317.783687166,0.026537851545807987,824.2392818069238,0.0006339971914871099,0.07968928292393684,False,False,0.07968928292393684
s-002,after_common_greedy_prefix,7,10,0,-29565.461271278,31059.005676637,50306.055879773,25364.748829915545,1493.5444053590763,31859.923027116,2294.4617558380014,0.025786960433233128,800.9173504789251,0.0006160581787654739,0.036633484065532684,False,False,0.036633484065532684
s-002,after_common_greedy_prefix,7,10,1,-29565.461271278,31059.005676637,50306.055879773,25364.748829915545,1493.5444053590763,31859.923027116,2294.4617558380014,0.025786960433233128,800.9173504789251,0.0006160581787654739,0.03763846307992935,False,False,0.03763846307992935
s-002,after_common_greedy_prefix,8,200,0,1022.1020608320005,0.0,0.0,0.0,1493.5444053590763,0.0,1022.1020608320005,0.0,0.0,0.0,0.007278997451066971,False,True,
s-002,after_common_greedy_prefix,8,200,1,1022.1020608320005,0.0,0.0,0.0,1493.5444053590763,0.0,1022.1020608320005,0.0,0.0,0.0,0.008367359638214111,False,True,
s-002,after_common_greedy_prefix,8,1000,0,1022.1020608320005,0.0,0.0,0.0,1493.5444053590763,0.0,1022.1020608320005,0.0,0.0,0.0,0.007271293550729752,False,True,
s-002,after_common_greedy_prefix,8,1000,1,1022.1020608320005,0.0,0.0,0.0,1493.5444053590763,0.0,1022.1020608320005,0.0,0.0,0.0,0.0072443559765815735,False,True,
s-002,after_common_greedy_prefix,8,50,0,1022.1020608320005,0.0,0.0,0.0,1493.5444053590763,0.0,1022.1020608320005,0.0,0.0,0.0,0.007258184254169464,False,True,
s-002,after_common_greedy_prefix,8,50,1,1022.1020608320005,0.0,0.0,0.0,1493.5444053590763,0.0,1022.1020608320005,0.0,0.0,0.0,0.007227811962366104,False,True,
s-002,after_common_greedy_prefix,8,10,0,1022.1020608320005,0.0,0.0,0.0,1493.5444053590763,0.0,1022.1020608320005,0.0,0.0,0.0,0.007397644221782684,False,True,
s-002,after_common_greedy_prefix,8,10,1,1022.1020608320005,0.0,0.0,0.0,1493.5444053590763,0.0,1022.1020608320005,0.0,0.0,0.0,0.007513139396905899,False,True,
s-002,after_common_greedy_prefix,9,200,0,-6694.824871937,7834.049986002,12785.564994182,6523.83668467145,1493.5444053590763,8347.189924924,1652.3650529869992,0.06550123369634939,158.82064762792288,0.00012216336538283779,0.22669794037938118,False,False,0.22669794037938118
s-002,after_common_greedy_prefix,9,200,1,-6694.824871937,7834.049986002,12785.564994182,6523.83668467145,1493.5444053590763,8347.189924924,1652.3650529869992,0.06550123369634939,158.82064762792288,0.00012216336538283779,0.22589579224586487,False,False,0.22589579224586487
s-002,after_common_greedy_prefix,9,1000,0,-6694.824871937,7834.049986002,12785.564994182,6523.83668467145,1493.5444053590763,8347.189924924,1652.3650529869992,0.06550123369634939,158.82064762792288,0.00012216336538283779,1.0269494652748108,False,False,1.0269494652748108
s-002,after_common_greedy_prefix,9,1000,1,-6694.824871937,7834.049986002,12785.564994182,6523.83668467145,1493.5444053590763,8347.189924924,1652.3650529869992,0.06550123369634939,158.82064762792288,0.00012216336538283779,1.0275836177170277,False,False,1.0275836177170277
s-002,after_common_greedy_prefix,9,50,0,-6694.824871937,7834.049986002,12785.564994182,6523.83668467145,1493.5444053590763,8347.189924924,1652.3650529869992,0.06550123369634939,158.82064762792288,0.00012216336538283779,0.07632622495293617,False,False,0.07632622495293617
s-002,after_common_greedy_prefix,9,50,1,-6694.824871937,7834.049986002,12785.564994182,6523.83668467145,1493.5444053590763,8347.189924924,1652.3650529869992,0.06550123369634939,158.82064762792288,0.00012216336538283779,0.07552387192845345,False,False,0.07552387192845345
s-002,after_common_greedy_prefix,9,10,0,-6694.824871937,7834.049986002,12785.564994182,6523.83668467145,1493.5444053590763,8347.189924924,1652.3650529869992,0.06550123369634939,158.82064762792288,0.00012216336538283779,0.0368250235915184,False,False,0.0368250235915184
s-002,after_common_greedy_prefix,9,10,1,-6694.824871937,7834.049986002,12785.564994182,6523.83668467145,1493.5444053590763,8347.189924924,1652.3650529869992,0.06550123369634939,158.82064762792288,0.00012216336538283779,0.03685089573264122,False,False,0.03685089573264122
s-002,after_common_greedy_prefix,10,200,0,-29753.45290969,30947.16241623,51797.327916573,27681.119762855284,1493.5444053590763,31775.338834061,2021.8859243709994,0.026760980754625494,528.3415190119231,0.0004063953837109865,0.22766190022230148,False,False,0.22766190022230148
s-002,after_common_greedy_prefix,10,200,1,-29753.45290969,30947.16241623,51797.327916573,27681.119762855284,1493.5444053590763,31775.338834061,2021.8859243709994,0.026760980754625494,528.3415190119231,0.0004063953837109865,0.22778014838695526,False,False,0.22778014838695526
s-002,after_common_greedy_prefix,10,1000,0,-29753.45290969,30947.16241623,51797.327916573,27681.119762855284,1493.5444053590763,31775.338834061,2021.8859243709994,0.026760980754625494,528.3415190119231,0.0004063953837109865,1.0297114588320255,False,False,1.0297114588320255
s-002,after_common_greedy_prefix,10,1000,1,-29753.45290969,30947.16241623,51797.327916573,27681.119762855284,1493.5444053590763,31775.338834061,2021.8859243709994,0.026760980754625494,528.3415190119231,0.0004063953837109865,1.0277447812259197,False,False,1.0277447812259197
s-002,after_common_greedy_prefix,10,50,0,-29753.45290969,30947.16241623,51797.327916573,27681.119762855284,1493.5444053590763,31775.338834061,2021.8859243709994,0.026760980754625494,528.3415190119231,0.0004063953837109865,0.08109457045793533,False,False,0.08109457045793533
s-002,after_common_greedy_prefix,10,50,1,-29753.45290969,30947.16241623,51797.327916573,27681.119762855284,1493.5444053590763,31775.338834061,2021.8859243709994,0.026760980754625494,528.3415190119231,0.0004063953837109865,0.08100225403904915,False,False,0.08100225403904915
s-002,after_common_greedy_prefix,10,10,0,-29753.45290969,30947.16241623,51797.327916573,27681.119762855284,1493.5444053590763,31775.338834061,2021.8859243709994,0.026760980754625494,528.3415190119231,0.0004063953837109865,0.040060244500637054,False,False,0.040060244500637054
s-002,after_common_greedy_prefix,10,10,1,-29753.45290969,30947.16241623,51797.327916573,27681.119762855284,1493.5444053590763,31775.338834061,2021.8859243709994,0.026760980754625494,528.3415190119231,0.0004063953837109865,0.039074938744306564,False,False,0.039074938744306564
s-003,after_one_actual_history_call,0,200,0,-6917.021392115,6917.021392115,11742.91162947,5321.603095672249,1493.5444053590763,7017.203477094,100.18208497900014,0.014483414073751725,0.0,0.0,0.2287401668727398,False,False,
s-003,after_one_actual_history_call,0,200,1,-6917.021392115,6917.021392115,11742.91162947,5321.603095672249,1493.5444053590763,7017.203477094,100.18208497900014,0.014483414073751725,0.0,0.0,0.2268134206533432,False,False,
s-003,after_one_actual_history_call,0,1000,0,-6917.021392115,6917.021392115,11742.91162947,5321.603095672249,1493.5444053590763,7017.203477094,100.18208497900014,0.014483414073751725,0.0,0.0,1.027422457933426,False,False,
s-003,after_one_actual_history_call,0,1000,1,-6917.021392115,6917.021392115,11742.91162947,5321.603095672249,1493.5444053590763,7017.203477094,100.18208497900014,0.014483414073751725,0.0,0.0,1.026870135217905,False,False,
s-003,after_one_actual_history_call,0,50,0,-6917.021392115,6917.021392115,11742.91162947,5321.603095672249,1493.5444053590763,7017.203477094,100.18208497900014,0.014483414073751725,0.0,0.0,0.07692283019423485,False,False,
s-003,after_one_actual_history_call,0,50,1,-6917.021392115,6917.021392115,11742.91162947,5321.603095672249,1493.5444053590763,7017.203477094,100.18208497900014,0.014483414073751725,0.0,0.0,0.07660477608442307,False,False,
s-003,after_one_actual_history_call,0,10,0,-6917.021392115,6917.021392115,11742.91162947,5321.603095672249,1493.5444053590763,7017.203477094,100.18208497900014,0.014483414073751725,0.0,0.0,0.03363826498389244,False,False,
s-003,after_one_actual_history_call,0,10,1,-6917.021392115,6917.021392115,11742.91162947,5321.603095672249,1493.5444053590763,7017.203477094,100.18208497900014,0.014483414073751725,0.0,0.0,0.032150086015462875,False,False,
s-003,after_one_actual_history_call,1,200,0,-29593.316537768,30263.908959312,42328.801659794,23651.467858291824,1493.5444053590763,30263.908959312,670.5924215439991,0.0,0.0,0.0,0.004996120929718018,False,True,
s-003,after_one_actual_history_call,1,200,1,-29593.316537768,30263.908959312,42328.801659794,23651.467858291824,1493.5444053590763,30263.908959312,670.5924215439991,0.0,0.0,0.0,0.006172005087137222,False,True,
s-003,after_one_actual_history_call,1,1000,0,-29593.316537768,30263.908959312,42328.801659794,23651.467858291824,1493.5444053590763,30263.908959312,670.5924215439991,0.0,0.0,0.0,1.0317415706813335,False,True,
s-003,after_one_actual_history_call,1,1000,1,-29593.316537768,30263.908959312,42328.801659794,23651.467858291824,1493.5444053590763,30263.908959312,670.5924215439991,0.0,0.0,0.0,1.028286512941122,False,True,
s-003,after_one_actual_history_call,1,50,0,-29593.316537768,30263.908959312,42328.801659794,23651.467858291824,1493.5444053590763,30263.908959312,670.5924215439991,0.0,0.0,0.0,0.07641204819083214,False,True,
s-003,after_one_actual_history_call,1,50,1,-29593.316537768,30263.908959312,42328.801659794,23651.467858291824,1493.5444053590763,30263.908959312,670.5924215439991,0.0,0.0,0.0,0.08062335103750229,False,True,
s-003,after_one_actual_history_call,1,10,0,-29593.316537768,30263.908959312,42328.801659794,23651.467858291824,1493.5444053590763,30263.908959312,670.5924215439991,0.0,0.0,0.0,0.03991949185729027,False,True,
s-003,after_one_actual_history_call,1,10,1,-29593.316537768,30263.908959312,42328.801659794,23651.467858291824,1493.5444053590763,30263.908959312,670.5924215439991,0.0,0.0,0.0,0.035246606916189194,False,True,
s-003,after_one_actual_history_call,2,200,0,324.0356123760001,0.0,0.0,0.0,1493.5444053590763,0.0,324.0356123760001,0.0,0.0,0.0,0.007392827421426773,False,True,
s-003,after_one_actual_history_call,2,200,1,324.0356123760001,0.0,0.0,0.0,1493.5444053590763,0.0,324.0356123760001,0.0,0.0,0.0,0.007376883178949356,False,True,
s-003,after_one_actual_history_call,2,1000,0,324.0356123760001,0.0,0.0,0.0,1493.5444053590763,0.0,324.0356123760001,0.0,0.0,0.0,0.007431793957948685,False,True,
s-003,after_one_actual_history_call,2,1000,1,324.0356123760001,0.0,0.0,0.0,1493.5444053590763,0.0,324.0356123760001,0.0,0.0,0.0,0.007427684962749481,False,True,
s-003,after_one_actual_history_call,2,50,0,324.0356123760001,0.0,0.0,0.0,1493.5444053590763,0.0,324.0356123760001,0.0,0.0,0.0,0.0073648132383823395,False,True,
s-003,after_one_actual_history_call,2,50,1,324.0356123760001,0.0,0.0,0.0,1493.5444053590763,0.0,324.0356123760001,0.0,0.0,0.0,0.007301244884729385,False,True,
s-003,after_one_actual_history_call,2,10,0,324.0356123760001,0.0,0.0,0.0,1493.5444053590763,0.0,324.0356123760001,0.0,0.0,0.0,0.00731387734413147,False,True,
s-003,after_one_actual_history_call,2,10,1,324.0356123760001,0.0,0.0,0.0,1493.5444053590763,0.0,324.0356123760001,0.0,0.0,0.0,0.007287684828042984,False,True,
s-003,after_one_actual_history_call,3,200,0,-6777.017473217,7985.550467364,10999.880603561,6353.076933652534,1493.5444053590763,8004.220405639,1227.2029324220002,0.002337965097246847,0.0,0.0,0.22680629789829254,False,False,
s-003,after_one_actual_history_call,3,200,1,-6777.017473217,7985.550467364,10999.880603561,6353.076933652534,1493.5444053590763,8004.220405639,1227.2029324220002,0.002337965097246847,0.0,0.0,0.2254343070089817,False,False,
s-003,after_one_actual_history_call,3,1000,0,-6777.017473217,7985.550467364,10999.880603561,6353.076933652534,1493.5444053590763,8004.220405639,1227.2029324220002,0.002337965097246847,0.0,0.0,1.024890299886465,False,False,
s-003,after_one_actual_history_call,3,1000,1,-6777.017473217,7985.550467364,10999.880603561,6353.076933652534,1493.5444053590763,8004.220405639,1227.2029324220002,0.002337965097246847,0.0,0.0,1.0251599550247192,False,False,
s-003,after_one_actual_history_call,3,50,0,-6777.017473217,7985.550467364,10999.880603561,6353.076933652534,1493.5444053590763,8004.220405639,1227.2029324220002,0.002337965097246847,0.0,0.0,0.07497825101017952,False,False,
s-003,after_one_actual_history_call,3,50,1,-6777.017473217,7985.550467364,10999.880603561,6353.076933652534,1493.5444053590763,8004.220405639,1227.2029324220002,0.002337965097246847,0.0,0.0,0.07652764022350311,False,False,
s-003,after_one_actual_history_call,3,10,0,-6777.017473217,7985.550467364,10999.880603561,6353.076933652534,1493.5444053590763,8004.220405639,1227.2029324220002,0.002337965097246847,0.0,0.0,0.035849109292030334,False,False,
s-003,after_one_actual_history_call,3,10,1,-6777.017473217,7985.550467364,10999.880603561,6353.076933652534,1493.5444053590763,8004.220405639,1227.2029324220002,0.002337965097246847,0.0,0.0,0.03287084773182869,False,False,
s-003,after_one_actual_history_call,4,200,0,-29255.959998715,29778.385533587,50092.604437035,23889.61224228222,1493.5444053590763,30527.214491294,1271.254492578999,0.025146727879602336,0.0,0.0,0.2276201955974102,False,False,
s-003,after_one_actual_history_call,4,200,1,-29255.959998715,29778.385533587,50092.604437035,23889.61224228222,1493.5444053590763,30527.214491294,1271.254492578999,0.025146727879602336,0.0,0.0,0.22940127179026604,False,False,
s-003,after_one_actual_history_call,4,1000,0,-29255.959998715,29778.385533587,50092.604437035,23889.61224228222,1493.5444053590763,30527.214491294,1271.254492578999,0.025146727879602336,0.0,0.0,1.0287876427173615,False,False,
s-003,after_one_actual_history_call,4,1000,1,-29255.959998715,29778.385533587,50092.604437035,23889.61224228222,1493.5444053590763,30527.214491294,1271.254492578999,0.025146727879602336,0.0,0.0,1.0269238166511059,False,False,
s-003,after_one_actual_history_call,4,50,0,-29255.959998715,29778.385533587,50092.604437035,23889.61224228222,1493.5444053590763,30527.214491294,1271.254492578999,0.025146727879602336,0.0,0.0,0.07865967601537704,False,False,
s-003,after_one_actual_history_call,4,50,1,-29255.959998715,29778.385533587,50092.604437035,23889.61224228222,1493.5444053590763,30527.214491294,1271.254492578999,0.025146727879602336,0.0,0.0,0.08081686869263649,False,False,
s-003,after_one_actual_history_call,4,10,0,-29255.959998715,29778.385533587,50092.604437035,23889.61224228222,1493.5444053590763,30527.214491294,1271.254492578999,0.025146727879602336,0.0,0.0,0.03835239261388779,False,False,
s-003,after_one_actual_history_call,4,10,1,-29255.959998715,29778.385533587,50092.604437035,23889.61224228222,1493.5444053590763,30527.214491294,1271.254492578999,0.025146727879602336,0.0,0.0,0.034952159970998764,False,False,
s-003,after_one_actual_history_call,5,200,0,577.773127391,0.0,0.0,0.0,1493.5444053590763,0.0,577.773127391,0.0,0.0,0.0,0.007666986435651779,False,True,
s-003,after_one_actual_history_call,5,200,1,577.773127391,0.0,0.0,0.0,1493.5444053590763,0.0,577.773127391,0.0,0.0,0.0,0.007577579468488693,False,True,
s-003,after_one_actual_history_call,5,1000,0,577.773127391,0.0,0.0,0.0,1493.5444053590763,0.0,577.773127391,0.0,0.0,0.0,0.007707454264163971,False,True,
s-003,after_one_actual_history_call,5,1000,1,577.773127391,0.0,0.0,0.0,1493.5444053590763,0.0,577.773127391,0.0,0.0,0.0,0.007428422570228577,False,True,
s-003,after_one_actual_history_call,5,50,0,577.773127391,0.0,0.0,0.0,1493.5444053590763,0.0,577.773127391,0.0,0.0,0.0,0.007297534495592117,False,True,
s-003,after_one_actual_history_call,5,50,1,577.773127391,0.0,0.0,0.0,1493.5444053590763,0.0,577.773127391,0.0,0.0,0.0,0.0072372667491436005,False,True,
s-003,after_one_actual_history_call,5,10,0,577.773127391,0.0,0.0,0.0,1493.5444053590763,0.0,577.773127391,0.0,0.0,0.0,0.007238257676362991,False,True,
s-003,after_one_actual_history_call,5,10,1,577.773127391,0.0,0.0,0.0,1493.5444053590763,0.0,577.773127391,0.0,0.0,0.0,0.0072261616587638855,False,True,
s-003,after_one_actual_history_call,6,200,0,-7329.654417114999,8492.464744955,11752.800573831999,6554.194225612833,1493.5444053590763,8744.992637935,1415.338220820001,0.0297355244400651,0.0,0.0,0.22695597261190414,False,False,
s-003,after_one_actual_history_call,6,200,1,-7329.654417114999,8492.464744955,11752.800573831999,6554.194225612833,1493.5444053590763,8744.992637935,1415.338220820001,0.0297355244400651,0.0,0.0,0.2259524092078209,False,False,
s-003,after_one_actual_history_call,6,1000,0,-7329.654417114999,8492.464744955,11752.800573831999,6554.194225612833,1493.5444053590763,8744.992637935,1415.338220820001,0.0297355244400651,0.0,0.0,1.0267101973295212,False,False,
s-003,after_one_actual_history_call,6,1000,1,-7329.654417114999,8492.464744955,11752.800573831999,6554.194225612833,1493.5444053590763,8744.992637935,1415.338220820001,0.0297355244400651,0.0,0.0,1.027574885636568,False,False,
s-003,after_one_actual_history_call,6,50,0,-7329.654417114999,8492.464744955,11752.800573831999,6554.194225612833,1493.5444053590763,8744.992637935,1415.338220820001,0.0297355244400651,0.0,0.0,0.07649838924407959,False,False,
s-003,after_one_actual_history_call,6,50,1,-7329.654417114999,8492.464744955,11752.800573831999,6554.194225612833,1493.5444053590763,8744.992637935,1415.338220820001,0.0297355244400651,0.0,0.0,0.07644620910286903,False,False,
s-003,after_one_actual_history_call,6,10,0,-7329.654417114999,8492.464744955,11752.800573831999,6554.194225612833,1493.5444053590763,8744.992637935,1415.338220820001,0.0297355244400651,0.0,0.0,0.03876612335443497,False,False,
s-003,after_one_actual_history_call,6,10,1,-7329.654417114999,8492.464744955,11752.800573831999,6554.194225612833,1493.5444053590763,8744.992637935,1415.338220820001,0.0297355244400651,0.0,0.0,0.03493631258606911,False,False,
s-003,after_one_actual_history_call,7,200,0,-29565.461271278,31059.005676637,50306.055879773,25364.748829915545,1493.5444053590763,31883.244958444,2317.783687166,0.026537851545807987,824.2392818069238,0.0006339971914871099,0.22714462503790855,False,False,0.22714462503790855
s-003,after_one_actual_history_call,7,200,1,-29565.461271278,31059.005676637,50306.055879773,25364.748829915545,1493.5444053590763,31883.244958444,2317.783687166,0.026537851545807987,824.2392818069238,0.0006339971914871099,0.2281145602464676,False,False,0.2281145602464676
s-003,after_one_actual_history_call,7,1000,0,-29565.461271278,31059.005676637,50306.055879773,25364.748829915545,1493.5444053590763,31883.244958444,2317.783687166,0.026537851545807987,824.2392818069238,0.0006339971914871099,1.0280035473406315,False,False,1.0280035473406315
s-003,after_one_actual_history_call,7,1000,1,-29565.461271278,31059.005676637,50306.055879773,25364.748829915545,1493.5444053590763,31883.244958444,2317.783687166,0.026537851545807987,824.2392818069238,0.0006339971914871099,1.0284958630800247,False,False,1.0284958630800247
s-003,after_one_actual_history_call,7,50,0,-29565.461271278,31059.005676637,50306.055879773,25364.748829915545,1493.5444053590763,31883.244958444,2317.783687166,0.026537851545807987,824.2392818069238,0.0006339971914871099,0.07904551178216934,False,False,0.07904551178216934
s-003,after_one_actual_history_call,7,50,1,-29565.461271278,31059.005676637,50306.055879773,25364.748829915545,1493.5444053590763,31883.244958444,2317.783687166,0.026537851545807987,824.2392818069238,0.0006339971914871099,0.07932892814278603,False,False,0.07932892814278603
s-003,after_one_actual_history_call,7,10,0,-29565.461271278,31059.005676637,50306.055879773,25364.748829915545,1493.5444053590763,31859.923027116,2294.4617558380014,0.025786960433233128,800.9173504789251,0.0006160581787654739,0.038279421627521515,False,False,0.038279421627521515
s-003,after_one_actual_history_call,7,10,1,-29565.461271278,31059.005676637,50306.055879773,25364.748829915545,1493.5444053590763,31859.923027116,2294.4617558380014,0.025786960433233128,800.9173504789251,0.0006160581787654739,0.03585750609636307,False,False,0.03585750609636307
s-003,after_one_actual_history_call,8,200,0,1022.1020608320005,0.0,0.0,0.0,1493.5444053590763,0.0,1022.1020608320005,0.0,0.0,0.0,0.007210705429315567,False,True,
s-003,after_one_actual_history_call,8,200,1,1022.1020608320005,0.0,0.0,0.0,1493.5444053590763,0.0,1022.1020608320005,0.0,0.0,0.0,0.007199648767709732,False,True,
s-003,after_one_actual_history_call,8,1000,0,1022.1020608320005,0.0,0.0,0.0,1493.5444053590763,0.0,1022.1020608320005,0.0,0.0,0.0,0.007175568491220474,False,True,
s-003,after_one_actual_history_call,8,1000,1,1022.1020608320005,0.0,0.0,0.0,1493.5444053590763,0.0,1022.1020608320005,0.0,0.0,0.0,0.0071655213832855225,False,True,
s-003,after_one_actual_history_call,8,50,0,1022.1020608320005,0.0,0.0,0.0,1493.5444053590763,0.0,1022.1020608320005,0.0,0.0,0.0,0.007140778005123138,False,True,
s-003,after_one_actual_history_call,8,50,1,1022.1020608320005,0.0,0.0,0.0,1493.5444053590763,0.0,1022.1020608320005,0.0,0.0,0.0,0.00712314248085022,False,True,
s-003,after_one_actual_history_call,8,10,0,1022.1020608320005,0.0,0.0,0.0,1493.5444053590763,0.0,1022.1020608320005,0.0,0.0,0.0,0.007125779986381531,False,True,
s-003,after_one_actual_history_call,8,10,1,1022.1020608320005,0.0,0.0,0.0,1493.5444053590763,0.0,1022.1020608320005,0.0,0.0,0.0,0.007109619677066803,False,True,
s-003,after_one_actual_history_call,9,200,0,-6694.824871937,7834.049986002,12785.564994182,6523.83668467145,1493.5444053590763,8347.189924924,1652.3650529869992,0.06550123369634939,158.82064762792288,0.00012216336538283779,0.22796640917658806,False,False,0.22796640917658806
s-003,after_one_actual_history_call,9,200,1,-6694.824871937,7834.049986002,12785.564994182,6523.83668467145,1493.5444053590763,8347.189924924,1652.3650529869992,0.06550123369634939,158.82064762792288,0.00012216336538283779,0.23043615370988846,False,False,0.23043615370988846
s-003,after_one_actual_history_call,9,1000,0,-6694.824871937,7834.049986002,12785.564994182,6523.83668467145,1493.5444053590763,8347.189924924,1652.3650529869992,0.06550123369634939,158.82064762792288,0.00012216336538283779,1.0270813964307308,False,False,1.0270813964307308
s-003,after_one_actual_history_call,9,1000,1,-6694.824871937,7834.049986002,12785.564994182,6523.83668467145,1493.5444053590763,8347.189924924,1652.3650529869992,0.06550123369634939,158.82064762792288,0.00012216336538283779,1.0258626900613308,False,False,1.0258626900613308
s-003,after_one_actual_history_call,9,50,0,-6694.824871937,7834.049986002,12785.564994182,6523.83668467145,1493.5444053590763,8347.189924924,1652.3650529869992,0.06550123369634939,158.82064762792288,0.00012216336538283779,0.07589802518486977,False,False,0.07589802518486977
s-003,after_one_actual_history_call,9,50,1,-6694.824871937,7834.049986002,12785.564994182,6523.83668467145,1493.5444053590763,8347.189924924,1652.3650529869992,0.06550123369634939,158.82064762792288,0.00012216336538283779,0.07638999819755554,False,False,0.07638999819755554
s-003,after_one_actual_history_call,9,10,0,-6694.824871937,7834.049986002,12785.564994182,6523.83668467145,1493.5444053590763,8347.189924924,1652.3650529869992,0.06550123369634939,158.82064762792288,0.00012216336538283779,0.03435753658413887,False,False,0.03435753658413887
s-003,after_one_actual_history_call,9,10,1,-6694.824871937,7834.049986002,12785.564994182,6523.83668467145,1493.5444053590763,8347.189924924,1652.3650529869992,0.06550123369634939,158.82064762792288,0.00012216336538283779,0.03412967920303345,False,False,0.03412967920303345
s-003,after_one_actual_history_call,10,200,0,-29753.45290969,30947.16241623,51797.327916573,27681.119762855284,1493.5444053590763,31775.338834061,2021.8859243709994,0.026760980754625494,528.3415190119231,0.0004063953837109865,0.2289830818772316,False,False,0.2289830818772316
s-003,after_one_actual_history_call,10,200,1,-29753.45290969,30947.16241623,51797.327916573,27681.119762855284,1493.5444053590763,31775.338834061,2021.8859243709994,0.026760980754625494,528.3415190119231,0.0004063953837109865,0.22859421372413635,False,False,0.22859421372413635
s-003,after_one_actual_history_call,10,1000,0,-29753.45290969,30947.16241623,51797.327916573,27681.119762855284,1493.5444053590763,31775.338834061,2021.8859243709994,0.026760980754625494,528.3415190119231,0.0004063953837109865,1.0307305417954922,False,False,1.0307305417954922
s-003,after_one_actual_history_call,10,1000,1,-29753.45290969,30947.16241623,51797.327916573,27681.119762855284,1493.5444053590763,31775.338834061,2021.8859243709994,0.026760980754625494,528.3415190119231,0.0004063953837109865,1.031316727399826,False,False,1.031316727399826
s-003,after_one_actual_history_call,10,50,0,-29753.45290969,30947.16241623,51797.327916573,27681.119762855284,1493.5444053590763,31775.338834061,2021.8859243709994,0.026760980754625494,528.3415190119231,0.0004063953837109865,0.08096005395054817,False,False,0.08096005395054817
s-003,after_one_actual_history_call,10,50,1,-29753.45290969,30947.16241623,51797.327916573,27681.119762855284,1493.5444053590763,31775.338834061,2021.8859243709994,0.026760980754625494,528.3415190119231,0.0004063953837109865,0.08029697835445404,False,False,0.08029697835445404
s-003,after_one_actual_history_call,10,10,0,-29753.45290969,30947.16241623,51797.327916573,27681.119762855284,1493.5444053590763,31775.338834061,2021.8859243709994,0.026760980754625494,528.3415190119231,0.0004063953837109865,0.03765954449772835,False,False,0.03765954449772835
s-003,after_one_actual_history_call,10,10,1,-29753.45290969,30947.16241623,51797.327916573,27681.119762855284,1493.5444053590763,31775.338834061,2021.8859243709994,0.026760980754625494,528.3415190119231,0.0004063953837109865,0.03679868206381798,False,False,0.03679868206381798
s-004,after_common_greedy_prefix,0,200,0,-8054.627827397,8132.149794756,13905.168087631,6389.695211073361,1495.1434787099715,8216.446080149,161.81825275200026,0.010365805785741745,0.0,0.0,0.23141435906291008,False,False,
s-004,after_common_greedy_prefix,0,200,1,-8054.627827397,8132.149794756,13905.168087631,6389.695211073361,1495.1434787099715,8216.446080149,161.81825275200026,0.010365805785741745,0.0,0.0,0.22609834372997284,False,False,
s-004,after_common_greedy_prefix,0,1000,0,-8054.627827397,8132.149794756,13905.168087631,6389.695211073361,1495.1434787099715,8216.446080149,161.81825275200026,0.010365805785741745,0.0,0.0,1.030860099941492,False,False,
s-004,after_common_greedy_prefix,0,1000,1,-8054.627827397,8132.149794756,13905.168087631,6389.695211073361,1495.1434787099715,8216.446080149,161.81825275200026,0.010365805785741745,0.0,0.0,1.0311040505766869,False,False,
s-004,after_common_greedy_prefix,0,50,0,-8054.627827397,8132.149794756,13905.168087631,6389.695211073361,1495.1434787099715,8216.446080149,161.81825275200026,0.010365805785741745,0.0,0.0,0.08190548792481422,False,False,
s-004,after_common_greedy_prefix,0,50,1,-8054.627827397,8132.149794756,13905.168087631,6389.695211073361,1495.1434787099715,8216.446080149,161.81825275200026,0.010365805785741745,0.0,0.0,0.08106468990445137,False,False,
s-004,after_common_greedy_prefix,0,10,0,-8054.627827397,8132.149794756,13905.168087631,6389.695211073361,1495.1434787099715,8216.446080149,161.81825275200026,0.010365805785741745,0.0,0.0,0.038772959262132645,False,False,
s-004,after_common_greedy_prefix,0,10,1,-8054.627827397,8132.149794756,13905.168087631,6389.695211073361,1495.1434787099715,8216.446080149,161.81825275200026,0.010365805785741745,0.0,0.0,0.03927744925022125,False,False,
s-004,after_common_greedy_prefix,1,200,0,-30205.537076251,30205.537076251,45425.420978109,24421.8960595636,1495.1434787099715,30783.904204629,578.3671283780022,0.019147718741698568,0.0,0.0,0.23012904822826385,False,False,
s-004,after_common_greedy_prefix,1,200,1,-30205.537076251,30205.537076251,45425.420978109,24421.8960595636,1495.1434787099715,30783.904204629,578.3671283780022,0.019147718741698568,0.0,0.0,0.22828038036823273,False,False,
s-004,after_common_greedy_prefix,1,1000,0,-30205.537076251,30205.537076251,45425.420978109,24421.8960595636,1495.1434787099715,30783.904204629,578.3671283780022,0.019147718741698568,0.0,0.0,1.0306445732712746,False,False,
s-004,after_common_greedy_prefix,1,1000,1,-30205.537076251,30205.537076251,45425.420978109,24421.8960595636,1495.1434787099715,30783.904204629,578.3671283780022,0.019147718741698568,0.0,0.0,1.0293312035501003,False,False,
s-004,after_common_greedy_prefix,1,50,0,-30205.537076251,30205.537076251,45425.420978109,24421.8960595636,1495.1434787099715,30783.904204629,578.3671283780022,0.019147718741698568,0.0,0.0,0.0776761844754219,False,False,
s-004,after_common_greedy_prefix,1,50,1,-30205.537076251,30205.537076251,45425.420978109,24421.8960595636,1495.1434787099715,30783.904204629,578.3671283780022,0.019147718741698568,0.0,0.0,0.07932539656758308,False,False,
s-004,after_common_greedy_prefix,1,10,0,-30205.537076251,30205.537076251,45425.420978109,24421.8960595636,1495.1434787099715,30783.904204629,578.3671283780022,0.019147718741698568,0.0,0.0,0.03847954422235489,False,False,
s-004,after_common_greedy_prefix,1,10,1,-30205.537076251,30205.537076251,45425.420978109,24421.8960595636,1495.1434787099715,30783.904204629,578.3671283780022,0.019147718741698568,0.0,0.0,0.03588670492172241,False,False,
s-004,after_common_greedy_prefix,2,200,0,324.0356123760001,0.0,0.0,0.0,1495.1434787099715,0.0,324.0356123760001,0.0,0.0,0.0,0.0073330216109752655,False,True,
s-004,after_common_greedy_prefix,2,200,1,324.0356123760001,0.0,0.0,0.0,1495.1434787099715,0.0,324.0356123760001,0.0,0.0,0.0,0.007493913173675537,False,True,
s-004,after_common_greedy_prefix,2,1000,0,324.0356123760001,0.0,0.0,0.0,1495.1434787099715,0.0,324.0356123760001,0.0,0.0,0.0,0.0075041502714157104,False,True,
s-004,after_common_greedy_prefix,2,1000,1,324.0356123760001,0.0,0.0,0.0,1495.1434787099715,0.0,324.0356123760001,0.0,0.0,0.0,0.0076014138758182526,False,True,
s-004,after_common_greedy_prefix,2,50,0,324.0356123760001,0.0,0.0,0.0,1495.1434787099715,0.0,324.0356123760001,0.0,0.0,0.0,0.0075539834797382355,False,True,
s-004,after_common_greedy_prefix,2,50,1,324.0356123760001,0.0,0.0,0.0,1495.1434787099715,0.0,324.0356123760001,0.0,0.0,0.0,0.007421571761369705,False,True,
s-004,after_common_greedy_prefix,2,10,0,324.0356123760001,0.0,0.0,0.0,1495.1434787099715,0.0,324.0356123760001,0.0,0.0,0.0,0.007329452782869339,False,True,
s-004,after_common_greedy_prefix,2,10,1,324.0356123760001,0.0,0.0,0.0,1495.1434787099715,0.0,324.0356123760001,0.0,0.0,0.0,0.007273182272911072,False,True,
s-004,after_common_greedy_prefix,3,200,0,-7055.335246896,7968.406054517,11207.125722511,6414.335408396317,1495.1434787099715,8282.538179318,1227.2029324220002,0.039422203468525645,0.0,0.0,0.22492965310811996,False,False,
s-004,after_common_greedy_prefix,3,200,1,-7055.335246896,7968.406054517,11207.125722511,6414.335408396317,1495.1434787099715,8282.538179318,1227.2029324220002,0.039422203468525645,0.0,0.0,0.22515416517853737,False,False,
s-004,after_common_greedy_prefix,3,1000,0,-7055.335246896,7968.406054517,11207.125722511,6414.335408396317,1495.1434787099715,8282.538179318,1227.2029324220002,0.039422203468525645,0.0,0.0,1.026262927800417,False,False,
s-004,after_common_greedy_prefix,3,1000,1,-7055.335246896,7968.406054517,11207.125722511,6414.335408396317,1495.1434787099715,8282.538179318,1227.2029324220002,0.039422203468525645,0.0,0.0,1.0263257771730423,False,False,
s-004,after_common_greedy_prefix,3,50,0,-7055.335246896,7968.406054517,11207.125722511,6414.335408396317,1495.1434787099715,8282.538179318,1227.2029324220002,0.039422203468525645,0.0,0.0,0.07512087747454643,False,False,
s-004,after_common_greedy_prefix,3,50,1,-7055.335246896,7968.406054517,11207.125722511,6414.335408396317,1495.1434787099715,8282.538179318,1227.2029324220002,0.039422203468525645,0.0,0.0,0.07555847987532616,False,False,
s-004,after_common_greedy_prefix,3,10,0,-7055.335246896,7968.406054517,11207.125722511,6414.335408396317,1495.1434787099715,8282.538179318,1227.2029324220002,0.039422203468525645,0.0,0.0,0.03460889682173729,False,False,
s-004,after_common_greedy_prefix,3,10,1,-7055.335246896,7968.406054517,11207.125722511,6414.335408396317,1495.1434787099715,8282.538179318,1227.2029324220002,0.039422203468525645,0.0,0.0,0.033887580037117004,False,False,
s-004,after_common_greedy_prefix,4,200,0,-29539.737419535,29863.773031911,49048.818267953,23796.435576364558,1495.1434787099715,30809.544972402,1269.8075528670015,0.03166953952805601,0.0,0.0,0.22561876848340034,False,False,
s-004,after_common_greedy_prefix,4,200,1,-29539.737419535,29863.773031911,49048.818267953,23796.435576364558,1495.1434787099715,30809.544972402,1269.8075528670015,0.03166953952805601,0.0,0.0,0.22915715351700783,False,False,
s-004,after_common_greedy_prefix,4,1000,0,-29539.737419535,29863.773031911,49048.818267953,23796.435576364558,1495.1434787099715,30809.544972402,1269.8075528670015,0.03166953952805601,0.0,0.0,1.0297169238328934,False,False,
s-004,after_common_greedy_prefix,4,1000,1,-29539.737419535,29863.773031911,49048.818267953,23796.435576364558,1495.1434787099715,30809.544972402,1269.8075528670015,0.03166953952805601,0.0,0.0,1.0275706946849823,False,False,
s-004,after_common_greedy_prefix,4,50,0,-29539.737419535,29863.773031911,49048.818267953,23796.435576364558,1495.1434787099715,30809.544972402,1269.8075528670015,0.03166953952805601,0.0,0.0,0.077143345028162,False,False,
s-004,after_common_greedy_prefix,4,50,1,-29539.737419535,29863.773031911,49048.818267953,23796.435576364558,1495.1434787099715,30809.544972402,1269.8075528670015,0.03166953952805601,0.0,0.0,0.07664856687188148,False,False,
s-004,after_common_greedy_prefix,4,10,0,-29539.737419535,29863.773031911,49048.818267953,23796.435576364558,1495.1434787099715,30809.544972402,1269.8075528670015,0.03166953952805601,0.0,0.0,0.036110226064920425,False,False,
s-004,after_common_greedy_prefix,4,10,1,-29539.737419535,29863.773031911,49048.818267953,23796.435576364558,1495.1434787099715,30809.544972402,1269.8075528670015,0.03166953952805601,0.0,0.0,0.03458428010344505,False,False,
s-004,after_common_greedy_prefix,5,200,0,577.773127391,0.0,0.0,0.0,1495.1434787099715,0.0,577.773127391,0.0,0.0,0.0,0.00727873295545578,False,True,
s-004,after_common_greedy_prefix,5,200,1,577.773127391,0.0,0.0,0.0,1495.1434787099715,0.0,577.773127391,0.0,0.0,0.0,0.007376980036497116,False,True,
s-004,after_common_greedy_prefix,5,1000,0,577.773127391,0.0,0.0,0.0,1495.1434787099715,0.0,577.773127391,0.0,0.0,0.0,0.007396593689918518,False,True,
s-004,after_common_greedy_prefix,5,1000,1,577.773127391,0.0,0.0,0.0,1495.1434787099715,0.0,577.773127391,0.0,0.0,0.0,0.007442861795425415,False,True,
s-004,after_common_greedy_prefix,5,50,0,577.773127391,0.0,0.0,0.0,1495.1434787099715,0.0,577.773127391,0.0,0.0,0.0,0.007565584033727646,False,True,
s-004,after_common_greedy_prefix,5,50,1,577.773127391,0.0,0.0,0.0,1495.1434787099715,0.0,577.773127391,0.0,0.0,0.0,0.007460538297891617,False,True,
s-004,after_common_greedy_prefix,5,10,0,577.773127391,0.0,0.0,0.0,1495.1434787099715,0.0,577.773127391,0.0,0.0,0.0,0.007357943803071976,False,True,
s-004,after_common_greedy_prefix,5,10,1,577.773127391,0.0,0.0,0.0,1495.1434787099715,0.0,577.773127391,0.0,0.0,0.0,0.0072662122547626495,False,True,
s-004,after_common_greedy_prefix,6,200,0,-7329.654417114999,8492.464744955,11752.800573831999,6554.194225612833,1495.1434787099715,8744.992637935,1415.338220820001,0.0297355244400651,0.0,0.0,0.22541284561157227,False,False,
s-004,after_common_greedy_prefix,6,200,1,-7329.654417114999,8492.464744955,11752.800573831999,6554.194225612833,1495.1434787099715,8744.992637935,1415.338220820001,0.0297355244400651,0.0,0.0,0.22674009576439857,False,False,
s-004,after_common_greedy_prefix,6,1000,0,-7329.654417114999,8492.464744955,11752.800573831999,6554.194225612833,1495.1434787099715,8744.992637935,1415.338220820001,0.0297355244400651,0.0,0.0,1.027737196534872,False,False,
s-004,after_common_greedy_prefix,6,1000,1,-7329.654417114999,8492.464744955,11752.800573831999,6554.194225612833,1495.1434787099715,8744.992637935,1415.338220820001,0.0297355244400651,0.0,0.0,1.0281831696629524,False,False,
s-004,after_common_greedy_prefix,6,50,0,-7329.654417114999,8492.464744955,11752.800573831999,6554.194225612833,1495.1434787099715,8744.992637935,1415.338220820001,0.0297355244400651,0.0,0.0,0.07749331742525101,False,False,
s-004,after_common_greedy_prefix,6,50,1,-7329.654417114999,8492.464744955,11752.800573831999,6554.194225612833,1495.1434787099715,8744.992637935,1415.338220820001,0.0297355244400651,0.0,0.0,0.07492081448435783,False,False,
s-004,after_common_greedy_prefix,6,10,0,-7329.654417114999,8492.464744955,11752.800573831999,6554.194225612833,1495.1434787099715,8744.992637935,1415.338220820001,0.0297355244400651,0.0,0.0,0.03346124291419983,False,False,
s-004,after_common_greedy_prefix,6,10,1,-7329.654417114999,8492.464744955,11752.800573831999,6554.194225612833,1495.1434787099715,8744.992637935,1415.338220820001,0.0297355244400651,0.0,0.0,0.032623693346977234,False,False,
s-004,after_common_greedy_prefix,7,200,0,-30219.345119116,31290.736782663,51153.033358013,26005.023093600405,1495.1434787099715,32550.659423819,2331.3143047030026,0.04026503594041531,836.170825993031,0.000643174824331195,0.22671540454030037,False,False,0.22671540454030037
s-004,after_common_greedy_prefix,7,200,1,-30219.345119116,31290.736782663,51153.033358013,26005.023093600405,1495.1434787099715,32550.659423819,2331.3143047030026,0.04026503594041531,836.170825993031,0.000643174824331195,0.23021888360381126,False,False,0.23021888360381126
s-004,after_common_greedy_prefix,7,1000,0,-30219.345119116,31290.736782663,51153.033358013,26005.023093600405,1495.1434787099715,32550.659423819,2331.3143047030026,0.04026503594041531,836.170825993031,0.000643174824331195,1.0296375378966331,False,False,1.0296375378966331
s-004,after_common_greedy_prefix,7,1000,1,-30219.345119116,31290.736782663,51153.033358013,26005.023093600405,1495.1434787099715,32550.659423819,2331.3143047030026,0.04026503594041531,836.170825993031,0.000643174824331195,1.0304712504148483,False,False,1.0304712504148483
s-004,after_common_greedy_prefix,7,50,0,-30219.345119116,31290.736782663,51153.033358013,26005.023093600405,1495.1434787099715,32550.659423819,2331.3143047030026,0.04026503594041531,836.170825993031,0.000643174824331195,0.07849752530455589,False,False,0.07849752530455589
s-004,after_common_greedy_prefix,7,50,1,-30219.345119116,31290.736782663,51153.033358013,26005.023093600405,1495.1434787099715,32550.659423819,2331.3143047030026,0.04026503594041531,836.170825993031,0.000643174824331195,0.07926658913493156,False,False,0.07926658913493156
s-004,after_common_greedy_prefix,7,10,0,-30219.345119116,31290.736782663,51153.033358013,26005.023093600405,1495.1434787099715,32550.659423819,2331.3143047030026,0.04026503594041531,836.170825993031,0.000643174824331195,0.03930754214525223,False,False,0.03930754214525223
s-004,after_common_greedy_prefix,7,10,1,-30219.345119116,31290.736782663,51153.033358013,26005.023093600405,1495.1434787099715,32550.659423819,2331.3143047030026,0.04026503594041531,836.170825993031,0.000643174824331195,0.036548588424921036,False,False,0.036548588424921036
s-004,after_common_greedy_prefix,8,200,0,1022.1020608320005,0.0,0.0,0.0,1495.1434787099715,0.0,1022.1020608320005,0.0,0.0,0.0,0.007461342960596085,False,True,
s-004,after_common_greedy_prefix,8,200,1,1022.1020608320005,0.0,0.0,0.0,1495.1434787099715,0.0,1022.1020608320005,0.0,0.0,0.0,0.0075179412961006165,False,True,
s-004,after_common_greedy_prefix,8,1000,0,1022.1020608320005,0.0,0.0,0.0,1495.1434787099715,0.0,1022.1020608320005,0.0,0.0,0.0,0.00786394253373146,False,True,
s-004,after_common_greedy_prefix,8,1000,1,1022.1020608320005,0.0,0.0,0.0,1495.1434787099715,0.0,1022.1020608320005,0.0,0.0,0.0,0.007764145731925964,False,True,
s-004,after_common_greedy_prefix,8,50,0,1022.1020608320005,0.0,0.0,0.0,1495.1434787099715,0.0,1022.1020608320005,0.0,0.0,0.0,0.007769059389829636,False,True,
s-004,after_common_greedy_prefix,8,50,1,1022.1020608320005,0.0,0.0,0.0,1495.1434787099715,0.0,1022.1020608320005,0.0,0.0,0.0,0.007533986121416092,False,True,
s-004,after_common_greedy_prefix,8,10,0,1022.1020608320005,0.0,0.0,0.0,1495.1434787099715,0.0,1022.1020608320005,0.0,0.0,0.0,0.007403891533613205,False,True,
s-004,after_common_greedy_prefix,8,10,1,1022.1020608320005,0.0,0.0,0.0,1495.1434787099715,0.0,1022.1020608320005,0.0,0.0,0.0,0.007375888526439667,False,True,
s-004,after_common_greedy_prefix,9,200,0,-6694.824871937,7834.049986002,12785.564994182,6523.83668467145,1495.1434787099715,8347.189924924,1652.3650529869992,0.06550123369634939,157.22157427702768,0.00012093337303009897,0.2264251820743084,False,False,0.2264251820743084
s-004,after_common_greedy_prefix,9,200,1,-6694.824871937,7834.049986002,12785.564994182,6523.83668467145,1495.1434787099715,8347.189924924,1652.3650529869992,0.06550123369634939,157.22157427702768,0.00012093337303009897,0.22518539801239967,False,False,0.22518539801239967
s-004,after_common_greedy_prefix,9,1000,0,-6694.824871937,7834.049986002,12785.564994182,6523.83668467145,1495.1434787099715,8347.189924924,1652.3650529869992,0.06550123369634939,157.22157427702768,0.00012093337303009897,1.0264441184699535,False,False,1.0264441184699535
s-004,after_common_greedy_prefix,9,1000,1,-6694.824871937,7834.049986002,12785.564994182,6523.83668467145,1495.1434787099715,8347.189924924,1652.3650529869992,0.06550123369634939,157.22157427702768,0.00012093337303009897,1.0261894278228283,False,False,1.0261894278228283
s-004,after_common_greedy_prefix,9,50,0,-6694.824871937,7834.049986002,12785.564994182,6523.83668467145,1495.1434787099715,8347.189924924,1652.3650529869992,0.06550123369634939,157.22157427702768,0.00012093337303009897,0.07658195123076439,False,False,0.07658195123076439
s-004,after_common_greedy_prefix,9,50,1,-6694.824871937,7834.049986002,12785.564994182,6523.83668467145,1495.1434787099715,8347.189924924,1652.3650529869992,0.06550123369634939,157.22157427702768,0.00012093337303009897,0.07551030069589615,False,False,0.07551030069589615
s-004,after_common_greedy_prefix,9,10,0,-6694.824871937,7834.049986002,12785.564994182,6523.83668467145,1495.1434787099715,8347.189924924,1652.3650529869992,0.06550123369634939,157.22157427702768,0.00012093337303009897,0.03365309163928032,False,False,0.03365309163928032
s-004,after_common_greedy_prefix,9,10,1,-6694.824871937,7834.049986002,12785.564994182,6523.83668467145,1495.1434787099715,8347.189924924,1652.3650529869992,0.06550123369634939,157.22157427702768,0.00012093337303009897,0.03246156498789787,False,False,0.03246156498789787
s-004,after_common_greedy_prefix,10,200,0,-29561.786819096997,31056.930297807,52442.076398568,27482.5347937561,1495.1434787099715,31930.707364371,2368.9205452740025,0.028134688721174018,873.777066564031,0.0006721011949018075,0.22713974118232727,False,False,0.22713974118232727
s-004,after_common_greedy_prefix,10,200,1,-29561.786819096997,31056.930297807,52442.076398568,27482.5347937561,1495.1434787099715,31930.707364371,2368.9205452740025,0.028134688721174018,873.777066564031,0.0006721011949018075,0.23157119750976562,False,False,0.23157119750976562
s-004,after_common_greedy_prefix,10,1000,0,-29561.786819096997,31056.930297807,52442.076398568,27482.5347937561,1495.1434787099715,31930.707364371,2368.9205452740025,0.028134688721174018,873.777066564031,0.0006721011949018075,1.029306571930647,False,False,1.029306571930647
s-004,after_common_greedy_prefix,10,1000,1,-29561.786819096997,31056.930297807,52442.076398568,27482.5347937561,1495.1434787099715,31930.707364371,2368.9205452740025,0.028134688721174018,873.777066564031,0.0006721011949018075,1.0280341394245625,False,False,1.0280341394245625
s-004,after_common_greedy_prefix,10,50,0,-29561.786819096997,31056.930297807,52442.076398568,27482.5347937561,1495.1434787099715,31930.707364371,2368.9205452740025,0.028134688721174018,873.777066564031,0.0006721011949018075,0.07885297015309334,False,False,0.07885297015309334
s-004,after_common_greedy_prefix,10,50,1,-29561.786819096997,31056.930297807,52442.076398568,27482.5347937561,1495.1434787099715,31930.707364371,2368.9205452740025,0.028134688721174018,873.777066564031,0.0006721011949018075,0.07798993960022926,False,False,0.07798993960022926
s-004,after_common_greedy_prefix,10,10,0,-29561.786819096997,31056.930297807,52442.076398568,27482.5347937561,1495.1434787099715,31930.707364371,2368.9205452740025,0.028134688721174018,873.777066564031,0.0006721011949018075,0.03882378712296486,False,False,0.03882378712296486
s-004,after_common_greedy_prefix,10,10,1,-29561.786819096997,31056.930297807,52442.076398568,27482.5347937561,1495.1434787099715,31930.707364371,2368.9205452740025,0.028134688721174018,873.777066564031,0.0006721011949018075,0.03729172423481941,False,False,0.03729172423481941
s-005,after_one_actual_history_call,0,200,0,-8054.627827397,8132.149794756,13905.168087631,6389.695211073361,1495.1434787099715,8216.446080149,161.81825275200026,0.010365805785741745,0.0,0.0,0.2285684570670128,False,False,
s-005,after_one_actual_history_call,0,200,1,-8054.627827397,8132.149794756,13905.168087631,6389.695211073361,1495.1434787099715,8216.446080149,161.81825275200026,0.010365805785741745,0.0,0.0,0.22559886798262596,False,False,
s-005,after_one_actual_history_call,0,1000,0,-8054.627827397,8132.149794756,13905.168087631,6389.695211073361,1495.1434787099715,8216.446080149,161.81825275200026,0.010365805785741745,0.0,0.0,1.0365243405103683,False,False,
s-005,after_one_actual_history_call,0,1000,1,-8054.627827397,8132.149794756,13905.168087631,6389.695211073361,1495.1434787099715,8216.446080149,161.81825275200026,0.010365805785741745,0.0,0.0,1.0277978852391243,False,False,
s-005,after_one_actual_history_call,0,50,0,-8054.627827397,8132.149794756,13905.168087631,6389.695211073361,1495.1434787099715,8216.446080149,161.81825275200026,0.010365805785741745,0.0,0.0,0.07995640486478806,False,False,
s-005,after_one_actual_history_call,0,50,1,-8054.627827397,8132.149794756,13905.168087631,6389.695211073361,1495.1434787099715,8216.446080149,161.81825275200026,0.010365805785741745,0.0,0.0,0.08072875812649727,False,False,
s-005,after_one_actual_history_call,0,10,0,-8054.627827397,8132.149794756,13905.168087631,6389.695211073361,1495.1434787099715,8216.446080149,161.81825275200026,0.010365805785741745,0.0,0.0,0.035457104444503784,False,False,
s-005,after_one_actual_history_call,0,10,1,-8054.627827397,8132.149794756,13905.168087631,6389.695211073361,1495.1434787099715,8216.446080149,161.81825275200026,0.010365805785741745,0.0,0.0,0.03922140225768089,False,False,
s-005,after_one_actual_history_call,1,200,0,-30205.537076251,30205.537076251,45425.420978109,24421.8960595636,1495.1434787099715,30783.904204629,578.3671283780022,0.019147718741698568,0.0,0.0,0.22921615093946457,False,False,
s-005,after_one_actual_history_call,1,200,1,-30205.537076251,30205.537076251,45425.420978109,24421.8960595636,1495.1434787099715,30783.904204629,578.3671283780022,0.019147718741698568,0.0,0.0,0.23303880542516708,False,False,
s-005,after_one_actual_history_call,1,1000,0,-30205.537076251,30205.537076251,45425.420978109,24421.8960595636,1495.1434787099715,30783.904204629,578.3671283780022,0.019147718741698568,0.0,0.0,1.03101896494627,False,False,
s-005,after_one_actual_history_call,1,1000,1,-30205.537076251,30205.537076251,45425.420978109,24421.8960595636,1495.1434787099715,30783.904204629,578.3671283780022,0.019147718741698568,0.0,0.0,1.0283194296061993,False,False,
s-005,after_one_actual_history_call,1,50,0,-30205.537076251,30205.537076251,45425.420978109,24421.8960595636,1495.1434787099715,30783.904204629,578.3671283780022,0.019147718741698568,0.0,0.0,0.07683392241597176,False,False,
s-005,after_one_actual_history_call,1,50,1,-30205.537076251,30205.537076251,45425.420978109,24421.8960595636,1495.1434787099715,30783.904204629,578.3671283780022,0.019147718741698568,0.0,0.0,0.07887892797589302,False,False,
s-005,after_one_actual_history_call,1,10,0,-30205.537076251,30205.537076251,45425.420978109,24421.8960595636,1495.1434787099715,30783.904204629,578.3671283780022,0.019147718741698568,0.0,0.0,0.039095938205718994,False,False,
s-005,after_one_actual_history_call,1,10,1,-30205.537076251,30205.537076251,45425.420978109,24421.8960595636,1495.1434787099715,30783.904204629,578.3671283780022,0.019147718741698568,0.0,0.0,0.03768850117921829,False,False,
s-005,after_one_actual_history_call,2,200,0,324.0356123760001,0.0,0.0,0.0,1495.1434787099715,0.0,324.0356123760001,0.0,0.0,0.0,0.004887133836746216,False,True,
s-005,after_one_actual_history_call,2,200,1,324.0356123760001,0.0,0.0,0.0,1495.1434787099715,0.0,324.0356123760001,0.0,0.0,0.0,0.00484900176525116,False,True,
s-005,after_one_actual_history_call,2,1000,0,324.0356123760001,0.0,0.0,0.0,1495.1434787099715,0.0,324.0356123760001,0.0,0.0,0.0,0.0074767060577869415,False,True,
s-005,after_one_actual_history_call,2,1000,1,324.0356123760001,0.0,0.0,0.0,1495.1434787099715,0.0,324.0356123760001,0.0,0.0,0.0,0.007328934967517853,False,True,
s-005,after_one_actual_history_call,2,50,0,324.0356123760001,0.0,0.0,0.0,1495.1434787099715,0.0,324.0356123760001,0.0,0.0,0.0,0.007443591952323914,False,True,
s-005,after_one_actual_history_call,2,50,1,324.0356123760001,0.0,0.0,0.0,1495.1434787099715,0.0,324.0356123760001,0.0,0.0,0.0,0.007952407002449036,False,True,
s-005,after_one_actual_history_call,2,10,0,324.0356123760001,0.0,0.0,0.0,1495.1434787099715,0.0,324.0356123760001,0.0,0.0,0.0,0.007971569895744324,False,True,
s-005,after_one_actual_history_call,2,10,1,324.0356123760001,0.0,0.0,0.0,1495.1434787099715,0.0,324.0356123760001,0.0,0.0,0.0,0.007726103067398071,False,True,
s-005,after_one_actual_history_call,3,200,0,-7055.335246896,7968.406054517,11207.125722511,6414.335408396317,1495.1434787099715,8282.538179318,1227.2029324220002,0.039422203468525645,0.0,0.0,0.2270359769463539,False,False,
s-005,after_one_actual_history_call,3,200,1,-7055.335246896,7968.406054517,11207.125722511,6414.335408396317,1495.1434787099715,8282.538179318,1227.2029324220002,0.039422203468525645,0.0,0.0,0.2271849811077118,False,False,
s-005,after_one_actual_history_call,3,1000,0,-7055.335246896,7968.406054517,11207.125722511,6414.335408396317,1495.1434787099715,8282.538179318,1227.2029324220002,0.039422203468525645,0.0,0.0,1.0271762423217297,False,False,
s-005,after_one_actual_history_call,3,1000,1,-7055.335246896,7968.406054517,11207.125722511,6414.335408396317,1495.1434787099715,8282.538179318,1227.2029324220002,0.039422203468525645,0.0,0.0,1.0269125699996948,False,False,
s-005,after_one_actual_history_call,3,50,0,-7055.335246896,7968.406054517,11207.125722511,6414.335408396317,1495.1434787099715,8282.538179318,1227.2029324220002,0.039422203468525645,0.0,0.0,0.07510315626859665,False,False,
s-005,after_one_actual_history_call,3,50,1,-7055.335246896,7968.406054517,11207.125722511,6414.335408396317,1495.1434787099715,8282.538179318,1227.2029324220002,0.039422203468525645,0.0,0.0,0.0753188244998455,False,False,
s-005,after_one_actual_history_call,3,10,0,-7055.335246896,7968.406054517,11207.125722511,6414.335408396317,1495.1434787099715,8282.538179318,1227.2029324220002,0.039422203468525645,0.0,0.0,0.036238256841897964,False,False,
s-005,after_one_actual_history_call,3,10,1,-7055.335246896,7968.406054517,11207.125722511,6414.335408396317,1495.1434787099715,8282.538179318,1227.2029324220002,0.039422203468525645,0.0,0.0,0.03420758619904518,False,False,
s-005,after_one_actual_history_call,4,200,0,-29539.737419535,29863.773031911,49048.818267953,23796.435576364558,1495.1434787099715,30809.544972402,1269.8075528670015,0.03166953952805601,0.0,0.0,0.22814538329839706,False,False,
s-005,after_one_actual_history_call,4,200,1,-29539.737419535,29863.773031911,49048.818267953,23796.435576364558,1495.1434787099715,30809.544972402,1269.8075528670015,0.03166953952805601,0.0,0.0,0.23061350733041763,False,False,
s-005,after_one_actual_history_call,4,1000,0,-29539.737419535,29863.773031911,49048.818267953,23796.435576364558,1495.1434787099715,30809.544972402,1269.8075528670015,0.03166953952805601,0.0,0.0,1.0275721363723278,False,False,
s-005,after_one_actual_history_call,4,1000,1,-29539.737419535,29863.773031911,49048.818267953,23796.435576364558,1495.1434787099715,30809.544972402,1269.8075528670015,0.03166953952805601,0.0,0.0,1.0286084525287151,False,False,
s-005,after_one_actual_history_call,4,50,0,-29539.737419535,29863.773031911,49048.818267953,23796.435576364558,1495.1434787099715,30809.544972402,1269.8075528670015,0.03166953952805601,0.0,0.0,0.07720762491226196,False,False,
s-005,after_one_actual_history_call,4,50,1,-29539.737419535,29863.773031911,49048.818267953,23796.435576364558,1495.1434787099715,30809.544972402,1269.8075528670015,0.03166953952805601,0.0,0.0,0.07750885933637619,False,False,
s-005,after_one_actual_history_call,4,10,0,-29539.737419535,29863.773031911,49048.818267953,23796.435576364558,1495.1434787099715,30809.544972402,1269.8075528670015,0.03166953952805601,0.0,0.0,0.03711186349391937,False,False,
s-005,after_one_actual_history_call,4,10,1,-29539.737419535,29863.773031911,49048.818267953,23796.435576364558,1495.1434787099715,30809.544972402,1269.8075528670015,0.03166953952805601,0.0,0.0,0.03698969632387161,False,False,
s-005,after_one_actual_history_call,5,200,0,577.773127391,0.0,0.0,0.0,1495.1434787099715,0.0,577.773127391,0.0,0.0,0.0,0.007359359413385391,False,True,
s-005,after_one_actual_history_call,5,200,1,577.773127391,0.0,0.0,0.0,1495.1434787099715,0.0,577.773127391,0.0,0.0,0.0,0.0072282664477825165,False,True,
s-005,after_one_actual_history_call,5,1000,0,577.773127391,0.0,0.0,0.0,1495.1434787099715,0.0,577.773127391,0.0,0.0,0.0,0.0071939826011657715,False,True,
s-005,after_one_actual_history_call,5,1000,1,577.773127391,0.0,0.0,0.0,1495.1434787099715,0.0,577.773127391,0.0,0.0,0.0,0.007207248359918594,False,True,
s-005,after_one_actual_history_call,5,50,0,577.773127391,0.0,0.0,0.0,1495.1434787099715,0.0,577.773127391,0.0,0.0,0.0,0.007207561284303665,False,True,
s-005,after_one_actual_history_call,5,50,1,577.773127391,0.0,0.0,0.0,1495.1434787099715,0.0,577.773127391,0.0,0.0,0.0,0.007223144173622131,False,True,
s-005,after_one_actual_history_call,5,10,0,577.773127391,0.0,0.0,0.0,1495.1434787099715,0.0,577.773127391,0.0,0.0,0.0,0.007394164800643921,False,True,
s-005,after_one_actual_history_call,5,10,1,577.773127391,0.0,0.0,0.0,1495.1434787099715,0.0,577.773127391,0.0,0.0,0.0,0.00742986798286438,False,True,
s-005,after_one_actual_history_call,6,200,0,-7329.654417114999,8492.464744955,11752.800573831999,6554.194225612833,1495.1434787099715,8744.992637935,1415.338220820001,0.0297355244400651,0.0,0.0,0.2276683673262596,False,False,
s-005,after_one_actual_history_call,6,200,1,-7329.654417114999,8492.464744955,11752.800573831999,6554.194225612833,1495.1434787099715,8744.992637935,1415.338220820001,0.0297355244400651,0.0,0.0,0.22776412218809128,False,False,
s-005,after_one_actual_history_call,6,1000,0,-7329.654417114999,8492.464744955,11752.800573831999,6554.194225612833,1495.1434787099715,8744.992637935,1415.338220820001,0.0297355244400651,0.0,0.0,1.0287526659667492,False,False,
s-005,after_one_actual_history_call,6,1000,1,-7329.654417114999,8492.464744955,11752.800573831999,6554.194225612833,1495.1434787099715,8744.992637935,1415.338220820001,0.0297355244400651,0.0,0.0,1.026788093149662,False,False,
s-005,after_one_actual_history_call,6,50,0,-7329.654417114999,8492.464744955,11752.800573831999,6554.194225612833,1495.1434787099715,8744.992637935,1415.338220820001,0.0297355244400651,0.0,0.0,0.07527591288089752,False,False,
s-005,after_one_actual_history_call,6,50,1,-7329.654417114999,8492.464744955,11752.800573831999,6554.194225612833,1495.1434787099715,8744.992637935,1415.338220820001,0.0297355244400651,0.0,0.0,0.07708367332816124,False,False,
s-005,after_one_actual_history_call,6,10,0,-7329.654417114999,8492.464744955,11752.800573831999,6554.194225612833,1495.1434787099715,8744.992637935,1415.338220820001,0.0297355244400651,0.0,0.0,0.03488784283399582,False,False,
s-005,after_one_actual_history_call,6,10,1,-7329.654417114999,8492.464744955,11752.800573831999,6554.194225612833,1495.1434787099715,8744.992637935,1415.338220820001,0.0297355244400651,0.0,0.0,0.03403852880001068,False,False,
s-005,after_one_actual_history_call,7,200,0,-30219.345119116,31290.736782663,51153.033358013,26005.023093600405,1495.1434787099715,32550.659423819,2331.3143047030026,0.04026503594041531,836.170825993031,0.000643174824331195,0.23157572746276855,False,False,0.23157572746276855
s-005,after_one_actual_history_call,7,200,1,-30219.345119116,31290.736782663,51153.033358013,26005.023093600405,1495.1434787099715,32550.659423819,2331.3143047030026,0.04026503594041531,836.170825993031,0.000643174824331195,0.22959129512310028,False,False,0.22959129512310028
s-005,after_one_actual_history_call,7,1000,0,-30219.345119116,31290.736782663,51153.033358013,26005.023093600405,1495.1434787099715,32550.659423819,2331.3143047030026,0.04026503594041531,836.170825993031,0.000643174824331195,1.0271937400102615,False,False,1.0271937400102615
s-005,after_one_actual_history_call,7,1000,1,-30219.345119116,31290.736782663,51153.033358013,26005.023093600405,1495.1434787099715,32550.659423819,2331.3143047030026,0.04026503594041531,836.170825993031,0.000643174824331195,1.0277779139578342,False,False,1.0277779139578342
s-005,after_one_actual_history_call,7,50,0,-30219.345119116,31290.736782663,51153.033358013,26005.023093600405,1495.1434787099715,32550.659423819,2331.3143047030026,0.04026503594041531,836.170825993031,0.000643174824331195,0.07890063524246216,False,False,0.07890063524246216
s-005,after_one_actual_history_call,7,50,1,-30219.345119116,31290.736782663,51153.033358013,26005.023093600405,1495.1434787099715,32550.659423819,2331.3143047030026,0.04026503594041531,836.170825993031,0.000643174824331195,0.07838894426822662,False,False,0.07838894426822662
s-005,after_one_actual_history_call,7,10,0,-30219.345119116,31290.736782663,51153.033358013,26005.023093600405,1495.1434787099715,32550.659423819,2331.3143047030026,0.04026503594041531,836.170825993031,0.000643174824331195,0.03595323488116264,False,False,0.03595323488116264
s-005,after_one_actual_history_call,7,10,1,-30219.345119116,31290.736782663,51153.033358013,26005.023093600405,1495.1434787099715,32550.659423819,2331.3143047030026,0.04026503594041531,836.170825993031,0.000643174824331195,0.03720252960920334,False,False,0.03720252960920334
s-005,after_one_actual_history_call,8,200,0,1022.1020608320005,0.0,0.0,0.0,1495.1434787099715,0.0,1022.1020608320005,0.0,0.0,0.0,0.00738115981221199,False,True,
s-005,after_one_actual_history_call,8,200,1,1022.1020608320005,0.0,0.0,0.0,1495.1434787099715,0.0,1022.1020608320005,0.0,0.0,0.0,0.007242035120725632,False,True,
s-005,after_one_actual_history_call,8,1000,0,1022.1020608320005,0.0,0.0,0.0,1495.1434787099715,0.0,1022.1020608320005,0.0,0.0,0.0,0.0072424039244651794,False,True,
s-005,after_one_actual_history_call,8,1000,1,1022.1020608320005,0.0,0.0,0.0,1495.1434787099715,0.0,1022.1020608320005,0.0,0.0,0.0,0.0072760432958602905,False,True,
s-005,after_one_actual_history_call,8,50,0,1022.1020608320005,0.0,0.0,0.0,1495.1434787099715,0.0,1022.1020608320005,0.0,0.0,0.0,0.0074746981263160706,False,True,
s-005,after_one_actual_history_call,8,50,1,1022.1020608320005,0.0,0.0,0.0,1495.1434787099715,0.0,1022.1020608320005,0.0,0.0,0.0,0.007777396589517593,False,True,
s-005,after_one_actual_history_call,8,10,0,1022.1020608320005,0.0,0.0,0.0,1495.1434787099715,0.0,1022.1020608320005,0.0,0.0,0.0,0.008091486990451813,False,True,
s-005,after_one_actual_history_call,8,10,1,1022.1020608320005,0.0,0.0,0.0,1495.1434787099715,0.0,1022.1020608320005,0.0,0.0,0.0,0.007821675390005112,False,True,
s-005,after_one_actual_history_call,9,200,0,-6694.824871937,7834.049986002,12785.564994182,6523.83668467145,1495.1434787099715,8347.189924924,1652.3650529869992,0.06550123369634939,157.22157427702768,0.00012093337303009897,0.22602370381355286,False,False,0.22602370381355286
s-005,after_one_actual_history_call,9,200,1,-6694.824871937,7834.049986002,12785.564994182,6523.83668467145,1495.1434787099715,8347.189924924,1652.3650529869992,0.06550123369634939,157.22157427702768,0.00012093337303009897,0.22528111189603806,False,False,0.22528111189603806
s-005,after_one_actual_history_call,9,1000,0,-6694.824871937,7834.049986002,12785.564994182,6523.83668467145,1495.1434787099715,8347.189924924,1652.3650529869992,0.06550123369634939,157.22157427702768,0.00012093337303009897,1.0266321040689945,False,False,1.0266321040689945
s-005,after_one_actual_history_call,9,1000,1,-6694.824871937,7834.049986002,12785.564994182,6523.83668467145,1495.1434787099715,8347.189924924,1652.3650529869992,0.06550123369634939,157.22157427702768,0.00012093337303009897,1.027730356901884,False,False,1.027730356901884
s-005,after_one_actual_history_call,9,50,0,-6694.824871937,7834.049986002,12785.564994182,6523.83668467145,1495.1434787099715,8347.189924924,1652.3650529869992,0.06550123369634939,157.22157427702768,0.00012093337303009897,0.07648362591862679,False,False,0.07648362591862679
s-005,after_one_actual_history_call,9,50,1,-6694.824871937,7834.049986002,12785.564994182,6523.83668467145,1495.1434787099715,8347.189924924,1652.3650529869992,0.06550123369634939,157.22157427702768,0.00012093337303009897,0.07622632011771202,False,False,0.07622632011771202
s-005,after_one_actual_history_call,9,10,0,-6694.824871937,7834.049986002,12785.564994182,6523.83668467145,1495.1434787099715,8347.189924924,1652.3650529869992,0.06550123369634939,157.22157427702768,0.00012093337303009897,0.034500133246183395,False,False,0.034500133246183395
s-005,after_one_actual_history_call,9,10,1,-6694.824871937,7834.049986002,12785.564994182,6523.83668467145,1495.1434787099715,8347.189924924,1652.3650529869992,0.06550123369634939,157.22157427702768,0.00012093337303009897,0.0356585793197155,False,False,0.0356585793197155
s-005,after_one_actual_history_call,10,200,0,-29561.786819096997,31056.930297807,52442.076398568,27482.5347937561,1495.1434787099715,31930.707364371,2368.9205452740025,0.028134688721174018,873.777066564031,0.0006721011949018075,0.22856516391038895,False,False,0.22856516391038895
s-005,after_one_actual_history_call,10,200,1,-29561.786819096997,31056.930297807,52442.076398568,27482.5347937561,1495.1434787099715,31930.707364371,2368.9205452740025,0.028134688721174018,873.777066564031,0.0006721011949018075,0.22854134812951088,False,False,0.22854134812951088
s-005,after_one_actual_history_call,10,1000,0,-29561.786819096997,31056.930297807,52442.076398568,27482.5347937561,1495.1434787099715,31930.707364371,2368.9205452740025,0.028134688721174018,873.777066564031,0.0006721011949018075,1.0299406796693802,False,False,1.0299406796693802
s-005,after_one_actual_history_call,10,1000,1,-29561.786819096997,31056.930297807,52442.076398568,27482.5347937561,1495.1434787099715,31930.707364371,2368.9205452740025,0.028134688721174018,873.777066564031,0.0006721011949018075,1.028550785034895,False,False,1.028550785034895
s-005,after_one_actual_history_call,10,50,0,-29561.786819096997,31056.930297807,52442.076398568,27482.5347937561,1495.1434787099715,31930.707364371,2368.9205452740025,0.028134688721174018,873.777066564031,0.0006721011949018075,0.07819413766264915,False,False,0.07819413766264915
s-005,after_one_actual_history_call,10,50,1,-29561.786819096997,31056.930297807,52442.076398568,27482.5347937561,1495.1434787099715,31930.707364371,2368.9205452740025,0.028134688721174018,873.777066564031,0.0006721011949018075,0.07768285647034645,False,False,0.07768285647034645
s-005,after_one_actual_history_call,10,10,0,-29561.786819096997,31056.930297807,52442.076398568,27482.5347937561,1495.1434787099715,31930.707364371,2368.9205452740025,0.028134688721174018,873.777066564031,0.0006721011949018075,0.04036112502217293,False,False,0.04036112502217293
s-005,after_one_actual_history_call,10,10,1,-29561.786819096997,31056.930297807,52442.076398568,27482.5347937561,1495.1434787099715,31930.707364371,2368.9205452740025,0.028134688721174018,873.777066564031,0.0006721011949018075,0.04134025424718857,False,False,0.04134025424718857
s-006,after_common_greedy_prefix,0,200,0,-7765.772796931999,7988.20158798,17046.374079454,7702.386851237084,1505.7559176420327,7988.20158798,222.42879104800068,0.0,0.0,0.0,0.23152217268943787,False,True,
s-006,after_common_greedy_prefix,0,200,1,-7765.772796931999,7988.20158798,17046.374079454,7702.386851237084,1505.7559176420327,7988.20158798,222.42879104800068,0.0,0.0,0.0,0.22995176166296005,False,True,
s-006,after_common_greedy_prefix,0,1000,0,-7765.772796931999,7988.20158798,17046.374079454,7702.386851237084,1505.7559176420327,7988.20158798,222.42879104800068,0.0,0.0,0.0,1.0271889306604862,False,True,
s-006,after_common_greedy_prefix,0,1000,1,-7765.772796931999,7988.20158798,17046.374079454,7702.386851237084,1505.7559176420327,7988.20158798,222.42879104800068,0.0,0.0,0.0,1.0310363732278347,False,True,
s-006,after_common_greedy_prefix,0,50,0,-7765.772796931999,7988.20158798,17046.374079454,7702.386851237084,1505.7559176420327,7988.20158798,222.42879104800068,0.0,0.0,0.0,0.08340505138039589,False,True,
s-006,after_common_greedy_prefix,0,50,1,-7765.772796931999,7988.20158798,17046.374079454,7702.386851237084,1505.7559176420327,7988.20158798,222.42879104800068,0.0,0.0,0.0,0.08163949847221375,False,True,
s-006,after_common_greedy_prefix,0,10,0,-7765.772796931999,7988.20158798,17046.374079454,7702.386851237084,1505.7559176420327,7988.20158798,222.42879104800068,0.0,0.0,0.0,0.04120165854692459,False,True,
s-006,after_common_greedy_prefix,0,10,1,-7765.772796931999,7988.20158798,17046.374079454,7702.386851237084,1505.7559176420327,7988.20158798,222.42879104800068,0.0,0.0,0.0,0.04032786563038826,False,True,
s-006,after_common_greedy_prefix,1,200,0,-31132.49603465,31285.450483767,33862.064718823,22946.99954735671,1505.7559176420327,31380.296445483,247.80041083299875,0.003031631645042576,0.0,0.0,0.2300826720893383,False,False,
s-006,after_common_greedy_prefix,1,200,1,-31132.49603465,31285.450483767,33862.064718823,22946.99954735671,1505.7559176420327,31380.296445483,247.80041083299875,0.003031631645042576,0.0,0.0,0.23050754517316818,False,False,
s-006,after_common_greedy_prefix,1,1000,0,-31132.49603465,31285.450483767,33862.064718823,22946.99954735671,1505.7559176420327,31380.296445483,247.80041083299875,0.003031631645042576,0.0,0.0,1.0313755609095097,False,False,
s-006,after_common_greedy_prefix,1,1000,1,-31132.49603465,31285.450483767,33862.064718823,22946.99954735671,1505.7559176420327,31380.296445483,247.80041083299875,0.003031631645042576,0.0,0.0,1.0289609916508198,False,False,
s-006,after_common_greedy_prefix,1,50,0,-31132.49603465,31285.450483767,33862.064718823,22946.99954735671,1505.7559176420327,31380.296445483,247.80041083299875,0.003031631645042576,0.0,0.0,0.08025417104363441,False,False,
s-006,after_common_greedy_prefix,1,50,1,-31132.49603465,31285.450483767,33862.064718823,22946.99954735671,1505.7559176420327,31380.296445483,247.80041083299875,0.003031631645042576,0.0,0.0,0.07981964945793152,False,False,
s-006,after_common_greedy_prefix,1,10,0,-31132.49603465,31285.450483767,33862.064718823,22946.99954735671,1505.7559176420327,31380.296445483,247.80041083299875,0.003031631645042576,0.0,0.0,0.036884453147649765,False,False,
s-006,after_common_greedy_prefix,1,10,1,-31132.49603465,31285.450483767,33862.064718823,22946.99954735671,1505.7559176420327,31380.296445483,247.80041083299875,0.003031631645042576,0.0,0.0,0.039675451815128326,False,False,
s-006,after_common_greedy_prefix,2,200,0,324.0356123760001,0.0,0.0,0.0,1505.7559176420327,0.0,324.0356123760001,0.0,0.0,0.0,0.008464831858873367,False,True,
s-006,after_common_greedy_prefix,2,200,1,324.0356123760001,0.0,0.0,0.0,1505.7559176420327,0.0,324.0356123760001,0.0,0.0,0.0,0.00824422761797905,False,True,
s-006,after_common_greedy_prefix,2,1000,0,324.0356123760001,0.0,0.0,0.0,1505.7559176420327,0.0,324.0356123760001,0.0,0.0,0.0,0.008097440004348755,False,True,
s-006,after_common_greedy_prefix,2,1000,1,324.0356123760001,0.0,0.0,0.0,1505.7559176420327,0.0,324.0356123760001,0.0,0.0,0.0,0.007943559437990189,False,True,
s-006,after_common_greedy_prefix,2,50,0,324.0356123760001,0.0,0.0,0.0,1505.7559176420327,0.0,324.0356123760001,0.0,0.0,0.0,0.007600139826536179,False,True,
s-006,after_common_greedy_prefix,2,50,1,324.0356123760001,0.0,0.0,0.0,1505.7559176420327,0.0,324.0356123760001,0.0,0.0,0.0,0.007369697093963623,False,True,
s-006,after_common_greedy_prefix,2,10,0,324.0356123760001,0.0,0.0,0.0,1505.7559176420327,0.0,324.0356123760001,0.0,0.0,0.0,0.007265724241733551,False,True,
s-006,after_common_greedy_prefix,2,10,1,324.0356123760001,0.0,0.0,0.0,1505.7559176420327,0.0,324.0356123760001,0.0,0.0,0.0,0.007242631167173386,False,True,
s-006,after_common_greedy_prefix,3,200,0,-6786.702473874,7824.222556726,10874.318161723,6292.488644201067,1505.7559176420327,8013.905406296,1227.2029324220002,0.024243028389694964,0.0,0.0,0.22620724514126778,False,False,
s-006,after_common_greedy_prefix,3,200,1,-6786.702473874,7824.222556726,10874.318161723,6292.488644201067,1505.7559176420327,8013.905406296,1227.2029324220002,0.024243028389694964,0.0,0.0,0.22596555948257446,False,False,
s-006,after_common_greedy_prefix,3,1000,0,-6786.702473874,7824.222556726,10874.318161723,6292.488644201067,1505.7559176420327,8013.905406296,1227.2029324220002,0.024243028389694964,0.0,0.0,1.0247764512896538,False,False,
s-006,after_common_greedy_prefix,3,1000,1,-6786.702473874,7824.222556726,10874.318161723,6292.488644201067,1505.7559176420327,8013.905406296,1227.2029324220002,0.024243028389694964,0.0,0.0,1.025616567581892,False,False,
s-006,after_common_greedy_prefix,3,50,0,-6786.702473874,7824.222556726,10874.318161723,6292.488644201067,1505.7559176420327,8013.905406296,1227.2029324220002,0.024243028389694964,0.0,0.0,0.07574597373604774,False,False,
s-006,after_common_greedy_prefix,3,50,1,-6786.702473874,7824.222556726,10874.318161723,6292.488644201067,1505.7559176420327,8013.905406296,1227.2029324220002,0.024243028389694964,0.0,0.0,0.07747656852006912,False,False,
s-006,after_common_greedy_prefix,3,10,0,-6786.702473874,7824.222556726,10874.318161723,6292.488644201067,1505.7559176420327,8013.905406296,1227.2029324220002,0.024243028389694964,0.0,0.0,0.03711507096886635,False,False,
s-006,after_common_greedy_prefix,3,10,1,-6786.702473874,7824.222556726,10874.318161723,6292.488644201067,1505.7559176420327,8013.905406296,1227.2029324220002,0.024243028389694964,0.0,0.0,0.033724576234817505,False,False,
s-006,after_common_greedy_prefix,4,200,0,-29255.959998715,29778.385533587,50092.604437035,23889.61224228222,1505.7559176420327,30527.214491294,1271.254492578999,0.025146727879602336,0.0,0.0,0.2269725799560547,False,False,
s-006,after_common_greedy_prefix,4,200,1,-29255.959998715,29778.385533587,50092.604437035,23889.61224228222,1505.7559176420327,30527.214491294,1271.254492578999,0.025146727879602336,0.0,0.0,0.2272256389260292,False,False,
s-006,after_common_greedy_prefix,4,1000,0,-29255.959998715,29778.385533587,50092.604437035,23889.61224228222,1505.7559176420327,30527.214491294,1271.254492578999,0.025146727879602336,0.0,0.0,1.0275808237493038,False,False,
s-006,after_common_greedy_prefix,4,1000,1,-29255.959998715,29778.385533587,50092.604437035,23889.61224228222,1505.7559176420327,30527.214491294,1271.254492578999,0.025146727879602336,0.0,0.0,1.0270446054637432,False,False,
s-006,after_common_greedy_prefix,4,50,0,-29255.959998715,29778.385533587,50092.604437035,23889.61224228222,1505.7559176420327,30527.214491294,1271.254492578999,0.025146727879602336,0.0,0.0,0.0788244940340519,False,False,
s-006,after_common_greedy_prefix,4,50,1,-29255.959998715,29778.385533587,50092.604437035,23889.61224228222,1505.7559176420327,30527.214491294,1271.254492578999,0.025146727879602336,0.0,0.0,0.07843834534287453,False,False,
s-006,after_common_greedy_prefix,4,10,0,-29255.959998715,29778.385533587,50092.604437035,23889.61224228222,1505.7559176420327,30527.214491294,1271.254492578999,0.025146727879602336,0.0,0.0,0.03813379630446434,False,False,
s-006,after_common_greedy_prefix,4,10,1,-29255.959998715,29778.385533587,50092.604437035,23889.61224228222,1505.7559176420327,30527.214491294,1271.254492578999,0.025146727879602336,0.0,0.0,0.0358002632856369,False,False,
s-006,after_common_greedy_prefix,5,200,0,577.773127391,0.0,0.0,0.0,1505.7559176420327,0.0,577.773127391,0.0,0.0,0.0,0.0072975754737854,False,True,
s-006,after_common_greedy_prefix,5,200,1,577.773127391,0.0,0.0,0.0,1505.7559176420327,0.0,577.773127391,0.0,0.0,0.0,0.007930878549814224,False,True,
s-006,after_common_greedy_prefix,5,1000,0,577.773127391,0.0,0.0,0.0,1505.7559176420327,0.0,577.773127391,0.0,0.0,0.0,0.008455179631710052,False,True,
s-006,after_common_greedy_prefix,5,1000,1,577.773127391,0.0,0.0,0.0,1505.7559176420327,0.0,577.773127391,0.0,0.0,0.0,0.008211933076381683,False,True,
s-006,after_common_greedy_prefix,5,50,0,577.773127391,0.0,0.0,0.0,1505.7559176420327,0.0,577.773127391,0.0,0.0,0.0,0.00784074142575264,False,True,
s-006,after_common_greedy_prefix,5,50,1,577.773127391,0.0,0.0,0.0,1505.7559176420327,0.0,577.773127391,0.0,0.0,0.0,0.0074981264770030975,False,True,
s-006,after_common_greedy_prefix,5,10,0,577.773127391,0.0,0.0,0.0,1505.7559176420327,0.0,577.773127391,0.0,0.0,0.0,0.007320243865251541,False,True,
s-006,after_common_greedy_prefix,5,10,1,577.773127391,0.0,0.0,0.0,1505.7559176420327,0.0,577.773127391,0.0,0.0,0.0,0.00726357102394104,False,True,
s-006,after_common_greedy_prefix,6,200,0,-7107.464549535999,8270.274877376,11530.610706252999,6472.346458515834,1505.7559176420327,8522.802770356,1415.338220820001,0.03053440142247399,0.0,0.0,0.2274145372211933,False,False,
s-006,after_common_greedy_prefix,6,200,1,-7107.464549535999,8270.274877376,11530.610706252999,6472.346458515834,1505.7559176420327,8522.802770356,1415.338220820001,0.03053440142247399,0.0,0.0,0.22600514441728592,False,False,
s-006,after_common_greedy_prefix,6,1000,0,-7107.464549535999,8270.274877376,11530.610706252999,6472.346458515834,1505.7559176420327,8522.802770356,1415.338220820001,0.03053440142247399,0.0,0.0,1.025979332625866,False,False,
s-006,after_common_greedy_prefix,6,1000,1,-7107.464549535999,8270.274877376,11530.610706252999,6472.346458515834,1505.7559176420327,8522.802770356,1415.338220820001,0.03053440142247399,0.0,0.0,1.0253913924098015,False,False,
s-006,after_common_greedy_prefix,6,50,0,-7107.464549535999,8270.274877376,11530.610706252999,6472.346458515834,1505.7559176420327,8522.802770356,1415.338220820001,0.03053440142247399,0.0,0.0,0.07700572162866592,False,False,
s-006,after_common_greedy_prefix,6,50,1,-7107.464549535999,8270.274877376,11530.610706252999,6472.346458515834,1505.7559176420327,8522.802770356,1415.338220820001,0.03053440142247399,0.0,0.0,0.07629513368010521,False,False,
s-006,after_common_greedy_prefix,6,10,0,-7107.464549535999,8270.274877376,11530.610706252999,6472.346458515834,1505.7559176420327,8522.802770356,1415.338220820001,0.03053440142247399,0.0,0.0,0.03467664495110512,False,False,
s-006,after_common_greedy_prefix,6,10,1,-7107.464549535999,8270.274877376,11530.610706252999,6472.346458515834,1505.7559176420327,8522.802770356,1415.338220820001,0.03053440142247399,0.0,0.0,0.03470953553915024,False,False,
s-006,after_common_greedy_prefix,7,200,0,-29842.043285011998,30947.243812275,50344.238099694,25518.442946124258,1505.7559176420327,32173.357589715,2331.3143047030026,0.039619482267227696,825.5583870609698,0.0006350118349829982,0.22593816369771957,False,False,0.22593816369771957
s-006,after_common_greedy_prefix,7,200,1,-29842.043285011998,30947.243812275,50344.238099694,25518.442946124258,1505.7559176420327,32173.357589715,2331.3143047030026,0.039619482267227696,825.5583870609698,0.0006350118349829982,0.2282208502292633,False,False,0.2282208502292633
s-006,after_common_greedy_prefix,7,1000,0,-29842.043285011998,30947.243812275,50344.238099694,25518.442946124258,1505.7559176420327,32173.357589715,2331.3143047030026,0.039619482267227696,825.5583870609698,0.0006350118349829982,1.0289789289236069,False,False,1.0289789289236069
s-006,after_common_greedy_prefix,7,1000,1,-29842.043285011998,30947.243812275,50344.238099694,25518.442946124258,1505.7559176420327,32173.357589715,2331.3143047030026,0.039619482267227696,825.5583870609698,0.0006350118349829982,1.0302777476608753,False,False,1.0302777476608753
s-006,after_common_greedy_prefix,7,50,0,-29842.043285011998,30947.243812275,50344.238099694,25518.442946124258,1505.7559176420327,32173.357589715,2331.3143047030026,0.039619482267227696,825.5583870609698,0.0006350118349829982,0.07914500311017036,False,False,0.07914500311017036
s-006,after_common_greedy_prefix,7,50,1,-29842.043285011998,30947.243812275,50344.238099694,25518.442946124258,1505.7559176420327,32173.357589715,2331.3143047030026,0.039619482267227696,825.5583870609698,0.0006350118349829982,0.0814589373767376,False,False,0.0814589373767376
s-006,after_common_greedy_prefix,7,10,0,-29842.043285011998,30947.243812275,50344.238099694,25518.442946124258,1505.7559176420327,32173.357589715,2331.3143047030026,0.039619482267227696,825.5583870609698,0.0006350118349829982,0.03923849016427994,False,False,0.03923849016427994
s-006,after_common_greedy_prefix,7,10,1,-29842.043285011998,30947.243812275,50344.238099694,25518.442946124258,1505.7559176420327,32173.357589715,2331.3143047030026,0.039619482267227696,825.5583870609698,0.0006350118349829982,0.036792654544115067,False,False,0.036792654544115067
s-006,after_common_greedy_prefix,8,200,0,1022.1020608320005,0.0,0.0,0.0,1505.7559176420327,0.0,1022.1020608320005,0.0,0.0,0.0,0.007503967732191086,False,True,
s-006,after_common_greedy_prefix,8,200,1,1022.1020608320005,0.0,0.0,0.0,1505.7559176420327,0.0,1022.1020608320005,0.0,0.0,0.0,0.0075046345591545105,False,True,
s-006,after_common_greedy_prefix,8,1000,0,1022.1020608320005,0.0,0.0,0.0,1505.7559176420327,0.0,1022.1020608320005,0.0,0.0,0.0,0.00755792111158371,False,True,
s-006,after_common_greedy_prefix,8,1000,1,1022.1020608320005,0.0,0.0,0.0,1505.7559176420327,0.0,1022.1020608320005,0.0,0.0,0.0,0.007558368146419525,False,True,
s-006,after_common_greedy_prefix,8,50,0,1022.1020608320005,0.0,0.0,0.0,1505.7559176420327,0.0,1022.1020608320005,0.0,0.0,0.0,0.007340315729379654,False,True,
s-006,after_common_greedy_prefix,8,50,1,1022.1020608320005,0.0,0.0,0.0,1505.7559176420327,0.0,1022.1020608320005,0.0,0.0,0.0,0.007418125867843628,False,True,
s-006,after_common_greedy_prefix,8,10,0,1022.1020608320005,0.0,0.0,0.0,1505.7559176420327,0.0,1022.1020608320005,0.0,0.0,0.0,0.007501419633626938,False,True,
s-006,after_common_greedy_prefix,8,10,1,1022.1020608320005,0.0,0.0,0.0,1505.7559176420327,0.0,1022.1020608320005,0.0,0.0,0.0,0.007568839937448502,False,True,
s-006,after_common_greedy_prefix,9,200,0,-6694.824871937,7834.049986002,12785.564994182,6523.83668467145,1505.7559176420327,8347.189924924,1652.3650529869992,0.06550123369634939,146.6091353449665,0.00011277038368190223,0.22750458493828773,False,False,0.22750458493828773
s-006,after_common_greedy_prefix,9,200,1,-6694.824871937,7834.049986002,12785.564994182,6523.83668467145,1505.7559176420327,8347.189924924,1652.3650529869992,0.06550123369634939,146.6091353449665,0.00011277038368190223,0.22674510627985,False,False,0.22674510627985
s-006,after_common_greedy_prefix,9,1000,0,-6694.824871937,7834.049986002,12785.564994182,6523.83668467145,1505.7559176420327,8347.189924924,1652.3650529869992,0.06550123369634939,146.6091353449665,0.00011277038368190223,1.025441113859415,False,False,1.025441113859415
s-006,after_common_greedy_prefix,9,1000,1,-6694.824871937,7834.049986002,12785.564994182,6523.83668467145,1505.7559176420327,8347.189924924,1652.3650529869992,0.06550123369634939,146.6091353449665,0.00011277038368190223,1.0277527086436749,False,False,1.0277527086436749
s-006,after_common_greedy_prefix,9,50,0,-6694.824871937,7834.049986002,12785.564994182,6523.83668467145,1505.7559176420327,8347.189924924,1652.3650529869992,0.06550123369634939,146.6091353449665,0.00011277038368190223,0.0757109671831131,False,False,0.0757109671831131
s-006,after_common_greedy_prefix,9,50,1,-6694.824871937,7834.049986002,12785.564994182,6523.83668467145,1505.7559176420327,8347.189924924,1652.3650529869992,0.06550123369634939,146.6091353449665,0.00011277038368190223,0.07393448427319527,False,False,0.07393448427319527
s-006,after_common_greedy_prefix,9,10,0,-6694.824871937,7834.049986002,12785.564994182,6523.83668467145,1505.7559176420327,8347.189924924,1652.3650529869992,0.06550123369634939,146.6091353449665,0.00011277038368190223,0.03366757929325104,False,False,0.03366757929325104
s-006,after_common_greedy_prefix,9,10,1,-6694.824871937,7834.049986002,12785.564994182,6523.83668467145,1505.7559176420327,8347.189924924,1652.3650529869992,0.06550123369634939,146.6091353449665,0.00011277038368190223,0.034428369253873825,False,False,0.034428369253873825
s-006,after_common_greedy_prefix,10,200,0,-29602.951987843,31108.707905485,52180.686509085,27639.166402324867,1505.7559176420327,31953.202594842,2350.2506069990013,0.027146569118934778,844.4946893569686,0.0006495774626324051,0.230126541107893,False,False,0.230126541107893
s-006,after_common_greedy_prefix,10,200,1,-29602.951987843,31108.707905485,52180.686509085,27639.166402324867,1505.7559176420327,31953.202594842,2350.2506069990013,0.027146569118934778,844.4946893569686,0.0006495774626324051,0.23049293458461761,False,False,0.23049293458461761
s-006,after_common_greedy_prefix,10,1000,0,-29602.951987843,31108.707905485,52180.686509085,27639.166402324867,1505.7559176420327,31953.202594842,2350.2506069990013,0.027146569118934778,844.4946893569686,0.0006495774626324051,1.0304838716983795,False,False,1.0304838716983795
s-006,after_common_greedy_prefix,10,1000,1,-29602.951987843,31108.707905485,52180.686509085,27639.166402324867,1505.7559176420327,31953.202594842,2350.2506069990013,0.027146569118934778,844.4946893569686,0.0006495774626324051,1.0284535102546215,False,False,1.0284535102546215
s-006,after_common_greedy_prefix,10,50,0,-29602.951987843,31108.707905485,52180.686509085,27639.166402324867,1505.7559176420327,31953.202594842,2350.2506069990013,0.027146569118934778,844.4946893569686,0.0006495774626324051,0.07999279350042343,False,False,0.07999279350042343
s-006,after_common_greedy_prefix,10,50,1,-29602.951987843,31108.707905485,52180.686509085,27639.166402324867,1505.7559176420327,31953.202594842,2350.2506069990013,0.027146569118934778,844.4946893569686,0.0006495774626324051,0.07773357257246971,False,False,0.07773357257246971
s-006,after_common_greedy_prefix,10,10,0,-29602.951987843,31108.707905485,52180.686509085,27639.166402324867,1505.7559176420327,31953.202594842,2350.2506069990013,0.027146569118934778,844.4946893569686,0.0006495774626324051,0.03927188739180565,False,False,0.03927188739180565
s-006,after_common_greedy_prefix,10,10,1,-29602.951987843,31108.707905485,52180.686509085,27639.166402324867,1505.7559176420327,31953.202594842,2350.2506069990013,0.027146569118934778,844.4946893569686,0.0006495774626324051,0.04112369194626808,False,False,0.04112369194626808
s-007,after_one_actual_history_call,0,200,0,-7765.772796931999,7988.20158798,17046.374079454,7702.386851237084,1505.7559176420327,7988.20158798,222.42879104800068,0.0,0.0,0.0,0.23188506066799164,False,True,
s-007,after_one_actual_history_call,0,200,1,-7765.772796931999,7988.20158798,17046.374079454,7702.386851237084,1505.7559176420327,7988.20158798,222.42879104800068,0.0,0.0,0.0,0.23132606595754623,False,True,
s-007,after_one_actual_history_call,0,1000,0,-7765.772796931999,7988.20158798,17046.374079454,7702.386851237084,1505.7559176420327,7988.20158798,222.42879104800068,0.0,0.0,0.0,1.0350579619407654,False,True,
s-007,after_one_actual_history_call,0,1000,1,-7765.772796931999,7988.20158798,17046.374079454,7702.386851237084,1505.7559176420327,7988.20158798,222.42879104800068,0.0,0.0,0.0,1.0344393476843834,False,True,
s-007,after_one_actual_history_call,0,50,0,-7765.772796931999,7988.20158798,17046.374079454,7702.386851237084,1505.7559176420327,7988.20158798,222.42879104800068,0.0,0.0,0.0,0.08187154680490494,False,True,
s-007,after_one_actual_history_call,0,50,1,-7765.772796931999,7988.20158798,17046.374079454,7702.386851237084,1505.7559176420327,7988.20158798,222.42879104800068,0.0,0.0,0.0,0.08206501975655556,False,True,
s-007,after_one_actual_history_call,0,10,0,-7765.772796931999,7988.20158798,17046.374079454,7702.386851237084,1505.7559176420327,7988.20158798,222.42879104800068,0.0,0.0,0.0,0.0416732057929039,False,True,
s-007,after_one_actual_history_call,0,10,1,-7765.772796931999,7988.20158798,17046.374079454,7702.386851237084,1505.7559176420327,7988.20158798,222.42879104800068,0.0,0.0,0.0,0.04227414354681969,False,True,
s-007,after_one_actual_history_call,1,200,0,-31132.49603465,31285.450483767,33862.064718823,22946.99954735671,1505.7559176420327,31380.296445483,247.80041083299875,0.003031631645042576,0.0,0.0,0.22775545343756676,False,False,
s-007,after_one_actual_history_call,1,200,1,-31132.49603465,31285.450483767,33862.064718823,22946.99954735671,1505.7559176420327,31380.296445483,247.80041083299875,0.003031631645042576,0.0,0.0,0.2275886908173561,False,False,
s-007,after_one_actual_history_call,1,1000,0,-31132.49603465,31285.450483767,33862.064718823,22946.99954735671,1505.7559176420327,31380.296445483,247.80041083299875,0.003031631645042576,0.0,0.0,1.0301905311644077,False,False,
s-007,after_one_actual_history_call,1,1000,1,-31132.49603465,31285.450483767,33862.064718823,22946.99954735671,1505.7559176420327,31380.296445483,247.80041083299875,0.003031631645042576,0.0,0.0,1.0318107083439827,False,False,
s-007,after_one_actual_history_call,1,50,0,-31132.49603465,31285.450483767,33862.064718823,22946.99954735671,1505.7559176420327,31380.296445483,247.80041083299875,0.003031631645042576,0.0,0.0,0.08168010041117668,False,False,
s-007,after_one_actual_history_call,1,50,1,-31132.49603465,31285.450483767,33862.064718823,22946.99954735671,1505.7559176420327,31380.296445483,247.80041083299875,0.003031631645042576,0.0,0.0,0.08133386820554733,False,False,
s-007,after_one_actual_history_call,1,10,0,-31132.49603465,31285.450483767,33862.064718823,22946.99954735671,1505.7559176420327,31380.296445483,247.80041083299875,0.003031631645042576,0.0,0.0,0.038820069283246994,False,False,
s-007,after_one_actual_history_call,1,10,1,-31132.49603465,31285.450483767,33862.064718823,22946.99954735671,1505.7559176420327,31380.296445483,247.80041083299875,0.003031631645042576,0.0,0.0,0.03782311826944351,False,False,
s-007,after_one_actual_history_call,2,200,0,324.0356123760001,0.0,0.0,0.0,1505.7559176420327,0.0,324.0356123760001,0.0,0.0,0.0,0.007281102240085602,False,True,
s-007,after_one_actual_history_call,2,200,1,324.0356123760001,0.0,0.0,0.0,1505.7559176420327,0.0,324.0356123760001,0.0,0.0,0.0,0.007377304136753082,False,True,
s-007,after_one_actual_history_call,2,1000,0,324.0356123760001,0.0,0.0,0.0,1505.7559176420327,0.0,324.0356123760001,0.0,0.0,0.0,0.007596004754304886,False,True,
s-007,after_one_actual_history_call,2,1000,1,324.0356123760001,0.0,0.0,0.0,1505.7559176420327,0.0,324.0356123760001,0.0,0.0,0.0,0.007219839841127396,False,True,
s-007,after_one_actual_history_call,2,50,0,324.0356123760001,0.0,0.0,0.0,1505.7559176420327,0.0,324.0356123760001,0.0,0.0,0.0,0.007282119244337082,False,True,
s-007,after_one_actual_history_call,2,50,1,324.0356123760001,0.0,0.0,0.0,1505.7559176420327,0.0,324.0356123760001,0.0,0.0,0.0,0.007188819348812103,False,True,
s-007,after_one_actual_history_call,2,10,0,324.0356123760001,0.0,0.0,0.0,1505.7559176420327,0.0,324.0356123760001,0.0,0.0,0.0,0.00725812092423439,False,True,
s-007,after_one_actual_history_call,2,10,1,324.0356123760001,0.0,0.0,0.0,1505.7559176420327,0.0,324.0356123760001,0.0,0.0,0.0,0.007222577929496765,False,True,
s-007,after_one_actual_history_call,3,200,0,-6786.702473874,8013.905406296,10874.318161723,6292.488644201067,1505.7559176420327,8013.905406296,1227.2029324220002,0.0,0.0,0.0,0.004743918776512146,False,True,
s-007,after_one_actual_history_call,3,200,1,-6786.702473874,8013.905406296,10874.318161723,6292.488644201067,1505.7559176420327,8013.905406296,1227.2029324220002,0.0,0.0,0.0,0.0046751610934734344,False,True,
s-007,after_one_actual_history_call,3,1000,0,-6786.702473874,8013.905406296,10874.318161723,6292.488644201067,1505.7559176420327,8013.905406296,1227.2029324220002,0.0,0.0,0.0,1.0251981988549232,False,True,
s-007,after_one_actual_history_call,3,1000,1,-6786.702473874,8013.905406296,10874.318161723,6292.488644201067,1505.7559176420327,8013.905406296,1227.2029324220002,0.0,0.0,0.0,1.0257214568555355,False,True,
s-007,after_one_actual_history_call,3,50,0,-6786.702473874,8013.905406296,10874.318161723,6292.488644201067,1505.7559176420327,8013.905406296,1227.2029324220002,0.0,0.0,0.0,0.07619030401110649,False,True,
s-007,after_one_actual_history_call,3,50,1,-6786.702473874,8013.905406296,10874.318161723,6292.488644201067,1505.7559176420327,8013.905406296,1227.2029324220002,0.0,0.0,0.0,0.07537683472037315,False,True,
s-007,after_one_actual_history_call,3,10,0,-6786.702473874,8013.905406296,10874.318161723,6292.488644201067,1505.7559176420327,8013.905406296,1227.2029324220002,0.0,0.0,0.0,0.0347776785492897,False,True,
s-007,after_one_actual_history_call,3,10,1,-6786.702473874,8013.905406296,10874.318161723,6292.488644201067,1505.7559176420327,8013.905406296,1227.2029324220002,0.0,0.0,0.0,0.034606244415044785,False,True,
s-007,after_one_actual_history_call,4,200,0,-29255.959998715,29778.385533587,50092.604437035,23889.61224228222,1505.7559176420327,30527.214491294,1271.254492578999,0.025146727879602336,0.0,0.0,0.22735903784632683,False,False,
s-007,after_one_actual_history_call,4,200,1,-29255.959998715,29778.385533587,50092.604437035,23889.61224228222,1505.7559176420327,30527.214491294,1271.254492578999,0.025146727879602336,0.0,0.0,0.22858335450291634,False,False,
s-007,after_one_actual_history_call,4,1000,0,-29255.959998715,29778.385533587,50092.604437035,23889.61224228222,1505.7559176420327,30527.214491294,1271.254492578999,0.025146727879602336,0.0,0.0,1.0280948467552662,False,False,
s-007,after_one_actual_history_call,4,1000,1,-29255.959998715,29778.385533587,50092.604437035,23889.61224228222,1505.7559176420327,30527.214491294,1271.254492578999,0.025146727879602336,0.0,0.0,1.030053798109293,False,False,
s-007,after_one_actual_history_call,4,50,0,-29255.959998715,29778.385533587,50092.604437035,23889.61224228222,1505.7559176420327,30527.214491294,1271.254492578999,0.025146727879602336,0.0,0.0,0.08103515580296516,False,False,
s-007,after_one_actual_history_call,4,50,1,-29255.959998715,29778.385533587,50092.604437035,23889.61224228222,1505.7559176420327,30527.214491294,1271.254492578999,0.025146727879602336,0.0,0.0,0.07960834726691246,False,False,
s-007,after_one_actual_history_call,4,10,0,-29255.959998715,29778.385533587,50092.604437035,23889.61224228222,1505.7559176420327,30527.214491294,1271.254492578999,0.025146727879602336,0.0,0.0,0.035815078765153885,False,False,
s-007,after_one_actual_history_call,4,10,1,-29255.959998715,29778.385533587,50092.604437035,23889.61224228222,1505.7559176420327,30527.214491294,1271.254492578999,0.025146727879602336,0.0,0.0,0.034073617309331894,False,False,
s-007,after_one_actual_history_call,5,200,0,577.773127391,0.0,0.0,0.0,1505.7559176420327,0.0,577.773127391,0.0,0.0,0.0,0.007348824292421341,False,True,
s-007,after_one_actual_history_call,5,200,1,577.773127391,0.0,0.0,0.0,1505.7559176420327,0.0,577.773127391,0.0,0.0,0.0,0.007314272224903107,False,True,
s-007,after_one_actual_history_call,5,1000,0,577.773127391,0.0,0.0,0.0,1505.7559176420327,0.0,577.773127391,0.0,0.0,0.0,0.007287811487913132,False,True,
s-007,after_one_actual_history_call,5,1000,1,577.773127391,0.0,0.0,0.0,1505.7559176420327,0.0,577.773127391,0.0,0.0,0.0,0.007290694862604141,False,True,
s-007,after_one_actual_history_call,5,50,0,577.773127391,0.0,0.0,0.0,1505.7559176420327,0.0,577.773127391,0.0,0.0,0.0,0.0076349638402462006,False,True,
s-007,after_one_actual_history_call,5,50,1,577.773127391,0.0,0.0,0.0,1505.7559176420327,0.0,577.773127391,0.0,0.0,0.0,0.008284814655780792,False,True,
s-007,after_one_actual_history_call,5,10,0,577.773127391,0.0,0.0,0.0,1505.7559176420327,0.0,577.773127391,0.0,0.0,0.0,0.008585378527641296,False,True,
s-007,after_one_actual_history_call,5,10,1,577.773127391,0.0,0.0,0.0,1505.7559176420327,0.0,577.773127391,0.0,0.0,0.0,0.008230503648519516,False,True,
s-007,after_one_actual_history_call,6,200,0,-7107.464549535999,8270.274877376,11530.610706252999,6472.346458515834,1505.7559176420327,8522.802770356,1415.338220820001,0.03053440142247399,0.0,0.0,0.2274920418858528,False,False,
s-007,after_one_actual_history_call,6,200,1,-7107.464549535999,8270.274877376,11530.610706252999,6472.346458515834,1505.7559176420327,8522.802770356,1415.338220820001,0.03053440142247399,0.0,0.0,0.2276195026934147,False,False,
s-007,after_one_actual_history_call,6,1000,0,-7107.464549535999,8270.274877376,11530.610706252999,6472.346458515834,1505.7559176420327,8522.802770356,1415.338220820001,0.03053440142247399,0.0,0.0,1.0247591584920883,False,False,
s-007,after_one_actual_history_call,6,1000,1,-7107.464549535999,8270.274877376,11530.610706252999,6472.346458515834,1505.7559176420327,8522.802770356,1415.338220820001,0.03053440142247399,0.0,0.0,1.0277534388005733,False,False,
s-007,after_one_actual_history_call,6,50,0,-7107.464549535999,8270.274877376,11530.610706252999,6472.346458515834,1505.7559176420327,8522.802770356,1415.338220820001,0.03053440142247399,0.0,0.0,0.07676192373037338,False,False,
s-007,after_one_actual_history_call,6,50,1,-7107.464549535999,8270.274877376,11530.610706252999,6472.346458515834,1505.7559176420327,8522.802770356,1415.338220820001,0.03053440142247399,0.0,0.0,0.07617635652422905,False,False,
s-007,after_one_actual_history_call,6,10,0,-7107.464549535999,8270.274877376,11530.610706252999,6472.346458515834,1505.7559176420327,8522.802770356,1415.338220820001,0.03053440142247399,0.0,0.0,0.03502202033996582,False,False,
s-007,after_one_actual_history_call,6,10,1,-7107.464549535999,8270.274877376,11530.610706252999,6472.346458515834,1505.7559176420327,8522.802770356,1415.338220820001,0.03053440142247399,0.0,0.0,0.03749092295765877,False,False,
s-007,after_one_actual_history_call,7,200,0,-29842.043285011998,30947.243812275,50344.238099694,25518.442946124258,1505.7559176420327,32173.357589715,2331.3143047030026,0.039619482267227696,825.5583870609698,0.0006350118349829982,0.23120633512735367,False,False,0.23120633512735367
s-007,after_one_actual_history_call,7,200,1,-29842.043285011998,30947.243812275,50344.238099694,25518.442946124258,1505.7559176420327,32173.357589715,2331.3143047030026,0.039619482267227696,825.5583870609698,0.0006350118349829982,0.22718708217144012,False,False,0.22718708217144012
s-007,after_one_actual_history_call,7,1000,0,-29842.043285011998,30947.243812275,50344.238099694,25518.442946124258,1505.7559176420327,32173.357589715,2331.3143047030026,0.039619482267227696,825.5583870609698,0.0006350118349829982,1.0277274921536446,False,False,1.0277274921536446
s-007,after_one_actual_history_call,7,1000,1,-29842.043285011998,30947.243812275,50344.238099694,25518.442946124258,1505.7559176420327,32173.357589715,2331.3143047030026,0.039619482267227696,825.5583870609698,0.0006350118349829982,1.0283997617661953,False,False,1.0283997617661953
s-007,after_one_actual_history_call,7,50,0,-29842.043285011998,30947.243812275,50344.238099694,25518.442946124258,1505.7559176420327,32173.357589715,2331.3143047030026,0.039619482267227696,825.5583870609698,0.0006350118349829982,0.07718454673886299,False,False,0.07718454673886299
s-007,after_one_actual_history_call,7,50,1,-29842.043285011998,30947.243812275,50344.238099694,25518.442946124258,1505.7559176420327,32173.357589715,2331.3143047030026,0.039619482267227696,825.5583870609698,0.0006350118349829982,0.07743244245648384,False,False,0.07743244245648384
s-007,after_one_actual_history_call,7,10,0,-29842.043285011998,30947.243812275,50344.238099694,25518.442946124258,1505.7559176420327,32173.357589715,2331.3143047030026,0.039619482267227696,825.5583870609698,0.0006350118349829982,0.03907143697142601,False,False,0.03907143697142601
s-007,after_one_actual_history_call,7,10,1,-29842.043285011998,30947.243812275,50344.238099694,25518.442946124258,1505.7559176420327,32173.357589715,2331.3143047030026,0.039619482267227696,825.5583870609698,0.0006350118349829982,0.0373571403324604,False,False,0.0373571403324604
s-007,after_one_actual_history_call,8,200,0,1022.1020608320005,0.0,0.0,0.0,1505.7559176420327,0.0,1022.1020608320005,0.0,0.0,0.0,0.007388614118099213,False,True,
s-007,after_one_actual_history_call,8,200,1,1022.1020608320005,0.0,0.0,0.0,1505.7559176420327,0.0,1022.1020608320005,0.0,0.0,0.0,0.007381182163953781,False,True,
s-007,after_one_actual_history_call,8,1000,0,1022.1020608320005,0.0,0.0,0.0,1505.7559176420327,0.0,1022.1020608320005,0.0,0.0,0.0,0.007343750447034836,False,True,
s-007,after_one_actual_history_call,8,1000,1,1022.1020608320005,0.0,0.0,0.0,1505.7559176420327,0.0,1022.1020608320005,0.0,0.0,0.0,0.00719808042049408,False,True,
s-007,after_one_actual_history_call,8,50,0,1022.1020608320005,0.0,0.0,0.0,1505.7559176420327,0.0,1022.1020608320005,0.0,0.0,0.0,0.007187049835920334,False,True,
s-007,after_one_actual_history_call,8,50,1,1022.1020608320005,0.0,0.0,0.0,1505.7559176420327,0.0,1022.1020608320005,0.0,0.0,0.0,0.007217761129140854,False,True,
s-007,after_one_actual_history_call,8,10,0,1022.1020608320005,0.0,0.0,0.0,1505.7559176420327,0.0,1022.1020608320005,0.0,0.0,0.0,0.007233206182718277,False,True,
s-007,after_one_actual_history_call,8,10,1,1022.1020608320005,0.0,0.0,0.0,1505.7559176420327,0.0,1022.1020608320005,0.0,0.0,0.0,0.0071831196546554565,False,True,
s-007,after_one_actual_history_call,9,200,0,-6694.824871937,7834.049986002,12785.564994182,6523.83668467145,1505.7559176420327,8347.189924924,1652.3650529869992,0.06550123369634939,146.6091353449665,0.00011277038368190223,0.22642188891768456,False,False,0.22642188891768456
s-007,after_one_actual_history_call,9,200,1,-6694.824871937,7834.049986002,12785.564994182,6523.83668467145,1505.7559176420327,8347.189924924,1652.3650529869992,0.06550123369634939,146.6091353449665,0.00011277038368190223,0.22514967992901802,False,False,0.22514967992901802
s-007,after_one_actual_history_call,9,1000,0,-6694.824871937,7834.049986002,12785.564994182,6523.83668467145,1505.7559176420327,8347.189924924,1652.3650529869992,0.06550123369634939,146.6091353449665,0.00011277038368190223,1.026901576668024,False,False,1.026901576668024
s-007,after_one_actual_history_call,9,1000,1,-6694.824871937,7834.049986002,12785.564994182,6523.83668467145,1505.7559176420327,8347.189924924,1652.3650529869992,0.06550123369634939,146.6091353449665,0.00011277038368190223,1.0285068824887276,False,False,1.0285068824887276
s-007,after_one_actual_history_call,9,50,0,-6694.824871937,7834.049986002,12785.564994182,6523.83668467145,1505.7559176420327,8347.189924924,1652.3650529869992,0.06550123369634939,146.6091353449665,0.00011277038368190223,0.0750473104417324,False,False,0.0750473104417324
s-007,after_one_actual_history_call,9,50,1,-6694.824871937,7834.049986002,12785.564994182,6523.83668467145,1505.7559176420327,8347.189924924,1652.3650529869992,0.06550123369634939,146.6091353449665,0.00011277038368190223,0.0760640799999237,False,False,0.0760640799999237
s-007,after_one_actual_history_call,9,10,0,-6694.824871937,7834.049986002,12785.564994182,6523.83668467145,1505.7559176420327,8347.189924924,1652.3650529869992,0.06550123369634939,146.6091353449665,0.00011277038368190223,0.03494572266936302,False,False,0.03494572266936302
s-007,after_one_actual_history_call,9,10,1,-6694.824871937,7834.049986002,12785.564994182,6523.83668467145,1505.7559176420327,8347.189924924,1652.3650529869992,0.06550123369634939,146.6091353449665,0.00011277038368190223,0.034907106310129166,False,False,0.034907106310129166
s-007,after_one_actual_history_call,10,200,0,-29602.951987843,31108.707905485,52180.686509085,27639.166402324867,1505.7559176420327,31953.202594842,2350.2506069990013,0.027146569118934778,844.4946893569686,0.0006495774626324051,0.22709489986300468,False,False,0.22709489986300468
s-007,after_one_actual_history_call,10,200,1,-29602.951987843,31108.707905485,52180.686509085,27639.166402324867,1505.7559176420327,31953.202594842,2350.2506069990013,0.027146569118934778,844.4946893569686,0.0006495774626324051,0.2300112098455429,False,False,0.2300112098455429
s-007,after_one_actual_history_call,10,1000,0,-29602.951987843,31108.707905485,52180.686509085,27639.166402324867,1505.7559176420327,31953.202594842,2350.2506069990013,0.027146569118934778,844.4946893569686,0.0006495774626324051,1.0286679044365883,False,False,1.0286679044365883
s-007,after_one_actual_history_call,10,1000,1,-29602.951987843,31108.707905485,52180.686509085,27639.166402324867,1505.7559176420327,31953.202594842,2350.2506069990013,0.027146569118934778,844.4946893569686,0.0006495774626324051,1.0309708788990974,False,False,1.0309708788990974
s-007,after_one_actual_history_call,10,50,0,-29602.951987843,31108.707905485,52180.686509085,27639.166402324867,1505.7559176420327,31953.202594842,2350.2506069990013,0.027146569118934778,844.4946893569686,0.0006495774626324051,0.08017951250076294,False,False,0.08017951250076294
s-007,after_one_actual_history_call,10,50,1,-29602.951987843,31108.707905485,52180.686509085,27639.166402324867,1505.7559176420327,31953.202594842,2350.2506069990013,0.027146569118934778,844.4946893569686,0.0006495774626324051,0.08140700682997704,False,False,0.08140700682997704
s-007,after_one_actual_history_call,10,10,0,-29602.951987843,31108.707905485,52180.686509085,27639.166402324867,1505.7559176420327,31953.202594842,2350.2506069990013,0.027146569118934778,844.4946893569686,0.0006495774626324051,0.036943431943655014,False,False,0.036943431943655014
s-007,after_one_actual_history_call,10,10,1,-29602.951987843,31108.707905485,52180.686509085,27639.166402324867,1505.7559176420327,31953.202594842,2350.2506069990013,0.027146569118934778,844.4946893569686,0.0006495774626324051,0.039842892438173294,False,False,0.039842892438173294
s-008,after_common_greedy_prefix,0,200,0,-7629.888662792,7629.888662792,13718.206850387,6056.312239745253,1709.1573420099448,7822.217804907,192.32914211499974,0.025207332716781855,0.0,0.0,0.22806687280535698,False,False,
s-008,after_common_greedy_prefix,0,200,1,-7629.888662792,7629.888662792,13718.206850387,6056.312239745253,1709.1573420099448,7822.217804907,192.32914211499974,0.025207332716781855,0.0,0.0,0.22644046694040298,False,False,
s-008,after_common_greedy_prefix,0,1000,0,-7629.888662792,7629.888662792,13718.206850387,6056.312239745253,1709.1573420099448,7822.217804907,192.32914211499974,0.025207332716781855,0.0,0.0,1.0267145819962025,False,False,
s-008,after_common_greedy_prefix,0,1000,1,-7629.888662792,7629.888662792,13718.206850387,6056.312239745253,1709.1573420099448,7822.217804907,192.32914211499974,0.025207332716781855,0.0,0.0,1.027920726686716,False,False,
s-008,after_common_greedy_prefix,0,50,0,-7629.888662792,7629.888662792,13718.206850387,6056.312239745253,1709.1573420099448,7822.217804907,192.32914211499974,0.025207332716781855,0.0,0.0,0.07768811658024788,False,False,
s-008,after_common_greedy_prefix,0,50,1,-7629.888662792,7629.888662792,13718.206850387,6056.312239745253,1709.1573420099448,7822.217804907,192.32914211499974,0.025207332716781855,0.0,0.0,0.0765073224902153,False,False,
s-008,after_common_greedy_prefix,0,10,0,-7629.888662792,7629.888662792,13718.206850387,6056.312239745253,1709.1573420099448,7822.217804907,192.32914211499974,0.025207332716781855,0.0,0.0,0.0348028801381588,False,False,
s-008,after_common_greedy_prefix,0,10,1,-7629.888662792,7629.888662792,13718.206850387,6056.312239745253,1709.1573420099448,7822.217804907,192.32914211499974,0.025207332716781855,0.0,0.0,0.03360414132475853,False,False,
s-008,after_common_greedy_prefix,1,200,0,-29815.706745171,29815.706745171,50705.546156483,24801.959438055932,1709.1573420099448,31129.960486432,1314.253741261,0.044079241605562765,0.0,0.0,0.2260843627154827,False,False,
s-008,after_common_greedy_prefix,1,200,1,-29815.706745171,29815.706745171,50705.546156483,24801.959438055932,1709.1573420099448,31129.960486432,1314.253741261,0.044079241605562765,0.0,0.0,0.22855133935809135,False,False,
s-008,after_common_greedy_prefix,1,1000,0,-29815.706745171,29815.706745171,50705.546156483,24801.959438055932,1709.1573420099448,31129.960486432,1314.253741261,0.044079241605562765,0.0,0.0,1.0296665541827679,False,False,
s-008,after_common_greedy_prefix,1,1000,1,-29815.706745171,29815.706745171,50705.546156483,24801.959438055932,1709.1573420099448,31129.960486432,1314.253741261,0.044079241605562765,0.0,0.0,1.031338844448328,False,False,
s-008,after_common_greedy_prefix,1,50,0,-29815.706745171,29815.706745171,50705.546156483,24801.959438055932,1709.1573420099448,31129.960486432,1314.253741261,0.044079241605562765,0.0,0.0,0.07971971854567528,False,False,
s-008,after_common_greedy_prefix,1,50,1,-29815.706745171,29815.706745171,50705.546156483,24801.959438055932,1709.1573420099448,31129.960486432,1314.253741261,0.044079241605562765,0.0,0.0,0.07770255208015442,False,False,
s-008,after_common_greedy_prefix,1,10,0,-29815.706745171,29815.706745171,50705.546156483,24801.959438055932,1709.1573420099448,31129.960486432,1314.253741261,0.044079241605562765,0.0,0.0,0.037213943898677826,False,False,
s-008,after_common_greedy_prefix,1,10,1,-29815.706745171,29815.706745171,50705.546156483,24801.959438055932,1709.1573420099448,31129.960486432,1314.253741261,0.044079241605562765,0.0,0.0,0.03528653830289841,False,False,
s-008,after_common_greedy_prefix,2,200,0,324.0356123760001,0.0,0.0,0.0,1709.1573420099448,0.0,324.0356123760001,0.0,0.0,0.0,0.00732145830988884,False,True,
s-008,after_common_greedy_prefix,2,200,1,324.0356123760001,0.0,0.0,0.0,1709.1573420099448,0.0,324.0356123760001,0.0,0.0,0.0,0.007274366915225983,False,True,
s-008,after_common_greedy_prefix,2,1000,0,324.0356123760001,0.0,0.0,0.0,1709.1573420099448,0.0,324.0356123760001,0.0,0.0,0.0,0.0072410330176353455,False,True,
s-008,after_common_greedy_prefix,2,1000,1,324.0356123760001,0.0,0.0,0.0,1709.1573420099448,0.0,324.0356123760001,0.0,0.0,0.0,0.007393211126327515,False,True,
s-008,after_common_greedy_prefix,2,50,0,324.0356123760001,0.0,0.0,0.0,1709.1573420099448,0.0,324.0356123760001,0.0,0.0,0.0,0.007467355579137802,False,True,
s-008,after_common_greedy_prefix,2,50,1,324.0356123760001,0.0,0.0,0.0,1709.1573420099448,0.0,324.0356123760001,0.0,0.0,0.0,0.007543396204710007,False,True,
s-008,after_common_greedy_prefix,2,10,0,324.0356123760001,0.0,0.0,0.0,1709.1573420099448,0.0,324.0356123760001,0.0,0.0,0.0,0.007496993988752365,False,True,
s-008,after_common_greedy_prefix,2,10,1,324.0356123760001,0.0,0.0,0.0,1709.1573420099448,0.0,324.0356123760001,0.0,0.0,0.0,0.007561732083559036,False,True,
s-008,after_common_greedy_prefix,3,200,0,-7055.676333088,8093.19641594,11319.475437525,6448.276765466167,1709.1573420099448,8282.87926551,1227.2029324220002,0.02343732189625464,0.0,0.0,0.22600707039237022,False,False,
s-008,after_common_greedy_prefix,3,200,1,-7055.676333088,8093.19641594,11319.475437525,6448.276765466167,1709.1573420099448,8282.87926551,1227.2029324220002,0.02343732189625464,0.0,0.0,0.2255149818956852,False,False,
s-008,after_common_greedy_prefix,3,1000,0,-7055.676333088,8093.19641594,11319.475437525,6448.276765466167,1709.1573420099448,8282.87926551,1227.2029324220002,0.02343732189625464,0.0,0.0,1.0263723395764828,False,False,
s-008,after_common_greedy_prefix,3,1000,1,-7055.676333088,8093.19641594,11319.475437525,6448.276765466167,1709.1573420099448,8282.87926551,1227.2029324220002,0.02343732189625464,0.0,0.0,1.027264878153801,False,False,
s-008,after_common_greedy_prefix,3,50,0,-7055.676333088,8093.19641594,11319.475437525,6448.276765466167,1709.1573420099448,8282.87926551,1227.2029324220002,0.02343732189625464,0.0,0.0,0.07590020820498466,False,False,
s-008,after_common_greedy_prefix,3,50,1,-7055.676333088,8093.19641594,11319.475437525,6448.276765466167,1709.1573420099448,8282.87926551,1227.2029324220002,0.02343732189625464,0.0,0.0,0.07373587414622307,False,False,
s-008,after_common_greedy_prefix,3,10,0,-7055.676333088,8093.19641594,11319.475437525,6448.276765466167,1709.1573420099448,8282.87926551,1227.2029324220002,0.02343732189625464,0.0,0.0,0.03509366512298584,False,False,
s-008,after_common_greedy_prefix,3,10,1,-7055.676333088,8093.19641594,11319.475437525,6448.276765466167,1709.1573420099448,8282.87926551,1227.2029324220002,0.02343732189625464,0.0,0.0,0.0351065918803215,False,False,
s-008,after_common_greedy_prefix,4,200,0,-28891.493350719,29215.528963095,48349.258739552,23435.904610325397,1709.1573420099448,30443.863751738998,1552.370401019998,0.04204390035845762,0.0,0.0,0.23031367361545563,False,False,
s-008,after_common_greedy_prefix,4,200,1,-28891.493350719,29215.528963095,48349.258739552,23435.904610325397,1709.1573420099448,30443.863751738998,1552.370401019998,0.04204390035845762,0.0,0.0,0.22744781151413918,False,False,
s-008,after_common_greedy_prefix,4,1000,0,-28891.493350719,29215.528963095,48349.258739552,23435.904610325397,1709.1573420099448,30443.863751738998,1552.370401019998,0.04204390035845762,0.0,0.0,1.0284947864711285,False,False,
s-008,after_common_greedy_prefix,4,1000,1,-28891.493350719,29215.528963095,48349.258739552,23435.904610325397,1709.1573420099448,30443.863751738998,1552.370401019998,0.04204390035845762,0.0,0.0,1.030358262360096,False,False,
s-008,after_common_greedy_prefix,4,50,0,-28891.493350719,29215.528963095,48349.258739552,23435.904610325397,1709.1573420099448,30443.863751738998,1552.370401019998,0.04204390035845762,0.0,0.0,0.08085108175873756,False,False,
s-008,after_common_greedy_prefix,4,50,1,-28891.493350719,29215.528963095,48349.258739552,23435.904610325397,1709.1573420099448,30443.863751738998,1552.370401019998,0.04204390035845762,0.0,0.0,0.07863951846957207,False,False,
s-008,after_common_greedy_prefix,4,10,0,-28891.493350719,29215.528963095,48349.258739552,23435.904610325397,1709.1573420099448,30443.863751738998,1552.370401019998,0.04204390035845762,0.0,0.0,0.03827356919646263,False,False,
s-008,after_common_greedy_prefix,4,10,1,-28891.493350719,29215.528963095,48349.258739552,23435.904610325397,1709.1573420099448,30443.863751738998,1552.370401019998,0.04204390035845762,0.0,0.0,0.038682326674461365,False,False,
s-008,after_common_greedy_prefix,5,200,0,577.773127391,0.0,0.0,0.0,1709.1573420099448,0.0,577.773127391,0.0,0.0,0.0,0.00786224752664566,False,True,
s-008,after_common_greedy_prefix,5,200,1,577.773127391,0.0,0.0,0.0,1709.1573420099448,0.0,577.773127391,0.0,0.0,0.0,0.007831543684005737,False,True,
s-008,after_common_greedy_prefix,5,1000,0,577.773127391,0.0,0.0,0.0,1709.1573420099448,0.0,577.773127391,0.0,0.0,0.0,0.00776667520403862,False,True,
s-008,after_common_greedy_prefix,5,1000,1,577.773127391,0.0,0.0,0.0,1709.1573420099448,0.0,577.773127391,0.0,0.0,0.0,0.008120030164718628,False,True,
s-008,after_common_greedy_prefix,5,50,0,577.773127391,0.0,0.0,0.0,1709.1573420099448,0.0,577.773127391,0.0,0.0,0.0,0.007697157561779022,False,True,
s-008,after_common_greedy_prefix,5,50,1,577.773127391,0.0,0.0,0.0,1709.1573420099448,0.0,577.773127391,0.0,0.0,0.0,0.00742865726351738,False,True,
s-008,after_common_greedy_prefix,5,10,0,577.773127391,0.0,0.0,0.0,1709.1573420099448,0.0,577.773127391,0.0,0.0,0.0,0.0073721036314964294,False,True,
s-008,after_common_greedy_prefix,5,10,1,577.773127391,0.0,0.0,0.0,1709.1573420099448,0.0,577.773127391,0.0,0.0,0.0,0.007330659776926041,False,True,
s-008,after_common_greedy_prefix,6,200,0,-7152.596333139,8315.406660979,11575.742489856,6458.620219663833,1709.1573420099448,8567.934553959,1415.3382208199992,0.030368676274729278,0.0,0.0,0.22581814229488373,False,False,
s-008,after_common_greedy_prefix,6,200,1,-7152.596333139,8315.406660979,11575.742489856,6458.620219663833,1709.1573420099448,8567.934553959,1415.3382208199992,0.030368676274729278,0.0,0.0,0.22603833302855492,False,False,
s-008,after_common_greedy_prefix,6,1000,0,-7152.596333139,8315.406660979,11575.742489856,6458.620219663833,1709.1573420099448,8567.934553959,1415.3382208199992,0.030368676274729278,0.0,0.0,1.027266826480627,False,False,
s-008,after_common_greedy_prefix,6,1000,1,-7152.596333139,8315.406660979,11575.742489856,6458.620219663833,1709.1573420099448,8567.934553959,1415.3382208199992,0.030368676274729278,0.0,0.0,1.0275320559740067,False,False,
s-008,after_common_greedy_prefix,6,50,0,-7152.596333139,8315.406660979,11575.742489856,6458.620219663833,1709.1573420099448,8567.934553959,1415.3382208199992,0.030368676274729278,0.0,0.0,0.07604967802762985,False,False,
s-008,after_common_greedy_prefix,6,50,1,-7152.596333139,8315.406660979,11575.742489856,6458.620219663833,1709.1573420099448,8567.934553959,1415.3382208199992,0.030368676274729278,0.0,0.0,0.07521920651197433,False,False,
s-008,after_common_greedy_prefix,6,10,0,-7152.596333139,8315.406660979,11575.742489856,6458.620219663833,1709.1573420099448,8567.934553959,1415.3382208199992,0.030368676274729278,0.0,0.0,0.03581684082746506,False,False,
s-008,after_common_greedy_prefix,6,10,1,-7152.596333139,8315.406660979,11575.742489856,6458.620219663833,1709.1573420099448,8567.934553959,1415.3382208199992,0.030368676274729278,0.0,0.0,0.03474848344922066,False,False,
s-008,after_common_greedy_prefix,7,200,0,-29267.590383384,30976.747725394,50071.602592399,25128.002887095994,1709.1573420099448,31583.324491593,2315.7341082090024,0.019581680154942223,606.5767661990576,0.00046657320838734305,0.22717366367578506,False,False,0.22717366367578506
s-008,after_common_greedy_prefix,7,200,1,-29267.590383384,30976.747725394,50071.602592399,25128.002887095994,1709.1573420099448,31583.324491593,2315.7341082090024,0.019581680154942223,606.5767661990576,0.00046657320838734305,0.22807595506310463,False,False,0.22807595506310463
s-008,after_common_greedy_prefix,7,1000,0,-29267.590383384,30976.747725394,50071.602592399,25128.002887095994,1709.1573420099448,31583.324491593,2315.7341082090024,0.019581680154942223,606.5767661990576,0.00046657320838734305,1.029753390699625,False,False,1.029753390699625
s-008,after_common_greedy_prefix,7,1000,1,-29267.590383384,30976.747725394,50071.602592399,25128.002887095994,1709.1573420099448,31583.324491593,2315.7341082090024,0.019581680154942223,606.5767661990576,0.00046657320838734305,1.0284658670425415,False,False,1.0284658670425415
s-008,after_common_greedy_prefix,7,50,0,-29267.590383384,30976.747725394,50071.602592399,25128.002887095994,1709.1573420099448,31583.324491593,2315.7341082090024,0.019581680154942223,606.5767661990576,0.00046657320838734305,0.07800324261188507,False,False,0.07800324261188507
s-008,after_common_greedy_prefix,7,50,1,-29267.590383384,30976.747725394,50071.602592399,25128.002887095994,1709.1573420099448,31583.324491593,2315.7341082090024,0.019581680154942223,606.5767661990576,0.00046657320838734305,0.07842488214373589,False,False,0.07842488214373589
s-008,after_common_greedy_prefix,7,10,0,-29267.590383384,30976.747725394,50071.602592399,25128.002887095994,1709.1573420099448,31560.002560265,2292.412176881,0.018828795070466954,583.2548348710552,0.0004486341956657043,0.03973443806171417,False,False,0.03973443806171417
s-008,after_common_greedy_prefix,7,10,1,-29267.590383384,30976.747725394,50071.602592399,25128.002887095994,1709.1573420099448,31560.002560265,2292.412176881,0.018828795070466954,583.2548348710552,0.0004486341956657043,0.036505475640296936,False,False,0.036505475640296936
s-008,after_common_greedy_prefix,8,200,0,1022.1020608320005,0.0,0.0,0.0,1709.1573420099448,0.0,1022.1020608320005,0.0,0.0,0.0,0.007317639887332916,False,True,
s-008,after_common_greedy_prefix,8,200,1,1022.1020608320005,0.0,0.0,0.0,1709.1573420099448,0.0,1022.1020608320005,0.0,0.0,0.0,0.007317740470170975,False,True,
s-008,after_common_greedy_prefix,8,1000,0,1022.1020608320005,0.0,0.0,0.0,1709.1573420099448,0.0,1022.1020608320005,0.0,0.0,0.0,0.007222767919301987,False,True,
s-008,after_common_greedy_prefix,8,1000,1,1022.1020608320005,0.0,0.0,0.0,1709.1573420099448,0.0,1022.1020608320005,0.0,0.0,0.0,0.007257428020238876,False,True,
s-008,after_common_greedy_prefix,8,50,0,1022.1020608320005,0.0,0.0,0.0,1709.1573420099448,0.0,1022.1020608320005,0.0,0.0,0.0,0.007260680198669434,False,True,
s-008,after_common_greedy_prefix,8,50,1,1022.1020608320005,0.0,0.0,0.0,1709.1573420099448,0.0,1022.1020608320005,0.0,0.0,0.0,0.007217228412628174,False,True,
s-008,after_common_greedy_prefix,8,10,0,1022.1020608320005,0.0,0.0,0.0,1709.1573420099448,0.0,1022.1020608320005,0.0,0.0,0.0,0.007236208766698837,False,True,
s-008,after_common_greedy_prefix,8,10,1,1022.1020608320005,0.0,0.0,0.0,1709.1573420099448,0.0,1022.1020608320005,0.0,0.0,0.0,0.00722353532910347,False,True,
s-008,after_common_greedy_prefix,9,200,0,-6694.824871937,7834.049986002,12785.564994182,6523.83668467145,1709.1573420099448,8347.189924924,1652.3650529869992,0.06550123369634939,0.0,0.0,0.227129515260458,False,False,
s-008,after_common_greedy_prefix,9,200,1,-6694.824871937,7834.049986002,12785.564994182,6523.83668467145,1709.1573420099448,8347.189924924,1652.3650529869992,0.06550123369634939,0.0,0.0,0.22787391766905785,False,False,
s-008,after_common_greedy_prefix,9,1000,0,-6694.824871937,7834.049986002,12785.564994182,6523.83668467145,1709.1573420099448,8347.189924924,1652.3650529869992,0.06550123369634939,0.0,0.0,1.027104888111353,False,False,
s-008,after_common_greedy_prefix,9,1000,1,-6694.824871937,7834.049986002,12785.564994182,6523.83668467145,1709.1573420099448,8347.189924924,1652.3650529869992,0.06550123369634939,0.0,0.0,1.0276868008077145,False,False,
s-008,after_common_greedy_prefix,9,50,0,-6694.824871937,7834.049986002,12785.564994182,6523.83668467145,1709.1573420099448,8347.189924924,1652.3650529869992,0.06550123369634939,0.0,0.0,0.07588444277644157,False,False,
s-008,after_common_greedy_prefix,9,50,1,-6694.824871937,7834.049986002,12785.564994182,6523.83668467145,1709.1573420099448,8347.189924924,1652.3650529869992,0.06550123369634939,0.0,0.0,0.07549811527132988,False,False,
s-008,after_common_greedy_prefix,9,10,0,-6694.824871937,7834.049986002,12785.564994182,6523.83668467145,1709.1573420099448,8347.189924924,1652.3650529869992,0.06550123369634939,0.0,0.0,0.03437047824263573,False,False,
s-008,after_common_greedy_prefix,9,10,1,-6694.824871937,7834.049986002,12785.564994182,6523.83668467145,1709.1573420099448,8347.189924924,1652.3650529869992,0.06550123369634939,0.0,0.0,0.03260652348399162,False,False,
s-008,after_common_greedy_prefix,10,200,0,-29412.644326577,30606.353833117,51456.51933346,27340.311179742283,1709.1573420099448,31434.530250948,2021.8859243709994,0.02705897024999066,312.7285823610546,0.00024054791768720628,0.22774048149585724,False,False,0.22774048149585724
s-008,after_common_greedy_prefix,10,200,1,-29412.644326577,30606.353833117,51456.51933346,27340.311179742283,1709.1573420099448,31434.530250948,2021.8859243709994,0.02705897024999066,312.7285823610546,0.00024054791768720628,0.23049955442547798,False,False,0.23049955442547798
s-008,after_common_greedy_prefix,10,1000,0,-29412.644326577,30606.353833117,51456.51933346,27340.311179742283,1709.1573420099448,31434.530250948,2021.8859243709994,0.02705897024999066,312.7285823610546,0.00024054791768720628,1.031067118048668,False,False,1.031067118048668
s-008,after_common_greedy_prefix,10,1000,1,-29412.644326577,30606.353833117,51456.51933346,27340.311179742283,1709.1573420099448,31434.530250948,2021.8859243709994,0.02705897024999066,312.7285823610546,0.00024054791768720628,1.098940085619688,False,False,1.098940085619688
s-008,after_common_greedy_prefix,10,50,0,-29412.644326577,30606.353833117,51456.51933346,27340.311179742283,1709.1573420099448,31434.530250948,2021.8859243709994,0.02705897024999066,312.7285823610546,0.00024054791768720628,0.07934202253818512,False,False,0.07934202253818512
s-008,after_common_greedy_prefix,10,50,1,-29412.644326577,30606.353833117,51456.51933346,27340.311179742283,1709.1573420099448,31434.530250948,2021.8859243709994,0.02705897024999066,312.7285823610546,0.00024054791768720628,0.07818248122930527,False,False,0.07818248122930527
s-008,after_common_greedy_prefix,10,10,0,-29412.644326577,30606.353833117,51456.51933346,27340.311179742283,1709.1573420099448,31434.530250948,2021.8859243709994,0.02705897024999066,312.7285823610546,0.00024054791768720628,0.03927081450819969,False,False,0.03927081450819969
s-008,after_common_greedy_prefix,10,10,1,-29412.644326577,30606.353833117,51456.51933346,27340.311179742283,1709.1573420099448,31434.530250948,2021.8859243709994,0.02705897024999066,312.7285823610546,0.00024054791768720628,0.0385621152818203,False,False,0.0385621152818203
s-009,after_one_actual_history_call,0,200,0,-7629.888662792,7629.888662792,13718.206850387,6056.312239745253,1709.1573420099448,7822.217804907,192.32914211499974,0.025207332716781855,0.0,0.0,0.22796738147735596,False,False,
s-009,after_one_actual_history_call,0,200,1,-7629.888662792,7629.888662792,13718.206850387,6056.312239745253,1709.1573420099448,7822.217804907,192.32914211499974,0.025207332716781855,0.0,0.0,0.22633834928274155,False,False,
s-009,after_one_actual_history_call,0,1000,0,-7629.888662792,7629.888662792,13718.206850387,6056.312239745253,1709.1573420099448,7822.217804907,192.32914211499974,0.025207332716781855,0.0,0.0,1.028324667364359,False,False,
s-009,after_one_actual_history_call,0,1000,1,-7629.888662792,7629.888662792,13718.206850387,6056.312239745253,1709.1573420099448,7822.217804907,192.32914211499974,0.025207332716781855,0.0,0.0,1.0266372039914131,False,False,
s-009,after_one_actual_history_call,0,50,0,-7629.888662792,7629.888662792,13718.206850387,6056.312239745253,1709.1573420099448,7822.217804907,192.32914211499974,0.025207332716781855,0.0,0.0,0.07705546543002129,False,False,
s-009,after_one_actual_history_call,0,50,1,-7629.888662792,7629.888662792,13718.206850387,6056.312239745253,1709.1573420099448,7822.217804907,192.32914211499974,0.025207332716781855,0.0,0.0,0.0787954218685627,False,False,
s-009,after_one_actual_history_call,0,10,0,-7629.888662792,7629.888662792,13718.206850387,6056.312239745253,1709.1573420099448,7822.217804907,192.32914211499974,0.025207332716781855,0.0,0.0,0.03578932583332062,False,False,
s-009,after_one_actual_history_call,0,10,1,-7629.888662792,7629.888662792,13718.206850387,6056.312239745253,1709.1573420099448,7822.217804907,192.32914211499974,0.025207332716781855,0.0,0.0,0.03359856456518173,False,False,
s-009,after_one_actual_history_call,1,200,0,-29815.706745171,29815.706745171,50705.546156483,24801.959438055932,1709.1573420099448,31129.960486432,1314.253741261,0.044079241605562765,0.0,0.0,0.22608092054724693,False,False,
s-009,after_one_actual_history_call,1,200,1,-29815.706745171,29815.706745171,50705.546156483,24801.959438055932,1709.1573420099448,31129.960486432,1314.253741261,0.044079241605562765,0.0,0.0,0.2284790500998497,False,False,
s-009,after_one_actual_history_call,1,1000,0,-29815.706745171,29815.706745171,50705.546156483,24801.959438055932,1709.1573420099448,31129.960486432,1314.253741261,0.044079241605562765,0.0,0.0,1.028473287820816,False,False,
s-009,after_one_actual_history_call,1,1000,1,-29815.706745171,29815.706745171,50705.546156483,24801.959438055932,1709.1573420099448,31129.960486432,1314.253741261,0.044079241605562765,0.0,0.0,1.0281469337642193,False,False,
s-009,after_one_actual_history_call,1,50,0,-29815.706745171,29815.706745171,50705.546156483,24801.959438055932,1709.1573420099448,31129.960486432,1314.253741261,0.044079241605562765,0.0,0.0,0.07714115083217621,False,False,
s-009,after_one_actual_history_call,1,50,1,-29815.706745171,29815.706745171,50705.546156483,24801.959438055932,1709.1573420099448,31129.960486432,1314.253741261,0.044079241605562765,0.0,0.0,0.077268585562706,False,False,
s-009,after_one_actual_history_call,1,10,0,-29815.706745171,29815.706745171,50705.546156483,24801.959438055932,1709.1573420099448,31129.960486432,1314.253741261,0.044079241605562765,0.0,0.0,0.038104888051748276,False,False,
s-009,after_one_actual_history_call,1,10,1,-29815.706745171,29815.706745171,50705.546156483,24801.959438055932,1709.1573420099448,31129.960486432,1314.253741261,0.044079241605562765,0.0,0.0,0.037833698093891144,False,False,
s-009,after_one_actual_history_call,2,200,0,324.0356123760001,0.0,0.0,0.0,1709.1573420099448,0.0,324.0356123760001,0.0,0.0,0.0,0.007322367280721664,False,True,
s-009,after_one_actual_history_call,2,200,1,324.0356123760001,0.0,0.0,0.0,1709.1573420099448,0.0,324.0356123760001,0.0,0.0,0.0,0.007310923188924789,False,True,
s-009,after_one_actual_history_call,2,1000,0,324.0356123760001,0.0,0.0,0.0,1709.1573420099448,0.0,324.0356123760001,0.0,0.0,0.0,0.007345009595155716,False,True,
s-009,after_one_actual_history_call,2,1000,1,324.0356123760001,0.0,0.0,0.0,1709.1573420099448,0.0,324.0356123760001,0.0,0.0,0.0,0.0073722004890441895,False,True,
s-009,after_one_actual_history_call,2,50,0,324.0356123760001,0.0,0.0,0.0,1709.1573420099448,0.0,324.0356123760001,0.0,0.0,0.0,0.007388237863779068,False,True,
s-009,after_one_actual_history_call,2,50,1,324.0356123760001,0.0,0.0,0.0,1709.1573420099448,0.0,324.0356123760001,0.0,0.0,0.0,0.007290620356798172,False,True,
s-009,after_one_actual_history_call,2,10,0,324.0356123760001,0.0,0.0,0.0,1709.1573420099448,0.0,324.0356123760001,0.0,0.0,0.0,0.0073745884001255035,False,True,
s-009,after_one_actual_history_call,2,10,1,324.0356123760001,0.0,0.0,0.0,1709.1573420099448,0.0,324.0356123760001,0.0,0.0,0.0,0.007332742214202881,False,True,
s-009,after_one_actual_history_call,3,200,0,-7055.676333088,8093.19641594,11319.475437525,6448.276765466167,1709.1573420099448,8282.87926551,1227.2029324220002,0.02343732189625464,0.0,0.0,0.22521653026342392,False,False,
s-009,after_one_actual_history_call,3,200,1,-7055.676333088,8093.19641594,11319.475437525,6448.276765466167,1709.1573420099448,8282.87926551,1227.2029324220002,0.02343732189625464,0.0,0.0,0.22561446949839592,False,False,
s-009,after_one_actual_history_call,3,1000,0,-7055.676333088,8093.19641594,11319.475437525,6448.276765466167,1709.1573420099448,8282.87926551,1227.2029324220002,0.02343732189625464,0.0,0.0,1.026301022619009,False,False,
s-009,after_one_actual_history_call,3,1000,1,-7055.676333088,8093.19641594,11319.475437525,6448.276765466167,1709.1573420099448,8282.87926551,1227.2029324220002,0.02343732189625464,0.0,0.0,1.0260044783353806,False,False,
s-009,after_one_actual_history_call,3,50,0,-7055.676333088,8093.19641594,11319.475437525,6448.276765466167,1709.1573420099448,8282.87926551,1227.2029324220002,0.02343732189625464,0.0,0.0,0.07635297626256943,False,False,
s-009,after_one_actual_history_call,3,50,1,-7055.676333088,8093.19641594,11319.475437525,6448.276765466167,1709.1573420099448,8282.87926551,1227.2029324220002,0.02343732189625464,0.0,0.0,0.07635729014873505,False,False,
s-009,after_one_actual_history_call,3,10,0,-7055.676333088,8093.19641594,11319.475437525,6448.276765466167,1709.1573420099448,8282.87926551,1227.2029324220002,0.02343732189625464,0.0,0.0,0.03402070328593254,False,False,
s-009,after_one_actual_history_call,3,10,1,-7055.676333088,8093.19641594,11319.475437525,6448.276765466167,1709.1573420099448,8282.87926551,1227.2029324220002,0.02343732189625464,0.0,0.0,0.03509848564863205,False,False,
s-009,after_one_actual_history_call,4,200,0,-28891.493350719,30443.863751738998,48349.258739552,23435.904610325397,1709.1573420099448,30443.863751738998,1552.370401019998,0.0,0.0,0.0,0.005112968385219574,False,True,
s-009,after_one_actual_history_call,4,200,1,-28891.493350719,30443.863751738998,48349.258739552,23435.904610325397,1709.1573420099448,30443.863751738998,1552.370401019998,0.0,0.0,0.0,0.0050103068351745605,False,True,
s-009,after_one_actual_history_call,4,1000,0,-28891.493350719,30443.863751738998,48349.258739552,23435.904610325397,1709.1573420099448,30443.863751738998,1552.370401019998,0.0,0.0,0.0,1.0304357185959816,False,True,
s-009,after_one_actual_history_call,4,1000,1,-28891.493350719,30443.863751738998,48349.258739552,23435.904610325397,1709.1573420099448,30443.863751738998,1552.370401019998,0.0,0.0,0.0,1.02975944429636,False,True,
s-009,after_one_actual_history_call,4,50,0,-28891.493350719,30443.863751738998,48349.258739552,23435.904610325397,1709.1573420099448,30443.863751738998,1552.370401019998,0.0,0.0,0.0,0.08058025315403938,False,True,
s-009,after_one_actual_history_call,4,50,1,-28891.493350719,30443.863751738998,48349.258739552,23435.904610325397,1709.1573420099448,30443.863751738998,1552.370401019998,0.0,0.0,0.0,0.08037282153964043,False,True,
s-009,after_one_actual_history_call,4,10,0,-28891.493350719,30443.863751738998,48349.258739552,23435.904610325397,1709.1573420099448,30443.863751738998,1552.370401019998,0.0,0.0,0.0,0.04061175137758255,False,True,
s-009,after_one_actual_history_call,4,10,1,-28891.493350719,30443.863751738998,48349.258739552,23435.904610325397,1709.1573420099448,30443.863751738998,1552.370401019998,0.0,0.0,0.0,0.039732709527015686,False,True,
s-009,after_one_actual_history_call,5,200,0,577.773127391,0.0,0.0,0.0,1709.1573420099448,0.0,577.773127391,0.0,0.0,0.0,0.007556099444627762,False,True,
s-009,after_one_actual_history_call,5,200,1,577.773127391,0.0,0.0,0.0,1709.1573420099448,0.0,577.773127391,0.0,0.0,0.0,0.007331568747758865,False,True,
s-009,after_one_actual_history_call,5,1000,0,577.773127391,0.0,0.0,0.0,1709.1573420099448,0.0,577.773127391,0.0,0.0,0.0,0.007224727421998978,False,True,
s-009,after_one_actual_history_call,5,1000,1,577.773127391,0.0,0.0,0.0,1709.1573420099448,0.0,577.773127391,0.0,0.0,0.0,0.007179915904998779,False,True,
s-009,after_one_actual_history_call,5,50,0,577.773127391,0.0,0.0,0.0,1709.1573420099448,0.0,577.773127391,0.0,0.0,0.0,0.007177434861660004,False,True,
s-009,after_one_actual_history_call,5,50,1,577.773127391,0.0,0.0,0.0,1709.1573420099448,0.0,577.773127391,0.0,0.0,0.0,0.007202155888080597,False,True,
s-009,after_one_actual_history_call,5,10,0,577.773127391,0.0,0.0,0.0,1709.1573420099448,0.0,577.773127391,0.0,0.0,0.0,0.007179979234933853,False,True,
s-009,after_one_actual_history_call,5,10,1,577.773127391,0.0,0.0,0.0,1709.1573420099448,0.0,577.773127391,0.0,0.0,0.0,0.007194574922323227,False,True,
s-009,after_one_actual_history_call,6,200,0,-7152.596333139,8315.406660979,11575.742489856,6458.620219663833,1709.1573420099448,8567.934553959,1415.3382208199992,0.030368676274729278,0.0,0.0,0.22704122588038445,False,False,
s-009,after_one_actual_history_call,6,200,1,-7152.596333139,8315.406660979,11575.742489856,6458.620219663833,1709.1573420099448,8567.934553959,1415.3382208199992,0.030368676274729278,0.0,0.0,0.22713350877165794,False,False,
s-009,after_one_actual_history_call,6,1000,0,-7152.596333139,8315.406660979,11575.742489856,6458.620219663833,1709.1573420099448,8567.934553959,1415.3382208199992,0.030368676274729278,0.0,0.0,1.0275998674333096,False,False,
s-009,after_one_actual_history_call,6,1000,1,-7152.596333139,8315.406660979,11575.742489856,6458.620219663833,1709.1573420099448,8567.934553959,1415.3382208199992,0.030368676274729278,0.0,0.0,1.0272082798182964,False,False,
s-009,after_one_actual_history_call,6,50,0,-7152.596333139,8315.406660979,11575.742489856,6458.620219663833,1709.1573420099448,8567.934553959,1415.3382208199992,0.030368676274729278,0.0,0.0,0.07802954316139221,False,False,
s-009,after_one_actual_history_call,6,50,1,-7152.596333139,8315.406660979,11575.742489856,6458.620219663833,1709.1573420099448,8567.934553959,1415.3382208199992,0.030368676274729278,0.0,0.0,0.07578829303383827,False,False,
s-009,after_one_actual_history_call,6,10,0,-7152.596333139,8315.406660979,11575.742489856,6458.620219663833,1709.1573420099448,8567.934553959,1415.3382208199992,0.030368676274729278,0.0,0.0,0.03476034849882126,False,False,
s-009,after_one_actual_history_call,6,10,1,-7152.596333139,8315.406660979,11575.742489856,6458.620219663833,1709.1573420099448,8567.934553959,1415.3382208199992,0.030368676274729278,0.0,0.0,0.03332022950053215,False,False,
s-009,after_one_actual_history_call,7,200,0,-29267.590383384,30976.747725394,50071.602592399,25128.002887095994,1709.1573420099448,31583.324491593,2315.7341082090024,0.019581680154942223,606.5767661990576,0.00046657320838734305,0.2311699539422989,False,False,0.2311699539422989
s-009,after_one_actual_history_call,7,200,1,-29267.590383384,30976.747725394,50071.602592399,25128.002887095994,1709.1573420099448,31583.324491593,2315.7341082090024,0.019581680154942223,606.5767661990576,0.00046657320838734305,0.2297569438815117,False,False,0.2297569438815117
s-009,after_one_actual_history_call,7,1000,0,-29267.590383384,30976.747725394,50071.602592399,25128.002887095994,1709.1573420099448,31583.324491593,2315.7341082090024,0.019581680154942223,606.5767661990576,0.00046657320838734305,1.0286253280937672,False,False,1.0286253280937672
s-009,after_one_actual_history_call,7,1000,1,-29267.590383384,30976.747725394,50071.602592399,25128.002887095994,1709.1573420099448,31583.324491593,2315.7341082090024,0.019581680154942223,606.5767661990576,0.00046657320838734305,1.0302503891289234,False,False,1.0302503891289234
s-009,after_one_actual_history_call,7,50,0,-29267.590383384,30976.747725394,50071.602592399,25128.002887095994,1709.1573420099448,31583.324491593,2315.7341082090024,0.019581680154942223,606.5767661990576,0.00046657320838734305,0.07970330119132996,False,False,0.07970330119132996
s-009,after_one_actual_history_call,7,50,1,-29267.590383384,30976.747725394,50071.602592399,25128.002887095994,1709.1573420099448,31583.324491593,2315.7341082090024,0.019581680154942223,606.5767661990576,0.00046657320838734305,0.08027897402644157,False,False,0.08027897402644157
s-009,after_one_actual_history_call,7,10,0,-29267.590383384,30976.747725394,50071.602592399,25128.002887095994,1709.1573420099448,31560.002560265,2292.412176881,0.018828795070466954,583.2548348710552,0.0004486341956657043,0.03648759052157402,False,False,0.03648759052157402
s-009,after_one_actual_history_call,7,10,1,-29267.590383384,30976.747725394,50071.602592399,25128.002887095994,1709.1573420099448,31560.002560265,2292.412176881,0.018828795070466954,583.2548348710552,0.0004486341956657043,0.036821529269218445,False,False,0.036821529269218445
s-009,after_one_actual_history_call,8,200,0,1022.1020608320005,0.0,0.0,0.0,1709.1573420099448,0.0,1022.1020608320005,0.0,0.0,0.0,0.008442193269729614,False,True,
s-009,after_one_actual_history_call,8,200,1,1022.1020608320005,0.0,0.0,0.0,1709.1573420099448,0.0,1022.1020608320005,0.0,0.0,0.0,0.007700290530920029,False,True,
s-009,after_one_actual_history_call,8,1000,0,1022.1020608320005,0.0,0.0,0.0,1709.1573420099448,0.0,1022.1020608320005,0.0,0.0,0.0,0.007403749972581863,False,True,
s-009,after_one_actual_history_call,8,1000,1,1022.1020608320005,0.0,0.0,0.0,1709.1573420099448,0.0,1022.1020608320005,0.0,0.0,0.0,0.007372006773948669,False,True,
s-009,after_one_actual_history_call,8,50,0,1022.1020608320005,0.0,0.0,0.0,1709.1573420099448,0.0,1022.1020608320005,0.0,0.0,0.0,0.0072999559342861176,False,True,
s-009,after_one_actual_history_call,8,50,1,1022.1020608320005,0.0,0.0,0.0,1709.1573420099448,0.0,1022.1020608320005,0.0,0.0,0.0,0.0072915516793727875,False,True,
s-009,after_one_actual_history_call,8,10,0,1022.1020608320005,0.0,0.0,0.0,1709.1573420099448,0.0,1022.1020608320005,0.0,0.0,0.0,0.007304161787033081,False,True,
s-009,after_one_actual_history_call,8,10,1,1022.1020608320005,0.0,0.0,0.0,1709.1573420099448,0.0,1022.1020608320005,0.0,0.0,0.0,0.0072850994765758514,False,True,
s-009,after_one_actual_history_call,9,200,0,-6694.824871937,7834.049986002,12785.564994182,6523.83668467145,1709.1573420099448,8347.189924924,1652.3650529869992,0.06550123369634939,0.0,0.0,0.2281949333846569,False,False,
s-009,after_one_actual_history_call,9,200,1,-6694.824871937,7834.049986002,12785.564994182,6523.83668467145,1709.1573420099448,8347.189924924,1652.3650529869992,0.06550123369634939,0.0,0.0,0.2286466881632805,False,False,
s-009,after_one_actual_history_call,9,1000,0,-6694.824871937,7834.049986002,12785.564994182,6523.83668467145,1709.1573420099448,8347.189924924,1652.3650529869992,0.06550123369634939,0.0,0.0,1.0267861187458038,False,False,
s-009,after_one_actual_history_call,9,1000,1,-6694.824871937,7834.049986002,12785.564994182,6523.83668467145,1709.1573420099448,8347.189924924,1652.3650529869992,0.06550123369634939,0.0,0.0,1.026951052248478,False,False,
s-009,after_one_actual_history_call,9,50,0,-6694.824871937,7834.049986002,12785.564994182,6523.83668467145,1709.1573420099448,8347.189924924,1652.3650529869992,0.06550123369634939,0.0,0.0,0.07528750970959663,False,False,
s-009,after_one_actual_history_call,9,50,1,-6694.824871937,7834.049986002,12785.564994182,6523.83668467145,1709.1573420099448,8347.189924924,1652.3650529869992,0.06550123369634939,0.0,0.0,0.07420512661337852,False,False,
s-009,after_one_actual_history_call,9,10,0,-6694.824871937,7834.049986002,12785.564994182,6523.83668467145,1709.1573420099448,8347.189924924,1652.3650529869992,0.06550123369634939,0.0,0.0,0.03394158184528351,False,False,
s-009,after_one_actual_history_call,9,10,1,-6694.824871937,7834.049986002,12785.564994182,6523.83668467145,1709.1573420099448,8347.189924924,1652.3650529869992,0.06550123369634939,0.0,0.0,0.03444131091237068,False,False,
s-009,after_one_actual_history_call,10,200,0,-29412.644326577,30606.353833117,51456.51933346,27340.311179742283,1709.1573420099448,31434.530250948,2021.8859243709994,0.02705897024999066,312.7285823610546,0.00024054791768720628,0.2305818423628807,False,False,0.2305818423628807
s-009,after_one_actual_history_call,10,200,1,-29412.644326577,30606.353833117,51456.51933346,27340.311179742283,1709.1573420099448,31434.530250948,2021.8859243709994,0.02705897024999066,312.7285823610546,0.00024054791768720628,0.22942061349749565,False,False,0.22942061349749565
s-009,after_one_actual_history_call,10,1000,0,-29412.644326577,30606.353833117,51456.51933346,27340.311179742283,1709.1573420099448,31434.530250948,2021.8859243709994,0.02705897024999066,312.7285823610546,0.00024054791768720628,1.0310592204332352,False,False,1.0310592204332352
s-009,after_one_actual_history_call,10,1000,1,-29412.644326577,30606.353833117,51456.51933346,27340.311179742283,1709.1573420099448,31434.530250948,2021.8859243709994,0.02705897024999066,312.7285823610546,0.00024054791768720628,1.029131155461073,False,False,1.029131155461073
s-009,after_one_actual_history_call,10,50,0,-29412.644326577,30606.353833117,51456.51933346,27340.311179742283,1709.1573420099448,31434.530250948,2021.8859243709994,0.02705897024999066,312.7285823610546,0.00024054791768720628,0.07936709001660347,False,False,0.07936709001660347
s-009,after_one_actual_history_call,10,50,1,-29412.644326577,30606.353833117,51456.51933346,27340.311179742283,1709.1573420099448,31434.530250948,2021.8859243709994,0.02705897024999066,312.7285823610546,0.00024054791768720628,0.07824753224849701,False,False,0.07824753224849701
s-009,after_one_actual_history_call,10,10,0,-29412.644326577,30606.353833117,51456.51933346,27340.311179742283,1709.1573420099448,31434.530250948,2021.8859243709994,0.02705897024999066,312.7285823610546,0.00024054791768720628,0.03932609036564827,False,False,0.03932609036564827
s-009,after_one_actual_history_call,10,10,1,-29412.644326577,30606.353833117,51456.51933346,27340.311179742283,1709.1573420099448,31434.530250948,2021.8859243709994,0.02705897024999066,312.7285823610546,0.00024054791768720628,0.04085805267095566,False,False,0.04085805267095566
s-010,after_common_greedy_prefix,0,200,0,-7720.9911862339995,8131.697207984,15778.278251039,6678.774386622324,1848.3343749840278,8230.822517597,509.8313313630006,0.012189990241603619,0.0,0.0,0.22907300293445587,False,False,
s-010,after_common_greedy_prefix,0,200,1,-7720.9911862339995,8131.697207984,15778.278251039,6678.774386622324,1848.3343749840278,8230.822517597,509.8313313630006,0.012189990241603619,0.0,0.0,0.22802293300628662,False,False,
s-010,after_common_greedy_prefix,0,1000,0,-7720.9911862339995,8131.697207984,15778.278251039,6678.774386622324,1848.3343749840278,8230.822517597,509.8313313630006,0.012189990241603619,0.0,0.0,1.0285181030631065,False,False,
s-010,after_common_greedy_prefix,0,1000,1,-7720.9911862339995,8131.697207984,15778.278251039,6678.774386622324,1848.3343749840278,8230.822517597,509.8313313630006,0.012189990241603619,0.0,0.0,1.0274574756622314,False,False,
s-010,after_common_greedy_prefix,0,50,0,-7720.9911862339995,8131.697207984,15778.278251039,6678.774386622324,1848.3343749840278,8230.822517597,509.8313313630006,0.012189990241603619,0.0,0.0,0.07791287824511528,False,False,
s-010,after_common_greedy_prefix,0,50,1,-7720.9911862339995,8131.697207984,15778.278251039,6678.774386622324,1848.3343749840278,8230.822517597,509.8313313630006,0.012189990241603619,0.0,0.0,0.07818920537829399,False,False,
s-010,after_common_greedy_prefix,0,10,0,-7720.9911862339995,8131.697207984,15778.278251039,6678.774386622324,1848.3343749840278,8230.822517597,509.8313313630006,0.012189990241603619,0.0,0.0,0.037661198526620865,False,False,
s-010,after_common_greedy_prefix,0,10,1,-7720.9911862339995,8131.697207984,15778.278251039,6678.774386622324,1848.3343749840278,8230.822517597,509.8313313630006,0.012189990241603619,0.0,0.0,0.039245493710041046,False,False,
s-010,after_common_greedy_prefix,1,200,0,-30619.104385547,30619.104385547,50547.18295313,25236.806021655906,1848.3343749840278,31067.187329821,448.0829442739996,0.014634097020992757,0.0,0.0,0.22980709373950958,False,False,
s-010,after_common_greedy_prefix,1,200,1,-30619.104385547,30619.104385547,50547.18295313,25236.806021655906,1848.3343749840278,31067.187329821,448.0829442739996,0.014634097020992757,0.0,0.0,0.2295878902077675,False,False,
s-010,after_common_greedy_prefix,1,1000,0,-30619.104385547,30619.104385547,50547.18295313,25236.806021655906,1848.3343749840278,31067.187329821,448.0829442739996,0.014634097020992757,0.0,0.0,1.0314165502786636,False,False,
s-010,after_common_greedy_prefix,1,1000,1,-30619.104385547,30619.104385547,50547.18295313,25236.806021655906,1848.3343749840278,31067.187329821,448.0829442739996,0.014634097020992757,0.0,0.0,1.0297171026468277,False,False,
s-010,after_common_greedy_prefix,1,50,0,-30619.104385547,30619.104385547,50547.18295313,25236.806021655906,1848.3343749840278,31067.187329821,448.0829442739996,0.014634097020992757,0.0,0.0,0.0802166722714901,False,False,
s-010,after_common_greedy_prefix,1,50,1,-30619.104385547,30619.104385547,50547.18295313,25236.806021655906,1848.3343749840278,31067.187329821,448.0829442739996,0.014634097020992757,0.0,0.0,0.07948974519968033,False,False,
s-010,after_common_greedy_prefix,1,10,0,-30619.104385547,30619.104385547,50547.18295313,25236.806021655906,1848.3343749840278,31067.187329821,448.0829442739996,0.014634097020992757,0.0,0.0,0.03839932754635811,False,False,
s-010,after_common_greedy_prefix,1,10,1,-30619.104385547,30619.104385547,50547.18295313,25236.806021655906,1848.3343749840278,31067.187329821,448.0829442739996,0.014634097020992757,0.0,0.0,0.03874674066901207,False,False,
s-010,after_common_greedy_prefix,2,200,0,324.0356123760001,0.0,0.0,0.0,1848.3343749840278,0.0,324.0356123760001,0.0,0.0,0.0,0.007419176399707794,False,True,
s-010,after_common_greedy_prefix,2,200,1,324.0356123760001,0.0,0.0,0.0,1848.3343749840278,0.0,324.0356123760001,0.0,0.0,0.0,0.007300645112991333,False,True,
s-010,after_common_greedy_prefix,2,1000,0,324.0356123760001,0.0,0.0,0.0,1848.3343749840278,0.0,324.0356123760001,0.0,0.0,0.0,0.007395308464765549,False,True,
s-010,after_common_greedy_prefix,2,1000,1,324.0356123760001,0.0,0.0,0.0,1848.3343749840278,0.0,324.0356123760001,0.0,0.0,0.0,0.007337234914302826,False,True,
s-010,after_common_greedy_prefix,2,50,0,324.0356123760001,0.0,0.0,0.0,1848.3343749840278,0.0,324.0356123760001,0.0,0.0,0.0,0.007240511476993561,False,True,
s-010,after_common_greedy_prefix,2,50,1,324.0356123760001,0.0,0.0,0.0,1848.3343749840278,0.0,324.0356123760001,0.0,0.0,0.0,0.007225017994642258,False,True,
s-010,after_common_greedy_prefix,2,10,0,324.0356123760001,0.0,0.0,0.0,1848.3343749840278,0.0,324.0356123760001,0.0,0.0,0.0,0.007182743400335312,False,True,
s-010,after_common_greedy_prefix,2,10,1,324.0356123760001,0.0,0.0,0.0,1848.3343749840278,0.0,324.0356123760001,0.0,0.0,0.0,0.007142063230276108,False,True,
s-010,after_common_greedy_prefix,3,200,0,-7034.677250574,8072.197333426,10944.193757898,6620.574734840867,1848.3343749840278,8261.880182996,1227.2029324219993,0.02349829194394757,0.0,0.0,0.22570154070854187,False,False,
s-010,after_common_greedy_prefix,3,200,1,-7034.677250574,8072.197333426,10944.193757898,6620.574734840867,1848.3343749840278,8261.880182996,1227.2029324219993,0.02349829194394757,0.0,0.0,0.2265029326081276,False,False,
s-010,after_common_greedy_prefix,3,1000,0,-7034.677250574,8072.197333426,10944.193757898,6620.574734840867,1848.3343749840278,8261.880182996,1227.2029324219993,0.02349829194394757,0.0,0.0,1.0266555771231651,False,False,
s-010,after_common_greedy_prefix,3,1000,1,-7034.677250574,8072.197333426,10944.193757898,6620.574734840867,1848.3343749840278,8261.880182996,1227.2029324219993,0.02349829194394757,0.0,0.0,1.0275290235877037,False,False,
s-010,after_common_greedy_prefix,3,50,0,-7034.677250574,8072.197333426,10944.193757898,6620.574734840867,1848.3343749840278,8261.880182996,1227.2029324219993,0.02349829194394757,0.0,0.0,0.07825634628534317,False,False,
s-010,after_common_greedy_prefix,3,50,1,-7034.677250574,8072.197333426,10944.193757898,6620.574734840867,1848.3343749840278,8261.880182996,1227.2029324219993,0.02349829194394757,0.0,0.0,0.07612937316298485,False,False,
s-010,after_common_greedy_prefix,3,10,0,-7034.677250574,8072.197333426,10944.193757898,6620.574734840867,1848.3343749840278,8261.880182996,1227.2029324219993,0.02349829194394757,0.0,0.0,0.03521312400698662,False,False,
s-010,after_common_greedy_prefix,3,10,1,-7034.677250574,8072.197333426,10944.193757898,6620.574734840867,1848.3343749840278,8261.880182996,1227.2029324219993,0.02349829194394757,0.0,0.0,0.03543008118867874,False,False,
s-010,after_common_greedy_prefix,4,200,0,-28764.767535596,29088.803147972,50811.591624613,23844.128386163153,1848.3343749840278,30296.689181810998,1531.9216462149998,0.04152408841624024,0.0,0.0,0.22868037596344948,False,False,
s-010,after_common_greedy_prefix,4,200,1,-28764.767535596,29088.803147972,50811.591624613,23844.128386163153,1848.3343749840278,30296.689181810998,1531.9216462149998,0.04152408841624024,0.0,0.0,0.22720932215452194,False,False,
s-010,after_common_greedy_prefix,4,1000,0,-28764.767535596,29088.803147972,50811.591624613,23844.128386163153,1848.3343749840278,30296.689181810998,1531.9216462149998,0.04152408841624024,0.0,0.0,1.0295128226280212,False,False,
s-010,after_common_greedy_prefix,4,1000,1,-28764.767535596,29088.803147972,50811.591624613,23844.128386163153,1848.3343749840278,30296.689181810998,1531.9216462149998,0.04152408841624024,0.0,0.0,1.0284946709871292,False,False,
s-010,after_common_greedy_prefix,4,50,0,-28764.767535596,29088.803147972,50811.591624613,23844.128386163153,1848.3343749840278,30296.689181810998,1531.9216462149998,0.04152408841624024,0.0,0.0,0.07768581062555313,False,False,
s-010,after_common_greedy_prefix,4,50,1,-28764.767535596,29088.803147972,50811.591624613,23844.128386163153,1848.3343749840278,30296.689181810998,1531.9216462149998,0.04152408841624024,0.0,0.0,0.07996965944766998,False,False,
s-010,after_common_greedy_prefix,4,10,0,-28764.767535596,29088.803147972,50811.591624613,23844.128386163153,1848.3343749840278,30242.269724967,1477.502189371,0.03965328415636151,0.0,0.0,0.037553444504737854,False,False,
s-010,after_common_greedy_prefix,4,10,1,-28764.767535596,29088.803147972,50811.591624613,23844.128386163153,1848.3343749840278,30242.269724967,1477.502189371,0.03965328415636151,0.0,0.0,0.03757666423916817,False,False,
s-010,after_common_greedy_prefix,5,200,0,577.773127391,0.0,0.0,0.0,1848.3343749840278,0.0,577.773127391,0.0,0.0,0.0,0.007357727736234665,False,True,
s-010,after_common_greedy_prefix,5,200,1,577.773127391,0.0,0.0,0.0,1848.3343749840278,0.0,577.773127391,0.0,0.0,0.0,0.007233060896396637,False,True,
s-010,after_common_greedy_prefix,5,1000,0,577.773127391,0.0,0.0,0.0,1848.3343749840278,0.0,577.773127391,0.0,0.0,0.0,0.00725916400551796,False,True,
s-010,after_common_greedy_prefix,5,1000,1,577.773127391,0.0,0.0,0.0,1848.3343749840278,0.0,577.773127391,0.0,0.0,0.0,0.00722750648856163,False,True,
s-010,after_common_greedy_prefix,5,50,0,577.773127391,0.0,0.0,0.0,1848.3343749840278,0.0,577.773127391,0.0,0.0,0.0,0.007253043353557587,False,True,
s-010,after_common_greedy_prefix,5,50,1,577.773127391,0.0,0.0,0.0,1848.3343749840278,0.0,577.773127391,0.0,0.0,0.0,0.007275376468896866,False,True,
s-010,after_common_greedy_prefix,5,10,0,577.773127391,0.0,0.0,0.0,1848.3343749840278,0.0,577.773127391,0.0,0.0,0.0,0.007273878902196884,False,True,
s-010,after_common_greedy_prefix,5,10,1,577.773127391,0.0,0.0,0.0,1848.3343749840278,0.0,577.773127391,0.0,0.0,0.0,0.007326643913984299,False,True,
s-010,after_common_greedy_prefix,6,200,0,-7152.596333139,8315.406660979,11575.742489856,6458.620219663833,1848.3343749840278,8567.934553959,1415.3382208199992,0.030368676274729278,0.0,0.0,0.2286861389875412,False,False,
s-010,after_common_greedy_prefix,6,200,1,-7152.596333139,8315.406660979,11575.742489856,6458.620219663833,1848.3343749840278,8567.934553959,1415.3382208199992,0.030368676274729278,0.0,0.0,0.22702844813466072,False,False,
s-010,after_common_greedy_prefix,6,1000,0,-7152.596333139,8315.406660979,11575.742489856,6458.620219663833,1848.3343749840278,8567.934553959,1415.3382208199992,0.030368676274729278,0.0,0.0,1.028218436986208,False,False,
s-010,after_common_greedy_prefix,6,1000,1,-7152.596333139,8315.406660979,11575.742489856,6458.620219663833,1848.3343749840278,8567.934553959,1415.3382208199992,0.030368676274729278,0.0,0.0,1.0287978947162628,False,False,
s-010,after_common_greedy_prefix,6,50,0,-7152.596333139,8315.406660979,11575.742489856,6458.620219663833,1848.3343749840278,8567.934553959,1415.3382208199992,0.030368676274729278,0.0,0.0,0.07595940679311752,False,False,
s-010,after_common_greedy_prefix,6,50,1,-7152.596333139,8315.406660979,11575.742489856,6458.620219663833,1848.3343749840278,8567.934553959,1415.3382208199992,0.030368676274729278,0.0,0.0,0.07423041388392448,False,False,
s-010,after_common_greedy_prefix,6,10,0,-7152.596333139,8315.406660979,11575.742489856,6458.620219663833,1848.3343749840278,8567.934553959,1415.3382208199992,0.030368676274729278,0.0,0.0,0.03307010233402252,False,False,
s-010,after_common_greedy_prefix,6,10,1,-7152.596333139,8315.406660979,11575.742489856,6458.620219663833,1848.3343749840278,8567.934553959,1415.3382208199992,0.030368676274729278,0.0,0.0,0.03307676315307617,False,False,
s-010,after_common_greedy_prefix,7,200,0,-28670.392571852,30518.726946836,50456.648332034,24695.065661053,1848.3343749840278,31306.319196258,2635.926624405998,0.025806851340620954,787.5922494219703,0.0006058086349341352,0.23196610808372498,False,False,0.23196610808372498
s-010,after_common_greedy_prefix,7,200,1,-28670.392571852,30518.726946836,50456.648332034,24695.065661053,1848.3343749840278,31306.319196258,2635.926624405998,0.025806851340620954,787.5922494219703,0.0006058086349341352,0.2296273298561573,False,False,0.2296273298561573
s-010,after_common_greedy_prefix,7,1000,0,-28670.392571852,30518.726946836,50456.648332034,24695.065661053,1848.3343749840278,31306.319196258,2635.926624405998,0.025806851340620954,787.5922494219703,0.0006058086349341352,1.0286621525883675,False,False,1.0286621525883675
s-010,after_common_greedy_prefix,7,1000,1,-28670.392571852,30518.726946836,50456.648332034,24695.065661053,1848.3343749840278,31306.319196258,2635.926624405998,0.025806851340620954,787.5922494219703,0.0006058086349341352,1.0286355391144753,False,False,1.0286355391144753
s-010,after_common_greedy_prefix,7,50,0,-28670.392571852,30518.726946836,50456.648332034,24695.065661053,1848.3343749840278,31306.319196258,2635.926624405998,0.025806851340620954,787.5922494219703,0.0006058086349341352,0.0779971182346344,False,False,0.0779971182346344
s-010,after_common_greedy_prefix,7,50,1,-28670.392571852,30518.726946836,50456.648332034,24695.065661053,1848.3343749840278,31306.319196258,2635.926624405998,0.025806851340620954,787.5922494219703,0.0006058086349341352,0.07976600155234337,False,False,0.07976600155234337
s-010,after_common_greedy_prefix,7,10,0,-28670.392571852,30518.726946836,50456.648332034,24695.065661053,1848.3343749840278,31306.319196258,2635.926624405998,0.025806851340620954,787.5922494219703,0.0006058086349341352,0.038258958607912064,False,False,0.038258958607912064
s-010,after_common_greedy_prefix,7,10,1,-28670.392571852,30518.726946836,50456.648332034,24695.065661053,1848.3343749840278,31306.319196258,2635.926624405998,0.025806851340620954,787.5922494219703,0.0006058086349341352,0.03687037155032158,False,False,0.03687037155032158
s-010,after_common_greedy_prefix,8,200,0,1022.1020608320005,0.0,0.0,0.0,1848.3343749840278,0.0,1022.1020608320005,0.0,0.0,0.0,0.007679332047700882,False,True,
s-010,after_common_greedy_prefix,8,200,1,1022.1020608320005,0.0,0.0,0.0,1848.3343749840278,0.0,1022.1020608320005,0.0,0.0,0.0,0.007372543215751648,False,True,
s-010,after_common_greedy_prefix,8,1000,0,1022.1020608320005,0.0,0.0,0.0,1848.3343749840278,0.0,1022.1020608320005,0.0,0.0,0.0,0.0073005929589271545,False,True,
s-010,after_common_greedy_prefix,8,1000,1,1022.1020608320005,0.0,0.0,0.0,1848.3343749840278,0.0,1022.1020608320005,0.0,0.0,0.0,0.007254984229803085,False,True,
s-010,after_common_greedy_prefix,8,50,0,1022.1020608320005,0.0,0.0,0.0,1848.3343749840278,0.0,1022.1020608320005,0.0,0.0,0.0,0.007214237004518509,False,True,
s-010,after_common_greedy_prefix,8,50,1,1022.1020608320005,0.0,0.0,0.0,1848.3343749840278,0.0,1022.1020608320005,0.0,0.0,0.0,0.007240951061248779,False,True,
s-010,after_common_greedy_prefix,8,10,0,1022.1020608320005,0.0,0.0,0.0,1848.3343749840278,0.0,1022.1020608320005,0.0,0.0,0.0,0.007220558822154999,False,True,
s-010,after_common_greedy_prefix,8,10,1,1022.1020608320005,0.0,0.0,0.0,1848.3343749840278,0.0,1022.1020608320005,0.0,0.0,0.0,0.007231317460536957,False,True,
s-010,after_common_greedy_prefix,9,200,0,-6694.824871937,7834.049986002,12785.564994182,6523.83668467145,1848.3343749840278,8347.189924924,1652.3650529869992,0.06550123369634939,0.0,0.0,0.22711079940199852,False,False,
s-010,after_common_greedy_prefix,9,200,1,-6694.824871937,7834.049986002,12785.564994182,6523.83668467145,1848.3343749840278,8347.189924924,1652.3650529869992,0.06550123369634939,0.0,0.0,0.2275412455201149,False,False,
s-010,after_common_greedy_prefix,9,1000,0,-6694.824871937,7834.049986002,12785.564994182,6523.83668467145,1848.3343749840278,8347.189924924,1652.3650529869992,0.06550123369634939,0.0,0.0,1.0275290235877037,False,False,
s-010,after_common_greedy_prefix,9,1000,1,-6694.824871937,7834.049986002,12785.564994182,6523.83668467145,1848.3343749840278,8347.189924924,1652.3650529869992,0.06550123369634939,0.0,0.0,1.0285786353051662,False,False,
s-010,after_common_greedy_prefix,9,50,0,-6694.824871937,7834.049986002,12785.564994182,6523.83668467145,1848.3343749840278,8347.189924924,1652.3650529869992,0.06550123369634939,0.0,0.0,0.07666295766830444,False,False,
s-010,after_common_greedy_prefix,9,50,1,-6694.824871937,7834.049986002,12785.564994182,6523.83668467145,1848.3343749840278,8347.189924924,1652.3650529869992,0.06550123369634939,0.0,0.0,0.07619554549455643,False,False,
s-010,after_common_greedy_prefix,9,10,0,-6694.824871937,7834.049986002,12785.564994182,6523.83668467145,1848.3343749840278,8347.189924924,1652.3650529869992,0.06550123369634939,0.0,0.0,0.03533332794904709,False,False,
s-010,after_common_greedy_prefix,9,10,1,-6694.824871937,7834.049986002,12785.564994182,6523.83668467145,1848.3343749840278,8347.189924924,1652.3650529869992,0.06550123369634939,0.0,0.0,0.03351259604096413,False,False,
s-010,after_common_greedy_prefix,10,200,0,-29618.132494881,30811.842001421,51662.007501764,27545.799348046283,1848.3343749840278,31640.018419252,2021.8859243709994,0.02687851046986435,173.5515493869716,0.0001334942380425773,0.2282652035355568,False,False,0.2282652035355568
s-010,after_common_greedy_prefix,10,200,1,-29618.132494881,30811.842001421,51662.007501764,27545.799348046283,1848.3343749840278,31640.018419252,2021.8859243709994,0.02687851046986435,173.5515493869716,0.0001334942380425773,0.23033612966537476,False,False,0.23033612966537476
s-010,after_common_greedy_prefix,10,1000,0,-29618.132494881,30811.842001421,51662.007501764,27545.799348046283,1848.3343749840278,31640.018419252,2021.8859243709994,0.02687851046986435,173.5515493869716,0.0001334942380425773,1.0286876559257507,False,False,1.0286876559257507
s-010,after_common_greedy_prefix,10,1000,1,-29618.132494881,30811.842001421,51662.007501764,27545.799348046283,1848.3343749840278,31640.018419252,2021.8859243709994,0.02687851046986435,173.5515493869716,0.0001334942380425773,1.0311122834682465,False,False,1.0311122834682465
s-010,after_common_greedy_prefix,10,50,0,-29618.132494881,30811.842001421,51662.007501764,27545.799348046283,1848.3343749840278,31640.018419252,2021.8859243709994,0.02687851046986435,173.5515493869716,0.0001334942380425773,0.08031998202204704,False,False,0.08031998202204704
s-010,after_common_greedy_prefix,10,50,1,-29618.132494881,30811.842001421,51662.007501764,27545.799348046283,1848.3343749840278,31640.018419252,2021.8859243709994,0.02687851046986435,173.5515493869716,0.0001334942380425773,0.0798291563987732,False,False,0.0798291563987732
s-010,after_common_greedy_prefix,10,10,0,-29618.132494881,30811.842001421,51662.007501764,27545.799348046283,1848.3343749840278,31640.018419252,2021.8859243709994,0.02687851046986435,173.5515493869716,0.0001334942380425773,0.03849752992391586,False,False,0.03849752992391586
s-010,after_common_greedy_prefix,10,10,1,-29618.132494881,30811.842001421,51662.007501764,27545.799348046283,1848.3343749840278,31640.018419252,2021.8859243709994,0.02687851046986435,173.5515493869716,0.0001334942380425773,0.037655070424079895,False,False,0.037655070424079895
s-011,after_one_actual_history_call,0,200,0,-7720.9911862339995,8131.697207984,15778.278251039,6678.774386622324,1848.3343749840278,8230.822517597,509.8313313630006,0.012189990241603619,0.0,0.0,0.2287830114364624,False,False,
s-011,after_one_actual_history_call,0,200,1,-7720.9911862339995,8131.697207984,15778.278251039,6678.774386622324,1848.3343749840278,8230.822517597,509.8313313630006,0.012189990241603619,0.0,0.0,0.22686654329299927,False,False,
s-011,after_one_actual_history_call,0,1000,0,-7720.9911862339995,8131.697207984,15778.278251039,6678.774386622324,1848.3343749840278,8230.822517597,509.8313313630006,0.012189990241603619,0.0,0.0,1.0297495126724243,False,False,
s-011,after_one_actual_history_call,0,1000,1,-7720.9911862339995,8131.697207984,15778.278251039,6678.774386622324,1848.3343749840278,8230.822517597,509.8313313630006,0.012189990241603619,0.0,0.0,1.0284100621938705,False,False,
s-011,after_one_actual_history_call,0,50,0,-7720.9911862339995,8131.697207984,15778.278251039,6678.774386622324,1848.3343749840278,8230.822517597,509.8313313630006,0.012189990241603619,0.0,0.0,0.0783853679895401,False,False,
s-011,after_one_actual_history_call,0,50,1,-7720.9911862339995,8131.697207984,15778.278251039,6678.774386622324,1848.3343749840278,8230.822517597,509.8313313630006,0.012189990241603619,0.0,0.0,0.07949846982955933,False,False,
s-011,after_one_actual_history_call,0,10,0,-7720.9911862339995,8131.697207984,15778.278251039,6678.774386622324,1848.3343749840278,8230.822517597,509.8313313630006,0.012189990241603619,0.0,0.0,0.037768878042697906,False,False,
s-011,after_one_actual_history_call,0,10,1,-7720.9911862339995,8131.697207984,15778.278251039,6678.774386622324,1848.3343749840278,8230.822517597,509.8313313630006,0.012189990241603619,0.0,0.0,0.03743305802345276,False,False,
s-011,after_one_actual_history_call,1,200,0,-30619.104385547,30619.104385547,50547.18295313,25236.806021655906,1848.3343749840278,31067.187329821,448.0829442739996,0.014634097020992757,0.0,0.0,0.231451615691185,False,False,
s-011,after_one_actual_history_call,1,200,1,-30619.104385547,30619.104385547,50547.18295313,25236.806021655906,1848.3343749840278,31067.187329821,448.0829442739996,0.014634097020992757,0.0,0.0,0.22975845634937286,False,False,
s-011,after_one_actual_history_call,1,1000,0,-30619.104385547,30619.104385547,50547.18295313,25236.806021655906,1848.3343749840278,31067.187329821,448.0829442739996,0.014634097020992757,0.0,0.0,1.0303038470447063,False,False,
s-011,after_one_actual_history_call,1,1000,1,-30619.104385547,30619.104385547,50547.18295313,25236.806021655906,1848.3343749840278,31067.187329821,448.0829442739996,0.014634097020992757,0.0,0.0,1.031515259295702,False,False,
s-011,after_one_actual_history_call,1,50,0,-30619.104385547,30619.104385547,50547.18295313,25236.806021655906,1848.3343749840278,31067.187329821,448.0829442739996,0.014634097020992757,0.0,0.0,0.07854107767343521,False,False,
s-011,after_one_actual_history_call,1,50,1,-30619.104385547,30619.104385547,50547.18295313,25236.806021655906,1848.3343749840278,31067.187329821,448.0829442739996,0.014634097020992757,0.0,0.0,0.07749268040060997,False,False,
s-011,after_one_actual_history_call,1,10,0,-30619.104385547,30619.104385547,50547.18295313,25236.806021655906,1848.3343749840278,31067.187329821,448.0829442739996,0.014634097020992757,0.0,0.0,0.03774721547961235,False,False,
s-011,after_one_actual_history_call,1,10,1,-30619.104385547,30619.104385547,50547.18295313,25236.806021655906,1848.3343749840278,31067.187329821,448.0829442739996,0.014634097020992757,0.0,0.0,0.038612138479948044,False,False,
s-011,after_one_actual_history_call,2,200,0,324.0356123760001,0.0,0.0,0.0,1848.3343749840278,0.0,324.0356123760001,0.0,0.0,0.0,0.007508900016546249,False,True,
s-011,after_one_actual_history_call,2,200,1,324.0356123760001,0.0,0.0,0.0,1848.3343749840278,0.0,324.0356123760001,0.0,0.0,0.0,0.00727255642414093,False,True,
s-011,after_one_actual_history_call,2,1000,0,324.0356123760001,0.0,0.0,0.0,1848.3343749840278,0.0,324.0356123760001,0.0,0.0,0.0,0.0072107575833797455,False,True,
s-011,after_one_actual_history_call,2,1000,1,324.0356123760001,0.0,0.0,0.0,1848.3343749840278,0.0,324.0356123760001,0.0,0.0,0.0,0.007217533886432648,False,True,
s-011,after_one_actual_history_call,2,50,0,324.0356123760001,0.0,0.0,0.0,1848.3343749840278,0.0,324.0356123760001,0.0,0.0,0.0,0.007353994995355606,False,True,
s-011,after_one_actual_history_call,2,50,1,324.0356123760001,0.0,0.0,0.0,1848.3343749840278,0.0,324.0356123760001,0.0,0.0,0.0,0.007488097995519638,False,True,
s-011,after_one_actual_history_call,2,10,0,324.0356123760001,0.0,0.0,0.0,1848.3343749840278,0.0,324.0356123760001,0.0,0.0,0.0,0.007825661450624466,False,True,
s-011,after_one_actual_history_call,2,10,1,324.0356123760001,0.0,0.0,0.0,1848.3343749840278,0.0,324.0356123760001,0.0,0.0,0.0,0.007621560245752335,False,True,
s-011,after_one_actual_history_call,3,200,0,-7034.677250574,8072.197333426,10944.193757898,6620.574734840867,1848.3343749840278,8261.880182996,1227.2029324219993,0.02349829194394757,0.0,0.0,0.22738828510046005,False,False,
s-011,after_one_actual_history_call,3,200,1,-7034.677250574,8072.197333426,10944.193757898,6620.574734840867,1848.3343749840278,8261.880182996,1227.2029324219993,0.02349829194394757,0.0,0.0,0.22786977142095566,False,False,
s-011,after_one_actual_history_call,3,1000,0,-7034.677250574,8072.197333426,10944.193757898,6620.574734840867,1848.3343749840278,8261.880182996,1227.2029324219993,0.02349829194394757,0.0,0.0,1.0276700630784035,False,False,
s-011,after_one_actual_history_call,3,1000,1,-7034.677250574,8072.197333426,10944.193757898,6620.574734840867,1848.3343749840278,8261.880182996,1227.2029324219993,0.02349829194394757,0.0,0.0,1.0270039848983288,False,False,
s-011,after_one_actual_history_call,3,50,0,-7034.677250574,8072.197333426,10944.193757898,6620.574734840867,1848.3343749840278,8261.880182996,1227.2029324219993,0.02349829194394757,0.0,0.0,0.07604387030005455,False,False,
s-011,after_one_actual_history_call,3,50,1,-7034.677250574,8072.197333426,10944.193757898,6620.574734840867,1848.3343749840278,8261.880182996,1227.2029324219993,0.02349829194394757,0.0,0.0,0.07674267888069153,False,False,
s-011,after_one_actual_history_call,3,10,0,-7034.677250574,8072.197333426,10944.193757898,6620.574734840867,1848.3343749840278,8261.880182996,1227.2029324219993,0.02349829194394757,0.0,0.0,0.034751277416944504,False,False,
s-011,after_one_actual_history_call,3,10,1,-7034.677250574,8072.197333426,10944.193757898,6620.574734840867,1848.3343749840278,8261.880182996,1227.2029324219993,0.02349829194394757,0.0,0.0,0.03674064949154854,False,False,
s-011,after_one_actual_history_call,4,200,0,-28764.767535596,29088.803147972,50811.591624613,23844.128386163153,1848.3343749840278,30296.689181810998,1531.9216462149998,0.04152408841624024,0.0,0.0,0.22892095148563385,False,False,
s-011,after_one_actual_history_call,4,200,1,-28764.767535596,29088.803147972,50811.591624613,23844.128386163153,1848.3343749840278,30296.689181810998,1531.9216462149998,0.04152408841624024,0.0,0.0,0.2289416864514351,False,False,
s-011,after_one_actual_history_call,4,1000,0,-28764.767535596,29088.803147972,50811.591624613,23844.128386163153,1848.3343749840278,30296.689181810998,1531.9216462149998,0.04152408841624024,0.0,0.0,1.0299443192780018,False,False,
s-011,after_one_actual_history_call,4,1000,1,-28764.767535596,29088.803147972,50811.591624613,23844.128386163153,1848.3343749840278,30296.689181810998,1531.9216462149998,0.04152408841624024,0.0,0.0,1.0299984142184258,False,False,
s-011,after_one_actual_history_call,4,50,0,-28764.767535596,29088.803147972,50811.591624613,23844.128386163153,1848.3343749840278,30296.689181810998,1531.9216462149998,0.04152408841624024,0.0,0.0,0.0777498111128807,False,False,
s-011,after_one_actual_history_call,4,50,1,-28764.767535596,29088.803147972,50811.591624613,23844.128386163153,1848.3343749840278,30296.689181810998,1531.9216462149998,0.04152408841624024,0.0,0.0,0.07839149609208107,False,False,
s-011,after_one_actual_history_call,4,10,0,-28764.767535596,29088.803147972,50811.591624613,23844.128386163153,1848.3343749840278,30242.269724967,1477.502189371,0.03965328415636151,0.0,0.0,0.039208944886922836,False,False,
s-011,after_one_actual_history_call,4,10,1,-28764.767535596,29088.803147972,50811.591624613,23844.128386163153,1848.3343749840278,30242.269724967,1477.502189371,0.03965328415636151,0.0,0.0,0.0391838438808918,False,False,
s-011,after_one_actual_history_call,5,200,0,577.773127391,0.0,0.0,0.0,1848.3343749840278,0.0,577.773127391,0.0,0.0,0.0,0.004740286618471146,False,True,
s-011,after_one_actual_history_call,5,200,1,577.773127391,0.0,0.0,0.0,1848.3343749840278,0.0,577.773127391,0.0,0.0,0.0,0.004685398191213608,False,True,
s-011,after_one_actual_history_call,5,1000,0,577.773127391,0.0,0.0,0.0,1848.3343749840278,0.0,577.773127391,0.0,0.0,0.0,0.007219474762678146,False,True,
s-011,after_one_actual_history_call,5,1000,1,577.773127391,0.0,0.0,0.0,1848.3343749840278,0.0,577.773127391,0.0,0.0,0.0,0.0072127096354961395,False,True,
s-011,after_one_actual_history_call,5,50,0,577.773127391,0.0,0.0,0.0,1848.3343749840278,0.0,577.773127391,0.0,0.0,0.0,0.007167879492044449,False,True,
s-011,after_one_actual_history_call,5,50,1,577.773127391,0.0,0.0,0.0,1848.3343749840278,0.0,577.773127391,0.0,0.0,0.0,0.007158052176237106,False,True,
s-011,after_one_actual_history_call,5,10,0,577.773127391,0.0,0.0,0.0,1848.3343749840278,0.0,577.773127391,0.0,0.0,0.0,0.007157757878303528,False,True,
s-011,after_one_actual_history_call,5,10,1,577.773127391,0.0,0.0,0.0,1848.3343749840278,0.0,577.773127391,0.0,0.0,0.0,0.007180523127317429,False,True,
s-011,after_one_actual_history_call,6,200,0,-7152.596333139,8315.406660979,11575.742489856,6458.620219663833,1848.3343749840278,8567.934553959,1415.3382208199992,0.030368676274729278,0.0,0.0,0.22557935863733292,False,False,
s-011,after_one_actual_history_call,6,200,1,-7152.596333139,8315.406660979,11575.742489856,6458.620219663833,1848.3343749840278,8567.934553959,1415.3382208199992,0.030368676274729278,0.0,0.0,0.2266259901225567,False,False,
s-011,after_one_actual_history_call,6,1000,0,-7152.596333139,8315.406660979,11575.742489856,6458.620219663833,1848.3343749840278,8567.934553959,1415.3382208199992,0.030368676274729278,0.0,0.0,1.0282757505774498,False,False,
s-011,after_one_actual_history_call,6,1000,1,-7152.596333139,8315.406660979,11575.742489856,6458.620219663833,1848.3343749840278,8567.934553959,1415.3382208199992,0.030368676274729278,0.0,0.0,1.028778225183487,False,False,
s-011,after_one_actual_history_call,6,50,0,-7152.596333139,8315.406660979,11575.742489856,6458.620219663833,1848.3343749840278,8567.934553959,1415.3382208199992,0.030368676274729278,0.0,0.0,0.07599828392267227,False,False,
s-011,after_one_actual_history_call,6,50,1,-7152.596333139,8315.406660979,11575.742489856,6458.620219663833,1848.3343749840278,8567.934553959,1415.3382208199992,0.030368676274729278,0.0,0.0,0.07615206390619278,False,False,
s-011,after_one_actual_history_call,6,10,0,-7152.596333139,8315.406660979,11575.742489856,6458.620219663833,1848.3343749840278,8567.934553959,1415.3382208199992,0.030368676274729278,0.0,0.0,0.03464014455676079,False,False,
s-011,after_one_actual_history_call,6,10,1,-7152.596333139,8315.406660979,11575.742489856,6458.620219663833,1848.3343749840278,8567.934553959,1415.3382208199992,0.030368676274729278,0.0,0.0,0.032859060913324356,False,False,
s-011,after_one_actual_history_call,7,200,0,-28670.392571852,30518.726946836,50456.648332034,24695.065661053,1848.3343749840278,31306.319196258,2635.926624405998,0.025806851340620954,787.5922494219703,0.0006058086349341352,0.27537835389375687,False,False,0.27537835389375687
s-011,after_one_actual_history_call,7,200,1,-28670.392571852,30518.726946836,50456.648332034,24695.065661053,1848.3343749840278,31306.319196258,2635.926624405998,0.025806851340620954,787.5922494219703,0.0006058086349341352,0.2297082059085369,False,False,0.2297082059085369
s-011,after_one_actual_history_call,7,1000,0,-28670.392571852,30518.726946836,50456.648332034,24695.065661053,1848.3343749840278,31306.319196258,2635.926624405998,0.025806851340620954,787.5922494219703,0.0006058086349341352,1.030415628105402,False,False,1.030415628105402
s-011,after_one_actual_history_call,7,1000,1,-28670.392571852,30518.726946836,50456.648332034,24695.065661053,1848.3343749840278,31306.319196258,2635.926624405998,0.025806851340620954,787.5922494219703,0.0006058086349341352,1.0293530598282814,False,False,1.0293530598282814
s-011,after_one_actual_history_call,7,50,0,-28670.392571852,30518.726946836,50456.648332034,24695.065661053,1848.3343749840278,31306.319196258,2635.926624405998,0.025806851340620954,787.5922494219703,0.0006058086349341352,0.07962736114859581,False,False,0.07962736114859581
s-011,after_one_actual_history_call,7,50,1,-28670.392571852,30518.726946836,50456.648332034,24695.065661053,1848.3343749840278,31306.319196258,2635.926624405998,0.025806851340620954,787.5922494219703,0.0006058086349341352,0.08040885627269745,False,False,0.08040885627269745
s-011,after_one_actual_history_call,7,10,0,-28670.392571852,30518.726946836,50456.648332034,24695.065661053,1848.3343749840278,31306.319196258,2635.926624405998,0.025806851340620954,787.5922494219703,0.0006058086349341352,0.03683726117014885,False,False,0.03683726117014885
s-011,after_one_actual_history_call,7,10,1,-28670.392571852,30518.726946836,50456.648332034,24695.065661053,1848.3343749840278,31306.319196258,2635.926624405998,0.025806851340620954,787.5922494219703,0.0006058086349341352,0.035517677664756775,False,False,0.035517677664756775
s-011,after_one_actual_history_call,8,200,0,1022.1020608320005,0.0,0.0,0.0,1848.3343749840278,0.0,1022.1020608320005,0.0,0.0,0.0,0.007435891777276993,False,True,
s-011,after_one_actual_history_call,8,200,1,1022.1020608320005,0.0,0.0,0.0,1848.3343749840278,0.0,1022.1020608320005,0.0,0.0,0.0,0.007340144366025925,False,True,
s-011,after_one_actual_history_call,8,1000,0,1022.1020608320005,0.0,0.0,0.0,1848.3343749840278,0.0,1022.1020608320005,0.0,0.0,0.0,0.0073423832654953,False,True,
s-011,after_one_actual_history_call,8,1000,1,1022.1020608320005,0.0,0.0,0.0,1848.3343749840278,0.0,1022.1020608320005,0.0,0.0,0.0,0.007336601614952087,False,True,
s-011,after_one_actual_history_call,8,50,0,1022.1020608320005,0.0,0.0,0.0,1848.3343749840278,0.0,1022.1020608320005,0.0,0.0,0.0,0.007321123033761978,False,True,
s-011,after_one_actual_history_call,8,50,1,1022.1020608320005,0.0,0.0,0.0,1848.3343749840278,0.0,1022.1020608320005,0.0,0.0,0.0,0.007306303828954697,False,True,
s-011,after_one_actual_history_call,8,10,0,1022.1020608320005,0.0,0.0,0.0,1848.3343749840278,0.0,1022.1020608320005,0.0,0.0,0.0,0.007410798221826553,False,True,
s-011,after_one_actual_history_call,8,10,1,1022.1020608320005,0.0,0.0,0.0,1848.3343749840278,0.0,1022.1020608320005,0.0,0.0,0.0,0.007624782621860504,False,True,
s-011,after_one_actual_history_call,9,200,0,-6694.824871937,7834.049986002,12785.564994182,6523.83668467145,1848.3343749840278,8347.189924924,1652.3650529869992,0.06550123369634939,0.0,0.0,0.22685034573078156,False,False,
s-011,after_one_actual_history_call,9,200,1,-6694.824871937,7834.049986002,12785.564994182,6523.83668467145,1848.3343749840278,8347.189924924,1652.3650529869992,0.06550123369634939,0.0,0.0,0.2279374711215496,False,False,
s-011,after_one_actual_history_call,9,1000,0,-6694.824871937,7834.049986002,12785.564994182,6523.83668467145,1848.3343749840278,8347.189924924,1652.3650529869992,0.06550123369634939,0.0,0.0,1.0297805182635784,False,False,
s-011,after_one_actual_history_call,9,1000,1,-6694.824871937,7834.049986002,12785.564994182,6523.83668467145,1848.3343749840278,8347.189924924,1652.3650529869992,0.06550123369634939,0.0,0.0,1.0289327129721642,False,False,
s-011,after_one_actual_history_call,9,50,0,-6694.824871937,7834.049986002,12785.564994182,6523.83668467145,1848.3343749840278,8347.189924924,1652.3650529869992,0.06550123369634939,0.0,0.0,0.07660914957523346,False,False,
s-011,after_one_actual_history_call,9,50,1,-6694.824871937,7834.049986002,12785.564994182,6523.83668467145,1848.3343749840278,8347.189924924,1652.3650529869992,0.06550123369634939,0.0,0.0,0.07516997680068016,False,False,
s-011,after_one_actual_history_call,9,10,0,-6694.824871937,7834.049986002,12785.564994182,6523.83668467145,1848.3343749840278,8347.189924924,1652.3650529869992,0.06550123369634939,0.0,0.0,0.035959627479314804,False,False,
s-011,after_one_actual_history_call,9,10,1,-6694.824871937,7834.049986002,12785.564994182,6523.83668467145,1848.3343749840278,8347.189924924,1652.3650529869992,0.06550123369634939,0.0,0.0,0.03323455899953842,False,False,
s-011,after_one_actual_history_call,10,200,0,-29618.132494881,30811.842001421,51662.007501764,27545.799348046283,1848.3343749840278,31640.018419252,2021.8859243709994,0.02687851046986435,173.5515493869716,0.0001334942380425773,0.22851412743330002,False,False,0.22851412743330002
s-011,after_one_actual_history_call,10,200,1,-29618.132494881,30811.842001421,51662.007501764,27545.799348046283,1848.3343749840278,31640.018419252,2021.8859243709994,0.02687851046986435,173.5515493869716,0.0001334942380425773,0.23266632482409477,False,False,0.23266632482409477
s-011,after_one_actual_history_call,10,1000,0,-29618.132494881,30811.842001421,51662.007501764,27545.799348046283,1848.3343749840278,31640.018419252,2021.8859243709994,0.02687851046986435,173.5515493869716,0.0001334942380425773,1.0317693762481213,False,False,1.0317693762481213
s-011,after_one_actual_history_call,10,1000,1,-29618.132494881,30811.842001421,51662.007501764,27545.799348046283,1848.3343749840278,31640.018419252,2021.8859243709994,0.02687851046986435,173.5515493869716,0.0001334942380425773,1.0297661200165749,False,False,1.0297661200165749
s-011,after_one_actual_history_call,10,50,0,-29618.132494881,30811.842001421,51662.007501764,27545.799348046283,1848.3343749840278,31640.018419252,2021.8859243709994,0.02687851046986435,173.5515493869716,0.0001334942380425773,0.07795015349984169,False,False,0.07795015349984169
s-011,after_one_actual_history_call,10,50,1,-29618.132494881,30811.842001421,51662.007501764,27545.799348046283,1848.3343749840278,31640.018419252,2021.8859243709994,0.02687851046986435,173.5515493869716,0.0001334942380425773,0.07808718085289001,False,False,0.07808718085289001
s-011,after_one_actual_history_call,10,10,0,-29618.132494881,30811.842001421,51662.007501764,27545.799348046283,1848.3343749840278,31640.018419252,2021.8859243709994,0.02687851046986435,173.5515493869716,0.0001334942380425773,0.04058459773659706,False,False,0.04058459773659706
s-011,after_one_actual_history_call,10,10,1,-29618.132494881,30811.842001421,51662.007501764,27545.799348046283,1848.3343749840278,31640.018419252,2021.8859243709994,0.02687851046986435,173.5515493869716,0.0001334942380425773,0.03849133104085922,False,False,0.03849133104085922
