snapshot_id,state_kind,action_index,workpoint_ms,repeat,q_seconds,L_seconds,U_seconds,P1_recovery_seconds,snapshot_best_gain_seconds,recovery_value_seconds,q_plus_recovery_seconds,local_delta,beyond_snapshot_gain_seconds,beyond_snapshot_global_fraction,complete_conditional_return_seconds,failed,zero_extra_gain,earliest_verified_more_than_snapshot_gain_seconds
s-000,after_common_greedy_prefix,0,200,0,-8853.895905265,8853.895905265,18372.481271334,6763.204790112283,4826.464897262864,9049.129915594,195.23401032899892,0.022050633124442127,0.0,0.0,0.22610635310411453,False,False,
s-000,after_common_greedy_prefix,0,200,1,-8853.895905265,8853.895905265,18372.481271334,6763.204790112283,4826.464897262864,9049.129915594,195.23401032899892,0.022050633124442127,0.0,0.0,0.22615642473101616,False,False,
s-000,after_common_greedy_prefix,0,1000,0,-8853.895905265,8853.895905265,18372.481271334,6763.204790112283,4826.464897262864,9049.129915594,195.23401032899892,0.022050633124442127,0.0,0.0,1.0258367881178856,False,False,
s-000,after_common_greedy_prefix,0,1000,1,-8853.895905265,8853.895905265,18372.481271334,6763.204790112283,4826.464897262864,9049.129915594,195.23401032899892,0.022050633124442127,0.0,0.0,1.0270946808159351,False,False,
s-000,after_common_greedy_prefix,0,50,0,-8853.895905265,8853.895905265,18372.481271334,6763.204790112283,4826.464897262864,9049.129915594,195.23401032899892,0.022050633124442127,0.0,0.0,0.07791754975914955,False,False,
s-000,after_common_greedy_prefix,0,50,1,-8853.895905265,8853.895905265,18372.481271334,6763.204790112283,4826.464897262864,9049.129915594,195.23401032899892,0.022050633124442127,0.0,0.0,0.0761849507689476,False,False,
s-000,after_common_greedy_prefix,0,10,0,-8853.895905265,8853.895905265,18372.481271334,6763.204790112283,4826.464897262864,9049.129915594,195.23401032899892,0.022050633124442127,0.0,0.0,0.03544951230287552,False,False,
s-000,after_common_greedy_prefix,0,10,1,-8853.895905265,8853.895905265,18372.481271334,6763.204790112283,4826.464897262864,9049.129915594,195.23401032899892,0.022050633124442127,0.0,0.0,0.039153631776571274,False,False,
s-000,after_common_greedy_prefix,1,200,0,-31925.009666413,31925.009666413,38218.119215372,23200.439693078926,4826.464897262864,32351.675007096,426.665340683001,0.013364611166645259,0.0,0.0,0.22818303853273392,False,False,
s-000,after_common_greedy_prefix,1,200,1,-31925.009666413,31925.009666413,38218.119215372,23200.439693078926,4826.464897262864,32351.675007096,426.665340683001,0.013364611166645259,0.0,0.0,0.22908639535307884,False,False,
s-000,after_common_greedy_prefix,1,1000,0,-31925.009666413,31925.009666413,38218.119215372,23200.439693078926,4826.464897262864,32351.675007096,426.665340683001,0.013364611166645259,0.0,0.0,1.0282994955778122,False,False,
s-000,after_common_greedy_prefix,1,1000,1,-31925.009666413,31925.009666413,38218.119215372,23200.439693078926,4826.464897262864,32351.675007096,426.665340683001,0.013364611166645259,0.0,0.0,1.0291537195444107,False,False,
s-000,after_common_greedy_prefix,1,50,0,-31925.009666413,31925.009666413,38218.119215372,23200.439693078926,4826.464897262864,32351.675007096,426.665340683001,0.013364611166645259,0.0,0.0,0.08137848600745201,False,False,
s-000,after_common_greedy_prefix,1,50,1,-31925.009666413,31925.009666413,38218.119215372,23200.439693078926,4826.464897262864,32351.675007096,426.665340683001,0.013364611166645259,0.0,0.0,0.08147334679961205,False,False,
s-000,after_common_greedy_prefix,1,10,0,-31925.009666413,31925.009666413,38218.119215372,23200.439693078926,4826.464897262864,32351.675007096,426.665340683001,0.013364611166645259,0.0,0.0,0.04106413945555687,False,False,
s-000,after_common_greedy_prefix,1,10,1,-31925.009666413,31925.009666413,38218.119215372,23200.439693078926,4826.464897262864,32351.675007096,426.665340683001,0.013364611166645259,0.0,0.0,0.04113910347223282,False,False,
s-000,after_common_greedy_prefix,2,200,0,153.50224080199996,580.622992204,580.622992204,327.39798214399997,4826.464897262864,580.622992204,734.1252330059999,0.0,0.0,0.0,0.2262931987643242,False,True,
s-000,after_common_greedy_prefix,2,200,1,153.50224080199996,580.622992204,580.622992204,327.39798214399997,4826.464897262864,580.622992204,734.1252330059999,0.0,0.0,0.0,0.2262732796370983,False,True,
s-000,after_common_greedy_prefix,2,1000,0,153.50224080199996,580.622992204,580.622992204,327.39798214399997,4826.464897262864,580.622992204,734.1252330059999,0.0,0.0,0.0,1.023548424243927,False,True,
s-000,after_common_greedy_prefix,2,1000,1,153.50224080199996,580.622992204,580.622992204,327.39798214399997,4826.464897262864,580.622992204,734.1252330059999,0.0,0.0,0.0,1.0243525579571724,False,True,
s-000,after_common_greedy_prefix,2,50,0,153.50224080199996,580.622992204,580.622992204,327.39798214399997,4826.464897262864,580.622992204,734.1252330059999,0.0,0.0,0.0,0.07528481259942055,False,True,
s-000,after_common_greedy_prefix,2,50,1,153.50224080199996,580.622992204,580.622992204,327.39798214399997,4826.464897262864,580.622992204,734.1252330059999,0.0,0.0,0.0,0.07470394298434258,False,True,
s-000,after_common_greedy_prefix,2,10,0,153.50224080199996,580.622992204,580.622992204,327.39798214399997,4826.464897262864,580.622992204,734.1252330059999,0.0,0.0,0.0,0.034563470631837845,False,True,
s-000,after_common_greedy_prefix,2,10,1,153.50224080199996,580.622992204,580.622992204,327.39798214399997,4826.464897262864,580.622992204,734.1252330059999,0.0,0.0,0.0,0.03513002395629883,False,True,
s-000,after_common_greedy_prefix,3,200,0,-6250.926020749001,7723.247063389,9528.389735335,5402.581873436333,4826.464897262864,7723.247063389,1472.3210426399992,0.0,0.0,0.0,0.22684168815612793,False,True,
s-000,after_common_greedy_prefix,3,200,1,-6250.926020749001,7723.247063389,9528.389735335,5402.581873436333,4826.464897262864,7723.247063389,1472.3210426399992,0.0,0.0,0.0,0.22715479508042336,False,True,
s-000,after_common_greedy_prefix,3,1000,0,-6250.926020749001,7723.247063389,9528.389735335,5402.581873436333,4826.464897262864,7723.247063389,1472.3210426399992,0.0,0.0,0.0,1.0251376442611217,False,True,
s-000,after_common_greedy_prefix,3,1000,1,-6250.926020749001,7723.247063389,9528.389735335,5402.581873436333,4826.464897262864,7723.247063389,1472.3210426399992,0.0,0.0,0.0,1.0255721025168896,False,True,
s-000,after_common_greedy_prefix,3,50,0,-6250.926020749001,7723.247063389,9528.389735335,5402.581873436333,4826.464897262864,7723.247063389,1472.3210426399992,0.0,0.0,0.0,0.07405919954180717,False,True,
s-000,after_common_greedy_prefix,3,50,1,-6250.926020749001,7723.247063389,9528.389735335,5402.581873436333,4826.464897262864,7723.247063389,1472.3210426399992,0.0,0.0,0.0,0.07543576136231422,False,True,
s-000,after_common_greedy_prefix,3,10,0,-6250.926020749001,7723.247063389,9528.389735335,5402.581873436333,4826.464897262864,7723.247063389,1472.3210426399992,0.0,0.0,0.0,0.036940690129995346,False,True,
s-000,after_common_greedy_prefix,3,10,1,-6250.926020749001,7723.247063389,9528.389735335,5402.581873436333,4826.464897262864,7723.247063389,1472.3210426399992,0.0,0.0,0.0,0.03656161576509476,False,True,
s-000,after_common_greedy_prefix,4,200,0,-31534.570796189,31688.073036991,49337.849964688,26084.430381219867,4826.464897262864,32472.162178775,937.5913825860007,0.02474398303957122,0.0,0.0,0.22982387617230415,False,False,
s-000,after_common_greedy_prefix,4,200,1,-31534.570796189,31688.073036991,49337.849964688,26084.430381219867,4826.464897262864,32472.162178775,937.5913825860007,0.02474398303957122,0.0,0.0,0.23065198957920074,False,False,
s-000,after_common_greedy_prefix,4,1000,0,-31534.570796189,31688.073036991,49337.849964688,26084.430381219867,4826.464897262864,32472.162178775,937.5913825860007,0.02474398303957122,0.0,0.0,1.0275063440203667,False,False,
s-000,after_common_greedy_prefix,4,1000,1,-31534.570796189,31688.073036991,49337.849964688,26084.430381219867,4826.464897262864,32472.162178775,937.5913825860007,0.02474398303957122,0.0,0.0,1.0298012383282185,False,False,
s-000,after_common_greedy_prefix,4,50,0,-31534.570796189,31688.073036991,49337.849964688,26084.430381219867,4826.464897262864,32472.162178775,937.5913825860007,0.02474398303957122,0.0,0.0,0.07948216050863266,False,False,
s-000,after_common_greedy_prefix,4,50,1,-31534.570796189,31688.073036991,49337.849964688,26084.430381219867,4826.464897262864,32472.162178775,937.5913825860007,0.02474398303957122,0.0,0.0,0.07971473783254623,False,False,
s-000,after_common_greedy_prefix,4,10,0,-31534.570796189,31688.073036991,49337.849964688,26084.430381219867,4826.464897262864,32472.162178775,937.5913825860007,0.02474398303957122,0.0,0.0,0.04056476056575775,False,False,
s-000,after_common_greedy_prefix,4,10,1,-31534.570796189,31688.073036991,49337.849964688,26084.430381219867,4826.464897262864,32472.162178775,937.5913825860007,0.02474398303957122,0.0,0.0,0.040502142161130905,False,False,
s-000,after_common_greedy_prefix,5,200,0,295.42062298899987,951.526451963,951.526451963,698.301441903,4826.464897262864,951.526451963,1246.9470749519999,0.0,0.0,0.0,0.2244008369743824,False,True,
s-000,after_common_greedy_prefix,5,200,1,295.42062298899987,951.526451963,951.526451963,698.301441903,4826.464897262864,951.526451963,1246.9470749519999,0.0,0.0,0.0,0.22367792204022408,False,True,
s-000,after_common_greedy_prefix,5,1000,0,295.42062298899987,951.526451963,951.526451963,698.301441903,4826.464897262864,951.526451963,1246.9470749519999,0.0,0.0,0.0,1.0254341699182987,False,True,
s-000,after_common_greedy_prefix,5,1000,1,295.42062298899987,951.526451963,951.526451963,698.301441903,4826.464897262864,951.526451963,1246.9470749519999,0.0,0.0,0.0,1.0249691978096962,False,True,
s-000,after_common_greedy_prefix,5,50,0,295.42062298899987,951.526451963,951.526451963,698.301441903,4826.464897262864,951.526451963,1246.9470749519999,0.0,0.0,0.0,0.07587731257081032,False,True,
s-000,after_common_greedy_prefix,5,50,1,295.42062298899987,951.526451963,951.526451963,698.301441903,4826.464897262864,951.526451963,1246.9470749519999,0.0,0.0,0.0,0.0752442292869091,False,True,
s-000,after_common_greedy_prefix,5,10,0,295.42062298899987,951.526451963,951.526451963,698.301441903,4826.464897262864,951.526451963,1246.9470749519999,0.0,0.0,0.0,0.03640085086226463,False,True,
s-000,after_common_greedy_prefix,5,10,1,295.42062298899987,951.526451963,951.526451963,698.301441903,4826.464897262864,951.526451963,1246.9470749519999,0.0,0.0,0.0,0.03621670976281166,False,True,
s-000,after_common_greedy_prefix,6,200,0,-5624.927580711001,7847.831914028,8643.268308282,5438.900902270467,4826.464897262864,7949.550854285,2324.6232735739995,0.012961406586088776,0.0,0.0,0.22841943055391312,False,False,
s-000,after_common_greedy_prefix,6,200,1,-5624.927580711001,7847.831914028,8643.268308282,5438.900902270467,4826.464897262864,7949.550854285,2324.6232735739995,0.012961406586088776,0.0,0.0,0.22696639597415924,False,False,
s-000,after_common_greedy_prefix,6,1000,0,-5624.927580711001,7847.831914028,8643.268308282,5438.900902270467,4826.464897262864,7949.550854285,2324.6232735739995,0.012961406586088776,0.0,0.0,1.0256546586751938,False,False,
s-000,after_common_greedy_prefix,6,1000,1,-5624.927580711001,7847.831914028,8643.268308282,5438.900902270467,4826.464897262864,7949.550854285,2324.6232735739995,0.012961406586088776,0.0,0.0,1.02628243714571,False,False,
s-000,after_common_greedy_prefix,6,50,0,-5624.927580711001,7847.831914028,8643.268308282,5438.900902270467,4826.464897262864,7949.550854285,2324.6232735739995,0.012961406586088776,0.0,0.0,0.07787630707025528,False,False,
s-000,after_common_greedy_prefix,6,50,1,-5624.927580711001,7847.831914028,8643.268308282,5438.900902270467,4826.464897262864,7949.550854285,2324.6232735739995,0.012961406586088776,0.0,0.0,0.07757493108510971,False,False,
s-000,after_common_greedy_prefix,6,10,0,-5624.927580711001,7847.831914028,8643.268308282,5438.900902270467,4826.464897262864,7949.550854285,2324.6232735739995,0.012961406586088776,0.0,0.0,0.035397473722696304,False,False,
s-000,after_common_greedy_prefix,6,10,1,-5624.927580711001,7847.831914028,8643.268308282,5438.900902270467,4826.464897262864,7949.550854285,2324.6232735739995,0.012961406586088776,0.0,0.0,0.03699485585093498,False,False,
s-000,after_common_greedy_prefix,7,200,0,-29917.445785452,31496.106218633002,48310.623347004,24424.307478908868,4826.464897262864,32331.323563286,2413.877777834001,0.026518114298169578,0.0,0.0,0.22864973917603493,False,False,
s-000,after_common_greedy_prefix,7,200,1,-29917.445785452,31496.106218633002,48310.623347004,24424.307478908868,4826.464897262864,32331.323563286,2413.877777834001,0.026518114298169578,0.0,0.0,0.22777599096298218,False,False,
s-000,after_common_greedy_prefix,7,1000,0,-29917.445785452,31496.106218633002,48310.623347004,24424.307478908868,4826.464897262864,32331.323563286,2413.877777834001,0.026518114298169578,0.0,0.0,1.027385175228119,False,False,
s-000,after_common_greedy_prefix,7,1000,1,-29917.445785452,31496.106218633002,48310.623347004,24424.307478908868,4826.464897262864,32331.323563286,2413.877777834001,0.026518114298169578,0.0,0.0,1.0278846733272076,False,False,
s-000,after_common_greedy_prefix,7,50,0,-29917.445785452,31496.106218633002,48310.623347004,24424.307478908868,4826.464897262864,32331.323563286,2413.877777834001,0.026518114298169578,0.0,0.0,0.0798472948372364,False,False,
s-000,after_common_greedy_prefix,7,50,1,-29917.445785452,31496.106218633002,48310.623347004,24424.307478908868,4826.464897262864,32331.323563286,2413.877777834001,0.026518114298169578,0.0,0.0,0.07999661564826965,False,False,
s-000,after_common_greedy_prefix,7,10,0,-29917.445785452,31496.106218633002,48310.623347004,24424.307478908868,4826.464897262864,32331.323563286,2413.877777834001,0.026518114298169578,0.0,0.0,0.03708229586482048,False,False,
s-000,after_common_greedy_prefix,7,10,1,-29917.445785452,31496.106218633002,48310.623347004,24424.307478908868,4826.464897262864,32331.323563286,2413.877777834001,0.026518114298169578,0.0,0.0,0.03935958445072174,False,False,
s-000,after_common_greedy_prefix,8,200,0,569.7366135149996,1798.752068678,1798.752068678,1545.527058618,4826.464897262864,1798.752068678,2368.4886821929995,0.0,0.0,0.0,0.2259100042283535,False,True,
s-000,after_common_greedy_prefix,8,200,1,569.7366135149996,1798.752068678,1798.752068678,1545.527058618,4826.464897262864,1798.752068678,2368.4886821929995,0.0,0.0,0.0,0.22454191744327545,False,True,
s-000,after_common_greedy_prefix,8,1000,0,569.7366135149996,1798.752068678,1798.752068678,1545.527058618,4826.464897262864,1798.752068678,2368.4886821929995,0.0,0.0,0.0,1.0237003900110722,False,True,
s-000,after_common_greedy_prefix,8,1000,1,569.7366135149996,1798.752068678,1798.752068678,1545.527058618,4826.464897262864,1798.752068678,2368.4886821929995,0.0,0.0,0.0,1.023571390658617,False,True,
s-000,after_common_greedy_prefix,8,50,0,569.7366135149996,1798.752068678,1798.752068678,1545.527058618,4826.464897262864,1798.752068678,2368.4886821929995,0.0,0.0,0.0,0.07436146959662437,False,True,
s-000,after_common_greedy_prefix,8,50,1,569.7366135149996,1798.752068678,1798.752068678,1545.527058618,4826.464897262864,1798.752068678,2368.4886821929995,0.0,0.0,0.0,0.07469646260142326,False,True,
s-000,after_common_greedy_prefix,8,10,0,569.7366135149996,1798.752068678,1798.752068678,1545.527058618,4826.464897262864,1798.752068678,2368.4886821929995,0.0,0.0,0.0,0.03576619550585747,False,True,
s-000,after_common_greedy_prefix,8,10,1,569.7366135149996,1798.752068678,1798.752068678,1545.527058618,4826.464897262864,1798.752068678,2368.4886821929995,0.0,0.0,0.0,0.03400155529379845,False,True,
s-000,after_common_greedy_prefix,9,200,0,-5385.637816521,8335.920425462,9778.847449404,6120.756437375817,4826.464897262864,8686.975421004,3301.3376044829993,0.042113525276669464,0.0,0.0,0.2255995124578476,False,False,
s-000,after_common_greedy_prefix,9,200,1,-5385.637816521,8335.920425462,9778.847449404,6120.756437375817,4826.464897262864,8686.975421004,3301.3376044829993,0.042113525276669464,0.0,0.0,0.22577905654907227,False,False,
s-000,after_common_greedy_prefix,9,1000,0,-5385.637816521,8335.920425462,9778.847449404,6120.756437375817,4826.464897262864,8686.975421004,3301.3376044829993,0.042113525276669464,0.0,0.0,1.0247348062694073,False,False,
s-000,after_common_greedy_prefix,9,1000,1,-5385.637816521,8335.920425462,9778.847449404,6120.756437375817,4826.464897262864,8686.975421004,3301.3376044829993,0.042113525276669464,0.0,0.0,1.0249101743102074,False,False,
s-000,after_common_greedy_prefix,9,50,0,-5385.637816521,8335.920425462,9778.847449404,6120.756437375817,4826.464897262864,8686.975421004,3301.3376044829993,0.042113525276669464,0.0,0.0,0.07573521137237549,False,False,
s-000,after_common_greedy_prefix,9,50,1,-5385.637816521,8335.920425462,9778.847449404,6120.756437375817,4826.464897262864,8686.975421004,3301.3376044829993,0.042113525276669464,0.0,0.0,0.0754115954041481,False,False,
s-000,after_common_greedy_prefix,9,10,0,-5385.637816521,8335.920425462,9778.847449404,6120.756437375817,4826.464897262864,8686.975421004,3301.3376044829993,0.042113525276669464,0.0,0.0,0.03448808193206787,False,False,
s-000,after_common_greedy_prefix,9,10,1,-5385.637816521,8335.920425462,9778.847449404,6120.756437375817,4826.464897262864,8686.975421004,3301.3376044829993,0.042113525276669464,0.0,0.0,0.03272771090269089,False,False,
s-000,after_common_greedy_prefix,10,200,0,-25913.039483724,30739.504380987,42003.090050941,23386.839977215313,4826.464897262864,31134.178825544,5221.139341820002,0.01283932361645734,394.6744445571385,0.00032810310537013525,0.22795162722468376,False,False,0.22795162722468376
s-000,after_common_greedy_prefix,10,200,1,-25913.039483724,30739.504380987,42003.090050941,23386.839977215313,4826.464897262864,31134.178825544,5221.139341820002,0.01283932361645734,394.6744445571385,0.00032810310537013525,0.2285839095711708,False,False,0.2285839095711708
s-000,after_common_greedy_prefix,10,1000,0,-25913.039483724,30739.504380987,42003.090050941,23386.839977215313,4826.464897262864,31134.178825544,5221.139341820002,0.01283932361645734,394.6744445571385,0.00032810310537013525,1.029437493532896,False,False,1.029437493532896
s-000,after_common_greedy_prefix,10,1000,1,-25913.039483724,30739.504380987,42003.090050941,23386.839977215313,4826.464897262864,31134.178825544,5221.139341820002,0.01283932361645734,394.6744445571385,0.00032810310537013525,1.0282393470406532,False,False,1.0282393470406532
s-000,after_common_greedy_prefix,10,50,0,-25913.039483724,30739.504380987,42003.090050941,23386.839977215313,4826.464897262864,31134.178825544,5221.139341820002,0.01283932361645734,394.6744445571385,0.00032810310537013525,0.07888968661427498,False,False,0.07888968661427498
s-000,after_common_greedy_prefix,10,50,1,-25913.039483724,30739.504380987,42003.090050941,23386.839977215313,4826.464897262864,31134.178825544,5221.139341820002,0.01283932361645734,394.6744445571385,0.00032810310537013525,0.0799827054142952,False,False,0.0799827054142952
s-000,after_common_greedy_prefix,10,10,0,-25913.039483724,30739.504380987,42003.090050941,23386.839977215313,4826.464897262864,31134.178825544,5221.139341820002,0.01283932361645734,394.6744445571385,0.00032810310537013525,0.04089462384581566,False,False,0.04089462384581566
s-000,after_common_greedy_prefix,10,10,1,-25913.039483724,30739.504380987,42003.090050941,23386.839977215313,4826.464897262864,31134.178825544,5221.139341820002,0.01283932361645734,394.6744445571385,0.00032810310537013525,0.040508776903152466,False,False,0.040508776903152466
s-001,after_one_actual_history_call,0,200,0,-8853.895905265,9049.129915594,18372.481271334,6763.204790112283,4826.464897262864,9049.129915594,195.23401032899892,0.0,0.0,0.0,0.005338601768016815,False,True,
s-001,after_one_actual_history_call,0,200,1,-8853.895905265,9049.129915594,18372.481271334,6763.204790112283,4826.464897262864,9049.129915594,195.23401032899892,0.0,0.0,0.0,0.005023479461669922,False,True,
s-001,after_one_actual_history_call,0,1000,0,-8853.895905265,9049.129915594,18372.481271334,6763.204790112283,4826.464897262864,9049.129915594,195.23401032899892,0.0,0.0,0.0,1.0280221588909626,False,True,
s-001,after_one_actual_history_call,0,1000,1,-8853.895905265,9049.129915594,18372.481271334,6763.204790112283,4826.464897262864,9049.129915594,195.23401032899892,0.0,0.0,0.0,1.0287049151957035,False,True,
s-001,after_one_actual_history_call,0,50,0,-8853.895905265,9049.129915594,18372.481271334,6763.204790112283,4826.464897262864,9049.129915594,195.23401032899892,0.0,0.0,0.0,0.07841018959879875,False,True,
s-001,after_one_actual_history_call,0,50,1,-8853.895905265,9049.129915594,18372.481271334,6763.204790112283,4826.464897262864,9049.129915594,195.23401032899892,0.0,0.0,0.0,0.07735082879662514,False,True,
s-001,after_one_actual_history_call,0,10,0,-8853.895905265,9049.129915594,18372.481271334,6763.204790112283,4826.464897262864,9049.129915594,195.23401032899892,0.0,0.0,0.0,0.03819247707724571,False,True,
s-001,after_one_actual_history_call,0,10,1,-8853.895905265,9049.129915594,18372.481271334,6763.204790112283,4826.464897262864,9049.129915594,195.23401032899892,0.0,0.0,0.0,0.037407614290714264,False,True,
s-001,after_one_actual_history_call,1,200,0,-31925.009666413,31925.009666413,38218.119215372,23200.439693078926,4826.464897262864,32351.675007096,426.665340683001,0.013364611166645259,0.0,0.0,0.22945313155651093,False,False,
s-001,after_one_actual_history_call,1,200,1,-31925.009666413,31925.009666413,38218.119215372,23200.439693078926,4826.464897262864,32351.675007096,426.665340683001,0.013364611166645259,0.0,0.0,0.2309087999165058,False,False,
s-001,after_one_actual_history_call,1,1000,0,-31925.009666413,31925.009666413,38218.119215372,23200.439693078926,4826.464897262864,32351.675007096,426.665340683001,0.013364611166645259,0.0,0.0,1.0314284190535545,False,False,
s-001,after_one_actual_history_call,1,1000,1,-31925.009666413,31925.009666413,38218.119215372,23200.439693078926,4826.464897262864,32351.675007096,426.665340683001,0.013364611166645259,0.0,0.0,1.0307132489979267,False,False,
s-001,after_one_actual_history_call,1,50,0,-31925.009666413,31925.009666413,38218.119215372,23200.439693078926,4826.464897262864,32351.675007096,426.665340683001,0.013364611166645259,0.0,0.0,0.08247758820652962,False,False,
s-001,after_one_actual_history_call,1,50,1,-31925.009666413,31925.009666413,38218.119215372,23200.439693078926,4826.464897262864,32351.675007096,426.665340683001,0.013364611166645259,0.0,0.0,0.08104294911026955,False,False,
s-001,after_one_actual_history_call,1,10,0,-31925.009666413,31925.009666413,38218.119215372,23200.439693078926,4826.464897262864,32351.675007096,426.665340683001,0.013364611166645259,0.0,0.0,0.04153428226709366,False,False,
s-001,after_one_actual_history_call,1,10,1,-31925.009666413,31925.009666413,38218.119215372,23200.439693078926,4826.464897262864,32351.675007096,426.665340683001,0.013364611166645259,0.0,0.0,0.041154470294713974,False,False,
s-001,after_one_actual_history_call,2,200,0,153.50224080199996,580.622992204,580.622992204,327.39798214399997,4826.464897262864,580.622992204,734.1252330059999,0.0,0.0,0.0,0.22612065449357033,False,True,
s-001,after_one_actual_history_call,2,200,1,153.50224080199996,580.622992204,580.622992204,327.39798214399997,4826.464897262864,580.622992204,734.1252330059999,0.0,0.0,0.0,0.23018376156687737,False,True,
s-001,after_one_actual_history_call,2,1000,0,153.50224080199996,580.622992204,580.622992204,327.39798214399997,4826.464897262864,580.622992204,734.1252330059999,0.0,0.0,0.0,1.0275702141225338,False,True,
s-001,after_one_actual_history_call,2,1000,1,153.50224080199996,580.622992204,580.622992204,327.39798214399997,4826.464897262864,580.622992204,734.1252330059999,0.0,0.0,0.0,1.0245624482631683,False,True,
s-001,after_one_actual_history_call,2,50,0,153.50224080199996,580.622992204,580.622992204,327.39798214399997,4826.464897262864,580.622992204,734.1252330059999,0.0,0.0,0.0,0.07397231087088585,False,True,
s-001,after_one_actual_history_call,2,50,1,153.50224080199996,580.622992204,580.622992204,327.39798214399997,4826.464897262864,580.622992204,734.1252330059999,0.0,0.0,0.0,0.07394907996058464,False,True,
s-001,after_one_actual_history_call,2,10,0,153.50224080199996,580.622992204,580.622992204,327.39798214399997,4826.464897262864,580.622992204,734.1252330059999,0.0,0.0,0.0,0.033342037349939346,False,True,
s-001,after_one_actual_history_call,2,10,1,153.50224080199996,580.622992204,580.622992204,327.39798214399997,4826.464897262864,580.622992204,734.1252330059999,0.0,0.0,0.0,0.033491674810647964,False,True,
s-001,after_one_actual_history_call,3,200,0,-6250.926020749001,7723.247063389,9528.389735335,5402.581873436333,4826.464897262864,7723.247063389,1472.3210426399992,0.0,0.0,0.0,0.22522827982902527,False,True,
s-001,after_one_actual_history_call,3,200,1,-6250.926020749001,7723.247063389,9528.389735335,5402.581873436333,4826.464897262864,7723.247063389,1472.3210426399992,0.0,0.0,0.0,0.22554370760917664,False,True,
s-001,after_one_actual_history_call,3,1000,0,-6250.926020749001,7723.247063389,9528.389735335,5402.581873436333,4826.464897262864,7723.247063389,1472.3210426399992,0.0,0.0,0.0,1.0250833667814732,False,True,
s-001,after_one_actual_history_call,3,1000,1,-6250.926020749001,7723.247063389,9528.389735335,5402.581873436333,4826.464897262864,7723.247063389,1472.3210426399992,0.0,0.0,0.0,1.0256207063794136,False,True,
s-001,after_one_actual_history_call,3,50,0,-6250.926020749001,7723.247063389,9528.389735335,5402.581873436333,4826.464897262864,7723.247063389,1472.3210426399992,0.0,0.0,0.0,0.07507656514644623,False,True,
s-001,after_one_actual_history_call,3,50,1,-6250.926020749001,7723.247063389,9528.389735335,5402.581873436333,4826.464897262864,7723.247063389,1472.3210426399992,0.0,0.0,0.0,0.07474378868937492,False,True,
s-001,after_one_actual_history_call,3,10,0,-6250.926020749001,7723.247063389,9528.389735335,5402.581873436333,4826.464897262864,7723.247063389,1472.3210426399992,0.0,0.0,0.0,0.03431420028209686,False,True,
s-001,after_one_actual_history_call,3,10,1,-6250.926020749001,7723.247063389,9528.389735335,5402.581873436333,4826.464897262864,7723.247063389,1472.3210426399992,0.0,0.0,0.0,0.032797183841466904,False,True,
s-001,after_one_actual_history_call,4,200,0,-31534.570796189,31688.073036991,49337.849964688,26084.430381219867,4826.464897262864,32472.162178775,937.5913825860007,0.02474398303957122,0.0,0.0,0.22807547450065613,False,False,
s-001,after_one_actual_history_call,4,200,1,-31534.570796189,31688.073036991,49337.849964688,26084.430381219867,4826.464897262864,32472.162178775,937.5913825860007,0.02474398303957122,0.0,0.0,0.2276642583310604,False,False,
s-001,after_one_actual_history_call,4,1000,0,-31534.570796189,31688.073036991,49337.849964688,26084.430381219867,4826.464897262864,32472.162178775,937.5913825860007,0.02474398303957122,0.0,0.0,1.028905738145113,False,False,
s-001,after_one_actual_history_call,4,1000,1,-31534.570796189,31688.073036991,49337.849964688,26084.430381219867,4826.464897262864,32472.162178775,937.5913825860007,0.02474398303957122,0.0,0.0,1.0279016494750977,False,False,
s-001,after_one_actual_history_call,4,50,0,-31534.570796189,31688.073036991,49337.849964688,26084.430381219867,4826.464897262864,32472.162178775,937.5913825860007,0.02474398303957122,0.0,0.0,0.07991978898644447,False,False,
s-001,after_one_actual_history_call,4,50,1,-31534.570796189,31688.073036991,49337.849964688,26084.430381219867,4826.464897262864,32472.162178775,937.5913825860007,0.02474398303957122,0.0,0.0,0.07772086188197136,False,False,
s-001,after_one_actual_history_call,4,10,0,-31534.570796189,31688.073036991,49337.849964688,26084.430381219867,4826.464897262864,32472.162178775,937.5913825860007,0.02474398303957122,0.0,0.0,0.03721035644412041,False,False,
s-001,after_one_actual_history_call,4,10,1,-31534.570796189,31688.073036991,49337.849964688,26084.430381219867,4826.464897262864,32472.162178775,937.5913825860007,0.02474398303957122,0.0,0.0,0.03709717467427254,False,False,
s-001,after_one_actual_history_call,5,200,0,295.42062298899987,951.526451963,951.526451963,698.301441903,4826.464897262864,951.526451963,1246.9470749519999,0.0,0.0,0.0,0.22369062528014183,False,True,
s-001,after_one_actual_history_call,5,200,1,295.42062298899987,951.526451963,951.526451963,698.301441903,4826.464897262864,951.526451963,1246.9470749519999,0.0,0.0,0.0,0.2245810255408287,False,True,
s-001,after_one_actual_history_call,5,1000,0,295.42062298899987,951.526451963,951.526451963,698.301441903,4826.464897262864,951.526451963,1246.9470749519999,0.0,0.0,0.0,1.025145661085844,False,True,
s-001,after_one_actual_history_call,5,1000,1,295.42062298899987,951.526451963,951.526451963,698.301441903,4826.464897262864,951.526451963,1246.9470749519999,0.0,0.0,0.0,1.0242686085402966,False,True,
s-001,after_one_actual_history_call,5,50,0,295.42062298899987,951.526451963,951.526451963,698.301441903,4826.464897262864,951.526451963,1246.9470749519999,0.0,0.0,0.0,0.07317724451422691,False,True,
s-001,after_one_actual_history_call,5,50,1,295.42062298899987,951.526451963,951.526451963,698.301441903,4826.464897262864,951.526451963,1246.9470749519999,0.0,0.0,0.0,0.07234763726592064,False,True,
s-001,after_one_actual_history_call,5,10,0,295.42062298899987,951.526451963,951.526451963,698.301441903,4826.464897262864,951.526451963,1246.9470749519999,0.0,0.0,0.0,0.031711794435977936,False,True,
s-001,after_one_actual_history_call,5,10,1,295.42062298899987,951.526451963,951.526451963,698.301441903,4826.464897262864,951.526451963,1246.9470749519999,0.0,0.0,0.0,0.03225482627749443,False,True,
s-001,after_one_actual_history_call,6,200,0,-5624.927580711001,7847.831914028,8643.268308282,5438.900902270467,4826.464897262864,7949.550854285,2324.6232735739995,0.012961406586088776,0.0,0.0,0.22511953860521317,False,False,
s-001,after_one_actual_history_call,6,200,1,-5624.927580711001,7847.831914028,8643.268308282,5438.900902270467,4826.464897262864,7949.550854285,2324.6232735739995,0.012961406586088776,0.0,0.0,0.227824155241251,False,False,
s-001,after_one_actual_history_call,6,1000,0,-5624.927580711001,7847.831914028,8643.268308282,5438.900902270467,4826.464897262864,7949.550854285,2324.6232735739995,0.012961406586088776,0.0,0.0,1.0254108123481274,False,False,
s-001,after_one_actual_history_call,6,1000,1,-5624.927580711001,7847.831914028,8643.268308282,5438.900902270467,4826.464897262864,7949.550854285,2324.6232735739995,0.012961406586088776,0.0,0.0,1.0274566486477852,False,False,
s-001,after_one_actual_history_call,6,50,0,-5624.927580711001,7847.831914028,8643.268308282,5438.900902270467,4826.464897262864,7949.550854285,2324.6232735739995,0.012961406586088776,0.0,0.0,0.07526149600744247,False,False,
s-001,after_one_actual_history_call,6,50,1,-5624.927580711001,7847.831914028,8643.268308282,5438.900902270467,4826.464897262864,7949.550854285,2324.6232735739995,0.012961406586088776,0.0,0.0,0.07471169531345367,False,False,
s-001,after_one_actual_history_call,6,10,0,-5624.927580711001,7847.831914028,8643.268308282,5438.900902270467,4826.464897262864,7949.550854285,2324.6232735739995,0.012961406586088776,0.0,0.0,0.03448686748743057,False,False,
s-001,after_one_actual_history_call,6,10,1,-5624.927580711001,7847.831914028,8643.268308282,5438.900902270467,4826.464897262864,7949.550854285,2324.6232735739995,0.012961406586088776,0.0,0.0,0.03558385372161865,False,False,
s-001,after_one_actual_history_call,7,200,0,-29917.445785452,31496.106218633002,48310.623347004,24424.307478908868,4826.464897262864,32331.323563286,2413.877777834001,0.026518114298169578,0.0,0.0,0.22888964787125587,False,False,
s-001,after_one_actual_history_call,7,200,1,-29917.445785452,31496.106218633002,48310.623347004,24424.307478908868,4826.464897262864,32331.323563286,2413.877777834001,0.026518114298169578,0.0,0.0,0.22934427484869957,False,False,
s-001,after_one_actual_history_call,7,1000,0,-29917.445785452,31496.106218633002,48310.623347004,24424.307478908868,4826.464897262864,32331.323563286,2413.877777834001,0.026518114298169578,0.0,0.0,1.029428780078888,False,False,
s-001,after_one_actual_history_call,7,1000,1,-29917.445785452,31496.106218633002,48310.623347004,24424.307478908868,4826.464897262864,32331.323563286,2413.877777834001,0.026518114298169578,0.0,0.0,1.0305542647838593,False,False,
s-001,after_one_actual_history_call,7,50,0,-29917.445785452,31496.106218633002,48310.623347004,24424.307478908868,4826.464897262864,32331.323563286,2413.877777834001,0.026518114298169578,0.0,0.0,0.078151635825634,False,False,
s-001,after_one_actual_history_call,7,50,1,-29917.445785452,31496.106218633002,48310.623347004,24424.307478908868,4826.464897262864,32331.323563286,2413.877777834001,0.026518114298169578,0.0,0.0,0.07818794995546341,False,False,
s-001,after_one_actual_history_call,7,10,0,-29917.445785452,31496.106218633002,48310.623347004,24424.307478908868,4826.464897262864,32331.323563286,2413.877777834001,0.026518114298169578,0.0,0.0,0.03972676768898964,False,False,
s-001,after_one_actual_history_call,7,10,1,-29917.445785452,31496.106218633002,48310.623347004,24424.307478908868,4826.464897262864,32331.323563286,2413.877777834001,0.026518114298169578,0.0,0.0,0.04009626433253288,False,False,
s-001,after_one_actual_history_call,8,200,0,569.7366135149996,1798.752068678,1798.752068678,1545.527058618,4826.464897262864,1798.752068678,2368.4886821929995,0.0,0.0,0.0,0.22365941852331161,False,True,
s-001,after_one_actual_history_call,8,200,1,569.7366135149996,1798.752068678,1798.752068678,1545.527058618,4826.464897262864,1798.752068678,2368.4886821929995,0.0,0.0,0.0,0.22370951995253563,False,True,
s-001,after_one_actual_history_call,8,1000,0,569.7366135149996,1798.752068678,1798.752068678,1545.527058618,4826.464897262864,1798.752068678,2368.4886821929995,0.0,0.0,0.0,1.0239217765629292,False,True,
s-001,after_one_actual_history_call,8,1000,1,569.7366135149996,1798.752068678,1798.752068678,1545.527058618,4826.464897262864,1798.752068678,2368.4886821929995,0.0,0.0,0.0,1.0251919254660606,False,True,
s-001,after_one_actual_history_call,8,50,0,569.7366135149996,1798.752068678,1798.752068678,1545.527058618,4826.464897262864,1798.752068678,2368.4886821929995,0.0,0.0,0.0,0.07653114944696426,False,True,
s-001,after_one_actual_history_call,8,50,1,569.7366135149996,1798.752068678,1798.752068678,1545.527058618,4826.464897262864,1798.752068678,2368.4886821929995,0.0,0.0,0.0,0.07454356551170349,False,True,
s-001,after_one_actual_history_call,8,10,0,569.7366135149996,1798.752068678,1798.752068678,1545.527058618,4826.464897262864,1798.752068678,2368.4886821929995,0.0,0.0,0.0,0.03521863743662834,False,True,
s-001,after_one_actual_history_call,8,10,1,569.7366135149996,1798.752068678,1798.752068678,1545.527058618,4826.464897262864,1798.752068678,2368.4886821929995,0.0,0.0,0.0,0.0324060395359993,False,True,
s-001,after_one_actual_history_call,9,200,0,-5385.637816521,8335.920425462,9778.847449404,6120.756437375817,4826.464897262864,8686.975421004,3301.3376044829993,0.042113525276669464,0.0,0.0,0.2228623703122139,False,False,
s-001,after_one_actual_history_call,9,200,1,-5385.637816521,8335.920425462,9778.847449404,6120.756437375817,4826.464897262864,8686.975421004,3301.3376044829993,0.042113525276669464,0.0,0.0,0.2248259335756302,False,False,
s-001,after_one_actual_history_call,9,1000,0,-5385.637816521,8335.920425462,9778.847449404,6120.756437375817,4826.464897262864,8686.975421004,3301.3376044829993,0.042113525276669464,0.0,0.0,1.0252763144671917,False,False,
s-001,after_one_actual_history_call,9,1000,1,-5385.637816521,8335.920425462,9778.847449404,6120.756437375817,4826.464897262864,8686.975421004,3301.3376044829993,0.042113525276669464,0.0,0.0,1.026457715779543,False,False,
s-001,after_one_actual_history_call,9,50,0,-5385.637816521,8335.920425462,9778.847449404,6120.756437375817,4826.464897262864,8686.975421004,3301.3376044829993,0.042113525276669464,0.0,0.0,0.07691378891468048,False,False,
s-001,after_one_actual_history_call,9,50,1,-5385.637816521,8335.920425462,9778.847449404,6120.756437375817,4826.464897262864,8686.975421004,3301.3376044829993,0.042113525276669464,0.0,0.0,0.07800084725022316,False,False,
s-001,after_one_actual_history_call,9,10,0,-5385.637816521,8335.920425462,9778.847449404,6120.756437375817,4826.464897262864,8686.975421004,3301.3376044829993,0.042113525276669464,0.0,0.0,0.03553687036037445,False,False,
s-001,after_one_actual_history_call,9,10,1,-5385.637816521,8335.920425462,9778.847449404,6120.756437375817,4826.464897262864,8686.975421004,3301.3376044829993,0.042113525276669464,0.0,0.0,0.03882298246026039,False,False,
s-001,after_one_actual_history_call,10,200,0,-25913.039483724,30739.504380987,42003.090050941,23386.839977215313,4826.464897262864,31134.178825544,5221.139341820002,0.01283932361645734,394.6744445571385,0.00032810310537013525,0.2300586923956871,False,False,0.2300586923956871
s-001,after_one_actual_history_call,10,200,1,-25913.039483724,30739.504380987,42003.090050941,23386.839977215313,4826.464897262864,31134.178825544,5221.139341820002,0.01283932361645734,394.6744445571385,0.00032810310537013525,0.22837749123573303,False,False,0.22837749123573303
s-001,after_one_actual_history_call,10,1000,0,-25913.039483724,30739.504380987,42003.090050941,23386.839977215313,4826.464897262864,31134.178825544,5221.139341820002,0.01283932361645734,394.6744445571385,0.00032810310537013525,1.0269769951701164,False,False,1.0269769951701164
s-001,after_one_actual_history_call,10,1000,1,-25913.039483724,30739.504380987,42003.090050941,23386.839977215313,4826.464897262864,31134.178825544,5221.139341820002,0.01283932361645734,394.6744445571385,0.00032810310537013525,1.0277080871164799,False,False,1.0277080871164799
s-001,after_one_actual_history_call,10,50,0,-25913.039483724,30739.504380987,42003.090050941,23386.839977215313,4826.464897262864,31134.178825544,5221.139341820002,0.01283932361645734,394.6744445571385,0.00032810310537013525,0.07991059124469757,False,False,0.07991059124469757
s-001,after_one_actual_history_call,10,50,1,-25913.039483724,30739.504380987,42003.090050941,23386.839977215313,4826.464897262864,31134.178825544,5221.139341820002,0.01283932361645734,394.6744445571385,0.00032810310537013525,0.07743394374847412,False,False,0.07743394374847412
s-001,after_one_actual_history_call,10,10,0,-25913.039483724,30739.504380987,42003.090050941,23386.839977215313,4826.464897262864,31134.178825544,5221.139341820002,0.01283932361645734,394.6744445571385,0.00032810310537013525,0.036580104380846024,False,False,0.036580104380846024
s-001,after_one_actual_history_call,10,10,1,-25913.039483724,30739.504380987,42003.090050941,23386.839977215313,4826.464897262864,31134.178825544,5221.139341820002,0.01283932361645734,394.6744445571385,0.00032810310537013525,0.03661036863923073,False,False,0.03661036863923073
s-002,after_common_greedy_prefix,0,200,0,-8899.24289118,8899.24289118,16193.876711022,6714.993543329044,4968.316425175872,9265.376450587,366.1335594070006,0.041142102073635264,0.0,0.0,0.22765377536416054,False,False,
s-002,after_common_greedy_prefix,0,200,1,-8899.24289118,8899.24289118,16193.876711022,6714.993543329044,4968.316425175872,9265.376450587,366.1335594070006,0.041142102073635264,0.0,0.0,0.2276741974055767,False,False,
s-002,after_common_greedy_prefix,0,1000,0,-8899.24289118,8899.24289118,16193.876711022,6714.993543329044,4968.316425175872,9265.376450587,366.1335594070006,0.041142102073635264,0.0,0.0,1.0268518030643463,False,False,
s-002,after_common_greedy_prefix,0,1000,1,-8899.24289118,8899.24289118,16193.876711022,6714.993543329044,4968.316425175872,9265.376450587,366.1335594070006,0.041142102073635264,0.0,0.0,1.0264584086835384,False,False,
s-002,after_common_greedy_prefix,0,50,0,-8899.24289118,8899.24289118,16193.876711022,6714.993543329044,4968.316425175872,9265.376450587,366.1335594070006,0.041142102073635264,0.0,0.0,0.07566593214869499,False,False,
s-002,after_common_greedy_prefix,0,50,1,-8899.24289118,8899.24289118,16193.876711022,6714.993543329044,4968.316425175872,9265.376450587,366.1335594070006,0.041142102073635264,0.0,0.0,0.07565999776124954,False,False,
s-002,after_common_greedy_prefix,0,10,0,-8899.24289118,8899.24289118,16193.876711022,6714.993543329044,4968.316425175872,9265.376450587,366.1335594070006,0.041142102073635264,0.0,0.0,0.03533364459872246,False,False,
s-002,after_common_greedy_prefix,0,10,1,-8899.24289118,8899.24289118,16193.876711022,6714.993543329044,4968.316425175872,9265.376450587,366.1335594070006,0.041142102073635264,0.0,0.0,0.03422178700566292,False,False,
s-002,after_common_greedy_prefix,1,200,0,-32873.190854645996,32873.190854645996,34573.006703639,24088.944606514648,4968.316425175872,32958.082878153,84.89202350700361,0.0025824089873832785,0.0,0.0,0.2278342805802822,False,False,
s-002,after_common_greedy_prefix,1,200,1,-32873.190854645996,32873.190854645996,34573.006703639,24088.944606514648,4968.316425175872,32958.082878153,84.89202350700361,0.0025824089873832785,0.0,0.0,0.23165064305067062,False,False,
s-002,after_common_greedy_prefix,1,1000,0,-32873.190854645996,32873.190854645996,34573.006703639,24088.944606514648,4968.316425175872,32958.082878153,84.89202350700361,0.0025824089873832785,0.0,0.0,1.0283683873713017,False,False,
s-002,after_common_greedy_prefix,1,1000,1,-32873.190854645996,32873.190854645996,34573.006703639,24088.944606514648,4968.316425175872,32958.082878153,84.89202350700361,0.0025824089873832785,0.0,0.0,1.0293905958533287,False,False,
s-002,after_common_greedy_prefix,1,50,0,-32873.190854645996,32873.190854645996,34573.006703639,24088.944606514648,4968.316425175872,32958.082878153,84.89202350700361,0.0025824089873832785,0.0,0.0,0.07929227873682976,False,False,
s-002,after_common_greedy_prefix,1,50,1,-32873.190854645996,32873.190854645996,34573.006703639,24088.944606514648,4968.316425175872,32958.082878153,84.89202350700361,0.0025824089873832785,0.0,0.0,0.07721972092986107,False,False,
s-002,after_common_greedy_prefix,1,10,0,-32873.190854645996,32873.190854645996,34573.006703639,24088.944606514648,4968.316425175872,32958.082878153,84.89202350700361,0.0025824089873832785,0.0,0.0,0.03671517223119736,False,False,
s-002,after_common_greedy_prefix,1,10,1,-32873.190854645996,32873.190854645996,34573.006703639,24088.944606514648,4968.316425175872,32958.082878153,84.89202350700361,0.0025824089873832785,0.0,0.0,0.03541984036564827,False,False,
s-002,after_common_greedy_prefix,2,200,0,153.50224080199996,580.622992204,580.622992204,327.39798214399997,4968.316425175872,580.622992204,734.1252330059999,0.0,0.0,0.0,0.22306133434176445,False,True,
s-002,after_common_greedy_prefix,2,200,1,153.50224080199996,580.622992204,580.622992204,327.39798214399997,4968.316425175872,580.622992204,734.1252330059999,0.0,0.0,0.0,0.22555506229400635,False,True,
s-002,after_common_greedy_prefix,2,1000,0,153.50224080199996,580.622992204,580.622992204,327.39798214399997,4968.316425175872,580.622992204,734.1252330059999,0.0,0.0,0.0,1.0248695723712444,False,True,
s-002,after_common_greedy_prefix,2,1000,1,153.50224080199996,580.622992204,580.622992204,327.39798214399997,4968.316425175872,580.622992204,734.1252330059999,0.0,0.0,0.0,1.024389311671257,False,True,
s-002,after_common_greedy_prefix,2,50,0,153.50224080199996,580.622992204,580.622992204,327.39798214399997,4968.316425175872,580.622992204,734.1252330059999,0.0,0.0,0.0,0.07375737652182579,False,True,
s-002,after_common_greedy_prefix,2,50,1,153.50224080199996,580.622992204,580.622992204,327.39798214399997,4968.316425175872,580.622992204,734.1252330059999,0.0,0.0,0.0,0.07406153157353401,False,True,
s-002,after_common_greedy_prefix,2,10,0,153.50224080199996,580.622992204,580.622992204,327.39798214399997,4968.316425175872,580.622992204,734.1252330059999,0.0,0.0,0.0,0.03176937624812126,False,True,
s-002,after_common_greedy_prefix,2,10,1,153.50224080199996,580.622992204,580.622992204,327.39798214399997,4968.316425175872,580.622992204,734.1252330059999,0.0,0.0,0.0,0.032381560653448105,False,True,
s-002,after_common_greedy_prefix,3,200,0,-6250.926020749001,7723.247063389,9528.389735335,5402.581873436333,4968.316425175872,7723.247063389,1472.3210426399992,0.0,0.0,0.0,0.2238764800131321,False,True,
s-002,after_common_greedy_prefix,3,200,1,-6250.926020749001,7723.247063389,9528.389735335,5402.581873436333,4968.316425175872,7723.247063389,1472.3210426399992,0.0,0.0,0.0,0.22636672481894493,False,True,
s-002,after_common_greedy_prefix,3,1000,0,-6250.926020749001,7723.247063389,9528.389735335,5402.581873436333,4968.316425175872,7723.247063389,1472.3210426399992,0.0,0.0,0.0,1.0269409120082855,False,True,
s-002,after_common_greedy_prefix,3,1000,1,-6250.926020749001,7723.247063389,9528.389735335,5402.581873436333,4968.316425175872,7723.247063389,1472.3210426399992,0.0,0.0,0.0,1.025909174233675,False,True,
s-002,after_common_greedy_prefix,3,50,0,-6250.926020749001,7723.247063389,9528.389735335,5402.581873436333,4968.316425175872,7723.247063389,1472.3210426399992,0.0,0.0,0.0,0.07519108802080154,False,True,
s-002,after_common_greedy_prefix,3,50,1,-6250.926020749001,7723.247063389,9528.389735335,5402.581873436333,4968.316425175872,7723.247063389,1472.3210426399992,0.0,0.0,0.0,0.07518653571605682,False,True,
s-002,after_common_greedy_prefix,3,10,0,-6250.926020749001,7723.247063389,9528.389735335,5402.581873436333,4968.316425175872,7723.247063389,1472.3210426399992,0.0,0.0,0.0,0.03562102094292641,False,True,
s-002,after_common_greedy_prefix,3,10,1,-6250.926020749001,7723.247063389,9528.389735335,5402.581873436333,4968.316425175872,7723.247063389,1472.3210426399992,0.0,0.0,0.0,0.033510275185108185,False,True,
s-002,after_common_greedy_prefix,4,200,0,-31267.824444901,31421.326685703,49032.731442917,25536.340894651574,4968.316425175872,32186.944429189,919.1199842879978,0.02436618132468491,0.0,0.0,0.2316019870340824,False,False,
s-002,after_common_greedy_prefix,4,200,1,-31267.824444901,31421.326685703,49032.731442917,25536.340894651574,4968.316425175872,32186.944429189,919.1199842879978,0.02436618132468491,0.0,0.0,0.23023774474859238,False,False,
s-002,after_common_greedy_prefix,4,1000,0,-31267.824444901,31421.326685703,49032.731442917,25536.340894651574,4968.316425175872,32186.944429189,919.1199842879978,0.02436618132468491,0.0,0.0,1.0273005478084087,False,False,
s-002,after_common_greedy_prefix,4,1000,1,-31267.824444901,31421.326685703,49032.731442917,25536.340894651574,4968.316425175872,32186.944429189,919.1199842879978,0.02436618132468491,0.0,0.0,1.0275512970983982,False,False,
s-002,after_common_greedy_prefix,4,50,0,-31267.824444901,31421.326685703,49032.731442917,25536.340894651574,4968.316425175872,32186.944429189,919.1199842879978,0.02436618132468491,0.0,0.0,0.07693515345454216,False,False,
s-002,after_common_greedy_prefix,4,50,1,-31267.824444901,31421.326685703,49032.731442917,25536.340894651574,4968.316425175872,32186.944429189,919.1199842879978,0.02436618132468491,0.0,0.0,0.07699274644255638,False,False,
s-002,after_common_greedy_prefix,4,10,0,-31267.824444901,31421.326685703,49032.731442917,25536.340894651574,4968.316425175872,32186.944429189,919.1199842879978,0.02436618132468491,0.0,0.0,0.03699534013867378,False,False,
s-002,after_common_greedy_prefix,4,10,1,-31267.824444901,31421.326685703,49032.731442917,25536.340894651574,4968.316425175872,32186.944429189,919.1199842879978,0.02436618132468491,0.0,0.0,0.03841651976108551,False,False,
s-002,after_common_greedy_prefix,5,200,0,295.42062298899987,951.526451963,951.526451963,698.301441903,4968.316425175872,951.526451963,1246.9470749519999,0.0,0.0,0.0,0.22421123087406158,False,True,
s-002,after_common_greedy_prefix,5,200,1,295.42062298899987,951.526451963,951.526451963,698.301441903,4968.316425175872,951.526451963,1246.9470749519999,0.0,0.0,0.0,0.22458088770508766,False,True,
s-002,after_common_greedy_prefix,5,1000,0,295.42062298899987,951.526451963,951.526451963,698.301441903,4968.316425175872,951.526451963,1246.9470749519999,0.0,0.0,0.0,1.0237455181777477,False,True,
s-002,after_common_greedy_prefix,5,1000,1,295.42062298899987,951.526451963,951.526451963,698.301441903,4968.316425175872,951.526451963,1246.9470749519999,0.0,0.0,0.0,1.0241364762187004,False,True,
s-002,after_common_greedy_prefix,5,50,0,295.42062298899987,951.526451963,951.526451963,698.301441903,4968.316425175872,951.526451963,1246.9470749519999,0.0,0.0,0.0,0.07363294437527657,False,True,
s-002,after_common_greedy_prefix,5,50,1,295.42062298899987,951.526451963,951.526451963,698.301441903,4968.316425175872,951.526451963,1246.9470749519999,0.0,0.0,0.0,0.07325277104973793,False,True,
s-002,after_common_greedy_prefix,5,10,0,295.42062298899987,951.526451963,951.526451963,698.301441903,4968.316425175872,951.526451963,1246.9470749519999,0.0,0.0,0.0,0.03401646763086319,False,True,
s-002,after_common_greedy_prefix,5,10,1,295.42062298899987,951.526451963,951.526451963,698.301441903,4968.316425175872,951.526451963,1246.9470749519999,0.0,0.0,0.0,0.035852253437042236,False,True,
s-002,after_common_greedy_prefix,6,200,0,-5670.6006671489995,8290.769506898,9033.468293635,5630.0130931988,4968.316425175872,8339.141426242,2668.540759093001,0.005834430604270831,0.0,0.0,0.2261834554374218,False,False,
s-002,after_common_greedy_prefix,6,200,1,-5670.6006671489995,8290.769506898,9033.468293635,5630.0130931988,4968.316425175872,8339.141426242,2668.540759093001,0.005834430604270831,0.0,0.0,0.2265399917960167,False,False,
s-002,after_common_greedy_prefix,6,1000,0,-5670.6006671489995,8290.769506898,9033.468293635,5630.0130931988,4968.316425175872,8339.141426242,2668.540759093001,0.005834430604270831,0.0,0.0,1.0258970893919468,False,False,
s-002,after_common_greedy_prefix,6,1000,1,-5670.6006671489995,8290.769506898,9033.468293635,5630.0130931988,4968.316425175872,8339.141426242,2668.540759093001,0.005834430604270831,0.0,0.0,1.0264347568154335,False,False,
s-002,after_common_greedy_prefix,6,50,0,-5670.6006671489995,8290.769506898,9033.468293635,5630.0130931988,4968.316425175872,8339.141426242,2668.540759093001,0.005834430604270831,0.0,0.0,0.07356085255742073,False,False,
s-002,after_common_greedy_prefix,6,50,1,-5670.6006671489995,8290.769506898,9033.468293635,5630.0130931988,4968.316425175872,8339.141426242,2668.540759093001,0.005834430604270831,0.0,0.0,0.07362391799688339,False,False,
s-002,after_common_greedy_prefix,6,10,0,-5670.6006671489995,8290.769506898,9033.468293635,5630.0130931988,4968.316425175872,8339.141426242,2668.540759093001,0.005834430604270831,0.0,0.0,0.034604545682668686,False,False,
s-002,after_common_greedy_prefix,6,10,1,-5670.6006671489995,8290.769506898,9033.468293635,5630.0130931988,4968.316425175872,8339.141426242,2668.540759093001,0.005834430604270831,0.0,0.0,0.03688794746994972,False,False,
s-002,after_common_greedy_prefix,7,200,0,-29865.913768236,31231.445175959,47538.120587355,24308.14495015127,4968.316425175872,32349.380653449,2483.466885212998,0.03579518882944778,0.0,0.0,0.2282756268978119,False,False,
s-002,after_common_greedy_prefix,7,200,1,-29865.913768236,31231.445175959,47538.120587355,24308.14495015127,4968.316425175872,32349.380653449,2483.466885212998,0.03579518882944778,0.0,0.0,0.22926217690110207,False,False,
s-002,after_common_greedy_prefix,7,1000,0,-29865.913768236,31231.445175959,47538.120587355,24308.14495015127,4968.316425175872,32349.380653449,2483.466885212998,0.03579518882944778,0.0,0.0,1.0270571075379848,False,False,
s-002,after_common_greedy_prefix,7,1000,1,-29865.913768236,31231.445175959,47538.120587355,24308.14495015127,4968.316425175872,32349.380653449,2483.466885212998,0.03579518882944778,0.0,0.0,1.0268703065812588,False,False,
s-002,after_common_greedy_prefix,7,50,0,-29865.913768236,31231.445175959,47538.120587355,24308.14495015127,4968.316425175872,32349.380653449,2483.466885212998,0.03579518882944778,0.0,0.0,0.07679686695337296,False,False,
s-002,after_common_greedy_prefix,7,50,1,-29865.913768236,31231.445175959,47538.120587355,24308.14495015127,4968.316425175872,32349.380653449,2483.466885212998,0.03579518882944778,0.0,0.0,0.07962002232670784,False,False,
s-002,after_common_greedy_prefix,7,10,0,-29865.913768236,31231.445175959,47538.120587355,24308.14495015127,4968.316425175872,32349.380653449,2483.466885212998,0.03579518882944778,0.0,0.0,0.04011385142803192,False,False,
s-002,after_common_greedy_prefix,7,10,1,-29865.913768236,31231.445175959,47538.120587355,24308.14495015127,4968.316425175872,32349.380653449,2483.466885212998,0.03579518882944778,0.0,0.0,0.03745899349451065,False,False,
s-002,after_common_greedy_prefix,8,200,0,569.7366135149996,1798.752068678,1798.752068678,1545.527058618,4968.316425175872,1798.752068678,2368.4886821929995,0.0,0.0,0.0,0.22533627972006798,False,True,
s-002,after_common_greedy_prefix,8,200,1,569.7366135149996,1798.752068678,1798.752068678,1545.527058618,4968.316425175872,1798.752068678,2368.4886821929995,0.0,0.0,0.0,0.22517180442810059,False,True,
s-002,after_common_greedy_prefix,8,1000,0,569.7366135149996,1798.752068678,1798.752068678,1545.527058618,4968.316425175872,1798.752068678,2368.4886821929995,0.0,0.0,0.0,1.0245464146137238,False,True,
s-002,after_common_greedy_prefix,8,1000,1,569.7366135149996,1798.752068678,1798.752068678,1545.527058618,4968.316425175872,1798.752068678,2368.4886821929995,0.0,0.0,0.0,1.0233603157103062,False,True,
s-002,after_common_greedy_prefix,8,50,0,569.7366135149996,1798.752068678,1798.752068678,1545.527058618,4968.316425175872,1798.752068678,2368.4886821929995,0.0,0.0,0.0,0.07277502119541168,False,True,
s-002,after_common_greedy_prefix,8,50,1,569.7366135149996,1798.752068678,1798.752068678,1545.527058618,4968.316425175872,1798.752068678,2368.4886821929995,0.0,0.0,0.0,0.07421297580003738,False,True,
s-002,after_common_greedy_prefix,8,10,0,569.7366135149996,1798.752068678,1798.752068678,1545.527058618,4968.316425175872,1798.752068678,2368.4886821929995,0.0,0.0,0.0,0.03518197685480118,False,True,
s-002,after_common_greedy_prefix,8,10,1,569.7366135149996,1798.752068678,1798.752068678,1545.527058618,4968.316425175872,1798.752068678,2368.4886821929995,0.0,0.0,0.0,0.033658217638731,False,True,
s-002,after_common_greedy_prefix,9,200,0,-5388.429127027,8220.07217925,9497.209101525,6085.128012721067,4968.316425175872,8470.6906697,3082.261542673,0.030488599733057956,0.0,0.0,0.2242656871676445,False,False,
s-002,after_common_greedy_prefix,9,200,1,-5388.429127027,8220.07217925,9497.209101525,6085.128012721067,4968.316425175872,8470.6906697,3082.261542673,0.030488599733057956,0.0,0.0,0.22489847987890244,False,False,
s-002,after_common_greedy_prefix,9,1000,0,-5388.429127027,8220.07217925,9497.209101525,6085.128012721067,4968.316425175872,8470.6906697,3082.261542673,0.030488599733057956,0.0,0.0,1.0247732438147068,False,False,
s-002,after_common_greedy_prefix,9,1000,1,-5388.429127027,8220.07217925,9497.209101525,6085.128012721067,4968.316425175872,8470.6906697,3082.261542673,0.030488599733057956,0.0,0.0,1.0247705727815628,False,False,
s-002,after_common_greedy_prefix,9,50,0,-5388.429127027,8220.07217925,9497.209101525,6085.128012721067,4968.316425175872,8470.6906697,3082.261542673,0.030488599733057956,0.0,0.0,0.07379221171140671,False,False,
s-002,after_common_greedy_prefix,9,50,1,-5388.429127027,8220.07217925,9497.209101525,6085.128012721067,4968.316425175872,8470.6906697,3082.261542673,0.030488599733057956,0.0,0.0,0.07434460893273354,False,False,
s-002,after_common_greedy_prefix,9,10,0,-5388.429127027,8220.07217925,9497.209101525,6085.128012721067,4968.316425175872,8470.6906697,3082.261542673,0.030488599733057956,0.0,0.0,0.03619515150785446,False,False,
s-002,after_common_greedy_prefix,9,10,1,-5388.429127027,8220.07217925,9497.209101525,6085.128012721067,4968.316425175872,8470.6906697,3082.261542673,0.030488599733057956,0.0,0.0,0.03475313261151314,False,False,
s-002,after_common_greedy_prefix,10,200,0,-25765.941738366,30734.258163542,42497.695597467,23162.364423942814,4968.316425175872,30987.081080186,5221.139341819999,0.008226094649777707,252.82291664412696,0.00021017824995675301,0.22807522490620613,False,False,0.22807522490620613
s-002,after_common_greedy_prefix,10,200,1,-25765.941738366,30734.258163542,42497.695597467,23162.364423942814,4968.316425175872,30987.081080186,5221.139341819999,0.008226094649777707,252.82291664412696,0.00021017824995675301,0.2301490642130375,False,False,0.2301490642130375
s-002,after_common_greedy_prefix,10,1000,0,-25765.941738366,30734.258163542,42497.695597467,23162.364423942814,4968.316425175872,30987.081080186,5221.139341819999,0.008226094649777707,252.82291664412696,0.00021017824995675301,1.0293742828071117,False,False,1.0293742828071117
s-002,after_common_greedy_prefix,10,1000,1,-25765.941738366,30734.258163542,42497.695597467,23162.364423942814,4968.316425175872,30987.081080186,5221.139341819999,0.008226094649777707,252.82291664412696,0.00021017824995675301,1.0286030247807503,False,False,1.0286030247807503
s-002,after_common_greedy_prefix,10,50,0,-25765.941738366,30734.258163542,42497.695597467,23162.364423942814,4968.316425175872,30987.081080186,5221.139341819999,0.008226094649777707,252.82291664412696,0.00021017824995675301,0.07879312336444855,False,False,0.07879312336444855
s-002,after_common_greedy_prefix,10,50,1,-25765.941738366,30734.258163542,42497.695597467,23162.364423942814,4968.316425175872,30987.081080186,5221.139341819999,0.008226094649777707,252.82291664412696,0.00021017824995675301,0.07909520715475082,False,False,0.07909520715475082
s-002,after_common_greedy_prefix,10,10,0,-25765.941738366,30734.258163542,42497.695597467,23162.364423942814,4968.316425175872,30987.081080186,5221.139341819999,0.008226094649777707,252.82291664412696,0.00021017824995675301,0.036228518933057785,False,False,0.036228518933057785
s-002,after_common_greedy_prefix,10,10,1,-25765.941738366,30734.258163542,42497.695597467,23162.364423942814,4968.316425175872,30987.081080186,5221.139341819999,0.008226094649777707,252.82291664412696,0.00021017824995675301,0.03567809239029884,False,False,0.03567809239029884
s-003,after_one_actual_history_call,0,200,0,-8899.24289118,8899.24289118,16193.876711022,6714.993543329044,4968.316425175872,9265.376450587,366.1335594070006,0.041142102073635264,0.0,0.0,0.2269727773964405,False,False,
s-003,after_one_actual_history_call,0,200,1,-8899.24289118,8899.24289118,16193.876711022,6714.993543329044,4968.316425175872,9265.376450587,366.1335594070006,0.041142102073635264,0.0,0.0,0.22792348638176918,False,False,
s-003,after_one_actual_history_call,0,1000,0,-8899.24289118,8899.24289118,16193.876711022,6714.993543329044,4968.316425175872,9265.376450587,366.1335594070006,0.041142102073635264,0.0,0.0,1.027284413576126,False,False,
s-003,after_one_actual_history_call,0,1000,1,-8899.24289118,8899.24289118,16193.876711022,6714.993543329044,4968.316425175872,9265.376450587,366.1335594070006,0.041142102073635264,0.0,0.0,1.0285757035017014,False,False,
s-003,after_one_actual_history_call,0,50,0,-8899.24289118,8899.24289118,16193.876711022,6714.993543329044,4968.316425175872,9265.376450587,366.1335594070006,0.041142102073635264,0.0,0.0,0.07839459553360939,False,False,
s-003,after_one_actual_history_call,0,50,1,-8899.24289118,8899.24289118,16193.876711022,6714.993543329044,4968.316425175872,9265.376450587,366.1335594070006,0.041142102073635264,0.0,0.0,0.07649413123726845,False,False,
s-003,after_one_actual_history_call,0,10,0,-8899.24289118,8899.24289118,16193.876711022,6714.993543329044,4968.316425175872,9265.376450587,366.1335594070006,0.041142102073635264,0.0,0.0,0.035428207367658615,False,False,
s-003,after_one_actual_history_call,0,10,1,-8899.24289118,8899.24289118,16193.876711022,6714.993543329044,4968.316425175872,9265.376450587,366.1335594070006,0.041142102073635264,0.0,0.0,0.03490427881479263,False,False,
s-003,after_one_actual_history_call,1,200,0,-32873.190854645996,32958.082878153,34573.006703639,24088.944606514648,4968.316425175872,32958.082878153,84.89202350700361,0.0,0.0,0.0,0.005070198327302933,False,True,
s-003,after_one_actual_history_call,1,200,1,-32873.190854645996,32958.082878153,34573.006703639,24088.944606514648,4968.316425175872,32958.082878153,84.89202350700361,0.0,0.0,0.0,0.004733182489871979,False,True,
s-003,after_one_actual_history_call,1,1000,0,-32873.190854645996,32958.082878153,34573.006703639,24088.944606514648,4968.316425175872,32958.082878153,84.89202350700361,0.0,0.0,0.0,1.0311711765825748,False,True,
s-003,after_one_actual_history_call,1,1000,1,-32873.190854645996,32958.082878153,34573.006703639,24088.944606514648,4968.316425175872,32958.082878153,84.89202350700361,0.0,0.0,0.0,1.0287020727992058,False,True,
s-003,after_one_actual_history_call,1,50,0,-32873.190854645996,32958.082878153,34573.006703639,24088.944606514648,4968.316425175872,32958.082878153,84.89202350700361,0.0,0.0,0.0,0.07862555235624313,False,True,
s-003,after_one_actual_history_call,1,50,1,-32873.190854645996,32958.082878153,34573.006703639,24088.944606514648,4968.316425175872,32958.082878153,84.89202350700361,0.0,0.0,0.0,0.08213047683238983,False,True,
s-003,after_one_actual_history_call,1,10,0,-32873.190854645996,32958.082878153,34573.006703639,24088.944606514648,4968.316425175872,32958.082878153,84.89202350700361,0.0,0.0,0.0,0.038953155279159546,False,True,
s-003,after_one_actual_history_call,1,10,1,-32873.190854645996,32958.082878153,34573.006703639,24088.944606514648,4968.316425175872,32958.082878153,84.89202350700361,0.0,0.0,0.0,0.03908539190888405,False,True,
s-003,after_one_actual_history_call,2,200,0,153.50224080199996,580.622992204,580.622992204,327.39798214399997,4968.316425175872,580.622992204,734.1252330059999,0.0,0.0,0.0,0.22431814298033714,False,True,
s-003,after_one_actual_history_call,2,200,1,153.50224080199996,580.622992204,580.622992204,327.39798214399997,4968.316425175872,580.622992204,734.1252330059999,0.0,0.0,0.0,0.22449592128396034,False,True,
s-003,after_one_actual_history_call,2,1000,0,153.50224080199996,580.622992204,580.622992204,327.39798214399997,4968.316425175872,580.622992204,734.1252330059999,0.0,0.0,0.0,1.023419365286827,False,True,
s-003,after_one_actual_history_call,2,1000,1,153.50224080199996,580.622992204,580.622992204,327.39798214399997,4968.316425175872,580.622992204,734.1252330059999,0.0,0.0,0.0,1.0241517908871174,False,True,
s-003,after_one_actual_history_call,2,50,0,153.50224080199996,580.622992204,580.622992204,327.39798214399997,4968.316425175872,580.622992204,734.1252330059999,0.0,0.0,0.0,0.07358573004603386,False,True,
s-003,after_one_actual_history_call,2,50,1,153.50224080199996,580.622992204,580.622992204,327.39798214399997,4968.316425175872,580.622992204,734.1252330059999,0.0,0.0,0.0,0.07245175167918205,False,True,
s-003,after_one_actual_history_call,2,10,0,153.50224080199996,580.622992204,580.622992204,327.39798214399997,4968.316425175872,580.622992204,734.1252330059999,0.0,0.0,0.0,0.03405219689011574,False,True,
s-003,after_one_actual_history_call,2,10,1,153.50224080199996,580.622992204,580.622992204,327.39798214399997,4968.316425175872,580.622992204,734.1252330059999,0.0,0.0,0.0,0.033820729702711105,False,True,
s-003,after_one_actual_history_call,3,200,0,-6250.926020749001,7723.247063389,9528.389735335,5402.581873436333,4968.316425175872,7723.247063389,1472.3210426399992,0.0,0.0,0.0,0.224525548517704,False,True,
s-003,after_one_actual_history_call,3,200,1,-6250.926020749001,7723.247063389,9528.389735335,5402.581873436333,4968.316425175872,7723.247063389,1472.3210426399992,0.0,0.0,0.0,0.22633232548832893,False,True,
s-003,after_one_actual_history_call,3,1000,0,-6250.926020749001,7723.247063389,9528.389735335,5402.581873436333,4968.316425175872,7723.247063389,1472.3210426399992,0.0,0.0,0.0,1.0261382460594177,False,True,
s-003,after_one_actual_history_call,3,1000,1,-6250.926020749001,7723.247063389,9528.389735335,5402.581873436333,4968.316425175872,7723.247063389,1472.3210426399992,0.0,0.0,0.0,1.0269175879657269,False,True,
s-003,after_one_actual_history_call,3,50,0,-6250.926020749001,7723.247063389,9528.389735335,5402.581873436333,4968.316425175872,7723.247063389,1472.3210426399992,0.0,0.0,0.0,0.07542529702186584,False,True,
s-003,after_one_actual_history_call,3,50,1,-6250.926020749001,7723.247063389,9528.389735335,5402.581873436333,4968.316425175872,7723.247063389,1472.3210426399992,0.0,0.0,0.0,0.0749601349234581,False,True,
s-003,after_one_actual_history_call,3,10,0,-6250.926020749001,7723.247063389,9528.389735335,5402.581873436333,4968.316425175872,7723.247063389,1472.3210426399992,0.0,0.0,0.0,0.03477746620774269,False,True,
s-003,after_one_actual_history_call,3,10,1,-6250.926020749001,7723.247063389,9528.389735335,5402.581873436333,4968.316425175872,7723.247063389,1472.3210426399992,0.0,0.0,0.0,0.036756690591573715,False,True,
s-003,after_one_actual_history_call,4,200,0,-31267.824444901,31421.326685703,49032.731442917,25536.340894651574,4968.316425175872,32186.944429189,919.1199842879978,0.02436618132468491,0.0,0.0,0.2316453456878662,False,False,
s-003,after_one_actual_history_call,4,200,1,-31267.824444901,31421.326685703,49032.731442917,25536.340894651574,4968.316425175872,32186.944429189,919.1199842879978,0.02436618132468491,0.0,0.0,0.22989648208022118,False,False,
s-003,after_one_actual_history_call,4,1000,0,-31267.824444901,31421.326685703,49032.731442917,25536.340894651574,4968.316425175872,32186.944429189,919.1199842879978,0.02436618132468491,0.0,0.0,1.0292016342282295,False,False,
s-003,after_one_actual_history_call,4,1000,1,-31267.824444901,31421.326685703,49032.731442917,25536.340894651574,4968.316425175872,32186.944429189,919.1199842879978,0.02436618132468491,0.0,0.0,1.0296870842576027,False,False,
s-003,after_one_actual_history_call,4,50,0,-31267.824444901,31421.326685703,49032.731442917,25536.340894651574,4968.316425175872,32186.944429189,919.1199842879978,0.02436618132468491,0.0,0.0,0.07972689345479012,False,False,
s-003,after_one_actual_history_call,4,50,1,-31267.824444901,31421.326685703,49032.731442917,25536.340894651574,4968.316425175872,32186.944429189,919.1199842879978,0.02436618132468491,0.0,0.0,0.07695984095335007,False,False,
s-003,after_one_actual_history_call,4,10,0,-31267.824444901,31421.326685703,49032.731442917,25536.340894651574,4968.316425175872,32186.944429189,919.1199842879978,0.02436618132468491,0.0,0.0,0.035734884440898895,False,False,
s-003,after_one_actual_history_call,4,10,1,-31267.824444901,31421.326685703,49032.731442917,25536.340894651574,4968.316425175872,32186.944429189,919.1199842879978,0.02436618132468491,0.0,0.0,0.03469238802790642,False,False,
s-003,after_one_actual_history_call,5,200,0,295.42062298899987,951.526451963,951.526451963,698.301441903,4968.316425175872,951.526451963,1246.9470749519999,0.0,0.0,0.0,0.22313999384641647,False,True,
s-003,after_one_actual_history_call,5,200,1,295.42062298899987,951.526451963,951.526451963,698.301441903,4968.316425175872,951.526451963,1246.9470749519999,0.0,0.0,0.0,0.22419361397624016,False,True,
s-003,after_one_actual_history_call,5,1000,0,295.42062298899987,951.526451963,951.526451963,698.301441903,4968.316425175872,951.526451963,1246.9470749519999,0.0,0.0,0.0,1.025005355477333,False,True,
s-003,after_one_actual_history_call,5,1000,1,295.42062298899987,951.526451963,951.526451963,698.301441903,4968.316425175872,951.526451963,1246.9470749519999,0.0,0.0,0.0,1.025410681962967,False,True,
s-003,after_one_actual_history_call,5,50,0,295.42062298899987,951.526451963,951.526451963,698.301441903,4968.316425175872,951.526451963,1246.9470749519999,0.0,0.0,0.0,0.07532590255141258,False,True,
s-003,after_one_actual_history_call,5,50,1,295.42062298899987,951.526451963,951.526451963,698.301441903,4968.316425175872,951.526451963,1246.9470749519999,0.0,0.0,0.0,0.07652245089411736,False,True,
s-003,after_one_actual_history_call,5,10,0,295.42062298899987,951.526451963,951.526451963,698.301441903,4968.316425175872,951.526451963,1246.9470749519999,0.0,0.0,0.0,0.033342018723487854,False,True,
s-003,after_one_actual_history_call,5,10,1,295.42062298899987,951.526451963,951.526451963,698.301441903,4968.316425175872,951.526451963,1246.9470749519999,0.0,0.0,0.0,0.03126855194568634,False,True,
s-003,after_one_actual_history_call,6,200,0,-5670.6006671489995,8290.769506898,9033.468293635,5630.0130931988,4968.316425175872,8339.141426242,2668.540759093001,0.005834430604270831,0.0,0.0,0.2248106189072132,False,False,
s-003,after_one_actual_history_call,6,200,1,-5670.6006671489995,8290.769506898,9033.468293635,5630.0130931988,4968.316425175872,8339.141426242,2668.540759093001,0.005834430604270831,0.0,0.0,0.2268976829946041,False,False,
s-003,after_one_actual_history_call,6,1000,0,-5670.6006671489995,8290.769506898,9033.468293635,5630.0130931988,4968.316425175872,8339.141426242,2668.540759093001,0.005834430604270831,0.0,0.0,1.0268809236586094,False,False,
s-003,after_one_actual_history_call,6,1000,1,-5670.6006671489995,8290.769506898,9033.468293635,5630.0130931988,4968.316425175872,8339.141426242,2668.540759093001,0.005834430604270831,0.0,0.0,1.027020275592804,False,False,
s-003,after_one_actual_history_call,6,50,0,-5670.6006671489995,8290.769506898,9033.468293635,5630.0130931988,4968.316425175872,8339.141426242,2668.540759093001,0.005834430604270831,0.0,0.0,0.07644999027252197,False,False,
s-003,after_one_actual_history_call,6,50,1,-5670.6006671489995,8290.769506898,9033.468293635,5630.0130931988,4968.316425175872,8339.141426242,2668.540759093001,0.005834430604270831,0.0,0.0,0.07771420106291771,False,False,
s-003,after_one_actual_history_call,6,10,0,-5670.6006671489995,8290.769506898,9033.468293635,5630.0130931988,4968.316425175872,8339.141426242,2668.540759093001,0.005834430604270831,0.0,0.0,0.036209773272275925,False,False,
s-003,after_one_actual_history_call,6,10,1,-5670.6006671489995,8290.769506898,9033.468293635,5630.0130931988,4968.316425175872,8339.141426242,2668.540759093001,0.005834430604270831,0.0,0.0,0.03396601974964142,False,False,
s-003,after_one_actual_history_call,7,200,0,-29865.913768236,31231.445175959,47538.120587355,24308.14495015127,4968.316425175872,32349.380653449,2483.466885212998,0.03579518882944778,0.0,0.0,0.2269088327884674,False,False,
s-003,after_one_actual_history_call,7,200,1,-29865.913768236,31231.445175959,47538.120587355,24308.14495015127,4968.316425175872,32349.380653449,2483.466885212998,0.03579518882944778,0.0,0.0,0.22819336131215096,False,False,
s-003,after_one_actual_history_call,7,1000,0,-29865.913768236,31231.445175959,47538.120587355,24308.14495015127,4968.316425175872,32349.380653449,2483.466885212998,0.03579518882944778,0.0,0.0,1.0295926295220852,False,False,
s-003,after_one_actual_history_call,7,1000,1,-29865.913768236,31231.445175959,47538.120587355,24308.14495015127,4968.316425175872,32349.380653449,2483.466885212998,0.03579518882944778,0.0,0.0,1.0307986475527287,False,False,
s-003,after_one_actual_history_call,7,50,0,-29865.913768236,31231.445175959,47538.120587355,24308.14495015127,4968.316425175872,32349.380653449,2483.466885212998,0.03579518882944778,0.0,0.0,0.08034338429570198,False,False,
s-003,after_one_actual_history_call,7,50,1,-29865.913768236,31231.445175959,47538.120587355,24308.14495015127,4968.316425175872,32349.380653449,2483.466885212998,0.03579518882944778,0.0,0.0,0.08005061373114586,False,False,
s-003,after_one_actual_history_call,7,10,0,-29865.913768236,31231.445175959,47538.120587355,24308.14495015127,4968.316425175872,32349.380653449,2483.466885212998,0.03579518882944778,0.0,0.0,0.037910863757133484,False,False,
s-003,after_one_actual_history_call,7,10,1,-29865.913768236,31231.445175959,47538.120587355,24308.14495015127,4968.316425175872,32349.380653449,2483.466885212998,0.03579518882944778,0.0,0.0,0.038158684968948364,False,False,
s-003,after_one_actual_history_call,8,200,0,569.7366135149996,1798.752068678,1798.752068678,1545.527058618,4968.316425175872,1798.752068678,2368.4886821929995,0.0,0.0,0.0,0.2234107069671154,False,True,
s-003,after_one_actual_history_call,8,200,1,569.7366135149996,1798.752068678,1798.752068678,1545.527058618,4968.316425175872,1798.752068678,2368.4886821929995,0.0,0.0,0.0,0.22444165125489235,False,True,
s-003,after_one_actual_history_call,8,1000,0,569.7366135149996,1798.752068678,1798.752068678,1545.527058618,4968.316425175872,1798.752068678,2368.4886821929995,0.0,0.0,0.0,1.0242102146148682,False,True,
s-003,after_one_actual_history_call,8,1000,1,569.7366135149996,1798.752068678,1798.752068678,1545.527058618,4968.316425175872,1798.752068678,2368.4886821929995,0.0,0.0,0.0,1.0232412032783031,False,True,
s-003,after_one_actual_history_call,8,50,0,569.7366135149996,1798.752068678,1798.752068678,1545.527058618,4968.316425175872,1798.752068678,2368.4886821929995,0.0,0.0,0.0,0.07330187410116196,False,True,
s-003,after_one_actual_history_call,8,50,1,569.7366135149996,1798.752068678,1798.752068678,1545.527058618,4968.316425175872,1798.752068678,2368.4886821929995,0.0,0.0,0.0,0.07370063289999962,False,True,
s-003,after_one_actual_history_call,8,10,0,569.7366135149996,1798.752068678,1798.752068678,1545.527058618,4968.316425175872,1798.752068678,2368.4886821929995,0.0,0.0,0.0,0.032160889357328415,False,True,
s-003,after_one_actual_history_call,8,10,1,569.7366135149996,1798.752068678,1798.752068678,1545.527058618,4968.316425175872,1798.752068678,2368.4886821929995,0.0,0.0,0.0,0.031210552901029587,False,True,
s-003,after_one_actual_history_call,9,200,0,-5388.429127027,8220.07217925,9497.209101525,6085.128012721067,4968.316425175872,8470.6906697,3082.261542673,0.030488599733057956,0.0,0.0,0.22499799355864525,False,False,
s-003,after_one_actual_history_call,9,200,1,-5388.429127027,8220.07217925,9497.209101525,6085.128012721067,4968.316425175872,8470.6906697,3082.261542673,0.030488599733057956,0.0,0.0,0.22730066254734993,False,False,
s-003,after_one_actual_history_call,9,1000,0,-5388.429127027,8220.07217925,9497.209101525,6085.128012721067,4968.316425175872,8470.6906697,3082.261542673,0.030488599733057956,0.0,0.0,1.0267522931098938,False,False,
s-003,after_one_actual_history_call,9,1000,1,-5388.429127027,8220.07217925,9497.209101525,6085.128012721067,4968.316425175872,8470.6906697,3082.261542673,0.030488599733057956,0.0,0.0,1.0273168124258518,False,False,
s-003,after_one_actual_history_call,9,50,0,-5388.429127027,8220.07217925,9497.209101525,6085.128012721067,4968.316425175872,8470.6906697,3082.261542673,0.030488599733057956,0.0,0.0,0.07643558084964752,False,False,
s-003,after_one_actual_history_call,9,50,1,-5388.429127027,8220.07217925,9497.209101525,6085.128012721067,4968.316425175872,8470.6906697,3082.261542673,0.030488599733057956,0.0,0.0,0.0747235119342804,False,False,
s-003,after_one_actual_history_call,9,10,0,-5388.429127027,8220.07217925,9497.209101525,6085.128012721067,4968.316425175872,8470.6906697,3082.261542673,0.030488599733057956,0.0,0.0,0.03332473337650299,False,False,
s-003,after_one_actual_history_call,9,10,1,-5388.429127027,8220.07217925,9497.209101525,6085.128012721067,4968.316425175872,8470.6906697,3082.261542673,0.030488599733057956,0.0,0.0,0.03208816424012184,False,False,
s-003,after_one_actual_history_call,10,200,0,-25765.941738366,30734.258163542,42497.695597467,23162.364423942814,4968.316425175872,30987.081080186,5221.139341819999,0.008226094649777707,252.82291664412696,0.00021017824995675301,0.22644836083054543,False,False,0.22644836083054543
s-003,after_one_actual_history_call,10,200,1,-25765.941738366,30734.258163542,42497.695597467,23162.364423942814,4968.316425175872,30987.081080186,5221.139341819999,0.008226094649777707,252.82291664412696,0.00021017824995675301,0.22915258258581161,False,False,0.22915258258581161
s-003,after_one_actual_history_call,10,1000,0,-25765.941738366,30734.258163542,42497.695597467,23162.364423942814,4968.316425175872,30987.081080186,5221.139341819999,0.008226094649777707,252.82291664412696,0.00021017824995675301,1.0295616500079632,False,False,1.0295616500079632
s-003,after_one_actual_history_call,10,1000,1,-25765.941738366,30734.258163542,42497.695597467,23162.364423942814,4968.316425175872,30987.081080186,5221.139341819999,0.008226094649777707,252.82291664412696,0.00021017824995675301,1.028596505522728,False,False,1.028596505522728
s-003,after_one_actual_history_call,10,50,0,-25765.941738366,30734.258163542,42497.695597467,23162.364423942814,4968.316425175872,30987.081080186,5221.139341819999,0.008226094649777707,252.82291664412696,0.00021017824995675301,0.07969051226973534,False,False,0.07969051226973534
s-003,after_one_actual_history_call,10,50,1,-25765.941738366,30734.258163542,42497.695597467,23162.364423942814,4968.316425175872,30987.081080186,5221.139341819999,0.008226094649777707,252.82291664412696,0.00021017824995675301,0.08007242158055305,False,False,0.08007242158055305
s-003,after_one_actual_history_call,10,10,0,-25765.941738366,30734.258163542,42497.695597467,23162.364423942814,4968.316425175872,30987.081080186,5221.139341819999,0.008226094649777707,252.82291664412696,0.00021017824995675301,0.0378262884914875,False,False,0.0378262884914875
s-003,after_one_actual_history_call,10,10,1,-25765.941738366,30734.258163542,42497.695597467,23162.364423942814,4968.316425175872,30987.081080186,5221.139341819999,0.008226094649777707,252.82291664412696,0.00021017824995675301,0.0375107116997242,False,False,0.0375107116997242
s-004,after_common_greedy_prefix,0,200,0,-7882.17993682,8472.729043152,14239.986805094,6008.2606163014825,5018.299473766005,8762.610733802,880.4307969819993,0.03421349711216054,0.0,0.0,0.22842424735426903,False,False,
s-004,after_common_greedy_prefix,0,200,1,-7882.17993682,8472.729043152,14239.986805094,6008.2606163014825,5018.299473766005,8762.610733802,880.4307969819993,0.03421349711216054,0.0,0.0,0.2260104864835739,False,False,
s-004,after_common_greedy_prefix,0,1000,0,-7882.17993682,8472.729043152,14239.986805094,6008.2606163014825,5018.299473766005,8762.610733802,880.4307969819993,0.03421349711216054,0.0,0.0,1.0264755077660084,False,False,
s-004,after_common_greedy_prefix,0,1000,1,-7882.17993682,8472.729043152,14239.986805094,6008.2606163014825,5018.299473766005,8762.610733802,880.4307969819993,0.03421349711216054,0.0,0.0,1.0258069448173046,False,False,
s-004,after_common_greedy_prefix,0,50,0,-7882.17993682,8472.729043152,14239.986805094,6008.2606163014825,5018.299473766005,8762.610733802,880.4307969819993,0.03421349711216054,0.0,0.0,0.07642009109258652,False,False,
s-004,after_common_greedy_prefix,0,50,1,-7882.17993682,8472.729043152,14239.986805094,6008.2606163014825,5018.299473766005,8762.610733802,880.4307969819993,0.03421349711216054,0.0,0.0,0.07717989385128021,False,False,
s-004,after_common_greedy_prefix,0,10,0,-7882.17993682,8472.729043152,14239.986805094,6008.2606163014825,5018.299473766005,8762.610733802,880.4307969819993,0.03421349711216054,0.0,0.0,0.03633139282464981,False,False,
s-004,after_common_greedy_prefix,0,10,1,-7882.17993682,8472.729043152,14239.986805094,6008.2606163014825,5018.299473766005,8762.610733802,880.4307969819993,0.03421349711216054,0.0,0.0,0.03534425422549248,False,False,
s-004,after_common_greedy_prefix,1,200,0,-31453.776992285,31453.776992285,53502.126191858,26517.163356769266,5018.299473766005,32414.971021558,961.1940292730033,0.030558938263877355,0.0,0.0,0.23065801337361336,False,False,
s-004,after_common_greedy_prefix,1,200,1,-31453.776992285,31453.776992285,53502.126191858,26517.163356769266,5018.299473766005,32414.971021558,961.1940292730033,0.030558938263877355,0.0,0.0,0.22899522632360458,False,False,
s-004,after_common_greedy_prefix,1,1000,0,-31453.776992285,31453.776992285,53502.126191858,26517.163356769266,5018.299473766005,32414.971021558,961.1940292730033,0.030558938263877355,0.0,0.0,1.029657732695341,False,False,
s-004,after_common_greedy_prefix,1,1000,1,-31453.776992285,31453.776992285,53502.126191858,26517.163356769266,5018.299473766005,32414.971021558,961.1940292730033,0.030558938263877355,0.0,0.0,1.028866272419691,False,False,
s-004,after_common_greedy_prefix,1,50,0,-31453.776992285,31453.776992285,53502.126191858,26517.163356769266,5018.299473766005,32403.268983118,949.4919908330012,0.03018689905081648,0.0,0.0,0.07956918329000473,False,False,
s-004,after_common_greedy_prefix,1,50,1,-31453.776992285,31453.776992285,53502.126191858,26517.163356769266,5018.299473766005,32403.268983118,949.4919908330012,0.03018689905081648,0.0,0.0,0.07903816923499107,False,False,
s-004,after_common_greedy_prefix,1,10,0,-31453.776992285,31453.776992285,53502.126191858,26517.163356769266,5018.299473766005,32403.268983118,949.4919908330012,0.03018689905081648,0.0,0.0,0.03792975842952728,False,False,
s-004,after_common_greedy_prefix,1,10,1,-31453.776992285,31453.776992285,53502.126191858,26517.163356769266,5018.299473766005,32403.268983118,949.4919908330012,0.03018689905081648,0.0,0.0,0.03846590220928192,False,False,
s-004,after_common_greedy_prefix,2,200,0,153.50224080199996,580.622992204,580.622992204,327.39798214399997,5018.299473766005,580.622992204,734.1252330059999,0.0,0.0,0.0,0.22589551284909248,False,True,
s-004,after_common_greedy_prefix,2,200,1,153.50224080199996,580.622992204,580.622992204,327.39798214399997,5018.299473766005,580.622992204,734.1252330059999,0.0,0.0,0.0,0.22595013305544853,False,True,
s-004,after_common_greedy_prefix,2,1000,0,153.50224080199996,580.622992204,580.622992204,327.39798214399997,5018.299473766005,580.622992204,734.1252330059999,0.0,0.0,0.0,1.0248412787914276,False,True,
s-004,after_common_greedy_prefix,2,1000,1,153.50224080199996,580.622992204,580.622992204,327.39798214399997,5018.299473766005,580.622992204,734.1252330059999,0.0,0.0,0.0,1.024077843874693,False,True,
s-004,after_common_greedy_prefix,2,50,0,153.50224080199996,580.622992204,580.622992204,327.39798214399997,5018.299473766005,580.622992204,734.1252330059999,0.0,0.0,0.0,0.07498497143387794,False,True,
s-004,after_common_greedy_prefix,2,50,1,153.50224080199996,580.622992204,580.622992204,327.39798214399997,5018.299473766005,580.622992204,734.1252330059999,0.0,0.0,0.0,0.07505568489432335,False,True,
s-004,after_common_greedy_prefix,2,10,0,153.50224080199996,580.622992204,580.622992204,327.39798214399997,5018.299473766005,580.622992204,734.1252330059999,0.0,0.0,0.0,0.03375650942325592,False,True,
s-004,after_common_greedy_prefix,2,10,1,153.50224080199996,580.622992204,580.622992204,327.39798214399997,5018.299473766005,580.622992204,734.1252330059999,0.0,0.0,0.0,0.035468846559524536,False,True,
s-004,after_common_greedy_prefix,3,200,0,-6902.119628515,8338.21796134,12189.400413259,6084.703105158541,5018.299473766005,8476.287525826,1574.1678973109993,0.01655864180166025,0.0,0.0,0.22747552767395973,False,False,
s-004,after_common_greedy_prefix,3,200,1,-6902.119628515,8338.21796134,12189.400413259,6084.703105158541,5018.299473766005,8476.287525826,1574.1678973109993,0.01655864180166025,0.0,0.0,0.22635718807578087,False,False,
s-004,after_common_greedy_prefix,3,1000,0,-6902.119628515,8338.21796134,12189.400413259,6084.703105158541,5018.299473766005,8476.287525826,1574.1678973109993,0.01655864180166025,0.0,0.0,1.0280748158693314,False,False,
s-004,after_common_greedy_prefix,3,1000,1,-6902.119628515,8338.21796134,12189.400413259,6084.703105158541,5018.299473766005,8476.287525826,1574.1678973109993,0.01655864180166025,0.0,0.0,1.0305927507579327,False,False,
s-004,after_common_greedy_prefix,3,50,0,-6902.119628515,8338.21796134,12189.400413259,6084.703105158541,5018.299473766005,8476.287525826,1574.1678973109993,0.01655864180166025,0.0,0.0,0.07611618936061859,False,False,
s-004,after_common_greedy_prefix,3,50,1,-6902.119628515,8338.21796134,12189.400413259,6084.703105158541,5018.299473766005,8476.287525826,1574.1678973109993,0.01655864180166025,0.0,0.0,0.07702513784170151,False,False,
s-004,after_common_greedy_prefix,3,10,0,-6902.119628515,8338.21796134,12189.400413259,6084.703105158541,5018.299473766005,8476.287525826,1574.1678973109993,0.01655864180166025,0.0,0.0,0.03437582775950432,False,False,
s-004,after_common_greedy_prefix,3,10,1,-6902.119628515,8338.21796134,12189.400413259,6084.703105158541,5018.299473766005,8476.287525826,1574.1678973109993,0.01655864180166025,0.0,0.0,0.03418440744280815,False,False,
s-004,after_common_greedy_prefix,4,200,0,-31534.570796189,31688.073036991,49337.849964688,26084.430381219867,5018.299473766005,32472.162178775,937.5913825860007,0.02474398303957122,0.0,0.0,0.2292751856148243,False,False,
s-004,after_common_greedy_prefix,4,200,1,-31534.570796189,31688.073036991,49337.849964688,26084.430381219867,5018.299473766005,32472.162178775,937.5913825860007,0.02474398303957122,0.0,0.0,0.227720707654953,False,False,
s-004,after_common_greedy_prefix,4,1000,0,-31534.570796189,31688.073036991,49337.849964688,26084.430381219867,5018.299473766005,32472.162178775,937.5913825860007,0.02474398303957122,0.0,0.0,1.0280263237655163,False,False,
s-004,after_common_greedy_prefix,4,1000,1,-31534.570796189,31688.073036991,49337.849964688,26084.430381219867,5018.299473766005,32472.162178775,937.5913825860007,0.02474398303957122,0.0,0.0,1.02780407294631,False,False,
s-004,after_common_greedy_prefix,4,50,0,-31534.570796189,31688.073036991,49337.849964688,26084.430381219867,5018.299473766005,32472.162178775,937.5913825860007,0.02474398303957122,0.0,0.0,0.07709111645817757,False,False,
s-004,after_common_greedy_prefix,4,50,1,-31534.570796189,31688.073036991,49337.849964688,26084.430381219867,5018.299473766005,32472.162178775,937.5913825860007,0.02474398303957122,0.0,0.0,0.07815896347165108,False,False,
s-004,after_common_greedy_prefix,4,10,0,-31534.570796189,31688.073036991,49337.849964688,26084.430381219867,5018.299473766005,32472.162178775,937.5913825860007,0.02474398303957122,0.0,0.0,0.03627676144242287,False,False,
s-004,after_common_greedy_prefix,4,10,1,-31534.570796189,31688.073036991,49337.849964688,26084.430381219867,5018.299473766005,32472.162178775,937.5913825860007,0.02474398303957122,0.0,0.0,0.03704362362623215,False,False,
s-004,after_common_greedy_prefix,5,200,0,295.42062298899987,951.526451963,951.526451963,698.301441903,5018.299473766005,951.526451963,1246.9470749519999,0.0,0.0,0.0,0.22202793136239052,False,True,
s-004,after_common_greedy_prefix,5,200,1,295.42062298899987,951.526451963,951.526451963,698.301441903,5018.299473766005,951.526451963,1246.9470749519999,0.0,0.0,0.0,0.22356947138905525,False,True,
s-004,after_common_greedy_prefix,5,1000,0,295.42062298899987,951.526451963,951.526451963,698.301441903,5018.299473766005,951.526451963,1246.9470749519999,0.0,0.0,0.0,1.02328971773386,False,True,
s-004,after_common_greedy_prefix,5,1000,1,295.42062298899987,951.526451963,951.526451963,698.301441903,5018.299473766005,951.526451963,1246.9470749519999,0.0,0.0,0.0,1.0241517201066017,False,True,
s-004,after_common_greedy_prefix,5,50,0,295.42062298899987,951.526451963,951.526451963,698.301441903,5018.299473766005,951.526451963,1246.9470749519999,0.0,0.0,0.0,0.07529988139867783,False,True,
s-004,after_common_greedy_prefix,5,50,1,295.42062298899987,951.526451963,951.526451963,698.301441903,5018.299473766005,951.526451963,1246.9470749519999,0.0,0.0,0.0,0.07381768897175789,False,True,
s-004,after_common_greedy_prefix,5,10,0,295.42062298899987,951.526451963,951.526451963,698.301441903,5018.299473766005,951.526451963,1246.9470749519999,0.0,0.0,0.0,0.03179001808166504,False,True,
s-004,after_common_greedy_prefix,5,10,1,295.42062298899987,951.526451963,951.526451963,698.301441903,5018.299473766005,951.526451963,1246.9470749519999,0.0,0.0,0.0,0.031164105981588364,False,True,
s-004,after_common_greedy_prefix,6,200,0,-5624.927580711001,7847.831914028,8643.268308282,5438.900902270467,5018.299473766005,7949.550854285,2324.6232735739995,0.012961406586088776,0.0,0.0,0.22589904442429543,False,False,
s-004,after_common_greedy_prefix,6,200,1,-5624.927580711001,7847.831914028,8643.268308282,5438.900902270467,5018.299473766005,7949.550854285,2324.6232735739995,0.012961406586088776,0.0,0.0,0.22685622796416283,False,False,
s-004,after_common_greedy_prefix,6,1000,0,-5624.927580711001,7847.831914028,8643.268308282,5438.900902270467,5018.299473766005,7949.550854285,2324.6232735739995,0.012961406586088776,0.0,0.0,1.0247976742684841,False,False,
s-004,after_common_greedy_prefix,6,1000,1,-5624.927580711001,7847.831914028,8643.268308282,5438.900902270467,5018.299473766005,7949.550854285,2324.6232735739995,0.012961406586088776,0.0,0.0,1.0246981009840965,False,False,
s-004,after_common_greedy_prefix,6,50,0,-5624.927580711001,7847.831914028,8643.268308282,5438.900902270467,5018.299473766005,7949.550854285,2324.6232735739995,0.012961406586088776,0.0,0.0,0.0768529400229454,False,False,
s-004,after_common_greedy_prefix,6,50,1,-5624.927580711001,7847.831914028,8643.268308282,5438.900902270467,5018.299473766005,7949.550854285,2324.6232735739995,0.012961406586088776,0.0,0.0,0.07545642927289009,False,False,
s-004,after_common_greedy_prefix,6,10,0,-5624.927580711001,7847.831914028,8643.268308282,5438.900902270467,5018.299473766005,7949.550854285,2324.6232735739995,0.012961406586088776,0.0,0.0,0.035799846053123474,False,False,
s-004,after_common_greedy_prefix,6,10,1,-5624.927580711001,7847.831914028,8643.268308282,5438.900902270467,5018.299473766005,7949.550854285,2324.6232735739995,0.012961406586088776,0.0,0.0,0.0353657603263855,False,False,
s-004,after_common_greedy_prefix,7,200,0,-30514.183726313,31894.680810796,48968.396498522,24835.24202734937,5018.299473766005,32997.650611526,2483.466885212998,0.03458162216054084,0.0,0.0,0.22679810971021652,False,False,
s-004,after_common_greedy_prefix,7,200,1,-30514.183726313,31894.680810796,48968.396498522,24835.24202734937,5018.299473766005,32997.650611526,2483.466885212998,0.03458162216054084,0.0,0.0,0.22834520414471626,False,False,
s-004,after_common_greedy_prefix,7,1000,0,-30514.183726313,31894.680810796,48968.396498522,24835.24202734937,5018.299473766005,32997.650611526,2483.466885212998,0.03458162216054084,0.0,0.0,1.0280807428061962,False,False,
s-004,after_common_greedy_prefix,7,1000,1,-30514.183726313,31894.680810796,48968.396498522,24835.24202734937,5018.299473766005,32997.650611526,2483.466885212998,0.03458162216054084,0.0,0.0,1.027225088328123,False,False,
s-004,after_common_greedy_prefix,7,50,0,-30514.183726313,31894.680810796,48968.396498522,24835.24202734937,5018.299473766005,32997.650611526,2483.466885212998,0.03458162216054084,0.0,0.0,0.0793740414083004,False,False,
s-004,after_common_greedy_prefix,7,50,1,-30514.183726313,31894.680810796,48968.396498522,24835.24202734937,5018.299473766005,32997.650611526,2483.466885212998,0.03458162216054084,0.0,0.0,0.07777008786797523,False,False,
s-004,after_common_greedy_prefix,7,10,0,-30514.183726313,31894.680810796,48968.396498522,24835.24202734937,5018.299473766005,32997.650611526,2483.466885212998,0.03458162216054084,0.0,0.0,0.03809699788689613,False,False,
s-004,after_common_greedy_prefix,7,10,1,-30514.183726313,31894.680810796,48968.396498522,24835.24202734937,5018.299473766005,32997.650611526,2483.466885212998,0.03458162216054084,0.0,0.0,0.03607778623700142,False,False,
s-004,after_common_greedy_prefix,8,200,0,569.7366135149996,1798.752068678,1798.752068678,1545.527058618,5018.299473766005,1798.752068678,2368.4886821929995,0.0,0.0,0.0,0.22169692814350128,False,True,
s-004,after_common_greedy_prefix,8,200,1,569.7366135149996,1798.752068678,1798.752068678,1545.527058618,5018.299473766005,1798.752068678,2368.4886821929995,0.0,0.0,0.0,0.22382290661334991,False,True,
s-004,after_common_greedy_prefix,8,1000,0,569.7366135149996,1798.752068678,1798.752068678,1545.527058618,5018.299473766005,1798.752068678,2368.4886821929995,0.0,0.0,0.0,1.0238745771348476,False,True,
s-004,after_common_greedy_prefix,8,1000,1,569.7366135149996,1798.752068678,1798.752068678,1545.527058618,5018.299473766005,1798.752068678,2368.4886821929995,0.0,0.0,0.0,1.0233229137957096,False,True,
s-004,after_common_greedy_prefix,8,50,0,569.7366135149996,1798.752068678,1798.752068678,1545.527058618,5018.299473766005,1798.752068678,2368.4886821929995,0.0,0.0,0.0,0.07298211380839348,False,True,
s-004,after_common_greedy_prefix,8,50,1,569.7366135149996,1798.752068678,1798.752068678,1545.527058618,5018.299473766005,1798.752068678,2368.4886821929995,0.0,0.0,0.0,0.07467322051525116,False,True,
s-004,after_common_greedy_prefix,8,10,0,569.7366135149996,1798.752068678,1798.752068678,1545.527058618,5018.299473766005,1798.752068678,2368.4886821929995,0.0,0.0,0.0,0.03354540467262268,False,True,
s-004,after_common_greedy_prefix,8,10,1,569.7366135149996,1798.752068678,1798.752068678,1545.527058618,5018.299473766005,1798.752068678,2368.4886821929995,0.0,0.0,0.0,0.034506700932979584,False,True,
s-004,after_common_greedy_prefix,9,200,0,-5694.295842871,8745.014956904,9936.625807891,6166.29132455555,5018.299473766005,8995.633447354,3301.3376044829993,0.02865844045837118,0.0,0.0,0.22603770345449448,False,False,
s-004,after_common_greedy_prefix,9,200,1,-5694.295842871,8745.014956904,9936.625807891,6166.29132455555,5018.299473766005,8995.633447354,3301.3376044829993,0.02865844045837118,0.0,0.0,0.22586866095662117,False,False,
s-004,after_common_greedy_prefix,9,1000,0,-5694.295842871,8745.014956904,9936.625807891,6166.29132455555,5018.299473766005,8995.633447354,3301.3376044829993,0.02865844045837118,0.0,0.0,1.023954339325428,False,False,
s-004,after_common_greedy_prefix,9,1000,1,-5694.295842871,8745.014956904,9936.625807891,6166.29132455555,5018.299473766005,8995.633447354,3301.3376044829993,0.02865844045837118,0.0,0.0,1.0251992642879486,False,False,
s-004,after_common_greedy_prefix,9,50,0,-5694.295842871,8745.014956904,9936.625807891,6166.29132455555,5018.299473766005,8995.633447354,3301.3376044829993,0.02865844045837118,0.0,0.0,0.07580500841140747,False,False,
s-004,after_common_greedy_prefix,9,50,1,-5694.295842871,8745.014956904,9936.625807891,6166.29132455555,5018.299473766005,8995.633447354,3301.3376044829993,0.02865844045837118,0.0,0.0,0.07588197663426399,False,False,
s-004,after_common_greedy_prefix,9,10,0,-5694.295842871,8745.014956904,9936.625807891,6166.29132455555,5018.299473766005,8995.633447354,3301.3376044829993,0.02865844045837118,0.0,0.0,0.035292305052280426,False,False,
s-004,after_common_greedy_prefix,9,10,1,-5694.295842871,8745.014956904,9936.625807891,6166.29132455555,5018.299473766005,8995.633447354,3301.3376044829993,0.02865844045837118,0.0,0.0,0.034908000379800797,False,False,
s-004,after_common_greedy_prefix,10,200,0,-25756.126590371,30774.426064137,41972.73209205,22926.05859871,5018.299473766005,30977.265932191,5221.139341819999,0.006591182809754521,202.839868053994,0.00016862604488127403,0.22853530943393707,False,False,0.22853530943393707
s-004,after_common_greedy_prefix,10,200,1,-25756.126590371,30774.426064137,41972.73209205,22926.05859871,5018.299473766005,30977.265932191,5221.139341819999,0.006591182809754521,202.839868053994,0.00016862604488127403,0.2278921864926815,False,False,0.2278921864926815
s-004,after_common_greedy_prefix,10,1000,0,-25756.126590371,30774.426064137,41972.73209205,22926.05859871,5018.299473766005,30977.265932191,5221.139341819999,0.006591182809754521,202.839868053994,0.00016862604488127403,1.027391742914915,False,False,1.027391742914915
s-004,after_common_greedy_prefix,10,1000,1,-25756.126590371,30774.426064137,41972.73209205,22926.05859871,5018.299473766005,30977.265932191,5221.139341819999,0.006591182809754521,202.839868053994,0.00016862604488127403,1.0283469036221504,False,False,1.0283469036221504
s-004,after_common_greedy_prefix,10,50,0,-25756.126590371,30774.426064137,41972.73209205,22926.05859871,5018.299473766005,30977.265932191,5221.139341819999,0.006591182809754521,202.839868053994,0.00016862604488127403,0.07808130607008934,False,False,0.07808130607008934
s-004,after_common_greedy_prefix,10,50,1,-25756.126590371,30774.426064137,41972.73209205,22926.05859871,5018.299473766005,30977.265932191,5221.139341819999,0.006591182809754521,202.839868053994,0.00016862604488127403,0.07814890518784523,False,False,0.07814890518784523
s-004,after_common_greedy_prefix,10,10,0,-25756.126590371,30774.426064137,41972.73209205,22926.05859871,5018.299473766005,30977.265932191,5221.139341819999,0.006591182809754521,202.839868053994,0.00016862604488127403,0.03688585385680199,False,False,0.03688585385680199
s-004,after_common_greedy_prefix,10,10,1,-25756.126590371,30774.426064137,41972.73209205,22926.05859871,5018.299473766005,30977.265932191,5221.139341819999,0.006591182809754521,202.839868053994,0.00016862604488127403,0.03757970780134201,False,False,0.03757970780134201
s-005,after_one_actual_history_call,0,200,0,-7882.17993682,8472.729043152,14239.986805094,6008.2606163014825,5018.299473766005,8762.610733802,880.4307969819993,0.03421349711216054,0.0,0.0,0.2287486456334591,False,False,
s-005,after_one_actual_history_call,0,200,1,-7882.17993682,8472.729043152,14239.986805094,6008.2606163014825,5018.299473766005,8762.610733802,880.4307969819993,0.03421349711216054,0.0,0.0,0.2271406203508377,False,False,
s-005,after_one_actual_history_call,0,1000,0,-7882.17993682,8472.729043152,14239.986805094,6008.2606163014825,5018.299473766005,8762.610733802,880.4307969819993,0.03421349711216054,0.0,0.0,1.0261906199157238,False,False,
s-005,after_one_actual_history_call,0,1000,1,-7882.17993682,8472.729043152,14239.986805094,6008.2606163014825,5018.299473766005,8762.610733802,880.4307969819993,0.03421349711216054,0.0,0.0,1.0267025604844093,False,False,
s-005,after_one_actual_history_call,0,50,0,-7882.17993682,8472.729043152,14239.986805094,6008.2606163014825,5018.299473766005,8762.610733802,880.4307969819993,0.03421349711216054,0.0,0.0,0.07724181562662125,False,False,
s-005,after_one_actual_history_call,0,50,1,-7882.17993682,8472.729043152,14239.986805094,6008.2606163014825,5018.299473766005,8762.610733802,880.4307969819993,0.03421349711216054,0.0,0.0,0.07533008977770805,False,False,
s-005,after_one_actual_history_call,0,10,0,-7882.17993682,8472.729043152,14239.986805094,6008.2606163014825,5018.299473766005,8762.610733802,880.4307969819993,0.03421349711216054,0.0,0.0,0.03434037044644356,False,False,
s-005,after_one_actual_history_call,0,10,1,-7882.17993682,8472.729043152,14239.986805094,6008.2606163014825,5018.299473766005,8762.610733802,880.4307969819993,0.03421349711216054,0.0,0.0,0.036537300795316696,False,False,
s-005,after_one_actual_history_call,1,200,0,-31453.776992285,31453.776992285,53502.126191858,26517.163356769266,5018.299473766005,32414.971021558,961.1940292730033,0.030558938263877355,0.0,0.0,0.230253204703331,False,False,
s-005,after_one_actual_history_call,1,200,1,-31453.776992285,31453.776992285,53502.126191858,26517.163356769266,5018.299473766005,32414.971021558,961.1940292730033,0.030558938263877355,0.0,0.0,0.22956833615899086,False,False,
s-005,after_one_actual_history_call,1,1000,0,-31453.776992285,31453.776992285,53502.126191858,26517.163356769266,5018.299473766005,32414.971021558,961.1940292730033,0.030558938263877355,0.0,0.0,1.0280331149697304,False,False,
s-005,after_one_actual_history_call,1,1000,1,-31453.776992285,31453.776992285,53502.126191858,26517.163356769266,5018.299473766005,32414.971021558,961.1940292730033,0.030558938263877355,0.0,0.0,1.0293776877224445,False,False,
s-005,after_one_actual_history_call,1,50,0,-31453.776992285,31453.776992285,53502.126191858,26517.163356769266,5018.299473766005,32403.268983118,949.4919908330012,0.03018689905081648,0.0,0.0,0.07943147793412209,False,False,
s-005,after_one_actual_history_call,1,50,1,-31453.776992285,31453.776992285,53502.126191858,26517.163356769266,5018.299473766005,32403.268983118,949.4919908330012,0.03018689905081648,0.0,0.0,0.0777781642973423,False,False,
s-005,after_one_actual_history_call,1,10,0,-31453.776992285,31453.776992285,53502.126191858,26517.163356769266,5018.299473766005,32403.268983118,949.4919908330012,0.03018689905081648,0.0,0.0,0.03764142468571663,False,False,
s-005,after_one_actual_history_call,1,10,1,-31453.776992285,31453.776992285,53502.126191858,26517.163356769266,5018.299473766005,32403.268983118,949.4919908330012,0.03018689905081648,0.0,0.0,0.038341689854860306,False,False,
s-005,after_one_actual_history_call,2,200,0,153.50224080199996,580.622992204,580.622992204,327.39798214399997,5018.299473766005,580.622992204,734.1252330059999,0.0,0.0,0.0,0.004332832992076874,False,True,
s-005,after_one_actual_history_call,2,200,1,153.50224080199996,580.622992204,580.622992204,327.39798214399997,5018.299473766005,580.622992204,734.1252330059999,0.0,0.0,0.0,0.004348143935203552,False,True,
s-005,after_one_actual_history_call,2,1000,0,153.50224080199996,580.622992204,580.622992204,327.39798214399997,5018.299473766005,580.622992204,734.1252330059999,0.0,0.0,0.0,1.0236967243254185,False,True,
s-005,after_one_actual_history_call,2,1000,1,153.50224080199996,580.622992204,580.622992204,327.39798214399997,5018.299473766005,580.622992204,734.1252330059999,0.0,0.0,0.0,1.0258976854383945,False,True,
s-005,after_one_actual_history_call,2,50,0,153.50224080199996,580.622992204,580.622992204,327.39798214399997,5018.299473766005,580.622992204,734.1252330059999,0.0,0.0,0.0,0.07628433778882027,False,True,
s-005,after_one_actual_history_call,2,50,1,153.50224080199996,580.622992204,580.622992204,327.39798214399997,5018.299473766005,580.622992204,734.1252330059999,0.0,0.0,0.0,0.07590479031205177,False,True,
s-005,after_one_actual_history_call,2,10,0,153.50224080199996,580.622992204,580.622992204,327.39798214399997,5018.299473766005,580.622992204,734.1252330059999,0.0,0.0,0.0,0.036378856748342514,False,True,
s-005,after_one_actual_history_call,2,10,1,153.50224080199996,580.622992204,580.622992204,327.39798214399997,5018.299473766005,580.622992204,734.1252330059999,0.0,0.0,0.0,0.036239154636859894,False,True,
s-005,after_one_actual_history_call,3,200,0,-6902.119628515,8338.21796134,12189.400413259,6084.703105158541,5018.299473766005,8476.287525826,1574.1678973109993,0.01655864180166025,0.0,0.0,0.2276293821632862,False,False,
s-005,after_one_actual_history_call,3,200,1,-6902.119628515,8338.21796134,12189.400413259,6084.703105158541,5018.299473766005,8476.287525826,1574.1678973109993,0.01655864180166025,0.0,0.0,0.22676796466112137,False,False,
s-005,after_one_actual_history_call,3,1000,0,-6902.119628515,8338.21796134,12189.400413259,6084.703105158541,5018.299473766005,8476.287525826,1574.1678973109993,0.01655864180166025,0.0,0.0,1.0254609286785126,False,False,
s-005,after_one_actual_history_call,3,1000,1,-6902.119628515,8338.21796134,12189.400413259,6084.703105158541,5018.299473766005,8476.287525826,1574.1678973109993,0.01655864180166025,0.0,0.0,1.0268614739179611,False,False,
s-005,after_one_actual_history_call,3,50,0,-6902.119628515,8338.21796134,12189.400413259,6084.703105158541,5018.299473766005,8476.287525826,1574.1678973109993,0.01655864180166025,0.0,0.0,0.07843334972858429,False,False,
s-005,after_one_actual_history_call,3,50,1,-6902.119628515,8338.21796134,12189.400413259,6084.703105158541,5018.299473766005,8476.287525826,1574.1678973109993,0.01655864180166025,0.0,0.0,0.07789316028356552,False,False,
s-005,after_one_actual_history_call,3,10,0,-6902.119628515,8338.21796134,12189.400413259,6084.703105158541,5018.299473766005,8476.287525826,1574.1678973109993,0.01655864180166025,0.0,0.0,0.03794078901410103,False,False,
s-005,after_one_actual_history_call,3,10,1,-6902.119628515,8338.21796134,12189.400413259,6084.703105158541,5018.299473766005,8476.287525826,1574.1678973109993,0.01655864180166025,0.0,0.0,0.03815534710884094,False,False,
s-005,after_one_actual_history_call,4,200,0,-31534.570796189,31688.073036991,49337.849964688,26084.430381219867,5018.299473766005,32472.162178775,937.5913825860007,0.02474398303957122,0.0,0.0,0.23179705440998077,False,False,
s-005,after_one_actual_history_call,4,200,1,-31534.570796189,31688.073036991,49337.849964688,26084.430381219867,5018.299473766005,32472.162178775,937.5913825860007,0.02474398303957122,0.0,0.0,0.2280234880745411,False,False,
s-005,after_one_actual_history_call,4,1000,0,-31534.570796189,31688.073036991,49337.849964688,26084.430381219867,5018.299473766005,32472.162178775,937.5913825860007,0.02474398303957122,0.0,0.0,1.0286650583148003,False,False,
s-005,after_one_actual_history_call,4,1000,1,-31534.570796189,31688.073036991,49337.849964688,26084.430381219867,5018.299473766005,32472.162178775,937.5913825860007,0.02474398303957122,0.0,0.0,1.0274888202548027,False,False,
s-005,after_one_actual_history_call,4,50,0,-31534.570796189,31688.073036991,49337.849964688,26084.430381219867,5018.299473766005,32472.162178775,937.5913825860007,0.02474398303957122,0.0,0.0,0.07853307574987411,False,False,
s-005,after_one_actual_history_call,4,50,1,-31534.570796189,31688.073036991,49337.849964688,26084.430381219867,5018.299473766005,32472.162178775,937.5913825860007,0.02474398303957122,0.0,0.0,0.08092352002859116,False,False,
s-005,after_one_actual_history_call,4,10,0,-31534.570796189,31688.073036991,49337.849964688,26084.430381219867,5018.299473766005,32472.162178775,937.5913825860007,0.02474398303957122,0.0,0.0,0.03980017080903053,False,False,
s-005,after_one_actual_history_call,4,10,1,-31534.570796189,31688.073036991,49337.849964688,26084.430381219867,5018.299473766005,32472.162178775,937.5913825860007,0.02474398303957122,0.0,0.0,0.0373496450483799,False,False,
s-005,after_one_actual_history_call,5,200,0,295.42062298899987,951.526451963,951.526451963,698.301441903,5018.299473766005,951.526451963,1246.9470749519999,0.0,0.0,0.0,0.2229478619992733,False,True,
s-005,after_one_actual_history_call,5,200,1,295.42062298899987,951.526451963,951.526451963,698.301441903,5018.299473766005,951.526451963,1246.9470749519999,0.0,0.0,0.0,0.22327687218785286,False,True,
s-005,after_one_actual_history_call,5,1000,0,295.42062298899987,951.526451963,951.526451963,698.301441903,5018.299473766005,951.526451963,1246.9470749519999,0.0,0.0,0.0,1.0249655917286873,False,True,
s-005,after_one_actual_history_call,5,1000,1,295.42062298899987,951.526451963,951.526451963,698.301441903,5018.299473766005,951.526451963,1246.9470749519999,0.0,0.0,0.0,1.0243834145367146,False,True,
s-005,after_one_actual_history_call,5,50,0,295.42062298899987,951.526451963,951.526451963,698.301441903,5018.299473766005,951.526451963,1246.9470749519999,0.0,0.0,0.0,0.07333023101091385,False,True,
s-005,after_one_actual_history_call,5,50,1,295.42062298899987,951.526451963,951.526451963,698.301441903,5018.299473766005,951.526451963,1246.9470749519999,0.0,0.0,0.0,0.07410501316189766,False,True,
s-005,after_one_actual_history_call,5,10,0,295.42062298899987,951.526451963,951.526451963,698.301441903,5018.299473766005,951.526451963,1246.9470749519999,0.0,0.0,0.0,0.034940700978040695,False,True,
s-005,after_one_actual_history_call,5,10,1,295.42062298899987,951.526451963,951.526451963,698.301441903,5018.299473766005,951.526451963,1246.9470749519999,0.0,0.0,0.0,0.03344640135765076,False,True,
s-005,after_one_actual_history_call,6,200,0,-5624.927580711001,7847.831914028,8643.268308282,5438.900902270467,5018.299473766005,7949.550854285,2324.6232735739995,0.012961406586088776,0.0,0.0,0.22450657933950424,False,False,
s-005,after_one_actual_history_call,6,200,1,-5624.927580711001,7847.831914028,8643.268308282,5438.900902270467,5018.299473766005,7949.550854285,2324.6232735739995,0.012961406586088776,0.0,0.0,0.22529540583491325,False,False,
s-005,after_one_actual_history_call,6,1000,0,-5624.927580711001,7847.831914028,8643.268308282,5438.900902270467,5018.299473766005,7949.550854285,2324.6232735739995,0.012961406586088776,0.0,0.0,1.0265336632728577,False,False,
s-005,after_one_actual_history_call,6,1000,1,-5624.927580711001,7847.831914028,8643.268308282,5438.900902270467,5018.299473766005,7949.550854285,2324.6232735739995,0.012961406586088776,0.0,0.0,1.0259910747408867,False,False,
s-005,after_one_actual_history_call,6,50,0,-5624.927580711001,7847.831914028,8643.268308282,5438.900902270467,5018.299473766005,7949.550854285,2324.6232735739995,0.012961406586088776,0.0,0.0,0.07461083680391312,False,False,
s-005,after_one_actual_history_call,6,50,1,-5624.927580711001,7847.831914028,8643.268308282,5438.900902270467,5018.299473766005,7949.550854285,2324.6232735739995,0.012961406586088776,0.0,0.0,0.07582356035709381,False,False,
s-005,after_one_actual_history_call,6,10,0,-5624.927580711001,7847.831914028,8643.268308282,5438.900902270467,5018.299473766005,7949.550854285,2324.6232735739995,0.012961406586088776,0.0,0.0,0.03602862358093262,False,False,
s-005,after_one_actual_history_call,6,10,1,-5624.927580711001,7847.831914028,8643.268308282,5438.900902270467,5018.299473766005,7949.550854285,2324.6232735739995,0.012961406586088776,0.0,0.0,0.03568664938211441,False,False,
s-005,after_one_actual_history_call,7,200,0,-30514.183726313,31894.680810796,48968.396498522,24835.24202734937,5018.299473766005,32997.650611526,2483.466885212998,0.03458162216054084,0.0,0.0,0.22857211902737617,False,False,
s-005,after_one_actual_history_call,7,200,1,-30514.183726313,31894.680810796,48968.396498522,24835.24202734937,5018.299473766005,32997.650611526,2483.466885212998,0.03458162216054084,0.0,0.0,0.22757894545793533,False,False,
s-005,after_one_actual_history_call,7,1000,0,-30514.183726313,31894.680810796,48968.396498522,24835.24202734937,5018.299473766005,32997.650611526,2483.466885212998,0.03458162216054084,0.0,0.0,1.0287058055400848,False,False,
s-005,after_one_actual_history_call,7,1000,1,-30514.183726313,31894.680810796,48968.396498522,24835.24202734937,5018.299473766005,32997.650611526,2483.466885212998,0.03458162216054084,0.0,0.0,1.0306888557970524,False,False,
s-005,after_one_actual_history_call,7,50,0,-30514.183726313,31894.680810796,48968.396498522,24835.24202734937,5018.299473766005,32997.650611526,2483.466885212998,0.03458162216054084,0.0,0.0,0.08039394021034241,False,False,
s-005,after_one_actual_history_call,7,50,1,-30514.183726313,31894.680810796,48968.396498522,24835.24202734937,5018.299473766005,32997.650611526,2483.466885212998,0.03458162216054084,0.0,0.0,0.0773392803966999,False,False,
s-005,after_one_actual_history_call,7,10,0,-30514.183726313,31894.680810796,48968.396498522,24835.24202734937,5018.299473766005,32997.650611526,2483.466885212998,0.03458162216054084,0.0,0.0,0.03772291913628578,False,False,
s-005,after_one_actual_history_call,7,10,1,-30514.183726313,31894.680810796,48968.396498522,24835.24202734937,5018.299473766005,32997.650611526,2483.466885212998,0.03458162216054084,0.0,0.0,0.036271657794713974,False,False,
s-005,after_one_actual_history_call,8,200,0,569.7366135149996,1798.752068678,1798.752068678,1545.527058618,5018.299473766005,1798.752068678,2368.4886821929995,0.0,0.0,0.0,0.22530558332800865,False,True,
s-005,after_one_actual_history_call,8,200,1,569.7366135149996,1798.752068678,1798.752068678,1545.527058618,5018.299473766005,1798.752068678,2368.4886821929995,0.0,0.0,0.0,0.22368691116571426,False,True,
s-005,after_one_actual_history_call,8,1000,0,569.7366135149996,1798.752068678,1798.752068678,1545.527058618,5018.299473766005,1798.752068678,2368.4886821929995,0.0,0.0,0.0,1.0246178321540356,False,True,
s-005,after_one_actual_history_call,8,1000,1,569.7366135149996,1798.752068678,1798.752068678,1545.527058618,5018.299473766005,1798.752068678,2368.4886821929995,0.0,0.0,0.0,1.0255426093935966,False,True,
s-005,after_one_actual_history_call,8,50,0,569.7366135149996,1798.752068678,1798.752068678,1545.527058618,5018.299473766005,1798.752068678,2368.4886821929995,0.0,0.0,0.0,0.07412775978446007,False,True,
s-005,after_one_actual_history_call,8,50,1,569.7366135149996,1798.752068678,1798.752068678,1545.527058618,5018.299473766005,1798.752068678,2368.4886821929995,0.0,0.0,0.0,0.07487393170595169,False,True,
s-005,after_one_actual_history_call,8,10,0,569.7366135149996,1798.752068678,1798.752068678,1545.527058618,5018.299473766005,1798.752068678,2368.4886821929995,0.0,0.0,0.0,0.03608466312289238,False,True,
s-005,after_one_actual_history_call,8,10,1,569.7366135149996,1798.752068678,1798.752068678,1545.527058618,5018.299473766005,1798.752068678,2368.4886821929995,0.0,0.0,0.0,0.033878691494464874,False,True,
s-005,after_one_actual_history_call,9,200,0,-5694.295842871,8745.014956904,9936.625807891,6166.29132455555,5018.299473766005,8995.633447354,3301.3376044829993,0.02865844045837118,0.0,0.0,0.22550688311457634,False,False,
s-005,after_one_actual_history_call,9,200,1,-5694.295842871,8745.014956904,9936.625807891,6166.29132455555,5018.299473766005,8995.633447354,3301.3376044829993,0.02865844045837118,0.0,0.0,0.22432279214262962,False,False,
s-005,after_one_actual_history_call,9,1000,0,-5694.295842871,8745.014956904,9936.625807891,6166.29132455555,5018.299473766005,8995.633447354,3301.3376044829993,0.02865844045837118,0.0,0.0,1.0264964886009693,False,False,
s-005,after_one_actual_history_call,9,1000,1,-5694.295842871,8745.014956904,9936.625807891,6166.29132455555,5018.299473766005,8995.633447354,3301.3376044829993,0.02865844045837118,0.0,0.0,1.027782492339611,False,False,
s-005,after_one_actual_history_call,9,50,0,-5694.295842871,8745.014956904,9936.625807891,6166.29132455555,5018.299473766005,8995.633447354,3301.3376044829993,0.02865844045837118,0.0,0.0,0.07726248353719711,False,False,
s-005,after_one_actual_history_call,9,50,1,-5694.295842871,8745.014956904,9936.625807891,6166.29132455555,5018.299473766005,8995.633447354,3301.3376044829993,0.02865844045837118,0.0,0.0,0.07560477033257484,False,False,
s-005,after_one_actual_history_call,9,10,0,-5694.295842871,8745.014956904,9936.625807891,6166.29132455555,5018.299473766005,8995.633447354,3301.3376044829993,0.02865844045837118,0.0,0.0,0.036778662353754044,False,False,
s-005,after_one_actual_history_call,9,10,1,-5694.295842871,8745.014956904,9936.625807891,6166.29132455555,5018.299473766005,8995.633447354,3301.3376044829993,0.02865844045837118,0.0,0.0,0.03617333248257637,False,False,
s-005,after_one_actual_history_call,10,200,0,-25756.126590371,30774.426064137,41972.73209205,22926.05859871,5018.299473766005,30977.265932191,5221.139341819999,0.006591182809754521,202.839868053994,0.00016862604488127403,0.22739167138934135,False,False,0.22739167138934135
s-005,after_one_actual_history_call,10,200,1,-25756.126590371,30774.426064137,41972.73209205,22926.05859871,5018.299473766005,30977.265932191,5221.139341819999,0.006591182809754521,202.839868053994,0.00016862604488127403,0.2300405316054821,False,False,0.2300405316054821
s-005,after_one_actual_history_call,10,1000,0,-25756.126590371,30774.426064137,41972.73209205,22926.05859871,5018.299473766005,30977.265932191,5221.139341819999,0.006591182809754521,202.839868053994,0.00016862604488127403,1.03072964027524,False,False,1.03072964027524
s-005,after_one_actual_history_call,10,1000,1,-25756.126590371,30774.426064137,41972.73209205,22926.05859871,5018.299473766005,30977.265932191,5221.139341819999,0.006591182809754521,202.839868053994,0.00016862604488127403,1.0297419503331184,False,False,1.0297419503331184
s-005,after_one_actual_history_call,10,50,0,-25756.126590371,30774.426064137,41972.73209205,22926.05859871,5018.299473766005,30977.265932191,5221.139341819999,0.006591182809754521,202.839868053994,0.00016862604488127403,0.0807582288980484,False,False,0.0807582288980484
s-005,after_one_actual_history_call,10,50,1,-25756.126590371,30774.426064137,41972.73209205,22926.05859871,5018.299473766005,30977.265932191,5221.139341819999,0.006591182809754521,202.839868053994,0.00016862604488127403,0.08042065054178238,False,False,0.08042065054178238
s-005,after_one_actual_history_call,10,10,0,-25756.126590371,30774.426064137,41972.73209205,22926.05859871,5018.299473766005,30977.265932191,5221.139341819999,0.006591182809754521,202.839868053994,0.00016862604488127403,0.03802704066038132,False,False,0.03802704066038132
s-005,after_one_actual_history_call,10,10,1,-25756.126590371,30774.426064137,41972.73209205,22926.05859871,5018.299473766005,30977.265932191,5221.139341819999,0.006591182809754521,202.839868053994,0.00016862604488127403,0.03933996707201004,False,False,0.03933996707201004
s-006,after_common_greedy_prefix,0,200,0,-7709.840529442,8247.526531149,16358.671039986,6085.840207944774,4968.316425175872,8582.838455844,872.9979264019994,0.04065605893216633,0.0,0.0,0.22860974073410034,False,False,
s-006,after_common_greedy_prefix,0,200,1,-7709.840529442,8247.526531149,16358.671039986,6085.840207944774,4968.316425175872,8582.838455844,872.9979264019994,0.04065605893216633,0.0,0.0,0.22641613706946373,False,False,
s-006,after_common_greedy_prefix,0,1000,0,-7709.840529442,8247.526531149,16358.671039986,6085.840207944774,4968.316425175872,8582.838455844,872.9979264019994,0.04065605893216633,0.0,0.0,1.0272658728063107,False,False,
s-006,after_common_greedy_prefix,0,1000,1,-7709.840529442,8247.526531149,16358.671039986,6085.840207944774,4968.316425175872,8582.838455844,872.9979264019994,0.04065605893216633,0.0,0.0,1.0276290401816368,False,False,
s-006,after_common_greedy_prefix,0,50,0,-7709.840529442,8247.526531149,16358.671039986,6085.840207944774,4968.316425175872,8582.838455844,872.9979264019994,0.04065605893216633,0.0,0.0,0.07743015885353088,False,False,
s-006,after_common_greedy_prefix,0,50,1,-7709.840529442,8247.526531149,16358.671039986,6085.840207944774,4968.316425175872,8582.838455844,872.9979264019994,0.04065605893216633,0.0,0.0,0.07792677730321884,False,False,
s-006,after_common_greedy_prefix,0,10,0,-7709.840529442,8247.526531149,16358.671039986,6085.840207944774,4968.316425175872,8582.838455844,872.9979264019994,0.04065605893216633,0.0,0.0,0.038834210485219955,False,False,
s-006,after_common_greedy_prefix,0,10,1,-7709.840529442,8247.526531149,16358.671039986,6085.840207944774,4968.316425175872,8582.838455844,872.9979264019994,0.04065605893216633,0.0,0.0,0.03867083787918091,False,False,
s-006,after_common_greedy_prefix,1,200,0,-30233.933451378,30233.933451378,44795.246294198,25294.400741357378,4968.316425175872,31454.775244653,1220.841793274998,0.04037985316195616,0.0,0.0,0.22816435620188713,False,False,
s-006,after_common_greedy_prefix,1,200,1,-30233.933451378,30233.933451378,44795.246294198,25294.400741357378,4968.316425175872,31454.775244653,1220.841793274998,0.04037985316195616,0.0,0.0,0.2274877466261387,False,False,
s-006,after_common_greedy_prefix,1,1000,0,-30233.933451378,30233.933451378,44795.246294198,25294.400741357378,4968.316425175872,31454.775244653,1220.841793274998,0.04037985316195616,0.0,0.0,1.0287258066236973,False,False,
s-006,after_common_greedy_prefix,1,1000,1,-30233.933451378,30233.933451378,44795.246294198,25294.400741357378,4968.316425175872,31454.775244653,1220.841793274998,0.04037985316195616,0.0,0.0,1.0282328724861145,False,False,
s-006,after_common_greedy_prefix,1,50,0,-30233.933451378,30233.933451378,44795.246294198,25294.400741357378,4968.316425175872,31454.775244653,1220.841793274998,0.04037985316195616,0.0,0.0,0.07712536305189133,False,False,
s-006,after_common_greedy_prefix,1,50,1,-30233.933451378,30233.933451378,44795.246294198,25294.400741357378,4968.316425175872,31454.775244653,1220.841793274998,0.04037985316195616,0.0,0.0,0.07790355011820793,False,False,
s-006,after_common_greedy_prefix,1,10,0,-30233.933451378,30233.933451378,44795.246294198,25294.400741357378,4968.316425175872,31454.775244653,1220.841793274998,0.04037985316195616,0.0,0.0,0.040956225246191025,False,False,
s-006,after_common_greedy_prefix,1,10,1,-30233.933451378,30233.933451378,44795.246294198,25294.400741357378,4968.316425175872,31454.775244653,1220.841793274998,0.04037985316195616,0.0,0.0,0.041667331010103226,False,False,
s-006,after_common_greedy_prefix,2,200,0,153.50224080199996,580.622992204,580.622992204,327.39798214399997,4968.316425175872,580.622992204,734.1252330059999,0.0,0.0,0.0,0.22370954975485802,False,True,
s-006,after_common_greedy_prefix,2,200,1,153.50224080199996,580.622992204,580.622992204,327.39798214399997,4968.316425175872,580.622992204,734.1252330059999,0.0,0.0,0.0,0.2235875055193901,False,True,
s-006,after_common_greedy_prefix,2,1000,0,153.50224080199996,580.622992204,580.622992204,327.39798214399997,4968.316425175872,580.622992204,734.1252330059999,0.0,0.0,0.0,1.0243906751275063,False,True,
s-006,after_common_greedy_prefix,2,1000,1,153.50224080199996,580.622992204,580.622992204,327.39798214399997,4968.316425175872,580.622992204,734.1252330059999,0.0,0.0,0.0,1.02467605099082,False,True,
s-006,after_common_greedy_prefix,2,50,0,153.50224080199996,580.622992204,580.622992204,327.39798214399997,4968.316425175872,580.622992204,734.1252330059999,0.0,0.0,0.0,0.0766662172973156,False,True,
s-006,after_common_greedy_prefix,2,50,1,153.50224080199996,580.622992204,580.622992204,327.39798214399997,4968.316425175872,580.622992204,734.1252330059999,0.0,0.0,0.0,0.07653272897005081,False,True,
s-006,after_common_greedy_prefix,2,10,0,153.50224080199996,580.622992204,580.622992204,327.39798214399997,4968.316425175872,580.622992204,734.1252330059999,0.0,0.0,0.0,0.036170538514852524,False,True,
s-006,after_common_greedy_prefix,2,10,1,153.50224080199996,580.622992204,580.622992204,327.39798214399997,4968.316425175872,580.622992204,734.1252330059999,0.0,0.0,0.0,0.03627670183777809,False,True,
s-006,after_common_greedy_prefix,3,200,0,-7013.520021644001,8435.858015694,10943.801194081,6007.095211892233,4968.316425175872,8587.687918955,1574.1678973109993,0.017998157742642924,0.0,0.0,0.22616633772850037,False,False,
s-006,after_common_greedy_prefix,3,200,1,-7013.520021644001,8435.858015694,10943.801194081,6007.095211892233,4968.316425175872,8587.687918955,1574.1678973109993,0.017998157742642924,0.0,0.0,0.22517317160964012,False,False,
s-006,after_common_greedy_prefix,3,1000,0,-7013.520021644001,8435.858015694,10943.801194081,6007.095211892233,4968.316425175872,8587.687918955,1574.1678973109993,0.017998157742642924,0.0,0.0,1.0252443850040436,False,False,
s-006,after_common_greedy_prefix,3,1000,1,-7013.520021644001,8435.858015694,10943.801194081,6007.095211892233,4968.316425175872,8587.687918955,1574.1678973109993,0.017998157742642924,0.0,0.0,1.0261202119290829,False,False,
s-006,after_common_greedy_prefix,3,50,0,-7013.520021644001,8435.858015694,10943.801194081,6007.095211892233,4968.316425175872,8587.687918955,1574.1678973109993,0.017998157742642924,0.0,0.0,0.07735076919198036,False,False,
s-006,after_common_greedy_prefix,3,50,1,-7013.520021644001,8435.858015694,10943.801194081,6007.095211892233,4968.316425175872,8587.687918955,1574.1678973109993,0.017998157742642924,0.0,0.0,0.07803576812148094,False,False,
s-006,after_common_greedy_prefix,3,10,0,-7013.520021644001,8435.858015694,10943.801194081,6007.095211892233,4968.316425175872,8587.687918955,1574.1678973109993,0.017998157742642924,0.0,0.0,0.03632976859807968,False,False,
s-006,after_common_greedy_prefix,3,10,1,-7013.520021644001,8435.858015694,10943.801194081,6007.095211892233,4968.316425175872,8587.687918955,1574.1678973109993,0.017998157742642924,0.0,0.0,0.03528648242354393,False,False,
s-006,after_common_greedy_prefix,4,200,0,-31252.852237367002,31406.354478169,49266.664738932,25439.64839206864,4968.316425175872,32171.972221655,919.1199842879978,0.024377797302714384,0.0,0.0,0.23118697106838226,False,False,
s-006,after_common_greedy_prefix,4,200,1,-31252.852237367002,31406.354478169,49266.664738932,25439.64839206864,4968.316425175872,32171.972221655,919.1199842879978,0.024377797302714384,0.0,0.0,0.22923653200268745,False,False,
s-006,after_common_greedy_prefix,4,1000,0,-31252.852237367002,31406.354478169,49266.664738932,25439.64839206864,4968.316425175872,32171.972221655,919.1199842879978,0.024377797302714384,0.0,0.0,1.029629323631525,False,False,
s-006,after_common_greedy_prefix,4,1000,1,-31252.852237367002,31406.354478169,49266.664738932,25439.64839206864,4968.316425175872,32171.972221655,919.1199842879978,0.024377797302714384,0.0,0.0,1.0291425473988056,False,False,
s-006,after_common_greedy_prefix,4,50,0,-31252.852237367002,31406.354478169,49266.664738932,25439.64839206864,4968.316425175872,32171.972221655,919.1199842879978,0.024377797302714384,0.0,0.0,0.08039349690079689,False,False,
s-006,after_common_greedy_prefix,4,50,1,-31252.852237367002,31406.354478169,49266.664738932,25439.64839206864,4968.316425175872,32171.972221655,919.1199842879978,0.024377797302714384,0.0,0.0,0.08594231680035591,False,False,
s-006,after_common_greedy_prefix,4,10,0,-31252.852237367002,31406.354478169,49266.664738932,25439.64839206864,4968.316425175872,32171.972221655,919.1199842879978,0.024377797302714384,0.0,0.0,0.03616621345281601,False,False,
s-006,after_common_greedy_prefix,4,10,1,-31252.852237367002,31406.354478169,49266.664738932,25439.64839206864,4968.316425175872,32171.972221655,919.1199842879978,0.024377797302714384,0.0,0.0,0.03653843700885773,False,False,
s-006,after_common_greedy_prefix,5,200,0,295.42062298899987,951.526451963,951.526451963,698.301441903,4968.316425175872,951.526451963,1246.9470749519999,0.0,0.0,0.0,0.22377051413059235,False,True,
s-006,after_common_greedy_prefix,5,200,1,295.42062298899987,951.526451963,951.526451963,698.301441903,4968.316425175872,951.526451963,1246.9470749519999,0.0,0.0,0.0,0.22320175915956497,False,True,
s-006,after_common_greedy_prefix,5,1000,0,295.42062298899987,951.526451963,951.526451963,698.301441903,4968.316425175872,951.526451963,1246.9470749519999,0.0,0.0,0.0,1.0236369334161282,False,True,
s-006,after_common_greedy_prefix,5,1000,1,295.42062298899987,951.526451963,951.526451963,698.301441903,4968.316425175872,951.526451963,1246.9470749519999,0.0,0.0,0.0,1.0245654955506325,False,True,
s-006,after_common_greedy_prefix,5,50,0,295.42062298899987,951.526451963,951.526451963,698.301441903,4968.316425175872,951.526451963,1246.9470749519999,0.0,0.0,0.0,0.07605605572462082,False,True,
s-006,after_common_greedy_prefix,5,50,1,295.42062298899987,951.526451963,951.526451963,698.301441903,4968.316425175872,951.526451963,1246.9470749519999,0.0,0.0,0.0,0.07490528747439384,False,True,
s-006,after_common_greedy_prefix,5,10,0,295.42062298899987,951.526451963,951.526451963,698.301441903,4968.316425175872,951.526451963,1246.9470749519999,0.0,0.0,0.0,0.03361532837152481,False,True,
s-006,after_common_greedy_prefix,5,10,1,295.42062298899987,951.526451963,951.526451963,698.301441903,4968.316425175872,951.526451963,1246.9470749519999,0.0,0.0,0.0,0.032434072345495224,False,True,
s-006,after_common_greedy_prefix,6,200,0,-5751.731317084001,7974.635650401,9387.285921245,5627.6755285823,4968.316425175872,8159.023360003,2407.292042918999,0.023121772289713047,0.0,0.0,0.2265719287097454,False,False,
s-006,after_common_greedy_prefix,6,200,1,-5751.731317084001,7974.635650401,9387.285921245,5627.6755285823,4968.316425175872,8159.023360003,2407.292042918999,0.023121772289713047,0.0,0.0,0.2268681600689888,False,False,
s-006,after_common_greedy_prefix,6,1000,0,-5751.731317084001,7974.635650401,9387.285921245,5627.6755285823,4968.316425175872,8159.023360003,2407.292042918999,0.023121772289713047,0.0,0.0,1.025929294526577,False,False,
s-006,after_common_greedy_prefix,6,1000,1,-5751.731317084001,7974.635650401,9387.285921245,5627.6755285823,4968.316425175872,8159.023360003,2407.292042918999,0.023121772289713047,0.0,0.0,1.0273379758000374,False,False,
s-006,after_common_greedy_prefix,6,50,0,-5751.731317084001,7974.635650401,9387.285921245,5627.6755285823,4968.316425175872,8159.023360003,2407.292042918999,0.023121772289713047,0.0,0.0,0.0750688798725605,False,False,
s-006,after_common_greedy_prefix,6,50,1,-5751.731317084001,7974.635650401,9387.285921245,5627.6755285823,4968.316425175872,8159.023360003,2407.292042918999,0.023121772289713047,0.0,0.0,0.07398490607738495,False,False,
s-006,after_common_greedy_prefix,6,10,0,-5751.731317084001,7974.635650401,9387.285921245,5627.6755285823,4968.316425175872,8159.023360003,2407.292042918999,0.023121772289713047,0.0,0.0,0.036690566688776016,False,False,
s-006,after_common_greedy_prefix,6,10,1,-5751.731317084001,7974.635650401,9387.285921245,5627.6755285823,4968.316425175872,8159.023360003,2407.292042918999,0.023121772289713047,0.0,0.0,0.03704843297600746,False,False,
s-006,after_common_greedy_prefix,7,200,0,-29506.838436675003,31055.822919909,47205.155512762,24057.005005729716,4968.316425175872,31928.846184586,2422.007747910997,0.02811141945677864,0.0,0.0,0.22916411608457565,False,False,
s-006,after_common_greedy_prefix,7,200,1,-29506.838436675003,31055.822919909,47205.155512762,24057.005005729716,4968.316425175872,31928.846184586,2422.007747910997,0.02811141945677864,0.0,0.0,0.22825805097818375,False,False,
s-006,after_common_greedy_prefix,7,1000,0,-29506.838436675003,31055.822919909,47205.155512762,24057.005005729716,4968.316425175872,31928.846184586,2422.007747910997,0.02811141945677864,0.0,0.0,1.0286714471876621,False,False,
s-006,after_common_greedy_prefix,7,1000,1,-29506.838436675003,31055.822919909,47205.155512762,24057.005005729716,4968.316425175872,31928.846184586,2422.007747910997,0.02811141945677864,0.0,0.0,1.030863180756569,False,False,
s-006,after_common_greedy_prefix,7,50,0,-29506.838436675003,31055.822919909,47205.155512762,24057.005005729716,4968.316425175872,31928.846184586,2422.007747910997,0.02811141945677864,0.0,0.0,0.07826681062579155,False,False,
s-006,after_common_greedy_prefix,7,50,1,-29506.838436675003,31055.822919909,47205.155512762,24057.005005729716,4968.316425175872,31928.846184586,2422.007747910997,0.02811141945677864,0.0,0.0,0.0773806981742382,False,False,
s-006,after_common_greedy_prefix,7,10,0,-29506.838436675003,31055.822919909,47205.155512762,24057.005005729716,4968.316425175872,31928.846184586,2422.007747910997,0.02811141945677864,0.0,0.0,0.03608023375272751,False,False,
s-006,after_common_greedy_prefix,7,10,1,-29506.838436675003,31055.822919909,47205.155512762,24057.005005729716,4968.316425175872,31928.846184586,2422.007747910997,0.02811141945677864,0.0,0.0,0.03835951164364815,False,False,
s-006,after_common_greedy_prefix,8,200,0,569.7366135149996,1798.752068678,1798.752068678,1545.527058618,4968.316425175872,1798.752068678,2368.4886821929995,0.0,0.0,0.0,0.22242986783385277,False,True,
s-006,after_common_greedy_prefix,8,200,1,569.7366135149996,1798.752068678,1798.752068678,1545.527058618,4968.316425175872,1798.752068678,2368.4886821929995,0.0,0.0,0.0,0.2235598899424076,False,True,
s-006,after_common_greedy_prefix,8,1000,0,569.7366135149996,1798.752068678,1798.752068678,1545.527058618,4968.316425175872,1798.752068678,2368.4886821929995,0.0,0.0,0.0,1.0239721238613129,False,True,
s-006,after_common_greedy_prefix,8,1000,1,569.7366135149996,1798.752068678,1798.752068678,1545.527058618,4968.316425175872,1798.752068678,2368.4886821929995,0.0,0.0,0.0,1.024166889488697,False,True,
s-006,after_common_greedy_prefix,8,50,0,569.7366135149996,1798.752068678,1798.752068678,1545.527058618,4968.316425175872,1798.752068678,2368.4886821929995,0.0,0.0,0.0,0.07358378916978836,False,True,
s-006,after_common_greedy_prefix,8,50,1,569.7366135149996,1798.752068678,1798.752068678,1545.527058618,4968.316425175872,1798.752068678,2368.4886821929995,0.0,0.0,0.0,0.07338400185108185,False,True,
s-006,after_common_greedy_prefix,8,10,0,569.7366135149996,1798.752068678,1798.752068678,1545.527058618,4968.316425175872,1798.752068678,2368.4886821929995,0.0,0.0,0.0,0.032006025314331055,False,True,
s-006,after_common_greedy_prefix,8,10,1,569.7366135149996,1798.752068678,1798.752068678,1545.527058618,4968.316425175872,1798.752068678,2368.4886821929995,0.0,0.0,0.0,0.030419904738664627,False,True,
s-006,after_common_greedy_prefix,9,200,0,-5599.627770710001,8549.910379651,9997.177600718,6435.513305908066,4968.316425175872,8905.305572318,3305.6778016079998,0.04156712490377082,0.0,0.0,0.22315305471420288,False,False,
s-006,after_common_greedy_prefix,9,200,1,-5599.627770710001,8549.910379651,9997.177600718,6435.513305908066,4968.316425175872,8905.305572318,3305.6778016079998,0.04156712490377082,0.0,0.0,0.2266223505139351,False,False,
s-006,after_common_greedy_prefix,9,1000,0,-5599.627770710001,8549.910379651,9997.177600718,6435.513305908066,4968.316425175872,8905.305572318,3305.6778016079998,0.04156712490377082,0.0,0.0,1.0276269130408764,False,False,
s-006,after_common_greedy_prefix,9,1000,1,-5599.627770710001,8549.910379651,9997.177600718,6435.513305908066,4968.316425175872,8905.305572318,3305.6778016079998,0.04156712490377082,0.0,0.0,1.0277330167591572,False,False,
s-006,after_common_greedy_prefix,9,50,0,-5599.627770710001,8549.910379651,9997.177600718,6435.513305908066,4968.316425175872,8905.305572318,3305.6778016079998,0.04156712490377082,0.0,0.0,0.07700786739587784,False,False,
s-006,after_common_greedy_prefix,9,50,1,-5599.627770710001,8549.910379651,9997.177600718,6435.513305908066,4968.316425175872,8905.305572318,3305.6778016079998,0.04156712490377082,0.0,0.0,0.07550286129117012,False,False,
s-006,after_common_greedy_prefix,9,10,0,-5599.627770710001,8549.910379651,9997.177600718,6435.513305908066,4968.316425175872,8905.305572318,3305.6778016079998,0.04156712490377082,0.0,0.0,0.03664616867899895,False,False,
s-006,after_common_greedy_prefix,9,10,1,-5599.627770710001,8549.910379651,9997.177600718,6435.513305908066,4968.316425175872,8905.305572318,3305.6778016079998,0.04156712490377082,0.0,0.0,0.033647336065769196,False,False,
s-006,after_common_greedy_prefix,10,200,0,-26195.316128364,31163.63255354,42297.200775251,23618.60497715463,4968.316425175872,31416.455470184,5221.139341819999,0.00811275502654072,252.82291664412696,0.00021017824995675301,0.22594964131712914,False,False,0.22594964131712914
s-006,after_common_greedy_prefix,10,200,1,-26195.316128364,31163.63255354,42297.200775251,23618.60497715463,4968.316425175872,31416.455470184,5221.139341819999,0.00811275502654072,252.82291664412696,0.00021017824995675301,0.2289740853011608,False,False,0.2289740853011608
s-006,after_common_greedy_prefix,10,1000,0,-26195.316128364,31163.63255354,42297.200775251,23618.60497715463,4968.316425175872,31416.455470184,5221.139341819999,0.00811275502654072,252.82291664412696,0.00021017824995675301,1.029478169977665,False,False,1.029478169977665
s-006,after_common_greedy_prefix,10,1000,1,-26195.316128364,31163.63255354,42297.200775251,23618.60497715463,4968.316425175872,31416.455470184,5221.139341819999,0.00811275502654072,252.82291664412696,0.00021017824995675301,1.029807087033987,False,False,1.029807087033987
s-006,after_common_greedy_prefix,10,50,0,-26195.316128364,31163.63255354,42297.200775251,23618.60497715463,4968.316425175872,31416.455470184,5221.139341819999,0.00811275502654072,252.82291664412696,0.00021017824995675301,0.07992727681994438,False,False,0.07992727681994438
s-006,after_common_greedy_prefix,10,50,1,-26195.316128364,31163.63255354,42297.200775251,23618.60497715463,4968.316425175872,31416.455470184,5221.139341819999,0.00811275502654072,252.82291664412696,0.00021017824995675301,0.07865815609693527,False,False,0.07865815609693527
s-006,after_common_greedy_prefix,10,10,0,-26195.316128364,31163.63255354,42297.200775251,23618.60497715463,4968.316425175872,31416.455470184,5221.139341819999,0.00811275502654072,252.82291664412696,0.00021017824995675301,0.03912600874900818,False,False,0.03912600874900818
s-006,after_common_greedy_prefix,10,10,1,-26195.316128364,31163.63255354,42297.200775251,23618.60497715463,4968.316425175872,31416.455470184,5221.139341819999,0.00811275502654072,252.82291664412696,0.00021017824995675301,0.04010207951068878,False,False,0.04010207951068878
s-007,after_one_actual_history_call,0,200,0,-7709.840529442,8247.526531149,16358.671039986,6085.840207944774,4968.316425175872,8582.838455844,872.9979264019994,0.04065605893216633,0.0,0.0,0.22711391746997833,False,False,
s-007,after_one_actual_history_call,0,200,1,-7709.840529442,8247.526531149,16358.671039986,6085.840207944774,4968.316425175872,8582.838455844,872.9979264019994,0.04065605893216633,0.0,0.0,0.2252897098660469,False,False,
s-007,after_one_actual_history_call,0,1000,0,-7709.840529442,8247.526531149,16358.671039986,6085.840207944774,4968.316425175872,8582.838455844,872.9979264019994,0.04065605893216633,0.0,0.0,1.026135303080082,False,False,
s-007,after_one_actual_history_call,0,1000,1,-7709.840529442,8247.526531149,16358.671039986,6085.840207944774,4968.316425175872,8582.838455844,872.9979264019994,0.04065605893216633,0.0,0.0,1.0274109467864037,False,False,
s-007,after_one_actual_history_call,0,50,0,-7709.840529442,8247.526531149,16358.671039986,6085.840207944774,4968.316425175872,8582.838455844,872.9979264019994,0.04065605893216633,0.0,0.0,0.07512752711772919,False,False,
s-007,after_one_actual_history_call,0,50,1,-7709.840529442,8247.526531149,16358.671039986,6085.840207944774,4968.316425175872,8582.838455844,872.9979264019994,0.04065605893216633,0.0,0.0,0.07619325816631317,False,False,
s-007,after_one_actual_history_call,0,10,0,-7709.840529442,8247.526531149,16358.671039986,6085.840207944774,4968.316425175872,8582.838455844,872.9979264019994,0.04065605893216633,0.0,0.0,0.03357641398906708,False,False,
s-007,after_one_actual_history_call,0,10,1,-7709.840529442,8247.526531149,16358.671039986,6085.840207944774,4968.316425175872,8582.838455844,872.9979264019994,0.04065605893216633,0.0,0.0,0.03227636590600014,False,False,
s-007,after_one_actual_history_call,1,200,0,-30233.933451378,30233.933451378,44795.246294198,25294.400741357378,4968.316425175872,31454.775244653,1220.841793274998,0.04037985316195616,0.0,0.0,0.22698481753468513,False,False,
s-007,after_one_actual_history_call,1,200,1,-30233.933451378,30233.933451378,44795.246294198,25294.400741357378,4968.316425175872,31454.775244653,1220.841793274998,0.04037985316195616,0.0,0.0,0.22859321534633636,False,False,
s-007,after_one_actual_history_call,1,1000,0,-30233.933451378,30233.933451378,44795.246294198,25294.400741357378,4968.316425175872,31454.775244653,1220.841793274998,0.04037985316195616,0.0,0.0,1.0290096811950207,False,False,
s-007,after_one_actual_history_call,1,1000,1,-30233.933451378,30233.933451378,44795.246294198,25294.400741357378,4968.316425175872,31454.775244653,1220.841793274998,0.04037985316195616,0.0,0.0,1.0298640727996826,False,False,
s-007,after_one_actual_history_call,1,50,0,-30233.933451378,30233.933451378,44795.246294198,25294.400741357378,4968.316425175872,31454.775244653,1220.841793274998,0.04037985316195616,0.0,0.0,0.08009052276611328,False,False,
s-007,after_one_actual_history_call,1,50,1,-30233.933451378,30233.933451378,44795.246294198,25294.400741357378,4968.316425175872,31454.775244653,1220.841793274998,0.04037985316195616,0.0,0.0,0.07988724857568741,False,False,
s-007,after_one_actual_history_call,1,10,0,-30233.933451378,30233.933451378,44795.246294198,25294.400741357378,4968.316425175872,31454.775244653,1220.841793274998,0.04037985316195616,0.0,0.0,0.04049632325768471,False,False,
s-007,after_one_actual_history_call,1,10,1,-30233.933451378,30233.933451378,44795.246294198,25294.400741357378,4968.316425175872,31454.775244653,1220.841793274998,0.04037985316195616,0.0,0.0,0.03959600627422333,False,False,
s-007,after_one_actual_history_call,2,200,0,153.50224080199996,580.622992204,580.622992204,327.39798214399997,4968.316425175872,580.622992204,734.1252330059999,0.0,0.0,0.0,0.22357089072465897,False,True,
s-007,after_one_actual_history_call,2,200,1,153.50224080199996,580.622992204,580.622992204,327.39798214399997,4968.316425175872,580.622992204,734.1252330059999,0.0,0.0,0.0,0.22443805634975433,False,True,
s-007,after_one_actual_history_call,2,1000,0,153.50224080199996,580.622992204,580.622992204,327.39798214399997,4968.316425175872,580.622992204,734.1252330059999,0.0,0.0,0.0,1.0242856480181217,False,True,
s-007,after_one_actual_history_call,2,1000,1,153.50224080199996,580.622992204,580.622992204,327.39798214399997,4968.316425175872,580.622992204,734.1252330059999,0.0,0.0,0.0,1.0239492505788803,False,True,
s-007,after_one_actual_history_call,2,50,0,153.50224080199996,580.622992204,580.622992204,327.39798214399997,4968.316425175872,580.622992204,734.1252330059999,0.0,0.0,0.0,0.07550162449479103,False,True,
s-007,after_one_actual_history_call,2,50,1,153.50224080199996,580.622992204,580.622992204,327.39798214399997,4968.316425175872,580.622992204,734.1252330059999,0.0,0.0,0.0,0.07331586256623268,False,True,
s-007,after_one_actual_history_call,2,10,0,153.50224080199996,580.622992204,580.622992204,327.39798214399997,4968.316425175872,580.622992204,734.1252330059999,0.0,0.0,0.0,0.03273416683077812,False,True,
s-007,after_one_actual_history_call,2,10,1,153.50224080199996,580.622992204,580.622992204,327.39798214399997,4968.316425175872,580.622992204,734.1252330059999,0.0,0.0,0.0,0.032347653061151505,False,True,
s-007,after_one_actual_history_call,3,200,0,-7013.520021644001,8587.687918955,10943.801194081,6007.095211892233,4968.316425175872,8587.687918955,1574.1678973109993,0.0,0.0,0.0,0.0044442228972911835,False,True,
s-007,after_one_actual_history_call,3,200,1,-7013.520021644001,8587.687918955,10943.801194081,6007.095211892233,4968.316425175872,8587.687918955,1574.1678973109993,0.0,0.0,0.0,0.004285566508769989,False,True,
s-007,after_one_actual_history_call,3,1000,0,-7013.520021644001,8587.687918955,10943.801194081,6007.095211892233,4968.316425175872,8587.687918955,1574.1678973109993,0.0,0.0,0.0,1.0255522280931473,False,True,
s-007,after_one_actual_history_call,3,1000,1,-7013.520021644001,8587.687918955,10943.801194081,6007.095211892233,4968.316425175872,8587.687918955,1574.1678973109993,0.0,0.0,0.0,1.027118019759655,False,True,
s-007,after_one_actual_history_call,3,50,0,-7013.520021644001,8587.687918955,10943.801194081,6007.095211892233,4968.316425175872,8587.687918955,1574.1678973109993,0.0,0.0,0.0,0.07658573985099792,False,True,
s-007,after_one_actual_history_call,3,50,1,-7013.520021644001,8587.687918955,10943.801194081,6007.095211892233,4968.316425175872,8587.687918955,1574.1678973109993,0.0,0.0,0.0,0.07606471329927444,False,True,
s-007,after_one_actual_history_call,3,10,0,-7013.520021644001,8587.687918955,10943.801194081,6007.095211892233,4968.316425175872,8587.687918955,1574.1678973109993,0.0,0.0,0.0,0.0342482291162014,False,True,
s-007,after_one_actual_history_call,3,10,1,-7013.520021644001,8587.687918955,10943.801194081,6007.095211892233,4968.316425175872,8587.687918955,1574.1678973109993,0.0,0.0,0.0,0.033649228513240814,False,True,
s-007,after_one_actual_history_call,4,200,0,-31252.852237367002,31406.354478169,49266.664738932,25439.64839206864,4968.316425175872,32171.972221655,919.1199842879978,0.024377797302714384,0.0,0.0,0.22957388311624527,False,False,
s-007,after_one_actual_history_call,4,200,1,-31252.852237367002,31406.354478169,49266.664738932,25439.64839206864,4968.316425175872,32171.972221655,919.1199842879978,0.024377797302714384,0.0,0.0,0.2328897789120674,False,False,
s-007,after_one_actual_history_call,4,1000,0,-31252.852237367002,31406.354478169,49266.664738932,25439.64839206864,4968.316425175872,32171.972221655,919.1199842879978,0.024377797302714384,0.0,0.0,1.030714750289917,False,False,
s-007,after_one_actual_history_call,4,1000,1,-31252.852237367002,31406.354478169,49266.664738932,25439.64839206864,4968.316425175872,32171.972221655,919.1199842879978,0.024377797302714384,0.0,0.0,1.0296020023524761,False,False,
s-007,after_one_actual_history_call,4,50,0,-31252.852237367002,31406.354478169,49266.664738932,25439.64839206864,4968.316425175872,32171.972221655,919.1199842879978,0.024377797302714384,0.0,0.0,0.08022722601890564,False,False,
s-007,after_one_actual_history_call,4,50,1,-31252.852237367002,31406.354478169,49266.664738932,25439.64839206864,4968.316425175872,32171.972221655,919.1199842879978,0.024377797302714384,0.0,0.0,0.07817213982343674,False,False,
s-007,after_one_actual_history_call,4,10,0,-31252.852237367002,31406.354478169,49266.664738932,25439.64839206864,4968.316425175872,32171.972221655,919.1199842879978,0.024377797302714384,0.0,0.0,0.03610624745488167,False,False,
s-007,after_one_actual_history_call,4,10,1,-31252.852237367002,31406.354478169,49266.664738932,25439.64839206864,4968.316425175872,32171.972221655,919.1199842879978,0.024377797302714384,0.0,0.0,0.03511008247733116,False,False,
s-007,after_one_actual_history_call,5,200,0,295.42062298899987,951.526451963,951.526451963,698.301441903,4968.316425175872,951.526451963,1246.9470749519999,0.0,0.0,0.0,0.22418194636702538,False,True,
s-007,after_one_actual_history_call,5,200,1,295.42062298899987,951.526451963,951.526451963,698.301441903,4968.316425175872,951.526451963,1246.9470749519999,0.0,0.0,0.0,0.2238922007381916,False,True,
s-007,after_one_actual_history_call,5,1000,0,295.42062298899987,951.526451963,951.526451963,698.301441903,4968.316425175872,951.526451963,1246.9470749519999,0.0,0.0,0.0,1.0230818763375282,False,True,
s-007,after_one_actual_history_call,5,1000,1,295.42062298899987,951.526451963,951.526451963,698.301441903,4968.316425175872,951.526451963,1246.9470749519999,0.0,0.0,0.0,1.0233287960290909,False,True,
s-007,after_one_actual_history_call,5,50,0,295.42062298899987,951.526451963,951.526451963,698.301441903,4968.316425175872,951.526451963,1246.9470749519999,0.0,0.0,0.0,0.07539725676178932,False,True,
s-007,after_one_actual_history_call,5,50,1,295.42062298899987,951.526451963,951.526451963,698.301441903,4968.316425175872,951.526451963,1246.9470749519999,0.0,0.0,0.0,0.07302748784422874,False,True,
s-007,after_one_actual_history_call,5,10,0,295.42062298899987,951.526451963,951.526451963,698.301441903,4968.316425175872,951.526451963,1246.9470749519999,0.0,0.0,0.0,0.03398094326257706,False,True,
s-007,after_one_actual_history_call,5,10,1,295.42062298899987,951.526451963,951.526451963,698.301441903,4968.316425175872,951.526451963,1246.9470749519999,0.0,0.0,0.0,0.03365558758378029,False,True,
s-007,after_one_actual_history_call,6,200,0,-5751.731317084001,7974.635650401,9387.285921245,5627.6755285823,4968.316425175872,8159.023360003,2407.292042918999,0.023121772289713047,0.0,0.0,0.22402197122573853,False,False,
s-007,after_one_actual_history_call,6,200,1,-5751.731317084001,7974.635650401,9387.285921245,5627.6755285823,4968.316425175872,8159.023360003,2407.292042918999,0.023121772289713047,0.0,0.0,0.2249249592423439,False,False,
s-007,after_one_actual_history_call,6,1000,0,-5751.731317084001,7974.635650401,9387.285921245,5627.6755285823,4968.316425175872,8159.023360003,2407.292042918999,0.023121772289713047,0.0,0.0,1.0245449729263783,False,False,
s-007,after_one_actual_history_call,6,1000,1,-5751.731317084001,7974.635650401,9387.285921245,5627.6755285823,4968.316425175872,8159.023360003,2407.292042918999,0.023121772289713047,0.0,0.0,1.0257134027779102,False,False,
s-007,after_one_actual_history_call,6,50,0,-5751.731317084001,7974.635650401,9387.285921245,5627.6755285823,4968.316425175872,8159.023360003,2407.292042918999,0.023121772289713047,0.0,0.0,0.0774087905883789,False,False,
s-007,after_one_actual_history_call,6,50,1,-5751.731317084001,7974.635650401,9387.285921245,5627.6755285823,4968.316425175872,8159.023360003,2407.292042918999,0.023121772289713047,0.0,0.0,0.07765253633260727,False,False,
s-007,after_one_actual_history_call,6,10,0,-5751.731317084001,7974.635650401,9387.285921245,5627.6755285823,4968.316425175872,8159.023360003,2407.292042918999,0.023121772289713047,0.0,0.0,0.03770703822374344,False,False,
s-007,after_one_actual_history_call,6,10,1,-5751.731317084001,7974.635650401,9387.285921245,5627.6755285823,4968.316425175872,8159.023360003,2407.292042918999,0.023121772289713047,0.0,0.0,0.038053322583436966,False,False,
s-007,after_one_actual_history_call,7,200,0,-29506.838436675003,31055.822919909,47205.155512762,24057.005005729716,4968.316425175872,31928.846184586,2422.007747910997,0.02811141945677864,0.0,0.0,0.22953657433390617,False,False,
s-007,after_one_actual_history_call,7,200,1,-29506.838436675003,31055.822919909,47205.155512762,24057.005005729716,4968.316425175872,31928.846184586,2422.007747910997,0.02811141945677864,0.0,0.0,0.22745335847139359,False,False,
s-007,after_one_actual_history_call,7,1000,0,-29506.838436675003,31055.822919909,47205.155512762,24057.005005729716,4968.316425175872,31928.846184586,2422.007747910997,0.02811141945677864,0.0,0.0,1.0276836678385735,False,False,
s-007,after_one_actual_history_call,7,1000,1,-29506.838436675003,31055.822919909,47205.155512762,24057.005005729716,4968.316425175872,31928.846184586,2422.007747910997,0.02811141945677864,0.0,0.0,1.0276939906179905,False,False,
s-007,after_one_actual_history_call,7,50,0,-29506.838436675003,31055.822919909,47205.155512762,24057.005005729716,4968.316425175872,31928.846184586,2422.007747910997,0.02811141945677864,0.0,0.0,0.07796995341777802,False,False,
s-007,after_one_actual_history_call,7,50,1,-29506.838436675003,31055.822919909,47205.155512762,24057.005005729716,4968.316425175872,31928.846184586,2422.007747910997,0.02811141945677864,0.0,0.0,0.07891837134957314,False,False,
s-007,after_one_actual_history_call,7,10,0,-29506.838436675003,31055.822919909,47205.155512762,24057.005005729716,4968.316425175872,31928.846184586,2422.007747910997,0.02811141945677864,0.0,0.0,0.03837483748793602,False,False,
s-007,after_one_actual_history_call,7,10,1,-29506.838436675003,31055.822919909,47205.155512762,24057.005005729716,4968.316425175872,31928.846184586,2422.007747910997,0.02811141945677864,0.0,0.0,0.037303462624549866,False,False,
s-007,after_one_actual_history_call,8,200,0,569.7366135149996,1798.752068678,1798.752068678,1545.527058618,4968.316425175872,1798.752068678,2368.4886821929995,0.0,0.0,0.0,0.22413604333996773,False,True,
s-007,after_one_actual_history_call,8,200,1,569.7366135149996,1798.752068678,1798.752068678,1545.527058618,4968.316425175872,1798.752068678,2368.4886821929995,0.0,0.0,0.0,0.22370826080441475,False,True,
s-007,after_one_actual_history_call,8,1000,0,569.7366135149996,1798.752068678,1798.752068678,1545.527058618,4968.316425175872,1798.752068678,2368.4886821929995,0.0,0.0,0.0,1.0252959914505482,False,True,
s-007,after_one_actual_history_call,8,1000,1,569.7366135149996,1798.752068678,1798.752068678,1545.527058618,4968.316425175872,1798.752068678,2368.4886821929995,0.0,0.0,0.0,1.0244538187980652,False,True,
s-007,after_one_actual_history_call,8,50,0,569.7366135149996,1798.752068678,1798.752068678,1545.527058618,4968.316425175872,1798.752068678,2368.4886821929995,0.0,0.0,0.0,0.07408299297094345,False,True,
s-007,after_one_actual_history_call,8,50,1,569.7366135149996,1798.752068678,1798.752068678,1545.527058618,4968.316425175872,1798.752068678,2368.4886821929995,0.0,0.0,0.0,0.07447008788585663,False,True,
s-007,after_one_actual_history_call,8,10,0,569.7366135149996,1798.752068678,1798.752068678,1545.527058618,4968.316425175872,1798.752068678,2368.4886821929995,0.0,0.0,0.0,0.03546176850795746,False,True,
s-007,after_one_actual_history_call,8,10,1,569.7366135149996,1798.752068678,1798.752068678,1545.527058618,4968.316425175872,1798.752068678,2368.4886821929995,0.0,0.0,0.0,0.032929275184869766,False,True,
s-007,after_one_actual_history_call,9,200,0,-5599.627770710001,8549.910379651,9997.177600718,6435.513305908066,4968.316425175872,8905.305572318,3305.6778016079998,0.04156712490377082,0.0,0.0,0.22779878601431847,False,False,
s-007,after_one_actual_history_call,9,200,1,-5599.627770710001,8549.910379651,9997.177600718,6435.513305908066,4968.316425175872,8905.305572318,3305.6778016079998,0.04156712490377082,0.0,0.0,0.2265964187681675,False,False,
s-007,after_one_actual_history_call,9,1000,0,-5599.627770710001,8549.910379651,9997.177600718,6435.513305908066,4968.316425175872,8905.305572318,3305.6778016079998,0.04156712490377082,0.0,0.0,1.025091078132391,False,False,
s-007,after_one_actual_history_call,9,1000,1,-5599.627770710001,8549.910379651,9997.177600718,6435.513305908066,4968.316425175872,8905.305572318,3305.6778016079998,0.04156712490377082,0.0,0.0,1.0252100564539433,False,False,
s-007,after_one_actual_history_call,9,50,0,-5599.627770710001,8549.910379651,9997.177600718,6435.513305908066,4968.316425175872,8905.305572318,3305.6778016079998,0.04156712490377082,0.0,0.0,0.07432348653674126,False,False,
s-007,after_one_actual_history_call,9,50,1,-5599.627770710001,8549.910379651,9997.177600718,6435.513305908066,4968.316425175872,8905.305572318,3305.6778016079998,0.04156712490377082,0.0,0.0,0.07528182119131088,False,False,
s-007,after_one_actual_history_call,9,10,0,-5599.627770710001,8549.910379651,9997.177600718,6435.513305908066,4968.316425175872,8905.305572318,3305.6778016079998,0.04156712490377082,0.0,0.0,0.036848410964012146,False,False,
s-007,after_one_actual_history_call,9,10,1,-5599.627770710001,8549.910379651,9997.177600718,6435.513305908066,4968.316425175872,8905.305572318,3305.6778016079998,0.04156712490377082,0.0,0.0,0.03745611011981964,False,False,
s-007,after_one_actual_history_call,10,200,0,-26195.316128364,31163.63255354,42297.200775251,23618.60497715463,4968.316425175872,31416.455470184,5221.139341819999,0.00811275502654072,252.82291664412696,0.00021017824995675301,0.22864937037229538,False,False,0.22864937037229538
s-007,after_one_actual_history_call,10,200,1,-26195.316128364,31163.63255354,42297.200775251,23618.60497715463,4968.316425175872,31416.455470184,5221.139341819999,0.00811275502654072,252.82291664412696,0.00021017824995675301,0.2277582548558712,False,False,0.2277582548558712
s-007,after_one_actual_history_call,10,1000,0,-26195.316128364,31163.63255354,42297.200775251,23618.60497715463,4968.316425175872,31416.455470184,5221.139341819999,0.00811275502654072,252.82291664412696,0.00021017824995675301,1.0277907438576221,False,False,1.0277907438576221
s-007,after_one_actual_history_call,10,1000,1,-26195.316128364,31163.63255354,42297.200775251,23618.60497715463,4968.316425175872,31416.455470184,5221.139341819999,0.00811275502654072,252.82291664412696,0.00021017824995675301,1.0271093733608723,False,False,1.0271093733608723
s-007,after_one_actual_history_call,10,50,0,-26195.316128364,31163.63255354,42297.200775251,23618.60497715463,4968.316425175872,31416.455470184,5221.139341819999,0.00811275502654072,252.82291664412696,0.00021017824995675301,0.07719718664884567,False,False,0.07719718664884567
s-007,after_one_actual_history_call,10,50,1,-26195.316128364,31163.63255354,42297.200775251,23618.60497715463,4968.316425175872,31416.455470184,5221.139341819999,0.00811275502654072,252.82291664412696,0.00021017824995675301,0.07669765502214432,False,False,0.07669765502214432
s-007,after_one_actual_history_call,10,10,0,-26195.316128364,31163.63255354,42297.200775251,23618.60497715463,4968.316425175872,31416.455470184,5221.139341819999,0.00811275502654072,252.82291664412696,0.00021017824995675301,0.040215909481048584,False,False,0.040215909481048584
s-007,after_one_actual_history_call,10,10,1,-26195.316128364,31163.63255354,42297.200775251,23618.60497715463,4968.316425175872,31416.455470184,5221.139341819999,0.00811275502654072,252.82291664412696,0.00021017824995675301,0.0397074893116951,False,False,0.0397074893116951
s-008,after_common_greedy_prefix,0,200,0,-8916.1694526,8916.1694526,17437.62394512,7291.102534675727,4826.464897262864,9413.039483297,496.8700306970004,0.05572684921910167,0.0,0.0,0.2271849364042282,False,False,
s-008,after_common_greedy_prefix,0,200,1,-8916.1694526,8916.1694526,17437.62394512,7291.102534675727,4826.464897262864,9413.039483297,496.8700306970004,0.05572684921910167,0.0,0.0,0.22570062056183815,False,False,
s-008,after_common_greedy_prefix,0,1000,0,-8916.1694526,8916.1694526,17437.62394512,7291.102534675727,4826.464897262864,9413.039483297,496.8700306970004,0.05572684921910167,0.0,0.0,1.0257269963622093,False,False,
s-008,after_common_greedy_prefix,0,1000,1,-8916.1694526,8916.1694526,17437.62394512,7291.102534675727,4826.464897262864,9413.039483297,496.8700306970004,0.05572684921910167,0.0,0.0,1.0269915908575058,False,False,
s-008,after_common_greedy_prefix,0,50,0,-8916.1694526,8916.1694526,17437.62394512,7291.102534675727,4826.464897262864,9413.039483297,496.8700306970004,0.05572684921910167,0.0,0.0,0.07467631250619888,False,False,
s-008,after_common_greedy_prefix,0,50,1,-8916.1694526,8916.1694526,17437.62394512,7291.102534675727,4826.464897262864,9413.039483297,496.8700306970004,0.05572684921910167,0.0,0.0,0.07498184591531754,False,False,
s-008,after_common_greedy_prefix,0,10,0,-8916.1694526,8916.1694526,17437.62394512,7291.102534675727,4826.464897262864,9413.039483297,496.8700306970004,0.05572684921910167,0.0,0.0,0.03525308892130852,False,False,
s-008,after_common_greedy_prefix,0,10,1,-8916.1694526,8916.1694526,17437.62394512,7291.102534675727,4826.464897262864,9413.039483297,496.8700306970004,0.05572684921910167,0.0,0.0,0.035468392074108124,False,False,
s-008,after_common_greedy_prefix,1,200,0,-32168.551278959,32168.551278959,33918.947458284,24449.436683263084,4826.464897262864,32169.146672326,0.5953933669989055,1.8508553954941207e-05,0.0,0.0,0.2294585406780243,False,False,
s-008,after_common_greedy_prefix,1,200,1,-32168.551278959,32168.551278959,33918.947458284,24449.436683263084,4826.464897262864,32169.146672326,0.5953933669989055,1.8508553954941207e-05,0.0,0.0,0.22737383842468262,False,False,
s-008,after_common_greedy_prefix,1,1000,0,-32168.551278959,32168.551278959,33918.947458284,24449.436683263084,4826.464897262864,32169.146672326,0.5953933669989055,1.8508553954941207e-05,0.0,0.0,1.0293429680168629,False,False,
s-008,after_common_greedy_prefix,1,1000,1,-32168.551278959,32168.551278959,33918.947458284,24449.436683263084,4826.464897262864,32169.146672326,0.5953933669989055,1.8508553954941207e-05,0.0,0.0,1.0290248580276966,False,False,
s-008,after_common_greedy_prefix,1,50,0,-32168.551278959,32168.551278959,33918.947458284,24449.436683263084,4826.464897262864,32169.146672326,0.5953933669989055,1.8508553954941207e-05,0.0,0.0,0.07836193591356277,False,False,
s-008,after_common_greedy_prefix,1,50,1,-32168.551278959,32168.551278959,33918.947458284,24449.436683263084,4826.464897262864,32169.146672326,0.5953933669989055,1.8508553954941207e-05,0.0,0.0,0.07914811000227928,False,False,
s-008,after_common_greedy_prefix,1,10,0,-32168.551278959,32168.551278959,33918.947458284,24449.436683263084,4826.464897262864,32169.146672326,0.5953933669989055,1.8508553954941207e-05,0.0,0.0,0.037804752588272095,False,False,
s-008,after_common_greedy_prefix,1,10,1,-32168.551278959,32168.551278959,33918.947458284,24449.436683263084,4826.464897262864,32169.146672326,0.5953933669989055,1.8508553954941207e-05,0.0,0.0,0.03903667628765106,False,False,
s-008,after_common_greedy_prefix,2,200,0,153.50224080199996,580.622992204,580.622992204,327.39798214399997,4826.464897262864,580.622992204,734.1252330059999,0.0,0.0,0.0,0.22299353405833244,False,True,
s-008,after_common_greedy_prefix,2,200,1,153.50224080199996,580.622992204,580.622992204,327.39798214399997,4826.464897262864,580.622992204,734.1252330059999,0.0,0.0,0.0,0.2235002964735031,False,True,
s-008,after_common_greedy_prefix,2,1000,0,153.50224080199996,580.622992204,580.622992204,327.39798214399997,4826.464897262864,580.622992204,734.1252330059999,0.0,0.0,0.0,1.0261765755712986,False,True,
s-008,after_common_greedy_prefix,2,1000,1,153.50224080199996,580.622992204,580.622992204,327.39798214399997,4826.464897262864,580.622992204,734.1252330059999,0.0,0.0,0.0,1.0238338336348534,False,True,
s-008,after_common_greedy_prefix,2,50,0,153.50224080199996,580.622992204,580.622992204,327.39798214399997,4826.464897262864,580.622992204,734.1252330059999,0.0,0.0,0.0,0.07411736994981766,False,True,
s-008,after_common_greedy_prefix,2,50,1,153.50224080199996,580.622992204,580.622992204,327.39798214399997,4826.464897262864,580.622992204,734.1252330059999,0.0,0.0,0.0,0.07502700388431549,False,True,
s-008,after_common_greedy_prefix,2,10,0,153.50224080199996,580.622992204,580.622992204,327.39798214399997,4826.464897262864,580.622992204,734.1252330059999,0.0,0.0,0.0,0.03514076769351959,False,True,
s-008,after_common_greedy_prefix,2,10,1,153.50224080199996,580.622992204,580.622992204,327.39798214399997,4826.464897262864,580.622992204,734.1252330059999,0.0,0.0,0.0,0.03349772095680237,False,True,
s-008,after_common_greedy_prefix,3,200,0,-6250.926020749001,7723.247063389,9528.389735335,5402.581873436333,4826.464897262864,7723.247063389,1472.3210426399992,0.0,0.0,0.0,0.22443200647830963,False,True,
s-008,after_common_greedy_prefix,3,200,1,-6250.926020749001,7723.247063389,9528.389735335,5402.581873436333,4826.464897262864,7723.247063389,1472.3210426399992,0.0,0.0,0.0,0.22462564706802368,False,True,
s-008,after_common_greedy_prefix,3,1000,0,-6250.926020749001,7723.247063389,9528.389735335,5402.581873436333,4826.464897262864,7723.247063389,1472.3210426399992,0.0,0.0,0.0,1.024817056953907,False,True,
s-008,after_common_greedy_prefix,3,1000,1,-6250.926020749001,7723.247063389,9528.389735335,5402.581873436333,4826.464897262864,7723.247063389,1472.3210426399992,0.0,0.0,0.0,1.0242483541369438,False,True,
s-008,after_common_greedy_prefix,3,50,0,-6250.926020749001,7723.247063389,9528.389735335,5402.581873436333,4826.464897262864,7723.247063389,1472.3210426399992,0.0,0.0,0.0,0.07448652386665344,False,True,
s-008,after_common_greedy_prefix,3,50,1,-6250.926020749001,7723.247063389,9528.389735335,5402.581873436333,4826.464897262864,7723.247063389,1472.3210426399992,0.0,0.0,0.0,0.07533147931098938,False,True,
s-008,after_common_greedy_prefix,3,10,0,-6250.926020749001,7723.247063389,9528.389735335,5402.581873436333,4826.464897262864,7723.247063389,1472.3210426399992,0.0,0.0,0.0,0.03631069138646126,False,True,
s-008,after_common_greedy_prefix,3,10,1,-6250.926020749001,7723.247063389,9528.389735335,5402.581873436333,4826.464897262864,7723.247063389,1472.3210426399992,0.0,0.0,0.0,0.03483831137418747,False,True,
s-008,after_common_greedy_prefix,4,200,0,-31252.852237367002,31406.354478169,49266.664738932,25439.64839206864,4826.464897262864,32171.972221655,919.1199842879978,0.024377797302714384,0.0,0.0,0.2289552316069603,False,False,
s-008,after_common_greedy_prefix,4,200,1,-31252.852237367002,31406.354478169,49266.664738932,25439.64839206864,4826.464897262864,32171.972221655,919.1199842879978,0.024377797302714384,0.0,0.0,0.22687539085745811,False,False,
s-008,after_common_greedy_prefix,4,1000,0,-31252.852237367002,31406.354478169,49266.664738932,25439.64839206864,4826.464897262864,32171.972221655,919.1199842879978,0.024377797302714384,0.0,0.0,1.0273984260857105,False,False,
s-008,after_common_greedy_prefix,4,1000,1,-31252.852237367002,31406.354478169,49266.664738932,25439.64839206864,4826.464897262864,32171.972221655,919.1199842879978,0.024377797302714384,0.0,0.0,1.0286745950579643,False,False,
s-008,after_common_greedy_prefix,4,50,0,-31252.852237367002,31406.354478169,49266.664738932,25439.64839206864,4826.464897262864,32171.972221655,919.1199842879978,0.024377797302714384,0.0,0.0,0.07994148135185242,False,False,
s-008,after_common_greedy_prefix,4,50,1,-31252.852237367002,31406.354478169,49266.664738932,25439.64839206864,4826.464897262864,32171.972221655,919.1199842879978,0.024377797302714384,0.0,0.0,0.07950189709663391,False,False,
s-008,after_common_greedy_prefix,4,10,0,-31252.852237367002,31406.354478169,49266.664738932,25439.64839206864,4826.464897262864,32171.972221655,919.1199842879978,0.024377797302714384,0.0,0.0,0.037399593740701675,False,False,
s-008,after_common_greedy_prefix,4,10,1,-31252.852237367002,31406.354478169,49266.664738932,25439.64839206864,4826.464897262864,32171.972221655,919.1199842879978,0.024377797302714384,0.0,0.0,0.03956393897533417,False,False,
s-008,after_common_greedy_prefix,5,200,0,295.42062298899987,951.526451963,951.526451963,698.301441903,4826.464897262864,951.526451963,1246.9470749519999,0.0,0.0,0.0,0.22392888367176056,False,True,
s-008,after_common_greedy_prefix,5,200,1,295.42062298899987,951.526451963,951.526451963,698.301441903,4826.464897262864,951.526451963,1246.9470749519999,0.0,0.0,0.0,0.2231624312698841,False,True,
s-008,after_common_greedy_prefix,5,1000,0,295.42062298899987,951.526451963,951.526451963,698.301441903,4826.464897262864,951.526451963,1246.9470749519999,0.0,0.0,0.0,1.0233753770589828,False,True,
s-008,after_common_greedy_prefix,5,1000,1,295.42062298899987,951.526451963,951.526451963,698.301441903,4826.464897262864,951.526451963,1246.9470749519999,0.0,0.0,0.0,1.0233930088579655,False,True,
s-008,after_common_greedy_prefix,5,50,0,295.42062298899987,951.526451963,951.526451963,698.301441903,4826.464897262864,951.526451963,1246.9470749519999,0.0,0.0,0.0,0.07475844398140907,False,True,
s-008,after_common_greedy_prefix,5,50,1,295.42062298899987,951.526451963,951.526451963,698.301441903,4826.464897262864,951.526451963,1246.9470749519999,0.0,0.0,0.0,0.0744347982108593,False,True,
s-008,after_common_greedy_prefix,5,10,0,295.42062298899987,951.526451963,951.526451963,698.301441903,4826.464897262864,951.526451963,1246.9470749519999,0.0,0.0,0.0,0.03241482004523277,False,True,
s-008,after_common_greedy_prefix,5,10,1,295.42062298899987,951.526451963,951.526451963,698.301441903,4826.464897262864,951.526451963,1246.9470749519999,0.0,0.0,0.0,0.03304087370634079,False,True,
s-008,after_common_greedy_prefix,6,200,0,-5898.694939471001,8121.599272788,8917.035667042,5738.406478043967,4826.464897262864,8223.318213045,2324.6232735739995,0.012524496326458362,0.0,0.0,0.22575785592198372,False,False,
s-008,after_common_greedy_prefix,6,200,1,-5898.694939471001,8121.599272788,8917.035667042,5738.406478043967,4826.464897262864,8223.318213045,2324.6232735739995,0.012524496326458362,0.0,0.0,0.2243073806166649,False,False,
s-008,after_common_greedy_prefix,6,1000,0,-5898.694939471001,8121.599272788,8917.035667042,5738.406478043967,4826.464897262864,8223.318213045,2324.6232735739995,0.012524496326458362,0.0,0.0,1.0249358378350735,False,False,
s-008,after_common_greedy_prefix,6,1000,1,-5898.694939471001,8121.599272788,8917.035667042,5738.406478043967,4826.464897262864,8223.318213045,2324.6232735739995,0.012524496326458362,0.0,0.0,1.026378657668829,False,False,
s-008,after_common_greedy_prefix,6,50,0,-5898.694939471001,8121.599272788,8917.035667042,5738.406478043967,4826.464897262864,8223.318213045,2324.6232735739995,0.012524496326458362,0.0,0.0,0.0761670470237732,False,False,
s-008,after_common_greedy_prefix,6,50,1,-5898.694939471001,8121.599272788,8917.035667042,5738.406478043967,4826.464897262864,8223.318213045,2324.6232735739995,0.012524496326458362,0.0,0.0,0.07507036626338959,False,False,
s-008,after_common_greedy_prefix,6,10,0,-5898.694939471001,8121.599272788,8917.035667042,5738.406478043967,4826.464897262864,8223.318213045,2324.6232735739995,0.012524496326458362,0.0,0.0,0.034841638058423996,False,False,
s-008,after_common_greedy_prefix,6,10,1,-5898.694939471001,8121.599272788,8917.035667042,5738.406478043967,4826.464897262864,8223.318213045,2324.6232735739995,0.012524496326458362,0.0,0.0,0.035023581236600876,False,False,
s-008,after_common_greedy_prefix,7,200,0,-30093.967642974003,31742.429370483,48324.954041017,24984.570521085137,4826.464897262864,32507.431651404,2413.464008429997,0.024100306627203756,0.0,0.0,0.22797084227204323,False,False,
s-008,after_common_greedy_prefix,7,200,1,-30093.967642974003,31742.429370483,48324.954041017,24984.570521085137,4826.464897262864,32507.431651404,2413.464008429997,0.024100306627203756,0.0,0.0,0.2280992604792118,False,False,
s-008,after_common_greedy_prefix,7,1000,0,-30093.967642974003,31742.429370483,48324.954041017,24984.570521085137,4826.464897262864,32507.431651404,2413.464008429997,0.024100306627203756,0.0,0.0,1.0290680080652237,False,False,
s-008,after_common_greedy_prefix,7,1000,1,-30093.967642974003,31742.429370483,48324.954041017,24984.570521085137,4826.464897262864,32507.431651404,2413.464008429997,0.024100306627203756,0.0,0.0,1.0273117572069168,False,False,
s-008,after_common_greedy_prefix,7,50,0,-30093.967642974003,31742.429370483,48324.954041017,24984.570521085137,4826.464897262864,32507.431651404,2413.464008429997,0.024100306627203756,0.0,0.0,0.07635562866926193,False,False,
s-008,after_common_greedy_prefix,7,50,1,-30093.967642974003,31742.429370483,48324.954041017,24984.570521085137,4826.464897262864,32507.431651404,2413.464008429997,0.024100306627203756,0.0,0.0,0.0774310864508152,False,False,
s-008,after_common_greedy_prefix,7,10,0,-30093.967642974003,31742.429370483,48324.954041017,24984.570521085137,4826.464897262864,32507.431651404,2413.464008429997,0.024100306627203756,0.0,0.0,0.03722240775823593,False,False,
s-008,after_common_greedy_prefix,7,10,1,-30093.967642974003,31742.429370483,48324.954041017,24984.570521085137,4826.464897262864,32507.431651404,2413.464008429997,0.024100306627203756,0.0,0.0,0.036773260682821274,False,False,
s-008,after_common_greedy_prefix,8,200,0,569.7366135149996,1798.752068678,1798.752068678,1545.527058618,4826.464897262864,1798.752068678,2368.4886821929995,0.0,0.0,0.0,0.22217031195759773,False,True,
s-008,after_common_greedy_prefix,8,200,1,569.7366135149996,1798.752068678,1798.752068678,1545.527058618,4826.464897262864,1798.752068678,2368.4886821929995,0.0,0.0,0.0,0.22296367585659027,False,True,
s-008,after_common_greedy_prefix,8,1000,0,569.7366135149996,1798.752068678,1798.752068678,1545.527058618,4826.464897262864,1798.752068678,2368.4886821929995,0.0,0.0,0.0,1.0247845239937305,False,True,
s-008,after_common_greedy_prefix,8,1000,1,569.7366135149996,1798.752068678,1798.752068678,1545.527058618,4826.464897262864,1798.752068678,2368.4886821929995,0.0,0.0,0.0,1.0245780050754547,False,True,
s-008,after_common_greedy_prefix,8,50,0,569.7366135149996,1798.752068678,1798.752068678,1545.527058618,4826.464897262864,1798.752068678,2368.4886821929995,0.0,0.0,0.0,0.07347805425524712,False,True,
s-008,after_common_greedy_prefix,8,50,1,569.7366135149996,1798.752068678,1798.752068678,1545.527058618,4826.464897262864,1798.752068678,2368.4886821929995,0.0,0.0,0.0,0.07488713786005974,False,True,
s-008,after_common_greedy_prefix,8,10,0,569.7366135149996,1798.752068678,1798.752068678,1545.527058618,4826.464897262864,1798.752068678,2368.4886821929995,0.0,0.0,0.0,0.034184325486421585,False,True,
s-008,after_common_greedy_prefix,8,10,1,569.7366135149996,1798.752068678,1798.752068678,1545.527058618,4826.464897262864,1798.752068678,2368.4886821929995,0.0,0.0,0.0,0.03253691643476486,False,True,
s-008,after_common_greedy_prefix,9,200,0,-5618.317657634,8599.095623605,9796.320810483,6283.3466289494,4826.464897262864,8849.714114055,3231.396456420999,0.029144749799273877,0.0,0.0,0.22411052882671356,False,False,
s-008,after_common_greedy_prefix,9,200,1,-5618.317657634,8599.095623605,9796.320810483,6283.3466289494,4826.464897262864,8849.714114055,3231.396456420999,0.029144749799273877,0.0,0.0,0.22411008179187775,False,False,
s-008,after_common_greedy_prefix,9,1000,0,-5618.317657634,8599.095623605,9796.320810483,6283.3466289494,4826.464897262864,8849.714114055,3231.396456420999,0.029144749799273877,0.0,0.0,1.0243070162832737,False,False,
s-008,after_common_greedy_prefix,9,1000,1,-5618.317657634,8599.095623605,9796.320810483,6283.3466289494,4826.464897262864,8849.714114055,3231.396456420999,0.029144749799273877,0.0,0.0,1.0259787030518055,False,False,
s-008,after_common_greedy_prefix,9,50,0,-5618.317657634,8599.095623605,9796.320810483,6283.3466289494,4826.464897262864,8849.714114055,3231.396456420999,0.029144749799273877,0.0,0.0,0.07626046985387802,False,False,
s-008,after_common_greedy_prefix,9,50,1,-5618.317657634,8599.095623605,9796.320810483,6283.3466289494,4826.464897262864,8849.714114055,3231.396456420999,0.029144749799273877,0.0,0.0,0.07462217658758163,False,False,
s-008,after_common_greedy_prefix,9,10,0,-5618.317657634,8599.095623605,9796.320810483,6283.3466289494,4826.464897262864,8849.714114055,3231.396456420999,0.029144749799273877,0.0,0.0,0.03424520790576935,False,False,
s-008,after_common_greedy_prefix,9,10,1,-5618.317657634,8599.095623605,9796.320810483,6283.3466289494,4826.464897262864,8849.714114055,3231.396456420999,0.029144749799273877,0.0,0.0,0.03471672534942627,False,False,
s-008,after_common_greedy_prefix,10,200,0,-25913.039483724,30739.504380987,42003.090050941,23386.839977215313,4826.464897262864,31134.178825544,5221.139341820002,0.01283932361645734,394.6744445571385,0.00032810310537013525,0.22644001618027687,False,False,0.22644001618027687
s-008,after_common_greedy_prefix,10,200,1,-25913.039483724,30739.504380987,42003.090050941,23386.839977215313,4826.464897262864,31134.178825544,5221.139341820002,0.01283932361645734,394.6744445571385,0.00032810310537013525,0.22772148624062538,False,False,0.22772148624062538
s-008,after_common_greedy_prefix,10,1000,0,-25913.039483724,30739.504380987,42003.090050941,23386.839977215313,4826.464897262864,31134.178825544,5221.139341820002,0.01283932361645734,394.6744445571385,0.00032810310537013525,1.027126733213663,False,False,1.027126733213663
s-008,after_common_greedy_prefix,10,1000,1,-25913.039483724,30739.504380987,42003.090050941,23386.839977215313,4826.464897262864,31134.178825544,5221.139341820002,0.01283932361645734,394.6744445571385,0.00032810310537013525,1.028736986219883,False,False,1.028736986219883
s-008,after_common_greedy_prefix,10,50,0,-25913.039483724,30739.504380987,42003.090050941,23386.839977215313,4826.464897262864,31134.178825544,5221.139341820002,0.01283932361645734,394.6744445571385,0.00032810310537013525,0.07743420824408531,False,False,0.07743420824408531
s-008,after_common_greedy_prefix,10,50,1,-25913.039483724,30739.504380987,42003.090050941,23386.839977215313,4826.464897262864,31134.178825544,5221.139341820002,0.01283932361645734,394.6744445571385,0.00032810310537013525,0.07858886197209358,False,False,0.07858886197209358
s-008,after_common_greedy_prefix,10,10,0,-25913.039483724,30739.504380987,42003.090050941,23386.839977215313,4826.464897262864,31134.178825544,5221.139341820002,0.01283932361645734,394.6744445571385,0.00032810310537013525,0.03639835864305496,False,False,0.03639835864305496
s-008,after_common_greedy_prefix,10,10,1,-25913.039483724,30739.504380987,42003.090050941,23386.839977215313,4826.464897262864,31134.178825544,5221.139341820002,0.01283932361645734,394.6744445571385,0.00032810310537013525,0.03689347952604294,False,False,0.03689347952604294
s-009,after_one_actual_history_call,0,200,0,-8916.1694526,8916.1694526,17437.62394512,7291.102534675727,4826.464897262864,9413.039483297,496.8700306970004,0.05572684921910167,0.0,0.0,0.22547220066189766,False,False,
s-009,after_one_actual_history_call,0,200,1,-8916.1694526,8916.1694526,17437.62394512,7291.102534675727,4826.464897262864,9413.039483297,496.8700306970004,0.05572684921910167,0.0,0.0,0.22666778415441513,False,False,
s-009,after_one_actual_history_call,0,1000,0,-8916.1694526,8916.1694526,17437.62394512,7291.102534675727,4826.464897262864,9413.039483297,496.8700306970004,0.05572684921910167,0.0,0.0,1.025038406252861,False,False,
s-009,after_one_actual_history_call,0,1000,1,-8916.1694526,8916.1694526,17437.62394512,7291.102534675727,4826.464897262864,9413.039483297,496.8700306970004,0.05572684921910167,0.0,0.0,1.026088409125805,False,False,
s-009,after_one_actual_history_call,0,50,0,-8916.1694526,8916.1694526,17437.62394512,7291.102534675727,4826.464897262864,9413.039483297,496.8700306970004,0.05572684921910167,0.0,0.0,0.07671140506863594,False,False,
s-009,after_one_actual_history_call,0,50,1,-8916.1694526,8916.1694526,17437.62394512,7291.102534675727,4826.464897262864,9413.039483297,496.8700306970004,0.05572684921910167,0.0,0.0,0.07518019527196884,False,False,
s-009,after_one_actual_history_call,0,10,0,-8916.1694526,8916.1694526,17437.62394512,7291.102534675727,4826.464897262864,9413.039483297,496.8700306970004,0.05572684921910167,0.0,0.0,0.033776018768548965,False,False,
s-009,after_one_actual_history_call,0,10,1,-8916.1694526,8916.1694526,17437.62394512,7291.102534675727,4826.464897262864,9413.039483297,496.8700306970004,0.05572684921910167,0.0,0.0,0.03623484820127487,False,False,
s-009,after_one_actual_history_call,1,200,0,-32168.551278959,32168.551278959,33918.947458284,24449.436683263084,4826.464897262864,32169.146672326,0.5953933669989055,1.8508553954941207e-05,0.0,0.0,0.23069071397185326,False,False,
s-009,after_one_actual_history_call,1,200,1,-32168.551278959,32168.551278959,33918.947458284,24449.436683263084,4826.464897262864,32169.146672326,0.5953933669989055,1.8508553954941207e-05,0.0,0.0,0.22767354547977448,False,False,
s-009,after_one_actual_history_call,1,1000,0,-32168.551278959,32168.551278959,33918.947458284,24449.436683263084,4826.464897262864,32169.146672326,0.5953933669989055,1.8508553954941207e-05,0.0,0.0,1.0279702432453632,False,False,
s-009,after_one_actual_history_call,1,1000,1,-32168.551278959,32168.551278959,33918.947458284,24449.436683263084,4826.464897262864,32169.146672326,0.5953933669989055,1.8508553954941207e-05,0.0,0.0,1.0296436846256256,False,False,
s-009,after_one_actual_history_call,1,50,0,-32168.551278959,32168.551278959,33918.947458284,24449.436683263084,4826.464897262864,32169.146672326,0.5953933669989055,1.8508553954941207e-05,0.0,0.0,0.079876609146595,False,False,
s-009,after_one_actual_history_call,1,50,1,-32168.551278959,32168.551278959,33918.947458284,24449.436683263084,4826.464897262864,32169.146672326,0.5953933669989055,1.8508553954941207e-05,0.0,0.0,0.07913107052445412,False,False,
s-009,after_one_actual_history_call,1,10,0,-32168.551278959,32168.551278959,33918.947458284,24449.436683263084,4826.464897262864,32169.146672326,0.5953933669989055,1.8508553954941207e-05,0.0,0.0,0.0391913466155529,False,False,
s-009,after_one_actual_history_call,1,10,1,-32168.551278959,32168.551278959,33918.947458284,24449.436683263084,4826.464897262864,32169.146672326,0.5953933669989055,1.8508553954941207e-05,0.0,0.0,0.03794730827212334,False,False,
s-009,after_one_actual_history_call,2,200,0,153.50224080199996,580.622992204,580.622992204,327.39798214399997,4826.464897262864,580.622992204,734.1252330059999,0.0,0.0,0.0,0.22496557980775833,False,True,
s-009,after_one_actual_history_call,2,200,1,153.50224080199996,580.622992204,580.622992204,327.39798214399997,4826.464897262864,580.622992204,734.1252330059999,0.0,0.0,0.0,0.22426629811525345,False,True,
s-009,after_one_actual_history_call,2,1000,0,153.50224080199996,580.622992204,580.622992204,327.39798214399997,4826.464897262864,580.622992204,734.1252330059999,0.0,0.0,0.0,1.0236383229494095,False,True,
s-009,after_one_actual_history_call,2,1000,1,153.50224080199996,580.622992204,580.622992204,327.39798214399997,4826.464897262864,580.622992204,734.1252330059999,0.0,0.0,0.0,1.025457039475441,False,True,
s-009,after_one_actual_history_call,2,50,0,153.50224080199996,580.622992204,580.622992204,327.39798214399997,4826.464897262864,580.622992204,734.1252330059999,0.0,0.0,0.0,0.07568490877747536,False,True,
s-009,after_one_actual_history_call,2,50,1,153.50224080199996,580.622992204,580.622992204,327.39798214399997,4826.464897262864,580.622992204,734.1252330059999,0.0,0.0,0.0,0.07430282980203629,False,True,
s-009,after_one_actual_history_call,2,10,0,153.50224080199996,580.622992204,580.622992204,327.39798214399997,4826.464897262864,580.622992204,734.1252330059999,0.0,0.0,0.0,0.0352846160531044,False,True,
s-009,after_one_actual_history_call,2,10,1,153.50224080199996,580.622992204,580.622992204,327.39798214399997,4826.464897262864,580.622992204,734.1252330059999,0.0,0.0,0.0,0.03357917442917824,False,True,
s-009,after_one_actual_history_call,3,200,0,-6250.926020749001,7723.247063389,9528.389735335,5402.581873436333,4826.464897262864,7723.247063389,1472.3210426399992,0.0,0.0,0.0,0.22385090962052345,False,True,
s-009,after_one_actual_history_call,3,200,1,-6250.926020749001,7723.247063389,9528.389735335,5402.581873436333,4826.464897262864,7723.247063389,1472.3210426399992,0.0,0.0,0.0,0.2257642298936844,False,True,
s-009,after_one_actual_history_call,3,1000,0,-6250.926020749001,7723.247063389,9528.389735335,5402.581873436333,4826.464897262864,7723.247063389,1472.3210426399992,0.0,0.0,0.0,1.0252645686268806,False,True,
s-009,after_one_actual_history_call,3,1000,1,-6250.926020749001,7723.247063389,9528.389735335,5402.581873436333,4826.464897262864,7723.247063389,1472.3210426399992,0.0,0.0,0.0,1.025816772133112,False,True,
s-009,after_one_actual_history_call,3,50,0,-6250.926020749001,7723.247063389,9528.389735335,5402.581873436333,4826.464897262864,7723.247063389,1472.3210426399992,0.0,0.0,0.0,0.07519007101655006,False,True,
s-009,after_one_actual_history_call,3,50,1,-6250.926020749001,7723.247063389,9528.389735335,5402.581873436333,4826.464897262864,7723.247063389,1472.3210426399992,0.0,0.0,0.0,0.07485435158014297,False,True,
s-009,after_one_actual_history_call,3,10,0,-6250.926020749001,7723.247063389,9528.389735335,5402.581873436333,4826.464897262864,7723.247063389,1472.3210426399992,0.0,0.0,0.0,0.035598546266555786,False,True,
s-009,after_one_actual_history_call,3,10,1,-6250.926020749001,7723.247063389,9528.389735335,5402.581873436333,4826.464897262864,7723.247063389,1472.3210426399992,0.0,0.0,0.0,0.035543281584978104,False,True,
s-009,after_one_actual_history_call,4,200,0,-31252.852237367002,32171.972221655,49266.664738932,25439.64839206864,4826.464897262864,32171.972221655,919.1199842879978,0.0,0.0,0.0,0.004513319581747055,False,True,
s-009,after_one_actual_history_call,4,200,1,-31252.852237367002,32171.972221655,49266.664738932,25439.64839206864,4826.464897262864,32171.972221655,919.1199842879978,0.0,0.0,0.0,0.0044606514275074005,False,True,
s-009,after_one_actual_history_call,4,1000,0,-31252.852237367002,32171.972221655,49266.664738932,25439.64839206864,4826.464897262864,32171.972221655,919.1199842879978,0.0,0.0,0.0,1.0300274528563023,False,True,
s-009,after_one_actual_history_call,4,1000,1,-31252.852237367002,32171.972221655,49266.664738932,25439.64839206864,4826.464897262864,32171.972221655,919.1199842879978,0.0,0.0,0.0,1.0280323848128319,False,True,
s-009,after_one_actual_history_call,4,50,0,-31252.852237367002,32171.972221655,49266.664738932,25439.64839206864,4826.464897262864,32171.972221655,919.1199842879978,0.0,0.0,0.0,0.07929990440607071,False,True,
s-009,after_one_actual_history_call,4,50,1,-31252.852237367002,32171.972221655,49266.664738932,25439.64839206864,4826.464897262864,32171.972221655,919.1199842879978,0.0,0.0,0.0,0.0773053839802742,False,True,
s-009,after_one_actual_history_call,4,10,0,-31252.852237367002,32171.972221655,49266.664738932,25439.64839206864,4826.464897262864,32171.972221655,919.1199842879978,0.0,0.0,0.0,0.03660618141293526,False,True,
s-009,after_one_actual_history_call,4,10,1,-31252.852237367002,32171.972221655,49266.664738932,25439.64839206864,4826.464897262864,32171.972221655,919.1199842879978,0.0,0.0,0.0,0.03747307136654854,False,True,
s-009,after_one_actual_history_call,5,200,0,295.42062298899987,951.526451963,951.526451963,698.301441903,4826.464897262864,951.526451963,1246.9470749519999,0.0,0.0,0.0,0.22404750809073448,False,True,
s-009,after_one_actual_history_call,5,200,1,295.42062298899987,951.526451963,951.526451963,698.301441903,4826.464897262864,951.526451963,1246.9470749519999,0.0,0.0,0.0,0.22492115944623947,False,True,
s-009,after_one_actual_history_call,5,1000,0,295.42062298899987,951.526451963,951.526451963,698.301441903,4826.464897262864,951.526451963,1246.9470749519999,0.0,0.0,0.0,1.0245605446398258,False,True,
s-009,after_one_actual_history_call,5,1000,1,295.42062298899987,951.526451963,951.526451963,698.301441903,4826.464897262864,951.526451963,1246.9470749519999,0.0,0.0,0.0,1.023765180259943,False,True,
s-009,after_one_actual_history_call,5,50,0,295.42062298899987,951.526451963,951.526451963,698.301441903,4826.464897262864,951.526451963,1246.9470749519999,0.0,0.0,0.0,0.0735667459666729,False,True,
s-009,after_one_actual_history_call,5,50,1,295.42062298899987,951.526451963,951.526451963,698.301441903,4826.464897262864,951.526451963,1246.9470749519999,0.0,0.0,0.0,0.07284802570939064,False,True,
s-009,after_one_actual_history_call,5,10,0,295.42062298899987,951.526451963,951.526451963,698.301441903,4826.464897262864,951.526451963,1246.9470749519999,0.0,0.0,0.0,0.032417457550764084,False,True,
s-009,after_one_actual_history_call,5,10,1,295.42062298899987,951.526451963,951.526451963,698.301441903,4826.464897262864,951.526451963,1246.9470749519999,0.0,0.0,0.0,0.03188961744308472,False,True,
s-009,after_one_actual_history_call,6,200,0,-5898.694939471001,8121.599272788,8917.035667042,5738.406478043967,4826.464897262864,8223.318213045,2324.6232735739995,0.012524496326458362,0.0,0.0,0.22317078709602356,False,False,
s-009,after_one_actual_history_call,6,200,1,-5898.694939471001,8121.599272788,8917.035667042,5738.406478043967,4826.464897262864,8223.318213045,2324.6232735739995,0.012524496326458362,0.0,0.0,0.22435839474201202,False,False,
s-009,after_one_actual_history_call,6,1000,0,-5898.694939471001,8121.599272788,8917.035667042,5738.406478043967,4826.464897262864,8223.318213045,2324.6232735739995,0.012524496326458362,0.0,0.0,1.0252515450119972,False,False,
s-009,after_one_actual_history_call,6,1000,1,-5898.694939471001,8121.599272788,8917.035667042,5738.406478043967,4826.464897262864,8223.318213045,2324.6232735739995,0.012524496326458362,0.0,0.0,1.0253710485994816,False,False,
s-009,after_one_actual_history_call,6,50,0,-5898.694939471001,8121.599272788,8917.035667042,5738.406478043967,4826.464897262864,8223.318213045,2324.6232735739995,0.012524496326458362,0.0,0.0,0.07454688474535942,False,False,
s-009,after_one_actual_history_call,6,50,1,-5898.694939471001,8121.599272788,8917.035667042,5738.406478043967,4826.464897262864,8223.318213045,2324.6232735739995,0.012524496326458362,0.0,0.0,0.07380339130759239,False,False,
s-009,after_one_actual_history_call,6,10,0,-5898.694939471001,8121.599272788,8917.035667042,5738.406478043967,4826.464897262864,8223.318213045,2324.6232735739995,0.012524496326458362,0.0,0.0,0.03459582477807999,False,False,
s-009,after_one_actual_history_call,6,10,1,-5898.694939471001,8121.599272788,8917.035667042,5738.406478043967,4826.464897262864,8223.318213045,2324.6232735739995,0.012524496326458362,0.0,0.0,0.033352937549352646,False,False,
s-009,after_one_actual_history_call,7,200,0,-30093.967642974003,31742.429370483,48324.954041017,24984.570521085137,4826.464897262864,32507.431651404,2413.464008429997,0.024100306627203756,0.0,0.0,0.22729572281241417,False,False,
s-009,after_one_actual_history_call,7,200,1,-30093.967642974003,31742.429370483,48324.954041017,24984.570521085137,4826.464897262864,32507.431651404,2413.464008429997,0.024100306627203756,0.0,0.0,0.2283143438398838,False,False,
s-009,after_one_actual_history_call,7,1000,0,-30093.967642974003,31742.429370483,48324.954041017,24984.570521085137,4826.464897262864,32507.431651404,2413.464008429997,0.024100306627203756,0.0,0.0,1.0297629944980145,False,False,
s-009,after_one_actual_history_call,7,1000,1,-30093.967642974003,31742.429370483,48324.954041017,24984.570521085137,4826.464897262864,32507.431651404,2413.464008429997,0.024100306627203756,0.0,0.0,1.0280639566481113,False,False,
s-009,after_one_actual_history_call,7,50,0,-30093.967642974003,31742.429370483,48324.954041017,24984.570521085137,4826.464897262864,32507.431651404,2413.464008429997,0.024100306627203756,0.0,0.0,0.07699208706617355,False,False,
s-009,after_one_actual_history_call,7,50,1,-30093.967642974003,31742.429370483,48324.954041017,24984.570521085137,4826.464897262864,32507.431651404,2413.464008429997,0.024100306627203756,0.0,0.0,0.07776510715484619,False,False,
s-009,after_one_actual_history_call,7,10,0,-30093.967642974003,31742.429370483,48324.954041017,24984.570521085137,4826.464897262864,32507.431651404,2413.464008429997,0.024100306627203756,0.0,0.0,0.03765735775232315,False,False,
s-009,after_one_actual_history_call,7,10,1,-30093.967642974003,31742.429370483,48324.954041017,24984.570521085137,4826.464897262864,32507.431651404,2413.464008429997,0.024100306627203756,0.0,0.0,0.03522389009594917,False,False,
s-009,after_one_actual_history_call,8,200,0,569.7366135149996,1798.752068678,1798.752068678,1545.527058618,4826.464897262864,1798.752068678,2368.4886821929995,0.0,0.0,0.0,0.22232236340641975,False,True,
s-009,after_one_actual_history_call,8,200,1,569.7366135149996,1798.752068678,1798.752068678,1545.527058618,4826.464897262864,1798.752068678,2368.4886821929995,0.0,0.0,0.0,0.22419388592243195,False,True,
s-009,after_one_actual_history_call,8,1000,0,569.7366135149996,1798.752068678,1798.752068678,1545.527058618,4826.464897262864,1798.752068678,2368.4886821929995,0.0,0.0,0.0,1.0238172635436058,False,True,
s-009,after_one_actual_history_call,8,1000,1,569.7366135149996,1798.752068678,1798.752068678,1545.527058618,4826.464897262864,1798.752068678,2368.4886821929995,0.0,0.0,0.0,1.0258632078766823,False,True,
s-009,after_one_actual_history_call,8,50,0,569.7366135149996,1798.752068678,1798.752068678,1545.527058618,4826.464897262864,1798.752068678,2368.4886821929995,0.0,0.0,0.0,0.0753135122358799,False,True,
s-009,after_one_actual_history_call,8,50,1,569.7366135149996,1798.752068678,1798.752068678,1545.527058618,4826.464897262864,1798.752068678,2368.4886821929995,0.0,0.0,0.0,0.07350138202309608,False,True,
s-009,after_one_actual_history_call,8,10,0,569.7366135149996,1798.752068678,1798.752068678,1545.527058618,4826.464897262864,1798.752068678,2368.4886821929995,0.0,0.0,0.0,0.03278782591223717,False,True,
s-009,after_one_actual_history_call,8,10,1,569.7366135149996,1798.752068678,1798.752068678,1545.527058618,4826.464897262864,1798.752068678,2368.4886821929995,0.0,0.0,0.0,0.03134319931268692,False,True,
s-009,after_one_actual_history_call,9,200,0,-5618.317657634,8599.095623605,9796.320810483,6283.3466289494,4826.464897262864,8849.714114055,3231.396456420999,0.029144749799273877,0.0,0.0,0.22513314709067345,False,False,
s-009,after_one_actual_history_call,9,200,1,-5618.317657634,8599.095623605,9796.320810483,6283.3466289494,4826.464897262864,8849.714114055,3231.396456420999,0.029144749799273877,0.0,0.0,0.22685972601175308,False,False,
s-009,after_one_actual_history_call,9,1000,0,-5618.317657634,8599.095623605,9796.320810483,6283.3466289494,4826.464897262864,8849.714114055,3231.396456420999,0.029144749799273877,0.0,0.0,1.0252681113779545,False,False,
s-009,after_one_actual_history_call,9,1000,1,-5618.317657634,8599.095623605,9796.320810483,6283.3466289494,4826.464897262864,8849.714114055,3231.396456420999,0.029144749799273877,0.0,0.0,1.0273737236857414,False,False,
s-009,after_one_actual_history_call,9,50,0,-5618.317657634,8599.095623605,9796.320810483,6283.3466289494,4826.464897262864,8849.714114055,3231.396456420999,0.029144749799273877,0.0,0.0,0.07453934848308563,False,False,
s-009,after_one_actual_history_call,9,50,1,-5618.317657634,8599.095623605,9796.320810483,6283.3466289494,4826.464897262864,8849.714114055,3231.396456420999,0.029144749799273877,0.0,0.0,0.07452631369233131,False,False,
s-009,after_one_actual_history_call,9,10,0,-5618.317657634,8599.095623605,9796.320810483,6283.3466289494,4826.464897262864,8849.714114055,3231.396456420999,0.029144749799273877,0.0,0.0,0.033134035766124725,False,False,
s-009,after_one_actual_history_call,9,10,1,-5618.317657634,8599.095623605,9796.320810483,6283.3466289494,4826.464897262864,8849.714114055,3231.396456420999,0.029144749799273877,0.0,0.0,0.03264648839831352,False,False,
s-009,after_one_actual_history_call,10,200,0,-25913.039483724,30739.504380987,42003.090050941,23386.839977215313,4826.464897262864,31134.178825544,5221.139341820002,0.01283932361645734,394.6744445571385,0.00032810310537013525,0.2261604182422161,False,False,0.2261604182422161
s-009,after_one_actual_history_call,10,200,1,-25913.039483724,30739.504380987,42003.090050941,23386.839977215313,4826.464897262864,31134.178825544,5221.139341820002,0.01283932361645734,394.6744445571385,0.00032810310537013525,0.2285817451775074,False,False,0.2285817451775074
s-009,after_one_actual_history_call,10,1000,0,-25913.039483724,30739.504380987,42003.090050941,23386.839977215313,4826.464897262864,31134.178825544,5221.139341820002,0.01283932361645734,394.6744445571385,0.00032810310537013525,1.0278666242957115,False,False,1.0278666242957115
s-009,after_one_actual_history_call,10,1000,1,-25913.039483724,30739.504380987,42003.090050941,23386.839977215313,4826.464897262864,31134.178825544,5221.139341820002,0.01283932361645734,394.6744445571385,0.00032810310537013525,1.0287184305489063,False,False,1.0287184305489063
s-009,after_one_actual_history_call,10,50,0,-25913.039483724,30739.504380987,42003.090050941,23386.839977215313,4826.464897262864,31134.178825544,5221.139341820002,0.01283932361645734,394.6744445571385,0.00032810310537013525,0.0780763290822506,False,False,0.0780763290822506
s-009,after_one_actual_history_call,10,50,1,-25913.039483724,30739.504380987,42003.090050941,23386.839977215313,4826.464897262864,31134.178825544,5221.139341820002,0.01283932361645734,394.6744445571385,0.00032810310537013525,0.07665105909109116,False,False,0.07665105909109116
s-009,after_one_actual_history_call,10,10,0,-25913.039483724,30739.504380987,42003.090050941,23386.839977215313,4826.464897262864,31134.178825544,5221.139341820002,0.01283932361645734,394.6744445571385,0.00032810310537013525,0.03682861477136612,False,False,0.03682861477136612
s-009,after_one_actual_history_call,10,10,1,-25913.039483724,30739.504380987,42003.090050941,23386.839977215313,4826.464897262864,31134.178825544,5221.139341820002,0.01283932361645734,394.6744445571385,0.00032810310537013525,0.03564268350601196,False,False,0.03564268350601196
s-010,after_common_greedy_prefix,0,200,0,-7975.794024942,8159.758559194,19039.487380297,7399.56817388103,4968.316425175872,8252.697331289,276.9033063470006,0.011389892411740802,0.0,0.0,0.23679106310009956,False,False,
s-010,after_common_greedy_prefix,0,200,1,-7975.794024942,8159.758559194,19039.487380297,7399.56817388103,4968.316425175872,8252.697331289,276.9033063470006,0.011389892411740802,0.0,0.0,0.22995412722229958,False,False,
s-010,after_common_greedy_prefix,0,1000,0,-7975.794024942,8159.758559194,19039.487380297,7399.56817388103,4968.316425175872,8252.697331289,276.9033063470006,0.011389892411740802,0.0,0.0,1.0319453366100788,False,False,
s-010,after_common_greedy_prefix,0,1000,1,-7975.794024942,8159.758559194,19039.487380297,7399.56817388103,4968.316425175872,8252.697331289,276.9033063470006,0.011389892411740802,0.0,0.0,1.0340432189404964,False,False,
s-010,after_common_greedy_prefix,0,50,0,-7975.794024942,8159.758559194,19039.487380297,7399.56817388103,4968.316425175872,8252.697331289,276.9033063470006,0.011389892411740802,0.0,0.0,0.07834959030151367,False,False,
s-010,after_common_greedy_prefix,0,50,1,-7975.794024942,8159.758559194,19039.487380297,7399.56817388103,4968.316425175872,8252.697331289,276.9033063470006,0.011389892411740802,0.0,0.0,0.07916192710399628,False,False,
s-010,after_common_greedy_prefix,0,10,0,-7975.794024942,8159.758559194,19039.487380297,7399.56817388103,4968.316425175872,8252.697331289,276.9033063470006,0.011389892411740802,0.0,0.0,0.03945888951420784,False,False,
s-010,after_common_greedy_prefix,0,10,1,-7975.794024942,8159.758559194,19039.487380297,7399.56817388103,4968.316425175872,8252.697331289,276.9033063470006,0.011389892411740802,0.0,0.0,0.03676004707813263,False,False,
s-010,after_common_greedy_prefix,1,200,0,-31453.196806871,31453.196806871,33680.268766521,24108.50935261523,4968.316425175872,31668.207848079,215.01104120799937,0.006835904233461886,0.0,0.0,0.22904767841100693,False,False,
s-010,after_common_greedy_prefix,1,200,1,-31453.196806871,31453.196806871,33680.268766521,24108.50935261523,4968.316425175872,31668.207848079,215.01104120799937,0.006835904233461886,0.0,0.0,0.23025092855095863,False,False,
s-010,after_common_greedy_prefix,1,1000,0,-31453.196806871,31453.196806871,33680.268766521,24108.50935261523,4968.316425175872,31668.207848079,215.01104120799937,0.006835904233461886,0.0,0.0,1.0301410891115665,False,False,
s-010,after_common_greedy_prefix,1,1000,1,-31453.196806871,31453.196806871,33680.268766521,24108.50935261523,4968.316425175872,31668.207848079,215.01104120799937,0.006835904233461886,0.0,0.0,1.0310496017336845,False,False,
s-010,after_common_greedy_prefix,1,50,0,-31453.196806871,31453.196806871,33680.268766521,24108.50935261523,4968.316425175872,31649.295211797,196.0984049260005,0.006234609668774988,0.0,0.0,0.07908548414707184,False,False,
s-010,after_common_greedy_prefix,1,50,1,-31453.196806871,31453.196806871,33680.268766521,24108.50935261523,4968.316425175872,31649.295211797,196.0984049260005,0.006234609668774988,0.0,0.0,0.0786687359213829,False,False,
s-010,after_common_greedy_prefix,1,10,0,-31453.196806871,31453.196806871,33680.268766521,24108.50935261523,4968.316425175872,31649.295211797,196.0984049260005,0.006234609668774988,0.0,0.0,0.03939267620444298,False,False,
s-010,after_common_greedy_prefix,1,10,1,-31453.196806871,31453.196806871,33680.268766521,24108.50935261523,4968.316425175872,31649.295211797,196.0984049260005,0.006234609668774988,0.0,0.0,0.03816419467329979,False,False,
s-010,after_common_greedy_prefix,2,200,0,153.50224080199996,580.622992204,580.622992204,327.39798214399997,4968.316425175872,580.622992204,734.1252330059999,0.0,0.0,0.0,0.22162006795406342,False,True,
s-010,after_common_greedy_prefix,2,200,1,153.50224080199996,580.622992204,580.622992204,327.39798214399997,4968.316425175872,580.622992204,734.1252330059999,0.0,0.0,0.0,0.22410791739821434,False,True,
s-010,after_common_greedy_prefix,2,1000,0,153.50224080199996,580.622992204,580.622992204,327.39798214399997,4968.316425175872,580.622992204,734.1252330059999,0.0,0.0,0.0,1.0251683369278908,False,True,
s-010,after_common_greedy_prefix,2,1000,1,153.50224080199996,580.622992204,580.622992204,327.39798214399997,4968.316425175872,580.622992204,734.1252330059999,0.0,0.0,0.0,1.0252845510840416,False,True,
s-010,after_common_greedy_prefix,2,50,0,153.50224080199996,580.622992204,580.622992204,327.39798214399997,4968.316425175872,580.622992204,734.1252330059999,0.0,0.0,0.0,0.07586395367980003,False,True,
s-010,after_common_greedy_prefix,2,50,1,153.50224080199996,580.622992204,580.622992204,327.39798214399997,4968.316425175872,580.622992204,734.1252330059999,0.0,0.0,0.0,0.07526407390832901,False,True,
s-010,after_common_greedy_prefix,2,10,0,153.50224080199996,580.622992204,580.622992204,327.39798214399997,4968.316425175872,580.622992204,734.1252330059999,0.0,0.0,0.0,0.033720750361680984,False,True,
s-010,after_common_greedy_prefix,2,10,1,153.50224080199996,580.622992204,580.622992204,327.39798214399997,4968.316425175872,580.622992204,734.1252330059999,0.0,0.0,0.0,0.031092166900634766,False,True,
s-010,after_common_greedy_prefix,3,200,0,-7039.046641157,8461.384635207,11669.852055828,6075.104112896807,4968.316425175872,8613.214538468,1574.167897311001,0.017943860231722796,0.0,0.0,0.22321400418877602,False,False,
s-010,after_common_greedy_prefix,3,200,1,-7039.046641157,8461.384635207,11669.852055828,6075.104112896807,4968.316425175872,8613.214538468,1574.167897311001,0.017943860231722796,0.0,0.0,0.22522082179784775,False,False,
s-010,after_common_greedy_prefix,3,1000,0,-7039.046641157,8461.384635207,11669.852055828,6075.104112896807,4968.316425175872,8613.214538468,1574.167897311001,0.017943860231722796,0.0,0.0,1.0253945775330067,False,False,
s-010,after_common_greedy_prefix,3,1000,1,-7039.046641157,8461.384635207,11669.852055828,6075.104112896807,4968.316425175872,8613.214538468,1574.167897311001,0.017943860231722796,0.0,0.0,1.0256463140249252,False,False,
s-010,after_common_greedy_prefix,3,50,0,-7039.046641157,8461.384635207,11669.852055828,6075.104112896807,4968.316425175872,8613.214538468,1574.167897311001,0.017943860231722796,0.0,0.0,0.07772209495306015,False,False,
s-010,after_common_greedy_prefix,3,50,1,-7039.046641157,8461.384635207,11669.852055828,6075.104112896807,4968.316425175872,8613.214538468,1574.167897311001,0.017943860231722796,0.0,0.0,0.07523730397224426,False,False,
s-010,after_common_greedy_prefix,3,10,0,-7039.046641157,8461.384635207,11669.852055828,6075.104112896807,4968.316425175872,8613.214538468,1574.167897311001,0.017943860231722796,0.0,0.0,0.034707628190517426,False,False,
s-010,after_common_greedy_prefix,3,10,1,-7039.046641157,8461.384635207,11669.852055828,6075.104112896807,4968.316425175872,8613.214538468,1574.167897311001,0.017943860231722796,0.0,0.0,0.03327123820781708,False,False,
s-010,after_common_greedy_prefix,4,200,0,-31534.570796189,31688.073036991,49337.849964688,26084.430381219867,4968.316425175872,32472.162178775,937.5913825860007,0.02474398303957122,0.0,0.0,0.2271517887711525,False,False,
s-010,after_common_greedy_prefix,4,200,1,-31534.570796189,31688.073036991,49337.849964688,26084.430381219867,4968.316425175872,32472.162178775,937.5913825860007,0.02474398303957122,0.0,0.0,0.22804097458720207,False,False,
s-010,after_common_greedy_prefix,4,1000,0,-31534.570796189,31688.073036991,49337.849964688,26084.430381219867,4968.316425175872,32472.162178775,937.5913825860007,0.02474398303957122,0.0,0.0,1.029127936810255,False,False,
s-010,after_common_greedy_prefix,4,1000,1,-31534.570796189,31688.073036991,49337.849964688,26084.430381219867,4968.316425175872,32472.162178775,937.5913825860007,0.02474398303957122,0.0,0.0,1.0284915119409561,False,False,
s-010,after_common_greedy_prefix,4,50,0,-31534.570796189,31688.073036991,49337.849964688,26084.430381219867,4968.316425175872,32472.162178775,937.5913825860007,0.02474398303957122,0.0,0.0,0.07880199700593948,False,False,
s-010,after_common_greedy_prefix,4,50,1,-31534.570796189,31688.073036991,49337.849964688,26084.430381219867,4968.316425175872,32472.162178775,937.5913825860007,0.02474398303957122,0.0,0.0,0.07975712046027184,False,False,
s-010,after_common_greedy_prefix,4,10,0,-31534.570796189,31688.073036991,49337.849964688,26084.430381219867,4968.316425175872,32472.162178775,937.5913825860007,0.02474398303957122,0.0,0.0,0.0385042168200016,False,False,
s-010,after_common_greedy_prefix,4,10,1,-31534.570796189,31688.073036991,49337.849964688,26084.430381219867,4968.316425175872,32472.162178775,937.5913825860007,0.02474398303957122,0.0,0.0,0.03702894598245621,False,False,
s-010,after_common_greedy_prefix,5,200,0,295.42062298899987,951.526451963,951.526451963,698.301441903,4968.316425175872,951.526451963,1246.9470749519999,0.0,0.0,0.0,0.2246621623635292,False,True,
s-010,after_common_greedy_prefix,5,200,1,295.42062298899987,951.526451963,951.526451963,698.301441903,4968.316425175872,951.526451963,1246.9470749519999,0.0,0.0,0.0,0.22360173240303993,False,True,
s-010,after_common_greedy_prefix,5,1000,0,295.42062298899987,951.526451963,951.526451963,698.301441903,4968.316425175872,951.526451963,1246.9470749519999,0.0,0.0,0.0,1.0233830511569977,False,True,
s-010,after_common_greedy_prefix,5,1000,1,295.42062298899987,951.526451963,951.526451963,698.301441903,4968.316425175872,951.526451963,1246.9470749519999,0.0,0.0,0.0,1.0234538726508617,False,True,
s-010,after_common_greedy_prefix,5,50,0,295.42062298899987,951.526451963,951.526451963,698.301441903,4968.316425175872,951.526451963,1246.9470749519999,0.0,0.0,0.0,0.0735551305115223,False,True,
s-010,after_common_greedy_prefix,5,50,1,295.42062298899987,951.526451963,951.526451963,698.301441903,4968.316425175872,951.526451963,1246.9470749519999,0.0,0.0,0.0,0.07377830520272255,False,True,
s-010,after_common_greedy_prefix,5,10,0,295.42062298899987,951.526451963,951.526451963,698.301441903,4968.316425175872,951.526451963,1246.9470749519999,0.0,0.0,0.0,0.03479469567537308,False,True,
s-010,after_common_greedy_prefix,5,10,1,295.42062298899987,951.526451963,951.526451963,698.301441903,4968.316425175872,951.526451963,1246.9470749519999,0.0,0.0,0.0,0.03483996540307999,False,True,
s-010,after_common_greedy_prefix,6,200,0,-5751.731317084001,7974.635650401,9387.285921245,5627.6755285823,4968.316425175872,8159.023360003,2407.292042918999,0.023121772289713047,0.0,0.0,0.22392210364341736,False,False,
s-010,after_common_greedy_prefix,6,200,1,-5751.731317084001,7974.635650401,9387.285921245,5627.6755285823,4968.316425175872,8159.023360003,2407.292042918999,0.023121772289713047,0.0,0.0,0.22562475502490997,False,False,
s-010,after_common_greedy_prefix,6,1000,0,-5751.731317084001,7974.635650401,9387.285921245,5627.6755285823,4968.316425175872,8159.023360003,2407.292042918999,0.023121772289713047,0.0,0.0,1.026507880538702,False,False,
s-010,after_common_greedy_prefix,6,1000,1,-5751.731317084001,7974.635650401,9387.285921245,5627.6755285823,4968.316425175872,8159.023360003,2407.292042918999,0.023121772289713047,0.0,0.0,1.0263146497309208,False,False,
s-010,after_common_greedy_prefix,6,50,0,-5751.731317084001,7974.635650401,9387.285921245,5627.6755285823,4968.316425175872,8159.023360003,2407.292042918999,0.023121772289713047,0.0,0.0,0.07461436092853546,False,False,
s-010,after_common_greedy_prefix,6,50,1,-5751.731317084001,7974.635650401,9387.285921245,5627.6755285823,4968.316425175872,8159.023360003,2407.292042918999,0.023121772289713047,0.0,0.0,0.07458174973726273,False,False,
s-010,after_common_greedy_prefix,6,10,0,-5751.731317084001,7974.635650401,9387.285921245,5627.6755285823,4968.316425175872,8159.023360003,2407.292042918999,0.023121772289713047,0.0,0.0,0.03740544617176056,False,False,
s-010,after_common_greedy_prefix,6,10,1,-5751.731317084001,7974.635650401,9387.285921245,5627.6755285823,4968.316425175872,8159.023360003,2407.292042918999,0.023121772289713047,0.0,0.0,0.03611933812499046,False,False,
s-010,after_common_greedy_prefix,7,200,0,-29594.043301087,31034.572986246,48084.645587047,24527.630449447526,4968.316425175872,32077.510186299998,2483.466885212998,0.03360565652107445,0.0,0.0,0.22881321981549263,False,False,
s-010,after_common_greedy_prefix,7,200,1,-29594.043301087,31034.572986246,48084.645587047,24527.630449447526,4968.316425175872,32077.510186299998,2483.466885212998,0.03360565652107445,0.0,0.0,0.22857482731342316,False,False,
s-010,after_common_greedy_prefix,7,1000,0,-29594.043301087,31034.572986246,48084.645587047,24527.630449447526,4968.316425175872,32077.510186299998,2483.466885212998,0.03360565652107445,0.0,0.0,1.0279245302081108,False,False,
s-010,after_common_greedy_prefix,7,1000,1,-29594.043301087,31034.572986246,48084.645587047,24527.630449447526,4968.316425175872,32077.510186299998,2483.466885212998,0.03360565652107445,0.0,0.0,1.0276282578706741,False,False,
s-010,after_common_greedy_prefix,7,50,0,-29594.043301087,31034.572986246,48084.645587047,24527.630449447526,4968.316425175872,32077.510186299998,2483.466885212998,0.03360565652107445,0.0,0.0,0.07897955924272537,False,False,
s-010,after_common_greedy_prefix,7,50,1,-29594.043301087,31034.572986246,48084.645587047,24527.630449447526,4968.316425175872,32077.510186299998,2483.466885212998,0.03360565652107445,0.0,0.0,0.08024126291275024,False,False,
s-010,after_common_greedy_prefix,7,10,0,-29594.043301087,31034.572986246,48084.645587047,24527.630449447526,4968.316425175872,32077.510186299998,2483.466885212998,0.03360565652107445,0.0,0.0,0.03898061066865921,False,False,
s-010,after_common_greedy_prefix,7,10,1,-29594.043301087,31034.572986246,48084.645587047,24527.630449447526,4968.316425175872,32077.510186299998,2483.466885212998,0.03360565652107445,0.0,0.0,0.03732924535870552,False,False,
s-010,after_common_greedy_prefix,8,200,0,569.7366135149996,1798.752068678,1798.752068678,1545.527058618,4968.316425175872,1798.752068678,2368.4886821929995,0.0,0.0,0.0,0.22495543211698532,False,True,
s-010,after_common_greedy_prefix,8,200,1,569.7366135149996,1798.752068678,1798.752068678,1545.527058618,4968.316425175872,1798.752068678,2368.4886821929995,0.0,0.0,0.0,0.22486359253525734,False,True,
s-010,after_common_greedy_prefix,8,1000,0,569.7366135149996,1798.752068678,1798.752068678,1545.527058618,4968.316425175872,1798.752068678,2368.4886821929995,0.0,0.0,0.0,1.0247299745678902,False,True,
s-010,after_common_greedy_prefix,8,1000,1,569.7366135149996,1798.752068678,1798.752068678,1545.527058618,4968.316425175872,1798.752068678,2368.4886821929995,0.0,0.0,0.0,1.0236385613679886,False,True,
s-010,after_common_greedy_prefix,8,50,0,569.7366135149996,1798.752068678,1798.752068678,1545.527058618,4968.316425175872,1798.752068678,2368.4886821929995,0.0,0.0,0.0,0.07424313947558403,False,True,
s-010,after_common_greedy_prefix,8,50,1,569.7366135149996,1798.752068678,1798.752068678,1545.527058618,4968.316425175872,1798.752068678,2368.4886821929995,0.0,0.0,0.0,0.07468341663479805,False,True,
s-010,after_common_greedy_prefix,8,10,0,569.7366135149996,1798.752068678,1798.752068678,1545.527058618,4968.316425175872,1798.752068678,2368.4886821929995,0.0,0.0,0.0,0.035434573888778687,False,True,
s-010,after_common_greedy_prefix,8,10,1,569.7366135149996,1798.752068678,1798.752068678,1545.527058618,4968.316425175872,1798.752068678,2368.4886821929995,0.0,0.0,0.0,0.03535407409071922,False,True,
s-010,after_common_greedy_prefix,9,200,0,-5385.637816521,8335.920425462,9778.847449404,6120.756437375817,4968.316425175872,8686.975421004,3301.3376044829993,0.042113525276669464,0.0,0.0,0.22693878412246704,False,False,
s-010,after_common_greedy_prefix,9,200,1,-5385.637816521,8335.920425462,9778.847449404,6120.756437375817,4968.316425175872,8686.975421004,3301.3376044829993,0.042113525276669464,0.0,0.0,0.22548432648181915,False,False,
s-010,after_common_greedy_prefix,9,1000,0,-5385.637816521,8335.920425462,9778.847449404,6120.756437375817,4968.316425175872,8686.975421004,3301.3376044829993,0.042113525276669464,0.0,0.0,1.025601390749216,False,False,
s-010,after_common_greedy_prefix,9,1000,1,-5385.637816521,8335.920425462,9778.847449404,6120.756437375817,4968.316425175872,8686.975421004,3301.3376044829993,0.042113525276669464,0.0,0.0,1.0243901312351227,False,False,
s-010,after_common_greedy_prefix,9,50,0,-5385.637816521,8335.920425462,9778.847449404,6120.756437375817,4968.316425175872,8686.975421004,3301.3376044829993,0.042113525276669464,0.0,0.0,0.07657566666603088,False,False,
s-010,after_common_greedy_prefix,9,50,1,-5385.637816521,8335.920425462,9778.847449404,6120.756437375817,4968.316425175872,8686.975421004,3301.3376044829993,0.042113525276669464,0.0,0.0,0.07582895830273628,False,False,
s-010,after_common_greedy_prefix,9,10,0,-5385.637816521,8335.920425462,9778.847449404,6120.756437375817,4968.316425175872,8686.975421004,3301.3376044829993,0.042113525276669464,0.0,0.0,0.03403526917099953,False,False,
s-010,after_common_greedy_prefix,9,10,1,-5385.637816521,8335.920425462,9778.847449404,6120.756437375817,4968.316425175872,8686.975421004,3301.3376044829993,0.042113525276669464,0.0,0.0,0.031926270574331284,False,False,
s-010,after_common_greedy_prefix,10,200,0,-26195.316128364,31163.63255354,42297.200775251,23618.60497715463,4968.316425175872,31416.455470184,5221.139341819999,0.00811275502654072,252.82291664412696,0.00021017824995675301,0.2268567606806755,False,False,0.2268567606806755
s-010,after_common_greedy_prefix,10,200,1,-26195.316128364,31163.63255354,42297.200775251,23618.60497715463,4968.316425175872,31416.455470184,5221.139341819999,0.00811275502654072,252.82291664412696,0.00021017824995675301,0.2286486253142357,False,False,0.2286486253142357
s-010,after_common_greedy_prefix,10,1000,0,-26195.316128364,31163.63255354,42297.200775251,23618.60497715463,4968.316425175872,31416.455470184,5221.139341819999,0.00811275502654072,252.82291664412696,0.00021017824995675301,1.02797394618392,False,False,1.02797394618392
s-010,after_common_greedy_prefix,10,1000,1,-26195.316128364,31163.63255354,42297.200775251,23618.60497715463,4968.316425175872,31416.455470184,5221.139341819999,0.00811275502654072,252.82291664412696,0.00021017824995675301,1.026972133666277,False,False,1.026972133666277
s-010,after_common_greedy_prefix,10,50,0,-26195.316128364,31163.63255354,42297.200775251,23618.60497715463,4968.316425175872,31416.455470184,5221.139341819999,0.00811275502654072,252.82291664412696,0.00021017824995675301,0.07828550413250923,False,False,0.07828550413250923
s-010,after_common_greedy_prefix,10,50,1,-26195.316128364,31163.63255354,42297.200775251,23618.60497715463,4968.316425175872,31416.455470184,5221.139341819999,0.00811275502654072,252.82291664412696,0.00021017824995675301,0.08035265281796455,False,False,0.08035265281796455
s-010,after_common_greedy_prefix,10,10,0,-26195.316128364,31163.63255354,42297.200775251,23618.60497715463,4968.316425175872,31416.455470184,5221.139341819999,0.00811275502654072,252.82291664412696,0.00021017824995675301,0.036777716130018234,False,False,0.036777716130018234
s-010,after_common_greedy_prefix,10,10,1,-26195.316128364,31163.63255354,42297.200775251,23618.60497715463,4968.316425175872,31416.455470184,5221.139341819999,0.00811275502654072,252.82291664412696,0.00021017824995675301,0.03578241169452667,False,False,0.03578241169452667
s-011,after_one_actual_history_call,0,200,0,-7975.794024942,8159.758559194,19039.487380297,7399.56817388103,4968.316425175872,8252.697331289,276.9033063470006,0.011389892411740802,0.0,0.0,0.23301028460264206,False,False,
s-011,after_one_actual_history_call,0,200,1,-7975.794024942,8159.758559194,19039.487380297,7399.56817388103,4968.316425175872,8252.697331289,276.9033063470006,0.011389892411740802,0.0,0.0,0.23085293918848038,False,False,
s-011,after_one_actual_history_call,0,1000,0,-7975.794024942,8159.758559194,19039.487380297,7399.56817388103,4968.316425175872,8252.697331289,276.9033063470006,0.011389892411740802,0.0,0.0,1.0256992392241955,False,False,
s-011,after_one_actual_history_call,0,1000,1,-7975.794024942,8159.758559194,19039.487380297,7399.56817388103,4968.316425175872,8252.697331289,276.9033063470006,0.011389892411740802,0.0,0.0,1.0288301445543766,False,False,
s-011,after_one_actual_history_call,0,50,0,-7975.794024942,8159.758559194,19039.487380297,7399.56817388103,4968.316425175872,8252.697331289,276.9033063470006,0.011389892411740802,0.0,0.0,0.07584503293037415,False,False,
s-011,after_one_actual_history_call,0,50,1,-7975.794024942,8159.758559194,19039.487380297,7399.56817388103,4968.316425175872,8252.697331289,276.9033063470006,0.011389892411740802,0.0,0.0,0.07647072151303291,False,False,
s-011,after_one_actual_history_call,0,10,0,-7975.794024942,8159.758559194,19039.487380297,7399.56817388103,4968.316425175872,8252.697331289,276.9033063470006,0.011389892411740802,0.0,0.0,0.03788828104734421,False,False,
s-011,after_one_actual_history_call,0,10,1,-7975.794024942,8159.758559194,19039.487380297,7399.56817388103,4968.316425175872,8252.697331289,276.9033063470006,0.011389892411740802,0.0,0.0,0.0361650250852108,False,False,
s-011,after_one_actual_history_call,1,200,0,-31453.196806871,31453.196806871,33680.268766521,24108.50935261523,4968.316425175872,31668.207848079,215.01104120799937,0.006835904233461886,0.0,0.0,0.22925938293337822,False,False,
s-011,after_one_actual_history_call,1,200,1,-31453.196806871,31453.196806871,33680.268766521,24108.50935261523,4968.316425175872,31668.207848079,215.01104120799937,0.006835904233461886,0.0,0.0,0.22964024543762207,False,False,
s-011,after_one_actual_history_call,1,1000,0,-31453.196806871,31453.196806871,33680.268766521,24108.50935261523,4968.316425175872,31668.207848079,215.01104120799937,0.006835904233461886,0.0,0.0,1.0285928770899773,False,False,
s-011,after_one_actual_history_call,1,1000,1,-31453.196806871,31453.196806871,33680.268766521,24108.50935261523,4968.316425175872,31668.207848079,215.01104120799937,0.006835904233461886,0.0,0.0,1.0301335044205189,False,False,
s-011,after_one_actual_history_call,1,50,0,-31453.196806871,31453.196806871,33680.268766521,24108.50935261523,4968.316425175872,31649.295211797,196.0984049260005,0.006234609668774988,0.0,0.0,0.0788579098880291,False,False,
s-011,after_one_actual_history_call,1,50,1,-31453.196806871,31453.196806871,33680.268766521,24108.50935261523,4968.316425175872,31649.295211797,196.0984049260005,0.006234609668774988,0.0,0.0,0.08134403079748154,False,False,
s-011,after_one_actual_history_call,1,10,0,-31453.196806871,31453.196806871,33680.268766521,24108.50935261523,4968.316425175872,31649.295211797,196.0984049260005,0.006234609668774988,0.0,0.0,0.04237500950694084,False,False,
s-011,after_one_actual_history_call,1,10,1,-31453.196806871,31453.196806871,33680.268766521,24108.50935261523,4968.316425175872,31649.295211797,196.0984049260005,0.006234609668774988,0.0,0.0,0.04396478459239006,False,False,
s-011,after_one_actual_history_call,2,200,0,153.50224080199996,580.622992204,580.622992204,327.39798214399997,4968.316425175872,580.622992204,734.1252330059999,0.0,0.0,0.0,0.2238488718867302,False,True,
s-011,after_one_actual_history_call,2,200,1,153.50224080199996,580.622992204,580.622992204,327.39798214399997,4968.316425175872,580.622992204,734.1252330059999,0.0,0.0,0.0,0.22352727502584457,False,True,
s-011,after_one_actual_history_call,2,1000,0,153.50224080199996,580.622992204,580.622992204,327.39798214399997,4968.316425175872,580.622992204,734.1252330059999,0.0,0.0,0.0,1.0236463285982609,False,True,
s-011,after_one_actual_history_call,2,1000,1,153.50224080199996,580.622992204,580.622992204,327.39798214399997,4968.316425175872,580.622992204,734.1252330059999,0.0,0.0,0.0,1.0238382928073406,False,True,
s-011,after_one_actual_history_call,2,50,0,153.50224080199996,580.622992204,580.622992204,327.39798214399997,4968.316425175872,580.622992204,734.1252330059999,0.0,0.0,0.0,0.0737675093114376,False,True,
s-011,after_one_actual_history_call,2,50,1,153.50224080199996,580.622992204,580.622992204,327.39798214399997,4968.316425175872,580.622992204,734.1252330059999,0.0,0.0,0.0,0.0742085799574852,False,True,
s-011,after_one_actual_history_call,2,10,0,153.50224080199996,580.622992204,580.622992204,327.39798214399997,4968.316425175872,580.622992204,734.1252330059999,0.0,0.0,0.0,0.032320696860551834,False,True,
s-011,after_one_actual_history_call,2,10,1,153.50224080199996,580.622992204,580.622992204,327.39798214399997,4968.316425175872,580.622992204,734.1252330059999,0.0,0.0,0.0,0.031647562980651855,False,True,
s-011,after_one_actual_history_call,3,200,0,-7039.046641157,8461.384635207,11669.852055828,6075.104112896807,4968.316425175872,8613.214538468,1574.167897311001,0.017943860231722796,0.0,0.0,0.22609014064073563,False,False,
s-011,after_one_actual_history_call,3,200,1,-7039.046641157,8461.384635207,11669.852055828,6075.104112896807,4968.316425175872,8613.214538468,1574.167897311001,0.017943860231722796,0.0,0.0,0.22581127658486366,False,False,
s-011,after_one_actual_history_call,3,1000,0,-7039.046641157,8461.384635207,11669.852055828,6075.104112896807,4968.316425175872,8613.214538468,1574.167897311001,0.017943860231722796,0.0,0.0,1.0264203175902367,False,False,
s-011,after_one_actual_history_call,3,1000,1,-7039.046641157,8461.384635207,11669.852055828,6075.104112896807,4968.316425175872,8613.214538468,1574.167897311001,0.017943860231722796,0.0,0.0,1.026477374136448,False,False,
s-011,after_one_actual_history_call,3,50,0,-7039.046641157,8461.384635207,11669.852055828,6075.104112896807,4968.316425175872,8613.214538468,1574.167897311001,0.017943860231722796,0.0,0.0,0.07551782205700874,False,False,
s-011,after_one_actual_history_call,3,50,1,-7039.046641157,8461.384635207,11669.852055828,6075.104112896807,4968.316425175872,8613.214538468,1574.167897311001,0.017943860231722796,0.0,0.0,0.07445143163204193,False,False,
s-011,after_one_actual_history_call,3,10,0,-7039.046641157,8461.384635207,11669.852055828,6075.104112896807,4968.316425175872,8613.214538468,1574.167897311001,0.017943860231722796,0.0,0.0,0.03413119167089462,False,False,
s-011,after_one_actual_history_call,3,10,1,-7039.046641157,8461.384635207,11669.852055828,6075.104112896807,4968.316425175872,8613.214538468,1574.167897311001,0.017943860231722796,0.0,0.0,0.034980401396751404,False,False,
s-011,after_one_actual_history_call,4,200,0,-31534.570796189,31688.073036991,49337.849964688,26084.430381219867,4968.316425175872,32472.162178775,937.5913825860007,0.02474398303957122,0.0,0.0,0.23015400767326355,False,False,
s-011,after_one_actual_history_call,4,200,1,-31534.570796189,31688.073036991,49337.849964688,26084.430381219867,4968.316425175872,32472.162178775,937.5913825860007,0.02474398303957122,0.0,0.0,0.22866590321063995,False,False,
s-011,after_one_actual_history_call,4,1000,0,-31534.570796189,31688.073036991,49337.849964688,26084.430381219867,4968.316425175872,32472.162178775,937.5913825860007,0.02474398303957122,0.0,0.0,1.0292613133788109,False,False,
s-011,after_one_actual_history_call,4,1000,1,-31534.570796189,31688.073036991,49337.849964688,26084.430381219867,4968.316425175872,32472.162178775,937.5913825860007,0.02474398303957122,0.0,0.0,1.027906872332096,False,False,
s-011,after_one_actual_history_call,4,50,0,-31534.570796189,31688.073036991,49337.849964688,26084.430381219867,4968.316425175872,32472.162178775,937.5913825860007,0.02474398303957122,0.0,0.0,0.07767172530293465,False,False,
s-011,after_one_actual_history_call,4,50,1,-31534.570796189,31688.073036991,49337.849964688,26084.430381219867,4968.316425175872,32472.162178775,937.5913825860007,0.02474398303957122,0.0,0.0,0.07737114652991295,False,False,
s-011,after_one_actual_history_call,4,10,0,-31534.570796189,31688.073036991,49337.849964688,26084.430381219867,4968.316425175872,32472.162178775,937.5913825860007,0.02474398303957122,0.0,0.0,0.036276571452617645,False,False,
s-011,after_one_actual_history_call,4,10,1,-31534.570796189,31688.073036991,49337.849964688,26084.430381219867,4968.316425175872,32472.162178775,937.5913825860007,0.02474398303957122,0.0,0.0,0.03746519982814789,False,False,
s-011,after_one_actual_history_call,5,200,0,295.42062298899987,951.526451963,951.526451963,698.301441903,4968.316425175872,951.526451963,1246.9470749519999,0.0,0.0,0.0,0.004483051598072052,False,True,
s-011,after_one_actual_history_call,5,200,1,295.42062298899987,951.526451963,951.526451963,698.301441903,4968.316425175872,951.526451963,1246.9470749519999,0.0,0.0,0.0,0.004339311271905899,False,True,
s-011,after_one_actual_history_call,5,1000,0,295.42062298899987,951.526451963,951.526451963,698.301441903,4968.316425175872,951.526451963,1246.9470749519999,0.0,0.0,0.0,1.0248648561537266,False,True,
s-011,after_one_actual_history_call,5,1000,1,295.42062298899987,951.526451963,951.526451963,698.301441903,4968.316425175872,951.526451963,1246.9470749519999,0.0,0.0,0.0,1.025389738380909,False,True,
s-011,after_one_actual_history_call,5,50,0,295.42062298899987,951.526451963,951.526451963,698.301441903,4968.316425175872,951.526451963,1246.9470749519999,0.0,0.0,0.0,0.07426556572318077,False,True,
s-011,after_one_actual_history_call,5,50,1,295.42062298899987,951.526451963,951.526451963,698.301441903,4968.316425175872,951.526451963,1246.9470749519999,0.0,0.0,0.0,0.07298415154218674,False,True,
s-011,after_one_actual_history_call,5,10,0,295.42062298899987,951.526451963,951.526451963,698.301441903,4968.316425175872,951.526451963,1246.9470749519999,0.0,0.0,0.0,0.032617632299661636,False,True,
s-011,after_one_actual_history_call,5,10,1,295.42062298899987,951.526451963,951.526451963,698.301441903,4968.316425175872,951.526451963,1246.9470749519999,0.0,0.0,0.0,0.031350135803222656,False,True,
s-011,after_one_actual_history_call,6,200,0,-5751.731317084001,7974.635650401,9387.285921245,5627.6755285823,4968.316425175872,8159.023360003,2407.292042918999,0.023121772289713047,0.0,0.0,0.2242128551006317,False,False,
s-011,after_one_actual_history_call,6,200,1,-5751.731317084001,7974.635650401,9387.285921245,5627.6755285823,4968.316425175872,8159.023360003,2407.292042918999,0.023121772289713047,0.0,0.0,0.22797560691833496,False,False,
s-011,after_one_actual_history_call,6,1000,0,-5751.731317084001,7974.635650401,9387.285921245,5627.6755285823,4968.316425175872,8159.023360003,2407.292042918999,0.023121772289713047,0.0,0.0,1.0274984613060951,False,False,
s-011,after_one_actual_history_call,6,1000,1,-5751.731317084001,7974.635650401,9387.285921245,5627.6755285823,4968.316425175872,8159.023360003,2407.292042918999,0.023121772289713047,0.0,0.0,1.0267388261854649,False,False,
s-011,after_one_actual_history_call,6,50,0,-5751.731317084001,7974.635650401,9387.285921245,5627.6755285823,4968.316425175872,8159.023360003,2407.292042918999,0.023121772289713047,0.0,0.0,0.07503769546747208,False,False,
s-011,after_one_actual_history_call,6,50,1,-5751.731317084001,7974.635650401,9387.285921245,5627.6755285823,4968.316425175872,8159.023360003,2407.292042918999,0.023121772289713047,0.0,0.0,0.07459797710180283,False,False,
s-011,after_one_actual_history_call,6,10,0,-5751.731317084001,7974.635650401,9387.285921245,5627.6755285823,4968.316425175872,8159.023360003,2407.292042918999,0.023121772289713047,0.0,0.0,0.03423957899212837,False,False,
s-011,after_one_actual_history_call,6,10,1,-5751.731317084001,7974.635650401,9387.285921245,5627.6755285823,4968.316425175872,8159.023360003,2407.292042918999,0.023121772289713047,0.0,0.0,0.03391098603606224,False,False,
s-011,after_one_actual_history_call,7,200,0,-29594.043301087,31034.572986246,48084.645587047,24527.630449447526,4968.316425175872,32077.510186299998,2483.466885212998,0.03360565652107445,0.0,0.0,0.2273235134780407,False,False,
s-011,after_one_actual_history_call,7,200,1,-29594.043301087,31034.572986246,48084.645587047,24527.630449447526,4968.316425175872,32077.510186299998,2483.466885212998,0.03360565652107445,0.0,0.0,0.229276604950428,False,False,
s-011,after_one_actual_history_call,7,1000,0,-29594.043301087,31034.572986246,48084.645587047,24527.630449447526,4968.316425175872,32077.510186299998,2483.466885212998,0.03360565652107445,0.0,0.0,1.028037928044796,False,False,
s-011,after_one_actual_history_call,7,1000,1,-29594.043301087,31034.572986246,48084.645587047,24527.630449447526,4968.316425175872,32077.510186299998,2483.466885212998,0.03360565652107445,0.0,0.0,1.0278173089027405,False,False,
s-011,after_one_actual_history_call,7,50,0,-29594.043301087,31034.572986246,48084.645587047,24527.630449447526,4968.316425175872,32077.510186299998,2483.466885212998,0.03360565652107445,0.0,0.0,0.07871566340327263,False,False,
s-011,after_one_actual_history_call,7,50,1,-29594.043301087,31034.572986246,48084.645587047,24527.630449447526,4968.316425175872,32077.510186299998,2483.466885212998,0.03360565652107445,0.0,0.0,0.07783286646008492,False,False,
s-011,after_one_actual_history_call,7,10,0,-29594.043301087,31034.572986246,48084.645587047,24527.630449447526,4968.316425175872,32077.510186299998,2483.466885212998,0.03360565652107445,0.0,0.0,0.037068579345941544,False,False,
s-011,after_one_actual_history_call,7,10,1,-29594.043301087,31034.572986246,48084.645587047,24527.630449447526,4968.316425175872,32077.510186299998,2483.466885212998,0.03360565652107445,0.0,0.0,0.03599849343299866,False,False,
s-011,after_one_actual_history_call,8,200,0,569.7366135149996,1798.752068678,1798.752068678,1545.527058618,4968.316425175872,1798.752068678,2368.4886821929995,0.0,0.0,0.0,0.22397113218903542,False,True,
s-011,after_one_actual_history_call,8,200,1,569.7366135149996,1798.752068678,1798.752068678,1545.527058618,4968.316425175872,1798.752068678,2368.4886821929995,0.0,0.0,0.0,0.22658571228384972,False,True,
s-011,after_one_actual_history_call,8,1000,0,569.7366135149996,1798.752068678,1798.752068678,1545.527058618,4968.316425175872,1798.752068678,2368.4886821929995,0.0,0.0,0.0,1.025891039520502,False,True,
s-011,after_one_actual_history_call,8,1000,1,569.7366135149996,1798.752068678,1798.752068678,1545.527058618,4968.316425175872,1798.752068678,2368.4886821929995,0.0,0.0,0.0,1.0265388749539852,False,True,
s-011,after_one_actual_history_call,8,50,0,569.7366135149996,1798.752068678,1798.752068678,1545.527058618,4968.316425175872,1798.752068678,2368.4886821929995,0.0,0.0,0.0,0.07549571245908737,False,True,
s-011,after_one_actual_history_call,8,50,1,569.7366135149996,1798.752068678,1798.752068678,1545.527058618,4968.316425175872,1798.752068678,2368.4886821929995,0.0,0.0,0.0,0.07345157489180565,False,True,
s-011,after_one_actual_history_call,8,10,0,569.7366135149996,1798.752068678,1798.752068678,1545.527058618,4968.316425175872,1798.752068678,2368.4886821929995,0.0,0.0,0.0,0.032403990626335144,False,True,
s-011,after_one_actual_history_call,8,10,1,569.7366135149996,1798.752068678,1798.752068678,1545.527058618,4968.316425175872,1798.752068678,2368.4886821929995,0.0,0.0,0.0,0.03218785673379898,False,True,
s-011,after_one_actual_history_call,9,200,0,-5385.637816521,8335.920425462,9778.847449404,6120.756437375817,4968.316425175872,8686.975421004,3301.3376044829993,0.042113525276669464,0.0,0.0,0.2240794040262699,False,False,
s-011,after_one_actual_history_call,9,200,1,-5385.637816521,8335.920425462,9778.847449404,6120.756437375817,4968.316425175872,8686.975421004,3301.3376044829993,0.042113525276669464,0.0,0.0,0.2260819897055626,False,False,
s-011,after_one_actual_history_call,9,1000,0,-5385.637816521,8335.920425462,9778.847449404,6120.756437375817,4968.316425175872,8686.975421004,3301.3376044829993,0.042113525276669464,0.0,0.0,1.0266345776617527,False,False,
s-011,after_one_actual_history_call,9,1000,1,-5385.637816521,8335.920425462,9778.847449404,6120.756437375817,4968.316425175872,8686.975421004,3301.3376044829993,0.042113525276669464,0.0,0.0,1.0254566855728626,False,False,
s-011,after_one_actual_history_call,9,50,0,-5385.637816521,8335.920425462,9778.847449404,6120.756437375817,4968.316425175872,8686.975421004,3301.3376044829993,0.042113525276669464,0.0,0.0,0.078340794891119,False,False,
s-011,after_one_actual_history_call,9,50,1,-5385.637816521,8335.920425462,9778.847449404,6120.756437375817,4968.316425175872,8686.975421004,3301.3376044829993,0.042113525276669464,0.0,0.0,0.07949186861515045,False,False,
s-011,after_one_actual_history_call,9,10,0,-5385.637816521,8335.920425462,9778.847449404,6120.756437375817,4968.316425175872,8686.975421004,3301.3376044829993,0.042113525276669464,0.0,0.0,0.03525381535291672,False,False,
s-011,after_one_actual_history_call,9,10,1,-5385.637816521,8335.920425462,9778.847449404,6120.756437375817,4968.316425175872,8686.975421004,3301.3376044829993,0.042113525276669464,0.0,0.0,0.035063814371824265,False,False,
s-011,after_one_actual_history_call,10,200,0,-26195.316128364,31163.63255354,42297.200775251,23618.60497715463,4968.316425175872,31416.455470184,5221.139341819999,0.00811275502654072,252.82291664412696,0.00021017824995675301,0.2325308583676815,False,False,0.2325308583676815
s-011,after_one_actual_history_call,10,200,1,-26195.316128364,31163.63255354,42297.200775251,23618.60497715463,4968.316425175872,31416.455470184,5221.139341819999,0.00811275502654072,252.82291664412696,0.00021017824995675301,0.22861174121499062,False,False,0.22861174121499062
s-011,after_one_actual_history_call,10,1000,0,-26195.316128364,31163.63255354,42297.200775251,23618.60497715463,4968.316425175872,31416.455470184,5221.139341819999,0.00811275502654072,252.82291664412696,0.00021017824995675301,1.0287893302738667,False,False,1.0287893302738667
s-011,after_one_actual_history_call,10,1000,1,-26195.316128364,31163.63255354,42297.200775251,23618.60497715463,4968.316425175872,31416.455470184,5221.139341819999,0.00811275502654072,252.82291664412696,0.00021017824995675301,1.0289526283740997,False,False,1.0289526283740997
s-011,after_one_actual_history_call,10,50,0,-26195.316128364,31163.63255354,42297.200775251,23618.60497715463,4968.316425175872,31416.455470184,5221.139341819999,0.00811275502654072,252.82291664412696,0.00021017824995675301,0.07806259021162987,False,False,0.07806259021162987
s-011,after_one_actual_history_call,10,50,1,-26195.316128364,31163.63255354,42297.200775251,23618.60497715463,4968.316425175872,31416.455470184,5221.139341819999,0.00811275502654072,252.82291664412696,0.00021017824995675301,0.07788778841495514,False,False,0.07788778841495514
s-011,after_one_actual_history_call,10,10,0,-26195.316128364,31163.63255354,42297.200775251,23618.60497715463,4968.316425175872,31416.455470184,5221.139341819999,0.00811275502654072,252.82291664412696,0.00021017824995675301,0.03840295225381851,False,False,0.03840295225381851
s-011,after_one_actual_history_call,10,10,1,-26195.316128364,31163.63255354,42297.200775251,23618.60497715463,4968.316425175872,31416.455470184,5221.139341819999,0.00811275502654072,252.82291664412696,0.00021017824995675301,0.03775523602962494,False,False,0.03775523602962494
