snapshot_id,state_kind,action_index,workpoint_ms,repeat,q_seconds,L_seconds,U_seconds,P1_recovery_seconds,snapshot_best_gain_seconds,recovery_value_seconds,q_plus_recovery_seconds,local_delta,beyond_snapshot_gain_seconds,beyond_snapshot_global_fraction,complete_conditional_return_seconds,failed,zero_extra_gain,earliest_verified_more_than_snapshot_gain_seconds
s-000,after_common_greedy_prefix,0,200,0,-9547.973722421,10294.802638747,21729.879972354,8043.101431495038,1703.5448414690327,11159.86475164,1611.8910292189994,0.08402901378965028,0.0,0.0,0.21968332305550575,False,False,
s-000,after_common_greedy_prefix,0,200,1,-9547.973722421,10294.802638747,21729.879972354,8043.101431495038,1703.5448414690327,11159.86475164,1611.8910292189994,0.08402901378965028,0.0,0.0,0.21681909635663033,False,False,
s-000,after_common_greedy_prefix,0,1000,0,-9547.973722421,10294.802638747,21729.879972354,8043.101431495038,1703.5448414690327,11159.86475164,1611.8910292189994,0.08402901378965028,0.0,0.0,1.0174011588096619,False,False,
s-000,after_common_greedy_prefix,0,1000,1,-9547.973722421,10294.802638747,21729.879972354,8043.101431495038,1703.5448414690327,11159.86475164,1611.8910292189994,0.08402901378965028,0.0,0.0,1.0186261981725693,False,False,
s-000,after_common_greedy_prefix,1,200,0,-37363.813422211,37363.813422211,60631.151499938,33224.25861504137,1703.5448414690327,38164.751044022,800.9376218109974,0.021436185133471366,0.0,0.0,0.21906446292996407,False,False,
s-000,after_common_greedy_prefix,1,200,1,-37363.813422211,37363.813422211,60631.151499938,33224.25861504137,1703.5448414690327,38164.751044022,800.9376218109974,0.021436185133471366,0.0,0.0,0.21856984123587608,False,False,
s-000,after_common_greedy_prefix,1,1000,0,-37363.813422211,37363.813422211,60631.151499938,33224.25861504137,1703.5448414690327,38164.751044022,800.9376218109974,0.021436185133471366,0.0,0.0,1.0188601352274418,False,False,
s-000,after_common_greedy_prefix,1,1000,1,-37363.813422211,37363.813422211,60631.151499938,33224.25861504137,1703.5448414690327,38164.751044022,800.9376218109974,0.021436185133471366,0.0,0.0,1.0197253711521626,False,False,
s-000,after_common_greedy_prefix,2,200,0,-0.1050261440000213,32.753673276,32.753673276,32.753673276,1703.5448414690327,32.753673276,32.64864713199998,0.0,0.0,0.0,0.2141803689301014,False,True,
s-000,after_common_greedy_prefix,2,200,1,-0.1050261440000213,32.753673276,32.753673276,32.753673276,1703.5448414690327,32.753673276,32.64864713199998,0.0,0.0,0.0,0.21437307074666023,False,True,
s-000,after_common_greedy_prefix,2,1000,0,-0.1050261440000213,32.753673276,32.753673276,32.753673276,1703.5448414690327,32.753673276,32.64864713199998,0.0,0.0,0.0,1.014542754739523,False,True,
s-000,after_common_greedy_prefix,2,1000,1,-0.1050261440000213,32.753673276,32.753673276,32.753673276,1703.5448414690327,32.753673276,32.64864713199998,0.0,0.0,0.0,1.0143055766820908,False,True,
s-000,after_common_greedy_prefix,3,200,0,-8608.064590333,8931.831343722,10868.711484507,6479.775636564185,1703.5448414690327,9362.687271248,754.6226809149994,0.04823825159090574,0.0,0.0,0.21619482710957527,False,False,
s-000,after_common_greedy_prefix,3,200,1,-8608.064590333,8931.831343722,10868.711484507,6479.775636564185,1703.5448414690327,9362.687271248,754.6226809149994,0.04823825159090574,0.0,0.0,0.21574978902935982,False,False,
s-000,after_common_greedy_prefix,3,1000,0,-8608.064590333,8931.831343722,10868.711484507,6479.775636564185,1703.5448414690327,9362.687271248,754.6226809149994,0.04823825159090574,0.0,0.0,1.0160886012017727,False,False,
s-000,after_common_greedy_prefix,3,1000,1,-8608.064590333,8931.831343722,10868.711484507,6479.775636564185,1703.5448414690327,9362.687271248,754.6226809149994,0.04823825159090574,0.0,0.0,1.0168289504945278,False,False,
s-000,after_common_greedy_prefix,4,200,0,-37729.500801669,37729.395775525,66661.223973999,32565.724439333626,1703.5448414690327,38798.949234778,1069.4484331090061,0.028348014519406103,0.0,0.0,0.22037211805582047,False,False,
s-000,after_common_greedy_prefix,4,200,1,-37729.500801669,37729.395775525,66661.223973999,32565.724439333626,1703.5448414690327,38798.949234778,1069.4484331090061,0.028348014519406103,0.0,0.0,0.21894673630595207,False,False,
s-000,after_common_greedy_prefix,4,1000,0,-37729.500801669,37729.395775525,66661.223973999,32565.724439333626,1703.5448414690327,38798.949234778,1069.4484331090061,0.028348014519406103,0.0,0.0,1.018584981560707,False,False,
s-000,after_common_greedy_prefix,4,1000,1,-37729.500801669,37729.395775525,66661.223973999,32565.724439333626,1703.5448414690327,38798.949234778,1069.4484331090061,0.028348014519406103,0.0,0.0,1.0192419178783894,False,False,
s-000,after_common_greedy_prefix,5,200,0,-0.4810327390000566,117.991586378,117.991586378,117.991586378,1703.5448414690327,117.991586378,117.51055363899994,0.0,0.0,0.0,0.21444891393184662,False,True,
s-000,after_common_greedy_prefix,5,200,1,-0.4810327390000566,117.991586378,117.991586378,117.991586378,1703.5448414690327,117.991586378,117.51055363899994,0.0,0.0,0.0,0.21435722336173058,False,True,
s-000,after_common_greedy_prefix,5,1000,0,-0.4810327390000566,117.991586378,117.991586378,117.991586378,1703.5448414690327,117.991586378,117.51055363899994,0.0,0.0,0.0,1.0143434964120388,False,True,
s-000,after_common_greedy_prefix,5,1000,1,-0.4810327390000566,117.991586378,117.991586378,117.991586378,1703.5448414690327,117.991586378,117.51055363899994,0.0,0.0,0.0,1.0146725997328758,False,True,
s-000,after_common_greedy_prefix,6,200,0,-8478.654818404,9568.811513073,12349.646691465,6718.605047268946,1703.5448414690327,9717.366709444,1238.7118910400004,0.015524937048665127,0.0,0.0,0.21795421093702316,False,False,
s-000,after_common_greedy_prefix,6,200,1,-8478.654818404,9568.811513073,12349.646691465,6718.605047268946,1703.5448414690327,9717.366709444,1238.7118910400004,0.015524937048665127,0.0,0.0,0.21688147261738777,False,False,
s-000,after_common_greedy_prefix,6,1000,0,-8478.654818404,9568.811513073,12349.646691465,6718.605047268946,1703.5448414690327,9717.366709444,1238.7118910400004,0.015524937048665127,0.0,0.0,1.0176601447165012,False,False,
s-000,after_common_greedy_prefix,6,1000,1,-8478.654818404,9568.811513073,12349.646691465,6718.605047268946,1703.5448414690327,9717.366709444,1238.7118910400004,0.015524937048665127,0.0,0.0,1.0166804529726505,False,False,
s-000,after_common_greedy_prefix,7,200,0,-37936.563585893,37936.082553154,63781.5798175,31120.06839025849,1703.5448414690327,38946.484245802,1009.9206599089957,0.02663431816483095,0.0,0.0,0.21874012053012848,False,False,
s-000,after_common_greedy_prefix,7,200,1,-37936.563585893,37936.082553154,63781.5798175,31120.06839025849,1703.5448414690327,38946.484245802,1009.9206599089957,0.02663431816483095,0.0,0.0,0.2189846709370613,False,False,
s-000,after_common_greedy_prefix,7,1000,0,-37936.563585893,37936.082553154,63781.5798175,31120.06839025849,1703.5448414690327,38946.484245802,1009.9206599089957,0.02663431816483095,0.0,0.0,1.0195513553917408,False,False,
s-000,after_common_greedy_prefix,7,1000,1,-37936.563585893,37936.082553154,63781.5798175,31120.06839025849,1703.5448414690327,38946.484245802,1009.9206599089957,0.02663431816483095,0.0,0.0,1.0195967741310596,False,False,
s-000,after_common_greedy_prefix,8,200,0,-2.294681681000384,379.22392964899996,379.22392964899996,379.22392964899996,1703.5448414690327,379.22392964899996,376.9292479679996,0.0,0.0,0.0,0.2146662399172783,False,True,
s-000,after_common_greedy_prefix,8,200,1,-2.294681681000384,379.22392964899996,379.22392964899996,379.22392964899996,1703.5448414690327,379.22392964899996,376.9292479679996,0.0,0.0,0.0,0.21444599330425262,False,True,
s-000,after_common_greedy_prefix,8,1000,0,-2.294681681000384,379.22392964899996,379.22392964899996,379.22392964899996,1703.5448414690327,379.22392964899996,376.9292479679996,0.0,0.0,0.0,1.0144169442355633,False,True,
s-000,after_common_greedy_prefix,8,1000,1,-2.294681681000384,379.22392964899996,379.22392964899996,379.22392964899996,1703.5448414690327,379.22392964899996,376.9292479679996,0.0,0.0,0.0,1.0144829042255878,False,True,
s-000,after_common_greedy_prefix,9,200,0,-8535.543995139,10239.088836608,15808.737000548,7177.304258364172,1703.5448414690327,10440.072930977,1904.5289358379996,0.019629099578706417,200.9840943689669,0.0002758775218935028,0.2166386842727661,False,False,0.2166386842727661
s-000,after_common_greedy_prefix,9,200,1,-8535.543995139,10239.088836608,15808.737000548,7177.304258364172,1703.5448414690327,10440.072930977,1904.5289358379996,0.019629099578706417,200.9840943689669,0.0002758775218935028,0.21602217480540276,False,False,0.21602217480540276
s-000,after_common_greedy_prefix,9,1000,0,-8535.543995139,10239.088836608,15808.737000548,7177.304258364172,1703.5448414690327,10440.072930977,1904.5289358379996,0.019629099578706417,200.9840943689669,0.0002758775218935028,1.0167744122445583,False,False,1.0167744122445583
s-000,after_common_greedy_prefix,9,1000,1,-8535.543995139,10239.088836608,15808.737000548,7177.304258364172,1703.5448414690327,10440.072930977,1904.5289358379996,0.019629099578706417,200.9840943689669,0.0002758775218935028,1.017504759132862,False,False,1.017504759132862
s-000,after_common_greedy_prefix,10,200,0,-36585.531298787006,37886.087904661,52661.64334749,28848.237810632367,1703.5448414690327,39098.233511086,2512.7022122989947,0.031994478011963735,809.157370829962,0.0011106765985005216,0.21943172439932823,False,False,0.21943172439932823
s-000,after_common_greedy_prefix,10,200,1,-36585.531298787006,37886.087904661,52661.64334749,28848.237810632367,1703.5448414690327,39098.233511086,2512.7022122989947,0.031994478011963735,809.157370829962,0.0011106765985005216,0.21854671463370323,False,False,0.21854671463370323
s-000,after_common_greedy_prefix,10,1000,0,-36585.531298787006,37886.087904661,52661.64334749,28848.237810632367,1703.5448414690327,39098.233511086,2512.7022122989947,0.031994478011963735,809.157370829962,0.0011106765985005216,1.0201752819120884,False,False,1.0201752819120884
s-000,after_common_greedy_prefix,10,1000,1,-36585.531298787006,37886.087904661,52661.64334749,28848.237810632367,1703.5448414690327,39098.233511086,2512.7022122989947,0.031994478011963735,809.157370829962,0.0011106765985005216,1.018465731292963,False,False,1.018465731292963
s-000,after_common_greedy_prefix,0,50,0,-9547.973722421,10294.802638747,21729.879972354,8043.101431495038,1703.5448414690327,11159.86475164,1611.8910292189994,0.08402901378965028,0.0,0.0,0.0723467543721199,False,False,
s-000,after_common_greedy_prefix,0,50,1,-9547.973722421,10294.802638747,21729.879972354,8043.101431495038,1703.5448414690327,11159.86475164,1611.8910292189994,0.08402901378965028,0.0,0.0,0.07079456746578217,False,False,
s-000,after_common_greedy_prefix,1,50,0,-37363.813422211,37363.813422211,60631.151499938,33224.25861504137,1703.5448414690327,38164.751044022,800.9376218109974,0.021436185133471366,0.0,0.0,0.07057555764913559,False,False,
s-000,after_common_greedy_prefix,1,50,1,-37363.813422211,37363.813422211,60631.151499938,33224.25861504137,1703.5448414690327,38164.751044022,800.9376218109974,0.021436185133471366,0.0,0.0,0.07067502662539482,False,False,
s-000,after_common_greedy_prefix,2,50,0,-0.1050261440000213,32.753673276,32.753673276,32.753673276,1703.5448414690327,32.753673276,32.64864713199998,0.0,0.0,0.0,0.06680767610669136,False,True,
s-000,after_common_greedy_prefix,2,50,1,-0.1050261440000213,32.753673276,32.753673276,32.753673276,1703.5448414690327,32.753673276,32.64864713199998,0.0,0.0,0.0,0.06684308499097824,False,True,
s-000,after_common_greedy_prefix,3,50,0,-8608.064590333,8931.831343722,10868.711484507,6479.775636564185,1703.5448414690327,9362.687271248,754.6226809149994,0.04823825159090574,0.0,0.0,0.0706096775829792,False,False,
s-000,after_common_greedy_prefix,3,50,1,-8608.064590333,8931.831343722,10868.711484507,6479.775636564185,1703.5448414690327,9362.687271248,754.6226809149994,0.04823825159090574,0.0,0.0,0.06824495643377304,False,False,
s-000,after_common_greedy_prefix,4,50,0,-37729.500801669,37729.395775525,66661.223973999,32565.724439333626,1703.5448414690327,38798.949234778,1069.4484331090061,0.028348014519406103,0.0,0.0,0.07291717454791069,False,False,
s-000,after_common_greedy_prefix,4,50,1,-37729.500801669,37729.395775525,66661.223973999,32565.724439333626,1703.5448414690327,38798.949234778,1069.4484331090061,0.028348014519406103,0.0,0.0,0.07208984717726707,False,False,
s-000,after_common_greedy_prefix,5,50,0,-0.4810327390000566,117.991586378,117.991586378,117.991586378,1703.5448414690327,117.991586378,117.51055363899994,0.0,0.0,0.0,0.06696909666061401,False,True,
s-000,after_common_greedy_prefix,5,50,1,-0.4810327390000566,117.991586378,117.991586378,117.991586378,1703.5448414690327,117.991586378,117.51055363899994,0.0,0.0,0.0,0.06709447130560875,False,True,
s-000,after_common_greedy_prefix,6,50,0,-8478.654818404,9568.811513073,12349.646691465,6718.605047268946,1703.5448414690327,9717.366709444,1238.7118910400004,0.015524937048665127,0.0,0.0,0.06849083304405212,False,False,
s-000,after_common_greedy_prefix,6,50,1,-8478.654818404,9568.811513073,12349.646691465,6718.605047268946,1703.5448414690327,9717.366709444,1238.7118910400004,0.015524937048665127,0.0,0.0,0.07005996257066727,False,False,
s-000,after_common_greedy_prefix,7,50,0,-37936.563585893,37936.082553154,63781.5798175,31120.06839025849,1703.5448414690327,38946.484245802,1009.9206599089957,0.02663431816483095,0.0,0.0,0.07171167060732841,False,False,
s-000,after_common_greedy_prefix,7,50,1,-37936.563585893,37936.082553154,63781.5798175,31120.06839025849,1703.5448414690327,38946.484245802,1009.9206599089957,0.02663431816483095,0.0,0.0,0.07202380150556564,False,False,
s-000,after_common_greedy_prefix,8,50,0,-2.294681681000384,379.22392964899996,379.22392964899996,379.22392964899996,1703.5448414690327,379.22392964899996,376.9292479679996,0.0,0.0,0.0,0.0668315626680851,False,True,
s-000,after_common_greedy_prefix,8,50,1,-2.294681681000384,379.22392964899996,379.22392964899996,379.22392964899996,1703.5448414690327,379.22392964899996,376.9292479679996,0.0,0.0,0.0,0.0669369287788868,False,True,
s-000,after_common_greedy_prefix,9,50,0,-8535.543995139,10239.088836608,15808.737000548,7177.304258364172,1703.5448414690327,10440.072930977,1904.5289358379996,0.019629099578706417,200.9840943689669,0.0002758775218935028,0.0697207860648632,False,False,0.0697207860648632
s-000,after_common_greedy_prefix,9,50,1,-8535.543995139,10239.088836608,15808.737000548,7177.304258364172,1703.5448414690327,10440.072930977,1904.5289358379996,0.019629099578706417,200.9840943689669,0.0002758775218935028,0.07050606235861778,False,False,0.07050606235861778
s-000,after_common_greedy_prefix,10,50,0,-36585.531298787006,37886.087904661,52661.64334749,28848.237810632367,1703.5448414690327,39098.233511086,2512.7022122989947,0.031994478011963735,809.157370829962,0.0011106765985005216,0.07225855439901352,False,False,0.07225855439901352
s-000,after_common_greedy_prefix,10,50,1,-36585.531298787006,37886.087904661,52661.64334749,28848.237810632367,1703.5448414690327,39098.233511086,2512.7022122989947,0.031994478011963735,809.157370829962,0.0011106765985005216,0.07165208086371422,False,False,0.07165208086371422
s-000,after_common_greedy_prefix,0,10,0,-9547.973722421,10294.802638747,21729.879972354,8043.101431495038,1703.5448414690327,11159.86475164,1611.8910292189994,0.08402901378965028,0.0,0.0,0.032537009567022324,False,False,
s-000,after_common_greedy_prefix,0,10,1,-9547.973722421,10294.802638747,21729.879972354,8043.101431495038,1703.5448414690327,11159.86475164,1611.8910292189994,0.08402901378965028,0.0,0.0,0.03175054118037224,False,False,
s-000,after_common_greedy_prefix,1,10,0,-37363.813422211,37363.813422211,60631.151499938,33224.25861504137,1703.5448414690327,37849.829089807,486.0156675959952,0.013007656956853395,0.0,0.0,0.03168250247836113,False,False,
s-000,after_common_greedy_prefix,1,10,1,-37363.813422211,37363.813422211,60631.151499938,33224.25861504137,1703.5448414690327,37849.829089807,486.0156675959952,0.013007656956853395,0.0,0.0,0.03202732652425766,False,False,
s-000,after_common_greedy_prefix,2,10,0,-0.1050261440000213,32.753673276,32.753673276,32.753673276,1703.5448414690327,32.753673276,32.64864713199998,0.0,0.0,0.0,0.026506725698709488,False,True,
s-000,after_common_greedy_prefix,2,10,1,-0.1050261440000213,32.753673276,32.753673276,32.753673276,1703.5448414690327,32.753673276,32.64864713199998,0.0,0.0,0.0,0.026579927653074265,False,True,
s-000,after_common_greedy_prefix,3,10,0,-8608.064590333,8931.831343722,10868.711484507,6479.775636564185,1703.5448414690327,9362.687271248,754.6226809149994,0.04823825159090574,0.0,0.0,0.0286797434091568,False,False,
s-000,after_common_greedy_prefix,3,10,1,-8608.064590333,8931.831343722,10868.711484507,6479.775636564185,1703.5448414690327,9362.687271248,754.6226809149994,0.04823825159090574,0.0,0.0,0.029704440385103226,False,False,
s-000,after_common_greedy_prefix,4,10,0,-37729.500801669,37729.395775525,66661.223973999,32565.724439333626,1703.5448414690327,38798.949234778,1069.4484331090061,0.028348014519406103,0.0,0.0,0.03190616890788078,False,False,
s-000,after_common_greedy_prefix,4,10,1,-37729.500801669,37729.395775525,66661.223973999,32565.724439333626,1703.5448414690327,38798.949234778,1069.4484331090061,0.028348014519406103,0.0,0.0,0.031583674252033234,False,False,
s-000,after_common_greedy_prefix,5,10,0,-0.4810327390000566,117.991586378,117.991586378,117.991586378,1703.5448414690327,117.991586378,117.51055363899994,0.0,0.0,0.0,0.027451977133750916,False,True,
s-000,after_common_greedy_prefix,5,10,1,-0.4810327390000566,117.991586378,117.991586378,117.991586378,1703.5448414690327,117.991586378,117.51055363899994,0.0,0.0,0.0,0.02865634486079216,False,True,
s-000,after_common_greedy_prefix,6,10,0,-8478.654818404,9568.811513073,12349.646691465,6718.605047268946,1703.5448414690327,9717.366709444,1238.7118910400004,0.015524937048665127,0.0,0.0,0.029419254511594772,False,False,
s-000,after_common_greedy_prefix,6,10,1,-8478.654818404,9568.811513073,12349.646691465,6718.605047268946,1703.5448414690327,9717.366709444,1238.7118910400004,0.015524937048665127,0.0,0.0,0.029563449323177338,False,False,
s-000,after_common_greedy_prefix,7,10,0,-37936.563585893,37936.082553154,63781.5798175,31120.06839025849,1703.5448414690327,38946.484245802,1009.9206599089957,0.02663431816483095,0.0,0.0,0.032095447182655334,False,False,
s-000,after_common_greedy_prefix,7,10,1,-37936.563585893,37936.082553154,63781.5798175,31120.06839025849,1703.5448414690327,38946.484245802,1009.9206599089957,0.02663431816483095,0.0,0.0,0.032545387744903564,False,False,
s-000,after_common_greedy_prefix,8,10,0,-2.294681681000384,379.22392964899996,379.22392964899996,379.22392964899996,1703.5448414690327,379.22392964899996,376.9292479679996,0.0,0.0,0.0,0.02781395986676216,False,True,
s-000,after_common_greedy_prefix,8,10,1,-2.294681681000384,379.22392964899996,379.22392964899996,379.22392964899996,1703.5448414690327,379.22392964899996,376.9292479679996,0.0,0.0,0.0,0.02772517502307892,False,True,
s-000,after_common_greedy_prefix,9,10,0,-8535.543995139,10239.088836608,15808.737000548,7177.304258364172,1703.5448414690327,10440.072930977,1904.5289358379996,0.019629099578706417,200.9840943689669,0.0002758775218935028,0.030737992376089096,False,False,0.030737992376089096
s-000,after_common_greedy_prefix,9,10,1,-8535.543995139,10239.088836608,15808.737000548,7177.304258364172,1703.5448414690327,10440.072930977,1904.5289358379996,0.019629099578706417,200.9840943689669,0.0002758775218935028,0.02959868684411049,False,False,0.02959868684411049
s-000,after_common_greedy_prefix,10,10,0,-36585.531298787006,37886.087904661,52661.64334749,28848.237810632367,1703.5448414690327,39098.233511086,2512.7022122989947,0.031994478011963735,809.157370829962,0.0011106765985005216,0.03236042335629463,False,False,0.03236042335629463
s-000,after_common_greedy_prefix,10,10,1,-36585.531298787006,37886.087904661,52661.64334749,28848.237810632367,1703.5448414690327,39098.233511086,2512.7022122989947,0.031994478011963735,809.157370829962,0.0011106765985005216,0.0319373644888401,False,False,0.0319373644888401
s-001,after_one_actual_history_call,0,200,0,-9547.973722421,11159.86475164,21729.879972354,8043.101431495038,1703.5448414690327,11159.86475164,1611.8910292189994,0.0,0.0,0.0,0.0028577670454978943,False,True,
s-001,after_one_actual_history_call,0,200,1,-9547.973722421,11159.86475164,21729.879972354,8043.101431495038,1703.5448414690327,11159.86475164,1611.8910292189994,0.0,0.0,0.0,0.0024848803877830505,False,True,
s-001,after_one_actual_history_call,0,1000,0,-9547.973722421,11159.86475164,21729.879972354,8043.101431495038,1703.5448414690327,11159.86475164,1611.8910292189994,0.0,0.0,0.0,1.0204203575849533,False,True,
s-001,after_one_actual_history_call,0,1000,1,-9547.973722421,11159.86475164,21729.879972354,8043.101431495038,1703.5448414690327,11159.86475164,1611.8910292189994,0.0,0.0,0.0,1.0185596607625484,False,True,
s-001,after_one_actual_history_call,1,200,0,-37363.813422211,37363.813422211,60631.151499938,33224.25861504137,1703.5448414690327,38164.751044022,800.9376218109974,0.021436185133471366,0.0,0.0,0.21951061114668846,False,False,
s-001,after_one_actual_history_call,1,200,1,-37363.813422211,37363.813422211,60631.151499938,33224.25861504137,1703.5448414690327,38164.751044022,800.9376218109974,0.021436185133471366,0.0,0.0,0.21892352029681206,False,False,
s-001,after_one_actual_history_call,1,1000,0,-37363.813422211,37363.813422211,60631.151499938,33224.25861504137,1703.5448414690327,38164.751044022,800.9376218109974,0.021436185133471366,0.0,0.0,1.018530324101448,False,False,
s-001,after_one_actual_history_call,1,1000,1,-37363.813422211,37363.813422211,60631.151499938,33224.25861504137,1703.5448414690327,38164.751044022,800.9376218109974,0.021436185133471366,0.0,0.0,1.0193069353699684,False,False,
s-001,after_one_actual_history_call,2,200,0,-0.1050261440000213,32.753673276,32.753673276,32.753673276,1703.5448414690327,32.753673276,32.64864713199998,0.0,0.0,0.0,0.21447596698999405,False,True,
s-001,after_one_actual_history_call,2,200,1,-0.1050261440000213,32.753673276,32.753673276,32.753673276,1703.5448414690327,32.753673276,32.64864713199998,0.0,0.0,0.0,0.214443389326334,False,True,
s-001,after_one_actual_history_call,2,1000,0,-0.1050261440000213,32.753673276,32.753673276,32.753673276,1703.5448414690327,32.753673276,32.64864713199998,0.0,0.0,0.0,1.014516420662403,False,True,
s-001,after_one_actual_history_call,2,1000,1,-0.1050261440000213,32.753673276,32.753673276,32.753673276,1703.5448414690327,32.753673276,32.64864713199998,0.0,0.0,0.0,1.0144565515220165,False,True,
s-001,after_one_actual_history_call,3,200,0,-8608.064590333,8931.831343722,10868.711484507,6479.775636564185,1703.5448414690327,9362.687271248,754.6226809149994,0.04823825159090574,0.0,0.0,0.21783141791820526,False,False,
s-001,after_one_actual_history_call,3,200,1,-8608.064590333,8931.831343722,10868.711484507,6479.775636564185,1703.5448414690327,9362.687271248,754.6226809149994,0.04823825159090574,0.0,0.0,0.21708597615361214,False,False,
s-001,after_one_actual_history_call,3,1000,0,-8608.064590333,8931.831343722,10868.711484507,6479.775636564185,1703.5448414690327,9362.687271248,754.6226809149994,0.04823825159090574,0.0,0.0,1.0160483494400978,False,False,
s-001,after_one_actual_history_call,3,1000,1,-8608.064590333,8931.831343722,10868.711484507,6479.775636564185,1703.5448414690327,9362.687271248,754.6226809149994,0.04823825159090574,0.0,0.0,1.0163572318851948,False,False,
s-001,after_one_actual_history_call,4,200,0,-37729.500801669,37729.395775525,66661.223973999,32565.724439333626,1703.5448414690327,38798.949234778,1069.4484331090061,0.028348014519406103,0.0,0.0,0.21916666254401207,False,False,
s-001,after_one_actual_history_call,4,200,1,-37729.500801669,37729.395775525,66661.223973999,32565.724439333626,1703.5448414690327,38798.949234778,1069.4484331090061,0.028348014519406103,0.0,0.0,0.21901320293545723,False,False,
s-001,after_one_actual_history_call,4,1000,0,-37729.500801669,37729.395775525,66661.223973999,32565.724439333626,1703.5448414690327,38798.949234778,1069.4484331090061,0.028348014519406103,0.0,0.0,1.0207261517643929,False,False,
s-001,after_one_actual_history_call,4,1000,1,-37729.500801669,37729.395775525,66661.223973999,32565.724439333626,1703.5448414690327,38798.949234778,1069.4484331090061,0.028348014519406103,0.0,0.0,1.0190749615430832,False,False,
s-001,after_one_actual_history_call,5,200,0,-0.4810327390000566,117.991586378,117.991586378,117.991586378,1703.5448414690327,117.991586378,117.51055363899994,0.0,0.0,0.0,0.2144172452390194,False,True,
s-001,after_one_actual_history_call,5,200,1,-0.4810327390000566,117.991586378,117.991586378,117.991586378,1703.5448414690327,117.991586378,117.51055363899994,0.0,0.0,0.0,0.214637640863657,False,True,
s-001,after_one_actual_history_call,5,1000,0,-0.4810327390000566,117.991586378,117.991586378,117.991586378,1703.5448414690327,117.991586378,117.51055363899994,0.0,0.0,0.0,1.0144542381167412,False,True,
s-001,after_one_actual_history_call,5,1000,1,-0.4810327390000566,117.991586378,117.991586378,117.991586378,1703.5448414690327,117.991586378,117.51055363899994,0.0,0.0,0.0,1.014686219394207,False,True,
s-001,after_one_actual_history_call,6,200,0,-8478.654818404,9568.811513073,12349.646691465,6718.605047268946,1703.5448414690327,9717.366709444,1238.7118910400004,0.015524937048665127,0.0,0.0,0.21784647926688194,False,False,
s-001,after_one_actual_history_call,6,200,1,-8478.654818404,9568.811513073,12349.646691465,6718.605047268946,1703.5448414690327,9717.366709444,1238.7118910400004,0.015524937048665127,0.0,0.0,0.21736029908061028,False,False,
s-001,after_one_actual_history_call,6,1000,0,-8478.654818404,9568.811513073,12349.646691465,6718.605047268946,1703.5448414690327,9717.366709444,1238.7118910400004,0.015524937048665127,0.0,0.0,1.016682904213667,False,False,
s-001,after_one_actual_history_call,6,1000,1,-8478.654818404,9568.811513073,12349.646691465,6718.605047268946,1703.5448414690327,9717.366709444,1238.7118910400004,0.015524937048665127,0.0,0.0,1.0163379311561584,False,False,
s-001,after_one_actual_history_call,7,200,0,-37936.563585893,37936.082553154,63781.5798175,31120.06839025849,1703.5448414690327,38946.484245802,1009.9206599089957,0.02663431816483095,0.0,0.0,0.21813246980309486,False,False,
s-001,after_one_actual_history_call,7,200,1,-37936.563585893,37936.082553154,63781.5798175,31120.06839025849,1703.5448414690327,38946.484245802,1009.9206599089957,0.02663431816483095,0.0,0.0,0.21857183799147606,False,False,
s-001,after_one_actual_history_call,7,1000,0,-37936.563585893,37936.082553154,63781.5798175,31120.06839025849,1703.5448414690327,38946.484245802,1009.9206599089957,0.02663431816483095,0.0,0.0,1.0194735452532768,False,False,
s-001,after_one_actual_history_call,7,1000,1,-37936.563585893,37936.082553154,63781.5798175,31120.06839025849,1703.5448414690327,38946.484245802,1009.9206599089957,0.02663431816483095,0.0,0.0,1.0194529108703136,False,False,
s-001,after_one_actual_history_call,8,200,0,-2.294681681000384,379.22392964899996,379.22392964899996,379.22392964899996,1703.5448414690327,379.22392964899996,376.9292479679996,0.0,0.0,0.0,0.21465012431144714,False,True,
s-001,after_one_actual_history_call,8,200,1,-2.294681681000384,379.22392964899996,379.22392964899996,379.22392964899996,1703.5448414690327,379.22392964899996,376.9292479679996,0.0,0.0,0.0,0.2146553136408329,False,True,
s-001,after_one_actual_history_call,8,1000,0,-2.294681681000384,379.22392964899996,379.22392964899996,379.22392964899996,1703.5448414690327,379.22392964899996,376.9292479679996,0.0,0.0,0.0,1.0143186785280704,False,True,
s-001,after_one_actual_history_call,8,1000,1,-2.294681681000384,379.22392964899996,379.22392964899996,379.22392964899996,1703.5448414690327,379.22392964899996,376.9292479679996,0.0,0.0,0.0,1.0152514316141605,False,True,
s-001,after_one_actual_history_call,9,200,0,-8535.543995139,10239.088836608,15808.737000548,7177.304258364172,1703.5448414690327,10440.072930977,1904.5289358379996,0.019629099578706417,200.9840943689669,0.0002758775218935028,0.21843616291880608,False,False,0.21843616291880608
s-001,after_one_actual_history_call,9,200,1,-8535.543995139,10239.088836608,15808.737000548,7177.304258364172,1703.5448414690327,10440.072930977,1904.5289358379996,0.019629099578706417,200.9840943689669,0.0002758775218935028,0.21643859148025513,False,False,0.21643859148025513
s-001,after_one_actual_history_call,9,1000,0,-8535.543995139,10239.088836608,15808.737000548,7177.304258364172,1703.5448414690327,10440.072930977,1904.5289358379996,0.019629099578706417,200.9840943689669,0.0002758775218935028,1.0164346657693386,False,False,1.0164346657693386
s-001,after_one_actual_history_call,9,1000,1,-8535.543995139,10239.088836608,15808.737000548,7177.304258364172,1703.5448414690327,10440.072930977,1904.5289358379996,0.019629099578706417,200.9840943689669,0.0002758775218935028,1.0162821859121323,False,False,1.0162821859121323
s-001,after_one_actual_history_call,10,200,0,-36585.531298787006,37886.087904661,52661.64334749,28848.237810632367,1703.5448414690327,39098.233511086,2512.7022122989947,0.031994478011963735,809.157370829962,0.0011106765985005216,0.21924345940351486,False,False,0.21924345940351486
s-001,after_one_actual_history_call,10,200,1,-36585.531298787006,37886.087904661,52661.64334749,28848.237810632367,1703.5448414690327,39098.233511086,2512.7022122989947,0.031994478011963735,809.157370829962,0.0011106765985005216,0.21831005811691284,False,False,0.21831005811691284
s-001,after_one_actual_history_call,10,1000,0,-36585.531298787006,37886.087904661,52661.64334749,28848.237810632367,1703.5448414690327,39098.233511086,2512.7022122989947,0.031994478011963735,809.157370829962,0.0011106765985005216,1.0180772095918655,False,False,1.0180772095918655
s-001,after_one_actual_history_call,10,1000,1,-36585.531298787006,37886.087904661,52661.64334749,28848.237810632367,1703.5448414690327,39098.233511086,2512.7022122989947,0.031994478011963735,809.157370829962,0.0011106765985005216,1.019559320062399,False,False,1.019559320062399
s-001,after_one_actual_history_call,0,50,0,-9547.973722421,11159.86475164,21729.879972354,8043.101431495038,1703.5448414690327,11159.86475164,1611.8910292189994,0.0,0.0,0.0,0.07402921468019485,False,True,
s-001,after_one_actual_history_call,0,50,1,-9547.973722421,11159.86475164,21729.879972354,8043.101431495038,1703.5448414690327,11159.86475164,1611.8910292189994,0.0,0.0,0.0,0.06952805072069168,False,True,
s-001,after_one_actual_history_call,1,50,0,-37363.813422211,37363.813422211,60631.151499938,33224.25861504137,1703.5448414690327,38164.751044022,800.9376218109974,0.021436185133471366,0.0,0.0,0.07212772220373154,False,False,
s-001,after_one_actual_history_call,1,50,1,-37363.813422211,37363.813422211,60631.151499938,33224.25861504137,1703.5448414690327,38164.751044022,800.9376218109974,0.021436185133471366,0.0,0.0,0.07159305736422539,False,False,
s-001,after_one_actual_history_call,2,50,0,-0.1050261440000213,32.753673276,32.753673276,32.753673276,1703.5448414690327,32.753673276,32.64864713199998,0.0,0.0,0.0,0.06706827506422997,False,True,
s-001,after_one_actual_history_call,2,50,1,-0.1050261440000213,32.753673276,32.753673276,32.753673276,1703.5448414690327,32.753673276,32.64864713199998,0.0,0.0,0.0,0.06630156561732292,False,True,
s-001,after_one_actual_history_call,3,50,0,-8608.064590333,8931.831343722,10868.711484507,6479.775636564185,1703.5448414690327,9362.687271248,754.6226809149994,0.04823825159090574,0.0,0.0,0.06901058554649353,False,False,
s-001,after_one_actual_history_call,3,50,1,-8608.064590333,8931.831343722,10868.711484507,6479.775636564185,1703.5448414690327,9362.687271248,754.6226809149994,0.04823825159090574,0.0,0.0,0.068740613758564,False,False,
s-001,after_one_actual_history_call,4,50,0,-37729.500801669,37729.395775525,66661.223973999,32565.724439333626,1703.5448414690327,38798.949234778,1069.4484331090061,0.028348014519406103,0.0,0.0,0.0721166655421257,False,False,
s-001,after_one_actual_history_call,4,50,1,-37729.500801669,37729.395775525,66661.223973999,32565.724439333626,1703.5448414690327,38798.949234778,1069.4484331090061,0.028348014519406103,0.0,0.0,0.07136035710573196,False,False,
s-001,after_one_actual_history_call,5,50,0,-0.4810327390000566,117.991586378,117.991586378,117.991586378,1703.5448414690327,117.991586378,117.51055363899994,0.0,0.0,0.0,0.06683354079723358,False,True,
s-001,after_one_actual_history_call,5,50,1,-0.4810327390000566,117.991586378,117.991586378,117.991586378,1703.5448414690327,117.991586378,117.51055363899994,0.0,0.0,0.0,0.06764405220746994,False,True,
s-001,after_one_actual_history_call,6,50,0,-8478.654818404,9568.811513073,12349.646691465,6718.605047268946,1703.5448414690327,9717.366709444,1238.7118910400004,0.015524937048665127,0.0,0.0,0.06899670138955116,False,False,
s-001,after_one_actual_history_call,6,50,1,-8478.654818404,9568.811513073,12349.646691465,6718.605047268946,1703.5448414690327,9717.366709444,1238.7118910400004,0.015524937048665127,0.0,0.0,0.06765161082148552,False,False,
s-001,after_one_actual_history_call,7,50,0,-37936.563585893,37936.082553154,63781.5798175,31120.06839025849,1703.5448414690327,38946.484245802,1009.9206599089957,0.02663431816483095,0.0,0.0,0.07307317480444908,False,False,
s-001,after_one_actual_history_call,7,50,1,-37936.563585893,37936.082553154,63781.5798175,31120.06839025849,1703.5448414690327,38946.484245802,1009.9206599089957,0.02663431816483095,0.0,0.0,0.0704924687743187,False,False,
s-001,after_one_actual_history_call,8,50,0,-2.294681681000384,379.22392964899996,379.22392964899996,379.22392964899996,1703.5448414690327,379.22392964899996,376.9292479679996,0.0,0.0,0.0,0.06728335469961166,False,True,
s-001,after_one_actual_history_call,8,50,1,-2.294681681000384,379.22392964899996,379.22392964899996,379.22392964899996,1703.5448414690327,379.22392964899996,376.9292479679996,0.0,0.0,0.0,0.0669790543615818,False,True,
s-001,after_one_actual_history_call,9,50,0,-8535.543995139,10239.088836608,15808.737000548,7177.304258364172,1703.5448414690327,10440.072930977,1904.5289358379996,0.019629099578706417,200.9840943689669,0.0002758775218935028,0.06924784556031227,False,False,0.06924784556031227
s-001,after_one_actual_history_call,9,50,1,-8535.543995139,10239.088836608,15808.737000548,7177.304258364172,1703.5448414690327,10440.072930977,1904.5289358379996,0.019629099578706417,200.9840943689669,0.0002758775218935028,0.06889646872878075,False,False,0.06889646872878075
s-001,after_one_actual_history_call,10,50,0,-36585.531298787006,37886.087904661,52661.64334749,28848.237810632367,1703.5448414690327,39098.233511086,2512.7022122989947,0.031994478011963735,809.157370829962,0.0011106765985005216,0.07057304307818413,False,False,0.07057304307818413
s-001,after_one_actual_history_call,10,50,1,-36585.531298787006,37886.087904661,52661.64334749,28848.237810632367,1703.5448414690327,39098.233511086,2512.7022122989947,0.031994478011963735,809.157370829962,0.0011106765985005216,0.07116793468594551,False,False,0.07116793468594551
s-001,after_one_actual_history_call,0,10,0,-9547.973722421,11159.86475164,21729.879972354,8043.101431495038,1703.5448414690327,11159.86475164,1611.8910292189994,0.0,0.0,0.0,0.03152104467153549,False,True,
s-001,after_one_actual_history_call,0,10,1,-9547.973722421,11159.86475164,21729.879972354,8043.101431495038,1703.5448414690327,11159.86475164,1611.8910292189994,0.0,0.0,0.0,0.03040895238518715,False,True,
s-001,after_one_actual_history_call,1,10,0,-37363.813422211,37363.813422211,60631.151499938,33224.25861504137,1703.5448414690327,37849.829089807,486.0156675959952,0.013007656956853395,0.0,0.0,0.032618165016174316,False,False,
s-001,after_one_actual_history_call,1,10,1,-37363.813422211,37363.813422211,60631.151499938,33224.25861504137,1703.5448414690327,37849.829089807,486.0156675959952,0.013007656956853395,0.0,0.0,0.03280794247984886,False,False,
s-001,after_one_actual_history_call,2,10,0,-0.1050261440000213,32.753673276,32.753673276,32.753673276,1703.5448414690327,32.753673276,32.64864713199998,0.0,0.0,0.0,0.027964860200881958,False,True,
s-001,after_one_actual_history_call,2,10,1,-0.1050261440000213,32.753673276,32.753673276,32.753673276,1703.5448414690327,32.753673276,32.64864713199998,0.0,0.0,0.0,0.028009284287691116,False,True,
s-001,after_one_actual_history_call,3,10,0,-8608.064590333,8931.831343722,10868.711484507,6479.775636564185,1703.5448414690327,9362.687271248,754.6226809149994,0.04823825159090574,0.0,0.0,0.03000056743621826,False,False,
s-001,after_one_actual_history_call,3,10,1,-8608.064590333,8931.831343722,10868.711484507,6479.775636564185,1703.5448414690327,9362.687271248,754.6226809149994,0.04823825159090574,0.0,0.0,0.028501909226179123,False,False,
s-001,after_one_actual_history_call,4,10,0,-37729.500801669,37729.395775525,66661.223973999,32565.724439333626,1703.5448414690327,38798.949234778,1069.4484331090061,0.028348014519406103,0.0,0.0,0.03317982703447342,False,False,
s-001,after_one_actual_history_call,4,10,1,-37729.500801669,37729.395775525,66661.223973999,32565.724439333626,1703.5448414690327,38798.949234778,1069.4484331090061,0.028348014519406103,0.0,0.0,0.03310621902346611,False,False,
s-001,after_one_actual_history_call,5,10,0,-0.4810327390000566,117.991586378,117.991586378,117.991586378,1703.5448414690327,117.991586378,117.51055363899994,0.0,0.0,0.0,0.028052154928445816,False,True,
s-001,after_one_actual_history_call,5,10,1,-0.4810327390000566,117.991586378,117.991586378,117.991586378,1703.5448414690327,117.991586378,117.51055363899994,0.0,0.0,0.0,0.0272936150431633,False,True,
s-001,after_one_actual_history_call,6,10,0,-8478.654818404,9568.811513073,12349.646691465,6718.605047268946,1703.5448414690327,9717.366709444,1238.7118910400004,0.015524937048665127,0.0,0.0,0.02841988578438759,False,False,
s-001,after_one_actual_history_call,6,10,1,-8478.654818404,9568.811513073,12349.646691465,6718.605047268946,1703.5448414690327,9717.366709444,1238.7118910400004,0.015524937048665127,0.0,0.0,0.03169117122888565,False,False,
s-001,after_one_actual_history_call,7,10,0,-37936.563585893,37936.082553154,63781.5798175,31120.06839025849,1703.5448414690327,38946.484245802,1009.9206599089957,0.02663431816483095,0.0,0.0,0.03398243337869644,False,False,
s-001,after_one_actual_history_call,7,10,1,-37936.563585893,37936.082553154,63781.5798175,31120.06839025849,1703.5448414690327,38946.484245802,1009.9206599089957,0.02663431816483095,0.0,0.0,0.03539442643523216,False,False,
s-001,after_one_actual_history_call,8,10,0,-2.294681681000384,379.22392964899996,379.22392964899996,379.22392964899996,1703.5448414690327,379.22392964899996,376.9292479679996,0.0,0.0,0.0,0.029476575553417206,False,True,
s-001,after_one_actual_history_call,8,10,1,-2.294681681000384,379.22392964899996,379.22392964899996,379.22392964899996,1703.5448414690327,379.22392964899996,376.9292479679996,0.0,0.0,0.0,0.028887230902910233,False,True,
s-001,after_one_actual_history_call,9,10,0,-8535.543995139,10239.088836608,15808.737000548,7177.304258364172,1703.5448414690327,10440.072930977,1904.5289358379996,0.019629099578706417,200.9840943689669,0.0002758775218935028,0.030410170555114746,False,False,0.030410170555114746
s-001,after_one_actual_history_call,9,10,1,-8535.543995139,10239.088836608,15808.737000548,7177.304258364172,1703.5448414690327,10440.072930977,1904.5289358379996,0.019629099578706417,200.9840943689669,0.0002758775218935028,0.030965656042099,False,False,0.030965656042099
s-001,after_one_actual_history_call,10,10,0,-36585.531298787006,37886.087904661,52661.64334749,28848.237810632367,1703.5448414690327,39098.233511086,2512.7022122989947,0.031994478011963735,809.157370829962,0.0011106765985005216,0.03210907056927681,False,False,0.03210907056927681
s-001,after_one_actual_history_call,10,10,1,-36585.531298787006,37886.087904661,52661.64334749,28848.237810632367,1703.5448414690327,39098.233511086,2512.7022122989947,0.031994478011963735,809.157370829962,0.0011106765985005216,0.033055420964956284,False,False,0.033055420964956284
s-002,after_common_greedy_prefix,0,200,0,-9376.161791835,9376.161791835,17981.123523284,6886.206196825236,1736.6626824130071,10157.504889901,781.3430980659996,0.08333293680431293,0.0,0.0,0.21888061240315437,False,False,
s-002,after_common_greedy_prefix,0,200,1,-9376.161791835,9376.161791835,17981.123523284,6886.206196825236,1736.6626824130071,10157.504889901,781.3430980659996,0.08333293680431293,0.0,0.0,0.2199908159673214,False,False,
s-002,after_common_greedy_prefix,0,1000,0,-9376.161791835,9376.161791835,17981.123523284,6886.206196825236,1736.6626824130071,10157.504889901,781.3430980659996,0.08333293680431293,0.0,0.0,1.0175464041531086,False,False,
s-002,after_common_greedy_prefix,0,1000,1,-9376.161791835,9376.161791835,17981.123523284,6886.206196825236,1736.6626824130071,10157.504889901,781.3430980659996,0.08333293680431293,0.0,0.0,1.018991619348526,False,False,
s-002,after_common_greedy_prefix,1,200,0,-35939.163632446,35939.163632446,63431.465164646,32485.526997345813,1736.6626824130071,37322.097868122,1382.9342356760026,0.03847986697240458,0.0,0.0,0.21989122405648232,False,False,
s-002,after_common_greedy_prefix,1,200,1,-35939.163632446,35939.163632446,63431.465164646,32485.526997345813,1736.6626824130071,37322.097868122,1382.9342356760026,0.03847986697240458,0.0,0.0,0.21883148699998856,False,False,
s-002,after_common_greedy_prefix,1,1000,0,-35939.163632446,35939.163632446,63431.465164646,32485.526997345813,1736.6626824130071,37325.286362865,1386.1227304190033,0.03856858619735956,0.0,0.0,1.019370649009943,False,False,
s-002,after_common_greedy_prefix,1,1000,1,-35939.163632446,35939.163632446,63431.465164646,32485.526997345813,1736.6626824130071,37325.286362865,1386.1227304190033,0.03856858619735956,0.0,0.0,1.0199599787592888,False,False,
s-002,after_common_greedy_prefix,2,200,0,-0.1050261440000213,32.753673276,32.753673276,32.753673276,1736.6626824130071,32.753673276,32.64864713199998,0.0,0.0,0.0,0.2148432955145836,False,True,
s-002,after_common_greedy_prefix,2,200,1,-0.1050261440000213,32.753673276,32.753673276,32.753673276,1736.6626824130071,32.753673276,32.64864713199998,0.0,0.0,0.0,0.21443894505500793,False,True,
s-002,after_common_greedy_prefix,2,1000,0,-0.1050261440000213,32.753673276,32.753673276,32.753673276,1736.6626824130071,32.753673276,32.64864713199998,0.0,0.0,0.0,1.0144886411726475,False,True,
s-002,after_common_greedy_prefix,2,1000,1,-0.1050261440000213,32.753673276,32.753673276,32.753673276,1736.6626824130071,32.753673276,32.64864713199998,0.0,0.0,0.0,1.0144317634403706,False,True,
s-002,after_common_greedy_prefix,3,200,0,-9181.77841103,9505.545164419,11645.525798665,6619.355595224002,1736.6626824130071,9936.401091945,754.6226809149994,0.04532679820814195,0.0,0.0,0.21676889434456825,False,False,
s-002,after_common_greedy_prefix,3,200,1,-9181.77841103,9505.545164419,11645.525798665,6619.355595224002,1736.6626824130071,9936.401091945,754.6226809149994,0.04532679820814195,0.0,0.0,0.21683498471975327,False,False,
s-002,after_common_greedy_prefix,3,1000,0,-9181.77841103,9505.545164419,11645.525798665,6619.355595224002,1736.6626824130071,9936.401091945,754.6226809149994,0.04532679820814195,0.0,0.0,1.016200389713049,False,False,
s-002,after_common_greedy_prefix,3,1000,1,-9181.77841103,9505.545164419,11645.525798665,6619.355595224002,1736.6626824130071,9936.401091945,754.6226809149994,0.04532679820814195,0.0,0.0,1.0175894051790237,False,False,
s-002,after_common_greedy_prefix,4,200,0,-37337.939490567,37337.834464423,67743.823636534,32040.09165986912,1736.6626824130071,38716.435915774,1378.4964252069985,0.03692237300651653,0.0,0.0,0.2224004827439785,False,False,
s-002,after_common_greedy_prefix,4,200,1,-37337.939490567,37337.834464423,67743.823636534,32040.09165986912,1736.6626824130071,38716.435915774,1378.4964252069985,0.03692237300651653,0.0,0.0,0.2203550636768341,False,False,
s-002,after_common_greedy_prefix,4,1000,0,-37337.939490567,37337.834464423,67743.823636534,32040.09165986912,1736.6626824130071,38716.435915774,1378.4964252069985,0.03692237300651653,0.0,0.0,1.0191016905009747,False,False,
s-002,after_common_greedy_prefix,4,1000,1,-37337.939490567,37337.834464423,67743.823636534,32040.09165986912,1736.6626824130071,38716.435915774,1378.4964252069985,0.03692237300651653,0.0,0.0,1.019735299050808,False,False,
s-002,after_common_greedy_prefix,5,200,0,-0.4810327390000566,117.991586378,117.991586378,117.991586378,1736.6626824130071,117.991586378,117.51055363899994,0.0,0.0,0.0,0.2146528959274292,False,True,
s-002,after_common_greedy_prefix,5,200,1,-0.4810327390000566,117.991586378,117.991586378,117.991586378,1736.6626824130071,117.991586378,117.51055363899994,0.0,0.0,0.0,0.21497168019413948,False,True,
s-002,after_common_greedy_prefix,5,1000,0,-0.4810327390000566,117.991586378,117.991586378,117.991586378,1736.6626824130071,117.991586378,117.51055363899994,0.0,0.0,0.0,1.014963272958994,False,True,
s-002,after_common_greedy_prefix,5,1000,1,-0.4810327390000566,117.991586378,117.991586378,117.991586378,1736.6626824130071,117.991586378,117.51055363899994,0.0,0.0,0.0,1.0149400755763054,False,True,
s-002,after_common_greedy_prefix,6,200,0,-8361.210739202,9365.505180226999,11900.98410421,6655.715434211039,1736.6626824130071,9610.868234276,1249.6574950739996,0.026198592529426603,0.0,0.0,0.21708035841584206,False,False,
s-002,after_common_greedy_prefix,6,200,1,-8361.210739202,9365.505180226999,11900.98410421,6655.715434211039,1736.6626824130071,9610.868234276,1249.6574950739996,0.026198592529426603,0.0,0.0,0.21718032658100128,False,False,
s-002,after_common_greedy_prefix,6,1000,0,-8361.210739202,9365.505180226999,11900.98410421,6655.715434211039,1736.6626824130071,9610.868234276,1249.6574950739996,0.026198592529426603,0.0,0.0,1.016942948102951,False,False,
s-002,after_common_greedy_prefix,6,1000,1,-8361.210739202,9365.505180226999,11900.98410421,6655.715434211039,1736.6626824130071,9610.868234276,1249.6574950739996,0.026198592529426603,0.0,0.0,1.0207511261105537,False,False,
s-002,after_common_greedy_prefix,7,200,0,-37971.508313056,37971.027280317,65915.470652452,30115.26779674176,1736.6626824130071,38959.059385821,987.5510727649962,0.026020684091846043,0.0,0.0,0.21925614401698112,False,False,
s-002,after_common_greedy_prefix,7,200,1,-37971.508313056,37971.027280317,65915.470652452,30115.26779674176,1736.6626824130071,38959.059385821,987.5510727649962,0.026020684091846043,0.0,0.0,0.2193722426891327,False,False,
s-002,after_common_greedy_prefix,7,1000,0,-37971.508313056,37971.027280317,65915.470652452,30115.26779674176,1736.6626824130071,38959.059385821,987.5510727649962,0.026020684091846043,0.0,0.0,1.018407680094242,False,False,
s-002,after_common_greedy_prefix,7,1000,1,-37971.508313056,37971.027280317,65915.470652452,30115.26779674176,1736.6626824130071,38959.059385821,987.5510727649962,0.026020684091846043,0.0,0.0,1.0193191841244698,False,False,
s-002,after_common_greedy_prefix,8,200,0,-2.294681681000384,379.22392964899996,379.22392964899996,379.22392964899996,1736.6626824130071,379.22392964899996,376.9292479679996,0.0,0.0,0.0,0.21606453508138657,False,True,
s-002,after_common_greedy_prefix,8,200,1,-2.294681681000384,379.22392964899996,379.22392964899996,379.22392964899996,1736.6626824130071,379.22392964899996,376.9292479679996,0.0,0.0,0.0,0.21527213975787163,False,True,
s-002,after_common_greedy_prefix,8,1000,0,-2.294681681000384,379.22392964899996,379.22392964899996,379.22392964899996,1736.6626824130071,379.22392964899996,376.9292479679996,0.0,0.0,0.0,1.0158960595726967,False,True,
s-002,after_common_greedy_prefix,8,1000,1,-2.294681681000384,379.22392964899996,379.22392964899996,379.22392964899996,1736.6626824130071,379.22392964899996,376.9292479679996,0.0,0.0,0.0,1.014950305223465,False,True,
s-002,after_common_greedy_prefix,9,200,0,-8727.743717468999,10464.406399882,16258.322394016,7337.036187252741,1736.6626824130071,10632.272653307,1904.5289358380014,0.01604164125610533,167.86625342499428,0.00023041886050652953,0.2187732793390751,False,False,0.2187732793390751
s-002,after_common_greedy_prefix,9,200,1,-8727.743717468999,10464.406399882,16258.322394016,7337.036187252741,1736.6626824130071,10632.272653307,1904.5289358380014,0.01604164125610533,167.86625342499428,0.00023041886050652953,0.218068178743124,False,False,0.218068178743124
s-002,after_common_greedy_prefix,9,1000,0,-8727.743717468999,10464.406399882,16258.322394016,7337.036187252741,1736.6626824130071,10632.272653307,1904.5289358380014,0.01604164125610533,167.86625342499428,0.00023041886050652953,1.0172648020088673,False,False,1.0172648020088673
s-002,after_common_greedy_prefix,9,1000,1,-8727.743717468999,10464.406399882,16258.322394016,7337.036187252741,1736.6626824130071,10632.272653307,1904.5289358380014,0.01604164125610533,167.86625342499428,0.00023041886050652953,1.0189164578914642,False,False,1.0189164578914642
s-002,after_common_greedy_prefix,10,200,0,-36500.993381459004,37801.549987333,52825.198925334,28995.441805460818,1736.6626824130071,39013.695593758,2512.7022122989947,0.0320660292192035,776.0395298859876,0.0010652179371135459,0.21955211833119392,False,False,0.21955211833119392
s-002,after_common_greedy_prefix,10,200,1,-36500.993381459004,37801.549987333,52825.198925334,28995.441805460818,1736.6626824130071,39013.695593758,2512.7022122989947,0.0320660292192035,776.0395298859876,0.0010652179371135459,0.21870722994208336,False,False,0.21870722994208336
s-002,after_common_greedy_prefix,10,1000,0,-36500.993381459004,37801.549987333,52825.198925334,28995.441805460818,1736.6626824130071,39013.695593758,2512.7022122989947,0.0320660292192035,776.0395298859876,0.0010652179371135459,1.019402902573347,False,False,1.019402902573347
s-002,after_common_greedy_prefix,10,1000,1,-36500.993381459004,37801.549987333,52825.198925334,28995.441805460818,1736.6626824130071,39013.695593758,2512.7022122989947,0.0320660292192035,776.0395298859876,0.0010652179371135459,1.0194826908409595,False,False,1.0194826908409595
s-002,after_common_greedy_prefix,0,50,0,-9376.161791835,9376.161791835,17981.123523284,6886.206196825236,1736.6626824130071,10157.504889901,781.3430980659996,0.08333293680431293,0.0,0.0,0.07220850512385368,False,False,
s-002,after_common_greedy_prefix,0,50,1,-9376.161791835,9376.161791835,17981.123523284,6886.206196825236,1736.6626824130071,10157.504889901,781.3430980659996,0.08333293680431293,0.0,0.0,0.07132269069552422,False,False,
s-002,after_common_greedy_prefix,1,50,0,-35939.163632446,35939.163632446,63431.465164646,32485.526997345813,1736.6626824130071,37322.097868122,1382.9342356760026,0.03847986697240458,0.0,0.0,0.0713682621717453,False,False,
s-002,after_common_greedy_prefix,1,50,1,-35939.163632446,35939.163632446,63431.465164646,32485.526997345813,1736.6626824130071,37322.097868122,1382.9342356760026,0.03847986697240458,0.0,0.0,0.07198363170027733,False,False,
s-002,after_common_greedy_prefix,2,50,0,-0.1050261440000213,32.753673276,32.753673276,32.753673276,1736.6626824130071,32.753673276,32.64864713199998,0.0,0.0,0.0,0.06703312322497368,False,True,
s-002,after_common_greedy_prefix,2,50,1,-0.1050261440000213,32.753673276,32.753673276,32.753673276,1736.6626824130071,32.753673276,32.64864713199998,0.0,0.0,0.0,0.06623313948512077,False,True,
s-002,after_common_greedy_prefix,3,50,0,-9181.77841103,9505.545164419,11645.525798665,6619.355595224002,1736.6626824130071,9936.401091945,754.6226809149994,0.04532679820814195,0.0,0.0,0.06827391684055328,False,False,
s-002,after_common_greedy_prefix,3,50,1,-9181.77841103,9505.545164419,11645.525798665,6619.355595224002,1736.6626824130071,9936.401091945,754.6226809149994,0.04532679820814195,0.0,0.0,0.0691315233707428,False,False,
s-002,after_common_greedy_prefix,4,50,0,-37337.939490567,37337.834464423,67743.823636534,32040.09165986912,1736.6626824130071,38716.435915774,1378.4964252069985,0.03692237300651653,0.0,0.0,0.07287527620792389,False,False,
s-002,after_common_greedy_prefix,4,50,1,-37337.939490567,37337.834464423,67743.823636534,32040.09165986912,1736.6626824130071,38716.435915774,1378.4964252069985,0.03692237300651653,0.0,0.0,0.0723433867096901,False,False,
s-002,after_common_greedy_prefix,5,50,0,-0.4810327390000566,117.991586378,117.991586378,117.991586378,1736.6626824130071,117.991586378,117.51055363899994,0.0,0.0,0.0,0.06747763231396675,False,True,
s-002,after_common_greedy_prefix,5,50,1,-0.4810327390000566,117.991586378,117.991586378,117.991586378,1736.6626824130071,117.991586378,117.51055363899994,0.0,0.0,0.0,0.06685211509466171,False,True,
s-002,after_common_greedy_prefix,6,50,0,-8361.210739202,9365.505180226999,11900.98410421,6655.715434211039,1736.6626824130071,9610.868234276,1249.6574950739996,0.026198592529426603,0.0,0.0,0.06917703151702881,False,False,
s-002,after_common_greedy_prefix,6,50,1,-8361.210739202,9365.505180226999,11900.98410421,6655.715434211039,1736.6626824130071,9610.868234276,1249.6574950739996,0.026198592529426603,0.0,0.0,0.0692288689315319,False,False,
s-002,after_common_greedy_prefix,7,50,0,-37971.508313056,37971.027280317,65915.470652452,30115.26779674176,1736.6626824130071,38959.059385821,987.5510727649962,0.026020684091846043,0.0,0.0,0.0715656466782093,False,False,
s-002,after_common_greedy_prefix,7,50,1,-37971.508313056,37971.027280317,65915.470652452,30115.26779674176,1736.6626824130071,38959.059385821,987.5510727649962,0.026020684091846043,0.0,0.0,0.07158051803708076,False,False,
s-002,after_common_greedy_prefix,8,50,0,-2.294681681000384,379.22392964899996,379.22392964899996,379.22392964899996,1736.6626824130071,379.22392964899996,376.9292479679996,0.0,0.0,0.0,0.06711210310459137,False,True,
s-002,after_common_greedy_prefix,8,50,1,-2.294681681000384,379.22392964899996,379.22392964899996,379.22392964899996,1736.6626824130071,379.22392964899996,376.9292479679996,0.0,0.0,0.0,0.06669741496443748,False,True,
s-002,after_common_greedy_prefix,9,50,0,-8727.743717468999,10464.406399882,16258.322394016,7337.036187252741,1736.6626824130071,10632.272653307,1904.5289358380014,0.01604164125610533,167.86625342499428,0.00023041886050652953,0.06967997550964355,False,False,0.06967997550964355
s-002,after_common_greedy_prefix,9,50,1,-8727.743717468999,10464.406399882,16258.322394016,7337.036187252741,1736.6626824130071,10632.272653307,1904.5289358380014,0.01604164125610533,167.86625342499428,0.00023041886050652953,0.07053852453827858,False,False,0.07053852453827858
s-002,after_common_greedy_prefix,10,50,0,-36500.993381459004,37801.549987333,52825.198925334,28995.441805460818,1736.6626824130071,39013.695593758,2512.7022122989947,0.0320660292192035,776.0395298859876,0.0010652179371135459,0.07225057482719421,False,False,0.07225057482719421
s-002,after_common_greedy_prefix,10,50,1,-36500.993381459004,37801.549987333,52825.198925334,28995.441805460818,1736.6626824130071,39013.695593758,2512.7022122989947,0.0320660292192035,776.0395298859876,0.0010652179371135459,0.0726705975830555,False,False,0.0726705975830555
s-002,after_common_greedy_prefix,0,10,0,-9376.161791835,9376.161791835,17981.123523284,6886.206196825236,1736.6626824130071,10157.504889901,781.3430980659996,0.08333293680431293,0.0,0.0,0.030839402228593826,False,False,
s-002,after_common_greedy_prefix,0,10,1,-9376.161791835,9376.161791835,17981.123523284,6886.206196825236,1736.6626824130071,10157.504889901,781.3430980659996,0.08333293680431293,0.0,0.0,0.030399739742279053,False,False,
s-002,after_common_greedy_prefix,1,10,0,-35939.163632446,35939.163632446,63431.465164646,32485.526997345813,1736.6626824130071,37288.340640536,1349.1770080900023,0.037540578904066674,0.0,0.0,0.031502608209848404,False,False,
s-002,after_common_greedy_prefix,1,10,1,-35939.163632446,35939.163632446,63431.465164646,32485.526997345813,1736.6626824130071,37288.340640536,1349.1770080900023,0.037540578904066674,0.0,0.0,0.031719982624053955,False,False,
s-002,after_common_greedy_prefix,2,10,0,-0.1050261440000213,32.753673276,32.753673276,32.753673276,1736.6626824130071,32.753673276,32.64864713199998,0.0,0.0,0.0,0.02858927845954895,False,True,
s-002,after_common_greedy_prefix,2,10,1,-0.1050261440000213,32.753673276,32.753673276,32.753673276,1736.6626824130071,32.753673276,32.64864713199998,0.0,0.0,0.0,0.027879048138856888,False,True,
s-002,after_common_greedy_prefix,3,10,0,-9181.77841103,9505.545164419,11645.525798665,6619.355595224002,1736.6626824130071,9936.401091945,754.6226809149994,0.04532679820814195,0.0,0.0,0.029675960540771484,False,False,
s-002,after_common_greedy_prefix,3,10,1,-9181.77841103,9505.545164419,11645.525798665,6619.355595224002,1736.6626824130071,9936.401091945,754.6226809149994,0.04532679820814195,0.0,0.0,0.029143571853637695,False,False,
s-002,after_common_greedy_prefix,4,10,0,-37337.939490567,37337.834464423,67743.823636534,32040.09165986912,1736.6626824130071,38716.435915774,1378.4964252069985,0.03692237300651653,0.0,0.0,0.033587634563446045,False,False,
s-002,after_common_greedy_prefix,4,10,1,-37337.939490567,37337.834464423,67743.823636534,32040.09165986912,1736.6626824130071,38716.435915774,1378.4964252069985,0.03692237300651653,0.0,0.0,0.03275865316390991,False,False,
s-002,after_common_greedy_prefix,5,10,0,-0.4810327390000566,117.991586378,117.991586378,117.991586378,1736.6626824130071,117.991586378,117.51055363899994,0.0,0.0,0.0,0.027207542210817337,False,True,
s-002,after_common_greedy_prefix,5,10,1,-0.4810327390000566,117.991586378,117.991586378,117.991586378,1736.6626824130071,117.991586378,117.51055363899994,0.0,0.0,0.0,0.02720881998538971,False,True,
s-002,after_common_greedy_prefix,6,10,0,-8361.210739202,9365.505180226999,11900.98410421,6655.715434211039,1736.6626824130071,9610.868234276,1249.6574950739996,0.026198592529426603,0.0,0.0,0.030016101896762848,False,False,
s-002,after_common_greedy_prefix,6,10,1,-8361.210739202,9365.505180226999,11900.98410421,6655.715434211039,1736.6626824130071,9610.868234276,1249.6574950739996,0.026198592529426603,0.0,0.0,0.029973875731229782,False,False,
s-002,after_common_greedy_prefix,7,10,0,-37971.508313056,37971.027280317,65915.470652452,30115.26779674176,1736.6626824130071,38959.059385821,987.5510727649962,0.026020684091846043,0.0,0.0,0.03175918757915497,False,False,
s-002,after_common_greedy_prefix,7,10,1,-37971.508313056,37971.027280317,65915.470652452,30115.26779674176,1736.6626824130071,38959.059385821,987.5510727649962,0.026020684091846043,0.0,0.0,0.03313521668314934,False,False,
s-002,after_common_greedy_prefix,8,10,0,-2.294681681000384,379.22392964899996,379.22392964899996,379.22392964899996,1736.6626824130071,379.22392964899996,376.9292479679996,0.0,0.0,0.0,0.028007477521896362,False,True,
s-002,after_common_greedy_prefix,8,10,1,-2.294681681000384,379.22392964899996,379.22392964899996,379.22392964899996,1736.6626824130071,379.22392964899996,376.9292479679996,0.0,0.0,0.0,0.027189359068870544,False,True,
s-002,after_common_greedy_prefix,9,10,0,-8727.743717468999,10464.406399882,16258.322394016,7337.036187252741,1736.6626824130071,10632.272653307,1904.5289358380014,0.01604164125610533,167.86625342499428,0.00023041886050652953,0.02901964634656906,False,False,0.02901964634656906
s-002,after_common_greedy_prefix,9,10,1,-8727.743717468999,10464.406399882,16258.322394016,7337.036187252741,1736.6626824130071,10632.272653307,1904.5289358380014,0.01604164125610533,167.86625342499428,0.00023041886050652953,0.030940737575292587,False,False,0.030940737575292587
s-002,after_common_greedy_prefix,10,10,0,-36500.993381459004,37801.549987333,52825.198925334,28995.441805460818,1736.6626824130071,39013.695593758,2512.7022122989947,0.0320660292192035,776.0395298859876,0.0010652179371135459,0.03257230669260025,False,False,0.03257230669260025
s-002,after_common_greedy_prefix,10,10,1,-36500.993381459004,37801.549987333,52825.198925334,28995.441805460818,1736.6626824130071,39013.695593758,2512.7022122989947,0.0320660292192035,776.0395298859876,0.0010652179371135459,0.03153249993920326,False,False,0.03153249993920326
s-003,after_one_actual_history_call,0,200,0,-9376.161791835,9376.161791835,17981.123523284,6886.206196825236,1736.6626824130071,10157.504889901,781.3430980659996,0.08333293680431293,0.0,0.0,0.21805131807923317,False,False,
s-003,after_one_actual_history_call,0,200,1,-9376.161791835,9376.161791835,17981.123523284,6886.206196825236,1736.6626824130071,10157.504889901,781.3430980659996,0.08333293680431293,0.0,0.0,0.21768775954842567,False,False,
s-003,after_one_actual_history_call,0,1000,0,-9376.161791835,9376.161791835,17981.123523284,6886.206196825236,1736.6626824130071,10157.504889901,781.3430980659996,0.08333293680431293,0.0,0.0,1.0177754573523998,False,False,
s-003,after_one_actual_history_call,0,1000,1,-9376.161791835,9376.161791835,17981.123523284,6886.206196825236,1736.6626824130071,10157.504889901,781.3430980659996,0.08333293680431293,0.0,0.0,1.0182331316173077,False,False,
s-003,after_one_actual_history_call,1,200,0,-35939.163632446,37322.097868122,63431.465164646,32485.526997345813,1736.6626824130071,37322.097868122,1382.9342356760026,0.0,0.0,0.0,0.0029362812638282776,False,True,
s-003,after_one_actual_history_call,1,200,1,-35939.163632446,37322.097868122,63431.465164646,32485.526997345813,1736.6626824130071,37322.097868122,1382.9342356760026,0.0,0.0,0.0,0.0029231756925582886,False,True,
s-003,after_one_actual_history_call,1,1000,0,-35939.163632446,37322.097868122,63431.465164646,32485.526997345813,1736.6626824130071,37325.286362865,1386.1227304190033,8.543181989038643e-05,0.0,0.0,1.0206062644720078,False,False,
s-003,after_one_actual_history_call,1,1000,1,-35939.163632446,37322.097868122,63431.465164646,32485.526997345813,1736.6626824130071,37325.286362865,1386.1227304190033,8.543181989038643e-05,0.0,0.0,1.0193286463618279,False,False,
s-003,after_one_actual_history_call,2,200,0,-0.1050261440000213,32.753673276,32.753673276,32.753673276,1736.6626824130071,32.753673276,32.64864713199998,0.0,0.0,0.0,0.2158861756324768,False,True,
s-003,after_one_actual_history_call,2,200,1,-0.1050261440000213,32.753673276,32.753673276,32.753673276,1736.6626824130071,32.753673276,32.64864713199998,0.0,0.0,0.0,0.21661557257175446,False,True,
s-003,after_one_actual_history_call,2,1000,0,-0.1050261440000213,32.753673276,32.753673276,32.753673276,1736.6626824130071,32.753673276,32.64864713199998,0.0,0.0,0.0,1.016226727515459,False,True,
s-003,after_one_actual_history_call,2,1000,1,-0.1050261440000213,32.753673276,32.753673276,32.753673276,1736.6626824130071,32.753673276,32.64864713199998,0.0,0.0,0.0,1.0156802125275135,False,True,
s-003,after_one_actual_history_call,3,200,0,-9181.77841103,9505.545164419,11645.525798665,6619.355595224002,1736.6626824130071,9936.401091945,754.6226809149994,0.04532679820814195,0.0,0.0,0.21721895784139633,False,False,
s-003,after_one_actual_history_call,3,200,1,-9181.77841103,9505.545164419,11645.525798665,6619.355595224002,1736.6626824130071,9936.401091945,754.6226809149994,0.04532679820814195,0.0,0.0,0.21630700677633286,False,False,
s-003,after_one_actual_history_call,3,1000,0,-9181.77841103,9505.545164419,11645.525798665,6619.355595224002,1736.6626824130071,9936.401091945,754.6226809149994,0.04532679820814195,0.0,0.0,1.0176441296935081,False,False,
s-003,after_one_actual_history_call,3,1000,1,-9181.77841103,9505.545164419,11645.525798665,6619.355595224002,1736.6626824130071,9936.401091945,754.6226809149994,0.04532679820814195,0.0,0.0,1.0170194953680038,False,False,
s-003,after_one_actual_history_call,4,200,0,-37337.939490567,37337.834464423,67743.823636534,32040.09165986912,1736.6626824130071,38716.435915774,1378.4964252069985,0.03692237300651653,0.0,0.0,0.22047431766986847,False,False,
s-003,after_one_actual_history_call,4,200,1,-37337.939490567,37337.834464423,67743.823636534,32040.09165986912,1736.6626824130071,38716.435915774,1378.4964252069985,0.03692237300651653,0.0,0.0,0.22103752195835114,False,False,
s-003,after_one_actual_history_call,4,1000,0,-37337.939490567,37337.834464423,67743.823636534,32040.09165986912,1736.6626824130071,38716.435915774,1378.4964252069985,0.03692237300651653,0.0,0.0,1.0195081233978271,False,False,
s-003,after_one_actual_history_call,4,1000,1,-37337.939490567,37337.834464423,67743.823636534,32040.09165986912,1736.6626824130071,38716.435915774,1378.4964252069985,0.03692237300651653,0.0,0.0,1.0190781690180302,False,False,
s-003,after_one_actual_history_call,5,200,0,-0.4810327390000566,117.991586378,117.991586378,117.991586378,1736.6626824130071,117.991586378,117.51055363899994,0.0,0.0,0.0,0.21642962843179703,False,True,
s-003,after_one_actual_history_call,5,200,1,-0.4810327390000566,117.991586378,117.991586378,117.991586378,1736.6626824130071,117.991586378,117.51055363899994,0.0,0.0,0.0,0.21637016907334328,False,True,
s-003,after_one_actual_history_call,5,1000,0,-0.4810327390000566,117.991586378,117.991586378,117.991586378,1736.6626824130071,117.991586378,117.51055363899994,0.0,0.0,0.0,1.016072154045105,False,True,
s-003,after_one_actual_history_call,5,1000,1,-0.4810327390000566,117.991586378,117.991586378,117.991586378,1736.6626824130071,117.991586378,117.51055363899994,0.0,0.0,0.0,1.0168823450803757,False,True,
s-003,after_one_actual_history_call,6,200,0,-8361.210739202,9365.505180226999,11900.98410421,6655.715434211039,1736.6626824130071,9610.868234276,1249.6574950739996,0.026198592529426603,0.0,0.0,0.21735983714461327,False,False,
s-003,after_one_actual_history_call,6,200,1,-8361.210739202,9365.505180226999,11900.98410421,6655.715434211039,1736.6626824130071,9610.868234276,1249.6574950739996,0.026198592529426603,0.0,0.0,0.21653080359101295,False,False,
s-003,after_one_actual_history_call,6,1000,0,-8361.210739202,9365.505180226999,11900.98410421,6655.715434211039,1736.6626824130071,9610.868234276,1249.6574950739996,0.026198592529426603,0.0,0.0,1.0162053145468235,False,False,
s-003,after_one_actual_history_call,6,1000,1,-8361.210739202,9365.505180226999,11900.98410421,6655.715434211039,1736.6626824130071,9610.868234276,1249.6574950739996,0.026198592529426603,0.0,0.0,1.018648225814104,False,False,
s-003,after_one_actual_history_call,7,200,0,-37971.508313056,37971.027280317,65915.470652452,30115.26779674176,1736.6626824130071,38959.059385821,987.5510727649962,0.026020684091846043,0.0,0.0,0.2208479754626751,False,False,
s-003,after_one_actual_history_call,7,200,1,-37971.508313056,37971.027280317,65915.470652452,30115.26779674176,1736.6626824130071,38959.059385821,987.5510727649962,0.026020684091846043,0.0,0.0,0.21969303116202354,False,False,
s-003,after_one_actual_history_call,7,1000,0,-37971.508313056,37971.027280317,65915.470652452,30115.26779674176,1736.6626824130071,38959.059385821,987.5510727649962,0.026020684091846043,0.0,0.0,1.019451953470707,False,False,
s-003,after_one_actual_history_call,7,1000,1,-37971.508313056,37971.027280317,65915.470652452,30115.26779674176,1736.6626824130071,38959.059385821,987.5510727649962,0.026020684091846043,0.0,0.0,1.0189120657742023,False,False,
s-003,after_one_actual_history_call,8,200,0,-2.294681681000384,379.22392964899996,379.22392964899996,379.22392964899996,1736.6626824130071,379.22392964899996,376.9292479679996,0.0,0.0,0.0,0.21508195996284485,False,True,
s-003,after_one_actual_history_call,8,200,1,-2.294681681000384,379.22392964899996,379.22392964899996,379.22392964899996,1736.6626824130071,379.22392964899996,376.9292479679996,0.0,0.0,0.0,0.21538740023970604,False,True,
s-003,after_one_actual_history_call,8,1000,0,-2.294681681000384,379.22392964899996,379.22392964899996,379.22392964899996,1736.6626824130071,379.22392964899996,376.9292479679996,0.0,0.0,0.0,1.0151964016258717,False,True,
s-003,after_one_actual_history_call,8,1000,1,-2.294681681000384,379.22392964899996,379.22392964899996,379.22392964899996,1736.6626824130071,379.22392964899996,376.9292479679996,0.0,0.0,0.0,1.0150345489382744,False,True,
s-003,after_one_actual_history_call,9,200,0,-8727.743717468999,10464.406399882,16258.322394016,7337.036187252741,1736.6626824130071,10632.272653307,1904.5289358380014,0.01604164125610533,167.86625342499428,0.00023041886050652953,0.21782010793685913,False,False,0.21782010793685913
s-003,after_one_actual_history_call,9,200,1,-8727.743717468999,10464.406399882,16258.322394016,7337.036187252741,1736.6626824130071,10632.272653307,1904.5289358380014,0.01604164125610533,167.86625342499428,0.00023041886050652953,0.21689923107624054,False,False,0.21689923107624054
s-003,after_one_actual_history_call,9,1000,0,-8727.743717468999,10464.406399882,16258.322394016,7337.036187252741,1736.6626824130071,10632.272653307,1904.5289358380014,0.01604164125610533,167.86625342499428,0.00023041886050652953,1.017833136022091,False,False,1.017833136022091
s-003,after_one_actual_history_call,9,1000,1,-8727.743717468999,10464.406399882,16258.322394016,7337.036187252741,1736.6626824130071,10632.272653307,1904.5289358380014,0.01604164125610533,167.86625342499428,0.00023041886050652953,1.0182360596954823,False,False,1.0182360596954823
s-003,after_one_actual_history_call,10,200,0,-36500.993381459004,37801.549987333,52825.198925334,28995.441805460818,1736.6626824130071,39013.695593758,2512.7022122989947,0.0320660292192035,776.0395298859876,0.0010652179371135459,0.22099779546260834,False,False,0.22099779546260834
s-003,after_one_actual_history_call,10,200,1,-36500.993381459004,37801.549987333,52825.198925334,28995.441805460818,1736.6626824130071,39013.695593758,2512.7022122989947,0.0320660292192035,776.0395298859876,0.0010652179371135459,0.22087516635656357,False,False,0.22087516635656357
s-003,after_one_actual_history_call,10,1000,0,-36500.993381459004,37801.549987333,52825.198925334,28995.441805460818,1736.6626824130071,39013.695593758,2512.7022122989947,0.0320660292192035,776.0395298859876,0.0010652179371135459,1.0214013420045376,False,False,1.0214013420045376
s-003,after_one_actual_history_call,10,1000,1,-36500.993381459004,37801.549987333,52825.198925334,28995.441805460818,1736.6626824130071,39013.695593758,2512.7022122989947,0.0320660292192035,776.0395298859876,0.0010652179371135459,1.0199549719691277,False,False,1.0199549719691277
s-003,after_one_actual_history_call,0,50,0,-9376.161791835,9376.161791835,17981.123523284,6886.206196825236,1736.6626824130071,10157.504889901,781.3430980659996,0.08333293680431293,0.0,0.0,0.06972352415323257,False,False,
s-003,after_one_actual_history_call,0,50,1,-9376.161791835,9376.161791835,17981.123523284,6886.206196825236,1736.6626824130071,10157.504889901,781.3430980659996,0.08333293680431293,0.0,0.0,0.07094462960958481,False,False,
s-003,after_one_actual_history_call,1,50,0,-35939.163632446,37322.097868122,63431.465164646,32485.526997345813,1736.6626824130071,37322.097868122,1382.9342356760026,0.0,0.0,0.0,0.07058782503008842,False,True,
s-003,after_one_actual_history_call,1,50,1,-35939.163632446,37322.097868122,63431.465164646,32485.526997345813,1736.6626824130071,37322.097868122,1382.9342356760026,0.0,0.0,0.0,0.07091633602976799,False,True,
s-003,after_one_actual_history_call,2,50,0,-0.1050261440000213,32.753673276,32.753673276,32.753673276,1736.6626824130071,32.753673276,32.64864713199998,0.0,0.0,0.0,0.06672463566064835,False,True,
s-003,after_one_actual_history_call,2,50,1,-0.1050261440000213,32.753673276,32.753673276,32.753673276,1736.6626824130071,32.753673276,32.64864713199998,0.0,0.0,0.0,0.06694323569536209,False,True,
s-003,after_one_actual_history_call,3,50,0,-9181.77841103,9505.545164419,11645.525798665,6619.355595224002,1736.6626824130071,9936.401091945,754.6226809149994,0.04532679820814195,0.0,0.0,0.06798993051052094,False,False,
s-003,after_one_actual_history_call,3,50,1,-9181.77841103,9505.545164419,11645.525798665,6619.355595224002,1736.6626824130071,9936.401091945,754.6226809149994,0.04532679820814195,0.0,0.0,0.0697048269212246,False,False,
s-003,after_one_actual_history_call,4,50,0,-37337.939490567,37337.834464423,67743.823636534,32040.09165986912,1736.6626824130071,38716.435915774,1378.4964252069985,0.03692237300651653,0.0,0.0,0.072043027728796,False,False,
s-003,after_one_actual_history_call,4,50,1,-37337.939490567,37337.834464423,67743.823636534,32040.09165986912,1736.6626824130071,38716.435915774,1378.4964252069985,0.03692237300651653,0.0,0.0,0.07152975350618362,False,False,
s-003,after_one_actual_history_call,5,50,0,-0.4810327390000566,117.991586378,117.991586378,117.991586378,1736.6626824130071,117.991586378,117.51055363899994,0.0,0.0,0.0,0.06719907000660896,False,True,
s-003,after_one_actual_history_call,5,50,1,-0.4810327390000566,117.991586378,117.991586378,117.991586378,1736.6626824130071,117.991586378,117.51055363899994,0.0,0.0,0.0,0.06732169166207314,False,True,
s-003,after_one_actual_history_call,6,50,0,-8361.210739202,9365.505180226999,11900.98410421,6655.715434211039,1736.6626824130071,9610.868234276,1249.6574950739996,0.026198592529426603,0.0,0.0,0.0693797692656517,False,False,
s-003,after_one_actual_history_call,6,50,1,-8361.210739202,9365.505180226999,11900.98410421,6655.715434211039,1736.6626824130071,9610.868234276,1249.6574950739996,0.026198592529426603,0.0,0.0,0.06884212419390678,False,False,
s-003,after_one_actual_history_call,7,50,0,-37971.508313056,37971.027280317,65915.470652452,30115.26779674176,1736.6626824130071,38959.059385821,987.5510727649962,0.026020684091846043,0.0,0.0,0.07140913605690002,False,False,
s-003,after_one_actual_history_call,7,50,1,-37971.508313056,37971.027280317,65915.470652452,30115.26779674176,1736.6626824130071,38959.059385821,987.5510727649962,0.026020684091846043,0.0,0.0,0.0710584744811058,False,False,
s-003,after_one_actual_history_call,8,50,0,-2.294681681000384,379.22392964899996,379.22392964899996,379.22392964899996,1736.6626824130071,379.22392964899996,376.9292479679996,0.0,0.0,0.0,0.06698480248451233,False,True,
s-003,after_one_actual_history_call,8,50,1,-2.294681681000384,379.22392964899996,379.22392964899996,379.22392964899996,1736.6626824130071,379.22392964899996,376.9292479679996,0.0,0.0,0.0,0.06738853454589844,False,True,
s-003,after_one_actual_history_call,9,50,0,-8727.743717468999,10464.406399882,16258.322394016,7337.036187252741,1736.6626824130071,10632.272653307,1904.5289358380014,0.01604164125610533,167.86625342499428,0.00023041886050652953,0.07037080079317093,False,False,0.07037080079317093
s-003,after_one_actual_history_call,9,50,1,-8727.743717468999,10464.406399882,16258.322394016,7337.036187252741,1736.6626824130071,10632.272653307,1904.5289358380014,0.01604164125610533,167.86625342499428,0.00023041886050652953,0.07056495547294617,False,False,0.07056495547294617
s-003,after_one_actual_history_call,10,50,0,-36500.993381459004,37801.549987333,52825.198925334,28995.441805460818,1736.6626824130071,39013.695593758,2512.7022122989947,0.0320660292192035,776.0395298859876,0.0010652179371135459,0.07035893574357033,False,False,0.07035893574357033
s-003,after_one_actual_history_call,10,50,1,-36500.993381459004,37801.549987333,52825.198925334,28995.441805460818,1736.6626824130071,39013.695593758,2512.7022122989947,0.0320660292192035,776.0395298859876,0.0010652179371135459,0.0708240419626236,False,False,0.0708240419626236
s-003,after_one_actual_history_call,0,10,0,-9376.161791835,9376.161791835,17981.123523284,6886.206196825236,1736.6626824130071,10157.504889901,781.3430980659996,0.08333293680431293,0.0,0.0,0.03093109279870987,False,False,
s-003,after_one_actual_history_call,0,10,1,-9376.161791835,9376.161791835,17981.123523284,6886.206196825236,1736.6626824130071,10157.504889901,781.3430980659996,0.08333293680431293,0.0,0.0,0.030878689140081406,False,False,
s-003,after_one_actual_history_call,1,10,0,-35939.163632446,37322.097868122,63431.465164646,32485.526997345813,1736.6626824130071,37322.097868122,1382.9342356760026,0.0,0.0,0.0,0.03149498999118805,False,True,
s-003,after_one_actual_history_call,1,10,1,-35939.163632446,37322.097868122,63431.465164646,32485.526997345813,1736.6626824130071,37322.097868122,1382.9342356760026,0.0,0.0,0.0,0.031685296446084976,False,True,
s-003,after_one_actual_history_call,2,10,0,-0.1050261440000213,32.753673276,32.753673276,32.753673276,1736.6626824130071,32.753673276,32.64864713199998,0.0,0.0,0.0,0.027118206024169922,False,True,
s-003,after_one_actual_history_call,2,10,1,-0.1050261440000213,32.753673276,32.753673276,32.753673276,1736.6626824130071,32.753673276,32.64864713199998,0.0,0.0,0.0,0.027368832379579544,False,True,
s-003,after_one_actual_history_call,3,10,0,-9181.77841103,9505.545164419,11645.525798665,6619.355595224002,1736.6626824130071,9936.401091945,754.6226809149994,0.04532679820814195,0.0,0.0,0.030396241694688797,False,False,
s-003,after_one_actual_history_call,3,10,1,-9181.77841103,9505.545164419,11645.525798665,6619.355595224002,1736.6626824130071,9936.401091945,754.6226809149994,0.04532679820814195,0.0,0.0,0.02938312292098999,False,False,
s-003,after_one_actual_history_call,4,10,0,-37337.939490567,37337.834464423,67743.823636534,32040.09165986912,1736.6626824130071,38716.435915774,1378.4964252069985,0.03692237300651653,0.0,0.0,0.031726885586977005,False,False,
s-003,after_one_actual_history_call,4,10,1,-37337.939490567,37337.834464423,67743.823636534,32040.09165986912,1736.6626824130071,38716.435915774,1378.4964252069985,0.03692237300651653,0.0,0.0,0.03189437836408615,False,False,
s-003,after_one_actual_history_call,5,10,0,-0.4810327390000566,117.991586378,117.991586378,117.991586378,1736.6626824130071,117.991586378,117.51055363899994,0.0,0.0,0.0,0.027817416936159134,False,True,
s-003,after_one_actual_history_call,5,10,1,-0.4810327390000566,117.991586378,117.991586378,117.991586378,1736.6626824130071,117.991586378,117.51055363899994,0.0,0.0,0.0,0.027708563953638077,False,True,
s-003,after_one_actual_history_call,6,10,0,-8361.210739202,9365.505180226999,11900.98410421,6655.715434211039,1736.6626824130071,9610.868234276,1249.6574950739996,0.026198592529426603,0.0,0.0,0.02963336557149887,False,False,
s-003,after_one_actual_history_call,6,10,1,-8361.210739202,9365.505180226999,11900.98410421,6655.715434211039,1736.6626824130071,9610.868234276,1249.6574950739996,0.026198592529426603,0.0,0.0,0.030748680233955383,False,False,
s-003,after_one_actual_history_call,7,10,0,-37971.508313056,37971.027280317,65915.470652452,30115.26779674176,1736.6626824130071,38959.059385821,987.5510727649962,0.026020684091846043,0.0,0.0,0.03144926577806473,False,False,
s-003,after_one_actual_history_call,7,10,1,-37971.508313056,37971.027280317,65915.470652452,30115.26779674176,1736.6626824130071,38959.059385821,987.5510727649962,0.026020684091846043,0.0,0.0,0.03183383867144585,False,False,
s-003,after_one_actual_history_call,8,10,0,-2.294681681000384,379.22392964899996,379.22392964899996,379.22392964899996,1736.6626824130071,379.22392964899996,376.9292479679996,0.0,0.0,0.0,0.029298987239599228,False,True,
s-003,after_one_actual_history_call,8,10,1,-2.294681681000384,379.22392964899996,379.22392964899996,379.22392964899996,1736.6626824130071,379.22392964899996,376.9292479679996,0.0,0.0,0.0,0.027450844645500183,False,True,
s-003,after_one_actual_history_call,9,10,0,-8727.743717468999,10464.406399882,16258.322394016,7337.036187252741,1736.6626824130071,10632.272653307,1904.5289358380014,0.01604164125610533,167.86625342499428,0.00023041886050652953,0.03105131909251213,False,False,0.03105131909251213
s-003,after_one_actual_history_call,9,10,1,-8727.743717468999,10464.406399882,16258.322394016,7337.036187252741,1736.6626824130071,10632.272653307,1904.5289358380014,0.01604164125610533,167.86625342499428,0.00023041886050652953,0.030075598508119583,False,False,0.030075598508119583
s-003,after_one_actual_history_call,10,10,0,-36500.993381459004,37801.549987333,52825.198925334,28995.441805460818,1736.6626824130071,39013.695593758,2512.7022122989947,0.0320660292192035,776.0395298859876,0.0010652179371135459,0.0325249508023262,False,False,0.0325249508023262
s-003,after_one_actual_history_call,10,10,1,-36500.993381459004,37801.549987333,52825.198925334,28995.441805460818,1736.6626824130071,39013.695593758,2512.7022122989947,0.0320660292192035,776.0395298859876,0.0010652179371135459,0.032240141183137894,False,False,0.032240141183137894
s-004,after_common_greedy_prefix,0,200,0,-9515.755858862,9515.755858862,19894.795333162,6872.226883278073,1703.5448414690327,10174.011324379,658.2554655170006,0.06917532093932076,0.0,0.0,0.21958918869495392,False,False,
s-004,after_common_greedy_prefix,0,200,1,-9515.755858862,9515.755858862,19894.795333162,6872.226883278073,1703.5448414690327,10174.011324379,658.2554655170006,0.06917532093932076,0.0,0.0,0.21881523355841637,False,False,
s-004,after_common_greedy_prefix,0,1000,0,-9515.755858862,9515.755858862,19894.795333162,6872.226883278073,1703.5448414690327,10174.011324379,658.2554655170006,0.06917532093932076,0.0,0.0,1.019577395170927,False,False,
s-004,after_common_greedy_prefix,0,1000,1,-9515.755858862,9515.755858862,19894.795333162,6872.226883278073,1703.5448414690327,10174.011324379,658.2554655170006,0.06917532093932076,0.0,0.0,1.020437352359295,False,False,
s-004,after_common_greedy_prefix,1,200,0,-36221.233168601,36221.233168601,60296.946052707,30600.463737346814,1703.5448414690327,36517.120288205,295.88711960399814,0.00816888586389966,0.0,0.0,0.21941644325852394,False,False,
s-004,after_common_greedy_prefix,1,200,1,-36221.233168601,36221.233168601,60296.946052707,30600.463737346814,1703.5448414690327,36517.120288205,295.88711960399814,0.00816888586389966,0.0,0.0,0.21887411549687386,False,False,
s-004,after_common_greedy_prefix,1,1000,0,-36221.233168601,36221.233168601,60296.946052707,30600.463737346814,1703.5448414690327,36517.120288205,295.88711960399814,0.00816888586389966,0.0,0.0,1.021663062274456,False,False,
s-004,after_common_greedy_prefix,1,1000,1,-36221.233168601,36221.233168601,60296.946052707,30600.463737346814,1703.5448414690327,36517.120288205,295.88711960399814,0.00816888586389966,0.0,0.0,1.0214639641344547,False,False,
s-004,after_common_greedy_prefix,2,200,0,-0.1050261440000213,32.753673276,32.753673276,32.753673276,1703.5448414690327,32.753673276,32.64864713199998,0.0,0.0,0.0,0.21619490161538124,False,True,
s-004,after_common_greedy_prefix,2,200,1,-0.1050261440000213,32.753673276,32.753673276,32.753673276,1703.5448414690327,32.753673276,32.64864713199998,0.0,0.0,0.0,0.21541672199964523,False,True,
s-004,after_common_greedy_prefix,2,1000,0,-0.1050261440000213,32.753673276,32.753673276,32.753673276,1703.5448414690327,32.753673276,32.64864713199998,0.0,0.0,0.0,1.0158349499106407,False,True,
s-004,after_common_greedy_prefix,2,1000,1,-0.1050261440000213,32.753673276,32.753673276,32.753673276,1703.5448414690327,32.753673276,32.64864713199998,0.0,0.0,0.0,1.0162834823131561,False,True,
s-004,after_common_greedy_prefix,3,200,0,-8871.604463221,9195.37121661,11654.428411587,6572.162807323424,1703.5448414690327,9626.227144136,754.6226809150012,0.046855740499929736,0.0,0.0,0.21889203414320946,False,False,
s-004,after_common_greedy_prefix,3,200,1,-8871.604463221,9195.37121661,11654.428411587,6572.162807323424,1703.5448414690327,9626.227144136,754.6226809150012,0.046855740499929736,0.0,0.0,0.21741829067468643,False,False,
s-004,after_common_greedy_prefix,3,1000,0,-8871.604463221,9195.37121661,11654.428411587,6572.162807323424,1703.5448414690327,9626.227144136,754.6226809150012,0.046855740499929736,0.0,0.0,1.0171585902571678,False,False,
s-004,after_common_greedy_prefix,3,1000,1,-8871.604463221,9195.37121661,11654.428411587,6572.162807323424,1703.5448414690327,9626.227144136,754.6226809150012,0.046855740499929736,0.0,0.0,1.0171053856611252,False,False,
s-004,after_common_greedy_prefix,4,200,0,-37287.942232489,37287.837206345,68434.334127099,32019.18540184285,1703.5448414690327,38666.438657696,1378.4964252070058,0.03697188023327926,0.0,0.0,0.22180456668138504,False,False,
s-004,after_common_greedy_prefix,4,200,1,-37287.942232489,37287.837206345,68434.334127099,32019.18540184285,1703.5448414690327,38666.438657696,1378.4964252070058,0.03697188023327926,0.0,0.0,0.22115948796272278,False,False,
s-004,after_common_greedy_prefix,4,1000,0,-37287.942232489,37287.837206345,68434.334127099,32019.18540184285,1703.5448414690327,38666.438657696,1378.4964252070058,0.03697188023327926,0.0,0.0,1.0212225280702114,False,False,
s-004,after_common_greedy_prefix,4,1000,1,-37287.942232489,37287.837206345,68434.334127099,32019.18540184285,1703.5448414690327,38666.438657696,1378.4964252070058,0.03697188023327926,0.0,0.0,1.022424802184105,False,False,
s-004,after_common_greedy_prefix,5,200,0,-0.4810327390000566,117.991586378,117.991586378,117.991586378,1703.5448414690327,117.991586378,117.51055363899994,0.0,0.0,0.0,0.21682441979646683,False,True,
s-004,after_common_greedy_prefix,5,200,1,-0.4810327390000566,117.991586378,117.991586378,117.991586378,1703.5448414690327,117.991586378,117.51055363899994,0.0,0.0,0.0,0.21619361639022827,False,True,
s-004,after_common_greedy_prefix,5,1000,0,-0.4810327390000566,117.991586378,117.991586378,117.991586378,1703.5448414690327,117.991586378,117.51055363899994,0.0,0.0,0.0,1.0159540437161922,False,True,
s-004,after_common_greedy_prefix,5,1000,1,-0.4810327390000566,117.991586378,117.991586378,117.991586378,1703.5448414690327,117.991586378,117.51055363899994,0.0,0.0,0.0,1.0155136995017529,False,True,
s-004,after_common_greedy_prefix,6,200,0,-8321.072255701,9375.220803168,12172.398043123,6608.9030993539,1703.5448414690327,9797.165796746,1476.0935410450002,0.045006405975571165,0.0,0.0,0.21913112327456474,False,False,
s-004,after_common_greedy_prefix,6,200,1,-8321.072255701,9375.220803168,12172.398043123,6608.9030993539,1703.5448414690327,9797.165796746,1476.0935410450002,0.045006405975571165,0.0,0.0,0.2189772166311741,False,False,
s-004,after_common_greedy_prefix,6,1000,0,-8321.072255701,9375.220803168,12172.398043123,6608.9030993539,1703.5448414690327,9797.165796746,1476.0935410450002,0.045006405975571165,0.0,0.0,1.018931046128273,False,False,
s-004,after_common_greedy_prefix,6,1000,1,-8321.072255701,9375.220803168,12172.398043123,6608.9030993539,1703.5448414690327,9797.165796746,1476.0935410450002,0.045006405975571165,0.0,0.0,1.0189834088087082,False,False,
s-004,after_common_greedy_prefix,7,200,0,-38074.88123224,38074.400199501,63281.362399269,30852.5369427456,1703.5448414690327,39084.801892149,1009.920659909003,0.026537560338540694,0.0,0.0,0.21947363391518593,False,False,
s-004,after_common_greedy_prefix,7,200,1,-38074.88123224,38074.400199501,63281.362399269,30852.5369427456,1703.5448414690327,39084.801892149,1009.920659909003,0.026537560338540694,0.0,0.0,0.21930595487356186,False,False,
s-004,after_common_greedy_prefix,7,1000,0,-38074.88123224,38074.400199501,63281.362399269,30852.5369427456,1703.5448414690327,39084.801892149,1009.920659909003,0.026537560338540694,0.0,0.0,1.0189346559345722,False,False,
s-004,after_common_greedy_prefix,7,1000,1,-38074.88123224,38074.400199501,63281.362399269,30852.5369427456,1703.5448414690327,39084.801892149,1009.920659909003,0.026537560338540694,0.0,0.0,1.0202394090592861,False,False,
s-004,after_common_greedy_prefix,8,200,0,-2.294681681000384,379.22392964899996,379.22392964899996,379.22392964899996,1703.5448414690327,379.22392964899996,376.9292479679996,0.0,0.0,0.0,0.2171327881515026,False,True,
s-004,after_common_greedy_prefix,8,200,1,-2.294681681000384,379.22392964899996,379.22392964899996,379.22392964899996,1703.5448414690327,379.22392964899996,376.9292479679996,0.0,0.0,0.0,0.21691327169537544,False,True,
s-004,after_common_greedy_prefix,8,1000,0,-2.294681681000384,379.22392964899996,379.22392964899996,379.22392964899996,1703.5448414690327,379.22392964899996,376.9292479679996,0.0,0.0,0.0,1.015498373657465,False,True,
s-004,after_common_greedy_prefix,8,1000,1,-2.294681681000384,379.22392964899996,379.22392964899996,379.22392964899996,1703.5448414690327,379.22392964899996,376.9292479679996,0.0,0.0,0.0,1.0156162977218628,False,True,
s-004,after_common_greedy_prefix,9,200,0,-8611.691256188999,10315.236097658,16233.925169459,7120.127424070092,1703.5448414690327,10516.220192027,1904.5289358380014,0.0194841972075299,200.98409436896873,0.0002758775218935053,0.21906999498605728,False,False,0.21906999498605728
s-004,after_common_greedy_prefix,9,200,1,-8611.691256188999,10315.236097658,16233.925169459,7120.127424070092,1703.5448414690327,10516.220192027,1904.5289358380014,0.0194841972075299,200.98409436896873,0.0002758775218935053,0.21858762949705124,False,False,0.21858762949705124
s-004,after_common_greedy_prefix,9,1000,0,-8611.691256188999,10315.236097658,16233.925169459,7120.127424070092,1703.5448414690327,10516.220192027,1904.5289358380014,0.0194841972075299,200.98409436896873,0.0002758775218935053,1.0175551399588585,False,False,1.0175551399588585
s-004,after_common_greedy_prefix,9,1000,1,-8611.691256188999,10315.236097658,16233.925169459,7120.127424070092,1703.5448414690327,10516.220192027,1904.5289358380014,0.0194841972075299,200.98409436896873,0.0002758775218935053,1.0166221149265766,False,False,1.0166221149265766
s-004,after_common_greedy_prefix,10,200,0,-36218.471099928,37519.027705802,52401.306142911,28902.79948947815,1703.5448414690327,38731.173312227,2512.702212299002,0.03230748984034982,809.1573708299693,0.0011106765985005316,0.21823621541261673,False,False,0.21823621541261673
s-004,after_common_greedy_prefix,10,200,1,-36218.471099928,37519.027705802,52401.306142911,28902.79948947815,1703.5448414690327,38731.173312227,2512.702212299002,0.03230748984034982,809.1573708299693,0.0011106765985005316,0.21953536197543144,False,False,0.21953536197543144
s-004,after_common_greedy_prefix,10,1000,0,-36218.471099928,37519.027705802,52401.306142911,28902.79948947815,1703.5448414690327,38731.173312227,2512.702212299002,0.03230748984034982,809.1573708299693,0.0011106765985005316,1.019947700202465,False,False,1.019947700202465
s-004,after_common_greedy_prefix,10,1000,1,-36218.471099928,37519.027705802,52401.306142911,28902.79948947815,1703.5448414690327,38731.173312227,2512.702212299002,0.03230748984034982,809.1573708299693,0.0011106765985005316,1.0207600146532059,False,False,1.0207600146532059
s-004,after_common_greedy_prefix,0,50,0,-9515.755858862,9515.755858862,19894.795333162,6872.226883278073,1703.5448414690327,10174.011324379,658.2554655170006,0.06917532093932076,0.0,0.0,0.0701916366815567,False,False,
s-004,after_common_greedy_prefix,0,50,1,-9515.755858862,9515.755858862,19894.795333162,6872.226883278073,1703.5448414690327,10174.011324379,658.2554655170006,0.06917532093932076,0.0,0.0,0.07085050642490387,False,False,
s-004,after_common_greedy_prefix,1,50,0,-36221.233168601,36221.233168601,60296.946052707,30600.463737346814,1703.5448414690327,36517.120288205,295.88711960399814,0.00816888586389966,0.0,0.0,0.07192622125148773,False,False,
s-004,after_common_greedy_prefix,1,50,1,-36221.233168601,36221.233168601,60296.946052707,30600.463737346814,1703.5448414690327,36517.120288205,295.88711960399814,0.00816888586389966,0.0,0.0,0.07224325090646744,False,False,
s-004,after_common_greedy_prefix,2,50,0,-0.1050261440000213,32.753673276,32.753673276,32.753673276,1703.5448414690327,32.753673276,32.64864713199998,0.0,0.0,0.0,0.06623600050806999,False,True,
s-004,after_common_greedy_prefix,2,50,1,-0.1050261440000213,32.753673276,32.753673276,32.753673276,1703.5448414690327,32.753673276,32.64864713199998,0.0,0.0,0.0,0.06751347333192825,False,True,
s-004,after_common_greedy_prefix,3,50,0,-8871.604463221,9195.37121661,11654.428411587,6572.162807323424,1703.5448414690327,9626.227144136,754.6226809150012,0.046855740499929736,0.0,0.0,0.06867148727178574,False,False,
s-004,after_common_greedy_prefix,3,50,1,-8871.604463221,9195.37121661,11654.428411587,6572.162807323424,1703.5448414690327,9626.227144136,754.6226809150012,0.046855740499929736,0.0,0.0,0.06832844763994217,False,False,
s-004,after_common_greedy_prefix,4,50,0,-37287.942232489,37287.837206345,68434.334127099,32019.18540184285,1703.5448414690327,38666.438657696,1378.4964252070058,0.03697188023327926,0.0,0.0,0.07175615429878235,False,False,
s-004,after_common_greedy_prefix,4,50,1,-37287.942232489,37287.837206345,68434.334127099,32019.18540184285,1703.5448414690327,38666.438657696,1378.4964252070058,0.03697188023327926,0.0,0.0,0.07176936790347099,False,False,
s-004,after_common_greedy_prefix,5,50,0,-0.4810327390000566,117.991586378,117.991586378,117.991586378,1703.5448414690327,117.991586378,117.51055363899994,0.0,0.0,0.0,0.06783783435821533,False,True,
s-004,after_common_greedy_prefix,5,50,1,-0.4810327390000566,117.991586378,117.991586378,117.991586378,1703.5448414690327,117.991586378,117.51055363899994,0.0,0.0,0.0,0.06714896485209465,False,True,
s-004,after_common_greedy_prefix,6,50,0,-8321.072255701,9375.220803168,12172.398043123,6608.9030993539,1703.5448414690327,9797.165796746,1476.0935410450002,0.045006405975571165,0.0,0.0,0.06888921186327934,False,False,
s-004,after_common_greedy_prefix,6,50,1,-8321.072255701,9375.220803168,12172.398043123,6608.9030993539,1703.5448414690327,9797.165796746,1476.0935410450002,0.045006405975571165,0.0,0.0,0.06847121194005013,False,False,
s-004,after_common_greedy_prefix,7,50,0,-38074.88123224,38074.400199501,63281.362399269,30852.5369427456,1703.5448414690327,39084.801892149,1009.920659909003,0.026537560338540694,0.0,0.0,0.07069918140769005,False,False,
s-004,after_common_greedy_prefix,7,50,1,-38074.88123224,38074.400199501,63281.362399269,30852.5369427456,1703.5448414690327,39084.801892149,1009.920659909003,0.026537560338540694,0.0,0.0,0.0710834264755249,False,False,
s-004,after_common_greedy_prefix,8,50,0,-2.294681681000384,379.22392964899996,379.22392964899996,379.22392964899996,1703.5448414690327,379.22392964899996,376.9292479679996,0.0,0.0,0.0,0.06747978180646896,False,True,
s-004,after_common_greedy_prefix,8,50,1,-2.294681681000384,379.22392964899996,379.22392964899996,379.22392964899996,1703.5448414690327,379.22392964899996,376.9292479679996,0.0,0.0,0.0,0.06746901199221611,False,True,
s-004,after_common_greedy_prefix,9,50,0,-8611.691256188999,10315.236097658,16233.925169459,7120.127424070092,1703.5448414690327,10516.220192027,1904.5289358380014,0.0194841972075299,200.98409436896873,0.0002758775218935053,0.070284154266119,False,False,0.070284154266119
s-004,after_common_greedy_prefix,9,50,1,-8611.691256188999,10315.236097658,16233.925169459,7120.127424070092,1703.5448414690327,10516.220192027,1904.5289358380014,0.0194841972075299,200.98409436896873,0.0002758775218935053,0.06910080462694168,False,False,0.06910080462694168
s-004,after_common_greedy_prefix,10,50,0,-36218.471099928,37519.027705802,52401.306142911,28902.79948947815,1703.5448414690327,38731.173312227,2512.702212299002,0.03230748984034982,809.1573708299693,0.0011106765985005316,0.07090802863240242,False,False,0.07090802863240242
s-004,after_common_greedy_prefix,10,50,1,-36218.471099928,37519.027705802,52401.306142911,28902.79948947815,1703.5448414690327,38731.173312227,2512.702212299002,0.03230748984034982,809.1573708299693,0.0011106765985005316,0.07120871543884277,False,False,0.07120871543884277
s-004,after_common_greedy_prefix,0,10,0,-9515.755858862,9515.755858862,19894.795333162,6872.226883278073,1703.5448414690327,10174.011324379,658.2554655170006,0.06917532093932076,0.0,0.0,0.033657677471637726,False,False,
s-004,after_common_greedy_prefix,0,10,1,-9515.755858862,9515.755858862,19894.795333162,6872.226883278073,1703.5448414690327,10174.011324379,658.2554655170006,0.06917532093932076,0.0,0.0,0.031827036291360855,False,False,
s-004,after_common_greedy_prefix,1,10,0,-36221.233168601,36221.233168601,60296.946052707,30600.463737346814,1703.5448414690327,36517.120288205,295.88711960399814,0.00816888586389966,0.0,0.0,0.03191976994276047,False,False,
s-004,after_common_greedy_prefix,1,10,1,-36221.233168601,36221.233168601,60296.946052707,30600.463737346814,1703.5448414690327,36517.120288205,295.88711960399814,0.00816888586389966,0.0,0.0,0.03244279697537422,False,False,
s-004,after_common_greedy_prefix,2,10,0,-0.1050261440000213,32.753673276,32.753673276,32.753673276,1703.5448414690327,32.753673276,32.64864713199998,0.0,0.0,0.0,0.028026003390550613,False,True,
s-004,after_common_greedy_prefix,2,10,1,-0.1050261440000213,32.753673276,32.753673276,32.753673276,1703.5448414690327,32.753673276,32.64864713199998,0.0,0.0,0.0,0.02711690589785576,False,True,
s-004,after_common_greedy_prefix,3,10,0,-8871.604463221,9195.37121661,11654.428411587,6572.162807323424,1703.5448414690327,9626.227144136,754.6226809150012,0.046855740499929736,0.0,0.0,0.02963358163833618,False,False,
s-004,after_common_greedy_prefix,3,10,1,-8871.604463221,9195.37121661,11654.428411587,6572.162807323424,1703.5448414690327,9626.227144136,754.6226809150012,0.046855740499929736,0.0,0.0,0.02881806343793869,False,False,
s-004,after_common_greedy_prefix,4,10,0,-37287.942232489,37287.837206345,68434.334127099,32019.18540184285,1703.5448414690327,38666.438657696,1378.4964252070058,0.03697188023327926,0.0,0.0,0.0315869003534317,False,False,
s-004,after_common_greedy_prefix,4,10,1,-37287.942232489,37287.837206345,68434.334127099,32019.18540184285,1703.5448414690327,38666.438657696,1378.4964252070058,0.03697188023327926,0.0,0.0,0.0316462405025959,False,False,
s-004,after_common_greedy_prefix,5,10,0,-0.4810327390000566,117.991586378,117.991586378,117.991586378,1703.5448414690327,117.991586378,117.51055363899994,0.0,0.0,0.0,0.028780244290828705,False,True,
s-004,after_common_greedy_prefix,5,10,1,-0.4810327390000566,117.991586378,117.991586378,117.991586378,1703.5448414690327,117.991586378,117.51055363899994,0.0,0.0,0.0,0.027243714779615402,False,True,
s-004,after_common_greedy_prefix,6,10,0,-8321.072255701,9375.220803168,12172.398043123,6608.9030993539,1703.5448414690327,9797.165796746,1476.0935410450002,0.045006405975571165,0.0,0.0,0.030435193330049515,False,False,
s-004,after_common_greedy_prefix,6,10,1,-8321.072255701,9375.220803168,12172.398043123,6608.9030993539,1703.5448414690327,9797.165796746,1476.0935410450002,0.045006405975571165,0.0,0.0,0.03034072369337082,False,False,
s-004,after_common_greedy_prefix,7,10,0,-38074.88123224,38074.400199501,63281.362399269,30852.5369427456,1703.5448414690327,39084.801892149,1009.920659909003,0.026537560338540694,0.0,0.0,0.03283173590898514,False,False,
s-004,after_common_greedy_prefix,7,10,1,-38074.88123224,38074.400199501,63281.362399269,30852.5369427456,1703.5448414690327,39084.801892149,1009.920659909003,0.026537560338540694,0.0,0.0,0.030842281877994537,False,False,
s-004,after_common_greedy_prefix,8,10,0,-2.294681681000384,379.22392964899996,379.22392964899996,379.22392964899996,1703.5448414690327,379.22392964899996,376.9292479679996,0.0,0.0,0.0,0.028123266994953156,False,True,
s-004,after_common_greedy_prefix,8,10,1,-2.294681681000384,379.22392964899996,379.22392964899996,379.22392964899996,1703.5448414690327,379.22392964899996,376.9292479679996,0.0,0.0,0.0,0.02787930518388748,False,True,
s-004,after_common_greedy_prefix,9,10,0,-8611.691256188999,10315.236097658,16233.925169459,7120.127424070092,1703.5448414690327,10516.220192027,1904.5289358380014,0.0194841972075299,200.98409436896873,0.0002758775218935053,0.03136875480413437,False,False,0.03136875480413437
s-004,after_common_greedy_prefix,9,10,1,-8611.691256188999,10315.236097658,16233.925169459,7120.127424070092,1703.5448414690327,10516.220192027,1904.5289358380014,0.0194841972075299,200.98409436896873,0.0002758775218935053,0.03096160665154457,False,False,0.03096160665154457
s-004,after_common_greedy_prefix,10,10,0,-36218.471099928,37519.027705802,52401.306142911,28902.79948947815,1703.5448414690327,38731.173312227,2512.702212299002,0.03230748984034982,809.1573708299693,0.0011106765985005316,0.031307972967624664,False,False,0.031307972967624664
s-004,after_common_greedy_prefix,10,10,1,-36218.471099928,37519.027705802,52401.306142911,28902.79948947815,1703.5448414690327,38731.173312227,2512.702212299002,0.03230748984034982,809.1573708299693,0.0011106765985005316,0.032366733998060226,False,False,0.032366733998060226
s-005,after_one_actual_history_call,0,200,0,-9515.755858862,9515.755858862,19894.795333162,6872.226883278073,1703.5448414690327,10174.011324379,658.2554655170006,0.06917532093932076,0.0,0.0,0.21954688429832458,False,False,
s-005,after_one_actual_history_call,0,200,1,-9515.755858862,9515.755858862,19894.795333162,6872.226883278073,1703.5448414690327,10174.011324379,658.2554655170006,0.06917532093932076,0.0,0.0,0.21945851668715477,False,False,
s-005,after_one_actual_history_call,0,1000,0,-9515.755858862,9515.755858862,19894.795333162,6872.226883278073,1703.5448414690327,10174.011324379,658.2554655170006,0.06917532093932076,0.0,0.0,1.0191558822989464,False,False,
s-005,after_one_actual_history_call,0,1000,1,-9515.755858862,9515.755858862,19894.795333162,6872.226883278073,1703.5448414690327,10174.011324379,658.2554655170006,0.06917532093932076,0.0,0.0,1.0197942815721035,False,False,
s-005,after_one_actual_history_call,1,200,0,-36221.233168601,36221.233168601,60296.946052707,30600.463737346814,1703.5448414690327,36517.120288205,295.88711960399814,0.00816888586389966,0.0,0.0,0.22020582482218742,False,False,
s-005,after_one_actual_history_call,1,200,1,-36221.233168601,36221.233168601,60296.946052707,30600.463737346814,1703.5448414690327,36517.120288205,295.88711960399814,0.00816888586389966,0.0,0.0,0.22290123999118805,False,False,
s-005,after_one_actual_history_call,1,1000,0,-36221.233168601,36221.233168601,60296.946052707,30600.463737346814,1703.5448414690327,36517.120288205,295.88711960399814,0.00816888586389966,0.0,0.0,1.0222524665296078,False,False,
s-005,after_one_actual_history_call,1,1000,1,-36221.233168601,36221.233168601,60296.946052707,30600.463737346814,1703.5448414690327,36517.120288205,295.88711960399814,0.00816888586389966,0.0,0.0,1.0219621695578098,False,False,
s-005,after_one_actual_history_call,2,200,0,-0.1050261440000213,32.753673276,32.753673276,32.753673276,1703.5448414690327,32.753673276,32.64864713199998,0.0,0.0,0.0,0.0028992146253585815,False,True,
s-005,after_one_actual_history_call,2,200,1,-0.1050261440000213,32.753673276,32.753673276,32.753673276,1703.5448414690327,32.753673276,32.64864713199998,0.0,0.0,0.0,0.002696387469768524,False,True,
s-005,after_one_actual_history_call,2,1000,0,-0.1050261440000213,32.753673276,32.753673276,32.753673276,1703.5448414690327,32.753673276,32.64864713199998,0.0,0.0,0.0,1.016882199794054,False,True,
s-005,after_one_actual_history_call,2,1000,1,-0.1050261440000213,32.753673276,32.753673276,32.753673276,1703.5448414690327,32.753673276,32.64864713199998,0.0,0.0,0.0,1.0179179534316063,False,True,
s-005,after_one_actual_history_call,3,200,0,-8871.604463221,9195.37121661,11654.428411587,6572.162807323424,1703.5448414690327,9626.227144136,754.6226809150012,0.046855740499929736,0.0,0.0,0.21958214044570923,False,False,
s-005,after_one_actual_history_call,3,200,1,-8871.604463221,9195.37121661,11654.428411587,6572.162807323424,1703.5448414690327,9626.227144136,754.6226809150012,0.046855740499929736,0.0,0.0,0.21829914301633835,False,False,
s-005,after_one_actual_history_call,3,1000,0,-8871.604463221,9195.37121661,11654.428411587,6572.162807323424,1703.5448414690327,9626.227144136,754.6226809150012,0.046855740499929736,0.0,0.0,1.0200811214745045,False,False,
s-005,after_one_actual_history_call,3,1000,1,-8871.604463221,9195.37121661,11654.428411587,6572.162807323424,1703.5448414690327,9626.227144136,754.6226809150012,0.046855740499929736,0.0,0.0,1.0189300179481506,False,False,
s-005,after_one_actual_history_call,4,200,0,-37287.942232489,37287.837206345,68434.334127099,32019.18540184285,1703.5448414690327,38666.438657696,1378.4964252070058,0.03697188023327926,0.0,0.0,0.22085772827267647,False,False,
s-005,after_one_actual_history_call,4,200,1,-37287.942232489,37287.837206345,68434.334127099,32019.18540184285,1703.5448414690327,38666.438657696,1378.4964252070058,0.03697188023327926,0.0,0.0,0.21979672089219093,False,False,
s-005,after_one_actual_history_call,4,1000,0,-37287.942232489,37287.837206345,68434.334127099,32019.18540184285,1703.5448414690327,38666.438657696,1378.4964252070058,0.03697188023327926,0.0,0.0,1.0215697288513184,False,False,
s-005,after_one_actual_history_call,4,1000,1,-37287.942232489,37287.837206345,68434.334127099,32019.18540184285,1703.5448414690327,38666.438657696,1378.4964252070058,0.03697188023327926,0.0,0.0,1.0219704024493694,False,False,
s-005,after_one_actual_history_call,5,200,0,-0.4810327390000566,117.991586378,117.991586378,117.991586378,1703.5448414690327,117.991586378,117.51055363899994,0.0,0.0,0.0,0.219327874481678,False,True,
s-005,after_one_actual_history_call,5,200,1,-0.4810327390000566,117.991586378,117.991586378,117.991586378,1703.5448414690327,117.991586378,117.51055363899994,0.0,0.0,0.0,0.22032158449292183,False,True,
s-005,after_one_actual_history_call,5,1000,0,-0.4810327390000566,117.991586378,117.991586378,117.991586378,1703.5448414690327,117.991586378,117.51055363899994,0.0,0.0,0.0,1.0168027728796005,False,True,
s-005,after_one_actual_history_call,5,1000,1,-0.4810327390000566,117.991586378,117.991586378,117.991586378,1703.5448414690327,117.991586378,117.51055363899994,0.0,0.0,0.0,1.0164951719343662,False,True,
s-005,after_one_actual_history_call,6,200,0,-8321.072255701,9375.220803168,12172.398043123,6608.9030993539,1703.5448414690327,9797.165796746,1476.0935410450002,0.045006405975571165,0.0,0.0,0.21897795796394348,False,False,
s-005,after_one_actual_history_call,6,200,1,-8321.072255701,9375.220803168,12172.398043123,6608.9030993539,1703.5448414690327,9797.165796746,1476.0935410450002,0.045006405975571165,0.0,0.0,0.2206549569964409,False,False,
s-005,after_one_actual_history_call,6,1000,0,-8321.072255701,9375.220803168,12172.398043123,6608.9030993539,1703.5448414690327,9797.165796746,1476.0935410450002,0.045006405975571165,0.0,0.0,1.0198193453252316,False,False,
s-005,after_one_actual_history_call,6,1000,1,-8321.072255701,9375.220803168,12172.398043123,6608.9030993539,1703.5448414690327,9797.165796746,1476.0935410450002,0.045006405975571165,0.0,0.0,1.0196951143443584,False,False,
s-005,after_one_actual_history_call,7,200,0,-38074.88123224,38074.400199501,63281.362399269,30852.5369427456,1703.5448414690327,39084.801892149,1009.920659909003,0.026537560338540694,0.0,0.0,0.22531148046255112,False,False,
s-005,after_one_actual_history_call,7,200,1,-38074.88123224,38074.400199501,63281.362399269,30852.5369427456,1703.5448414690327,39084.801892149,1009.920659909003,0.026537560338540694,0.0,0.0,0.22089796885848045,False,False,
s-005,after_one_actual_history_call,7,1000,0,-38074.88123224,38074.400199501,63281.362399269,30852.5369427456,1703.5448414690327,39084.801892149,1009.920659909003,0.026537560338540694,0.0,0.0,1.0199058651924133,False,False,
s-005,after_one_actual_history_call,7,1000,1,-38074.88123224,38074.400199501,63281.362399269,30852.5369427456,1703.5448414690327,39084.801892149,1009.920659909003,0.026537560338540694,0.0,0.0,1.0196624137461185,False,False,
s-005,after_one_actual_history_call,8,200,0,-2.294681681000384,379.22392964899996,379.22392964899996,379.22392964899996,1703.5448414690327,379.22392964899996,376.9292479679996,0.0,0.0,0.0,0.2150113545358181,False,True,
s-005,after_one_actual_history_call,8,200,1,-2.294681681000384,379.22392964899996,379.22392964899996,379.22392964899996,1703.5448414690327,379.22392964899996,376.9292479679996,0.0,0.0,0.0,0.21639763191342354,False,True,
s-005,after_one_actual_history_call,8,1000,0,-2.294681681000384,379.22392964899996,379.22392964899996,379.22392964899996,1703.5448414690327,379.22392964899996,376.9292479679996,0.0,0.0,0.0,1.0163808725774288,False,True,
s-005,after_one_actual_history_call,8,1000,1,-2.294681681000384,379.22392964899996,379.22392964899996,379.22392964899996,1703.5448414690327,379.22392964899996,376.9292479679996,0.0,0.0,0.0,1.015982698649168,False,True,
s-005,after_one_actual_history_call,9,200,0,-8611.691256188999,10315.236097658,16233.925169459,7120.127424070092,1703.5448414690327,10516.220192027,1904.5289358380014,0.0194841972075299,200.98409436896873,0.0002758775218935053,0.2188197299838066,False,False,0.2188197299838066
s-005,after_one_actual_history_call,9,200,1,-8611.691256188999,10315.236097658,16233.925169459,7120.127424070092,1703.5448414690327,10516.220192027,1904.5289358380014,0.0194841972075299,200.98409436896873,0.0002758775218935053,0.21930911391973495,False,False,0.21930911391973495
s-005,after_one_actual_history_call,9,1000,0,-8611.691256188999,10315.236097658,16233.925169459,7120.127424070092,1703.5448414690327,10516.220192027,1904.5289358380014,0.0194841972075299,200.98409436896873,0.0002758775218935053,1.0190270021557808,False,False,1.0190270021557808
s-005,after_one_actual_history_call,9,1000,1,-8611.691256188999,10315.236097658,16233.925169459,7120.127424070092,1703.5448414690327,10516.220192027,1904.5289358380014,0.0194841972075299,200.98409436896873,0.0002758775218935053,1.0201854966580868,False,False,1.0201854966580868
s-005,after_one_actual_history_call,10,200,0,-36218.471099928,37519.027705802,52401.306142911,28902.79948947815,1703.5448414690327,38731.173312227,2512.702212299002,0.03230748984034982,809.1573708299693,0.0011106765985005316,0.2201383262872696,False,False,0.2201383262872696
s-005,after_one_actual_history_call,10,200,1,-36218.471099928,37519.027705802,52401.306142911,28902.79948947815,1703.5448414690327,38731.173312227,2512.702212299002,0.03230748984034982,809.1573708299693,0.0011106765985005316,0.22070665657520294,False,False,0.22070665657520294
s-005,after_one_actual_history_call,10,1000,0,-36218.471099928,37519.027705802,52401.306142911,28902.79948947815,1703.5448414690327,38731.173312227,2512.702212299002,0.03230748984034982,809.1573708299693,0.0011106765985005316,1.0220726914703846,False,False,1.0220726914703846
s-005,after_one_actual_history_call,10,1000,1,-36218.471099928,37519.027705802,52401.306142911,28902.79948947815,1703.5448414690327,38731.173312227,2512.702212299002,0.03230748984034982,809.1573708299693,0.0011106765985005316,1.0214518681168556,False,False,1.0214518681168556
s-005,after_one_actual_history_call,0,50,0,-9515.755858862,9515.755858862,19894.795333162,6872.226883278073,1703.5448414690327,10174.011324379,658.2554655170006,0.06917532093932076,0.0,0.0,0.07047044485807419,False,False,
s-005,after_one_actual_history_call,0,50,1,-9515.755858862,9515.755858862,19894.795333162,6872.226883278073,1703.5448414690327,10174.011324379,658.2554655170006,0.06917532093932076,0.0,0.0,0.07066551223397255,False,False,
s-005,after_one_actual_history_call,1,50,0,-36221.233168601,36221.233168601,60296.946052707,30600.463737346814,1703.5448414690327,36517.120288205,295.88711960399814,0.00816888586389966,0.0,0.0,0.07125722244381905,False,False,
s-005,after_one_actual_history_call,1,50,1,-36221.233168601,36221.233168601,60296.946052707,30600.463737346814,1703.5448414690327,36517.120288205,295.88711960399814,0.00816888586389966,0.0,0.0,0.07215852662920952,False,False,
s-005,after_one_actual_history_call,2,50,0,-0.1050261440000213,32.753673276,32.753673276,32.753673276,1703.5448414690327,32.753673276,32.64864713199998,0.0,0.0,0.0,0.0670768991112709,False,True,
s-005,after_one_actual_history_call,2,50,1,-0.1050261440000213,32.753673276,32.753673276,32.753673276,1703.5448414690327,32.753673276,32.64864713199998,0.0,0.0,0.0,0.06689698621630669,False,True,
s-005,after_one_actual_history_call,3,50,0,-8871.604463221,9195.37121661,11654.428411587,6572.162807323424,1703.5448414690327,9626.227144136,754.6226809150012,0.046855740499929736,0.0,0.0,0.06828024983406067,False,False,
s-005,after_one_actual_history_call,3,50,1,-8871.604463221,9195.37121661,11654.428411587,6572.162807323424,1703.5448414690327,9626.227144136,754.6226809150012,0.046855740499929736,0.0,0.0,0.06941522285342216,False,False,
s-005,after_one_actual_history_call,4,50,0,-37287.942232489,37287.837206345,68434.334127099,32019.18540184285,1703.5448414690327,38666.438657696,1378.4964252070058,0.03697188023327926,0.0,0.0,0.07347654923796654,False,False,
s-005,after_one_actual_history_call,4,50,1,-37287.942232489,37287.837206345,68434.334127099,32019.18540184285,1703.5448414690327,38666.438657696,1378.4964252070058,0.03697188023327926,0.0,0.0,0.07143587246537209,False,False,
s-005,after_one_actual_history_call,5,50,0,-0.4810327390000566,117.991586378,117.991586378,117.991586378,1703.5448414690327,117.991586378,117.51055363899994,0.0,0.0,0.0,0.06698339059948921,False,True,
s-005,after_one_actual_history_call,5,50,1,-0.4810327390000566,117.991586378,117.991586378,117.991586378,1703.5448414690327,117.991586378,117.51055363899994,0.0,0.0,0.0,0.0664726011455059,False,True,
s-005,after_one_actual_history_call,6,50,0,-8321.072255701,9375.220803168,12172.398043123,6608.9030993539,1703.5448414690327,9797.165796746,1476.0935410450002,0.045006405975571165,0.0,0.0,0.06860391795635223,False,False,
s-005,after_one_actual_history_call,6,50,1,-8321.072255701,9375.220803168,12172.398043123,6608.9030993539,1703.5448414690327,9797.165796746,1476.0935410450002,0.045006405975571165,0.0,0.0,0.0710667185485363,False,False,
s-005,after_one_actual_history_call,7,50,0,-38074.88123224,38074.400199501,63281.362399269,30852.5369427456,1703.5448414690327,39084.801892149,1009.920659909003,0.026537560338540694,0.0,0.0,0.07215474918484688,False,False,
s-005,after_one_actual_history_call,7,50,1,-38074.88123224,38074.400199501,63281.362399269,30852.5369427456,1703.5448414690327,39084.801892149,1009.920659909003,0.026537560338540694,0.0,0.0,0.07131758332252502,False,False,
s-005,after_one_actual_history_call,8,50,0,-2.294681681000384,379.22392964899996,379.22392964899996,379.22392964899996,1703.5448414690327,379.22392964899996,376.9292479679996,0.0,0.0,0.0,0.06654668599367142,False,True,
s-005,after_one_actual_history_call,8,50,1,-2.294681681000384,379.22392964899996,379.22392964899996,379.22392964899996,1703.5448414690327,379.22392964899996,376.9292479679996,0.0,0.0,0.0,0.06733197718858719,False,True,
s-005,after_one_actual_history_call,9,50,0,-8611.691256188999,10315.236097658,16233.925169459,7120.127424070092,1703.5448414690327,10516.220192027,1904.5289358380014,0.0194841972075299,200.98409436896873,0.0002758775218935053,0.0705970749258995,False,False,0.0705970749258995
s-005,after_one_actual_history_call,9,50,1,-8611.691256188999,10315.236097658,16233.925169459,7120.127424070092,1703.5448414690327,10516.220192027,1904.5289358380014,0.0194841972075299,200.98409436896873,0.0002758775218935053,0.06887034326791763,False,False,0.06887034326791763
s-005,after_one_actual_history_call,10,50,0,-36218.471099928,37519.027705802,52401.306142911,28902.79948947815,1703.5448414690327,38731.173312227,2512.702212299002,0.03230748984034982,809.1573708299693,0.0011106765985005316,0.0718756727874279,False,False,0.0718756727874279
s-005,after_one_actual_history_call,10,50,1,-36218.471099928,37519.027705802,52401.306142911,28902.79948947815,1703.5448414690327,38731.173312227,2512.702212299002,0.03230748984034982,809.1573708299693,0.0011106765985005316,0.07150707766413689,False,False,0.07150707766413689
s-005,after_one_actual_history_call,0,10,0,-9515.755858862,9515.755858862,19894.795333162,6872.226883278073,1703.5448414690327,10174.011324379,658.2554655170006,0.06917532093932076,0.0,0.0,0.03293529152870178,False,False,
s-005,after_one_actual_history_call,0,10,1,-9515.755858862,9515.755858862,19894.795333162,6872.226883278073,1703.5448414690327,10174.011324379,658.2554655170006,0.06917532093932076,0.0,0.0,0.03168107196688652,False,False,
s-005,after_one_actual_history_call,1,10,0,-36221.233168601,36221.233168601,60296.946052707,30600.463737346814,1703.5448414690327,36517.120288205,295.88711960399814,0.00816888586389966,0.0,0.0,0.03164484724402428,False,False,
s-005,after_one_actual_history_call,1,10,1,-36221.233168601,36221.233168601,60296.946052707,30600.463737346814,1703.5448414690327,36517.120288205,295.88711960399814,0.00816888586389966,0.0,0.0,0.031462084501981735,False,False,
s-005,after_one_actual_history_call,2,10,0,-0.1050261440000213,32.753673276,32.753673276,32.753673276,1703.5448414690327,32.753673276,32.64864713199998,0.0,0.0,0.0,0.027186479419469833,False,True,
s-005,after_one_actual_history_call,2,10,1,-0.1050261440000213,32.753673276,32.753673276,32.753673276,1703.5448414690327,32.753673276,32.64864713199998,0.0,0.0,0.0,0.027629893273115158,False,True,
s-005,after_one_actual_history_call,3,10,0,-8871.604463221,9195.37121661,11654.428411587,6572.162807323424,1703.5448414690327,9626.227144136,754.6226809150012,0.046855740499929736,0.0,0.0,0.031290702521800995,False,False,
s-005,after_one_actual_history_call,3,10,1,-8871.604463221,9195.37121661,11654.428411587,6572.162807323424,1703.5448414690327,9626.227144136,754.6226809150012,0.046855740499929736,0.0,0.0,0.03126430884003639,False,False,
s-005,after_one_actual_history_call,4,10,0,-37287.942232489,37287.837206345,68434.334127099,32019.18540184285,1703.5448414690327,38666.438657696,1378.4964252070058,0.03697188023327926,0.0,0.0,0.033208392560482025,False,False,
s-005,after_one_actual_history_call,4,10,1,-37287.942232489,37287.837206345,68434.334127099,32019.18540184285,1703.5448414690327,38666.438657696,1378.4964252070058,0.03697188023327926,0.0,0.0,0.031683411449193954,False,False,
s-005,after_one_actual_history_call,5,10,0,-0.4810327390000566,117.991586378,117.991586378,117.991586378,1703.5448414690327,117.991586378,117.51055363899994,0.0,0.0,0.0,0.027637269347906113,False,True,
s-005,after_one_actual_history_call,5,10,1,-0.4810327390000566,117.991586378,117.991586378,117.991586378,1703.5448414690327,117.991586378,117.51055363899994,0.0,0.0,0.0,0.026935607194900513,False,True,
s-005,after_one_actual_history_call,6,10,0,-8321.072255701,9375.220803168,12172.398043123,6608.9030993539,1703.5448414690327,9797.165796746,1476.0935410450002,0.045006405975571165,0.0,0.0,0.030032366514205933,False,False,
s-005,after_one_actual_history_call,6,10,1,-8321.072255701,9375.220803168,12172.398043123,6608.9030993539,1703.5448414690327,9797.165796746,1476.0935410450002,0.045006405975571165,0.0,0.0,0.02973642572760582,False,False,
s-005,after_one_actual_history_call,7,10,0,-38074.88123224,38074.400199501,63281.362399269,30852.5369427456,1703.5448414690327,39084.801892149,1009.920659909003,0.026537560338540694,0.0,0.0,0.03272901475429535,False,False,
s-005,after_one_actual_history_call,7,10,1,-38074.88123224,38074.400199501,63281.362399269,30852.5369427456,1703.5448414690327,39084.801892149,1009.920659909003,0.026537560338540694,0.0,0.0,0.031494855880737305,False,False,
s-005,after_one_actual_history_call,8,10,0,-2.294681681000384,379.22392964899996,379.22392964899996,379.22392964899996,1703.5448414690327,379.22392964899996,376.9292479679996,0.0,0.0,0.0,0.02794872596859932,False,True,
s-005,after_one_actual_history_call,8,10,1,-2.294681681000384,379.22392964899996,379.22392964899996,379.22392964899996,1703.5448414690327,379.22392964899996,376.9292479679996,0.0,0.0,0.0,0.028507936745882034,False,True,
s-005,after_one_actual_history_call,9,10,0,-8611.691256188999,10315.236097658,16233.925169459,7120.127424070092,1703.5448414690327,10516.220192027,1904.5289358380014,0.0194841972075299,200.98409436896873,0.0002758775218935053,0.03125527873635292,False,False,0.03125527873635292
s-005,after_one_actual_history_call,9,10,1,-8611.691256188999,10315.236097658,16233.925169459,7120.127424070092,1703.5448414690327,10516.220192027,1904.5289358380014,0.0194841972075299,200.98409436896873,0.0002758775218935053,0.030957013368606567,False,False,0.030957013368606567
s-005,after_one_actual_history_call,10,10,0,-36218.471099928,37519.027705802,52401.306142911,28902.79948947815,1703.5448414690327,38731.173312227,2512.702212299002,0.03230748984034982,809.1573708299693,0.0011106765985005316,0.03213906288146973,False,False,0.03213906288146973
s-005,after_one_actual_history_call,10,10,1,-36218.471099928,37519.027705802,52401.306142911,28902.79948947815,1703.5448414690327,38731.173312227,2512.702212299002,0.03230748984034982,809.1573708299693,0.0011106765985005316,0.0323188416659832,False,False,0.0323188416659832
s-006,after_common_greedy_prefix,0,200,0,-9881.394210871,10049.002661368,17987.643935471,7114.981800572606,1736.6626824130071,10157.029394706,275.63518383500013,0.010749995494905537,0.0,0.0,0.21866272762417793,False,False,
s-006,after_common_greedy_prefix,0,200,1,-9881.394210871,10049.002661368,17987.643935471,7114.981800572606,1736.6626824130071,10157.029394706,275.63518383500013,0.010749995494905537,0.0,0.0,0.21849969401955605,False,False,
s-006,after_common_greedy_prefix,0,1000,0,-9881.394210871,10049.002661368,17987.643935471,7114.981800572606,1736.6626824130071,10157.029394706,275.63518383500013,0.010749995494905537,0.0,0.0,1.0196685642004013,False,False,
s-006,after_common_greedy_prefix,0,1000,1,-9881.394210871,10049.002661368,17987.643935471,7114.981800572606,1736.6626824130071,10157.029394706,275.63518383500013,0.010749995494905537,0.0,0.0,1.0207808390259743,False,False,
s-006,after_common_greedy_prefix,1,200,0,-35437.444035068,35437.444035068,58664.797037444,31067.388652668786,1736.6626824130071,35611.477370271,174.0333352029993,0.004911001341710206,0.0,0.0,0.22042081132531166,False,False,
s-006,after_common_greedy_prefix,1,200,1,-35437.444035068,35437.444035068,58664.797037444,31067.388652668786,1736.6626824130071,35611.477370271,174.0333352029993,0.004911001341710206,0.0,0.0,0.22059063240885735,False,False,
s-006,after_common_greedy_prefix,1,1000,0,-35437.444035068,35437.444035068,58664.797037444,31067.388652668786,1736.6626824130071,35611.477370271,174.0333352029993,0.004911001341710206,0.0,0.0,1.0213123857975006,False,False,
s-006,after_common_greedy_prefix,1,1000,1,-35437.444035068,35437.444035068,58664.797037444,31067.388652668786,1736.6626824130071,35611.477370271,174.0333352029993,0.004911001341710206,0.0,0.0,1.0196349658071995,False,False,
s-006,after_common_greedy_prefix,2,200,0,-0.1050261440000213,32.753673276,32.753673276,32.753673276,1736.6626824130071,32.753673276,32.64864713199998,0.0,0.0,0.0,0.2151971347630024,False,True,
s-006,after_common_greedy_prefix,2,200,1,-0.1050261440000213,32.753673276,32.753673276,32.753673276,1736.6626824130071,32.753673276,32.64864713199998,0.0,0.0,0.0,0.2163584753870964,False,True,
s-006,after_common_greedy_prefix,2,1000,0,-0.1050261440000213,32.753673276,32.753673276,32.753673276,1736.6626824130071,32.753673276,32.64864713199998,0.0,0.0,0.0,1.0157200284302235,False,True,
s-006,after_common_greedy_prefix,2,1000,1,-0.1050261440000213,32.753673276,32.753673276,32.753673276,1736.6626824130071,32.753673276,32.64864713199998,0.0,0.0,0.0,1.0146357454359531,False,True,
s-006,after_common_greedy_prefix,3,200,0,-8715.332911746,9039.099665135,10807.723870738,6315.081763975886,1736.6626824130071,9469.955592661,754.6226809149994,0.04766580118458785,0.0,0.0,0.21709994971752167,False,False,
s-006,after_common_greedy_prefix,3,200,1,-8715.332911746,9039.099665135,10807.723870738,6315.081763975886,1736.6626824130071,9469.955592661,754.6226809149994,0.04766580118458785,0.0,0.0,0.21873271092772484,False,False,
s-006,after_common_greedy_prefix,3,1000,0,-8715.332911746,9039.099665135,10807.723870738,6315.081763975886,1736.6626824130071,9469.955592661,754.6226809149994,0.04766580118458785,0.0,0.0,1.0177982337772846,False,False,
s-006,after_common_greedy_prefix,3,1000,1,-8715.332911746,9039.099665135,10807.723870738,6315.081763975886,1736.6626824130071,9469.955592661,754.6226809149994,0.04766580118458785,0.0,0.0,1.0180690214037895,False,False,
s-006,after_common_greedy_prefix,4,200,0,-37212.130090326,37212.025064182,65828.320230769,31756.75575681535,1736.6626824130071,38707.942800816,1495.812710490005,0.040199847604474474,0.0,0.0,0.21889759972691536,False,False,
s-006,after_common_greedy_prefix,4,200,1,-37212.130090326,37212.025064182,65828.320230769,31756.75575681535,1736.6626824130071,38707.942800816,1495.812710490005,0.040199847604474474,0.0,0.0,0.2186826467514038,False,False,
s-006,after_common_greedy_prefix,4,1000,0,-37212.130090326,37212.025064182,65828.320230769,31756.75575681535,1736.6626824130071,38707.942800816,1495.812710490005,0.040199847604474474,0.0,0.0,1.0193892233073711,False,False,
s-006,after_common_greedy_prefix,4,1000,1,-37212.130090326,37212.025064182,65828.320230769,31756.75575681535,1736.6626824130071,38707.942800816,1495.812710490005,0.040199847604474474,0.0,0.0,1.0214717723429203,False,False,
s-006,after_common_greedy_prefix,5,200,0,-0.4810327390000566,117.991586378,117.991586378,117.991586378,1736.6626824130071,117.991586378,117.51055363899994,0.0,0.0,0.0,0.21590305119752884,False,True,
s-006,after_common_greedy_prefix,5,200,1,-0.4810327390000566,117.991586378,117.991586378,117.991586378,1736.6626824130071,117.991586378,117.51055363899994,0.0,0.0,0.0,0.2147984392940998,False,True,
s-006,after_common_greedy_prefix,5,1000,0,-0.4810327390000566,117.991586378,117.991586378,117.991586378,1736.6626824130071,117.991586378,117.51055363899994,0.0,0.0,0.0,1.0145374797284603,False,True,
s-006,after_common_greedy_prefix,5,1000,1,-0.4810327390000566,117.991586378,117.991586378,117.991586378,1736.6626824130071,117.991586378,117.51055363899994,0.0,0.0,0.0,1.0149282664060593,False,True,
s-006,after_common_greedy_prefix,6,200,0,-8454.619961797,9382.361289925,11672.089316483,6803.697239821965,1736.6626824130071,9807.91642554,1353.2964637429995,0.04535693334171326,0.0,0.0,0.21889392659068108,False,False,
s-006,after_common_greedy_prefix,6,200,1,-8454.619961797,9382.361289925,11672.089316483,6803.697239821965,1736.6626824130071,9807.91642554,1353.2964637429995,0.04535693334171326,0.0,0.0,0.21830807626247406,False,False,
s-006,after_common_greedy_prefix,6,1000,0,-8454.619961797,9382.361289925,11672.089316483,6803.697239821965,1736.6626824130071,9807.91642554,1353.2964637429995,0.04535693334171326,0.0,0.0,1.0182229466736317,False,False,
s-006,after_common_greedy_prefix,6,1000,1,-8454.619961797,9382.361289925,11672.089316483,6803.697239821965,1736.6626824130071,9807.91642554,1353.2964637429995,0.04535693334171326,0.0,0.0,1.018525704741478,False,False,
s-006,after_common_greedy_prefix,7,200,0,-38105.118500087,38104.637467348,63691.114747406,30501.086604661927,1736.6626824130071,39047.194216668,942.0757165809991,0.02473601146652241,0.0,0.0,0.21939732506871223,False,False,
s-006,after_common_greedy_prefix,7,200,1,-38105.118500087,38104.637467348,63691.114747406,30501.086604661927,1736.6626824130071,39047.194216668,942.0757165809991,0.02473601146652241,0.0,0.0,0.21929174289107323,False,False,
s-006,after_common_greedy_prefix,7,1000,0,-38105.118500087,38104.637467348,63691.114747406,30501.086604661927,1736.6626824130071,39047.194216668,942.0757165809991,0.02473601146652241,0.0,0.0,1.018990483134985,False,False,
s-006,after_common_greedy_prefix,7,1000,1,-38105.118500087,38104.637467348,63691.114747406,30501.086604661927,1736.6626824130071,39047.194216668,942.0757165809991,0.02473601146652241,0.0,0.0,1.019414596259594,False,False,
s-006,after_common_greedy_prefix,8,200,0,-2.294681681000384,379.22392964899996,379.22392964899996,379.22392964899996,1736.6626824130071,379.22392964899996,376.9292479679996,0.0,0.0,0.0,0.2153281755745411,False,True,
s-006,after_common_greedy_prefix,8,200,1,-2.294681681000384,379.22392964899996,379.22392964899996,379.22392964899996,1736.6626824130071,379.22392964899996,376.9292479679996,0.0,0.0,0.0,0.21461519226431847,False,True,
s-006,after_common_greedy_prefix,8,1000,0,-2.294681681000384,379.22392964899996,379.22392964899996,379.22392964899996,1736.6626824130071,379.22392964899996,376.9292479679996,0.0,0.0,0.0,1.0155354849994183,False,True,
s-006,after_common_greedy_prefix,8,1000,1,-2.294681681000384,379.22392964899996,379.22392964899996,379.22392964899996,1736.6626824130071,379.22392964899996,376.9292479679996,0.0,0.0,0.0,1.0146434307098389,False,True,
s-006,after_common_greedy_prefix,9,200,0,-8727.743717468999,10464.406399882,16258.322394016,7337.036187252741,1736.6626824130071,10632.272653307,1904.5289358380014,0.01604164125610533,167.86625342499428,0.00023041886050652953,0.2173224724829197,False,False,0.2173224724829197
s-006,after_common_greedy_prefix,9,200,1,-8727.743717468999,10464.406399882,16258.322394016,7337.036187252741,1736.6626824130071,10632.272653307,1904.5289358380014,0.01604164125610533,167.86625342499428,0.00023041886050652953,0.21830696985125542,False,False,0.21830696985125542
s-006,after_common_greedy_prefix,9,1000,0,-8727.743717468999,10464.406399882,16258.322394016,7337.036187252741,1736.6626824130071,10632.272653307,1904.5289358380014,0.01604164125610533,167.86625342499428,0.00023041886050652953,1.0173447355628014,False,False,1.0173447355628014
s-006,after_common_greedy_prefix,9,1000,1,-8727.743717468999,10464.406399882,16258.322394016,7337.036187252741,1736.6626824130071,10632.272653307,1904.5289358380014,0.01604164125610533,167.86625342499428,0.00023041886050652953,1.0168895088136196,False,False,1.0168895088136196
s-006,after_common_greedy_prefix,10,200,0,-36772.888590267,38073.445196141,52750.683747454,29195.9166572459,1736.6626824130071,39285.590802566,2512.702212299002,0.031837034977540216,776.0395298859949,0.0010652179371135558,0.21893088147044182,False,False,0.21893088147044182
s-006,after_common_greedy_prefix,10,200,1,-36772.888590267,38073.445196141,52750.683747454,29195.9166572459,1736.6626824130071,39285.590802566,2512.702212299002,0.031837034977540216,776.0395298859949,0.0010652179371135558,0.2186652533710003,False,False,0.2186652533710003
s-006,after_common_greedy_prefix,10,1000,0,-36772.888590267,38073.445196141,52750.683747454,29195.9166572459,1736.6626824130071,39285.590802566,2512.702212299002,0.031837034977540216,776.0395298859949,0.0010652179371135558,1.0184249579906464,False,False,1.0184249579906464
s-006,after_common_greedy_prefix,10,1000,1,-36772.888590267,38073.445196141,52750.683747454,29195.9166572459,1736.6626824130071,39285.590802566,2512.702212299002,0.031837034977540216,776.0395298859949,0.0010652179371135558,1.018125057220459,False,False,1.018125057220459
s-006,after_common_greedy_prefix,0,50,0,-9881.394210871,10049.002661368,17987.643935471,7114.981800572606,1736.6626824130071,10157.029394706,275.63518383500013,0.010749995494905537,0.0,0.0,0.07200637832283974,False,False,
s-006,after_common_greedy_prefix,0,50,1,-9881.394210871,10049.002661368,17987.643935471,7114.981800572606,1736.6626824130071,10157.029394706,275.63518383500013,0.010749995494905537,0.0,0.0,0.0716688446700573,False,False,
s-006,after_common_greedy_prefix,1,50,0,-35437.444035068,35437.444035068,58664.797037444,31067.388652668786,1736.6626824130071,35611.477370271,174.0333352029993,0.004911001341710206,0.0,0.0,0.07113289833068848,False,False,
s-006,after_common_greedy_prefix,1,50,1,-35437.444035068,35437.444035068,58664.797037444,31067.388652668786,1736.6626824130071,35611.477370271,174.0333352029993,0.004911001341710206,0.0,0.0,0.07067768275737762,False,False,
s-006,after_common_greedy_prefix,2,50,0,-0.1050261440000213,32.753673276,32.753673276,32.753673276,1736.6626824130071,32.753673276,32.64864713199998,0.0,0.0,0.0,0.06689351052045822,False,True,
s-006,after_common_greedy_prefix,2,50,1,-0.1050261440000213,32.753673276,32.753673276,32.753673276,1736.6626824130071,32.753673276,32.64864713199998,0.0,0.0,0.0,0.06690720841288567,False,True,
s-006,after_common_greedy_prefix,3,50,0,-8715.332911746,9039.099665135,10807.723870738,6315.081763975886,1736.6626824130071,9469.955592661,754.6226809149994,0.04766580118458785,0.0,0.0,0.06931730732321739,False,False,
s-006,after_common_greedy_prefix,3,50,1,-8715.332911746,9039.099665135,10807.723870738,6315.081763975886,1736.6626824130071,9469.955592661,754.6226809149994,0.04766580118458785,0.0,0.0,0.06852160766720772,False,False,
s-006,after_common_greedy_prefix,4,50,0,-37212.130090326,37212.025064182,65828.320230769,31756.75575681535,1736.6626824130071,38707.942800816,1495.812710490005,0.040199847604474474,0.0,0.0,0.07341364398598671,False,False,
s-006,after_common_greedy_prefix,4,50,1,-37212.130090326,37212.025064182,65828.320230769,31756.75575681535,1736.6626824130071,38707.942800816,1495.812710490005,0.040199847604474474,0.0,0.0,0.07140246406197548,False,False,
s-006,after_common_greedy_prefix,5,50,0,-0.4810327390000566,117.991586378,117.991586378,117.991586378,1736.6626824130071,117.991586378,117.51055363899994,0.0,0.0,0.0,0.06699921190738678,False,True,
s-006,after_common_greedy_prefix,5,50,1,-0.4810327390000566,117.991586378,117.991586378,117.991586378,1736.6626824130071,117.991586378,117.51055363899994,0.0,0.0,0.0,0.06700291112065315,False,True,
s-006,after_common_greedy_prefix,6,50,0,-8454.619961797,9382.361289925,11672.089316483,6803.697239821965,1736.6626824130071,9807.91642554,1353.2964637429995,0.04535693334171326,0.0,0.0,0.06953416019678116,False,False,
s-006,after_common_greedy_prefix,6,50,1,-8454.619961797,9382.361289925,11672.089316483,6803.697239821965,1736.6626824130071,9807.91642554,1353.2964637429995,0.04535693334171326,0.0,0.0,0.06957816332578659,False,False,
s-006,after_common_greedy_prefix,7,50,0,-38105.118500087,38104.637467348,63691.114747406,30501.086604661927,1736.6626824130071,39047.194216668,942.0757165809991,0.02473601146652241,0.0,0.0,0.07141636312007904,False,False,
s-006,after_common_greedy_prefix,7,50,1,-38105.118500087,38104.637467348,63691.114747406,30501.086604661927,1736.6626824130071,39047.194216668,942.0757165809991,0.02473601146652241,0.0,0.0,0.07070877403020859,False,False,
s-006,after_common_greedy_prefix,8,50,0,-2.294681681000384,379.22392964899996,379.22392964899996,379.22392964899996,1736.6626824130071,379.22392964899996,376.9292479679996,0.0,0.0,0.0,0.06736650317907333,False,True,
s-006,after_common_greedy_prefix,8,50,1,-2.294681681000384,379.22392964899996,379.22392964899996,379.22392964899996,1736.6626824130071,379.22392964899996,376.9292479679996,0.0,0.0,0.0,0.06801250204443932,False,True,
s-006,after_common_greedy_prefix,9,50,0,-8727.743717468999,10464.406399882,16258.322394016,7337.036187252741,1736.6626824130071,10632.272653307,1904.5289358380014,0.01604164125610533,167.86625342499428,0.00023041886050652953,0.0699651949107647,False,False,0.0699651949107647
s-006,after_common_greedy_prefix,9,50,1,-8727.743717468999,10464.406399882,16258.322394016,7337.036187252741,1736.6626824130071,10632.272653307,1904.5289358380014,0.01604164125610533,167.86625342499428,0.00023041886050652953,0.06975091248750687,False,False,0.06975091248750687
s-006,after_common_greedy_prefix,10,50,0,-36772.888590267,38073.445196141,52750.683747454,29195.9166572459,1736.6626824130071,39285.590802566,2512.702212299002,0.031837034977540216,776.0395298859949,0.0010652179371135558,0.07158038020133972,False,False,0.07158038020133972
s-006,after_common_greedy_prefix,10,50,1,-36772.888590267,38073.445196141,52750.683747454,29195.9166572459,1736.6626824130071,39285.590802566,2512.702212299002,0.031837034977540216,776.0395298859949,0.0010652179371135558,0.07100311294198036,False,False,0.07100311294198036
s-006,after_common_greedy_prefix,0,10,0,-9881.394210871,10049.002661368,17987.643935471,7114.981800572606,1736.6626824130071,10157.029394706,275.63518383500013,0.010749995494905537,0.0,0.0,0.03263050690293312,False,False,
s-006,after_common_greedy_prefix,0,10,1,-9881.394210871,10049.002661368,17987.643935471,7114.981800572606,1736.6626824130071,10157.029394706,275.63518383500013,0.010749995494905537,0.0,0.0,0.03263479471206665,False,False,
s-006,after_common_greedy_prefix,1,10,0,-35437.444035068,35437.444035068,58664.797037444,31067.388652668786,1736.6626824130071,35611.477370271,174.0333352029993,0.004911001341710206,0.0,0.0,0.03248872235417366,False,False,
s-006,after_common_greedy_prefix,1,10,1,-35437.444035068,35437.444035068,58664.797037444,31067.388652668786,1736.6626824130071,35611.477370271,174.0333352029993,0.004911001341710206,0.0,0.0,0.032657526433467865,False,False,
s-006,after_common_greedy_prefix,2,10,0,-0.1050261440000213,32.753673276,32.753673276,32.753673276,1736.6626824130071,32.753673276,32.64864713199998,0.0,0.0,0.0,0.027920927852392197,False,True,
s-006,after_common_greedy_prefix,2,10,1,-0.1050261440000213,32.753673276,32.753673276,32.753673276,1736.6626824130071,32.753673276,32.64864713199998,0.0,0.0,0.0,0.027883846312761307,False,True,
s-006,after_common_greedy_prefix,3,10,0,-8715.332911746,9039.099665135,10807.723870738,6315.081763975886,1736.6626824130071,9469.955592661,754.6226809149994,0.04766580118458785,0.0,0.0,0.029358670115470886,False,False,
s-006,after_common_greedy_prefix,3,10,1,-8715.332911746,9039.099665135,10807.723870738,6315.081763975886,1736.6626824130071,9469.955592661,754.6226809149994,0.04766580118458785,0.0,0.0,0.02996959537267685,False,False,
s-006,after_common_greedy_prefix,4,10,0,-37212.130090326,37212.025064182,65828.320230769,31756.75575681535,1736.6626824130071,38707.942800816,1495.812710490005,0.040199847604474474,0.0,0.0,0.03162332996726036,False,False,
s-006,after_common_greedy_prefix,4,10,1,-37212.130090326,37212.025064182,65828.320230769,31756.75575681535,1736.6626824130071,38707.942800816,1495.812710490005,0.040199847604474474,0.0,0.0,0.03131288290023804,False,False,
s-006,after_common_greedy_prefix,5,10,0,-0.4810327390000566,117.991586378,117.991586378,117.991586378,1736.6626824130071,117.991586378,117.51055363899994,0.0,0.0,0.0,0.02723775804042816,False,True,
s-006,after_common_greedy_prefix,5,10,1,-0.4810327390000566,117.991586378,117.991586378,117.991586378,1736.6626824130071,117.991586378,117.51055363899994,0.0,0.0,0.0,0.03064928948879242,False,True,
s-006,after_common_greedy_prefix,6,10,0,-8454.619961797,9382.361289925,11672.089316483,6803.697239821965,1736.6626824130071,9807.91642554,1353.2964637429995,0.04535693334171326,0.0,0.0,0.0316004753112793,False,False,
s-006,after_common_greedy_prefix,6,10,1,-8454.619961797,9382.361289925,11672.089316483,6803.697239821965,1736.6626824130071,9807.91642554,1353.2964637429995,0.04535693334171326,0.0,0.0,0.029718246310949326,False,False,
s-006,after_common_greedy_prefix,7,10,0,-38105.118500087,38104.637467348,63691.114747406,30501.086604661927,1736.6626824130071,39047.194216668,942.0757165809991,0.02473601146652241,0.0,0.0,0.03162387013435364,False,False,
s-006,after_common_greedy_prefix,7,10,1,-38105.118500087,38104.637467348,63691.114747406,30501.086604661927,1736.6626824130071,39047.194216668,942.0757165809991,0.02473601146652241,0.0,0.0,0.032950736582279205,False,False,
s-006,after_common_greedy_prefix,8,10,0,-2.294681681000384,379.22392964899996,379.22392964899996,379.22392964899996,1736.6626824130071,379.22392964899996,376.9292479679996,0.0,0.0,0.0,0.02742636576294899,False,True,
s-006,after_common_greedy_prefix,8,10,1,-2.294681681000384,379.22392964899996,379.22392964899996,379.22392964899996,1736.6626824130071,379.22392964899996,376.9292479679996,0.0,0.0,0.0,0.027841709554195404,False,True,
s-006,after_common_greedy_prefix,9,10,0,-8727.743717468999,10464.406399882,16258.322394016,7337.036187252741,1736.6626824130071,10632.272653307,1904.5289358380014,0.01604164125610533,167.86625342499428,0.00023041886050652953,0.030136849731206894,False,False,0.030136849731206894
s-006,after_common_greedy_prefix,9,10,1,-8727.743717468999,10464.406399882,16258.322394016,7337.036187252741,1736.6626824130071,10632.272653307,1904.5289358380014,0.01604164125610533,167.86625342499428,0.00023041886050652953,0.030307304114103317,False,False,0.030307304114103317
s-006,after_common_greedy_prefix,10,10,0,-36772.888590267,38073.445196141,52750.683747454,29195.9166572459,1736.6626824130071,39285.590802566,2512.702212299002,0.031837034977540216,776.0395298859949,0.0010652179371135558,0.03253602981567383,False,False,0.03253602981567383
s-006,after_common_greedy_prefix,10,10,1,-36772.888590267,38073.445196141,52750.683747454,29195.9166572459,1736.6626824130071,39285.590802566,2512.702212299002,0.031837034977540216,776.0395298859949,0.0010652179371135558,0.03181397542357445,False,False,0.03181397542357445
s-007,after_one_actual_history_call,0,200,0,-9881.394210871,10049.002661368,17987.643935471,7114.981800572606,1736.6626824130071,10157.029394706,275.63518383500013,0.010749995494905537,0.0,0.0,0.21922599524259567,False,False,
s-007,after_one_actual_history_call,0,200,1,-9881.394210871,10049.002661368,17987.643935471,7114.981800572606,1736.6626824130071,10157.029394706,275.63518383500013,0.010749995494905537,0.0,0.0,0.21788297221064568,False,False,
s-007,after_one_actual_history_call,0,1000,0,-9881.394210871,10049.002661368,17987.643935471,7114.981800572606,1736.6626824130071,10157.029394706,275.63518383500013,0.010749995494905537,0.0,0.0,1.0169880166649818,False,False,
s-007,after_one_actual_history_call,0,1000,1,-9881.394210871,10049.002661368,17987.643935471,7114.981800572606,1736.6626824130071,10157.029394706,275.63518383500013,0.010749995494905537,0.0,0.0,1.0170501507818699,False,False,
s-007,after_one_actual_history_call,1,200,0,-35437.444035068,35437.444035068,58664.797037444,31067.388652668786,1736.6626824130071,35611.477370271,174.0333352029993,0.004911001341710206,0.0,0.0,0.2205648086965084,False,False,
s-007,after_one_actual_history_call,1,200,1,-35437.444035068,35437.444035068,58664.797037444,31067.388652668786,1736.6626824130071,35611.477370271,174.0333352029993,0.004911001341710206,0.0,0.0,0.21865755692124367,False,False,
s-007,after_one_actual_history_call,1,1000,0,-35437.444035068,35437.444035068,58664.797037444,31067.388652668786,1736.6626824130071,35611.477370271,174.0333352029993,0.004911001341710206,0.0,0.0,1.0192190781235695,False,False,
s-007,after_one_actual_history_call,1,1000,1,-35437.444035068,35437.444035068,58664.797037444,31067.388652668786,1736.6626824130071,35611.477370271,174.0333352029993,0.004911001341710206,0.0,0.0,1.0194065012037754,False,False,
s-007,after_one_actual_history_call,2,200,0,-0.1050261440000213,32.753673276,32.753673276,32.753673276,1736.6626824130071,32.753673276,32.64864713199998,0.0,0.0,0.0,0.21464286744594574,False,True,
s-007,after_one_actual_history_call,2,200,1,-0.1050261440000213,32.753673276,32.753673276,32.753673276,1736.6626824130071,32.753673276,32.64864713199998,0.0,0.0,0.0,0.21453407779335976,False,True,
s-007,after_one_actual_history_call,2,1000,0,-0.1050261440000213,32.753673276,32.753673276,32.753673276,1736.6626824130071,32.753673276,32.64864713199998,0.0,0.0,0.0,1.0144795067608356,False,True,
s-007,after_one_actual_history_call,2,1000,1,-0.1050261440000213,32.753673276,32.753673276,32.753673276,1736.6626824130071,32.753673276,32.64864713199998,0.0,0.0,0.0,1.0145920775830746,False,True,
s-007,after_one_actual_history_call,3,200,0,-8715.332911746,9469.955592661,10807.723870738,6315.081763975886,1736.6626824130071,9469.955592661,754.6226809149994,0.0,0.0,0.0,0.0024740882217884064,False,True,
s-007,after_one_actual_history_call,3,200,1,-8715.332911746,9469.955592661,10807.723870738,6315.081763975886,1736.6626824130071,9469.955592661,754.6226809149994,0.0,0.0,0.0,0.0023881494998931885,False,True,
s-007,after_one_actual_history_call,3,1000,0,-8715.332911746,9469.955592661,10807.723870738,6315.081763975886,1736.6626824130071,9469.955592661,754.6226809149994,0.0,0.0,0.0,1.0168449394404888,False,True,
s-007,after_one_actual_history_call,3,1000,1,-8715.332911746,9469.955592661,10807.723870738,6315.081763975886,1736.6626824130071,9469.955592661,754.6226809149994,0.0,0.0,0.0,1.0167919509112835,False,True,
s-007,after_one_actual_history_call,4,200,0,-37212.130090326,37212.025064182,65828.320230769,31756.75575681535,1736.6626824130071,38707.942800816,1495.812710490005,0.040199847604474474,0.0,0.0,0.21895458176732063,False,False,
s-007,after_one_actual_history_call,4,200,1,-37212.130090326,37212.025064182,65828.320230769,31756.75575681535,1736.6626824130071,38707.942800816,1495.812710490005,0.040199847604474474,0.0,0.0,0.21979911252856255,False,False,
s-007,after_one_actual_history_call,4,1000,0,-37212.130090326,37212.025064182,65828.320230769,31756.75575681535,1736.6626824130071,38707.942800816,1495.812710490005,0.040199847604474474,0.0,0.0,1.0191567726433277,False,False,
s-007,after_one_actual_history_call,4,1000,1,-37212.130090326,37212.025064182,65828.320230769,31756.75575681535,1736.6626824130071,38707.942800816,1495.812710490005,0.040199847604474474,0.0,0.0,1.0186661407351494,False,False,
s-007,after_one_actual_history_call,5,200,0,-0.4810327390000566,117.991586378,117.991586378,117.991586378,1736.6626824130071,117.991586378,117.51055363899994,0.0,0.0,0.0,0.21451519802212715,False,True,
s-007,after_one_actual_history_call,5,200,1,-0.4810327390000566,117.991586378,117.991586378,117.991586378,1736.6626824130071,117.991586378,117.51055363899994,0.0,0.0,0.0,0.21452566608786583,False,True,
s-007,after_one_actual_history_call,5,1000,0,-0.4810327390000566,117.991586378,117.991586378,117.991586378,1736.6626824130071,117.991586378,117.51055363899994,0.0,0.0,0.0,1.014571938663721,False,True,
s-007,after_one_actual_history_call,5,1000,1,-0.4810327390000566,117.991586378,117.991586378,117.991586378,1736.6626824130071,117.991586378,117.51055363899994,0.0,0.0,0.0,1.0144750140607357,False,True,
s-007,after_one_actual_history_call,6,200,0,-8454.619961797,9382.361289925,11672.089316483,6803.697239821965,1736.6626824130071,9807.91642554,1353.2964637429995,0.04535693334171326,0.0,0.0,0.21631771326065063,False,False,
s-007,after_one_actual_history_call,6,200,1,-8454.619961797,9382.361289925,11672.089316483,6803.697239821965,1736.6626824130071,9807.91642554,1353.2964637429995,0.04535693334171326,0.0,0.0,0.21645457297563553,False,False,
s-007,after_one_actual_history_call,6,1000,0,-8454.619961797,9382.361289925,11672.089316483,6803.697239821965,1736.6626824130071,9807.91642554,1353.2964637429995,0.04535693334171326,0.0,0.0,1.0174524523317814,False,False,
s-007,after_one_actual_history_call,6,1000,1,-8454.619961797,9382.361289925,11672.089316483,6803.697239821965,1736.6626824130071,9807.91642554,1353.2964637429995,0.04535693334171326,0.0,0.0,1.0178597681224346,False,False,
s-007,after_one_actual_history_call,7,200,0,-38105.118500087,38104.637467348,63691.114747406,30501.086604661927,1736.6626824130071,39047.194216668,942.0757165809991,0.02473601146652241,0.0,0.0,0.219174113124609,False,False,
s-007,after_one_actual_history_call,7,200,1,-38105.118500087,38104.637467348,63691.114747406,30501.086604661927,1736.6626824130071,39047.194216668,942.0757165809991,0.02473601146652241,0.0,0.0,0.21834295988082886,False,False,
s-007,after_one_actual_history_call,7,1000,0,-38105.118500087,38104.637467348,63691.114747406,30501.086604661927,1736.6626824130071,39047.194216668,942.0757165809991,0.02473601146652241,0.0,0.0,1.0184199921786785,False,False,
s-007,after_one_actual_history_call,7,1000,1,-38105.118500087,38104.637467348,63691.114747406,30501.086604661927,1736.6626824130071,39047.194216668,942.0757165809991,0.02473601146652241,0.0,0.0,1.0185647085309029,False,False,
s-007,after_one_actual_history_call,8,200,0,-2.294681681000384,379.22392964899996,379.22392964899996,379.22392964899996,1736.6626824130071,379.22392964899996,376.9292479679996,0.0,0.0,0.0,0.21457423269748688,False,True,
s-007,after_one_actual_history_call,8,200,1,-2.294681681000384,379.22392964899996,379.22392964899996,379.22392964899996,1736.6626824130071,379.22392964899996,376.9292479679996,0.0,0.0,0.0,0.2146020159125328,False,True,
s-007,after_one_actual_history_call,8,1000,0,-2.294681681000384,379.22392964899996,379.22392964899996,379.22392964899996,1736.6626824130071,379.22392964899996,376.9292479679996,0.0,0.0,0.0,1.0147863142192364,False,True,
s-007,after_one_actual_history_call,8,1000,1,-2.294681681000384,379.22392964899996,379.22392964899996,379.22392964899996,1736.6626824130071,379.22392964899996,376.9292479679996,0.0,0.0,0.0,1.0147538222372532,False,True,
s-007,after_one_actual_history_call,9,200,0,-8727.743717468999,10464.406399882,16258.322394016,7337.036187252741,1736.6626824130071,10632.272653307,1904.5289358380014,0.01604164125610533,167.86625342499428,0.00023041886050652953,0.21792759746313095,False,False,0.21792759746313095
s-007,after_one_actual_history_call,9,200,1,-8727.743717468999,10464.406399882,16258.322394016,7337.036187252741,1736.6626824130071,10632.272653307,1904.5289358380014,0.01604164125610533,167.86625342499428,0.00023041886050652953,0.21792148426175117,False,False,0.21792148426175117
s-007,after_one_actual_history_call,9,1000,0,-8727.743717468999,10464.406399882,16258.322394016,7337.036187252741,1736.6626824130071,10632.272653307,1904.5289358380014,0.01604164125610533,167.86625342499428,0.00023041886050652953,1.017332460731268,False,False,1.017332460731268
s-007,after_one_actual_history_call,9,1000,1,-8727.743717468999,10464.406399882,16258.322394016,7337.036187252741,1736.6626824130071,10632.272653307,1904.5289358380014,0.01604164125610533,167.86625342499428,0.00023041886050652953,1.016755647957325,False,False,1.016755647957325
s-007,after_one_actual_history_call,10,200,0,-36772.888590267,38073.445196141,52750.683747454,29195.9166572459,1736.6626824130071,39285.590802566,2512.702212299002,0.031837034977540216,776.0395298859949,0.0010652179371135558,0.21979382261633873,False,False,0.21979382261633873
s-007,after_one_actual_history_call,10,200,1,-36772.888590267,38073.445196141,52750.683747454,29195.9166572459,1736.6626824130071,39285.590802566,2512.702212299002,0.031837034977540216,776.0395298859949,0.0010652179371135558,0.21909796446561813,False,False,0.21909796446561813
s-007,after_one_actual_history_call,10,1000,0,-36772.888590267,38073.445196141,52750.683747454,29195.9166572459,1736.6626824130071,39285.590802566,2512.702212299002,0.031837034977540216,776.0395298859949,0.0010652179371135558,1.0192618295550346,False,False,1.0192618295550346
s-007,after_one_actual_history_call,10,1000,1,-36772.888590267,38073.445196141,52750.683747454,29195.9166572459,1736.6626824130071,39285.590802566,2512.702212299002,0.031837034977540216,776.0395298859949,0.0010652179371135558,1.0196936801075935,False,False,1.0196936801075935
s-007,after_one_actual_history_call,0,50,0,-9881.394210871,10049.002661368,17987.643935471,7114.981800572606,1736.6626824130071,10157.029394706,275.63518383500013,0.010749995494905537,0.0,0.0,0.07186664268374443,False,False,
s-007,after_one_actual_history_call,0,50,1,-9881.394210871,10049.002661368,17987.643935471,7114.981800572606,1736.6626824130071,10157.029394706,275.63518383500013,0.010749995494905537,0.0,0.0,0.07216529175639153,False,False,
s-007,after_one_actual_history_call,1,50,0,-35437.444035068,35437.444035068,58664.797037444,31067.388652668786,1736.6626824130071,35611.477370271,174.0333352029993,0.004911001341710206,0.0,0.0,0.07188689336180687,False,False,
s-007,after_one_actual_history_call,1,50,1,-35437.444035068,35437.444035068,58664.797037444,31067.388652668786,1736.6626824130071,35611.477370271,174.0333352029993,0.004911001341710206,0.0,0.0,0.07182825729250908,False,False,
s-007,after_one_actual_history_call,2,50,0,-0.1050261440000213,32.753673276,32.753673276,32.753673276,1736.6626824130071,32.753673276,32.64864713199998,0.0,0.0,0.0,0.06776944547891617,False,True,
s-007,after_one_actual_history_call,2,50,1,-0.1050261440000213,32.753673276,32.753673276,32.753673276,1736.6626824130071,32.753673276,32.64864713199998,0.0,0.0,0.0,0.0665445625782013,False,True,
s-007,after_one_actual_history_call,3,50,0,-8715.332911746,9469.955592661,10807.723870738,6315.081763975886,1736.6626824130071,9469.955592661,754.6226809149994,0.0,0.0,0.0,0.06826326996088028,False,True,
s-007,after_one_actual_history_call,3,50,1,-8715.332911746,9469.955592661,10807.723870738,6315.081763975886,1736.6626824130071,9469.955592661,754.6226809149994,0.0,0.0,0.0,0.06974509358406067,False,True,
s-007,after_one_actual_history_call,4,50,0,-37212.130090326,37212.025064182,65828.320230769,31756.75575681535,1736.6626824130071,38707.942800816,1495.812710490005,0.040199847604474474,0.0,0.0,0.07132093980908394,False,False,
s-007,after_one_actual_history_call,4,50,1,-37212.130090326,37212.025064182,65828.320230769,31756.75575681535,1736.6626824130071,38707.942800816,1495.812710490005,0.040199847604474474,0.0,0.0,0.07182596623897552,False,False,
s-007,after_one_actual_history_call,5,50,0,-0.4810327390000566,117.991586378,117.991586378,117.991586378,1736.6626824130071,117.991586378,117.51055363899994,0.0,0.0,0.0,0.06695638597011566,False,True,
s-007,after_one_actual_history_call,5,50,1,-0.4810327390000566,117.991586378,117.991586378,117.991586378,1736.6626824130071,117.991586378,117.51055363899994,0.0,0.0,0.0,0.06652101129293442,False,True,
s-007,after_one_actual_history_call,6,50,0,-8454.619961797,9382.361289925,11672.089316483,6803.697239821965,1736.6626824130071,9807.91642554,1353.2964637429995,0.04535693334171326,0.0,0.0,0.06971096992492676,False,False,
s-007,after_one_actual_history_call,6,50,1,-8454.619961797,9382.361289925,11672.089316483,6803.697239821965,1736.6626824130071,9807.91642554,1353.2964637429995,0.04535693334171326,0.0,0.0,0.06940476223826408,False,False,
s-007,after_one_actual_history_call,7,50,0,-38105.118500087,38104.637467348,63691.114747406,30501.086604661927,1736.6626824130071,39047.194216668,942.0757165809991,0.02473601146652241,0.0,0.0,0.07123992964625359,False,False,
s-007,after_one_actual_history_call,7,50,1,-38105.118500087,38104.637467348,63691.114747406,30501.086604661927,1736.6626824130071,39047.194216668,942.0757165809991,0.02473601146652241,0.0,0.0,0.070492684841156,False,False,
s-007,after_one_actual_history_call,8,50,0,-2.294681681000384,379.22392964899996,379.22392964899996,379.22392964899996,1736.6626824130071,379.22392964899996,376.9292479679996,0.0,0.0,0.0,0.06705211848020554,False,True,
s-007,after_one_actual_history_call,8,50,1,-2.294681681000384,379.22392964899996,379.22392964899996,379.22392964899996,1736.6626824130071,379.22392964899996,376.9292479679996,0.0,0.0,0.0,0.06764795258641243,False,True,
s-007,after_one_actual_history_call,9,50,0,-8727.743717468999,10464.406399882,16258.322394016,7337.036187252741,1736.6626824130071,10632.272653307,1904.5289358380014,0.01604164125610533,167.86625342499428,0.00023041886050652953,0.06906857714056969,False,False,0.06906857714056969
s-007,after_one_actual_history_call,9,50,1,-8727.743717468999,10464.406399882,16258.322394016,7337.036187252741,1736.6626824130071,10632.272653307,1904.5289358380014,0.01604164125610533,167.86625342499428,0.00023041886050652953,0.06925443559885025,False,False,0.06925443559885025
s-007,after_one_actual_history_call,10,50,0,-36772.888590267,38073.445196141,52750.683747454,29195.9166572459,1736.6626824130071,39285.590802566,2512.702212299002,0.031837034977540216,776.0395298859949,0.0010652179371135558,0.07135827094316483,False,False,0.07135827094316483
s-007,after_one_actual_history_call,10,50,1,-36772.888590267,38073.445196141,52750.683747454,29195.9166572459,1736.6626824130071,39285.590802566,2512.702212299002,0.031837034977540216,776.0395298859949,0.0010652179371135558,0.07197726145386696,False,False,0.07197726145386696
s-007,after_one_actual_history_call,0,10,0,-9881.394210871,10049.002661368,17987.643935471,7114.981800572606,1736.6626824130071,10157.029394706,275.63518383500013,0.010749995494905537,0.0,0.0,0.0337396077811718,False,False,
s-007,after_one_actual_history_call,0,10,1,-9881.394210871,10049.002661368,17987.643935471,7114.981800572606,1736.6626824130071,10157.029394706,275.63518383500013,0.010749995494905537,0.0,0.0,0.03237433731555939,False,False,
s-007,after_one_actual_history_call,1,10,0,-35437.444035068,35437.444035068,58664.797037444,31067.388652668786,1736.6626824130071,35611.477370271,174.0333352029993,0.004911001341710206,0.0,0.0,0.03247157111763954,False,False,
s-007,after_one_actual_history_call,1,10,1,-35437.444035068,35437.444035068,58664.797037444,31067.388652668786,1736.6626824130071,35611.477370271,174.0333352029993,0.004911001341710206,0.0,0.0,0.03204263001680374,False,False,
s-007,after_one_actual_history_call,2,10,0,-0.1050261440000213,32.753673276,32.753673276,32.753673276,1736.6626824130071,32.753673276,32.64864713199998,0.0,0.0,0.0,0.027534853667020798,False,True,
s-007,after_one_actual_history_call,2,10,1,-0.1050261440000213,32.753673276,32.753673276,32.753673276,1736.6626824130071,32.753673276,32.64864713199998,0.0,0.0,0.0,0.028293531388044357,False,True,
s-007,after_one_actual_history_call,3,10,0,-8715.332911746,9469.955592661,10807.723870738,6315.081763975886,1736.6626824130071,9469.955592661,754.6226809149994,0.0,0.0,0.0,0.030195988714694977,False,True,
s-007,after_one_actual_history_call,3,10,1,-8715.332911746,9469.955592661,10807.723870738,6315.081763975886,1736.6626824130071,9469.955592661,754.6226809149994,0.0,0.0,0.0,0.029772616922855377,False,True,
s-007,after_one_actual_history_call,4,10,0,-37212.130090326,37212.025064182,65828.320230769,31756.75575681535,1736.6626824130071,38707.942800816,1495.812710490005,0.040199847604474474,0.0,0.0,0.032346706837415695,False,False,
s-007,after_one_actual_history_call,4,10,1,-37212.130090326,37212.025064182,65828.320230769,31756.75575681535,1736.6626824130071,38707.942800816,1495.812710490005,0.040199847604474474,0.0,0.0,0.03227938711643219,False,False,
s-007,after_one_actual_history_call,5,10,0,-0.4810327390000566,117.991586378,117.991586378,117.991586378,1736.6626824130071,117.991586378,117.51055363899994,0.0,0.0,0.0,0.0280095674097538,False,True,
s-007,after_one_actual_history_call,5,10,1,-0.4810327390000566,117.991586378,117.991586378,117.991586378,1736.6626824130071,117.991586378,117.51055363899994,0.0,0.0,0.0,0.02823183685541153,False,True,
s-007,after_one_actual_history_call,6,10,0,-8454.619961797,9382.361289925,11672.089316483,6803.697239821965,1736.6626824130071,9807.91642554,1353.2964637429995,0.04535693334171326,0.0,0.0,0.030611373484134674,False,False,
s-007,after_one_actual_history_call,6,10,1,-8454.619961797,9382.361289925,11672.089316483,6803.697239821965,1736.6626824130071,9807.91642554,1353.2964637429995,0.04535693334171326,0.0,0.0,0.028542228043079376,False,False,
s-007,after_one_actual_history_call,7,10,0,-38105.118500087,38104.637467348,63691.114747406,30501.086604661927,1736.6626824130071,39047.194216668,942.0757165809991,0.02473601146652241,0.0,0.0,0.03194480016827583,False,False,
s-007,after_one_actual_history_call,7,10,1,-38105.118500087,38104.637467348,63691.114747406,30501.086604661927,1736.6626824130071,39047.194216668,942.0757165809991,0.02473601146652241,0.0,0.0,0.031578708440065384,False,False,
s-007,after_one_actual_history_call,8,10,0,-2.294681681000384,379.22392964899996,379.22392964899996,379.22392964899996,1736.6626824130071,379.22392964899996,376.9292479679996,0.0,0.0,0.0,0.02680325135588646,False,True,
s-007,after_one_actual_history_call,8,10,1,-2.294681681000384,379.22392964899996,379.22392964899996,379.22392964899996,1736.6626824130071,379.22392964899996,376.9292479679996,0.0,0.0,0.0,0.02740093320608139,False,True,
s-007,after_one_actual_history_call,9,10,0,-8727.743717468999,10464.406399882,16258.322394016,7337.036187252741,1736.6626824130071,10632.272653307,1904.5289358380014,0.01604164125610533,167.86625342499428,0.00023041886050652953,0.030173033475875854,False,False,0.030173033475875854
s-007,after_one_actual_history_call,9,10,1,-8727.743717468999,10464.406399882,16258.322394016,7337.036187252741,1736.6626824130071,10632.272653307,1904.5289358380014,0.01604164125610533,167.86625342499428,0.00023041886050652953,0.031581196933984756,False,False,0.031581196933984756
s-007,after_one_actual_history_call,10,10,0,-36772.888590267,38073.445196141,52750.683747454,29195.9166572459,1736.6626824130071,39285.590802566,2512.702212299002,0.031837034977540216,776.0395298859949,0.0010652179371135558,0.0335569903254509,False,False,0.0335569903254509
s-007,after_one_actual_history_call,10,10,1,-36772.888590267,38073.445196141,52750.683747454,29195.9166572459,1736.6626824130071,39285.590802566,2512.702212299002,0.031837034977540216,776.0395298859949,0.0010652179371135558,0.03320600092411041,False,False,0.03320600092411041
s-008,after_common_greedy_prefix,0,200,0,-8790.813404489,9513.408312906,19226.97181065,6920.32696064555,1736.6626824130071,10023.118393465,1232.3049889760005,0.05357807252607052,0.0,0.0,0.2174200862646103,False,False,
s-008,after_common_greedy_prefix,0,200,1,-8790.813404489,9513.408312906,19226.97181065,6920.32696064555,1736.6626824130071,10023.118393465,1232.3049889760005,0.05357807252607052,0.0,0.0,0.21694409102201462,False,False,
s-008,after_common_greedy_prefix,0,1000,0,-8790.813404489,9513.408312906,19226.97181065,6920.32696064555,1736.6626824130071,10023.118393465,1232.3049889760005,0.05357807252607052,0.0,0.0,1.019328374415636,False,False,
s-008,after_common_greedy_prefix,0,1000,1,-8790.813404489,9513.408312906,19226.97181065,6920.32696064555,1736.6626824130071,10023.118393465,1232.3049889760005,0.05357807252607052,0.0,0.0,1.0179601982235909,False,False,
s-008,after_common_greedy_prefix,1,200,0,-36761.082677813,36761.082677813,65846.965608392,31466.475039025176,1736.6626824130071,37078.213332588,317.13065477499913,0.008626803991450502,0.0,0.0,0.21937626972794533,False,False,
s-008,after_common_greedy_prefix,1,200,1,-36761.082677813,36761.082677813,65846.965608392,31466.475039025176,1736.6626824130071,37078.213332588,317.13065477499913,0.008626803991450502,0.0,0.0,0.21921980753540993,False,False,
s-008,after_common_greedy_prefix,1,1000,0,-36761.082677813,36761.082677813,65846.965608392,31466.475039025176,1736.6626824130071,37078.213332588,317.13065477499913,0.008626803991450502,0.0,0.0,1.01942777633667,False,False,
s-008,after_common_greedy_prefix,1,1000,1,-36761.082677813,36761.082677813,65846.965608392,31466.475039025176,1736.6626824130071,37078.213332588,317.13065477499913,0.008626803991450502,0.0,0.0,1.0197926945984364,False,False,
s-008,after_common_greedy_prefix,2,200,0,-0.1050261440000213,32.753673276,32.753673276,32.753673276,1736.6626824130071,32.753673276,32.64864713199998,0.0,0.0,0.0,0.2145066075026989,False,True,
s-008,after_common_greedy_prefix,2,200,1,-0.1050261440000213,32.753673276,32.753673276,32.753673276,1736.6626824130071,32.753673276,32.64864713199998,0.0,0.0,0.0,0.214500043541193,False,True,
s-008,after_common_greedy_prefix,2,1000,0,-0.1050261440000213,32.753673276,32.753673276,32.753673276,1736.6626824130071,32.753673276,32.64864713199998,0.0,0.0,0.0,1.0145467929542065,False,True,
s-008,after_common_greedy_prefix,2,1000,1,-0.1050261440000213,32.753673276,32.753673276,32.753673276,1736.6626824130071,32.753673276,32.64864713199998,0.0,0.0,0.0,1.0144957453012466,False,True,
s-008,after_common_greedy_prefix,3,200,0,-8971.0860802,9294.852833589,11529.859839598,6932.429627817919,1736.6626824130071,10050.265352267,1079.179272067,0.08127213331965305,0.0,0.0,0.2160102054476738,False,False,
s-008,after_common_greedy_prefix,3,200,1,-8971.0860802,9294.852833589,11529.859839598,6932.429627817919,1736.6626824130071,10050.265352267,1079.179272067,0.08127213331965305,0.0,0.0,0.21625495329499245,False,False,
s-008,after_common_greedy_prefix,3,1000,0,-8971.0860802,9294.852833589,11529.859839598,6932.429627817919,1736.6626824130071,10050.265352267,1079.179272067,0.08127213331965305,0.0,0.0,1.0168172754347324,False,False,
s-008,after_common_greedy_prefix,3,1000,1,-8971.0860802,9294.852833589,11529.859839598,6932.429627817919,1736.6626824130071,10050.265352267,1079.179272067,0.08127213331965305,0.0,0.0,1.016052108258009,False,False,
s-008,after_common_greedy_prefix,4,200,0,-37290.281114845995,37290.176088702,67153.288479645,32141.261389349384,1736.6626824130071,38668.777540053,1378.4964252070058,0.03696956131480119,0.0,0.0,0.21879182755947113,False,False,
s-008,after_common_greedy_prefix,4,200,1,-37290.281114845995,37290.176088702,67153.288479645,32141.261389349384,1736.6626824130071,38668.777540053,1378.4964252070058,0.03696956131480119,0.0,0.0,0.21877897530794144,False,False,
s-008,after_common_greedy_prefix,4,1000,0,-37290.281114845995,37290.176088702,67153.288479645,32141.261389349384,1736.6626824130071,38668.777540053,1378.4964252070058,0.03696956131480119,0.0,0.0,1.0197307243943214,False,False,
s-008,after_common_greedy_prefix,4,1000,1,-37290.281114845995,37290.176088702,67153.288479645,32141.261389349384,1736.6626824130071,38668.777540053,1378.4964252070058,0.03696956131480119,0.0,0.0,1.019778560847044,False,False,
s-008,after_common_greedy_prefix,5,200,0,-0.4810327390000566,117.991586378,117.991586378,117.991586378,1736.6626824130071,117.991586378,117.51055363899994,0.0,0.0,0.0,0.214628666639328,False,True,
s-008,after_common_greedy_prefix,5,200,1,-0.4810327390000566,117.991586378,117.991586378,117.991586378,1736.6626824130071,117.991586378,117.51055363899994,0.0,0.0,0.0,0.21448617428541183,False,True,
s-008,after_common_greedy_prefix,5,1000,0,-0.4810327390000566,117.991586378,117.991586378,117.991586378,1736.6626824130071,117.991586378,117.51055363899994,0.0,0.0,0.0,1.0149830728769302,False,True,
s-008,after_common_greedy_prefix,5,1000,1,-0.4810327390000566,117.991586378,117.991586378,117.991586378,1736.6626824130071,117.991586378,117.51055363899994,0.0,0.0,0.0,1.015484619885683,False,True,
s-008,after_common_greedy_prefix,6,200,0,-8467.568839935,9525.130530125,12442.671660159,6579.203349926383,1736.6626824130071,9706.280730975,1238.7118910400004,0.019018133166477855,0.0,0.0,0.21660267189145088,False,False,
s-008,after_common_greedy_prefix,6,200,1,-8467.568839935,9525.130530125,12442.671660159,6579.203349926383,1736.6626824130071,9706.280730975,1238.7118910400004,0.019018133166477855,0.0,0.0,0.21629167720675468,False,False,
s-008,after_common_greedy_prefix,6,1000,0,-8467.568839935,9525.130530125,12442.671660159,6579.203349926383,1736.6626824130071,9706.280730975,1238.7118910400004,0.019018133166477855,0.0,0.0,1.0167431831359863,False,False,
s-008,after_common_greedy_prefix,6,1000,1,-8467.568839935,9525.130530125,12442.671660159,6579.203349926383,1736.6626824130071,9706.280730975,1238.7118910400004,0.019018133166477855,0.0,0.0,1.0168520100414753,False,False,
s-008,after_common_greedy_prefix,7,200,0,-38223.768508163,38223.287475424,63728.995528047,31009.178342150994,1736.6626824130071,39188.213811888,964.4453037250059,0.02524446221650648,0.0,0.0,0.21964345127344131,False,False,
s-008,after_common_greedy_prefix,7,200,1,-38223.768508163,38223.287475424,63728.995528047,31009.178342150994,1736.6626824130071,39188.213811888,964.4453037250059,0.02524446221650648,0.0,0.0,0.21815742179751396,False,False,
s-008,after_common_greedy_prefix,7,1000,0,-38223.768508163,38223.287475424,63728.995528047,31009.178342150994,1736.6626824130071,39188.213811888,964.4453037250059,0.02524446221650648,0.0,0.0,1.0184150487184525,False,False,
s-008,after_common_greedy_prefix,7,1000,1,-38223.768508163,38223.287475424,63728.995528047,31009.178342150994,1736.6626824130071,39188.213811888,964.4453037250059,0.02524446221650648,0.0,0.0,1.0180417113006115,False,False,
s-008,after_common_greedy_prefix,8,200,0,-2.294681681000384,379.22392964899996,379.22392964899996,379.22392964899996,1736.6626824130071,379.22392964899996,376.9292479679996,0.0,0.0,0.0,0.21476705744862556,False,True,
s-008,after_common_greedy_prefix,8,200,1,-2.294681681000384,379.22392964899996,379.22392964899996,379.22392964899996,1736.6626824130071,379.22392964899996,376.9292479679996,0.0,0.0,0.0,0.21449698135256767,False,True,
s-008,after_common_greedy_prefix,8,1000,0,-2.294681681000384,379.22392964899996,379.22392964899996,379.22392964899996,1736.6626824130071,379.22392964899996,376.9292479679996,0.0,0.0,0.0,1.0149646252393723,False,True,
s-008,after_common_greedy_prefix,8,1000,1,-2.294681681000384,379.22392964899996,379.22392964899996,379.22392964899996,1736.6626824130071,379.22392964899996,376.9292479679996,0.0,0.0,0.0,1.0145283415913582,False,True,
s-008,after_common_greedy_prefix,9,200,0,-8727.743717468999,10464.406399882,16258.322394016,7337.036187252741,1736.6626824130071,10632.272653307,1904.5289358380014,0.01604164125610533,167.86625342499428,0.00023041886050652953,0.21735955029726028,False,False,0.21735955029726028
s-008,after_common_greedy_prefix,9,200,1,-8727.743717468999,10464.406399882,16258.322394016,7337.036187252741,1736.6626824130071,10632.272653307,1904.5289358380014,0.01604164125610533,167.86625342499428,0.00023041886050652953,0.21685663238167763,False,False,0.21685663238167763
s-008,after_common_greedy_prefix,9,1000,0,-8727.743717468999,10464.406399882,16258.322394016,7337.036187252741,1736.6626824130071,10632.272653307,1904.5289358380014,0.01604164125610533,167.86625342499428,0.00023041886050652953,1.0180366821587086,False,False,1.0180366821587086
s-008,after_common_greedy_prefix,9,1000,1,-8727.743717468999,10464.406399882,16258.322394016,7337.036187252741,1736.6626824130071,10632.272653307,1904.5289358380014,0.01604164125610533,167.86625342499428,0.00023041886050652953,1.017164159566164,False,False,1.017164159566164
s-008,after_common_greedy_prefix,10,200,0,-36791.612569109006,38092.169174983,53179.13070789,29357.2536608034,1736.6626824130071,39304.314781408,2512.7022122989947,0.031821385672650984,776.0395298859876,0.0010652179371135459,0.2191646732389927,False,False,0.2191646732389927
s-008,after_common_greedy_prefix,10,200,1,-36791.612569109006,38092.169174983,53179.13070789,29357.2536608034,1736.6626824130071,39304.314781408,2512.7022122989947,0.031821385672650984,776.0395298859876,0.0010652179371135459,0.21922334656119347,False,False,0.21922334656119347
s-008,after_common_greedy_prefix,10,1000,0,-36791.612569109006,38092.169174983,53179.13070789,29357.2536608034,1736.6626824130071,39304.314781408,2512.7022122989947,0.031821385672650984,776.0395298859876,0.0010652179371135459,1.0191898830235004,False,False,1.0191898830235004
s-008,after_common_greedy_prefix,10,1000,1,-36791.612569109006,38092.169174983,53179.13070789,29357.2536608034,1736.6626824130071,39304.314781408,2512.7022122989947,0.031821385672650984,776.0395298859876,0.0010652179371135459,1.0188685916364193,False,False,1.0188685916364193
s-008,after_common_greedy_prefix,0,50,0,-8790.813404489,9513.408312906,19226.97181065,6920.32696064555,1736.6626824130071,10023.118393465,1232.3049889760005,0.05357807252607052,0.0,0.0,0.07165008410811424,False,False,
s-008,after_common_greedy_prefix,0,50,1,-8790.813404489,9513.408312906,19226.97181065,6920.32696064555,1736.6626824130071,10023.118393465,1232.3049889760005,0.05357807252607052,0.0,0.0,0.07222213223576546,False,False,
s-008,after_common_greedy_prefix,1,50,0,-36761.082677813,36761.082677813,65846.965608392,31466.475039025176,1736.6626824130071,37078.213332588,317.13065477499913,0.008626803991450502,0.0,0.0,0.07206521555781364,False,False,
s-008,after_common_greedy_prefix,1,50,1,-36761.082677813,36761.082677813,65846.965608392,31466.475039025176,1736.6626824130071,37078.213332588,317.13065477499913,0.008626803991450502,0.0,0.0,0.07075375318527222,False,False,
s-008,after_common_greedy_prefix,2,50,0,-0.1050261440000213,32.753673276,32.753673276,32.753673276,1736.6626824130071,32.753673276,32.64864713199998,0.0,0.0,0.0,0.06657350063323975,False,True,
s-008,after_common_greedy_prefix,2,50,1,-0.1050261440000213,32.753673276,32.753673276,32.753673276,1736.6626824130071,32.753673276,32.64864713199998,0.0,0.0,0.0,0.06705557554960251,False,True,
s-008,after_common_greedy_prefix,3,50,0,-8971.0860802,9294.852833589,11529.859839598,6932.429627817919,1736.6626824130071,10050.265352267,1079.179272067,0.08127213331965305,0.0,0.0,0.07012516632676125,False,False,
s-008,after_common_greedy_prefix,3,50,1,-8971.0860802,9294.852833589,11529.859839598,6932.429627817919,1736.6626824130071,10050.265352267,1079.179272067,0.08127213331965305,0.0,0.0,0.07023782283067703,False,False,
s-008,after_common_greedy_prefix,4,50,0,-37290.281114845995,37290.176088702,67153.288479645,32141.261389349384,1736.6626824130071,38668.777540053,1378.4964252070058,0.03696956131480119,0.0,0.0,0.07440543919801712,False,False,
s-008,after_common_greedy_prefix,4,50,1,-37290.281114845995,37290.176088702,67153.288479645,32141.261389349384,1736.6626824130071,38668.777540053,1378.4964252070058,0.03696956131480119,0.0,0.0,0.07190557569265366,False,False,
s-008,after_common_greedy_prefix,5,50,0,-0.4810327390000566,117.991586378,117.991586378,117.991586378,1736.6626824130071,117.991586378,117.51055363899994,0.0,0.0,0.0,0.06683788821101189,False,True,
s-008,after_common_greedy_prefix,5,50,1,-0.4810327390000566,117.991586378,117.991586378,117.991586378,1736.6626824130071,117.991586378,117.51055363899994,0.0,0.0,0.0,0.06767764687538147,False,True,
s-008,after_common_greedy_prefix,6,50,0,-8467.568839935,9525.130530125,12442.671660159,6579.203349926383,1736.6626824130071,9706.280730975,1238.7118910400004,0.019018133166477855,0.0,0.0,0.06997113674879074,False,False,
s-008,after_common_greedy_prefix,6,50,1,-8467.568839935,9525.130530125,12442.671660159,6579.203349926383,1736.6626824130071,9706.280730975,1238.7118910400004,0.019018133166477855,0.0,0.0,0.0681721642613411,False,False,
s-008,after_common_greedy_prefix,7,50,0,-38223.768508163,38223.287475424,63728.995528047,31009.178342150994,1736.6626824130071,39188.213811888,964.4453037250059,0.02524446221650648,0.0,0.0,0.07098871096968651,False,False,
s-008,after_common_greedy_prefix,7,50,1,-38223.768508163,38223.287475424,63728.995528047,31009.178342150994,1736.6626824130071,39188.213811888,964.4453037250059,0.02524446221650648,0.0,0.0,0.07187511399388313,False,False,
s-008,after_common_greedy_prefix,8,50,0,-2.294681681000384,379.22392964899996,379.22392964899996,379.22392964899996,1736.6626824130071,379.22392964899996,376.9292479679996,0.0,0.0,0.0,0.06817573308944702,False,True,
s-008,after_common_greedy_prefix,8,50,1,-2.294681681000384,379.22392964899996,379.22392964899996,379.22392964899996,1736.6626824130071,379.22392964899996,376.9292479679996,0.0,0.0,0.0,0.06795180961489677,False,True,
s-008,after_common_greedy_prefix,9,50,0,-8727.743717468999,10464.406399882,16258.322394016,7337.036187252741,1736.6626824130071,10632.272653307,1904.5289358380014,0.01604164125610533,167.86625342499428,0.00023041886050652953,0.0692012794315815,False,False,0.0692012794315815
s-008,after_common_greedy_prefix,9,50,1,-8727.743717468999,10464.406399882,16258.322394016,7337.036187252741,1736.6626824130071,10632.272653307,1904.5289358380014,0.01604164125610533,167.86625342499428,0.00023041886050652953,0.07106814533472061,False,False,0.07106814533472061
s-008,after_common_greedy_prefix,10,50,0,-36791.612569109006,38092.169174983,53179.13070789,29357.2536608034,1736.6626824130071,39304.314781408,2512.7022122989947,0.031821385672650984,776.0395298859876,0.0010652179371135459,0.07192203775048256,False,False,0.07192203775048256
s-008,after_common_greedy_prefix,10,50,1,-36791.612569109006,38092.169174983,53179.13070789,29357.2536608034,1736.6626824130071,39304.314781408,2512.7022122989947,0.031821385672650984,776.0395298859876,0.0010652179371135459,0.07201125100255013,False,False,0.07201125100255013
s-008,after_common_greedy_prefix,0,10,0,-8790.813404489,9513.408312906,19226.97181065,6920.32696064555,1736.6626824130071,10023.118393465,1232.3049889760005,0.05357807252607052,0.0,0.0,0.030680164694786072,False,False,
s-008,after_common_greedy_prefix,0,10,1,-8790.813404489,9513.408312906,19226.97181065,6920.32696064555,1736.6626824130071,10023.118393465,1232.3049889760005,0.05357807252607052,0.0,0.0,0.030581507831811905,False,False,
s-008,after_common_greedy_prefix,1,10,0,-36761.082677813,36761.082677813,65846.965608392,31466.475039025176,1736.6626824130071,37078.213332588,317.13065477499913,0.008626803991450502,0.0,0.0,0.03230348601937294,False,False,
s-008,after_common_greedy_prefix,1,10,1,-36761.082677813,36761.082677813,65846.965608392,31466.475039025176,1736.6626824130071,37078.213332588,317.13065477499913,0.008626803991450502,0.0,0.0,0.032249897718429565,False,False,
s-008,after_common_greedy_prefix,2,10,0,-0.1050261440000213,32.753673276,32.753673276,32.753673276,1736.6626824130071,32.753673276,32.64864713199998,0.0,0.0,0.0,0.027805596590042114,False,True,
s-008,after_common_greedy_prefix,2,10,1,-0.1050261440000213,32.753673276,32.753673276,32.753673276,1736.6626824130071,32.753673276,32.64864713199998,0.0,0.0,0.0,0.027718566358089447,False,True,
s-008,after_common_greedy_prefix,3,10,0,-8971.0860802,9294.852833589,11529.859839598,6932.429627817919,1736.6626824130071,10050.265352267,1079.179272067,0.08127213331965305,0.0,0.0,0.02918768674135208,False,False,
s-008,after_common_greedy_prefix,3,10,1,-8971.0860802,9294.852833589,11529.859839598,6932.429627817919,1736.6626824130071,10050.265352267,1079.179272067,0.08127213331965305,0.0,0.0,0.02905452623963356,False,False,
s-008,after_common_greedy_prefix,4,10,0,-37290.281114845995,37290.176088702,67153.288479645,32141.261389349384,1736.6626824130071,38668.777540053,1378.4964252070058,0.03696956131480119,0.0,0.0,0.03456655517220497,False,False,
s-008,after_common_greedy_prefix,4,10,1,-37290.281114845995,37290.176088702,67153.288479645,32141.261389349384,1736.6626824130071,38668.777540053,1378.4964252070058,0.03696956131480119,0.0,0.0,0.03264155611395836,False,False,
s-008,after_common_greedy_prefix,5,10,0,-0.4810327390000566,117.991586378,117.991586378,117.991586378,1736.6626824130071,117.991586378,117.51055363899994,0.0,0.0,0.0,0.028777260333299637,False,True,
s-008,after_common_greedy_prefix,5,10,1,-0.4810327390000566,117.991586378,117.991586378,117.991586378,1736.6626824130071,117.991586378,117.51055363899994,0.0,0.0,0.0,0.027119416743516922,False,True,
s-008,after_common_greedy_prefix,6,10,0,-8467.568839935,9525.130530125,12442.671660159,6579.203349926383,1736.6626824130071,9706.280730975,1238.7118910400004,0.019018133166477855,0.0,0.0,0.030061617493629456,False,False,
s-008,after_common_greedy_prefix,6,10,1,-8467.568839935,9525.130530125,12442.671660159,6579.203349926383,1736.6626824130071,9706.280730975,1238.7118910400004,0.019018133166477855,0.0,0.0,0.030195176601409912,False,False,
s-008,after_common_greedy_prefix,7,10,0,-38223.768508163,38223.287475424,63728.995528047,31009.178342150994,1736.6626824130071,39188.213811888,964.4453037250059,0.02524446221650648,0.0,0.0,0.03234667330980301,False,False,
s-008,after_common_greedy_prefix,7,10,1,-38223.768508163,38223.287475424,63728.995528047,31009.178342150994,1736.6626824130071,39188.213811888,964.4453037250059,0.02524446221650648,0.0,0.0,0.032682906836271286,False,False,
s-008,after_common_greedy_prefix,8,10,0,-2.294681681000384,379.22392964899996,379.22392964899996,379.22392964899996,1736.6626824130071,379.22392964899996,376.9292479679996,0.0,0.0,0.0,0.02755192667245865,False,True,
s-008,after_common_greedy_prefix,8,10,1,-2.294681681000384,379.22392964899996,379.22392964899996,379.22392964899996,1736.6626824130071,379.22392964899996,376.9292479679996,0.0,0.0,0.0,0.028317395597696304,False,True,
s-008,after_common_greedy_prefix,9,10,0,-8727.743717468999,10464.406399882,16258.322394016,7337.036187252741,1736.6626824130071,10632.272653307,1904.5289358380014,0.01604164125610533,167.86625342499428,0.00023041886050652953,0.030660372227430344,False,False,0.030660372227430344
s-008,after_common_greedy_prefix,9,10,1,-8727.743717468999,10464.406399882,16258.322394016,7337.036187252741,1736.6626824130071,10632.272653307,1904.5289358380014,0.01604164125610533,167.86625342499428,0.00023041886050652953,0.029986273497343063,False,False,0.029986273497343063
s-008,after_common_greedy_prefix,10,10,0,-36791.612569109006,38092.169174983,53179.13070789,29357.2536608034,1736.6626824130071,39304.314781408,2512.7022122989947,0.031821385672650984,776.0395298859876,0.0010652179371135459,0.03210331127047539,False,False,0.03210331127047539
s-008,after_common_greedy_prefix,10,10,1,-36791.612569109006,38092.169174983,53179.13070789,29357.2536608034,1736.6626824130071,39304.314781408,2512.7022122989947,0.031821385672650984,776.0395298859876,0.0010652179371135459,0.032011549919843674,False,False,0.032011549919843674
s-009,after_one_actual_history_call,0,200,0,-8790.813404489,9513.408312906,19226.97181065,6920.32696064555,1736.6626824130071,10023.118393465,1232.3049889760005,0.05357807252607052,0.0,0.0,0.21815865859389305,False,False,
s-009,after_one_actual_history_call,0,200,1,-8790.813404489,9513.408312906,19226.97181065,6920.32696064555,1736.6626824130071,10023.118393465,1232.3049889760005,0.05357807252607052,0.0,0.0,0.216932762414217,False,False,
s-009,after_one_actual_history_call,0,1000,0,-8790.813404489,9513.408312906,19226.97181065,6920.32696064555,1736.6626824130071,10023.118393465,1232.3049889760005,0.05357807252607052,0.0,0.0,1.018255777657032,False,False,
s-009,after_one_actual_history_call,0,1000,1,-8790.813404489,9513.408312906,19226.97181065,6920.32696064555,1736.6626824130071,10023.118393465,1232.3049889760005,0.05357807252607052,0.0,0.0,1.0173674672842026,False,False,
s-009,after_one_actual_history_call,1,200,0,-36761.082677813,36761.082677813,65846.965608392,31466.475039025176,1736.6626824130071,37078.213332588,317.13065477499913,0.008626803991450502,0.0,0.0,0.22044066339731216,False,False,
s-009,after_one_actual_history_call,1,200,1,-36761.082677813,36761.082677813,65846.965608392,31466.475039025176,1736.6626824130071,37078.213332588,317.13065477499913,0.008626803991450502,0.0,0.0,0.21906820684671402,False,False,
s-009,after_one_actual_history_call,1,1000,0,-36761.082677813,36761.082677813,65846.965608392,31466.475039025176,1736.6626824130071,37078.213332588,317.13065477499913,0.008626803991450502,0.0,0.0,1.0192366875708103,False,False,
s-009,after_one_actual_history_call,1,1000,1,-36761.082677813,36761.082677813,65846.965608392,31466.475039025176,1736.6626824130071,37078.213332588,317.13065477499913,0.008626803991450502,0.0,0.0,1.01929921656847,False,False,
s-009,after_one_actual_history_call,2,200,0,-0.1050261440000213,32.753673276,32.753673276,32.753673276,1736.6626824130071,32.753673276,32.64864713199998,0.0,0.0,0.0,0.2146463394165039,False,True,
s-009,after_one_actual_history_call,2,200,1,-0.1050261440000213,32.753673276,32.753673276,32.753673276,1736.6626824130071,32.753673276,32.64864713199998,0.0,0.0,0.0,0.21526329591870308,False,True,
s-009,after_one_actual_history_call,2,1000,0,-0.1050261440000213,32.753673276,32.753673276,32.753673276,1736.6626824130071,32.753673276,32.64864713199998,0.0,0.0,0.0,1.0162653252482414,False,True,
s-009,after_one_actual_history_call,2,1000,1,-0.1050261440000213,32.753673276,32.753673276,32.753673276,1736.6626824130071,32.753673276,32.64864713199998,0.0,0.0,0.0,1.0145532004535198,False,True,
s-009,after_one_actual_history_call,3,200,0,-8971.0860802,9294.852833589,11529.859839598,6932.429627817919,1736.6626824130071,10050.265352267,1079.179272067,0.08127213331965305,0.0,0.0,0.21622926369309425,False,False,
s-009,after_one_actual_history_call,3,200,1,-8971.0860802,9294.852833589,11529.859839598,6932.429627817919,1736.6626824130071,10050.265352267,1079.179272067,0.08127213331965305,0.0,0.0,0.2170601673424244,False,False,
s-009,after_one_actual_history_call,3,1000,0,-8971.0860802,9294.852833589,11529.859839598,6932.429627817919,1736.6626824130071,10050.265352267,1079.179272067,0.08127213331965305,0.0,0.0,1.0165475606918335,False,False,
s-009,after_one_actual_history_call,3,1000,1,-8971.0860802,9294.852833589,11529.859839598,6932.429627817919,1736.6626824130071,10050.265352267,1079.179272067,0.08127213331965305,0.0,0.0,1.016279686242342,False,False,
s-009,after_one_actual_history_call,4,200,0,-37290.281114845995,38668.777540053,67153.288479645,32141.261389349384,1736.6626824130071,38668.777540053,1378.4964252070058,0.0,0.0,0.0,0.002681177109479904,False,True,
s-009,after_one_actual_history_call,4,200,1,-37290.281114845995,38668.777540053,67153.288479645,32141.261389349384,1736.6626824130071,38668.777540053,1378.4964252070058,0.0,0.0,0.0,0.002587340772151947,False,True,
s-009,after_one_actual_history_call,4,1000,0,-37290.281114845995,38668.777540053,67153.288479645,32141.261389349384,1736.6626824130071,38668.777540053,1378.4964252070058,0.0,0.0,0.0,1.0187798887491226,False,True,
s-009,after_one_actual_history_call,4,1000,1,-37290.281114845995,38668.777540053,67153.288479645,32141.261389349384,1736.6626824130071,38668.777540053,1378.4964252070058,0.0,0.0,0.0,1.0185380391776562,False,True,
s-009,after_one_actual_history_call,5,200,0,-0.4810327390000566,117.991586378,117.991586378,117.991586378,1736.6626824130071,117.991586378,117.51055363899994,0.0,0.0,0.0,0.2145215980708599,False,True,
s-009,after_one_actual_history_call,5,200,1,-0.4810327390000566,117.991586378,117.991586378,117.991586378,1736.6626824130071,117.991586378,117.51055363899994,0.0,0.0,0.0,0.21461638063192368,False,True,
s-009,after_one_actual_history_call,5,1000,0,-0.4810327390000566,117.991586378,117.991586378,117.991586378,1736.6626824130071,117.991586378,117.51055363899994,0.0,0.0,0.0,1.014806468039751,False,True,
s-009,after_one_actual_history_call,5,1000,1,-0.4810327390000566,117.991586378,117.991586378,117.991586378,1736.6626824130071,117.991586378,117.51055363899994,0.0,0.0,0.0,1.0145082958042622,False,True,
s-009,after_one_actual_history_call,6,200,0,-8467.568839935,9525.130530125,12442.671660159,6579.203349926383,1736.6626824130071,9706.280730975,1238.7118910400004,0.019018133166477855,0.0,0.0,0.21711966022849083,False,False,
s-009,after_one_actual_history_call,6,200,1,-8467.568839935,9525.130530125,12442.671660159,6579.203349926383,1736.6626824130071,9706.280730975,1238.7118910400004,0.019018133166477855,0.0,0.0,0.21639760211110115,False,False,
s-009,after_one_actual_history_call,6,1000,0,-8467.568839935,9525.130530125,12442.671660159,6579.203349926383,1736.6626824130071,9706.280730975,1238.7118910400004,0.019018133166477855,0.0,0.0,1.0167874544858932,False,False,
s-009,after_one_actual_history_call,6,1000,1,-8467.568839935,9525.130530125,12442.671660159,6579.203349926383,1736.6626824130071,9706.280730975,1238.7118910400004,0.019018133166477855,0.0,0.0,1.0171103328466415,False,False,
s-009,after_one_actual_history_call,7,200,0,-38223.768508163,38223.287475424,63728.995528047,31009.178342150994,1736.6626824130071,39188.213811888,964.4453037250059,0.02524446221650648,0.0,0.0,0.21976513415575027,False,False,
s-009,after_one_actual_history_call,7,200,1,-38223.768508163,38223.287475424,63728.995528047,31009.178342150994,1736.6626824130071,39188.213811888,964.4453037250059,0.02524446221650648,0.0,0.0,0.2190079763531685,False,False,
s-009,after_one_actual_history_call,7,1000,0,-38223.768508163,38223.287475424,63728.995528047,31009.178342150994,1736.6626824130071,39188.213811888,964.4453037250059,0.02524446221650648,0.0,0.0,1.0194481052458286,False,False,
s-009,after_one_actual_history_call,7,1000,1,-38223.768508163,38223.287475424,63728.995528047,31009.178342150994,1736.6626824130071,39188.213811888,964.4453037250059,0.02524446221650648,0.0,0.0,1.0208761394023895,False,False,
s-009,after_one_actual_history_call,8,200,0,-2.294681681000384,379.22392964899996,379.22392964899996,379.22392964899996,1736.6626824130071,379.22392964899996,376.9292479679996,0.0,0.0,0.0,0.21772120520472527,False,True,
s-009,after_one_actual_history_call,8,200,1,-2.294681681000384,379.22392964899996,379.22392964899996,379.22392964899996,1736.6626824130071,379.22392964899996,376.9292479679996,0.0,0.0,0.0,0.21856068074703217,False,True,
s-009,after_one_actual_history_call,8,1000,0,-2.294681681000384,379.22392964899996,379.22392964899996,379.22392964899996,1736.6626824130071,379.22392964899996,376.9292479679996,0.0,0.0,0.0,1.0172353200614452,False,True,
s-009,after_one_actual_history_call,8,1000,1,-2.294681681000384,379.22392964899996,379.22392964899996,379.22392964899996,1736.6626824130071,379.22392964899996,376.9292479679996,0.0,0.0,0.0,1.0179508849978447,False,True,
s-009,after_one_actual_history_call,9,200,0,-8727.743717468999,10464.406399882,16258.322394016,7337.036187252741,1736.6626824130071,10632.272653307,1904.5289358380014,0.01604164125610533,167.86625342499428,0.00023041886050652953,0.22062645107507706,False,False,0.22062645107507706
s-009,after_one_actual_history_call,9,200,1,-8727.743717468999,10464.406399882,16258.322394016,7337.036187252741,1736.6626824130071,10632.272653307,1904.5289358380014,0.01604164125610533,167.86625342499428,0.00023041886050652953,0.21893901377916336,False,False,0.21893901377916336
s-009,after_one_actual_history_call,9,1000,0,-8727.743717468999,10464.406399882,16258.322394016,7337.036187252741,1736.6626824130071,10632.272653307,1904.5289358380014,0.01604164125610533,167.86625342499428,0.00023041886050652953,1.0182720012962818,False,False,1.0182720012962818
s-009,after_one_actual_history_call,9,1000,1,-8727.743717468999,10464.406399882,16258.322394016,7337.036187252741,1736.6626824130071,10632.272653307,1904.5289358380014,0.01604164125610533,167.86625342499428,0.00023041886050652953,1.0193548686802387,False,False,1.0193548686802387
s-009,after_one_actual_history_call,10,200,0,-36791.612569109006,38092.169174983,53179.13070789,29357.2536608034,1736.6626824130071,39304.314781408,2512.7022122989947,0.031821385672650984,776.0395298859876,0.0010652179371135459,0.2290199175477028,False,False,0.2290199175477028
s-009,after_one_actual_history_call,10,200,1,-36791.612569109006,38092.169174983,53179.13070789,29357.2536608034,1736.6626824130071,39304.314781408,2512.7022122989947,0.031821385672650984,776.0395298859876,0.0010652179371135459,0.22046394273638725,False,False,0.22046394273638725
s-009,after_one_actual_history_call,10,1000,0,-36791.612569109006,38092.169174983,53179.13070789,29357.2536608034,1736.6626824130071,39304.314781408,2512.7022122989947,0.031821385672650984,776.0395298859876,0.0010652179371135459,1.0209227539598942,False,False,1.0209227539598942
s-009,after_one_actual_history_call,10,1000,1,-36791.612569109006,38092.169174983,53179.13070789,29357.2536608034,1736.6626824130071,39304.314781408,2512.7022122989947,0.031821385672650984,776.0395298859876,0.0010652179371135459,1.0211010165512562,False,False,1.0211010165512562
s-009,after_one_actual_history_call,0,50,0,-8790.813404489,9513.408312906,19226.97181065,6920.32696064555,1736.6626824130071,10023.118393465,1232.3049889760005,0.05357807252607052,0.0,0.0,0.06986788660287857,False,False,
s-009,after_one_actual_history_call,0,50,1,-8790.813404489,9513.408312906,19226.97181065,6920.32696064555,1736.6626824130071,10023.118393465,1232.3049889760005,0.05357807252607052,0.0,0.0,0.0713246688246727,False,False,
s-009,after_one_actual_history_call,1,50,0,-36761.082677813,36761.082677813,65846.965608392,31466.475039025176,1736.6626824130071,37078.213332588,317.13065477499913,0.008626803991450502,0.0,0.0,0.07156501710414886,False,False,
s-009,after_one_actual_history_call,1,50,1,-36761.082677813,36761.082677813,65846.965608392,31466.475039025176,1736.6626824130071,37078.213332588,317.13065477499913,0.008626803991450502,0.0,0.0,0.07087309285998344,False,False,
s-009,after_one_actual_history_call,2,50,0,-0.1050261440000213,32.753673276,32.753673276,32.753673276,1736.6626824130071,32.753673276,32.64864713199998,0.0,0.0,0.0,0.06748843193054199,False,True,
s-009,after_one_actual_history_call,2,50,1,-0.1050261440000213,32.753673276,32.753673276,32.753673276,1736.6626824130071,32.753673276,32.64864713199998,0.0,0.0,0.0,0.0674402192234993,False,True,
s-009,after_one_actual_history_call,3,50,0,-8971.0860802,9294.852833589,11529.859839598,6932.429627817919,1736.6626824130071,10050.265352267,1079.179272067,0.08127213331965305,0.0,0.0,0.06955685093998909,False,False,
s-009,after_one_actual_history_call,3,50,1,-8971.0860802,9294.852833589,11529.859839598,6932.429627817919,1736.6626824130071,10050.265352267,1079.179272067,0.08127213331965305,0.0,0.0,0.06922698765993118,False,False,
s-009,after_one_actual_history_call,4,50,0,-37290.281114845995,38668.777540053,67153.288479645,32141.261389349384,1736.6626824130071,38668.777540053,1378.4964252070058,0.0,0.0,0.0,0.07209108024835587,False,True,
s-009,after_one_actual_history_call,4,50,1,-37290.281114845995,38668.777540053,67153.288479645,32141.261389349384,1736.6626824130071,38668.777540053,1378.4964252070058,0.0,0.0,0.0,0.0716741569340229,False,True,
s-009,after_one_actual_history_call,5,50,0,-0.4810327390000566,117.991586378,117.991586378,117.991586378,1736.6626824130071,117.991586378,117.51055363899994,0.0,0.0,0.0,0.06820002943277359,False,True,
s-009,after_one_actual_history_call,5,50,1,-0.4810327390000566,117.991586378,117.991586378,117.991586378,1736.6626824130071,117.991586378,117.51055363899994,0.0,0.0,0.0,0.06667463853955269,False,True,
s-009,after_one_actual_history_call,6,50,0,-8467.568839935,9525.130530125,12442.671660159,6579.203349926383,1736.6626824130071,9706.280730975,1238.7118910400004,0.019018133166477855,0.0,0.0,0.06889492645859718,False,False,
s-009,after_one_actual_history_call,6,50,1,-8467.568839935,9525.130530125,12442.671660159,6579.203349926383,1736.6626824130071,9706.280730975,1238.7118910400004,0.019018133166477855,0.0,0.0,0.06926830857992172,False,False,
s-009,after_one_actual_history_call,7,50,0,-38223.768508163,38223.287475424,63728.995528047,31009.178342150994,1736.6626824130071,39188.213811888,964.4453037250059,0.02524446221650648,0.0,0.0,0.07200580462813377,False,False,
s-009,after_one_actual_history_call,7,50,1,-38223.768508163,38223.287475424,63728.995528047,31009.178342150994,1736.6626824130071,39188.213811888,964.4453037250059,0.02524446221650648,0.0,0.0,0.07157225161790848,False,False,
s-009,after_one_actual_history_call,8,50,0,-2.294681681000384,379.22392964899996,379.22392964899996,379.22392964899996,1736.6626824130071,379.22392964899996,376.9292479679996,0.0,0.0,0.0,0.0675334595143795,False,True,
s-009,after_one_actual_history_call,8,50,1,-2.294681681000384,379.22392964899996,379.22392964899996,379.22392964899996,1736.6626824130071,379.22392964899996,376.9292479679996,0.0,0.0,0.0,0.06659573316574097,False,True,
s-009,after_one_actual_history_call,9,50,0,-8727.743717468999,10464.406399882,16258.322394016,7337.036187252741,1736.6626824130071,10632.272653307,1904.5289358380014,0.01604164125610533,167.86625342499428,0.00023041886050652953,0.06953543424606323,False,False,0.06953543424606323
s-009,after_one_actual_history_call,9,50,1,-8727.743717468999,10464.406399882,16258.322394016,7337.036187252741,1736.6626824130071,10632.272653307,1904.5289358380014,0.01604164125610533,167.86625342499428,0.00023041886050652953,0.07023722678422928,False,False,0.07023722678422928
s-009,after_one_actual_history_call,10,50,0,-36791.612569109006,38092.169174983,53179.13070789,29357.2536608034,1736.6626824130071,39304.314781408,2512.7022122989947,0.031821385672650984,776.0395298859876,0.0010652179371135459,0.07159211114048958,False,False,0.07159211114048958
s-009,after_one_actual_history_call,10,50,1,-36791.612569109006,38092.169174983,53179.13070789,29357.2536608034,1736.6626824130071,39304.314781408,2512.7022122989947,0.031821385672650984,776.0395298859876,0.0010652179371135459,0.07210208848118782,False,False,0.07210208848118782
s-009,after_one_actual_history_call,0,10,0,-8790.813404489,9513.408312906,19226.97181065,6920.32696064555,1736.6626824130071,10023.118393465,1232.3049889760005,0.05357807252607052,0.0,0.0,0.031459685415029526,False,False,
s-009,after_one_actual_history_call,0,10,1,-8790.813404489,9513.408312906,19226.97181065,6920.32696064555,1736.6626824130071,10023.118393465,1232.3049889760005,0.05357807252607052,0.0,0.0,0.03169060871005058,False,False,
s-009,after_one_actual_history_call,1,10,0,-36761.082677813,36761.082677813,65846.965608392,31466.475039025176,1736.6626824130071,37078.213332588,317.13065477499913,0.008626803991450502,0.0,0.0,0.03367118164896965,False,False,
s-009,after_one_actual_history_call,1,10,1,-36761.082677813,36761.082677813,65846.965608392,31466.475039025176,1736.6626824130071,37078.213332588,317.13065477499913,0.008626803991450502,0.0,0.0,0.03405500203371048,False,False,
s-009,after_one_actual_history_call,2,10,0,-0.1050261440000213,32.753673276,32.753673276,32.753673276,1736.6626824130071,32.753673276,32.64864713199998,0.0,0.0,0.0,0.029955938458442688,False,True,
s-009,after_one_actual_history_call,2,10,1,-0.1050261440000213,32.753673276,32.753673276,32.753673276,1736.6626824130071,32.753673276,32.64864713199998,0.0,0.0,0.0,0.030260708183050156,False,True,
s-009,after_one_actual_history_call,3,10,0,-8971.0860802,9294.852833589,11529.859839598,6932.429627817919,1736.6626824130071,10050.265352267,1079.179272067,0.08127213331965305,0.0,0.0,0.029443930834531784,False,False,
s-009,after_one_actual_history_call,3,10,1,-8971.0860802,9294.852833589,11529.859839598,6932.429627817919,1736.6626824130071,10050.265352267,1079.179272067,0.08127213331965305,0.0,0.0,0.030423618853092194,False,False,
s-009,after_one_actual_history_call,4,10,0,-37290.281114845995,38668.777540053,67153.288479645,32141.261389349384,1736.6626824130071,38668.777540053,1378.4964252070058,0.0,0.0,0.0,0.03252038732171059,False,True,
s-009,after_one_actual_history_call,4,10,1,-37290.281114845995,38668.777540053,67153.288479645,32141.261389349384,1736.6626824130071,38668.777540053,1378.4964252070058,0.0,0.0,0.0,0.03241452947258949,False,True,
s-009,after_one_actual_history_call,5,10,0,-0.4810327390000566,117.991586378,117.991586378,117.991586378,1736.6626824130071,117.991586378,117.51055363899994,0.0,0.0,0.0,0.028893157839775085,False,True,
s-009,after_one_actual_history_call,5,10,1,-0.4810327390000566,117.991586378,117.991586378,117.991586378,1736.6626824130071,117.991586378,117.51055363899994,0.0,0.0,0.0,0.028886690735816956,False,True,
s-009,after_one_actual_history_call,6,10,0,-8467.568839935,9525.130530125,12442.671660159,6579.203349926383,1736.6626824130071,9706.280730975,1238.7118910400004,0.019018133166477855,0.0,0.0,0.03134027123451233,False,False,
s-009,after_one_actual_history_call,6,10,1,-8467.568839935,9525.130530125,12442.671660159,6579.203349926383,1736.6626824130071,9706.280730975,1238.7118910400004,0.019018133166477855,0.0,0.0,0.032217852771282196,False,False,
s-009,after_one_actual_history_call,7,10,0,-38223.768508163,38223.287475424,63728.995528047,31009.178342150994,1736.6626824130071,39188.213811888,964.4453037250059,0.02524446221650648,0.0,0.0,0.033376362174749374,False,False,
s-009,after_one_actual_history_call,7,10,1,-38223.768508163,38223.287475424,63728.995528047,31009.178342150994,1736.6626824130071,39188.213811888,964.4453037250059,0.02524446221650648,0.0,0.0,0.03352272883057594,False,False,
s-009,after_one_actual_history_call,8,10,0,-2.294681681000384,379.22392964899996,379.22392964899996,379.22392964899996,1736.6626824130071,379.22392964899996,376.9292479679996,0.0,0.0,0.0,0.02869756519794464,False,True,
s-009,after_one_actual_history_call,8,10,1,-2.294681681000384,379.22392964899996,379.22392964899996,379.22392964899996,1736.6626824130071,379.22392964899996,376.9292479679996,0.0,0.0,0.0,0.027926698327064514,False,True,
s-009,after_one_actual_history_call,9,10,0,-8727.743717468999,10464.406399882,16258.322394016,7337.036187252741,1736.6626824130071,10632.272653307,1904.5289358380014,0.01604164125610533,167.86625342499428,0.00023041886050652953,0.03074486553668976,False,False,0.03074486553668976
s-009,after_one_actual_history_call,9,10,1,-8727.743717468999,10464.406399882,16258.322394016,7337.036187252741,1736.6626824130071,10632.272653307,1904.5289358380014,0.01604164125610533,167.86625342499428,0.00023041886050652953,0.030728083103895187,False,False,0.030728083103895187
s-009,after_one_actual_history_call,10,10,0,-36791.612569109006,38092.169174983,53179.13070789,29357.2536608034,1736.6626824130071,39304.314781408,2512.7022122989947,0.031821385672650984,776.0395298859876,0.0010652179371135459,0.03267699107527733,False,False,0.03267699107527733
s-009,after_one_actual_history_call,10,10,1,-36791.612569109006,38092.169174983,53179.13070789,29357.2536608034,1736.6626824130071,39304.314781408,2512.7022122989947,0.031821385672650984,776.0395298859876,0.0010652179371135459,0.03329877182841301,False,False,0.03329877182841301
s-010,after_common_greedy_prefix,0,200,0,-9544.067453313,9544.067453313,18947.116825315,7019.169361179993,1703.5448414690327,10125.847039407,581.7795860939987,0.060957195550000794,0.0,0.0,0.21755659207701683,False,False,
s-010,after_common_greedy_prefix,0,200,1,-9544.067453313,9544.067453313,18947.116825315,7019.169361179993,1703.5448414690327,10125.847039407,581.7795860939987,0.060957195550000794,0.0,0.0,0.21962513774633408,False,False,
s-010,after_common_greedy_prefix,0,1000,0,-9544.067453313,9544.067453313,18947.116825315,7019.169361179993,1703.5448414690327,10125.847039407,581.7795860939987,0.060957195550000794,0.0,0.0,1.0215665437281132,False,False,
s-010,after_common_greedy_prefix,0,1000,1,-9544.067453313,9544.067453313,18947.116825315,7019.169361179993,1703.5448414690327,10125.847039407,581.7795860939987,0.060957195550000794,0.0,0.0,1.020288858562708,False,False,
s-010,after_common_greedy_prefix,1,200,0,-36262.599671504,36262.599671504,61140.859666502,31445.199265727322,1703.5448414690327,36336.724748476,74.12507697199908,0.0020441192204498316,0.0,0.0,0.21996190398931503,False,False,
s-010,after_common_greedy_prefix,1,200,1,-36262.599671504,36262.599671504,61140.859666502,31445.199265727322,1703.5448414690327,36336.724748476,74.12507697199908,0.0020441192204498316,0.0,0.0,0.22043221443891525,False,False,
s-010,after_common_greedy_prefix,1,1000,0,-36262.599671504,36262.599671504,61140.859666502,31445.199265727322,1703.5448414690327,36336.724748476,74.12507697199908,0.0020441192204498316,0.0,0.0,1.0205425694584846,False,False,
s-010,after_common_greedy_prefix,1,1000,1,-36262.599671504,36262.599671504,61140.859666502,31445.199265727322,1703.5448414690327,36336.724748476,74.12507697199908,0.0020441192204498316,0.0,0.0,1.0199014656245708,False,False,
s-010,after_common_greedy_prefix,2,200,0,-0.1050261440000213,32.753673276,32.753673276,32.753673276,1703.5448414690327,32.753673276,32.64864713199998,0.0,0.0,0.0,0.21751241385936737,False,True,
s-010,after_common_greedy_prefix,2,200,1,-0.1050261440000213,32.753673276,32.753673276,32.753673276,1703.5448414690327,32.753673276,32.64864713199998,0.0,0.0,0.0,0.21569107472896576,False,True,
s-010,after_common_greedy_prefix,2,1000,0,-0.1050261440000213,32.753673276,32.753673276,32.753673276,1703.5448414690327,32.753673276,32.64864713199998,0.0,0.0,0.0,1.0155088528990746,False,True,
s-010,after_common_greedy_prefix,2,1000,1,-0.1050261440000213,32.753673276,32.753673276,32.753673276,1703.5448414690327,32.753673276,32.64864713199998,0.0,0.0,0.0,1.0166561417281628,False,True,
s-010,after_common_greedy_prefix,3,200,0,-8915.070478293,9238.837231682,11103.807543031,6529.055573186974,1703.5448414690327,9669.693159208,754.6226809149994,0.04663529800573821,0.0,0.0,0.21753321960568428,False,False,
s-010,after_common_greedy_prefix,3,200,1,-8915.070478293,9238.837231682,11103.807543031,6529.055573186974,1703.5448414690327,9669.693159208,754.6226809149994,0.04663529800573821,0.0,0.0,0.21817424148321152,False,False,
s-010,after_common_greedy_prefix,3,1000,0,-8915.070478293,9238.837231682,11103.807543031,6529.055573186974,1703.5448414690327,9669.693159208,754.6226809149994,0.04663529800573821,0.0,0.0,1.0196760818362236,False,False,
s-010,after_common_greedy_prefix,3,1000,1,-8915.070478293,9238.837231682,11103.807543031,6529.055573186974,1703.5448414690327,9669.693159208,754.6226809149994,0.04663529800573821,0.0,0.0,1.0198610462248325,False,False,
s-010,after_common_greedy_prefix,4,200,0,-37212.130090326,37212.025064182,65828.320230769,31756.75575681535,1703.5448414690327,38707.942800816,1495.812710490005,0.040199847604474474,0.0,0.0,0.22295622900128365,False,False,
s-010,after_common_greedy_prefix,4,200,1,-37212.130090326,37212.025064182,65828.320230769,31756.75575681535,1703.5448414690327,38707.942800816,1495.812710490005,0.040199847604474474,0.0,0.0,0.2231423519551754,False,False,
s-010,after_common_greedy_prefix,4,1000,0,-37212.130090326,37212.025064182,65828.320230769,31756.75575681535,1703.5448414690327,38707.942800816,1495.812710490005,0.040199847604474474,0.0,0.0,1.0228803344070911,False,False,
s-010,after_common_greedy_prefix,4,1000,1,-37212.130090326,37212.025064182,65828.320230769,31756.75575681535,1703.5448414690327,38707.942800816,1495.812710490005,0.040199847604474474,0.0,0.0,1.023825068026781,False,False,
s-010,after_common_greedy_prefix,5,200,0,-0.4810327390000566,117.991586378,117.991586378,117.991586378,1703.5448414690327,117.991586378,117.51055363899994,0.0,0.0,0.0,0.2177487500011921,False,True,
s-010,after_common_greedy_prefix,5,200,1,-0.4810327390000566,117.991586378,117.991586378,117.991586378,1703.5448414690327,117.991586378,117.51055363899994,0.0,0.0,0.0,0.21691753715276718,False,True,
s-010,after_common_greedy_prefix,5,1000,0,-0.4810327390000566,117.991586378,117.991586378,117.991586378,1703.5448414690327,117.991586378,117.51055363899994,0.0,0.0,0.0,1.016749370843172,False,True,
s-010,after_common_greedy_prefix,5,1000,1,-0.4810327390000566,117.991586378,117.991586378,117.991586378,1703.5448414690327,117.991586378,117.51055363899994,0.0,0.0,0.0,1.016724158078432,False,True,
s-010,after_common_greedy_prefix,6,200,0,-8414.811850763,9370.063992577,11871.626014789,6674.254090314853,1703.5448414690327,9552.503030521,1137.6911797579996,0.019470415366269637,0.0,0.0,0.21817867830395699,False,False,
s-010,after_common_greedy_prefix,6,200,1,-8414.811850763,9370.063992577,11871.626014789,6674.254090314853,1703.5448414690327,9552.503030521,1137.6911797579996,0.019470415366269637,0.0,0.0,0.21799224615097046,False,False,
s-010,after_common_greedy_prefix,6,1000,0,-8414.811850763,9370.063992577,11871.626014789,6674.254090314853,1703.5448414690327,9552.503030521,1137.6911797579996,0.019470415366269637,0.0,0.0,1.0177410989999771,False,False,
s-010,after_common_greedy_prefix,6,1000,1,-8414.811850763,9370.063992577,11871.626014789,6674.254090314853,1703.5448414690327,9552.503030521,1137.6911797579996,0.019470415366269637,0.0,0.0,1.0171940922737122,False,False,
s-010,after_common_greedy_prefix,7,200,0,-37452.559756635,37452.078723896,62852.294868625,30328.8550958174,1703.5448414690327,38649.605325296,1197.0455686610003,0.031974903455383605,0.0,0.0,0.2208813913166523,False,False,
s-010,after_common_greedy_prefix,7,200,1,-37452.559756635,37452.078723896,62852.294868625,30328.8550958174,1703.5448414690327,38649.605325296,1197.0455686610003,0.031974903455383605,0.0,0.0,0.21958095952868462,False,False,
s-010,after_common_greedy_prefix,7,1000,0,-37452.559756635,37452.078723896,62852.294868625,30328.8550958174,1703.5448414690327,38649.605325296,1197.0455686610003,0.031974903455383605,0.0,0.0,1.019607838243246,False,False,
s-010,after_common_greedy_prefix,7,1000,1,-37452.559756635,37452.078723896,62852.294868625,30328.8550958174,1703.5448414690327,38649.605325296,1197.0455686610003,0.031974903455383605,0.0,0.0,1.018511775881052,False,False,
s-010,after_common_greedy_prefix,8,200,0,-2.294681681000384,379.22392964899996,379.22392964899996,379.22392964899996,1703.5448414690327,379.22392964899996,376.9292479679996,0.0,0.0,0.0,0.2148287333548069,False,True,
s-010,after_common_greedy_prefix,8,200,1,-2.294681681000384,379.22392964899996,379.22392964899996,379.22392964899996,1703.5448414690327,379.22392964899996,376.9292479679996,0.0,0.0,0.0,0.21483051776885986,False,True,
s-010,after_common_greedy_prefix,8,1000,0,-2.294681681000384,379.22392964899996,379.22392964899996,379.22392964899996,1703.5448414690327,379.22392964899996,376.9292479679996,0.0,0.0,0.0,1.0149272978305817,False,True,
s-010,after_common_greedy_prefix,8,1000,1,-2.294681681000384,379.22392964899996,379.22392964899996,379.22392964899996,1703.5448414690327,379.22392964899996,376.9292479679996,0.0,0.0,0.0,1.0150372311472893,False,True,
s-010,after_common_greedy_prefix,9,200,0,-8535.543995139,10239.088836608,15808.737000548,7177.304258364172,1703.5448414690327,10440.072930977,1904.5289358379996,0.019629099578706417,200.9840943689669,0.0002758775218935028,0.21811853349208832,False,False,0.21811853349208832
s-010,after_common_greedy_prefix,9,200,1,-8535.543995139,10239.088836608,15808.737000548,7177.304258364172,1703.5448414690327,10440.072930977,1904.5289358379996,0.019629099578706417,200.9840943689669,0.0002758775218935028,0.21790265291929245,False,False,0.21790265291929245
s-010,after_common_greedy_prefix,9,1000,0,-8535.543995139,10239.088836608,15808.737000548,7177.304258364172,1703.5448414690327,10440.072930977,1904.5289358379996,0.019629099578706417,200.9840943689669,0.0002758775218935028,1.0170767977833748,False,False,1.0170767977833748
s-010,after_common_greedy_prefix,9,1000,1,-8535.543995139,10239.088836608,15808.737000548,7177.304258364172,1703.5448414690327,10440.072930977,1904.5289358379996,0.019629099578706417,200.9840943689669,0.0002758775218935028,1.017513643950224,False,False,1.017513643950224
s-010,after_common_greedy_prefix,10,200,0,-36621.225609265006,37921.782215139,52945.43115314,29064.787409270484,1703.5448414690327,39133.927821564,2512.7022122989947,0.03196436284424135,809.157370829962,0.0011106765985005216,0.2188149355351925,False,False,0.2188149355351925
s-010,after_common_greedy_prefix,10,200,1,-36621.225609265006,37921.782215139,52945.43115314,29064.787409270484,1703.5448414690327,39133.927821564,2512.7022122989947,0.03196436284424135,809.157370829962,0.0011106765985005216,0.21885402500629425,False,False,0.21885402500629425
s-010,after_common_greedy_prefix,10,1000,0,-36621.225609265006,37921.782215139,52945.43115314,29064.787409270484,1703.5448414690327,39133.927821564,2512.7022122989947,0.03196436284424135,809.157370829962,0.0011106765985005216,1.020300555974245,False,False,1.020300555974245
s-010,after_common_greedy_prefix,10,1000,1,-36621.225609265006,37921.782215139,52945.43115314,29064.787409270484,1703.5448414690327,39133.927821564,2512.7022122989947,0.03196436284424135,809.157370829962,0.0011106765985005216,1.0197735093533993,False,False,1.0197735093533993
s-010,after_common_greedy_prefix,0,50,0,-9544.067453313,9544.067453313,18947.116825315,7019.169361179993,1703.5448414690327,10125.847039407,581.7795860939987,0.060957195550000794,0.0,0.0,0.07107172906398773,False,False,
s-010,after_common_greedy_prefix,0,50,1,-9544.067453313,9544.067453313,18947.116825315,7019.169361179993,1703.5448414690327,10125.847039407,581.7795860939987,0.060957195550000794,0.0,0.0,0.07059336453676224,False,False,
s-010,after_common_greedy_prefix,1,50,0,-36262.599671504,36262.599671504,61140.859666502,31445.199265727322,1703.5448414690327,36318.993971235,56.3942997310005,0.0015551642806049689,0.0,0.0,0.07213786616921425,False,False,
s-010,after_common_greedy_prefix,1,50,1,-36262.599671504,36262.599671504,61140.859666502,31445.199265727322,1703.5448414690327,36318.993971235,56.3942997310005,0.0015551642806049689,0.0,0.0,0.0722668208181858,False,False,
s-010,after_common_greedy_prefix,2,50,0,-0.1050261440000213,32.753673276,32.753673276,32.753673276,1703.5448414690327,32.753673276,32.64864713199998,0.0,0.0,0.0,0.0677906833589077,False,True,
s-010,after_common_greedy_prefix,2,50,1,-0.1050261440000213,32.753673276,32.753673276,32.753673276,1703.5448414690327,32.753673276,32.64864713199998,0.0,0.0,0.0,0.06774058192968369,False,True,
s-010,after_common_greedy_prefix,3,50,0,-8915.070478293,9238.837231682,11103.807543031,6529.055573186974,1703.5448414690327,9669.693159208,754.6226809149994,0.04663529800573821,0.0,0.0,0.07016073912382126,False,False,
s-010,after_common_greedy_prefix,3,50,1,-8915.070478293,9238.837231682,11103.807543031,6529.055573186974,1703.5448414690327,9669.693159208,754.6226809149994,0.04663529800573821,0.0,0.0,0.07127479091286659,False,False,
s-010,after_common_greedy_prefix,4,50,0,-37212.130090326,37212.025064182,65828.320230769,31756.75575681535,1703.5448414690327,38707.942800816,1495.812710490005,0.040199847604474474,0.0,0.0,0.0713370181620121,False,False,
s-010,after_common_greedy_prefix,4,50,1,-37212.130090326,37212.025064182,65828.320230769,31756.75575681535,1703.5448414690327,38707.942800816,1495.812710490005,0.040199847604474474,0.0,0.0,0.14484981074929237,False,False,
s-010,after_common_greedy_prefix,5,50,0,-0.4810327390000566,117.991586378,117.991586378,117.991586378,1703.5448414690327,117.991586378,117.51055363899994,0.0,0.0,0.0,0.06788716837763786,False,True,
s-010,after_common_greedy_prefix,5,50,1,-0.4810327390000566,117.991586378,117.991586378,117.991586378,1703.5448414690327,117.991586378,117.51055363899994,0.0,0.0,0.0,0.06722041964530945,False,True,
s-010,after_common_greedy_prefix,6,50,0,-8414.811850763,9370.063992577,11871.626014789,6674.254090314853,1703.5448414690327,9552.503030521,1137.6911797579996,0.019470415366269637,0.0,0.0,0.0696675106883049,False,False,
s-010,after_common_greedy_prefix,6,50,1,-8414.811850763,9370.063992577,11871.626014789,6674.254090314853,1703.5448414690327,9552.503030521,1137.6911797579996,0.019470415366269637,0.0,0.0,0.06885829195380211,False,False,
s-010,after_common_greedy_prefix,7,50,0,-37452.559756635,37452.078723896,62852.294868625,30328.8550958174,1703.5448414690327,38649.605325296,1197.0455686610003,0.031974903455383605,0.0,0.0,0.07117166742682457,False,False,
s-010,after_common_greedy_prefix,7,50,1,-37452.559756635,37452.078723896,62852.294868625,30328.8550958174,1703.5448414690327,38649.605325296,1197.0455686610003,0.031974903455383605,0.0,0.0,0.07104913517832756,False,False,
s-010,after_common_greedy_prefix,8,50,0,-2.294681681000384,379.22392964899996,379.22392964899996,379.22392964899996,1703.5448414690327,379.22392964899996,376.9292479679996,0.0,0.0,0.0,0.06712682172656059,False,True,
s-010,after_common_greedy_prefix,8,50,1,-2.294681681000384,379.22392964899996,379.22392964899996,379.22392964899996,1703.5448414690327,379.22392964899996,376.9292479679996,0.0,0.0,0.0,0.06715808063745499,False,True,
s-010,after_common_greedy_prefix,9,50,0,-8535.543995139,10239.088836608,15808.737000548,7177.304258364172,1703.5448414690327,10440.072930977,1904.5289358379996,0.019629099578706417,200.9840943689669,0.0002758775218935028,0.07021145522594452,False,False,0.07021145522594452
s-010,after_common_greedy_prefix,9,50,1,-8535.543995139,10239.088836608,15808.737000548,7177.304258364172,1703.5448414690327,10440.072930977,1904.5289358379996,0.019629099578706417,200.9840943689669,0.0002758775218935028,0.07023991271853447,False,False,0.07023991271853447
s-010,after_common_greedy_prefix,10,50,0,-36621.225609265006,37921.782215139,52945.43115314,29064.787409270484,1703.5448414690327,39133.927821564,2512.7022122989947,0.03196436284424135,809.157370829962,0.0011106765985005216,0.07143941521644592,False,False,0.07143941521644592
s-010,after_common_greedy_prefix,10,50,1,-36621.225609265006,37921.782215139,52945.43115314,29064.787409270484,1703.5448414690327,39133.927821564,2512.7022122989947,0.03196436284424135,809.157370829962,0.0011106765985005216,0.07224007695913315,False,False,0.07224007695913315
s-010,after_common_greedy_prefix,0,10,0,-9544.067453313,9544.067453313,18947.116825315,7019.169361179993,1703.5448414690327,10125.847039407,581.7795860939987,0.060957195550000794,0.0,0.0,0.030714351683855057,False,False,
s-010,after_common_greedy_prefix,0,10,1,-9544.067453313,9544.067453313,18947.116825315,7019.169361179993,1703.5448414690327,10125.847039407,581.7795860939987,0.060957195550000794,0.0,0.0,0.03206411749124527,False,False,
s-010,after_common_greedy_prefix,1,10,0,-36262.599671504,36262.599671504,61140.859666502,31445.199265727322,1703.5448414690327,36318.993971235,56.3942997310005,0.0015551642806049689,0.0,0.0,0.03348567709326744,False,False,
s-010,after_common_greedy_prefix,1,10,1,-36262.599671504,36262.599671504,61140.859666502,31445.199265727322,1703.5448414690327,36318.993971235,56.3942997310005,0.0015551642806049689,0.0,0.0,0.03165610879659653,False,False,
s-010,after_common_greedy_prefix,2,10,0,-0.1050261440000213,32.753673276,32.753673276,32.753673276,1703.5448414690327,32.753673276,32.64864713199998,0.0,0.0,0.0,0.02871217206120491,False,True,
s-010,after_common_greedy_prefix,2,10,1,-0.1050261440000213,32.753673276,32.753673276,32.753673276,1703.5448414690327,32.753673276,32.64864713199998,0.0,0.0,0.0,0.02842358872294426,False,True,
s-010,after_common_greedy_prefix,3,10,0,-8915.070478293,9238.837231682,11103.807543031,6529.055573186974,1703.5448414690327,9669.693159208,754.6226809149994,0.04663529800573821,0.0,0.0,0.03083840385079384,False,False,
s-010,after_common_greedy_prefix,3,10,1,-8915.070478293,9238.837231682,11103.807543031,6529.055573186974,1703.5448414690327,9669.693159208,754.6226809149994,0.04663529800573821,0.0,0.0,0.03079076111316681,False,False,
s-010,after_common_greedy_prefix,4,10,0,-37212.130090326,37212.025064182,65828.320230769,31756.75575681535,1703.5448414690327,38707.942800816,1495.812710490005,0.040199847604474474,0.0,0.0,0.03353102132678032,False,False,
s-010,after_common_greedy_prefix,4,10,1,-37212.130090326,37212.025064182,65828.320230769,31756.75575681535,1703.5448414690327,38707.942800816,1495.812710490005,0.040199847604474474,0.0,0.0,0.03192897513508797,False,False,
s-010,after_common_greedy_prefix,5,10,0,-0.4810327390000566,117.991586378,117.991586378,117.991586378,1703.5448414690327,117.991586378,117.51055363899994,0.0,0.0,0.0,0.027608975768089294,False,True,
s-010,after_common_greedy_prefix,5,10,1,-0.4810327390000566,117.991586378,117.991586378,117.991586378,1703.5448414690327,117.991586378,117.51055363899994,0.0,0.0,0.0,0.02862408384680748,False,True,
s-010,after_common_greedy_prefix,6,10,0,-8414.811850763,9370.063992577,11871.626014789,6674.254090314853,1703.5448414690327,9552.503030521,1137.6911797579996,0.019470415366269637,0.0,0.0,0.03197746351361275,False,False,
s-010,after_common_greedy_prefix,6,10,1,-8414.811850763,9370.063992577,11871.626014789,6674.254090314853,1703.5448414690327,9552.503030521,1137.6911797579996,0.019470415366269637,0.0,0.0,0.030264779925346375,False,False,
s-010,after_common_greedy_prefix,7,10,0,-37452.559756635,37452.078723896,62852.294868625,30328.8550958174,1703.5448414690327,38649.605325296,1197.0455686610003,0.031974903455383605,0.0,0.0,0.03074619174003601,False,False,
s-010,after_common_greedy_prefix,7,10,1,-37452.559756635,37452.078723896,62852.294868625,30328.8550958174,1703.5448414690327,38649.605325296,1197.0455686610003,0.031974903455383605,0.0,0.0,0.031003832817077637,False,False,
s-010,after_common_greedy_prefix,8,10,0,-2.294681681000384,379.22392964899996,379.22392964899996,379.22392964899996,1703.5448414690327,379.22392964899996,376.9292479679996,0.0,0.0,0.0,0.028089821338653564,False,True,
s-010,after_common_greedy_prefix,8,10,1,-2.294681681000384,379.22392964899996,379.22392964899996,379.22392964899996,1703.5448414690327,379.22392964899996,376.9292479679996,0.0,0.0,0.0,0.02891996130347252,False,True,
s-010,after_common_greedy_prefix,9,10,0,-8535.543995139,10239.088836608,15808.737000548,7177.304258364172,1703.5448414690327,10440.072930977,1904.5289358379996,0.019629099578706417,200.9840943689669,0.0002758775218935028,0.030901651829481125,False,False,0.030901651829481125
s-010,after_common_greedy_prefix,9,10,1,-8535.543995139,10239.088836608,15808.737000548,7177.304258364172,1703.5448414690327,10440.072930977,1904.5289358379996,0.019629099578706417,200.9840943689669,0.0002758775218935028,0.029829654842615128,False,False,0.029829654842615128
s-010,after_common_greedy_prefix,10,10,0,-36621.225609265006,37921.782215139,52945.43115314,29064.787409270484,1703.5448414690327,39133.927821564,2512.7022122989947,0.03196436284424135,809.157370829962,0.0011106765985005216,0.03164894878864288,False,False,0.03164894878864288
s-010,after_common_greedy_prefix,10,10,1,-36621.225609265006,37921.782215139,52945.43115314,29064.787409270484,1703.5448414690327,39133.927821564,2512.7022122989947,0.03196436284424135,809.157370829962,0.0011106765985005216,0.032970476895570755,False,False,0.032970476895570755
s-011,after_one_actual_history_call,0,200,0,-9544.067453313,9544.067453313,18947.116825315,7019.169361179993,1703.5448414690327,10125.847039407,581.7795860939987,0.060957195550000794,0.0,0.0,0.21962570771574974,False,False,
s-011,after_one_actual_history_call,0,200,1,-9544.067453313,9544.067453313,18947.116825315,7019.169361179993,1703.5448414690327,10125.847039407,581.7795860939987,0.060957195550000794,0.0,0.0,0.21850533410906792,False,False,
s-011,after_one_actual_history_call,0,1000,0,-9544.067453313,9544.067453313,18947.116825315,7019.169361179993,1703.5448414690327,10125.847039407,581.7795860939987,0.060957195550000794,0.0,0.0,1.0185041539371014,False,False,
s-011,after_one_actual_history_call,0,1000,1,-9544.067453313,9544.067453313,18947.116825315,7019.169361179993,1703.5448414690327,10125.847039407,581.7795860939987,0.060957195550000794,0.0,0.0,1.0175557285547256,False,False,
s-011,after_one_actual_history_call,1,200,0,-36262.599671504,36262.599671504,61140.859666502,31445.199265727322,1703.5448414690327,36336.724748476,74.12507697199908,0.0020441192204498316,0.0,0.0,0.22119426727294922,False,False,
s-011,after_one_actual_history_call,1,200,1,-36262.599671504,36262.599671504,61140.859666502,31445.199265727322,1703.5448414690327,36336.724748476,74.12507697199908,0.0020441192204498316,0.0,0.0,0.22164548933506012,False,False,
s-011,after_one_actual_history_call,1,1000,0,-36262.599671504,36262.599671504,61140.859666502,31445.199265727322,1703.5448414690327,36336.724748476,74.12507697199908,0.0020441192204498316,0.0,0.0,1.0203814953565598,False,False,
s-011,after_one_actual_history_call,1,1000,1,-36262.599671504,36262.599671504,61140.859666502,31445.199265727322,1703.5448414690327,36336.724748476,74.12507697199908,0.0020441192204498316,0.0,0.0,1.020184837281704,False,False,
s-011,after_one_actual_history_call,2,200,0,-0.1050261440000213,32.753673276,32.753673276,32.753673276,1703.5448414690327,32.753673276,32.64864713199998,0.0,0.0,0.0,0.21485008671879768,False,True,
s-011,after_one_actual_history_call,2,200,1,-0.1050261440000213,32.753673276,32.753673276,32.753673276,1703.5448414690327,32.753673276,32.64864713199998,0.0,0.0,0.0,0.21473756060004234,False,True,
s-011,after_one_actual_history_call,2,1000,0,-0.1050261440000213,32.753673276,32.753673276,32.753673276,1703.5448414690327,32.753673276,32.64864713199998,0.0,0.0,0.0,1.0160971023142338,False,True,
s-011,after_one_actual_history_call,2,1000,1,-0.1050261440000213,32.753673276,32.753673276,32.753673276,1703.5448414690327,32.753673276,32.64864713199998,0.0,0.0,0.0,1.0152772851288319,False,True,
s-011,after_one_actual_history_call,3,200,0,-8915.070478293,9238.837231682,11103.807543031,6529.055573186974,1703.5448414690327,9669.693159208,754.6226809149994,0.04663529800573821,0.0,0.0,0.2183772623538971,False,False,
s-011,after_one_actual_history_call,3,200,1,-8915.070478293,9238.837231682,11103.807543031,6529.055573186974,1703.5448414690327,9669.693159208,754.6226809149994,0.04663529800573821,0.0,0.0,0.2179054319858551,False,False,
s-011,after_one_actual_history_call,3,1000,0,-8915.070478293,9238.837231682,11103.807543031,6529.055573186974,1703.5448414690327,9669.693159208,754.6226809149994,0.04663529800573821,0.0,0.0,1.0172835998237133,False,False,
s-011,after_one_actual_history_call,3,1000,1,-8915.070478293,9238.837231682,11103.807543031,6529.055573186974,1703.5448414690327,9669.693159208,754.6226809149994,0.04663529800573821,0.0,0.0,1.0178079046308994,False,False,
s-011,after_one_actual_history_call,4,200,0,-37212.130090326,37212.025064182,65828.320230769,31756.75575681535,1703.5448414690327,38707.942800816,1495.812710490005,0.040199847604474474,0.0,0.0,0.22098958119750023,False,False,
s-011,after_one_actual_history_call,4,200,1,-37212.130090326,37212.025064182,65828.320230769,31756.75575681535,1703.5448414690327,38707.942800816,1495.812710490005,0.040199847604474474,0.0,0.0,0.22064561769366264,False,False,
s-011,after_one_actual_history_call,4,1000,0,-37212.130090326,37212.025064182,65828.320230769,31756.75575681535,1703.5448414690327,38707.942800816,1495.812710490005,0.040199847604474474,0.0,0.0,1.0198019482195377,False,False,
s-011,after_one_actual_history_call,4,1000,1,-37212.130090326,37212.025064182,65828.320230769,31756.75575681535,1703.5448414690327,38707.942800816,1495.812710490005,0.040199847604474474,0.0,0.0,1.0219348780810833,False,False,
s-011,after_one_actual_history_call,5,200,0,-0.4810327390000566,117.991586378,117.991586378,117.991586378,1703.5448414690327,117.991586378,117.51055363899994,0.0,0.0,0.0,0.0027482770383358,False,True,
s-011,after_one_actual_history_call,5,200,1,-0.4810327390000566,117.991586378,117.991586378,117.991586378,1703.5448414690327,117.991586378,117.51055363899994,0.0,0.0,0.0,0.00266149640083313,False,True,
s-011,after_one_actual_history_call,5,1000,0,-0.4810327390000566,117.991586378,117.991586378,117.991586378,1703.5448414690327,117.991586378,117.51055363899994,0.0,0.0,0.0,1.0164178237318993,False,True,
s-011,after_one_actual_history_call,5,1000,1,-0.4810327390000566,117.991586378,117.991586378,117.991586378,1703.5448414690327,117.991586378,117.51055363899994,0.0,0.0,0.0,1.0159670412540436,False,True,
s-011,after_one_actual_history_call,6,200,0,-8414.811850763,9370.063992577,11871.626014789,6674.254090314853,1703.5448414690327,9552.503030521,1137.6911797579996,0.019470415366269637,0.0,0.0,0.2219814844429493,False,False,
s-011,after_one_actual_history_call,6,200,1,-8414.811850763,9370.063992577,11871.626014789,6674.254090314853,1703.5448414690327,9552.503030521,1137.6911797579996,0.019470415366269637,0.0,0.0,0.2174452468752861,False,False,
s-011,after_one_actual_history_call,6,1000,0,-8414.811850763,9370.063992577,11871.626014789,6674.254090314853,1703.5448414690327,9552.503030521,1137.6911797579996,0.019470415366269637,0.0,0.0,1.0211721695959568,False,False,
s-011,after_one_actual_history_call,6,1000,1,-8414.811850763,9370.063992577,11871.626014789,6674.254090314853,1703.5448414690327,9552.503030521,1137.6911797579996,0.019470415366269637,0.0,0.0,1.0278703086078167,False,False,
s-011,after_one_actual_history_call,7,200,0,-37452.559756635,37452.078723896,62852.294868625,30328.8550958174,1703.5448414690327,38649.605325296,1197.0455686610003,0.031974903455383605,0.0,0.0,0.22710255905985832,False,False,
s-011,after_one_actual_history_call,7,200,1,-37452.559756635,37452.078723896,62852.294868625,30328.8550958174,1703.5448414690327,38649.605325296,1197.0455686610003,0.031974903455383605,0.0,0.0,0.21878641098737717,False,False,
s-011,after_one_actual_history_call,7,1000,0,-37452.559756635,37452.078723896,62852.294868625,30328.8550958174,1703.5448414690327,38649.605325296,1197.0455686610003,0.031974903455383605,0.0,0.0,1.0191710852086544,False,False,
s-011,after_one_actual_history_call,7,1000,1,-37452.559756635,37452.078723896,62852.294868625,30328.8550958174,1703.5448414690327,38649.605325296,1197.0455686610003,0.031974903455383605,0.0,0.0,1.0210458375513554,False,False,
s-011,after_one_actual_history_call,8,200,0,-2.294681681000384,379.22392964899996,379.22392964899996,379.22392964899996,1703.5448414690327,379.22392964899996,376.9292479679996,0.0,0.0,0.0,0.21460945904254913,False,True,
s-011,after_one_actual_history_call,8,200,1,-2.294681681000384,379.22392964899996,379.22392964899996,379.22392964899996,1703.5448414690327,379.22392964899996,376.9292479679996,0.0,0.0,0.0,0.21519643440842628,False,True,
s-011,after_one_actual_history_call,8,1000,0,-2.294681681000384,379.22392964899996,379.22392964899996,379.22392964899996,1703.5448414690327,379.22392964899996,376.9292479679996,0.0,0.0,0.0,1.0154023505747318,False,True,
s-011,after_one_actual_history_call,8,1000,1,-2.294681681000384,379.22392964899996,379.22392964899996,379.22392964899996,1703.5448414690327,379.22392964899996,376.9292479679996,0.0,0.0,0.0,1.0159856043756008,False,True,
s-011,after_one_actual_history_call,9,200,0,-8535.543995139,10239.088836608,15808.737000548,7177.304258364172,1703.5448414690327,10440.072930977,1904.5289358379996,0.019629099578706417,200.9840943689669,0.0002758775218935028,0.21695202961564064,False,False,0.21695202961564064
s-011,after_one_actual_history_call,9,200,1,-8535.543995139,10239.088836608,15808.737000548,7177.304258364172,1703.5448414690327,10440.072930977,1904.5289358379996,0.019629099578706417,200.9840943689669,0.0002758775218935028,0.21928557381033897,False,False,0.21928557381033897
s-011,after_one_actual_history_call,9,1000,0,-8535.543995139,10239.088836608,15808.737000548,7177.304258364172,1703.5448414690327,10440.072930977,1904.5289358379996,0.019629099578706417,200.9840943689669,0.0002758775218935028,1.0221545137465,False,False,1.0221545137465
s-011,after_one_actual_history_call,9,1000,1,-8535.543995139,10239.088836608,15808.737000548,7177.304258364172,1703.5448414690327,10440.072930977,1904.5289358379996,0.019629099578706417,200.9840943689669,0.0002758775218935028,1.0240818001329899,False,False,1.0240818001329899
s-011,after_one_actual_history_call,10,200,0,-36621.225609265006,37921.782215139,52945.43115314,29064.787409270484,1703.5448414690327,39133.927821564,2512.7022122989947,0.03196436284424135,809.157370829962,0.0011106765985005216,0.22863762080669403,False,False,0.22863762080669403
s-011,after_one_actual_history_call,10,200,1,-36621.225609265006,37921.782215139,52945.43115314,29064.787409270484,1703.5448414690327,39133.927821564,2512.7022122989947,0.03196436284424135,809.157370829962,0.0011106765985005216,0.22282066196203232,False,False,0.22282066196203232
s-011,after_one_actual_history_call,10,1000,0,-36621.225609265006,37921.782215139,52945.43115314,29064.787409270484,1703.5448414690327,39133.927821564,2512.7022122989947,0.03196436284424135,809.157370829962,0.0011106765985005216,1.0284650884568691,False,False,1.0284650884568691
s-011,after_one_actual_history_call,10,1000,1,-36621.225609265006,37921.782215139,52945.43115314,29064.787409270484,1703.5448414690327,39133.927821564,2512.7022122989947,0.03196436284424135,809.157370829962,0.0011106765985005216,1.0200761146843433,False,False,1.0200761146843433
s-011,after_one_actual_history_call,0,50,0,-9544.067453313,9544.067453313,18947.116825315,7019.169361179993,1703.5448414690327,10125.847039407,581.7795860939987,0.060957195550000794,0.0,0.0,0.07175606489181519,False,False,
s-011,after_one_actual_history_call,0,50,1,-9544.067453313,9544.067453313,18947.116825315,7019.169361179993,1703.5448414690327,10125.847039407,581.7795860939987,0.060957195550000794,0.0,0.0,0.07129089906811714,False,False,
s-011,after_one_actual_history_call,1,50,0,-36262.599671504,36262.599671504,61140.859666502,31445.199265727322,1703.5448414690327,36318.993971235,56.3942997310005,0.0015551642806049689,0.0,0.0,0.07229812443256378,False,False,
s-011,after_one_actual_history_call,1,50,1,-36262.599671504,36262.599671504,61140.859666502,31445.199265727322,1703.5448414690327,36318.993971235,56.3942997310005,0.0015551642806049689,0.0,0.0,0.07205098122358322,False,False,
s-011,after_one_actual_history_call,2,50,0,-0.1050261440000213,32.753673276,32.753673276,32.753673276,1703.5448414690327,32.753673276,32.64864713199998,0.0,0.0,0.0,0.06762681901454926,False,True,
s-011,after_one_actual_history_call,2,50,1,-0.1050261440000213,32.753673276,32.753673276,32.753673276,1703.5448414690327,32.753673276,32.64864713199998,0.0,0.0,0.0,0.06759024038910866,False,True,
s-011,after_one_actual_history_call,3,50,0,-8915.070478293,9238.837231682,11103.807543031,6529.055573186974,1703.5448414690327,9669.693159208,754.6226809149994,0.04663529800573821,0.0,0.0,0.06872957944869995,False,False,
s-011,after_one_actual_history_call,3,50,1,-8915.070478293,9238.837231682,11103.807543031,6529.055573186974,1703.5448414690327,9669.693159208,754.6226809149994,0.04663529800573821,0.0,0.0,0.06943264603614807,False,False,
s-011,after_one_actual_history_call,4,50,0,-37212.130090326,37212.025064182,65828.320230769,31756.75575681535,1703.5448414690327,38707.942800816,1495.812710490005,0.040199847604474474,0.0,0.0,0.0724526010453701,False,False,
s-011,after_one_actual_history_call,4,50,1,-37212.130090326,37212.025064182,65828.320230769,31756.75575681535,1703.5448414690327,38707.942800816,1495.812710490005,0.040199847604474474,0.0,0.0,0.07164039835333824,False,False,
s-011,after_one_actual_history_call,5,50,0,-0.4810327390000566,117.991586378,117.991586378,117.991586378,1703.5448414690327,117.991586378,117.51055363899994,0.0,0.0,0.0,0.06777148693799973,False,True,
s-011,after_one_actual_history_call,5,50,1,-0.4810327390000566,117.991586378,117.991586378,117.991586378,1703.5448414690327,117.991586378,117.51055363899994,0.0,0.0,0.0,0.06769275665283203,False,True,
s-011,after_one_actual_history_call,6,50,0,-8414.811850763,9370.063992577,11871.626014789,6674.254090314853,1703.5448414690327,9552.503030521,1137.6911797579996,0.019470415366269637,0.0,0.0,0.0687987469136715,False,False,
s-011,after_one_actual_history_call,6,50,1,-8414.811850763,9370.063992577,11871.626014789,6674.254090314853,1703.5448414690327,9552.503030521,1137.6911797579996,0.019470415366269637,0.0,0.0,0.06931687146425247,False,False,
s-011,after_one_actual_history_call,7,50,0,-37452.559756635,37452.078723896,62852.294868625,30328.8550958174,1703.5448414690327,38649.605325296,1197.0455686610003,0.031974903455383605,0.0,0.0,0.07104898244142532,False,False,
s-011,after_one_actual_history_call,7,50,1,-37452.559756635,37452.078723896,62852.294868625,30328.8550958174,1703.5448414690327,38649.605325296,1197.0455686610003,0.031974903455383605,0.0,0.0,0.07072404026985168,False,False,
s-011,after_one_actual_history_call,8,50,0,-2.294681681000384,379.22392964899996,379.22392964899996,379.22392964899996,1703.5448414690327,379.22392964899996,376.9292479679996,0.0,0.0,0.0,0.06858022883534431,False,True,
s-011,after_one_actual_history_call,8,50,1,-2.294681681000384,379.22392964899996,379.22392964899996,379.22392964899996,1703.5448414690327,379.22392964899996,376.9292479679996,0.0,0.0,0.0,0.06711418181657791,False,True,
s-011,after_one_actual_history_call,9,50,0,-8535.543995139,10239.088836608,15808.737000548,7177.304258364172,1703.5448414690327,10440.072930977,1904.5289358379996,0.019629099578706417,200.9840943689669,0.0002758775218935028,0.07033170014619827,False,False,0.07033170014619827
s-011,after_one_actual_history_call,9,50,1,-8535.543995139,10239.088836608,15808.737000548,7177.304258364172,1703.5448414690327,10440.072930977,1904.5289358379996,0.019629099578706417,200.9840943689669,0.0002758775218935028,0.06981639936566353,False,False,0.06981639936566353
s-011,after_one_actual_history_call,10,50,0,-36621.225609265006,37921.782215139,52945.43115314,29064.787409270484,1703.5448414690327,39133.927821564,2512.7022122989947,0.03196436284424135,809.157370829962,0.0011106765985005216,0.07168414816260338,False,False,0.07168414816260338
s-011,after_one_actual_history_call,10,50,1,-36621.225609265006,37921.782215139,52945.43115314,29064.787409270484,1703.5448414690327,39133.927821564,2512.7022122989947,0.03196436284424135,809.157370829962,0.0011106765985005216,0.07158340886235237,False,False,0.07158340886235237
s-011,after_one_actual_history_call,0,10,0,-9544.067453313,9544.067453313,18947.116825315,7019.169361179993,1703.5448414690327,10125.847039407,581.7795860939987,0.060957195550000794,0.0,0.0,0.030580144375562668,False,False,
s-011,after_one_actual_history_call,0,10,1,-9544.067453313,9544.067453313,18947.116825315,7019.169361179993,1703.5448414690327,10125.847039407,581.7795860939987,0.060957195550000794,0.0,0.0,0.030732322484254837,False,False,
s-011,after_one_actual_history_call,1,10,0,-36262.599671504,36262.599671504,61140.859666502,31445.199265727322,1703.5448414690327,36318.993971235,56.3942997310005,0.0015551642806049689,0.0,0.0,0.032903872430324554,False,False,
s-011,after_one_actual_history_call,1,10,1,-36262.599671504,36262.599671504,61140.859666502,31445.199265727322,1703.5448414690327,36318.993971235,56.3942997310005,0.0015551642806049689,0.0,0.0,0.033523447811603546,False,False,
s-011,after_one_actual_history_call,2,10,0,-0.1050261440000213,32.753673276,32.753673276,32.753673276,1703.5448414690327,32.753673276,32.64864713199998,0.0,0.0,0.0,0.02758805826306343,False,True,
s-011,after_one_actual_history_call,2,10,1,-0.1050261440000213,32.753673276,32.753673276,32.753673276,1703.5448414690327,32.753673276,32.64864713199998,0.0,0.0,0.0,0.026905827224254608,False,True,
s-011,after_one_actual_history_call,3,10,0,-8915.070478293,9238.837231682,11103.807543031,6529.055573186974,1703.5448414690327,9669.693159208,754.6226809149994,0.04663529800573821,0.0,0.0,0.02978210151195526,False,False,
s-011,after_one_actual_history_call,3,10,1,-8915.070478293,9238.837231682,11103.807543031,6529.055573186974,1703.5448414690327,9669.693159208,754.6226809149994,0.04663529800573821,0.0,0.0,0.029592841863632202,False,False,
s-011,after_one_actual_history_call,4,10,0,-37212.130090326,37212.025064182,65828.320230769,31756.75575681535,1703.5448414690327,38707.942800816,1495.812710490005,0.040199847604474474,0.0,0.0,0.040528781712055206,False,False,
s-011,after_one_actual_history_call,4,10,1,-37212.130090326,37212.025064182,65828.320230769,31756.75575681535,1703.5448414690327,38707.942800816,1495.812710490005,0.040199847604474474,0.0,0.0,0.03298475220799446,False,False,
s-011,after_one_actual_history_call,5,10,0,-0.4810327390000566,117.991586378,117.991586378,117.991586378,1703.5448414690327,117.991586378,117.51055363899994,0.0,0.0,0.0,0.027752239257097244,False,True,
s-011,after_one_actual_history_call,5,10,1,-0.4810327390000566,117.991586378,117.991586378,117.991586378,1703.5448414690327,117.991586378,117.51055363899994,0.0,0.0,0.0,0.02756376564502716,False,True,
s-011,after_one_actual_history_call,6,10,0,-8414.811850763,9370.063992577,11871.626014789,6674.254090314853,1703.5448414690327,9552.503030521,1137.6911797579996,0.019470415366269637,0.0,0.0,0.030201025307178497,False,False,
s-011,after_one_actual_history_call,6,10,1,-8414.811850763,9370.063992577,11871.626014789,6674.254090314853,1703.5448414690327,9552.503030521,1137.6911797579996,0.019470415366269637,0.0,0.0,0.030125901103019714,False,False,
s-011,after_one_actual_history_call,7,10,0,-37452.559756635,37452.078723896,62852.294868625,30328.8550958174,1703.5448414690327,38649.605325296,1197.0455686610003,0.031974903455383605,0.0,0.0,0.0321953222155571,False,False,
s-011,after_one_actual_history_call,7,10,1,-37452.559756635,37452.078723896,62852.294868625,30328.8550958174,1703.5448414690327,38649.605325296,1197.0455686610003,0.031974903455383605,0.0,0.0,0.031685709953308105,False,False,
s-011,after_one_actual_history_call,8,10,0,-2.294681681000384,379.22392964899996,379.22392964899996,379.22392964899996,1703.5448414690327,379.22392964899996,376.9292479679996,0.0,0.0,0.0,0.028624150902032852,False,True,
s-011,after_one_actual_history_call,8,10,1,-2.294681681000384,379.22392964899996,379.22392964899996,379.22392964899996,1703.5448414690327,379.22392964899996,376.9292479679996,0.0,0.0,0.0,0.027737285941839218,False,True,
s-011,after_one_actual_history_call,9,10,0,-8535.543995139,10239.088836608,15808.737000548,7177.304258364172,1703.5448414690327,10440.072930977,1904.5289358379996,0.019629099578706417,200.9840943689669,0.0002758775218935028,0.030132297426462173,False,False,0.030132297426462173
s-011,after_one_actual_history_call,9,10,1,-8535.543995139,10239.088836608,15808.737000548,7177.304258364172,1703.5448414690327,10440.072930977,1904.5289358379996,0.019629099578706417,200.9840943689669,0.0002758775218935028,0.030614186078310013,False,False,0.030614186078310013
s-011,after_one_actual_history_call,10,10,0,-36621.225609265006,37921.782215139,52945.43115314,29064.787409270484,1703.5448414690327,39133.927821564,2512.7022122989947,0.03196436284424135,809.157370829962,0.0011106765985005216,0.03301146253943443,False,False,0.03301146253943443
s-011,after_one_actual_history_call,10,10,1,-36621.225609265006,37921.782215139,52945.43115314,29064.787409270484,1703.5448414690327,39133.927821564,2512.7022122989947,0.03196436284424135,809.157370829962,0.0011106765985005216,0.03244296833872795,False,False,0.03244296833872795
