snapshot_id,state_kind,action_index,workpoint_ms,repeat,q_seconds,L_seconds,U_seconds,P1_recovery_seconds,snapshot_best_gain_seconds,recovery_value_seconds,q_plus_recovery_seconds,local_delta,beyond_snapshot_gain_seconds,beyond_snapshot_global_fraction,complete_conditional_return_seconds,failed,zero_extra_gain,earliest_verified_more_than_snapshot_gain_seconds
s-000,after_common_greedy_prefix,0,200,0,-8569.81457088,8873.708792184,17631.876247066,6597.0754166612005,1351.3069159069564,9223.473735911,653.6591650310002,0.03941586904847222,0.0,0.0,0.2291068211197853,False,False,
s-000,after_common_greedy_prefix,0,200,1,-8569.81457088,8873.708792184,17631.876247066,6597.0754166612005,1351.3069159069564,9223.473735911,653.6591650310002,0.03941586904847222,0.0,0.0,0.2353285849094391,False,False,
s-000,after_common_greedy_prefix,0,1000,0,-8569.81457088,8873.708792184,17631.876247066,6597.0754166612005,1351.3069159069564,9223.473735911,653.6591650310002,0.03941586904847222,0.0,0.0,1.0313928425312042,False,False,
s-000,after_common_greedy_prefix,0,1000,1,-8569.81457088,8873.708792184,17631.876247066,6597.0754166612005,1351.3069159069564,9223.473735911,653.6591650310002,0.03941586904847222,0.0,0.0,1.0245950780808926,False,False,
s-000,after_common_greedy_prefix,0,50,0,-8569.81457088,8873.708792184,17631.876247066,6597.0754166612005,1351.3069159069564,9223.473735911,653.6591650310002,0.03941586904847222,0.0,0.0,0.07670637220144272,False,False,
s-000,after_common_greedy_prefix,0,50,1,-8569.81457088,8873.708792184,17631.876247066,6597.0754166612005,1351.3069159069564,9223.473735911,653.6591650310002,0.03941586904847222,0.0,0.0,0.07726597040891647,False,False,
s-000,after_common_greedy_prefix,0,10,0,-8569.81457088,8873.708792184,17631.876247066,6597.0754166612005,1351.3069159069564,9223.473735911,653.6591650310002,0.03941586904847222,0.0,0.0,0.03814536705613136,False,False,
s-000,after_common_greedy_prefix,0,10,1,-8569.81457088,8873.708792184,17631.876247066,6597.0754166612005,1351.3069159069564,9223.473735911,653.6591650310002,0.03941586904847222,0.0,0.0,0.044817082583904266,False,False,
s-000,after_common_greedy_prefix,1,200,0,-32889.854274891,32889.854274891,40139.24326527,25215.978078936587,1351.3069159069564,32922.057374511,32.20309962000465,0.0009791195592067238,0.0,0.0,0.2330578714609146,False,False,
s-000,after_common_greedy_prefix,1,200,1,-32889.854274891,32889.854274891,40139.24326527,25215.978078936587,1351.3069159069564,32922.057374511,32.20309962000465,0.0009791195592067238,0.0,0.0,0.23159363493323326,False,False,
s-000,after_common_greedy_prefix,1,1000,0,-32889.854274891,32889.854274891,40139.24326527,25215.978078936587,1351.3069159069564,32922.057374511,32.20309962000465,0.0009791195592067238,0.0,0.0,1.0302305817604065,False,False,
s-000,after_common_greedy_prefix,1,1000,1,-32889.854274891,32889.854274891,40139.24326527,25215.978078936587,1351.3069159069564,32922.057374511,32.20309962000465,0.0009791195592067238,0.0,0.0,1.0315630845725536,False,False,
s-000,after_common_greedy_prefix,1,50,0,-32889.854274891,32889.854274891,40139.24326527,25215.978078936587,1351.3069159069564,32922.057374511,32.20309962000465,0.0009791195592067238,0.0,0.0,0.07828938215970993,False,False,
s-000,after_common_greedy_prefix,1,50,1,-32889.854274891,32889.854274891,40139.24326527,25215.978078936587,1351.3069159069564,32922.057374511,32.20309962000465,0.0009791195592067238,0.0,0.0,0.07812675088644028,False,False,
s-000,after_common_greedy_prefix,1,10,0,-32889.854274891,32889.854274891,40139.24326527,25215.978078936587,1351.3069159069564,32922.057374511,32.20309962000465,0.0009791195592067238,0.0,0.0,0.03617019206285477,False,False,
s-000,after_common_greedy_prefix,1,10,1,-32889.854274891,32889.854274891,40139.24326527,25215.978078936587,1351.3069159069564,32922.057374511,32.20309962000465,0.0009791195592067238,0.0,0.0,0.03595729172229767,False,False,
s-000,after_common_greedy_prefix,2,200,0,161.36684630900004,0.0,0.0,0.0,1351.3069159069564,0.0,161.36684630900004,0.0,0.0,0.0,0.005795963108539581,False,True,
s-000,after_common_greedy_prefix,2,200,1,161.36684630900004,0.0,0.0,0.0,1351.3069159069564,0.0,161.36684630900004,0.0,0.0,0.0,0.00574580579996109,False,True,
s-000,after_common_greedy_prefix,2,1000,0,161.36684630900004,0.0,0.0,0.0,1351.3069159069564,0.0,161.36684630900004,0.0,0.0,0.0,0.005746383219957352,False,True,
s-000,after_common_greedy_prefix,2,1000,1,161.36684630900004,0.0,0.0,0.0,1351.3069159069564,0.0,161.36684630900004,0.0,0.0,0.0,0.005761295557022095,False,True,
s-000,after_common_greedy_prefix,2,50,0,161.36684630900004,0.0,0.0,0.0,1351.3069159069564,0.0,161.36684630900004,0.0,0.0,0.0,0.00562705472111702,False,True,
s-000,after_common_greedy_prefix,2,50,1,161.36684630900004,0.0,0.0,0.0,1351.3069159069564,0.0,161.36684630900004,0.0,0.0,0.0,0.005617473274469376,False,True,
s-000,after_common_greedy_prefix,2,10,0,161.36684630900004,0.0,0.0,0.0,1351.3069159069564,0.0,161.36684630900004,0.0,0.0,0.0,0.0056564584374427795,False,True,
s-000,after_common_greedy_prefix,2,10,1,161.36684630900004,0.0,0.0,0.0,1351.3069159069564,0.0,161.36684630900004,0.0,0.0,0.0,0.00574001669883728,False,True,
s-000,after_common_greedy_prefix,3,200,0,-7603.98043763,8065.539002232,9599.988580084,5952.107874800338,1351.3069159069564,8152.668168624,548.687730994,0.010802646465151134,0.0,0.0,0.23194848373532295,False,False,
s-000,after_common_greedy_prefix,3,200,1,-7603.98043763,8065.539002232,9599.988580084,5952.107874800338,1351.3069159069564,8152.668168624,548.687730994,0.010802646465151134,0.0,0.0,0.2426002062857151,False,False,
s-000,after_common_greedy_prefix,3,1000,0,-7603.98043763,8065.539002232,9599.988580084,5952.107874800338,1351.3069159069564,8152.668168624,548.687730994,0.010802646465151134,0.0,0.0,1.0341940596699715,False,False,
s-000,after_common_greedy_prefix,3,1000,1,-7603.98043763,8065.539002232,9599.988580084,5952.107874800338,1351.3069159069564,8152.668168624,548.687730994,0.010802646465151134,0.0,0.0,1.026155285537243,False,False,
s-000,after_common_greedy_prefix,3,50,0,-7603.98043763,8065.539002232,9599.988580084,5952.107874800338,1351.3069159069564,8152.668168624,548.687730994,0.010802646465151134,0.0,0.0,0.0770387277007103,False,False,
s-000,after_common_greedy_prefix,3,50,1,-7603.98043763,8065.539002232,9599.988580084,5952.107874800338,1351.3069159069564,8152.668168624,548.687730994,0.010802646465151134,0.0,0.0,0.07578044012188911,False,False,
s-000,after_common_greedy_prefix,3,10,0,-7603.98043763,8065.539002232,9599.988580084,5952.107874800338,1351.3069159069564,8152.668168624,548.687730994,0.010802646465151134,0.0,0.0,0.03957405686378479,False,False,
s-000,after_common_greedy_prefix,3,10,1,-7603.98043763,8065.539002232,9599.988580084,5952.107874800338,1351.3069159069564,8152.668168624,548.687730994,0.010802646465151134,0.0,0.0,0.03540084883570671,False,False,
s-000,after_common_greedy_prefix,4,200,0,-32679.850833696,32841.217680005,41154.282187814,24592.83784687342,1351.3069159069564,33000.015963436,320.16512974000216,0.0048353348215734665,0.0,0.0,0.22771117091178894,False,False,
s-000,after_common_greedy_prefix,4,200,1,-32679.850833696,32841.217680005,41154.282187814,24592.83784687342,1351.3069159069564,33000.015963436,320.16512974000216,0.0048353348215734665,0.0,0.0,0.22938090935349464,False,False,
s-000,after_common_greedy_prefix,4,1000,0,-32679.850833696,32841.217680005,41154.282187814,24592.83784687342,1351.3069159069564,33000.015963436,320.16512974000216,0.0048353348215734665,0.0,0.0,1.0285366028547287,False,False,
s-000,after_common_greedy_prefix,4,1000,1,-32679.850833696,32841.217680005,41154.282187814,24592.83784687342,1351.3069159069564,33000.015963436,320.16512974000216,0.0048353348215734665,0.0,0.0,1.0336089879274368,False,False,
s-000,after_common_greedy_prefix,4,50,0,-32679.850833696,32841.217680005,41154.282187814,24592.83784687342,1351.3069159069564,33000.015963436,320.16512974000216,0.0048353348215734665,0.0,0.0,0.07982824742794037,False,False,
s-000,after_common_greedy_prefix,4,50,1,-32679.850833696,32841.217680005,41154.282187814,24592.83784687342,1351.3069159069564,33000.015963436,320.16512974000216,0.0048353348215734665,0.0,0.0,0.09314033761620522,False,False,
s-000,after_common_greedy_prefix,4,10,0,-32679.850833696,32841.217680005,41154.282187814,24592.83784687342,1351.3069159069564,33000.015963436,320.16512974000216,0.0048353348215734665,0.0,0.0,0.04277198389172554,False,False,
s-000,after_common_greedy_prefix,4,10,1,-32679.850833696,32841.217680005,41154.282187814,24592.83784687342,1351.3069159069564,33000.015963436,320.16512974000216,0.0048353348215734665,0.0,0.0,0.05126975476741791,False,False,
s-000,after_common_greedy_prefix,5,200,0,301.5911488429999,0.0,0.0,0.0,1351.3069159069564,0.0,301.5911488429999,0.0,0.0,0.0,0.0075118206441402435,False,True,
s-000,after_common_greedy_prefix,5,200,1,301.5911488429999,0.0,0.0,0.0,1351.3069159069564,0.0,301.5911488429999,0.0,0.0,0.0,0.009302303194999695,False,True,
s-000,after_common_greedy_prefix,5,1000,0,301.5911488429999,0.0,0.0,0.0,1351.3069159069564,0.0,301.5911488429999,0.0,0.0,0.0,0.006527412682771683,False,True,
s-000,after_common_greedy_prefix,5,1000,1,301.5911488429999,0.0,0.0,0.0,1351.3069159069564,0.0,301.5911488429999,0.0,0.0,0.0,0.005888935178518295,False,True,
s-000,after_common_greedy_prefix,5,50,0,301.5911488429999,0.0,0.0,0.0,1351.3069159069564,0.0,301.5911488429999,0.0,0.0,0.0,0.005874752998352051,False,True,
s-000,after_common_greedy_prefix,5,50,1,301.5911488429999,0.0,0.0,0.0,1351.3069159069564,0.0,301.5911488429999,0.0,0.0,0.0,0.005800355225801468,False,True,
s-000,after_common_greedy_prefix,5,10,0,301.5911488429999,0.0,0.0,0.0,1351.3069159069564,0.0,301.5911488429999,0.0,0.0,0.0,0.005780715495347977,False,True,
s-000,after_common_greedy_prefix,5,10,1,301.5911488429999,0.0,0.0,0.0,1351.3069159069564,0.0,301.5911488429999,0.0,0.0,0.0,0.00561324879527092,False,True,
s-000,after_common_greedy_prefix,6,200,0,-7084.311865902,7878.400900161,11257.61315967,5734.91780006705,1351.3069159069564,8221.139268016,1136.8274021140005,0.04350354497040083,0.0,0.0,0.2246050387620926,False,False,
s-000,after_common_greedy_prefix,6,200,1,-7084.311865902,7878.400900161,11257.61315967,5734.91780006705,1351.3069159069564,8221.139268016,1136.8274021140005,0.04350354497040083,0.0,0.0,0.22371109202504158,False,False,
s-000,after_common_greedy_prefix,6,1000,0,-7084.311865902,7878.400900161,11257.61315967,5734.91780006705,1351.3069159069564,8221.139268016,1136.8274021140005,0.04350354497040083,0.0,0.0,1.0288702175021172,False,False,
s-000,after_common_greedy_prefix,6,1000,1,-7084.311865902,7878.400900161,11257.61315967,5734.91780006705,1351.3069159069564,8221.139268016,1136.8274021140005,0.04350354497040083,0.0,0.0,1.034705150872469,False,False,
s-000,after_common_greedy_prefix,6,50,0,-7084.311865902,7878.400900161,11257.61315967,5734.91780006705,1351.3069159069564,8221.139268016,1136.8274021140005,0.04350354497040083,0.0,0.0,0.07805849611759186,False,False,
s-000,after_common_greedy_prefix,6,50,1,-7084.311865902,7878.400900161,11257.61315967,5734.91780006705,1351.3069159069564,8221.139268016,1136.8274021140005,0.04350354497040083,0.0,0.0,0.07712151110172272,False,False,
s-000,after_common_greedy_prefix,6,10,0,-7084.311865902,7878.400900161,11257.61315967,5734.91780006705,1351.3069159069564,8221.139268016,1136.8274021140005,0.04350354497040083,0.0,0.0,0.03873711824417114,False,False,
s-000,after_common_greedy_prefix,6,10,1,-7084.311865902,7878.400900161,11257.61315967,5734.91780006705,1351.3069159069564,8221.139268016,1136.8274021140005,0.04350354497040083,0.0,0.0,0.037727341055870056,False,False,
s-000,after_common_greedy_prefix,7,200,0,-31996.443522886,32503.939177969,58600.878208095,26506.074786657948,1351.3069159069564,34168.949508094,2172.505985208005,0.05122487834500802,821.1990693010484,0.0008218172399332216,0.23079150542616844,False,False,0.23079150542616844
s-000,after_common_greedy_prefix,7,200,1,-31996.443522886,32503.939177969,58600.878208095,26506.074786657948,1351.3069159069564,34168.949508094,2172.505985208005,0.05122487834500802,821.1990693010484,0.0008218172399332216,0.23017039895057678,False,False,0.23017039895057678
s-000,after_common_greedy_prefix,7,1000,0,-31996.443522886,32503.939177969,58600.878208095,26506.074786657948,1351.3069159069564,34168.949508094,2172.505985208005,0.05122487834500802,821.1990693010484,0.0008218172399332216,1.0289225317537785,False,False,1.0289225317537785
s-000,after_common_greedy_prefix,7,1000,1,-31996.443522886,32503.939177969,58600.878208095,26506.074786657948,1351.3069159069564,34168.949508094,2172.505985208005,0.05122487834500802,821.1990693010484,0.0008218172399332216,1.035818725824356,False,False,1.035818725824356
s-000,after_common_greedy_prefix,7,50,0,-31996.443522886,32503.939177969,58600.878208095,26506.074786657948,1351.3069159069564,34104.936962624,2108.493439738002,0.04925550026072369,757.1865238310456,0.0007577565080037115,0.08492688834667206,False,False,0.08492688834667206
s-000,after_common_greedy_prefix,7,50,1,-31996.443522886,32503.939177969,58600.878208095,26506.074786657948,1351.3069159069564,34104.936962624,2108.493439738002,0.04925550026072369,757.1865238310456,0.0007577565080037115,0.07912927865982056,False,False,0.07912927865982056
s-000,after_common_greedy_prefix,7,10,0,-31996.443522886,32503.939177969,58600.878208095,26506.074786657948,1351.3069159069564,34104.936962624,2108.493439738002,0.04925550026072369,757.1865238310456,0.0007577565080037115,0.03787245228886604,False,False,0.03787245228886604
s-000,after_common_greedy_prefix,7,10,1,-31996.443522886,32503.939177969,58600.878208095,26506.074786657948,1351.3069159069564,34104.936962624,2108.493439738002,0.04925550026072369,757.1865238310456,0.0007577565080037115,0.044854968786239624,False,False,0.044854968786239624
s-000,after_common_greedy_prefix,8,200,0,530.3576796350003,0.0,0.0,0.0,1351.3069159069564,0.0,530.3576796350003,0.0,0.0,0.0,0.0067928507924079895,False,True,
s-000,after_common_greedy_prefix,8,200,1,530.3576796350003,0.0,0.0,0.0,1351.3069159069564,0.0,530.3576796350003,0.0,0.0,0.0,0.007713798433542252,False,True,
s-000,after_common_greedy_prefix,8,1000,0,530.3576796350003,0.0,0.0,0.0,1351.3069159069564,0.0,530.3576796350003,0.0,0.0,0.0,0.00597570464015007,False,True,
s-000,after_common_greedy_prefix,8,1000,1,530.3576796350003,0.0,0.0,0.0,1351.3069159069564,0.0,530.3576796350003,0.0,0.0,0.0,0.0060402266681194305,False,True,
s-000,after_common_greedy_prefix,8,50,0,530.3576796350003,0.0,0.0,0.0,1351.3069159069564,0.0,530.3576796350003,0.0,0.0,0.0,0.009294591844081879,False,True,
s-000,after_common_greedy_prefix,8,50,1,530.3576796350003,0.0,0.0,0.0,1351.3069159069564,0.0,530.3576796350003,0.0,0.0,0.0,0.007579192519187927,False,True,
s-000,after_common_greedy_prefix,8,10,0,530.3576796350003,0.0,0.0,0.0,1351.3069159069564,0.0,530.3576796350003,0.0,0.0,0.0,0.007824774831533432,False,True,
s-000,after_common_greedy_prefix,8,10,1,530.3576796350003,0.0,0.0,0.0,1351.3069159069564,0.0,530.3576796350003,0.0,0.0,0.0,0.00705302506685257,False,True,
s-000,after_common_greedy_prefix,9,200,0,-8371.27871142,8901.636391055,14873.883227544,7160.638092900298,1351.3069159069564,9338.302577744,967.0238663239998,0.0490545970994493,0.0,0.0,0.233505729585886,False,False,
s-000,after_common_greedy_prefix,9,200,1,-8371.27871142,8901.636391055,14873.883227544,7160.638092900298,1351.3069159069564,9338.302577744,967.0238663239998,0.0490545970994493,0.0,0.0,0.23289086297154427,False,False,
s-000,after_common_greedy_prefix,9,1000,0,-8371.27871142,8901.636391055,14873.883227544,7160.638092900298,1351.3069159069564,9338.302577744,967.0238663239998,0.0490545970994493,0.0,0.0,1.0308479703962803,False,False,
s-000,after_common_greedy_prefix,9,1000,1,-8371.27871142,8901.636391055,14873.883227544,7160.638092900298,1351.3069159069564,9338.302577744,967.0238663239998,0.0490545970994493,0.0,0.0,1.0292190872132778,False,False,
s-000,after_common_greedy_prefix,9,50,0,-8371.27871142,8901.636391055,14873.883227544,7160.638092900298,1351.3069159069564,9338.302577744,967.0238663239998,0.0490545970994493,0.0,0.0,0.07607217878103256,False,False,
s-000,after_common_greedy_prefix,9,50,1,-8371.27871142,8901.636391055,14873.883227544,7160.638092900298,1351.3069159069564,9338.302577744,967.0238663239998,0.0490545970994493,0.0,0.0,0.07390477135777473,False,False,
s-000,after_common_greedy_prefix,9,10,0,-8371.27871142,8901.636391055,14873.883227544,7160.638092900298,1351.3069159069564,9338.302577744,967.0238663239998,0.0490545970994493,0.0,0.0,0.03437059745192528,False,False,
s-000,after_common_greedy_prefix,9,10,1,-8371.27871142,8901.636391055,14873.883227544,7160.638092900298,1351.3069159069564,9338.302577744,967.0238663239998,0.0490545970994493,0.0,0.0,0.03301292657852173,False,False,
s-000,after_common_greedy_prefix,10,200,0,-32034.933449662996,33386.240365569996,51576.463356401,25906.722386221587,1351.3069159069564,35013.766611117,2978.833161454,0.048748413350111985,1627.5262455470438,0.00162875139175787,0.22824596241116524,False,False,0.22824596241116524
s-000,after_common_greedy_prefix,10,200,1,-32034.933449662996,33386.240365569996,51576.463356401,25906.722386221587,1351.3069159069564,35013.766611117,2978.833161454,0.048748413350111985,1627.5262455470438,0.00162875139175787,0.22855351492762566,False,False,0.22855351492762566
s-000,after_common_greedy_prefix,10,1000,0,-32034.933449662996,33386.240365569996,51576.463356401,25906.722386221587,1351.3069159069564,35013.766611117,2978.833161454,0.048748413350111985,1627.5262455470438,0.00162875139175787,1.0303947813808918,False,False,1.0303947813808918
s-000,after_common_greedy_prefix,10,1000,1,-32034.933449662996,33386.240365569996,51576.463356401,25906.722386221587,1351.3069159069564,35013.766611117,2978.833161454,0.048748413350111985,1627.5262455470438,0.00162875139175787,1.028635323047638,False,False,1.028635323047638
s-000,after_common_greedy_prefix,10,50,0,-32034.933449662996,33386.240365569996,51576.463356401,25906.722386221587,1351.3069159069564,35013.766611117,2978.833161454,0.048748413350111985,1627.5262455470438,0.00162875139175787,0.08104588463902473,False,False,0.08104588463902473
s-000,after_common_greedy_prefix,10,50,1,-32034.933449662996,33386.240365569996,51576.463356401,25906.722386221587,1351.3069159069564,35013.766611117,2978.833161454,0.048748413350111985,1627.5262455470438,0.00162875139175787,0.08159898221492767,False,False,0.08159898221492767
s-000,after_common_greedy_prefix,10,10,0,-32034.933449662996,33386.240365569996,51576.463356401,25906.722386221587,1351.3069159069564,34852.02188824,2817.088438577004,0.04390376114890764,1465.7815226700477,0.001466884912973775,0.041297368705272675,False,False,0.041297368705272675
s-000,after_common_greedy_prefix,10,10,1,-32034.933449662996,33386.240365569996,51576.463356401,25906.722386221587,1351.3069159069564,34852.02188824,2817.088438577004,0.04390376114890764,1465.7815226700477,0.001466884912973775,0.04283764213323593,False,False,0.04283764213323593
s-001,after_one_actual_history_call,0,200,0,-8569.81457088,9223.473735911,17631.876247066,6597.0754166612005,1351.3069159069564,9223.473735911,653.6591650310002,0.0,0.0,0.0,0.004582080990076065,False,True,
s-001,after_one_actual_history_call,0,200,1,-8569.81457088,9223.473735911,17631.876247066,6597.0754166612005,1351.3069159069564,9223.473735911,653.6591650310002,0.0,0.0,0.0,0.004328567534685135,False,True,
s-001,after_one_actual_history_call,0,1000,0,-8569.81457088,9223.473735911,17631.876247066,6597.0754166612005,1351.3069159069564,9223.473735911,653.6591650310002,0.0,0.0,0.0,1.030100528150797,False,True,
s-001,after_one_actual_history_call,0,1000,1,-8569.81457088,9223.473735911,17631.876247066,6597.0754166612005,1351.3069159069564,9223.473735911,653.6591650310002,0.0,0.0,0.0,1.028493456542492,False,True,
s-001,after_one_actual_history_call,0,50,0,-8569.81457088,9223.473735911,17631.876247066,6597.0754166612005,1351.3069159069564,9223.473735911,653.6591650310002,0.0,0.0,0.0,0.0776037834584713,False,True,
s-001,after_one_actual_history_call,0,50,1,-8569.81457088,9223.473735911,17631.876247066,6597.0754166612005,1351.3069159069564,9223.473735911,653.6591650310002,0.0,0.0,0.0,0.07940619066357613,False,True,
s-001,after_one_actual_history_call,0,10,0,-8569.81457088,9223.473735911,17631.876247066,6597.0754166612005,1351.3069159069564,9223.473735911,653.6591650310002,0.0,0.0,0.0,0.040356867015361786,False,True,
s-001,after_one_actual_history_call,0,10,1,-8569.81457088,9223.473735911,17631.876247066,6597.0754166612005,1351.3069159069564,9223.473735911,653.6591650310002,0.0,0.0,0.0,0.0399150475859642,False,True,
s-001,after_one_actual_history_call,1,200,0,-32889.854274891,32889.854274891,40139.24326527,25215.978078936587,1351.3069159069564,32922.057374511,32.20309962000465,0.0009791195592067238,0.0,0.0,0.23357748240232468,False,False,
s-001,after_one_actual_history_call,1,200,1,-32889.854274891,32889.854274891,40139.24326527,25215.978078936587,1351.3069159069564,32922.057374511,32.20309962000465,0.0009791195592067238,0.0,0.0,0.23088258132338524,False,False,
s-001,after_one_actual_history_call,1,1000,0,-32889.854274891,32889.854274891,40139.24326527,25215.978078936587,1351.3069159069564,32922.057374511,32.20309962000465,0.0009791195592067238,0.0,0.0,1.0289353504776955,False,False,
s-001,after_one_actual_history_call,1,1000,1,-32889.854274891,32889.854274891,40139.24326527,25215.978078936587,1351.3069159069564,32922.057374511,32.20309962000465,0.0009791195592067238,0.0,0.0,1.0324028171598911,False,False,
s-001,after_one_actual_history_call,1,50,0,-32889.854274891,32889.854274891,40139.24326527,25215.978078936587,1351.3069159069564,32922.057374511,32.20309962000465,0.0009791195592067238,0.0,0.0,0.07964902743697166,False,False,
s-001,after_one_actual_history_call,1,50,1,-32889.854274891,32889.854274891,40139.24326527,25215.978078936587,1351.3069159069564,32922.057374511,32.20309962000465,0.0009791195592067238,0.0,0.0,0.07879091054201126,False,False,
s-001,after_one_actual_history_call,1,10,0,-32889.854274891,32889.854274891,40139.24326527,25215.978078936587,1351.3069159069564,32922.057374511,32.20309962000465,0.0009791195592067238,0.0,0.0,0.03958955034613609,False,False,
s-001,after_one_actual_history_call,1,10,1,-32889.854274891,32889.854274891,40139.24326527,25215.978078936587,1351.3069159069564,32922.057374511,32.20309962000465,0.0009791195592067238,0.0,0.0,0.03730258718132973,False,False,
s-001,after_one_actual_history_call,2,200,0,161.36684630900004,0.0,0.0,0.0,1351.3069159069564,0.0,161.36684630900004,0.0,0.0,0.0,0.005653027445077896,False,True,
s-001,after_one_actual_history_call,2,200,1,161.36684630900004,0.0,0.0,0.0,1351.3069159069564,0.0,161.36684630900004,0.0,0.0,0.0,0.005733702331781387,False,True,
s-001,after_one_actual_history_call,2,1000,0,161.36684630900004,0.0,0.0,0.0,1351.3069159069564,0.0,161.36684630900004,0.0,0.0,0.0,0.005767311900854111,False,True,
s-001,after_one_actual_history_call,2,1000,1,161.36684630900004,0.0,0.0,0.0,1351.3069159069564,0.0,161.36684630900004,0.0,0.0,0.0,0.00564160943031311,False,True,
s-001,after_one_actual_history_call,2,50,0,161.36684630900004,0.0,0.0,0.0,1351.3069159069564,0.0,161.36684630900004,0.0,0.0,0.0,0.0056158676743507385,False,True,
s-001,after_one_actual_history_call,2,50,1,161.36684630900004,0.0,0.0,0.0,1351.3069159069564,0.0,161.36684630900004,0.0,0.0,0.0,0.0055912211537361145,False,True,
s-001,after_one_actual_history_call,2,10,0,161.36684630900004,0.0,0.0,0.0,1351.3069159069564,0.0,161.36684630900004,0.0,0.0,0.0,0.005599178373813629,False,True,
s-001,after_one_actual_history_call,2,10,1,161.36684630900004,0.0,0.0,0.0,1351.3069159069564,0.0,161.36684630900004,0.0,0.0,0.0,0.005614910274744034,False,True,
s-001,after_one_actual_history_call,3,200,0,-7603.98043763,8065.539002232,9599.988580084,5952.107874800338,1351.3069159069564,8152.668168624,548.687730994,0.010802646465151134,0.0,0.0,0.22548509389162064,False,False,
s-001,after_one_actual_history_call,3,200,1,-7603.98043763,8065.539002232,9599.988580084,5952.107874800338,1351.3069159069564,8152.668168624,548.687730994,0.010802646465151134,0.0,0.0,0.22806091979146004,False,False,
s-001,after_one_actual_history_call,3,1000,0,-7603.98043763,8065.539002232,9599.988580084,5952.107874800338,1351.3069159069564,8152.668168624,548.687730994,0.010802646465151134,0.0,0.0,1.0258843153715134,False,False,
s-001,after_one_actual_history_call,3,1000,1,-7603.98043763,8065.539002232,9599.988580084,5952.107874800338,1351.3069159069564,8152.668168624,548.687730994,0.010802646465151134,0.0,0.0,1.0298600941896439,False,False,
s-001,after_one_actual_history_call,3,50,0,-7603.98043763,8065.539002232,9599.988580084,5952.107874800338,1351.3069159069564,8152.668168624,548.687730994,0.010802646465151134,0.0,0.0,0.07675076276063919,False,False,
s-001,after_one_actual_history_call,3,50,1,-7603.98043763,8065.539002232,9599.988580084,5952.107874800338,1351.3069159069564,8152.668168624,548.687730994,0.010802646465151134,0.0,0.0,0.08443307504057884,False,False,
s-001,after_one_actual_history_call,3,10,0,-7603.98043763,8065.539002232,9599.988580084,5952.107874800338,1351.3069159069564,8152.668168624,548.687730994,0.010802646465151134,0.0,0.0,0.036774151027202606,False,False,
s-001,after_one_actual_history_call,3,10,1,-7603.98043763,8065.539002232,9599.988580084,5952.107874800338,1351.3069159069564,8152.668168624,548.687730994,0.010802646465151134,0.0,0.0,0.034308746457099915,False,False,
s-001,after_one_actual_history_call,4,200,0,-32679.850833696,32841.217680005,41154.282187814,24592.83784687342,1351.3069159069564,33000.015963436,320.16512974000216,0.0048353348215734665,0.0,0.0,0.2810753360390663,False,False,
s-001,after_one_actual_history_call,4,200,1,-32679.850833696,32841.217680005,41154.282187814,24592.83784687342,1351.3069159069564,33000.015963436,320.16512974000216,0.0048353348215734665,0.0,0.0,0.23656053841114044,False,False,
s-001,after_one_actual_history_call,4,1000,0,-32679.850833696,32841.217680005,41154.282187814,24592.83784687342,1351.3069159069564,33000.015963436,320.16512974000216,0.0048353348215734665,0.0,0.0,1.0430532395839691,False,False,
s-001,after_one_actual_history_call,4,1000,1,-32679.850833696,32841.217680005,41154.282187814,24592.83784687342,1351.3069159069564,33000.015963436,320.16512974000216,0.0048353348215734665,0.0,0.0,1.0315518975257874,False,False,
s-001,after_one_actual_history_call,4,50,0,-32679.850833696,32841.217680005,41154.282187814,24592.83784687342,1351.3069159069564,33000.015963436,320.16512974000216,0.0048353348215734665,0.0,0.0,0.09068584069609642,False,False,
s-001,after_one_actual_history_call,4,50,1,-32679.850833696,32841.217680005,41154.282187814,24592.83784687342,1351.3069159069564,33000.015963436,320.16512974000216,0.0048353348215734665,0.0,0.0,0.08101782575249672,False,False,
s-001,after_one_actual_history_call,4,10,0,-32679.850833696,32841.217680005,41154.282187814,24592.83784687342,1351.3069159069564,33000.015963436,320.16512974000216,0.0048353348215734665,0.0,0.0,0.042981214821338654,False,False,
s-001,after_one_actual_history_call,4,10,1,-32679.850833696,32841.217680005,41154.282187814,24592.83784687342,1351.3069159069564,33000.015963436,320.16512974000216,0.0048353348215734665,0.0,0.0,0.04692873731255531,False,False,
s-001,after_one_actual_history_call,5,200,0,301.5911488429999,0.0,0.0,0.0,1351.3069159069564,0.0,301.5911488429999,0.0,0.0,0.0,0.008024435490369797,False,True,
s-001,after_one_actual_history_call,5,200,1,301.5911488429999,0.0,0.0,0.0,1351.3069159069564,0.0,301.5911488429999,0.0,0.0,0.0,0.009668834507465363,False,True,
s-001,after_one_actual_history_call,5,1000,0,301.5911488429999,0.0,0.0,0.0,1351.3069159069564,0.0,301.5911488429999,0.0,0.0,0.0,0.006696745753288269,False,True,
s-001,after_one_actual_history_call,5,1000,1,301.5911488429999,0.0,0.0,0.0,1351.3069159069564,0.0,301.5911488429999,0.0,0.0,0.0,0.005907636135816574,False,True,
s-001,after_one_actual_history_call,5,50,0,301.5911488429999,0.0,0.0,0.0,1351.3069159069564,0.0,301.5911488429999,0.0,0.0,0.0,0.008330635726451874,False,True,
s-001,after_one_actual_history_call,5,50,1,301.5911488429999,0.0,0.0,0.0,1351.3069159069564,0.0,301.5911488429999,0.0,0.0,0.0,0.00859905406832695,False,True,
s-001,after_one_actual_history_call,5,10,0,301.5911488429999,0.0,0.0,0.0,1351.3069159069564,0.0,301.5911488429999,0.0,0.0,0.0,0.007034171372652054,False,True,
s-001,after_one_actual_history_call,5,10,1,301.5911488429999,0.0,0.0,0.0,1351.3069159069564,0.0,301.5911488429999,0.0,0.0,0.0,0.0069207362830638885,False,True,
s-001,after_one_actual_history_call,6,200,0,-7084.311865902,7878.400900161,11257.61315967,5734.91780006705,1351.3069159069564,8221.139268016,1136.8274021140005,0.04350354497040083,0.0,0.0,0.23678569123148918,False,False,
s-001,after_one_actual_history_call,6,200,1,-7084.311865902,7878.400900161,11257.61315967,5734.91780006705,1351.3069159069564,8221.139268016,1136.8274021140005,0.04350354497040083,0.0,0.0,0.2238992266356945,False,False,
s-001,after_one_actual_history_call,6,1000,0,-7084.311865902,7878.400900161,11257.61315967,5734.91780006705,1351.3069159069564,8221.139268016,1136.8274021140005,0.04350354497040083,0.0,0.0,1.0317482016980648,False,False,
s-001,after_one_actual_history_call,6,1000,1,-7084.311865902,7878.400900161,11257.61315967,5734.91780006705,1351.3069159069564,8221.139268016,1136.8274021140005,0.04350354497040083,0.0,0.0,1.029385693371296,False,False,
s-001,after_one_actual_history_call,6,50,0,-7084.311865902,7878.400900161,11257.61315967,5734.91780006705,1351.3069159069564,8221.139268016,1136.8274021140005,0.04350354497040083,0.0,0.0,0.07724174112081528,False,False,
s-001,after_one_actual_history_call,6,50,1,-7084.311865902,7878.400900161,11257.61315967,5734.91780006705,1351.3069159069564,8221.139268016,1136.8274021140005,0.04350354497040083,0.0,0.0,0.07808668911457062,False,False,
s-001,after_one_actual_history_call,6,10,0,-7084.311865902,7878.400900161,11257.61315967,5734.91780006705,1351.3069159069564,8221.139268016,1136.8274021140005,0.04350354497040083,0.0,0.0,0.03876402601599693,False,False,
s-001,after_one_actual_history_call,6,10,1,-7084.311865902,7878.400900161,11257.61315967,5734.91780006705,1351.3069159069564,8221.139268016,1136.8274021140005,0.04350354497040083,0.0,0.0,0.03841529041528702,False,False,
s-001,after_one_actual_history_call,7,200,0,-31996.443522886,32503.939177969,58600.878208095,26506.074786657948,1351.3069159069564,34168.949508094,2172.505985208005,0.05122487834500802,821.1990693010484,0.0008218172399332216,0.2309367172420025,False,False,0.2309367172420025
s-001,after_one_actual_history_call,7,200,1,-31996.443522886,32503.939177969,58600.878208095,26506.074786657948,1351.3069159069564,34168.949508094,2172.505985208005,0.05122487834500802,821.1990693010484,0.0008218172399332216,0.2321237251162529,False,False,0.2321237251162529
s-001,after_one_actual_history_call,7,1000,0,-31996.443522886,32503.939177969,58600.878208095,26506.074786657948,1351.3069159069564,34168.949508094,2172.505985208005,0.05122487834500802,821.1990693010484,0.0008218172399332216,1.0327944234013557,False,False,1.0327944234013557
s-001,after_one_actual_history_call,7,1000,1,-31996.443522886,32503.939177969,58600.878208095,26506.074786657948,1351.3069159069564,34168.949508094,2172.505985208005,0.05122487834500802,821.1990693010484,0.0008218172399332216,1.0305452160537243,False,False,1.0305452160537243
s-001,after_one_actual_history_call,7,50,0,-31996.443522886,32503.939177969,58600.878208095,26506.074786657948,1351.3069159069564,34104.936962624,2108.493439738002,0.04925550026072369,757.1865238310456,0.0007577565080037115,0.0820569135248661,False,False,0.0820569135248661
s-001,after_one_actual_history_call,7,50,1,-31996.443522886,32503.939177969,58600.878208095,26506.074786657948,1351.3069159069564,34104.936962624,2108.493439738002,0.04925550026072369,757.1865238310456,0.0007577565080037115,0.08272670581936836,False,False,0.08272670581936836
s-001,after_one_actual_history_call,7,10,0,-31996.443522886,32503.939177969,58600.878208095,26506.074786657948,1351.3069159069564,34104.936962624,2108.493439738002,0.04925550026072369,757.1865238310456,0.0007577565080037115,0.040627431124448776,False,False,0.040627431124448776
s-001,after_one_actual_history_call,7,10,1,-31996.443522886,32503.939177969,58600.878208095,26506.074786657948,1351.3069159069564,34104.936962624,2108.493439738002,0.04925550026072369,757.1865238310456,0.0007577565080037115,0.04132278263568878,False,False,0.04132278263568878
s-001,after_one_actual_history_call,8,200,0,530.3576796350003,0.0,0.0,0.0,1351.3069159069564,0.0,530.3576796350003,0.0,0.0,0.0,0.006864525377750397,False,True,
s-001,after_one_actual_history_call,8,200,1,530.3576796350003,0.0,0.0,0.0,1351.3069159069564,0.0,530.3576796350003,0.0,0.0,0.0,0.00637492910027504,False,True,
s-001,after_one_actual_history_call,8,1000,0,530.3576796350003,0.0,0.0,0.0,1351.3069159069564,0.0,530.3576796350003,0.0,0.0,0.0,0.006835956126451492,False,True,
s-001,after_one_actual_history_call,8,1000,1,530.3576796350003,0.0,0.0,0.0,1351.3069159069564,0.0,530.3576796350003,0.0,0.0,0.0,0.007021743804216385,False,True,
s-001,after_one_actual_history_call,8,50,0,530.3576796350003,0.0,0.0,0.0,1351.3069159069564,0.0,530.3576796350003,0.0,0.0,0.0,0.0066807083785533905,False,True,
s-001,after_one_actual_history_call,8,50,1,530.3576796350003,0.0,0.0,0.0,1351.3069159069564,0.0,530.3576796350003,0.0,0.0,0.0,0.006535239517688751,False,True,
s-001,after_one_actual_history_call,8,10,0,530.3576796350003,0.0,0.0,0.0,1351.3069159069564,0.0,530.3576796350003,0.0,0.0,0.0,0.007121384143829346,False,True,
s-001,after_one_actual_history_call,8,10,1,530.3576796350003,0.0,0.0,0.0,1351.3069159069564,0.0,530.3576796350003,0.0,0.0,0.0,0.006681125611066818,False,True,
s-001,after_one_actual_history_call,9,200,0,-8371.27871142,8901.636391055,14873.883227544,7160.638092900298,1351.3069159069564,9338.302577744,967.0238663239998,0.0490545970994493,0.0,0.0,0.22841359302401543,False,False,
s-001,after_one_actual_history_call,9,200,1,-8371.27871142,8901.636391055,14873.883227544,7160.638092900298,1351.3069159069564,9338.302577744,967.0238663239998,0.0490545970994493,0.0,0.0,0.22904153168201447,False,False,
s-001,after_one_actual_history_call,9,1000,0,-8371.27871142,8901.636391055,14873.883227544,7160.638092900298,1351.3069159069564,9338.302577744,967.0238663239998,0.0490545970994493,0.0,0.0,1.02779521048069,False,False,
s-001,after_one_actual_history_call,9,1000,1,-8371.27871142,8901.636391055,14873.883227544,7160.638092900298,1351.3069159069564,9338.302577744,967.0238663239998,0.0490545970994493,0.0,0.0,1.0300651863217354,False,False,
s-001,after_one_actual_history_call,9,50,0,-8371.27871142,8901.636391055,14873.883227544,7160.638092900298,1351.3069159069564,9338.302577744,967.0238663239998,0.0490545970994493,0.0,0.0,0.08005441725254059,False,False,
s-001,after_one_actual_history_call,9,50,1,-8371.27871142,8901.636391055,14873.883227544,7160.638092900298,1351.3069159069564,9338.302577744,967.0238663239998,0.0490545970994493,0.0,0.0,0.07993608713150024,False,False,
s-001,after_one_actual_history_call,9,10,0,-8371.27871142,8901.636391055,14873.883227544,7160.638092900298,1351.3069159069564,9338.302577744,967.0238663239998,0.0490545970994493,0.0,0.0,0.03967198729515076,False,False,
s-001,after_one_actual_history_call,9,10,1,-8371.27871142,8901.636391055,14873.883227544,7160.638092900298,1351.3069159069564,9338.302577744,967.0238663239998,0.0490545970994493,0.0,0.0,0.04015364125370979,False,False,
s-001,after_one_actual_history_call,10,200,0,-32034.933449662996,33386.240365569996,51576.463356401,25906.722386221587,1351.3069159069564,35013.766611117,2978.833161454,0.048748413350111985,1627.5262455470438,0.00162875139175787,0.23057107627391815,False,False,0.23057107627391815
s-001,after_one_actual_history_call,10,200,1,-32034.933449662996,33386.240365569996,51576.463356401,25906.722386221587,1351.3069159069564,35013.766611117,2978.833161454,0.048748413350111985,1627.5262455470438,0.00162875139175787,0.22919773310422897,False,False,0.22919773310422897
s-001,after_one_actual_history_call,10,1000,0,-32034.933449662996,33386.240365569996,51576.463356401,25906.722386221587,1351.3069159069564,35013.766611117,2978.833161454,0.048748413350111985,1627.5262455470438,0.00162875139175787,1.031158935278654,False,False,1.031158935278654
s-001,after_one_actual_history_call,10,1000,1,-32034.933449662996,33386.240365569996,51576.463356401,25906.722386221587,1351.3069159069564,35013.766611117,2978.833161454,0.048748413350111985,1627.5262455470438,0.00162875139175787,1.0307832397520542,False,False,1.0307832397520542
s-001,after_one_actual_history_call,10,50,0,-32034.933449662996,33386.240365569996,51576.463356401,25906.722386221587,1351.3069159069564,35013.766611117,2978.833161454,0.048748413350111985,1627.5262455470438,0.00162875139175787,0.07973327860236168,False,False,0.07973327860236168
s-001,after_one_actual_history_call,10,50,1,-32034.933449662996,33386.240365569996,51576.463356401,25906.722386221587,1351.3069159069564,35013.766611117,2978.833161454,0.048748413350111985,1627.5262455470438,0.00162875139175787,0.08161406219005585,False,False,0.08161406219005585
s-001,after_one_actual_history_call,10,10,0,-32034.933449662996,33386.240365569996,51576.463356401,25906.722386221587,1351.3069159069564,34852.02188824,2817.088438577004,0.04390376114890764,1465.7815226700477,0.001466884912973775,0.04206891357898712,False,False,0.04206891357898712
s-001,after_one_actual_history_call,10,10,1,-32034.933449662996,33386.240365569996,51576.463356401,25906.722386221587,1351.3069159069564,34852.02188824,2817.088438577004,0.04390376114890764,1465.7815226700477,0.001466884912973775,0.04111955314874649,False,False,0.04111955314874649
s-002,after_common_greedy_prefix,0,200,0,-8927.824941395,9057.154089284,16479.713418774,6436.323529436804,829.3273882389767,9713.628709689001,785.8037682940012,0.07248133507872088,0.0,0.0,0.22705237567424774,False,False,
s-002,after_common_greedy_prefix,0,200,1,-8927.824941395,9057.154089284,16479.713418774,6436.323529436804,829.3273882389767,9713.628709689001,785.8037682940012,0.07248133507872088,0.0,0.0,0.22919728234410286,False,False,
s-002,after_common_greedy_prefix,0,1000,0,-8927.824941395,9057.154089284,16479.713418774,6436.323529436804,829.3273882389767,9713.628709689001,785.8037682940012,0.07248133507872088,0.0,0.0,1.0287631042301655,False,False,
s-002,after_common_greedy_prefix,0,1000,1,-8927.824941395,9057.154089284,16479.713418774,6436.323529436804,829.3273882389767,9713.628709689001,785.8037682940012,0.07248133507872088,0.0,0.0,1.0257054343819618,False,False,
s-002,after_common_greedy_prefix,0,50,0,-8927.824941395,9057.154089284,16479.713418774,6436.323529436804,829.3273882389767,9713.628709689001,785.8037682940012,0.07248133507872088,0.0,0.0,0.07797890156507492,False,False,
s-002,after_common_greedy_prefix,0,50,1,-8927.824941395,9057.154089284,16479.713418774,6436.323529436804,829.3273882389767,9713.628709689001,785.8037682940012,0.07248133507872088,0.0,0.0,0.07812870293855667,False,False,
s-002,after_common_greedy_prefix,0,10,0,-8927.824941395,9057.154089284,16479.713418774,6436.323529436804,829.3273882389767,9713.628709689001,785.8037682940012,0.07248133507872088,0.0,0.0,0.03857484087347984,False,False,
s-002,after_common_greedy_prefix,0,10,1,-8927.824941395,9057.154089284,16479.713418774,6436.323529436804,829.3273882389767,9713.628709689001,785.8037682940012,0.07248133507872088,0.0,0.0,0.034958675503730774,False,False,
s-002,after_common_greedy_prefix,1,200,0,-33003.260712966,33003.260712966,47013.519000589,26722.11928658091,829.3273882389767,33497.295698132,494.0349851659994,0.014969278019608156,0.0,0.0,0.22714689746499062,False,False,
s-002,after_common_greedy_prefix,1,200,1,-33003.260712966,33003.260712966,47013.519000589,26722.11928658091,829.3273882389767,33497.295698132,494.0349851659994,0.014969278019608156,0.0,0.0,0.2294323518872261,False,False,
s-002,after_common_greedy_prefix,1,1000,0,-33003.260712966,33003.260712966,47013.519000589,26722.11928658091,829.3273882389767,33497.295698132,494.0349851659994,0.014969278019608156,0.0,0.0,1.0302758291363716,False,False,
s-002,after_common_greedy_prefix,1,1000,1,-33003.260712966,33003.260712966,47013.519000589,26722.11928658091,829.3273882389767,33497.295698132,494.0349851659994,0.014969278019608156,0.0,0.0,1.0298949107527733,False,False,
s-002,after_common_greedy_prefix,1,50,0,-33003.260712966,33003.260712966,47013.519000589,26722.11928658091,829.3273882389767,33497.295698132,494.0349851659994,0.014969278019608156,0.0,0.0,0.07834860309958458,False,False,
s-002,after_common_greedy_prefix,1,50,1,-33003.260712966,33003.260712966,47013.519000589,26722.11928658091,829.3273882389767,33497.295698132,494.0349851659994,0.014969278019608156,0.0,0.0,0.07745516672730446,False,False,
s-002,after_common_greedy_prefix,1,10,0,-33003.260712966,33003.260712966,47013.519000589,26722.11928658091,829.3273882389767,33497.295698132,494.0349851659994,0.014969278019608156,0.0,0.0,0.03756658360362053,False,False,
s-002,after_common_greedy_prefix,1,10,1,-33003.260712966,33003.260712966,47013.519000589,26722.11928658091,829.3273882389767,33497.295698132,494.0349851659994,0.014969278019608156,0.0,0.0,0.03636679798364639,False,False,
s-002,after_common_greedy_prefix,2,200,0,161.36684630900004,0.0,0.0,0.0,829.3273882389767,0.0,161.36684630900004,0.0,0.0,0.0,0.00609191507101059,False,True,
s-002,after_common_greedy_prefix,2,200,1,161.36684630900004,0.0,0.0,0.0,829.3273882389767,0.0,161.36684630900004,0.0,0.0,0.0,0.00590665265917778,False,True,
s-002,after_common_greedy_prefix,2,1000,0,161.36684630900004,0.0,0.0,0.0,829.3273882389767,0.0,161.36684630900004,0.0,0.0,0.0,0.005832631140947342,False,True,
s-002,after_common_greedy_prefix,2,1000,1,161.36684630900004,0.0,0.0,0.0,829.3273882389767,0.0,161.36684630900004,0.0,0.0,0.0,0.005836229771375656,False,True,
s-002,after_common_greedy_prefix,2,50,0,161.36684630900004,0.0,0.0,0.0,829.3273882389767,0.0,161.36684630900004,0.0,0.0,0.0,0.00600067526102066,False,True,
s-002,after_common_greedy_prefix,2,50,1,161.36684630900004,0.0,0.0,0.0,829.3273882389767,0.0,161.36684630900004,0.0,0.0,0.0,0.006060123443603516,False,True,
s-002,after_common_greedy_prefix,2,10,0,161.36684630900004,0.0,0.0,0.0,829.3273882389767,0.0,161.36684630900004,0.0,0.0,0.0,0.006133001297712326,False,True,
s-002,after_common_greedy_prefix,2,10,1,161.36684630900004,0.0,0.0,0.0,829.3273882389767,0.0,161.36684630900004,0.0,0.0,0.0,0.0061341263353824615,False,True,
s-002,after_common_greedy_prefix,3,200,0,-7351.682621393999,8132.048075796,10348.954371585,5632.044186782121,829.3273882389767,8191.194175395,839.5115540010001,0.007273210764092746,10.18416576202344,1.0191832054427576e-05,0.2270021215081215,False,False,0.2270021215081215
s-002,after_common_greedy_prefix,3,200,1,-7351.682621393999,8132.048075796,10348.954371585,5632.044186782121,829.3273882389767,8191.194175395,839.5115540010001,0.007273210764092746,10.18416576202344,1.0191832054427576e-05,0.22451921924948692,False,False,0.22451921924948692
s-002,after_common_greedy_prefix,3,1000,0,-7351.682621393999,8132.048075796,10348.954371585,5632.044186782121,829.3273882389767,8191.194175395,839.5115540010001,0.007273210764092746,10.18416576202344,1.0191832054427576e-05,1.0256027355790138,False,False,1.0256027355790138
s-002,after_common_greedy_prefix,3,1000,1,-7351.682621393999,8132.048075796,10348.954371585,5632.044186782121,829.3273882389767,8191.194175395,839.5115540010001,0.007273210764092746,10.18416576202344,1.0191832054427576e-05,1.025463066995144,False,False,1.025463066995144
s-002,after_common_greedy_prefix,3,50,0,-7351.682621393999,8132.048075796,10348.954371585,5632.044186782121,829.3273882389767,8191.194175395,839.5115540010001,0.007273210764092746,10.18416576202344,1.0191832054427576e-05,0.07416464760899544,False,False,0.07416464760899544
s-002,after_common_greedy_prefix,3,50,1,-7351.682621393999,8132.048075796,10348.954371585,5632.044186782121,829.3273882389767,8191.194175395,839.5115540010001,0.007273210764092746,10.18416576202344,1.0191832054427576e-05,0.07572740316390991,False,False,0.07572740316390991
s-002,after_common_greedy_prefix,3,10,0,-7351.682621393999,8132.048075796,10348.954371585,5632.044186782121,829.3273882389767,8191.194175395,839.5115540010001,0.007273210764092746,10.18416576202344,1.0191832054427576e-05,0.03516504541039467,False,False,0.03516504541039467
s-002,after_common_greedy_prefix,3,10,1,-7351.682621393999,8132.048075796,10348.954371585,5632.044186782121,829.3273882389767,8191.194175395,839.5115540010001,0.007273210764092746,10.18416576202344,1.0191832054427576e-05,0.03377338498830795,False,False,0.03377338498830795
s-002,after_common_greedy_prefix,4,200,0,-32709.419836052002,32870.786682361,39264.805973021,23837.464554751932,829.3273882389767,32986.33088362,276.91104756799905,0.003515103011544355,0.0,0.0,0.22840303555130959,False,False,
s-002,after_common_greedy_prefix,4,200,1,-32709.419836052002,32870.786682361,39264.805973021,23837.464554751932,829.3273882389767,32986.33088362,276.91104756799905,0.003515103011544355,0.0,0.0,0.2292635142803192,False,False,
s-002,after_common_greedy_prefix,4,1000,0,-32709.419836052002,32870.786682361,39264.805973021,23837.464554751932,829.3273882389767,32986.33088362,276.91104756799905,0.003515103011544355,0.0,0.0,1.0292938314378262,False,False,
s-002,after_common_greedy_prefix,4,1000,1,-32709.419836052002,32870.786682361,39264.805973021,23837.464554751932,829.3273882389767,32986.33088362,276.91104756799905,0.003515103011544355,0.0,0.0,1.0286378636956215,False,False,
s-002,after_common_greedy_prefix,4,50,0,-32709.419836052002,32870.786682361,39264.805973021,23837.464554751932,829.3273882389767,32986.33088362,276.91104756799905,0.003515103011544355,0.0,0.0,0.07967879250645638,False,False,
s-002,after_common_greedy_prefix,4,50,1,-32709.419836052002,32870.786682361,39264.805973021,23837.464554751932,829.3273882389767,32986.33088362,276.91104756799905,0.003515103011544355,0.0,0.0,0.07739539816975594,False,False,
s-002,after_common_greedy_prefix,4,10,0,-32709.419836052002,32870.786682361,39264.805973021,23837.464554751932,829.3273882389767,32986.33088362,276.91104756799905,0.003515103011544355,0.0,0.0,0.03753563389182091,False,False,
s-002,after_common_greedy_prefix,4,10,1,-32709.419836052002,32870.786682361,39264.805973021,23837.464554751932,829.3273882389767,32986.33088362,276.91104756799905,0.003515103011544355,0.0,0.0,0.040542177855968475,False,False,
s-002,after_common_greedy_prefix,5,200,0,301.5911488429999,0.0,0.0,0.0,829.3273882389767,0.0,301.5911488429999,0.0,0.0,0.0,0.006827563047409058,False,True,
s-002,after_common_greedy_prefix,5,200,1,301.5911488429999,0.0,0.0,0.0,829.3273882389767,0.0,301.5911488429999,0.0,0.0,0.0,0.006738543510437012,False,True,
s-002,after_common_greedy_prefix,5,1000,0,301.5911488429999,0.0,0.0,0.0,829.3273882389767,0.0,301.5911488429999,0.0,0.0,0.0,0.006501149386167526,False,True,
s-002,after_common_greedy_prefix,5,1000,1,301.5911488429999,0.0,0.0,0.0,829.3273882389767,0.0,301.5911488429999,0.0,0.0,0.0,0.0061608776450157166,False,True,
s-002,after_common_greedy_prefix,5,50,0,301.5911488429999,0.0,0.0,0.0,829.3273882389767,0.0,301.5911488429999,0.0,0.0,0.0,0.0057830773293972015,False,True,
s-002,after_common_greedy_prefix,5,50,1,301.5911488429999,0.0,0.0,0.0,829.3273882389767,0.0,301.5911488429999,0.0,0.0,0.0,0.005757268518209457,False,True,
s-002,after_common_greedy_prefix,5,10,0,301.5911488429999,0.0,0.0,0.0,829.3273882389767,0.0,301.5911488429999,0.0,0.0,0.0,0.005781538784503937,False,True,
s-002,after_common_greedy_prefix,5,10,1,301.5911488429999,0.0,0.0,0.0,829.3273882389767,0.0,301.5911488429999,0.0,0.0,0.0,0.005782991647720337,False,True,
s-002,after_common_greedy_prefix,6,200,0,-7158.628496822999,7952.717531082,11579.01445985,6025.586285625666,829.3273882389767,8295.455898937,1136.8274021140005,0.043097012626873536,307.5000138750238,0.0003077314893906161,0.2254415787756443,False,False,0.2254415787756443
s-002,after_common_greedy_prefix,6,200,1,-7158.628496822999,7952.717531082,11579.01445985,6025.586285625666,829.3273882389767,8295.455898937,1136.8274021140005,0.043097012626873536,307.5000138750238,0.0003077314893906161,0.22568204253911972,False,False,0.22568204253911972
s-002,after_common_greedy_prefix,6,1000,0,-7158.628496822999,7952.717531082,11579.01445985,6025.586285625666,829.3273882389767,8295.455898937,1136.8274021140005,0.043097012626873536,307.5000138750238,0.0003077314893906161,1.025522731244564,False,False,1.025522731244564
s-002,after_common_greedy_prefix,6,1000,1,-7158.628496822999,7952.717531082,11579.01445985,6025.586285625666,829.3273882389767,8295.455898937,1136.8274021140005,0.043097012626873536,307.5000138750238,0.0003077314893906161,1.026331104338169,False,False,1.026331104338169
s-002,after_common_greedy_prefix,6,50,0,-7158.628496822999,7952.717531082,11579.01445985,6025.586285625666,829.3273882389767,8295.455898937,1136.8274021140005,0.043097012626873536,307.5000138750238,0.0003077314893906161,0.07607818394899368,False,False,0.07607818394899368
s-002,after_common_greedy_prefix,6,50,1,-7158.628496822999,7952.717531082,11579.01445985,6025.586285625666,829.3273882389767,8295.455898937,1136.8274021140005,0.043097012626873536,307.5000138750238,0.0003077314893906161,0.0760614201426506,False,False,0.0760614201426506
s-002,after_common_greedy_prefix,6,10,0,-7158.628496822999,7952.717531082,11579.01445985,6025.586285625666,829.3273882389767,8295.455898937,1136.8274021140005,0.043097012626873536,307.5000138750238,0.0003077314893906161,0.037616271525621414,False,False,0.037616271525621414
s-002,after_common_greedy_prefix,6,10,1,-7158.628496822999,7952.717531082,11579.01445985,6025.586285625666,829.3273882389767,8295.455898937,1136.8274021140005,0.043097012626873536,307.5000138750238,0.0003077314893906161,0.035693783313035965,False,False,0.035693783313035965
s-002,after_common_greedy_prefix,7,200,0,-32305.812335983002,32607.403484826,57596.555328515,27143.440465379957,829.3273882389767,34573.97241618,2268.1600801969944,0.06031050378694356,1438.8326919580177,0.0014399157961017376,0.23040060698986053,False,False,0.23040060698986053
s-002,after_common_greedy_prefix,7,200,1,-32305.812335983002,32607.403484826,57596.555328515,27143.440465379957,829.3273882389767,34573.97241618,2268.1600801969944,0.06031050378694356,1438.8326919580177,0.0014399157961017376,0.2290021851658821,False,False,0.2290021851658821
s-002,after_common_greedy_prefix,7,1000,0,-32305.812335983002,32607.403484826,57596.555328515,27143.440465379957,829.3273882389767,34573.97241618,2268.1600801969944,0.06031050378694356,1438.8326919580177,0.0014399157961017376,1.0290748327970505,False,False,1.0290748327970505
s-002,after_common_greedy_prefix,7,1000,1,-32305.812335983002,32607.403484826,57596.555328515,27143.440465379957,829.3273882389767,34573.97241618,2268.1600801969944,0.06031050378694356,1438.8326919580177,0.0014399157961017376,1.028721522539854,False,False,1.028721522539854
s-002,after_common_greedy_prefix,7,50,0,-32305.812335983002,32607.403484826,57596.555328515,27143.440465379957,829.3273882389767,34550.806176987,2244.993841003994,0.05960004429869326,1415.6664527650173,0.0014167321181545274,0.07825510948896408,False,False,0.07825510948896408
s-002,after_common_greedy_prefix,7,50,1,-32305.812335983002,32607.403484826,57596.555328515,27143.440465379957,829.3273882389767,34550.806176987,2244.993841003994,0.05960004429869326,1415.6664527650173,0.0014167321181545274,0.07917564734816551,False,False,0.07917564734816551
s-002,after_common_greedy_prefix,7,10,0,-32305.812335983002,32607.403484826,57596.555328515,27143.440465379957,829.3273882389767,34550.806176987,2244.993841003994,0.05960004429869326,1415.6664527650173,0.0014167321181545274,0.03675941750407219,False,False,0.03675941750407219
s-002,after_common_greedy_prefix,7,10,1,-32305.812335983002,32607.403484826,57596.555328515,27143.440465379957,829.3273882389767,34550.806176987,2244.993841003994,0.05960004429869326,1415.6664527650173,0.0014167321181545274,0.038226716220378876,False,False,0.038226716220378876
s-002,after_common_greedy_prefix,8,200,0,530.3576796350003,0.0,0.0,0.0,829.3273882389767,0.0,530.3576796350003,0.0,0.0,0.0,0.006039001047611237,False,True,
s-002,after_common_greedy_prefix,8,200,1,530.3576796350003,0.0,0.0,0.0,829.3273882389767,0.0,530.3576796350003,0.0,0.0,0.0,0.006769504398107529,False,True,
s-002,after_common_greedy_prefix,8,1000,0,530.3576796350003,0.0,0.0,0.0,829.3273882389767,0.0,530.3576796350003,0.0,0.0,0.0,0.0060266293585300446,False,True,
s-002,after_common_greedy_prefix,8,1000,1,530.3576796350003,0.0,0.0,0.0,829.3273882389767,0.0,530.3576796350003,0.0,0.0,0.0,0.005830857902765274,False,True,
s-002,after_common_greedy_prefix,8,50,0,530.3576796350003,0.0,0.0,0.0,829.3273882389767,0.0,530.3576796350003,0.0,0.0,0.0,0.0057529062032699585,False,True,
s-002,after_common_greedy_prefix,8,50,1,530.3576796350003,0.0,0.0,0.0,829.3273882389767,0.0,530.3576796350003,0.0,0.0,0.0,0.00571075826883316,False,True,
s-002,after_common_greedy_prefix,8,10,0,530.3576796350003,0.0,0.0,0.0,829.3273882389767,0.0,530.3576796350003,0.0,0.0,0.0,0.005720209330320358,False,True,
s-002,after_common_greedy_prefix,8,10,1,530.3576796350003,0.0,0.0,0.0,829.3273882389767,0.0,530.3576796350003,0.0,0.0,0.0,0.005668856203556061,False,True,
s-002,after_common_greedy_prefix,9,200,0,-7980.082674097999,8510.440353733,14158.443231584,6891.524653670464,829.3273882389767,8947.106540422,967.0238663240016,0.051309470314008204,137.69647808502486,0.00013780013129420138,0.22541691735386848,False,False,0.22541691735386848
s-002,after_common_greedy_prefix,9,200,1,-7980.082674097999,8510.440353733,14158.443231584,6891.524653670464,829.3273882389767,8947.106540422,967.0238663240016,0.051309470314008204,137.69647808502486,0.00013780013129420138,0.2262663096189499,False,False,0.2262663096189499
s-002,after_common_greedy_prefix,9,1000,0,-7980.082674097999,8510.440353733,14158.443231584,6891.524653670464,829.3273882389767,8947.106540422,967.0238663240016,0.051309470314008204,137.69647808502486,0.00013780013129420138,1.0261611975729465,False,False,1.0261611975729465
s-002,after_common_greedy_prefix,9,1000,1,-7980.082674097999,8510.440353733,14158.443231584,6891.524653670464,829.3273882389767,8947.106540422,967.0238663240016,0.051309470314008204,137.69647808502486,0.00013780013129420138,1.0257487520575523,False,False,1.0257487520575523
s-002,after_common_greedy_prefix,9,50,0,-7980.082674097999,8510.440353733,14158.443231584,6891.524653670464,829.3273882389767,8947.106540422,967.0238663240016,0.051309470314008204,137.69647808502486,0.00013780013129420138,0.07508967816829681,False,False,0.07508967816829681
s-002,after_common_greedy_prefix,9,50,1,-7980.082674097999,8510.440353733,14158.443231584,6891.524653670464,829.3273882389767,8947.106540422,967.0238663240016,0.051309470314008204,137.69647808502486,0.00013780013129420138,0.07653078436851501,False,False,0.07653078436851501
s-002,after_common_greedy_prefix,9,10,0,-7980.082674097999,8510.440353733,14158.443231584,6891.524653670464,829.3273882389767,8947.106540422,967.0238663240016,0.051309470314008204,137.69647808502486,0.00013780013129420138,0.034112825989723206,False,False,0.034112825989723206
s-002,after_common_greedy_prefix,9,10,1,-7980.082674097999,8510.440353733,14158.443231584,6891.524653670464,829.3273882389767,8947.106540422,967.0238663240016,0.051309470314008204,137.69647808502486,0.00013780013129420138,0.03369445353746414,False,False,0.03369445353746414
s-002,after_common_greedy_prefix,10,200,0,-32099.270348817,32928.597737056,50664.325631618,25982.15717260917,829.3273882389767,34843.226330355,2743.955981537998,0.05814485659510437,1914.6285932990213,0.0019160698603585464,0.2294633649289608,False,False,0.2294633649289608
s-002,after_common_greedy_prefix,10,200,1,-32099.270348817,32928.597737056,50664.325631618,25982.15717260917,829.3273882389767,34843.226330355,2743.955981537998,0.05814485659510437,1914.6285932990213,0.0019160698603585464,0.22703395783901215,False,False,0.22703395783901215
s-002,after_common_greedy_prefix,10,1000,0,-32099.270348817,32928.597737056,50664.325631618,25982.15717260917,829.3273882389767,34843.226330355,2743.955981537998,0.05814485659510437,1914.6285932990213,0.0019160698603585464,1.026661541312933,False,False,1.026661541312933
s-002,after_common_greedy_prefix,10,1000,1,-32099.270348817,32928.597737056,50664.325631618,25982.15717260917,829.3273882389767,34843.226330355,2743.955981537998,0.05814485659510437,1914.6285932990213,0.0019160698603585464,1.0277856290340424,False,False,1.0277856290340424
s-002,after_common_greedy_prefix,10,50,0,-32099.270348817,32928.597737056,50664.325631618,25982.15717260917,829.3273882389767,34843.226330355,2743.955981537998,0.05814485659510437,1914.6285932990213,0.0019160698603585464,0.07708970829844475,False,False,0.07708970829844475
s-002,after_common_greedy_prefix,10,50,1,-32099.270348817,32928.597737056,50664.325631618,25982.15717260917,829.3273882389767,34843.226330355,2743.955981537998,0.05814485659510437,1914.6285932990213,0.0019160698603585464,0.07818184792995453,False,False,0.07818184792995453
s-002,after_common_greedy_prefix,10,10,0,-32099.270348817,32928.597737056,50664.325631618,25982.15717260917,829.3273882389767,34843.226330355,2743.955981537998,0.05814485659510437,1914.6285932990213,0.0019160698603585464,0.03713468834757805,False,False,0.03713468834757805
s-002,after_common_greedy_prefix,10,10,1,-32099.270348817,32928.597737056,50664.325631618,25982.15717260917,829.3273882389767,34843.226330355,2743.955981537998,0.05814485659510437,1914.6285932990213,0.0019160698603585464,0.03561945632100105,False,False,0.03561945632100105
s-003,after_one_actual_history_call,0,200,0,-8927.824941395,9057.154089284,16479.713418774,6436.323529436804,829.3273882389767,9713.628709689001,785.8037682940012,0.07248133507872088,0.0,0.0,0.22506606578826904,False,False,
s-003,after_one_actual_history_call,0,200,1,-8927.824941395,9057.154089284,16479.713418774,6436.323529436804,829.3273882389767,9713.628709689001,785.8037682940012,0.07248133507872088,0.0,0.0,0.2276560589671135,False,False,
s-003,after_one_actual_history_call,0,1000,0,-8927.824941395,9057.154089284,16479.713418774,6436.323529436804,829.3273882389767,9713.628709689001,785.8037682940012,0.07248133507872088,0.0,0.0,1.0291167050600052,False,False,
s-003,after_one_actual_history_call,0,1000,1,-8927.824941395,9057.154089284,16479.713418774,6436.323529436804,829.3273882389767,9713.628709689001,785.8037682940012,0.07248133507872088,0.0,0.0,1.026761282235384,False,False,
s-003,after_one_actual_history_call,0,50,0,-8927.824941395,9057.154089284,16479.713418774,6436.323529436804,829.3273882389767,9713.628709689001,785.8037682940012,0.07248133507872088,0.0,0.0,0.0769985169172287,False,False,
s-003,after_one_actual_history_call,0,50,1,-8927.824941395,9057.154089284,16479.713418774,6436.323529436804,829.3273882389767,9713.628709689001,785.8037682940012,0.07248133507872088,0.0,0.0,0.0767751894891262,False,False,
s-003,after_one_actual_history_call,0,10,0,-8927.824941395,9057.154089284,16479.713418774,6436.323529436804,829.3273882389767,9713.628709689001,785.8037682940012,0.07248133507872088,0.0,0.0,0.038133278489112854,False,False,
s-003,after_one_actual_history_call,0,10,1,-8927.824941395,9057.154089284,16479.713418774,6436.323529436804,829.3273882389767,9713.628709689001,785.8037682940012,0.07248133507872088,0.0,0.0,0.037387777119874954,False,False,
s-003,after_one_actual_history_call,1,200,0,-33003.260712966,33497.295698132,47013.519000589,26722.11928658091,829.3273882389767,33497.295698132,494.0349851659994,0.0,0.0,0.0,0.0041936300694942474,False,True,
s-003,after_one_actual_history_call,1,200,1,-33003.260712966,33497.295698132,47013.519000589,26722.11928658091,829.3273882389767,33497.295698132,494.0349851659994,0.0,0.0,0.0,0.003975518047809601,False,True,
s-003,after_one_actual_history_call,1,1000,0,-33003.260712966,33497.295698132,47013.519000589,26722.11928658091,829.3273882389767,33497.295698132,494.0349851659994,0.0,0.0,0.0,1.0273784175515175,False,True,
s-003,after_one_actual_history_call,1,1000,1,-33003.260712966,33497.295698132,47013.519000589,26722.11928658091,829.3273882389767,33497.295698132,494.0349851659994,0.0,0.0,0.0,1.0286528021097183,False,True,
s-003,after_one_actual_history_call,1,50,0,-33003.260712966,33497.295698132,47013.519000589,26722.11928658091,829.3273882389767,33497.295698132,494.0349851659994,0.0,0.0,0.0,0.07939641550183296,False,True,
s-003,after_one_actual_history_call,1,50,1,-33003.260712966,33497.295698132,47013.519000589,26722.11928658091,829.3273882389767,33497.295698132,494.0349851659994,0.0,0.0,0.0,0.07814659923315048,False,True,
s-003,after_one_actual_history_call,1,10,0,-33003.260712966,33497.295698132,47013.519000589,26722.11928658091,829.3273882389767,33497.295698132,494.0349851659994,0.0,0.0,0.0,0.03721989691257477,False,True,
s-003,after_one_actual_history_call,1,10,1,-33003.260712966,33497.295698132,47013.519000589,26722.11928658091,829.3273882389767,33497.295698132,494.0349851659994,0.0,0.0,0.0,0.03774136304855347,False,True,
s-003,after_one_actual_history_call,2,200,0,161.36684630900004,0.0,0.0,0.0,829.3273882389767,0.0,161.36684630900004,0.0,0.0,0.0,0.006366662681102753,False,True,
s-003,after_one_actual_history_call,2,200,1,161.36684630900004,0.0,0.0,0.0,829.3273882389767,0.0,161.36684630900004,0.0,0.0,0.0,0.006146017462015152,False,True,
s-003,after_one_actual_history_call,2,1000,0,161.36684630900004,0.0,0.0,0.0,829.3273882389767,0.0,161.36684630900004,0.0,0.0,0.0,0.005977749824523926,False,True,
s-003,after_one_actual_history_call,2,1000,1,161.36684630900004,0.0,0.0,0.0,829.3273882389767,0.0,161.36684630900004,0.0,0.0,0.0,0.005890347063541412,False,True,
s-003,after_one_actual_history_call,2,50,0,161.36684630900004,0.0,0.0,0.0,829.3273882389767,0.0,161.36684630900004,0.0,0.0,0.0,0.005851641297340393,False,True,
s-003,after_one_actual_history_call,2,50,1,161.36684630900004,0.0,0.0,0.0,829.3273882389767,0.0,161.36684630900004,0.0,0.0,0.0,0.005837470293045044,False,True,
s-003,after_one_actual_history_call,2,10,0,161.36684630900004,0.0,0.0,0.0,829.3273882389767,0.0,161.36684630900004,0.0,0.0,0.0,0.005807660520076752,False,True,
s-003,after_one_actual_history_call,2,10,1,161.36684630900004,0.0,0.0,0.0,829.3273882389767,0.0,161.36684630900004,0.0,0.0,0.0,0.005841467529535294,False,True,
s-003,after_one_actual_history_call,3,200,0,-7351.682621393999,8132.048075796,10348.954371585,5632.044186782121,829.3273882389767,8191.194175395,839.5115540010001,0.007273210764092746,10.18416576202344,1.0191832054427576e-05,0.22623395174741745,False,False,0.22623395174741745
s-003,after_one_actual_history_call,3,200,1,-7351.682621393999,8132.048075796,10348.954371585,5632.044186782121,829.3273882389767,8191.194175395,839.5115540010001,0.007273210764092746,10.18416576202344,1.0191832054427576e-05,0.22611696645617485,False,False,0.22611696645617485
s-003,after_one_actual_history_call,3,1000,0,-7351.682621393999,8132.048075796,10348.954371585,5632.044186782121,829.3273882389767,8191.194175395,839.5115540010001,0.007273210764092746,10.18416576202344,1.0191832054427576e-05,1.0278270691633224,False,False,1.0278270691633224
s-003,after_one_actual_history_call,3,1000,1,-7351.682621393999,8132.048075796,10348.954371585,5632.044186782121,829.3273882389767,8191.194175395,839.5115540010001,0.007273210764092746,10.18416576202344,1.0191832054427576e-05,1.027367789298296,False,False,1.027367789298296
s-003,after_one_actual_history_call,3,50,0,-7351.682621393999,8132.048075796,10348.954371585,5632.044186782121,829.3273882389767,8191.194175395,839.5115540010001,0.007273210764092746,10.18416576202344,1.0191832054427576e-05,0.07445161417126656,False,False,0.07445161417126656
s-003,after_one_actual_history_call,3,50,1,-7351.682621393999,8132.048075796,10348.954371585,5632.044186782121,829.3273882389767,8191.194175395,839.5115540010001,0.007273210764092746,10.18416576202344,1.0191832054427576e-05,0.07380415871739388,False,False,0.07380415871739388
s-003,after_one_actual_history_call,3,10,0,-7351.682621393999,8132.048075796,10348.954371585,5632.044186782121,829.3273882389767,8191.194175395,839.5115540010001,0.007273210764092746,10.18416576202344,1.0191832054427576e-05,0.03507295250892639,False,False,0.03507295250892639
s-003,after_one_actual_history_call,3,10,1,-7351.682621393999,8132.048075796,10348.954371585,5632.044186782121,829.3273882389767,8191.194175395,839.5115540010001,0.007273210764092746,10.18416576202344,1.0191832054427576e-05,0.03406822308897972,False,False,0.03406822308897972
s-003,after_one_actual_history_call,4,200,0,-32709.419836052002,32870.786682361,39264.805973021,23837.464554751932,829.3273882389767,32986.33088362,276.91104756799905,0.003515103011544355,0.0,0.0,0.22906935960054398,False,False,
s-003,after_one_actual_history_call,4,200,1,-32709.419836052002,32870.786682361,39264.805973021,23837.464554751932,829.3273882389767,32986.33088362,276.91104756799905,0.003515103011544355,0.0,0.0,0.2296341024339199,False,False,
s-003,after_one_actual_history_call,4,1000,0,-32709.419836052002,32870.786682361,39264.805973021,23837.464554751932,829.3273882389767,32986.33088362,276.91104756799905,0.003515103011544355,0.0,0.0,1.0290584973990917,False,False,
s-003,after_one_actual_history_call,4,1000,1,-32709.419836052002,32870.786682361,39264.805973021,23837.464554751932,829.3273882389767,32986.33088362,276.91104756799905,0.003515103011544355,0.0,0.0,1.0294382385909557,False,False,
s-003,after_one_actual_history_call,4,50,0,-32709.419836052002,32870.786682361,39264.805973021,23837.464554751932,829.3273882389767,32986.33088362,276.91104756799905,0.003515103011544355,0.0,0.0,0.0786333978176117,False,False,
s-003,after_one_actual_history_call,4,50,1,-32709.419836052002,32870.786682361,39264.805973021,23837.464554751932,829.3273882389767,32986.33088362,276.91104756799905,0.003515103011544355,0.0,0.0,0.07854480668902397,False,False,
s-003,after_one_actual_history_call,4,10,0,-32709.419836052002,32870.786682361,39264.805973021,23837.464554751932,829.3273882389767,32986.33088362,276.91104756799905,0.003515103011544355,0.0,0.0,0.03812536597251892,False,False,
s-003,after_one_actual_history_call,4,10,1,-32709.419836052002,32870.786682361,39264.805973021,23837.464554751932,829.3273882389767,32986.33088362,276.91104756799905,0.003515103011544355,0.0,0.0,0.03824913501739502,False,False,
s-003,after_one_actual_history_call,5,200,0,301.5911488429999,0.0,0.0,0.0,829.3273882389767,0.0,301.5911488429999,0.0,0.0,0.0,0.006142742931842804,False,True,
s-003,after_one_actual_history_call,5,200,1,301.5911488429999,0.0,0.0,0.0,829.3273882389767,0.0,301.5911488429999,0.0,0.0,0.0,0.006162863224744797,False,True,
s-003,after_one_actual_history_call,5,1000,0,301.5911488429999,0.0,0.0,0.0,829.3273882389767,0.0,301.5911488429999,0.0,0.0,0.0,0.006263263523578644,False,True,
s-003,after_one_actual_history_call,5,1000,1,301.5911488429999,0.0,0.0,0.0,829.3273882389767,0.0,301.5911488429999,0.0,0.0,0.0,0.006090376526117325,False,True,
s-003,after_one_actual_history_call,5,50,0,301.5911488429999,0.0,0.0,0.0,829.3273882389767,0.0,301.5911488429999,0.0,0.0,0.0,0.005913417786359787,False,True,
s-003,after_one_actual_history_call,5,50,1,301.5911488429999,0.0,0.0,0.0,829.3273882389767,0.0,301.5911488429999,0.0,0.0,0.0,0.005801886320114136,False,True,
s-003,after_one_actual_history_call,5,10,0,301.5911488429999,0.0,0.0,0.0,829.3273882389767,0.0,301.5911488429999,0.0,0.0,0.0,0.005785800516605377,False,True,
s-003,after_one_actual_history_call,5,10,1,301.5911488429999,0.0,0.0,0.0,829.3273882389767,0.0,301.5911488429999,0.0,0.0,0.0,0.005800925195217133,False,True,
s-003,after_one_actual_history_call,6,200,0,-7158.628496822999,7952.717531082,11579.01445985,6025.586285625666,829.3273882389767,8295.455898937,1136.8274021140005,0.043097012626873536,307.5000138750238,0.0003077314893906161,0.22500372678041458,False,False,0.22500372678041458
s-003,after_one_actual_history_call,6,200,1,-7158.628496822999,7952.717531082,11579.01445985,6025.586285625666,829.3273882389767,8295.455898937,1136.8274021140005,0.043097012626873536,307.5000138750238,0.0003077314893906161,0.22510536015033722,False,False,0.22510536015033722
s-003,after_one_actual_history_call,6,1000,0,-7158.628496822999,7952.717531082,11579.01445985,6025.586285625666,829.3273882389767,8295.455898937,1136.8274021140005,0.043097012626873536,307.5000138750238,0.0003077314893906161,1.025173358619213,False,False,1.025173358619213
s-003,after_one_actual_history_call,6,1000,1,-7158.628496822999,7952.717531082,11579.01445985,6025.586285625666,829.3273882389767,8295.455898937,1136.8274021140005,0.043097012626873536,307.5000138750238,0.0003077314893906161,1.025997132062912,False,False,1.025997132062912
s-003,after_one_actual_history_call,6,50,0,-7158.628496822999,7952.717531082,11579.01445985,6025.586285625666,829.3273882389767,8295.455898937,1136.8274021140005,0.043097012626873536,307.5000138750238,0.0003077314893906161,0.07514233514666557,False,False,0.07514233514666557
s-003,after_one_actual_history_call,6,50,1,-7158.628496822999,7952.717531082,11579.01445985,6025.586285625666,829.3273882389767,8295.455898937,1136.8274021140005,0.043097012626873536,307.5000138750238,0.0003077314893906161,0.07438623160123825,False,False,0.07438623160123825
s-003,after_one_actual_history_call,6,10,0,-7158.628496822999,7952.717531082,11579.01445985,6025.586285625666,829.3273882389767,8295.455898937,1136.8274021140005,0.043097012626873536,307.5000138750238,0.0003077314893906161,0.03415382280945778,False,False,0.03415382280945778
s-003,after_one_actual_history_call,6,10,1,-7158.628496822999,7952.717531082,11579.01445985,6025.586285625666,829.3273882389767,8295.455898937,1136.8274021140005,0.043097012626873536,307.5000138750238,0.0003077314893906161,0.033867061138153076,False,False,0.033867061138153076
s-003,after_one_actual_history_call,7,200,0,-32305.812335983002,32607.403484826,57596.555328515,27143.440465379957,829.3273882389767,34573.97241618,2268.1600801969944,0.06031050378694356,1438.8326919580177,0.0014399157961017376,0.22929229587316513,False,False,0.22929229587316513
s-003,after_one_actual_history_call,7,200,1,-32305.812335983002,32607.403484826,57596.555328515,27143.440465379957,829.3273882389767,34573.97241618,2268.1600801969944,0.06031050378694356,1438.8326919580177,0.0014399157961017376,0.22898955270648003,False,False,0.22898955270648003
s-003,after_one_actual_history_call,7,1000,0,-32305.812335983002,32607.403484826,57596.555328515,27143.440465379957,829.3273882389767,34573.97241618,2268.1600801969944,0.06031050378694356,1438.8326919580177,0.0014399157961017376,1.0292892344295979,False,False,1.0292892344295979
s-003,after_one_actual_history_call,7,1000,1,-32305.812335983002,32607.403484826,57596.555328515,27143.440465379957,829.3273882389767,34573.97241618,2268.1600801969944,0.06031050378694356,1438.8326919580177,0.0014399157961017376,1.0278143025934696,False,False,1.0278143025934696
s-003,after_one_actual_history_call,7,50,0,-32305.812335983002,32607.403484826,57596.555328515,27143.440465379957,829.3273882389767,34550.806176987,2244.993841003994,0.05960004429869326,1415.6664527650173,0.0014167321181545274,0.07790892943739891,False,False,0.07790892943739891
s-003,after_one_actual_history_call,7,50,1,-32305.812335983002,32607.403484826,57596.555328515,27143.440465379957,829.3273882389767,34550.806176987,2244.993841003994,0.05960004429869326,1415.6664527650173,0.0014167321181545274,0.07727428898215294,False,False,0.07727428898215294
s-003,after_one_actual_history_call,7,10,0,-32305.812335983002,32607.403484826,57596.555328515,27143.440465379957,829.3273882389767,34550.806176987,2244.993841003994,0.05960004429869326,1415.6664527650173,0.0014167321181545274,0.03745794668793678,False,False,0.03745794668793678
s-003,after_one_actual_history_call,7,10,1,-32305.812335983002,32607.403484826,57596.555328515,27143.440465379957,829.3273882389767,34550.806176987,2244.993841003994,0.05960004429869326,1415.6664527650173,0.0014167321181545274,0.03567987680435181,False,False,0.03567987680435181
s-003,after_one_actual_history_call,8,200,0,530.3576796350003,0.0,0.0,0.0,829.3273882389767,0.0,530.3576796350003,0.0,0.0,0.0,0.0057785771787166595,False,True,
s-003,after_one_actual_history_call,8,200,1,530.3576796350003,0.0,0.0,0.0,829.3273882389767,0.0,530.3576796350003,0.0,0.0,0.0,0.005650408565998077,False,True,
s-003,after_one_actual_history_call,8,1000,0,530.3576796350003,0.0,0.0,0.0,829.3273882389767,0.0,530.3576796350003,0.0,0.0,0.0,0.0057129040360450745,False,True,
s-003,after_one_actual_history_call,8,1000,1,530.3576796350003,0.0,0.0,0.0,829.3273882389767,0.0,530.3576796350003,0.0,0.0,0.0,0.005659323185682297,False,True,
s-003,after_one_actual_history_call,8,50,0,530.3576796350003,0.0,0.0,0.0,829.3273882389767,0.0,530.3576796350003,0.0,0.0,0.0,0.005673397332429886,False,True,
s-003,after_one_actual_history_call,8,50,1,530.3576796350003,0.0,0.0,0.0,829.3273882389767,0.0,530.3576796350003,0.0,0.0,0.0,0.005637016147375107,False,True,
s-003,after_one_actual_history_call,8,10,0,530.3576796350003,0.0,0.0,0.0,829.3273882389767,0.0,530.3576796350003,0.0,0.0,0.0,0.005663145333528519,False,True,
s-003,after_one_actual_history_call,8,10,1,530.3576796350003,0.0,0.0,0.0,829.3273882389767,0.0,530.3576796350003,0.0,0.0,0.0,0.005665145814418793,False,True,
s-003,after_one_actual_history_call,9,200,0,-7980.082674097999,8510.440353733,14158.443231584,6891.524653670464,829.3273882389767,8947.106540422,967.0238663240016,0.051309470314008204,137.69647808502486,0.00013780013129420138,0.22538037598133087,False,False,0.22538037598133087
s-003,after_one_actual_history_call,9,200,1,-7980.082674097999,8510.440353733,14158.443231584,6891.524653670464,829.3273882389767,8947.106540422,967.0238663240016,0.051309470314008204,137.69647808502486,0.00013780013129420138,0.22610696032643318,False,False,0.22610696032643318
s-003,after_one_actual_history_call,9,1000,0,-7980.082674097999,8510.440353733,14158.443231584,6891.524653670464,829.3273882389767,8947.106540422,967.0238663240016,0.051309470314008204,137.69647808502486,0.00013780013129420138,1.026062000542879,False,False,1.026062000542879
s-003,after_one_actual_history_call,9,1000,1,-7980.082674097999,8510.440353733,14158.443231584,6891.524653670464,829.3273882389767,8947.106540422,967.0238663240016,0.051309470314008204,137.69647808502486,0.00013780013129420138,1.0262597128748894,False,False,1.0262597128748894
s-003,after_one_actual_history_call,9,50,0,-7980.082674097999,8510.440353733,14158.443231584,6891.524653670464,829.3273882389767,8947.106540422,967.0238663240016,0.051309470314008204,137.69647808502486,0.00013780013129420138,0.07692683860659599,False,False,0.07692683860659599
s-003,after_one_actual_history_call,9,50,1,-7980.082674097999,8510.440353733,14158.443231584,6891.524653670464,829.3273882389767,8947.106540422,967.0238663240016,0.051309470314008204,137.69647808502486,0.00013780013129420138,0.07537340000271797,False,False,0.07537340000271797
s-003,after_one_actual_history_call,9,10,0,-7980.082674097999,8510.440353733,14158.443231584,6891.524653670464,829.3273882389767,8947.106540422,967.0238663240016,0.051309470314008204,137.69647808502486,0.00013780013129420138,0.03363820165395737,False,False,0.03363820165395737
s-003,after_one_actual_history_call,9,10,1,-7980.082674097999,8510.440353733,14158.443231584,6891.524653670464,829.3273882389767,8947.106540422,967.0238663240016,0.051309470314008204,137.69647808502486,0.00013780013129420138,0.03265136107802391,False,False,0.03265136107802391
s-003,after_one_actual_history_call,10,200,0,-32099.270348817,32928.597737056,50664.325631618,25982.15717260917,829.3273882389767,34843.226330355,2743.955981537998,0.05814485659510437,1914.6285932990213,0.0019160698603585464,0.22909589856863022,False,False,0.22909589856863022
s-003,after_one_actual_history_call,10,200,1,-32099.270348817,32928.597737056,50664.325631618,25982.15717260917,829.3273882389767,34843.226330355,2743.955981537998,0.05814485659510437,1914.6285932990213,0.0019160698603585464,0.2285233698785305,False,False,0.2285233698785305
s-003,after_one_actual_history_call,10,1000,0,-32099.270348817,32928.597737056,50664.325631618,25982.15717260917,829.3273882389767,34843.226330355,2743.955981537998,0.05814485659510437,1914.6285932990213,0.0019160698603585464,1.0273328609764576,False,False,1.0273328609764576
s-003,after_one_actual_history_call,10,1000,1,-32099.270348817,32928.597737056,50664.325631618,25982.15717260917,829.3273882389767,34843.226330355,2743.955981537998,0.05814485659510437,1914.6285932990213,0.0019160698603585464,1.027771469205618,False,False,1.027771469205618
s-003,after_one_actual_history_call,10,50,0,-32099.270348817,32928.597737056,50664.325631618,25982.15717260917,829.3273882389767,34843.226330355,2743.955981537998,0.05814485659510437,1914.6285932990213,0.0019160698603585464,0.07727870345115662,False,False,0.07727870345115662
s-003,after_one_actual_history_call,10,50,1,-32099.270348817,32928.597737056,50664.325631618,25982.15717260917,829.3273882389767,34843.226330355,2743.955981537998,0.05814485659510437,1914.6285932990213,0.0019160698603585464,0.077957384288311,False,False,0.077957384288311
s-003,after_one_actual_history_call,10,10,0,-32099.270348817,32928.597737056,50664.325631618,25982.15717260917,829.3273882389767,34843.226330355,2743.955981537998,0.05814485659510437,1914.6285932990213,0.0019160698603585464,0.036840807646512985,False,False,0.036840807646512985
s-003,after_one_actual_history_call,10,10,1,-32099.270348817,32928.597737056,50664.325631618,25982.15717260917,829.3273882389767,34843.226330355,2743.955981537998,0.05814485659510437,1914.6285932990213,0.0019160698603585464,0.035574037581682205,False,False,0.035574037581682205
s-004,after_common_greedy_prefix,0,200,0,-7374.104447983,8271.825670158,15595.967417819,5667.008684246305,897.721222174936,8654.319420733,1280.21497275,0.046240547833945635,382.49375057506404,0.0003827816788161378,0.22823212295770645,False,False,0.22823212295770645
s-004,after_common_greedy_prefix,0,200,1,-7374.104447983,8271.825670158,15595.967417819,5667.008684246305,897.721222174936,8654.319420733,1280.21497275,0.046240547833945635,382.49375057506404,0.0003827816788161378,0.2274843342602253,False,False,0.2274843342602253
s-004,after_common_greedy_prefix,0,1000,0,-7374.104447983,8271.825670158,15595.967417819,5667.008684246305,897.721222174936,8654.319420733,1280.21497275,0.046240547833945635,382.49375057506404,0.0003827816788161378,1.0270576998591423,False,False,1.0270576998591423
s-004,after_common_greedy_prefix,0,1000,1,-7374.104447983,8271.825670158,15595.967417819,5667.008684246305,897.721222174936,8654.319420733,1280.21497275,0.046240547833945635,382.49375057506404,0.0003827816788161378,1.0261039808392525,False,False,1.0261039808392525
s-004,after_common_greedy_prefix,0,50,0,-7374.104447983,8271.825670158,15595.967417819,5667.008684246305,897.721222174936,8654.319420733,1280.21497275,0.046240547833945635,382.49375057506404,0.0003827816788161378,0.07726938277482986,False,False,0.07726938277482986
s-004,after_common_greedy_prefix,0,50,1,-7374.104447983,8271.825670158,15595.967417819,5667.008684246305,897.721222174936,8654.319420733,1280.21497275,0.046240547833945635,382.49375057506404,0.0003827816788161378,0.07706780731678009,False,False,0.07706780731678009
s-004,after_common_greedy_prefix,0,10,0,-7374.104447983,8271.825670158,15595.967417819,5667.008684246305,897.721222174936,8654.319420733,1280.21497275,0.046240547833945635,382.49375057506404,0.0003827816788161378,0.036962106823921204,False,False,0.036962106823921204
s-004,after_common_greedy_prefix,0,10,1,-7374.104447983,8271.825670158,15595.967417819,5667.008684246305,897.721222174936,8654.319420733,1280.21497275,0.046240547833945635,382.49375057506404,0.0003827816788161378,0.03371239826083183,False,False,0.03371239826083183
s-004,after_common_greedy_prefix,1,200,0,-32312.424962652,32312.424962652,50939.593005674,28114.75627774525,897.721222174936,33187.454762791,875.0298001390001,0.027080288809966904,0.0,0.0,0.22783619165420532,False,False,
s-004,after_common_greedy_prefix,1,200,1,-32312.424962652,32312.424962652,50939.593005674,28114.75627774525,897.721222174936,33187.454762791,875.0298001390001,0.027080288809966904,0.0,0.0,0.22970110177993774,False,False,
s-004,after_common_greedy_prefix,1,1000,0,-32312.424962652,32312.424962652,50939.593005674,28114.75627774525,897.721222174936,33187.454762791,875.0298001390001,0.027080288809966904,0.0,0.0,1.0288955383002758,False,False,
s-004,after_common_greedy_prefix,1,1000,1,-32312.424962652,32312.424962652,50939.593005674,28114.75627774525,897.721222174936,33187.454762791,875.0298001390001,0.027080288809966904,0.0,0.0,1.0278511717915535,False,False,
s-004,after_common_greedy_prefix,1,50,0,-32312.424962652,32312.424962652,50939.593005674,28114.75627774525,897.721222174936,33187.454762791,875.0298001390001,0.027080288809966904,0.0,0.0,0.07790270447731018,False,False,
s-004,after_common_greedy_prefix,1,50,1,-32312.424962652,32312.424962652,50939.593005674,28114.75627774525,897.721222174936,33187.454762791,875.0298001390001,0.027080288809966904,0.0,0.0,0.07829372957348824,False,False,
s-004,after_common_greedy_prefix,1,10,0,-32312.424962652,32312.424962652,50939.593005674,28114.75627774525,897.721222174936,33187.454762791,875.0298001390001,0.027080288809966904,0.0,0.0,0.03736341372132301,False,False,
s-004,after_common_greedy_prefix,1,10,1,-32312.424962652,32312.424962652,50939.593005674,28114.75627774525,897.721222174936,33187.454762791,875.0298001390001,0.027080288809966904,0.0,0.0,0.03855060040950775,False,False,
s-004,after_common_greedy_prefix,2,200,0,161.36684630900004,0.0,0.0,0.0,897.721222174936,0.0,161.36684630900004,0.0,0.0,0.0,0.0062605589628219604,False,True,
s-004,after_common_greedy_prefix,2,200,1,161.36684630900004,0.0,0.0,0.0,897.721222174936,0.0,161.36684630900004,0.0,0.0,0.0,0.005945045500993729,False,True,
s-004,after_common_greedy_prefix,2,1000,0,161.36684630900004,0.0,0.0,0.0,897.721222174936,0.0,161.36684630900004,0.0,0.0,0.0,0.005664266645908356,False,True,
s-004,after_common_greedy_prefix,2,1000,1,161.36684630900004,0.0,0.0,0.0,897.721222174936,0.0,161.36684630900004,0.0,0.0,0.0,0.005652192980051041,False,True,
s-004,after_common_greedy_prefix,2,50,0,161.36684630900004,0.0,0.0,0.0,897.721222174936,0.0,161.36684630900004,0.0,0.0,0.0,0.005647461861371994,False,True,
s-004,after_common_greedy_prefix,2,50,1,161.36684630900004,0.0,0.0,0.0,897.721222174936,0.0,161.36684630900004,0.0,0.0,0.0,0.0057250745594501495,False,True,
s-004,after_common_greedy_prefix,2,10,0,161.36684630900004,0.0,0.0,0.0,897.721222174936,0.0,161.36684630900004,0.0,0.0,0.0,0.005733821541070938,False,True,
s-004,after_common_greedy_prefix,2,10,1,161.36684630900004,0.0,0.0,0.0,897.721222174936,0.0,161.36684630900004,0.0,0.0,0.0,0.005716037005186081,False,True,
s-004,after_common_greedy_prefix,3,200,0,-7590.432988969,7885.034888132,10175.410046402,5875.6211045035825,897.721222174936,8120.714195775,530.2812068060002,0.029889443862541217,0.0,0.0,0.22838616371154785,False,False,
s-004,after_common_greedy_prefix,3,200,1,-7590.432988969,7885.034888132,10175.410046402,5875.6211045035825,897.721222174936,8120.714195775,530.2812068060002,0.029889443862541217,0.0,0.0,0.22530489042401314,False,False,
s-004,after_common_greedy_prefix,3,1000,0,-7590.432988969,7885.034888132,10175.410046402,5875.6211045035825,897.721222174936,8120.714195775,530.2812068060002,0.029889443862541217,0.0,0.0,1.024247232824564,False,False,
s-004,after_common_greedy_prefix,3,1000,1,-7590.432988969,7885.034888132,10175.410046402,5875.6211045035825,897.721222174936,8120.714195775,530.2812068060002,0.029889443862541217,0.0,0.0,1.0239982716739178,False,False,
s-004,after_common_greedy_prefix,3,50,0,-7590.432988969,7885.034888132,10175.410046402,5875.6211045035825,897.721222174936,8120.714195775,530.2812068060002,0.029889443862541217,0.0,0.0,0.07718298956751823,False,False,
s-004,after_common_greedy_prefix,3,50,1,-7590.432988969,7885.034888132,10175.410046402,5875.6211045035825,897.721222174936,8120.714195775,530.2812068060002,0.029889443862541217,0.0,0.0,0.07650667801499367,False,False,
s-004,after_common_greedy_prefix,3,10,0,-7590.432988969,7885.034888132,10175.410046402,5875.6211045035825,897.721222174936,8120.714195775,530.2812068060002,0.029889443862541217,0.0,0.0,0.034867677837610245,False,False,
s-004,after_common_greedy_prefix,3,10,1,-7590.432988969,7885.034888132,10175.410046402,5875.6211045035825,897.721222174936,8120.714195775,530.2812068060002,0.029889443862541217,0.0,0.0,0.03537539392709732,False,False,
s-004,after_common_greedy_prefix,4,200,0,-32626.457748189998,32787.824594499,41376.804835659,23888.475772347447,897.721222174936,32903.368795758,276.91104756799905,0.0035239971754144604,0.0,0.0,0.22882026433944702,False,False,
s-004,after_common_greedy_prefix,4,200,1,-32626.457748189998,32787.824594499,41376.804835659,23888.475772347447,897.721222174936,32903.368795758,276.91104756799905,0.0035239971754144604,0.0,0.0,0.2282571829855442,False,False,
s-004,after_common_greedy_prefix,4,1000,0,-32626.457748189998,32787.824594499,41376.804835659,23888.475772347447,897.721222174936,32903.368795758,276.91104756799905,0.0035239971754144604,0.0,0.0,1.0291223376989365,False,False,
s-004,after_common_greedy_prefix,4,1000,1,-32626.457748189998,32787.824594499,41376.804835659,23888.475772347447,897.721222174936,32903.368795758,276.91104756799905,0.0035239971754144604,0.0,0.0,1.0281855277717113,False,False,
s-004,after_common_greedy_prefix,4,50,0,-32626.457748189998,32787.824594499,41376.804835659,23888.475772347447,897.721222174936,32903.368795758,276.91104756799905,0.0035239971754144604,0.0,0.0,0.07877262681722641,False,False,
s-004,after_common_greedy_prefix,4,50,1,-32626.457748189998,32787.824594499,41376.804835659,23888.475772347447,897.721222174936,32903.368795758,276.91104756799905,0.0035239971754144604,0.0,0.0,0.07768562436103821,False,False,
s-004,after_common_greedy_prefix,4,10,0,-32626.457748189998,32787.824594499,41376.804835659,23888.475772347447,897.721222174936,32903.368795758,276.91104756799905,0.0035239971754144604,0.0,0.0,0.03856215626001358,False,False,
s-004,after_common_greedy_prefix,4,10,1,-32626.457748189998,32787.824594499,41376.804835659,23888.475772347447,897.721222174936,32903.368795758,276.91104756799905,0.0035239971754144604,0.0,0.0,0.0390092171728611,False,False,
s-004,after_common_greedy_prefix,5,200,0,301.5911488429999,0.0,0.0,0.0,897.721222174936,0.0,301.5911488429999,0.0,0.0,0.0,0.005786798894405365,False,True,
s-004,after_common_greedy_prefix,5,200,1,301.5911488429999,0.0,0.0,0.0,897.721222174936,0.0,301.5911488429999,0.0,0.0,0.0,0.005702551454305649,False,True,
s-004,after_common_greedy_prefix,5,1000,0,301.5911488429999,0.0,0.0,0.0,897.721222174936,0.0,301.5911488429999,0.0,0.0,0.0,0.005730025470256805,False,True,
s-004,after_common_greedy_prefix,5,1000,1,301.5911488429999,0.0,0.0,0.0,897.721222174936,0.0,301.5911488429999,0.0,0.0,0.0,0.005798209458589554,False,True,
s-004,after_common_greedy_prefix,5,50,0,301.5911488429999,0.0,0.0,0.0,897.721222174936,0.0,301.5911488429999,0.0,0.0,0.0,0.005668710917234421,False,True,
s-004,after_common_greedy_prefix,5,50,1,301.5911488429999,0.0,0.0,0.0,897.721222174936,0.0,301.5911488429999,0.0,0.0,0.0,0.005656946450471878,False,True,
s-004,after_common_greedy_prefix,5,10,0,301.5911488429999,0.0,0.0,0.0,897.721222174936,0.0,301.5911488429999,0.0,0.0,0.0,0.005724381655454636,False,True,
s-004,after_common_greedy_prefix,5,10,1,301.5911488429999,0.0,0.0,0.0,897.721222174936,0.0,301.5911488429999,0.0,0.0,0.0,0.00571204349398613,False,True,
s-004,after_common_greedy_prefix,6,200,0,-7152.5022081160005,7946.591242375,11325.803501884,5744.10111148805,897.721222174936,8289.32961023,1136.8274021139987,0.04313023753220824,239.1061799390627,0.00023928617091072227,0.22399518638849258,False,False,0.22399518638849258
s-004,after_common_greedy_prefix,6,200,1,-7152.5022081160005,7946.591242375,11325.803501884,5744.10111148805,897.721222174936,8289.32961023,1136.8274021139987,0.04313023753220824,239.1061799390627,0.00023928617091072227,0.22469694539904594,False,False,0.22469694539904594
s-004,after_common_greedy_prefix,6,1000,0,-7152.5022081160005,7946.591242375,11325.803501884,5744.10111148805,897.721222174936,8289.32961023,1136.8274021139987,0.04313023753220824,239.1061799390627,0.00023928617091072227,1.0269616805016994,False,False,1.0269616805016994
s-004,after_common_greedy_prefix,6,1000,1,-7152.5022081160005,7946.591242375,11325.803501884,5744.10111148805,897.721222174936,8289.32961023,1136.8274021139987,0.04313023753220824,239.1061799390627,0.00023928617091072227,1.0264092944562435,False,False,1.0264092944562435
s-004,after_common_greedy_prefix,6,50,0,-7152.5022081160005,7946.591242375,11325.803501884,5744.10111148805,897.721222174936,8289.32961023,1136.8274021139987,0.04313023753220824,239.1061799390627,0.00023928617091072227,0.07713012397289276,False,False,0.07713012397289276
s-004,after_common_greedy_prefix,6,50,1,-7152.5022081160005,7946.591242375,11325.803501884,5744.10111148805,897.721222174936,8289.32961023,1136.8274021139987,0.04313023753220824,239.1061799390627,0.00023928617091072227,0.07538820058107376,False,False,0.07538820058107376
s-004,after_common_greedy_prefix,6,10,0,-7152.5022081160005,7946.591242375,11325.803501884,5744.10111148805,897.721222174936,8289.32961023,1136.8274021139987,0.04313023753220824,239.1061799390627,0.00023928617091072227,0.03526574745774269,False,False,0.03526574745774269
s-004,after_common_greedy_prefix,6,10,1,-7152.5022081160005,7946.591242375,11325.803501884,5744.10111148805,897.721222174936,8289.32961023,1136.8274021139987,0.04313023753220824,239.1061799390627,0.00023928617091072227,0.034721739590168,False,False,0.034721739590168
s-004,after_common_greedy_prefix,7,200,0,-32148.189377365004,32709.468390829,59189.387555875,26918.058825064287,897.721222174936,34831.856453068,2683.667075702997,0.06488604574307519,1785.945853528061,0.0017872902526129772,0.22828248515725136,False,False,0.22828248515725136
s-004,after_common_greedy_prefix,7,200,1,-32148.189377365004,32709.468390829,59189.387555875,26918.058825064287,897.721222174936,34831.856453068,2683.667075702997,0.06488604574307519,1785.945853528061,0.0017872902526129772,0.22827495634555817,False,False,0.22827495634555817
s-004,after_common_greedy_prefix,7,1000,0,-32148.189377365004,32709.468390829,59189.387555875,26918.058825064287,897.721222174936,34831.856453068,2683.667075702997,0.06488604574307519,1785.945853528061,0.0017872902526129772,1.029187899082899,False,False,1.029187899082899
s-004,after_common_greedy_prefix,7,1000,1,-32148.189377365004,32709.468390829,59189.387555875,26918.058825064287,897.721222174936,34831.856453068,2683.667075702997,0.06488604574307519,1785.945853528061,0.0017872902526129772,1.0292994007468224,False,False,1.0292994007468224
s-004,after_common_greedy_prefix,7,50,0,-32148.189377365004,32709.468390829,59189.387555875,26918.058825064287,897.721222174936,34831.856453068,2683.667075702997,0.06488604574307519,1785.945853528061,0.0017872902526129772,0.07801858335733414,False,False,0.07801858335733414
s-004,after_common_greedy_prefix,7,50,1,-32148.189377365004,32709.468390829,59189.387555875,26918.058825064287,897.721222174936,34831.856453068,2683.667075702997,0.06488604574307519,1785.945853528061,0.0017872902526129772,0.07861560583114624,False,False,0.07861560583114624
s-004,after_common_greedy_prefix,7,10,0,-32148.189377365004,32709.468390829,59189.387555875,26918.058825064287,897.721222174936,34831.856453068,2683.667075702997,0.06488604574307519,1785.945853528061,0.0017872902526129772,0.038952358067035675,False,False,0.038952358067035675
s-004,after_common_greedy_prefix,7,10,1,-32148.189377365004,32709.468390829,59189.387555875,26918.058825064287,897.721222174936,34831.856453068,2683.667075702997,0.06488604574307519,1785.945853528061,0.0017872902526129772,0.03896835073828697,False,False,0.03896835073828697
s-004,after_common_greedy_prefix,8,200,0,530.3576796350003,0.0,0.0,0.0,897.721222174936,0.0,530.3576796350003,0.0,0.0,0.0,0.006577987223863602,False,True,
s-004,after_common_greedy_prefix,8,200,1,530.3576796350003,0.0,0.0,0.0,897.721222174936,0.0,530.3576796350003,0.0,0.0,0.0,0.005930446088314056,False,True,
s-004,after_common_greedy_prefix,8,1000,0,530.3576796350003,0.0,0.0,0.0,897.721222174936,0.0,530.3576796350003,0.0,0.0,0.0,0.0057570114731788635,False,True,
s-004,after_common_greedy_prefix,8,1000,1,530.3576796350003,0.0,0.0,0.0,897.721222174936,0.0,530.3576796350003,0.0,0.0,0.0,0.005770307034254074,False,True,
s-004,after_common_greedy_prefix,8,50,0,530.3576796350003,0.0,0.0,0.0,897.721222174936,0.0,530.3576796350003,0.0,0.0,0.0,0.005737815052270889,False,True,
s-004,after_common_greedy_prefix,8,50,1,530.3576796350003,0.0,0.0,0.0,897.721222174936,0.0,530.3576796350003,0.0,0.0,0.0,0.0057360827922821045,False,True,
s-004,after_common_greedy_prefix,8,10,0,530.3576796350003,0.0,0.0,0.0,897.721222174936,0.0,530.3576796350003,0.0,0.0,0.0,0.0057145655155181885,False,True,
s-004,after_common_greedy_prefix,8,10,1,530.3576796350003,0.0,0.0,0.0,897.721222174936,0.0,530.3576796350003,0.0,0.0,0.0,0.005722403526306152,False,True,
s-004,after_common_greedy_prefix,9,200,0,-8068.6548238430005,8599.012503478,14066.901572071,6639.553041872731,897.721222174936,9035.678690167,967.0238663239998,0.05078096892083651,69.30264414906378,6.935481281430759e-05,0.22422649711370468,False,False,0.22422649711370468
s-004,after_common_greedy_prefix,9,200,1,-8068.6548238430005,8599.012503478,14066.901572071,6639.553041872731,897.721222174936,9035.678690167,967.0238663239998,0.05078096892083651,69.30264414906378,6.935481281430759e-05,0.22597621008753777,False,False,0.22597621008753777
s-004,after_common_greedy_prefix,9,1000,0,-8068.6548238430005,8599.012503478,14066.901572071,6639.553041872731,897.721222174936,9035.678690167,967.0238663239998,0.05078096892083651,69.30264414906378,6.935481281430759e-05,1.0259748585522175,False,False,1.0259748585522175
s-004,after_common_greedy_prefix,9,1000,1,-8068.6548238430005,8599.012503478,14066.901572071,6639.553041872731,897.721222174936,9035.678690167,967.0238663239998,0.05078096892083651,69.30264414906378,6.935481281430759e-05,1.0255641043186188,False,False,1.0255641043186188
s-004,after_common_greedy_prefix,9,50,0,-8068.6548238430005,8599.012503478,14066.901572071,6639.553041872731,897.721222174936,9035.678690167,967.0238663239998,0.05078096892083651,69.30264414906378,6.935481281430759e-05,0.0759330578148365,False,False,0.0759330578148365
s-004,after_common_greedy_prefix,9,50,1,-8068.6548238430005,8599.012503478,14066.901572071,6639.553041872731,897.721222174936,9035.678690167,967.0238663239998,0.05078096892083651,69.30264414906378,6.935481281430759e-05,0.07593343034386635,False,False,0.07593343034386635
s-004,after_common_greedy_prefix,9,10,0,-8068.6548238430005,8599.012503478,14066.901572071,6639.553041872731,897.721222174936,9035.678690167,967.0238663239998,0.05078096892083651,69.30264414906378,6.935481281430759e-05,0.038279447704553604,False,False,0.038279447704553604
s-004,after_common_greedy_prefix,9,10,1,-8068.6548238430005,8599.012503478,14066.901572071,6639.553041872731,897.721222174936,9035.678690167,967.0238663239998,0.05078096892083651,69.30264414906378,6.935481281430759e-05,0.03494337946176529,False,False,0.03494337946176529
s-004,after_common_greedy_prefix,10,200,0,-32099.270348817,32928.597737056,50664.325631618,25982.15717260917,897.721222174936,34843.226330355,2743.955981537998,0.05814485659510437,1846.234759363062,0.0018476245418786545,0.22647985070943832,False,False,0.22647985070943832
s-004,after_common_greedy_prefix,10,200,1,-32099.270348817,32928.597737056,50664.325631618,25982.15717260917,897.721222174936,34843.226330355,2743.955981537998,0.05814485659510437,1846.234759363062,0.0018476245418786545,0.22898611426353455,False,False,0.22898611426353455
s-004,after_common_greedy_prefix,10,1000,0,-32099.270348817,32928.597737056,50664.325631618,25982.15717260917,897.721222174936,34843.226330355,2743.955981537998,0.05814485659510437,1846.234759363062,0.0018476245418786545,1.028456900268793,False,False,1.028456900268793
s-004,after_common_greedy_prefix,10,1000,1,-32099.270348817,32928.597737056,50664.325631618,25982.15717260917,897.721222174936,34843.226330355,2743.955981537998,0.05814485659510437,1846.234759363062,0.0018476245418786545,1.02823044359684,False,False,1.02823044359684
s-004,after_common_greedy_prefix,10,50,0,-32099.270348817,32928.597737056,50664.325631618,25982.15717260917,897.721222174936,34843.226330355,2743.955981537998,0.05814485659510437,1846.234759363062,0.0018476245418786545,0.07802221551537514,False,False,0.07802221551537514
s-004,after_common_greedy_prefix,10,50,1,-32099.270348817,32928.597737056,50664.325631618,25982.15717260917,897.721222174936,34843.226330355,2743.955981537998,0.05814485659510437,1846.234759363062,0.0018476245418786545,0.07734872028231621,False,False,0.07734872028231621
s-004,after_common_greedy_prefix,10,10,0,-32099.270348817,32928.597737056,50664.325631618,25982.15717260917,897.721222174936,34843.226330355,2743.955981537998,0.05814485659510437,1846.234759363062,0.0018476245418786545,0.03682444989681244,False,False,0.03682444989681244
s-004,after_common_greedy_prefix,10,10,1,-32099.270348817,32928.597737056,50664.325631618,25982.15717260917,897.721222174936,34843.226330355,2743.955981537998,0.05814485659510437,1846.234759363062,0.0018476245418786545,0.03694572672247887,False,False,0.03694572672247887
s-005,after_one_actual_history_call,0,200,0,-7374.104447983,8271.825670158,15595.967417819,5667.008684246305,897.721222174936,8654.319420733,1280.21497275,0.046240547833945635,382.49375057506404,0.0003827816788161378,0.2287626750767231,False,False,0.2287626750767231
s-005,after_one_actual_history_call,0,200,1,-7374.104447983,8271.825670158,15595.967417819,5667.008684246305,897.721222174936,8654.319420733,1280.21497275,0.046240547833945635,382.49375057506404,0.0003827816788161378,0.22704879939556122,False,False,0.22704879939556122
s-005,after_one_actual_history_call,0,1000,0,-7374.104447983,8271.825670158,15595.967417819,5667.008684246305,897.721222174936,8654.319420733,1280.21497275,0.046240547833945635,382.49375057506404,0.0003827816788161378,1.0275624319911003,False,False,1.0275624319911003
s-005,after_one_actual_history_call,0,1000,1,-7374.104447983,8271.825670158,15595.967417819,5667.008684246305,897.721222174936,8654.319420733,1280.21497275,0.046240547833945635,382.49375057506404,0.0003827816788161378,1.028006386011839,False,False,1.028006386011839
s-005,after_one_actual_history_call,0,50,0,-7374.104447983,8271.825670158,15595.967417819,5667.008684246305,897.721222174936,8654.319420733,1280.21497275,0.046240547833945635,382.49375057506404,0.0003827816788161378,0.07569625228643417,False,False,0.07569625228643417
s-005,after_one_actual_history_call,0,50,1,-7374.104447983,8271.825670158,15595.967417819,5667.008684246305,897.721222174936,8654.319420733,1280.21497275,0.046240547833945635,382.49375057506404,0.0003827816788161378,0.07712281867861748,False,False,0.07712281867861748
s-005,after_one_actual_history_call,0,10,0,-7374.104447983,8271.825670158,15595.967417819,5667.008684246305,897.721222174936,8654.319420733,1280.21497275,0.046240547833945635,382.49375057506404,0.0003827816788161378,0.03476906567811966,False,False,0.03476906567811966
s-005,after_one_actual_history_call,0,10,1,-7374.104447983,8271.825670158,15595.967417819,5667.008684246305,897.721222174936,8654.319420733,1280.21497275,0.046240547833945635,382.49375057506404,0.0003827816788161378,0.03380874916911125,False,False,0.03380874916911125
s-005,after_one_actual_history_call,1,200,0,-32312.424962652,32312.424962652,50939.593005674,28114.75627774525,897.721222174936,33187.454762791,875.0298001390001,0.027080288809966904,0.0,0.0,0.23028239980340004,False,False,
s-005,after_one_actual_history_call,1,200,1,-32312.424962652,32312.424962652,50939.593005674,28114.75627774525,897.721222174936,33187.454762791,875.0298001390001,0.027080288809966904,0.0,0.0,0.2288748435676098,False,False,
s-005,after_one_actual_history_call,1,1000,0,-32312.424962652,32312.424962652,50939.593005674,28114.75627774525,897.721222174936,33187.454762791,875.0298001390001,0.027080288809966904,0.0,0.0,1.0297738425433636,False,False,
s-005,after_one_actual_history_call,1,1000,1,-32312.424962652,32312.424962652,50939.593005674,28114.75627774525,897.721222174936,33187.454762791,875.0298001390001,0.027080288809966904,0.0,0.0,1.0303377099335194,False,False,
s-005,after_one_actual_history_call,1,50,0,-32312.424962652,32312.424962652,50939.593005674,28114.75627774525,897.721222174936,33187.454762791,875.0298001390001,0.027080288809966904,0.0,0.0,0.07947850972414017,False,False,
s-005,after_one_actual_history_call,1,50,1,-32312.424962652,32312.424962652,50939.593005674,28114.75627774525,897.721222174936,33187.454762791,875.0298001390001,0.027080288809966904,0.0,0.0,0.07875854149460793,False,False,
s-005,after_one_actual_history_call,1,10,0,-32312.424962652,32312.424962652,50939.593005674,28114.75627774525,897.721222174936,33187.454762791,875.0298001390001,0.027080288809966904,0.0,0.0,0.036837462335824966,False,False,
s-005,after_one_actual_history_call,1,10,1,-32312.424962652,32312.424962652,50939.593005674,28114.75627774525,897.721222174936,33187.454762791,875.0298001390001,0.027080288809966904,0.0,0.0,0.0362369567155838,False,False,
s-005,after_one_actual_history_call,2,200,0,161.36684630900004,0.0,0.0,0.0,897.721222174936,0.0,161.36684630900004,0.0,0.0,0.0,0.0038225948810577393,False,True,
s-005,after_one_actual_history_call,2,200,1,161.36684630900004,0.0,0.0,0.0,897.721222174936,0.0,161.36684630900004,0.0,0.0,0.0,0.0036141909658908844,False,True,
s-005,after_one_actual_history_call,2,1000,0,161.36684630900004,0.0,0.0,0.0,897.721222174936,0.0,161.36684630900004,0.0,0.0,0.0,0.0056523531675338745,False,True,
s-005,after_one_actual_history_call,2,1000,1,161.36684630900004,0.0,0.0,0.0,897.721222174936,0.0,161.36684630900004,0.0,0.0,0.0,0.0057488903403282166,False,True,
s-005,after_one_actual_history_call,2,50,0,161.36684630900004,0.0,0.0,0.0,897.721222174936,0.0,161.36684630900004,0.0,0.0,0.0,0.006696857511997223,False,True,
s-005,after_one_actual_history_call,2,50,1,161.36684630900004,0.0,0.0,0.0,897.721222174936,0.0,161.36684630900004,0.0,0.0,0.0,0.006341710686683655,False,True,
s-005,after_one_actual_history_call,2,10,0,161.36684630900004,0.0,0.0,0.0,897.721222174936,0.0,161.36684630900004,0.0,0.0,0.0,0.006251819431781769,False,True,
s-005,after_one_actual_history_call,2,10,1,161.36684630900004,0.0,0.0,0.0,897.721222174936,0.0,161.36684630900004,0.0,0.0,0.0,0.006089620292186737,False,True,
s-005,after_one_actual_history_call,3,200,0,-7590.432988969,7885.034888132,10175.410046402,5875.6211045035825,897.721222174936,8120.714195775,530.2812068060002,0.029889443862541217,0.0,0.0,0.22792978212237358,False,False,
s-005,after_one_actual_history_call,3,200,1,-7590.432988969,7885.034888132,10175.410046402,5875.6211045035825,897.721222174936,8120.714195775,530.2812068060002,0.029889443862541217,0.0,0.0,0.22721321880817413,False,False,
s-005,after_one_actual_history_call,3,1000,0,-7590.432988969,7885.034888132,10175.410046402,5875.6211045035825,897.721222174936,8120.714195775,530.2812068060002,0.029889443862541217,0.0,0.0,1.0262360163033009,False,False,
s-005,after_one_actual_history_call,3,1000,1,-7590.432988969,7885.034888132,10175.410046402,5875.6211045035825,897.721222174936,8120.714195775,530.2812068060002,0.029889443862541217,0.0,0.0,1.0264506936073303,False,False,
s-005,after_one_actual_history_call,3,50,0,-7590.432988969,7885.034888132,10175.410046402,5875.6211045035825,897.721222174936,8120.714195775,530.2812068060002,0.029889443862541217,0.0,0.0,0.07537532970309258,False,False,
s-005,after_one_actual_history_call,3,50,1,-7590.432988969,7885.034888132,10175.410046402,5875.6211045035825,897.721222174936,8120.714195775,530.2812068060002,0.029889443862541217,0.0,0.0,0.07553239911794662,False,False,
s-005,after_one_actual_history_call,3,10,0,-7590.432988969,7885.034888132,10175.410046402,5875.6211045035825,897.721222174936,8120.714195775,530.2812068060002,0.029889443862541217,0.0,0.0,0.03454078733921051,False,False,
s-005,after_one_actual_history_call,3,10,1,-7590.432988969,7885.034888132,10175.410046402,5875.6211045035825,897.721222174936,8120.714195775,530.2812068060002,0.029889443862541217,0.0,0.0,0.034292954951524734,False,False,
s-005,after_one_actual_history_call,4,200,0,-32626.457748189998,32787.824594499,41376.804835659,23888.475772347447,897.721222174936,32903.368795758,276.91104756799905,0.0035239971754144604,0.0,0.0,0.2282760888338089,False,False,
s-005,after_one_actual_history_call,4,200,1,-32626.457748189998,32787.824594499,41376.804835659,23888.475772347447,897.721222174936,32903.368795758,276.91104756799905,0.0035239971754144604,0.0,0.0,0.2281295321881771,False,False,
s-005,after_one_actual_history_call,4,1000,0,-32626.457748189998,32787.824594499,41376.804835659,23888.475772347447,897.721222174936,32903.368795758,276.91104756799905,0.0035239971754144604,0.0,0.0,1.0293344594538212,False,False,
s-005,after_one_actual_history_call,4,1000,1,-32626.457748189998,32787.824594499,41376.804835659,23888.475772347447,897.721222174936,32903.368795758,276.91104756799905,0.0035239971754144604,0.0,0.0,1.0320997834205627,False,False,
s-005,after_one_actual_history_call,4,50,0,-32626.457748189998,32787.824594499,41376.804835659,23888.475772347447,897.721222174936,32903.368795758,276.91104756799905,0.0035239971754144604,0.0,0.0,0.08512372151017189,False,False,
s-005,after_one_actual_history_call,4,50,1,-32626.457748189998,32787.824594499,41376.804835659,23888.475772347447,897.721222174936,32903.368795758,276.91104756799905,0.0035239971754144604,0.0,0.0,0.08141948655247688,False,False,
s-005,after_one_actual_history_call,4,10,0,-32626.457748189998,32787.824594499,41376.804835659,23888.475772347447,897.721222174936,32903.368795758,276.91104756799905,0.0035239971754144604,0.0,0.0,0.042071934789419174,False,False,
s-005,after_one_actual_history_call,4,10,1,-32626.457748189998,32787.824594499,41376.804835659,23888.475772347447,897.721222174936,32903.368795758,276.91104756799905,0.0035239971754144604,0.0,0.0,0.041954535990953445,False,False,
s-005,after_one_actual_history_call,5,200,0,301.5911488429999,0.0,0.0,0.0,897.721222174936,0.0,301.5911488429999,0.0,0.0,0.0,0.0068792253732681274,False,True,
s-005,after_one_actual_history_call,5,200,1,301.5911488429999,0.0,0.0,0.0,897.721222174936,0.0,301.5911488429999,0.0,0.0,0.0,0.0069794319570064545,False,True,
s-005,after_one_actual_history_call,5,1000,0,301.5911488429999,0.0,0.0,0.0,897.721222174936,0.0,301.5911488429999,0.0,0.0,0.0,0.007023923099040985,False,True,
s-005,after_one_actual_history_call,5,1000,1,301.5911488429999,0.0,0.0,0.0,897.721222174936,0.0,301.5911488429999,0.0,0.0,0.0,0.007129102945327759,False,True,
s-005,after_one_actual_history_call,5,50,0,301.5911488429999,0.0,0.0,0.0,897.721222174936,0.0,301.5911488429999,0.0,0.0,0.0,0.006892737001180649,False,True,
s-005,after_one_actual_history_call,5,50,1,301.5911488429999,0.0,0.0,0.0,897.721222174936,0.0,301.5911488429999,0.0,0.0,0.0,0.0071466900408267975,False,True,
s-005,after_one_actual_history_call,5,10,0,301.5911488429999,0.0,0.0,0.0,897.721222174936,0.0,301.5911488429999,0.0,0.0,0.0,0.007564198225736618,False,True,
s-005,after_one_actual_history_call,5,10,1,301.5911488429999,0.0,0.0,0.0,897.721222174936,0.0,301.5911488429999,0.0,0.0,0.0,0.006618272513151169,False,True,
s-005,after_one_actual_history_call,6,200,0,-7152.5022081160005,7946.591242375,11325.803501884,5744.10111148805,897.721222174936,8289.32961023,1136.8274021139987,0.04313023753220824,239.1061799390627,0.00023928617091072227,0.2275615781545639,False,False,0.2275615781545639
s-005,after_one_actual_history_call,6,200,1,-7152.5022081160005,7946.591242375,11325.803501884,5744.10111148805,897.721222174936,8289.32961023,1136.8274021139987,0.04313023753220824,239.1061799390627,0.00023928617091072227,0.22865431383252144,False,False,0.22865431383252144
s-005,after_one_actual_history_call,6,1000,0,-7152.5022081160005,7946.591242375,11325.803501884,5744.10111148805,897.721222174936,8289.32961023,1136.8274021139987,0.04313023753220824,239.1061799390627,0.00023928617091072227,1.0280488952994347,False,False,1.0280488952994347
s-005,after_one_actual_history_call,6,1000,1,-7152.5022081160005,7946.591242375,11325.803501884,5744.10111148805,897.721222174936,8289.32961023,1136.8274021139987,0.04313023753220824,239.1061799390627,0.00023928617091072227,1.0254864171147346,False,False,1.0254864171147346
s-005,after_one_actual_history_call,6,50,0,-7152.5022081160005,7946.591242375,11325.803501884,5744.10111148805,897.721222174936,8289.32961023,1136.8274021139987,0.04313023753220824,239.1061799390627,0.00023928617091072227,0.07438144087791443,False,False,0.07438144087791443
s-005,after_one_actual_history_call,6,50,1,-7152.5022081160005,7946.591242375,11325.803501884,5744.10111148805,897.721222174936,8289.32961023,1136.8274021139987,0.04313023753220824,239.1061799390627,0.00023928617091072227,0.07404453679919243,False,False,0.07404453679919243
s-005,after_one_actual_history_call,6,10,0,-7152.5022081160005,7946.591242375,11325.803501884,5744.10111148805,897.721222174936,8289.32961023,1136.8274021139987,0.04313023753220824,239.1061799390627,0.00023928617091072227,0.03549009934067726,False,False,0.03549009934067726
s-005,after_one_actual_history_call,6,10,1,-7152.5022081160005,7946.591242375,11325.803501884,5744.10111148805,897.721222174936,8289.32961023,1136.8274021139987,0.04313023753220824,239.1061799390627,0.00023928617091072227,0.033935122191905975,False,False,0.033935122191905975
s-005,after_one_actual_history_call,7,200,0,-32148.189377365004,32709.468390829,59189.387555875,26918.058825064287,897.721222174936,34831.856453068,2683.667075702997,0.06488604574307519,1785.945853528061,0.0017872902526129772,0.2271108217537403,False,False,0.2271108217537403
s-005,after_one_actual_history_call,7,200,1,-32148.189377365004,32709.468390829,59189.387555875,26918.058825064287,897.721222174936,34831.856453068,2683.667075702997,0.06488604574307519,1785.945853528061,0.0017872902526129772,0.22813557460904121,False,False,0.22813557460904121
s-005,after_one_actual_history_call,7,1000,0,-32148.189377365004,32709.468390829,59189.387555875,26918.058825064287,897.721222174936,34831.856453068,2683.667075702997,0.06488604574307519,1785.945853528061,0.0017872902526129772,1.0276027098298073,False,False,1.0276027098298073
s-005,after_one_actual_history_call,7,1000,1,-32148.189377365004,32709.468390829,59189.387555875,26918.058825064287,897.721222174936,34831.856453068,2683.667075702997,0.06488604574307519,1785.945853528061,0.0017872902526129772,1.0297447256743908,False,False,1.0297447256743908
s-005,after_one_actual_history_call,7,50,0,-32148.189377365004,32709.468390829,59189.387555875,26918.058825064287,897.721222174936,34831.856453068,2683.667075702997,0.06488604574307519,1785.945853528061,0.0017872902526129772,0.07985944673418999,False,False,0.07985944673418999
s-005,after_one_actual_history_call,7,50,1,-32148.189377365004,32709.468390829,59189.387555875,26918.058825064287,897.721222174936,34831.856453068,2683.667075702997,0.06488604574307519,1785.945853528061,0.0017872902526129772,0.0775659792125225,False,False,0.0775659792125225
s-005,after_one_actual_history_call,7,10,0,-32148.189377365004,32709.468390829,59189.387555875,26918.058825064287,897.721222174936,34831.856453068,2683.667075702997,0.06488604574307519,1785.945853528061,0.0017872902526129772,0.0357762947678566,False,False,0.0357762947678566
s-005,after_one_actual_history_call,7,10,1,-32148.189377365004,32709.468390829,59189.387555875,26918.058825064287,897.721222174936,34831.856453068,2683.667075702997,0.06488604574307519,1785.945853528061,0.0017872902526129772,0.03529280051589012,False,False,0.03529280051589012
s-005,after_one_actual_history_call,8,200,0,530.3576796350003,0.0,0.0,0.0,897.721222174936,0.0,530.3576796350003,0.0,0.0,0.0,0.005914755165576935,False,True,
s-005,after_one_actual_history_call,8,200,1,530.3576796350003,0.0,0.0,0.0,897.721222174936,0.0,530.3576796350003,0.0,0.0,0.0,0.005712293088436127,False,True,
s-005,after_one_actual_history_call,8,1000,0,530.3576796350003,0.0,0.0,0.0,897.721222174936,0.0,530.3576796350003,0.0,0.0,0.0,0.005658280104398727,False,True,
s-005,after_one_actual_history_call,8,1000,1,530.3576796350003,0.0,0.0,0.0,897.721222174936,0.0,530.3576796350003,0.0,0.0,0.0,0.005608566105365753,False,True,
s-005,after_one_actual_history_call,8,50,0,530.3576796350003,0.0,0.0,0.0,897.721222174936,0.0,530.3576796350003,0.0,0.0,0.0,0.005623780190944672,False,True,
s-005,after_one_actual_history_call,8,50,1,530.3576796350003,0.0,0.0,0.0,897.721222174936,0.0,530.3576796350003,0.0,0.0,0.0,0.005606606602668762,False,True,
s-005,after_one_actual_history_call,8,10,0,530.3576796350003,0.0,0.0,0.0,897.721222174936,0.0,530.3576796350003,0.0,0.0,0.0,0.005646269768476486,False,True,
s-005,after_one_actual_history_call,8,10,1,530.3576796350003,0.0,0.0,0.0,897.721222174936,0.0,530.3576796350003,0.0,0.0,0.0,0.005591008812189102,False,True,
s-005,after_one_actual_history_call,9,200,0,-8068.6548238430005,8599.012503478,14066.901572071,6639.553041872731,897.721222174936,9035.678690167,967.0238663239998,0.05078096892083651,69.30264414906378,6.935481281430759e-05,0.22727321460843086,False,False,0.22727321460843086
s-005,after_one_actual_history_call,9,200,1,-8068.6548238430005,8599.012503478,14066.901572071,6639.553041872731,897.721222174936,9035.678690167,967.0238663239998,0.05078096892083651,69.30264414906378,6.935481281430759e-05,0.22498413175344467,False,False,0.22498413175344467
s-005,after_one_actual_history_call,9,1000,0,-8068.6548238430005,8599.012503478,14066.901572071,6639.553041872731,897.721222174936,9035.678690167,967.0238663239998,0.05078096892083651,69.30264414906378,6.935481281430759e-05,1.0264792181551456,False,False,1.0264792181551456
s-005,after_one_actual_history_call,9,1000,1,-8068.6548238430005,8599.012503478,14066.901572071,6639.553041872731,897.721222174936,9035.678690167,967.0238663239998,0.05078096892083651,69.30264414906378,6.935481281430759e-05,1.0280072912573814,False,False,1.0280072912573814
s-005,after_one_actual_history_call,9,50,0,-8068.6548238430005,8599.012503478,14066.901572071,6639.553041872731,897.721222174936,9035.678690167,967.0238663239998,0.05078096892083651,69.30264414906378,6.935481281430759e-05,0.07551572844386101,False,False,0.07551572844386101
s-005,after_one_actual_history_call,9,50,1,-8068.6548238430005,8599.012503478,14066.901572071,6639.553041872731,897.721222174936,9035.678690167,967.0238663239998,0.05078096892083651,69.30264414906378,6.935481281430759e-05,0.0753536969423294,False,False,0.0753536969423294
s-005,after_one_actual_history_call,9,10,0,-8068.6548238430005,8599.012503478,14066.901572071,6639.553041872731,897.721222174936,9035.678690167,967.0238663239998,0.05078096892083651,69.30264414906378,6.935481281430759e-05,0.03574538230895996,False,False,0.03574538230895996
s-005,after_one_actual_history_call,9,10,1,-8068.6548238430005,8599.012503478,14066.901572071,6639.553041872731,897.721222174936,9035.678690167,967.0238663239998,0.05078096892083651,69.30264414906378,6.935481281430759e-05,0.035093020647764206,False,False,0.035093020647764206
s-005,after_one_actual_history_call,10,200,0,-32099.270348817,32928.597737056,50664.325631618,25982.15717260917,897.721222174936,34843.226330355,2743.955981537998,0.05814485659510437,1846.234759363062,0.0018476245418786545,0.22678427770733833,False,False,0.22678427770733833
s-005,after_one_actual_history_call,10,200,1,-32099.270348817,32928.597737056,50664.325631618,25982.15717260917,897.721222174936,34843.226330355,2743.955981537998,0.05814485659510437,1846.234759363062,0.0018476245418786545,0.22689881175756454,False,False,0.22689881175756454
s-005,after_one_actual_history_call,10,1000,0,-32099.270348817,32928.597737056,50664.325631618,25982.15717260917,897.721222174936,34843.226330355,2743.955981537998,0.05814485659510437,1846.234759363062,0.0018476245418786545,1.026881042867899,False,False,1.026881042867899
s-005,after_one_actual_history_call,10,1000,1,-32099.270348817,32928.597737056,50664.325631618,25982.15717260917,897.721222174936,34843.226330355,2743.955981537998,0.05814485659510437,1846.234759363062,0.0018476245418786545,1.0290139429271221,False,False,1.0290139429271221
s-005,after_one_actual_history_call,10,50,0,-32099.270348817,32928.597737056,50664.325631618,25982.15717260917,897.721222174936,34843.226330355,2743.955981537998,0.05814485659510437,1846.234759363062,0.0018476245418786545,0.08024479448795319,False,False,0.08024479448795319
s-005,after_one_actual_history_call,10,50,1,-32099.270348817,32928.597737056,50664.325631618,25982.15717260917,897.721222174936,34843.226330355,2743.955981537998,0.05814485659510437,1846.234759363062,0.0018476245418786545,0.08013889938592911,False,False,0.08013889938592911
s-005,after_one_actual_history_call,10,10,0,-32099.270348817,32928.597737056,50664.325631618,25982.15717260917,897.721222174936,34843.226330355,2743.955981537998,0.05814485659510437,1846.234759363062,0.0018476245418786545,0.03917012736201286,False,False,0.03917012736201286
s-005,after_one_actual_history_call,10,10,1,-32099.270348817,32928.597737056,50664.325631618,25982.15717260917,897.721222174936,34843.226330355,2743.955981537998,0.05814485659510437,1846.234759363062,0.0018476245418786545,0.03848070278763771,False,False,0.03848070278763771
s-006,after_common_greedy_prefix,0,200,0,-8312.229282084,8939.813702815,16710.066889058002,6340.802280012727,887.5329308579676,9158.387778689,846.1584966050013,0.024449511269477107,0.0,0.0,0.22984807193279266,False,False,
s-006,after_common_greedy_prefix,0,200,1,-8312.229282084,8939.813702815,16710.066889058002,6340.802280012727,887.5329308579676,9158.387778689,846.1584966050013,0.024449511269477107,0.0,0.0,0.2284277006983757,False,False,
s-006,after_common_greedy_prefix,0,1000,0,-8312.229282084,8939.813702815,16710.066889058002,6340.802280012727,887.5329308579676,9158.387778689,846.1584966050013,0.024449511269477107,0.0,0.0,1.027296718209982,False,False,
s-006,after_common_greedy_prefix,0,1000,1,-8312.229282084,8939.813702815,16710.066889058002,6340.802280012727,887.5329308579676,9158.387778689,846.1584966050013,0.024449511269477107,0.0,0.0,1.0289010293781757,False,False,
s-006,after_common_greedy_prefix,0,50,0,-8312.229282084,8939.813702815,16710.066889058002,6340.802280012727,887.5329308579676,9158.387778689,846.1584966050013,0.024449511269477107,0.0,0.0,0.07860111072659492,False,False,
s-006,after_common_greedy_prefix,0,50,1,-8312.229282084,8939.813702815,16710.066889058002,6340.802280012727,887.5329308579676,9158.387778689,846.1584966050013,0.024449511269477107,0.0,0.0,0.07857172191143036,False,False,
s-006,after_common_greedy_prefix,0,10,0,-8312.229282084,8939.813702815,16710.066889058002,6340.802280012727,887.5329308579676,9158.387778689,846.1584966050013,0.024449511269477107,0.0,0.0,0.038894351571798325,False,False,
s-006,after_common_greedy_prefix,0,10,1,-8312.229282084,8939.813702815,16710.066889058002,6340.802280012727,887.5329308579676,9158.387778689,846.1584966050013,0.024449511269477107,0.0,0.0,0.04201145097613335,False,False,
s-006,after_common_greedy_prefix,1,200,0,-34005.047970306,34005.047970306,55175.637904517,28696.435400418082,887.5329308579676,34775.747610198,770.6996398920019,0.022664271509482792,0.0,0.0,0.23507335782051086,False,False,
s-006,after_common_greedy_prefix,1,200,1,-34005.047970306,34005.047970306,55175.637904517,28696.435400418082,887.5329308579676,34775.747610198,770.6996398920019,0.022664271509482792,0.0,0.0,0.2294391170144081,False,False,
s-006,after_common_greedy_prefix,1,1000,0,-34005.047970306,34005.047970306,55175.637904517,28696.435400418082,887.5329308579676,34775.747610198,770.6996398920019,0.022664271509482792,0.0,0.0,1.0298855751752853,False,False,
s-006,after_common_greedy_prefix,1,1000,1,-34005.047970306,34005.047970306,55175.637904517,28696.435400418082,887.5329308579676,34775.747610198,770.6996398920019,0.022664271509482792,0.0,0.0,1.0310744494199753,False,False,
s-006,after_common_greedy_prefix,1,50,0,-34005.047970306,34005.047970306,55175.637904517,28696.435400418082,887.5329308579676,34775.747610198,770.6996398920019,0.022664271509482792,0.0,0.0,0.08127318695187569,False,False,
s-006,after_common_greedy_prefix,1,50,1,-34005.047970306,34005.047970306,55175.637904517,28696.435400418082,887.5329308579676,34775.747610198,770.6996398920019,0.022664271509482792,0.0,0.0,0.07965834811329842,False,False,
s-006,after_common_greedy_prefix,1,10,0,-34005.047970306,34005.047970306,55175.637904517,28696.435400418082,887.5329308579676,34701.201379909,696.1534096030009,0.020472060801410966,0.0,0.0,0.04052997753024101,False,False,
s-006,after_common_greedy_prefix,1,10,1,-34005.047970306,34005.047970306,55175.637904517,28696.435400418082,887.5329308579676,34701.201379909,696.1534096030009,0.020472060801410966,0.0,0.0,0.040114276111125946,False,False,
s-006,after_common_greedy_prefix,2,200,0,161.36684630900004,0.0,0.0,0.0,887.5329308579676,0.0,161.36684630900004,0.0,0.0,0.0,0.006097529083490372,False,True,
s-006,after_common_greedy_prefix,2,200,1,161.36684630900004,0.0,0.0,0.0,887.5329308579676,0.0,161.36684630900004,0.0,0.0,0.0,0.0060517750680446625,False,True,
s-006,after_common_greedy_prefix,2,1000,0,161.36684630900004,0.0,0.0,0.0,887.5329308579676,0.0,161.36684630900004,0.0,0.0,0.0,0.0066327303647994995,False,True,
s-006,after_common_greedy_prefix,2,1000,1,161.36684630900004,0.0,0.0,0.0,887.5329308579676,0.0,161.36684630900004,0.0,0.0,0.0,0.006314221769571304,False,True,
s-006,after_common_greedy_prefix,2,50,0,161.36684630900004,0.0,0.0,0.0,887.5329308579676,0.0,161.36684630900004,0.0,0.0,0.0,0.006242766976356506,False,True,
s-006,after_common_greedy_prefix,2,50,1,161.36684630900004,0.0,0.0,0.0,887.5329308579676,0.0,161.36684630900004,0.0,0.0,0.0,0.0063352398574352264,False,True,
s-006,after_common_greedy_prefix,2,10,0,161.36684630900004,0.0,0.0,0.0,887.5329308579676,0.0,161.36684630900004,0.0,0.0,0.0,0.006302528083324432,False,True,
s-006,after_common_greedy_prefix,2,10,1,161.36684630900004,0.0,0.0,0.0,887.5329308579676,0.0,161.36684630900004,0.0,0.0,0.0,0.006184667348861694,False,True,
s-006,after_common_greedy_prefix,3,200,0,-7215.374183333,7995.739637735,10308.143444027999,5463.916529308572,887.5329308579676,8054.885737334,839.5115540010001,0.007397201794799154,0.0,0.0,0.22758233174681664,False,False,
s-006,after_common_greedy_prefix,3,200,1,-7215.374183333,7995.739637735,10308.143444027999,5463.916529308572,887.5329308579676,8054.885737334,839.5115540010001,0.007397201794799154,0.0,0.0,0.22686241194605827,False,False,
s-006,after_common_greedy_prefix,3,1000,0,-7215.374183333,7995.739637735,10308.143444027999,5463.916529308572,887.5329308579676,8054.885737334,839.5115540010001,0.007397201794799154,0.0,0.0,1.0275827683508396,False,False,
s-006,after_common_greedy_prefix,3,1000,1,-7215.374183333,7995.739637735,10308.143444027999,5463.916529308572,887.5329308579676,8054.885737334,839.5115540010001,0.007397201794799154,0.0,0.0,1.0272975638508797,False,False,
s-006,after_common_greedy_prefix,3,50,0,-7215.374183333,7995.739637735,10308.143444027999,5463.916529308572,887.5329308579676,8054.885737334,839.5115540010001,0.007397201794799154,0.0,0.0,0.07841531559824944,False,False,
s-006,after_common_greedy_prefix,3,50,1,-7215.374183333,7995.739637735,10308.143444027999,5463.916529308572,887.5329308579676,8054.885737334,839.5115540010001,0.007397201794799154,0.0,0.0,0.0790553167462349,False,False,
s-006,after_common_greedy_prefix,3,10,0,-7215.374183333,7995.739637735,10308.143444027999,5463.916529308572,887.5329308579676,8054.885737334,839.5115540010001,0.007397201794799154,0.0,0.0,0.03916288539767265,False,False,
s-006,after_common_greedy_prefix,3,10,1,-7215.374183333,7995.739637735,10308.143444027999,5463.916529308572,887.5329308579676,8054.885737334,839.5115540010001,0.007397201794799154,0.0,0.0,0.03817547485232353,False,False,
s-006,after_common_greedy_prefix,4,200,0,-33699.564463309,33860.931309618,46658.363150608,25795.515304883465,887.5329308579676,34305.221524108,605.6570607989997,0.013121027606343537,0.0,0.0,0.2328207641839981,False,False,
s-006,after_common_greedy_prefix,4,200,1,-33699.564463309,33860.931309618,46658.363150608,25795.515304883465,887.5329308579676,34305.221524108,605.6570607989997,0.013121027606343537,0.0,0.0,0.23092864826321602,False,False,
s-006,after_common_greedy_prefix,4,1000,0,-33699.564463309,33860.931309618,46658.363150608,25795.515304883465,887.5329308579676,34305.221524108,605.6570607989997,0.013121027606343537,0.0,0.0,1.0304904282093048,False,False,
s-006,after_common_greedy_prefix,4,1000,1,-33699.564463309,33860.931309618,46658.363150608,25795.515304883465,887.5329308579676,34305.221524108,605.6570607989997,0.013121027606343537,0.0,0.0,1.029005292803049,False,False,
s-006,after_common_greedy_prefix,4,50,0,-33699.564463309,33860.931309618,46658.363150608,25795.515304883465,887.5329308579676,34305.221524108,605.6570607989997,0.013121027606343537,0.0,0.0,0.08081644028425217,False,False,
s-006,after_common_greedy_prefix,4,50,1,-33699.564463309,33860.931309618,46658.363150608,25795.515304883465,887.5329308579676,34305.221524108,605.6570607989997,0.013121027606343537,0.0,0.0,0.0780131034553051,False,False,
s-006,after_common_greedy_prefix,4,10,0,-33699.564463309,33860.931309618,46658.363150608,25795.515304883465,887.5329308579676,34305.221524108,605.6570607989997,0.013121027606343537,0.0,0.0,0.03824935480952263,False,False,
s-006,after_common_greedy_prefix,4,10,1,-33699.564463309,33860.931309618,46658.363150608,25795.515304883465,887.5329308579676,34305.221524108,605.6570607989997,0.013121027606343537,0.0,0.0,0.039041921496391296,False,False,
s-006,after_common_greedy_prefix,5,200,0,301.5911488429999,0.0,0.0,0.0,887.5329308579676,0.0,301.5911488429999,0.0,0.0,0.0,0.005919471383094788,False,True,
s-006,after_common_greedy_prefix,5,200,1,301.5911488429999,0.0,0.0,0.0,887.5329308579676,0.0,301.5911488429999,0.0,0.0,0.0,0.0055799223482608795,False,True,
s-006,after_common_greedy_prefix,5,1000,0,301.5911488429999,0.0,0.0,0.0,887.5329308579676,0.0,301.5911488429999,0.0,0.0,0.0,0.005638767033815384,False,True,
s-006,after_common_greedy_prefix,5,1000,1,301.5911488429999,0.0,0.0,0.0,887.5329308579676,0.0,301.5911488429999,0.0,0.0,0.0,0.00558856874704361,False,True,
s-006,after_common_greedy_prefix,5,50,0,301.5911488429999,0.0,0.0,0.0,887.5329308579676,0.0,301.5911488429999,0.0,0.0,0.0,0.00560326874256134,False,True,
s-006,after_common_greedy_prefix,5,50,1,301.5911488429999,0.0,0.0,0.0,887.5329308579676,0.0,301.5911488429999,0.0,0.0,0.0,0.005581013858318329,False,True,
s-006,after_common_greedy_prefix,5,10,0,301.5911488429999,0.0,0.0,0.0,887.5329308579676,0.0,301.5911488429999,0.0,0.0,0.0,0.005649589002132416,False,True,
s-006,after_common_greedy_prefix,5,10,1,301.5911488429999,0.0,0.0,0.0,887.5329308579676,0.0,301.5911488429999,0.0,0.0,0.0,0.007004380226135254,False,True,
s-006,after_common_greedy_prefix,6,200,0,-7268.804066638999,7831.494080493,11498.029882817,5865.150188979083,887.5329308579676,8222.87189265,954.0678260110017,0.04997485896488895,66.53489515303409,6.658498035129585e-05,0.22884196788072586,False,False,0.22884196788072586
s-006,after_common_greedy_prefix,6,200,1,-7268.804066638999,7831.494080493,11498.029882817,5865.150188979083,887.5329308579676,8222.87189265,954.0678260110017,0.04997485896488895,66.53489515303409,6.658498035129585e-05,0.22754810377955437,False,False,0.22754810377955437
s-006,after_common_greedy_prefix,6,1000,0,-7268.804066638999,7831.494080493,11498.029882817,5865.150188979083,887.5329308579676,8222.87189265,954.0678260110017,0.04997485896488895,66.53489515303409,6.658498035129585e-05,1.0253653042018414,False,False,1.0253653042018414
s-006,after_common_greedy_prefix,6,1000,1,-7268.804066638999,7831.494080493,11498.029882817,5865.150188979083,887.5329308579676,8222.87189265,954.0678260110017,0.04997485896488895,66.53489515303409,6.658498035129585e-05,1.027910478413105,False,False,1.027910478413105
s-006,after_common_greedy_prefix,6,50,0,-7268.804066638999,7831.494080493,11498.029882817,5865.150188979083,887.5329308579676,8222.87189265,954.0678260110017,0.04997485896488895,66.53489515303409,6.658498035129585e-05,0.07931690663099289,False,False,0.07931690663099289
s-006,after_common_greedy_prefix,6,50,1,-7268.804066638999,7831.494080493,11498.029882817,5865.150188979083,887.5329308579676,8222.87189265,954.0678260110017,0.04997485896488895,66.53489515303409,6.658498035129585e-05,0.07921935245394707,False,False,0.07921935245394707
s-006,after_common_greedy_prefix,6,10,0,-7268.804066638999,7831.494080493,11498.029882817,5865.150188979083,887.5329308579676,8222.87189265,954.0678260110017,0.04997485896488895,66.53489515303409,6.658498035129585e-05,0.03813151642680168,False,False,0.03813151642680168
s-006,after_common_greedy_prefix,6,10,1,-7268.804066638999,7831.494080493,11498.029882817,5865.150188979083,887.5329308579676,8222.87189265,954.0678260110017,0.04997485896488895,66.53489515303409,6.658498035129585e-05,0.0378449521958828,False,False,0.0378449521958828
s-006,after_common_greedy_prefix,7,200,0,-32557.295249658,32876.211776293,54774.403372329,26901.720698655365,887.5329308579676,34310.713469532,1753.4182198739982,0.043633424160913106,865.8852890160306,0.0008665370979092823,0.23127387464046478,False,False,0.23127387464046478
s-006,after_common_greedy_prefix,7,200,1,-32557.295249658,32876.211776293,54774.403372329,26901.720698655365,887.5329308579676,34310.713469532,1753.4182198739982,0.043633424160913106,865.8852890160306,0.0008665370979092823,0.2299271710216999,False,False,0.2299271710216999
s-006,after_common_greedy_prefix,7,1000,0,-32557.295249658,32876.211776293,54774.403372329,26901.720698655365,887.5329308579676,34337.496935987,1780.201686329001,0.044448100335809766,892.6687554710334,0.0008933407260437234,1.028678860515356,False,False,1.028678860515356
s-006,after_common_greedy_prefix,7,1000,1,-32557.295249658,32876.211776293,54774.403372329,26901.720698655365,887.5329308579676,34337.496935987,1780.201686329001,0.044448100335809766,892.6687554710334,0.0008933407260437234,1.0309110581874847,False,False,1.0309110581874847
s-006,after_common_greedy_prefix,7,50,0,-32557.295249658,32876.211776293,54774.403372329,26901.720698655365,887.5329308579676,34310.713469532,1753.4182198739982,0.043633424160913106,865.8852890160306,0.0008665370979092823,0.07885333150625229,False,False,0.07885333150625229
s-006,after_common_greedy_prefix,7,50,1,-32557.295249658,32876.211776293,54774.403372329,26901.720698655365,887.5329308579676,34310.713469532,1753.4182198739982,0.043633424160913106,865.8852890160306,0.0008665370979092823,0.08083276078104973,False,False,0.08083276078104973
s-006,after_common_greedy_prefix,7,10,0,-32557.295249658,32876.211776293,54774.403372329,26901.720698655365,887.5329308579676,34310.713469532,1753.4182198739982,0.043633424160913106,865.8852890160306,0.0008665370979092823,0.04163032025098801,False,False,0.04163032025098801
s-006,after_common_greedy_prefix,7,10,1,-32557.295249658,32876.211776293,54774.403372329,26901.720698655365,887.5329308579676,34310.713469532,1753.4182198739982,0.043633424160913106,865.8852890160306,0.0008665370979092823,0.039493560791015625,False,False,0.039493560791015625
s-006,after_common_greedy_prefix,8,200,0,530.3576796350003,0.0,0.0,0.0,887.5329308579676,0.0,530.3576796350003,0.0,0.0,0.0,0.0065260715782642365,False,True,
s-006,after_common_greedy_prefix,8,200,1,530.3576796350003,0.0,0.0,0.0,887.5329308579676,0.0,530.3576796350003,0.0,0.0,0.0,0.006285309791564941,False,True,
s-006,after_common_greedy_prefix,8,1000,0,530.3576796350003,0.0,0.0,0.0,887.5329308579676,0.0,530.3576796350003,0.0,0.0,0.0,0.00614297017455101,False,True,
s-006,after_common_greedy_prefix,8,1000,1,530.3576796350003,0.0,0.0,0.0,887.5329308579676,0.0,530.3576796350003,0.0,0.0,0.0,0.006208594888448715,False,True,
s-006,after_common_greedy_prefix,8,50,0,530.3576796350003,0.0,0.0,0.0,887.5329308579676,0.0,530.3576796350003,0.0,0.0,0.0,0.006293337792158127,False,True,
s-006,after_common_greedy_prefix,8,50,1,530.3576796350003,0.0,0.0,0.0,887.5329308579676,0.0,530.3576796350003,0.0,0.0,0.0,0.006156407296657562,False,True,
s-006,after_common_greedy_prefix,8,10,0,530.3576796350003,0.0,0.0,0.0,887.5329308579676,0.0,530.3576796350003,0.0,0.0,0.0,0.0060541220009326935,False,True,
s-006,after_common_greedy_prefix,8,10,1,530.3576796350003,0.0,0.0,0.0,887.5329308579676,0.0,530.3576796350003,0.0,0.0,0.0,0.00600670650601387,False,True,
s-006,after_common_greedy_prefix,9,200,0,-7812.678028246,8651.168036344001,14613.468476325,6915.807716994797,887.5329308579676,9181.556653372,1368.878625125999,0.06130832447130938,481.34569426803137,0.00048170803487853974,0.22621627524495125,False,False,0.22621627524495125
s-006,after_common_greedy_prefix,9,200,1,-7812.678028246,8651.168036344001,14613.468476325,6915.807716994797,887.5329308579676,9181.556653372,1368.878625125999,0.06130832447130938,481.34569426803137,0.00048170803487853974,0.22560317814350128,False,False,0.22560317814350128
s-006,after_common_greedy_prefix,9,1000,0,-7812.678028246,8651.168036344001,14613.468476325,6915.807716994797,887.5329308579676,9181.556653372,1368.878625125999,0.06130832447130938,481.34569426803137,0.00048170803487853974,1.0276375710964203,False,False,1.0276375710964203
s-006,after_common_greedy_prefix,9,1000,1,-7812.678028246,8651.168036344001,14613.468476325,6915.807716994797,887.5329308579676,9181.556653372,1368.878625125999,0.06130832447130938,481.34569426803137,0.00048170803487853974,1.0258666053414345,False,False,1.0258666053414345
s-006,after_common_greedy_prefix,9,50,0,-7812.678028246,8651.168036344001,14613.468476325,6915.807716994797,887.5329308579676,9181.556653372,1368.878625125999,0.06130832447130938,481.34569426803137,0.00048170803487853974,0.07760590314865112,False,False,0.07760590314865112
s-006,after_common_greedy_prefix,9,50,1,-7812.678028246,8651.168036344001,14613.468476325,6915.807716994797,887.5329308579676,9181.556653372,1368.878625125999,0.06130832447130938,481.34569426803137,0.00048170803487853974,0.0781611017882824,False,False,0.0781611017882824
s-006,after_common_greedy_prefix,9,10,0,-7812.678028246,8651.168036344001,14613.468476325,6915.807716994797,887.5329308579676,9181.556653372,1368.878625125999,0.06130832447130938,481.34569426803137,0.00048170803487853974,0.03780006244778633,False,False,0.03780006244778633
s-006,after_common_greedy_prefix,9,10,1,-7812.678028246,8651.168036344001,14613.468476325,6915.807716994797,887.5329308579676,9181.556653372,1368.878625125999,0.06130832447130938,481.34569426803137,0.00048170803487853974,0.03648915886878967,False,False,0.03648915886878967
s-006,after_common_greedy_prefix,10,200,0,-32085.541148812998,32973.074079671,52303.451423596,25641.546205423623,887.5329308579676,34891.453100309,2805.911951496004,0.05818016894641754,1918.3790206380363,0.0019198231108912616,0.23105952888727188,False,False,0.23105952888727188
s-006,after_common_greedy_prefix,10,200,1,-32085.541148812998,32973.074079671,52303.451423596,25641.546205423623,887.5329308579676,34891.453100309,2805.911951496004,0.05818016894641754,1918.3790206380363,0.0019198231108912616,0.22911005467176437,False,False,0.22911005467176437
s-006,after_common_greedy_prefix,10,1000,0,-32085.541148812998,32973.074079671,52303.451423596,25641.546205423623,887.5329308579676,34891.453100309,2805.911951496004,0.05818016894641754,1918.3790206380363,0.0019198231108912616,1.0293283127248287,False,False,1.0293283127248287
s-006,after_common_greedy_prefix,10,1000,1,-32085.541148812998,32973.074079671,52303.451423596,25641.546205423623,887.5329308579676,34891.453100309,2805.911951496004,0.05818016894641754,1918.3790206380363,0.0019198231108912616,1.0320356115698814,False,False,1.0320356115698814
s-006,after_common_greedy_prefix,10,50,0,-32085.541148812998,32973.074079671,52303.451423596,25641.546205423623,887.5329308579676,34891.453100309,2805.911951496004,0.05818016894641754,1918.3790206380363,0.0019198231108912616,0.08138351887464523,False,False,0.08138351887464523
s-006,after_common_greedy_prefix,10,50,1,-32085.541148812998,32973.074079671,52303.451423596,25641.546205423623,887.5329308579676,34891.453100309,2805.911951496004,0.05818016894641754,1918.3790206380363,0.0019198231108912616,0.08256231993436813,False,False,0.08256231993436813
s-006,after_common_greedy_prefix,10,10,0,-32085.541148812998,32973.074079671,52303.451423596,25641.546205423623,887.5329308579676,34729.708377432,2644.1672286190005,0.053274811244973366,1756.634297761033,0.0017579566321071593,0.04242889955639839,False,False,0.04242889955639839
s-006,after_common_greedy_prefix,10,10,1,-32085.541148812998,32973.074079671,52303.451423596,25641.546205423623,887.5329308579676,34729.708377432,2644.1672286190005,0.053274811244973366,1756.634297761033,0.0017579566321071593,0.04110107198357582,False,False,0.04110107198357582
s-007,after_one_actual_history_call,0,200,0,-8312.229282084,8939.813702815,16710.066889058002,6340.802280012727,887.5329308579676,9158.387778689,846.1584966050013,0.024449511269477107,0.0,0.0,0.23052135482430458,False,False,
s-007,after_one_actual_history_call,0,200,1,-8312.229282084,8939.813702815,16710.066889058002,6340.802280012727,887.5329308579676,9158.387778689,846.1584966050013,0.024449511269477107,0.0,0.0,0.22964763641357422,False,False,
s-007,after_one_actual_history_call,0,1000,0,-8312.229282084,8939.813702815,16710.066889058002,6340.802280012727,887.5329308579676,9158.387778689,846.1584966050013,0.024449511269477107,0.0,0.0,1.0339119210839272,False,False,
s-007,after_one_actual_history_call,0,1000,1,-8312.229282084,8939.813702815,16710.066889058002,6340.802280012727,887.5329308579676,9158.387778689,846.1584966050013,0.024449511269477107,0.0,0.0,1.0297646410763264,False,False,
s-007,after_one_actual_history_call,0,50,0,-8312.229282084,8939.813702815,16710.066889058002,6340.802280012727,887.5329308579676,9158.387778689,846.1584966050013,0.024449511269477107,0.0,0.0,0.07685011625289917,False,False,
s-007,after_one_actual_history_call,0,50,1,-8312.229282084,8939.813702815,16710.066889058002,6340.802280012727,887.5329308579676,9158.387778689,846.1584966050013,0.024449511269477107,0.0,0.0,0.07925529405474663,False,False,
s-007,after_one_actual_history_call,0,10,0,-8312.229282084,8939.813702815,16710.066889058002,6340.802280012727,887.5329308579676,9158.387778689,846.1584966050013,0.024449511269477107,0.0,0.0,0.038819801062345505,False,False,
s-007,after_one_actual_history_call,0,10,1,-8312.229282084,8939.813702815,16710.066889058002,6340.802280012727,887.5329308579676,9158.387778689,846.1584966050013,0.024449511269477107,0.0,0.0,0.03538104519248009,False,False,
s-007,after_one_actual_history_call,1,200,0,-34005.047970306,34005.047970306,55175.637904517,28696.435400418082,887.5329308579676,34775.747610198,770.6996398920019,0.022664271509482792,0.0,0.0,0.22837676852941513,False,False,
s-007,after_one_actual_history_call,1,200,1,-34005.047970306,34005.047970306,55175.637904517,28696.435400418082,887.5329308579676,34775.747610198,770.6996398920019,0.022664271509482792,0.0,0.0,0.23014350980520248,False,False,
s-007,after_one_actual_history_call,1,1000,0,-34005.047970306,34005.047970306,55175.637904517,28696.435400418082,887.5329308579676,34775.747610198,770.6996398920019,0.022664271509482792,0.0,0.0,1.031638476997614,False,False,
s-007,after_one_actual_history_call,1,1000,1,-34005.047970306,34005.047970306,55175.637904517,28696.435400418082,887.5329308579676,34775.747610198,770.6996398920019,0.022664271509482792,0.0,0.0,1.0306724905967712,False,False,
s-007,after_one_actual_history_call,1,50,0,-34005.047970306,34005.047970306,55175.637904517,28696.435400418082,887.5329308579676,34775.747610198,770.6996398920019,0.022664271509482792,0.0,0.0,0.07970545440912247,False,False,
s-007,after_one_actual_history_call,1,50,1,-34005.047970306,34005.047970306,55175.637904517,28696.435400418082,887.5329308579676,34775.747610198,770.6996398920019,0.022664271509482792,0.0,0.0,0.08090110123157501,False,False,
s-007,after_one_actual_history_call,1,10,0,-34005.047970306,34005.047970306,55175.637904517,28696.435400418082,887.5329308579676,34701.201379909,696.1534096030009,0.020472060801410966,0.0,0.0,0.04011840373277664,False,False,
s-007,after_one_actual_history_call,1,10,1,-34005.047970306,34005.047970306,55175.637904517,28696.435400418082,887.5329308579676,34701.201379909,696.1534096030009,0.020472060801410966,0.0,0.0,0.03768278658390045,False,False,
s-007,after_one_actual_history_call,2,200,0,161.36684630900004,0.0,0.0,0.0,887.5329308579676,0.0,161.36684630900004,0.0,0.0,0.0,0.005835253745317459,False,True,
s-007,after_one_actual_history_call,2,200,1,161.36684630900004,0.0,0.0,0.0,887.5329308579676,0.0,161.36684630900004,0.0,0.0,0.0,0.005873300135135651,False,True,
s-007,after_one_actual_history_call,2,1000,0,161.36684630900004,0.0,0.0,0.0,887.5329308579676,0.0,161.36684630900004,0.0,0.0,0.0,0.005898777395486832,False,True,
s-007,after_one_actual_history_call,2,1000,1,161.36684630900004,0.0,0.0,0.0,887.5329308579676,0.0,161.36684630900004,0.0,0.0,0.0,0.006001237779855728,False,True,
s-007,after_one_actual_history_call,2,50,0,161.36684630900004,0.0,0.0,0.0,887.5329308579676,0.0,161.36684630900004,0.0,0.0,0.0,0.0059407614171504974,False,True,
s-007,after_one_actual_history_call,2,50,1,161.36684630900004,0.0,0.0,0.0,887.5329308579676,0.0,161.36684630900004,0.0,0.0,0.0,0.006115015596151352,False,True,
s-007,after_one_actual_history_call,2,10,0,161.36684630900004,0.0,0.0,0.0,887.5329308579676,0.0,161.36684630900004,0.0,0.0,0.0,0.006177298724651337,False,True,
s-007,after_one_actual_history_call,2,10,1,161.36684630900004,0.0,0.0,0.0,887.5329308579676,0.0,161.36684630900004,0.0,0.0,0.0,0.006287857890129089,False,True,
s-007,after_one_actual_history_call,3,200,0,-7215.374183333,8054.885737334,10308.143444027999,5463.916529308572,887.5329308579676,8054.885737334,839.5115540010001,0.0,0.0,0.0,0.004151925444602966,False,True,
s-007,after_one_actual_history_call,3,200,1,-7215.374183333,8054.885737334,10308.143444027999,5463.916529308572,887.5329308579676,8054.885737334,839.5115540010001,0.0,0.0,0.0,0.004028983414173126,False,True,
s-007,after_one_actual_history_call,3,1000,0,-7215.374183333,8054.885737334,10308.143444027999,5463.916529308572,887.5329308579676,8054.885737334,839.5115540010001,0.0,0.0,0.0,1.0267295129597187,False,True,
s-007,after_one_actual_history_call,3,1000,1,-7215.374183333,8054.885737334,10308.143444027999,5463.916529308572,887.5329308579676,8054.885737334,839.5115540010001,0.0,0.0,0.0,1.0271370336413383,False,True,
s-007,after_one_actual_history_call,3,50,0,-7215.374183333,8054.885737334,10308.143444027999,5463.916529308572,887.5329308579676,8054.885737334,839.5115540010001,0.0,0.0,0.0,0.07707714289426804,False,True,
s-007,after_one_actual_history_call,3,50,1,-7215.374183333,8054.885737334,10308.143444027999,5463.916529308572,887.5329308579676,8054.885737334,839.5115540010001,0.0,0.0,0.0,0.07909028604626656,False,True,
s-007,after_one_actual_history_call,3,10,0,-7215.374183333,8054.885737334,10308.143444027999,5463.916529308572,887.5329308579676,8054.885737334,839.5115540010001,0.0,0.0,0.0,0.03829139471054077,False,True,
s-007,after_one_actual_history_call,3,10,1,-7215.374183333,8054.885737334,10308.143444027999,5463.916529308572,887.5329308579676,8054.885737334,839.5115540010001,0.0,0.0,0.0,0.0377684012055397,False,True,
s-007,after_one_actual_history_call,4,200,0,-33699.564463309,33860.931309618,46658.363150608,25795.515304883465,887.5329308579676,34305.221524108,605.6570607989997,0.013121027606343537,0.0,0.0,0.23192644119262695,False,False,
s-007,after_one_actual_history_call,4,200,1,-33699.564463309,33860.931309618,46658.363150608,25795.515304883465,887.5329308579676,34305.221524108,605.6570607989997,0.013121027606343537,0.0,0.0,0.23138046264648438,False,False,
s-007,after_one_actual_history_call,4,1000,0,-33699.564463309,33860.931309618,46658.363150608,25795.515304883465,887.5329308579676,34305.221524108,605.6570607989997,0.013121027606343537,0.0,0.0,1.0299668908119202,False,False,
s-007,after_one_actual_history_call,4,1000,1,-33699.564463309,33860.931309618,46658.363150608,25795.515304883465,887.5329308579676,34305.221524108,605.6570607989997,0.013121027606343537,0.0,0.0,1.031843513250351,False,False,
s-007,after_one_actual_history_call,4,50,0,-33699.564463309,33860.931309618,46658.363150608,25795.515304883465,887.5329308579676,34305.221524108,605.6570607989997,0.013121027606343537,0.0,0.0,0.08181309700012207,False,False,
s-007,after_one_actual_history_call,4,50,1,-33699.564463309,33860.931309618,46658.363150608,25795.515304883465,887.5329308579676,34305.221524108,605.6570607989997,0.013121027606343537,0.0,0.0,0.08119672909379005,False,False,
s-007,after_one_actual_history_call,4,10,0,-33699.564463309,33860.931309618,46658.363150608,25795.515304883465,887.5329308579676,34305.221524108,605.6570607989997,0.013121027606343537,0.0,0.0,0.038808904588222504,False,False,
s-007,after_one_actual_history_call,4,10,1,-33699.564463309,33860.931309618,46658.363150608,25795.515304883465,887.5329308579676,34305.221524108,605.6570607989997,0.013121027606343537,0.0,0.0,0.041353918612003326,False,False,
s-007,after_one_actual_history_call,5,200,0,301.5911488429999,0.0,0.0,0.0,887.5329308579676,0.0,301.5911488429999,0.0,0.0,0.0,0.006759040057659149,False,True,
s-007,after_one_actual_history_call,5,200,1,301.5911488429999,0.0,0.0,0.0,887.5329308579676,0.0,301.5911488429999,0.0,0.0,0.0,0.006292816251516342,False,True,
s-007,after_one_actual_history_call,5,1000,0,301.5911488429999,0.0,0.0,0.0,887.5329308579676,0.0,301.5911488429999,0.0,0.0,0.0,0.0059721507132053375,False,True,
s-007,after_one_actual_history_call,5,1000,1,301.5911488429999,0.0,0.0,0.0,887.5329308579676,0.0,301.5911488429999,0.0,0.0,0.0,0.006747912615537643,False,True,
s-007,after_one_actual_history_call,5,50,0,301.5911488429999,0.0,0.0,0.0,887.5329308579676,0.0,301.5911488429999,0.0,0.0,0.0,0.006630253046751022,False,True,
s-007,after_one_actual_history_call,5,50,1,301.5911488429999,0.0,0.0,0.0,887.5329308579676,0.0,301.5911488429999,0.0,0.0,0.0,0.006948776543140411,False,True,
s-007,after_one_actual_history_call,5,10,0,301.5911488429999,0.0,0.0,0.0,887.5329308579676,0.0,301.5911488429999,0.0,0.0,0.0,0.006803501397371292,False,True,
s-007,after_one_actual_history_call,5,10,1,301.5911488429999,0.0,0.0,0.0,887.5329308579676,0.0,301.5911488429999,0.0,0.0,0.0,0.0066797323524951935,False,True,
s-007,after_one_actual_history_call,6,200,0,-7268.804066638999,7831.494080493,11498.029882817,5865.150188979083,887.5329308579676,8222.87189265,954.0678260110017,0.04997485896488895,66.53489515303409,6.658498035129585e-05,0.22677560150623322,False,False,0.22677560150623322
s-007,after_one_actual_history_call,6,200,1,-7268.804066638999,7831.494080493,11498.029882817,5865.150188979083,887.5329308579676,8222.87189265,954.0678260110017,0.04997485896488895,66.53489515303409,6.658498035129585e-05,0.22711985930800438,False,False,0.22711985930800438
s-007,after_one_actual_history_call,6,1000,0,-7268.804066638999,7831.494080493,11498.029882817,5865.150188979083,887.5329308579676,8222.87189265,954.0678260110017,0.04997485896488895,66.53489515303409,6.658498035129585e-05,1.028813824057579,False,False,1.028813824057579
s-007,after_one_actual_history_call,6,1000,1,-7268.804066638999,7831.494080493,11498.029882817,5865.150188979083,887.5329308579676,8222.87189265,954.0678260110017,0.04997485896488895,66.53489515303409,6.658498035129585e-05,1.0278910472989082,False,False,1.0278910472989082
s-007,after_one_actual_history_call,6,50,0,-7268.804066638999,7831.494080493,11498.029882817,5865.150188979083,887.5329308579676,8222.87189265,954.0678260110017,0.04997485896488895,66.53489515303409,6.658498035129585e-05,0.07913921773433685,False,False,0.07913921773433685
s-007,after_one_actual_history_call,6,50,1,-7268.804066638999,7831.494080493,11498.029882817,5865.150188979083,887.5329308579676,8222.87189265,954.0678260110017,0.04997485896488895,66.53489515303409,6.658498035129585e-05,0.07784698531031609,False,False,0.07784698531031609
s-007,after_one_actual_history_call,6,10,0,-7268.804066638999,7831.494080493,11498.029882817,5865.150188979083,887.5329308579676,8222.87189265,954.0678260110017,0.04997485896488895,66.53489515303409,6.658498035129585e-05,0.03445682302117348,False,False,0.03445682302117348
s-007,after_one_actual_history_call,6,10,1,-7268.804066638999,7831.494080493,11498.029882817,5865.150188979083,887.5329308579676,8222.87189265,954.0678260110017,0.04997485896488895,66.53489515303409,6.658498035129585e-05,0.03214265778660774,False,False,0.03214265778660774
s-007,after_one_actual_history_call,7,200,0,-32557.295249658,32876.211776293,54774.403372329,26901.720698655365,887.5329308579676,34310.713469532,1753.4182198739982,0.043633424160913106,865.8852890160306,0.0008665370979092823,0.22637750208377838,False,False,0.22637750208377838
s-007,after_one_actual_history_call,7,200,1,-32557.295249658,32876.211776293,54774.403372329,26901.720698655365,887.5329308579676,34310.713469532,1753.4182198739982,0.043633424160913106,865.8852890160306,0.0008665370979092823,0.22717125713825226,False,False,0.22717125713825226
s-007,after_one_actual_history_call,7,1000,0,-32557.295249658,32876.211776293,54774.403372329,26901.720698655365,887.5329308579676,34337.496935987,1780.201686329001,0.044448100335809766,892.6687554710334,0.0008933407260437234,1.0288983657956123,False,False,1.0288983657956123
s-007,after_one_actual_history_call,7,1000,1,-32557.295249658,32876.211776293,54774.403372329,26901.720698655365,887.5329308579676,34337.496935987,1780.201686329001,0.044448100335809766,892.6687554710334,0.0008933407260437234,1.0286530293524265,False,False,1.0286530293524265
s-007,after_one_actual_history_call,7,50,0,-32557.295249658,32876.211776293,54774.403372329,26901.720698655365,887.5329308579676,34310.713469532,1753.4182198739982,0.043633424160913106,865.8852890160306,0.0008665370979092823,0.07770607993006706,False,False,0.07770607993006706
s-007,after_one_actual_history_call,7,50,1,-32557.295249658,32876.211776293,54774.403372329,26901.720698655365,887.5329308579676,34310.713469532,1753.4182198739982,0.043633424160913106,865.8852890160306,0.0008665370979092823,0.08402876928448677,False,False,0.08402876928448677
s-007,after_one_actual_history_call,7,10,0,-32557.295249658,32876.211776293,54774.403372329,26901.720698655365,887.5329308579676,34310.713469532,1753.4182198739982,0.043633424160913106,865.8852890160306,0.0008665370979092823,0.04732861369848251,False,False,0.04732861369848251
s-007,after_one_actual_history_call,7,10,1,-32557.295249658,32876.211776293,54774.403372329,26901.720698655365,887.5329308579676,34310.713469532,1753.4182198739982,0.043633424160913106,865.8852890160306,0.0008665370979092823,0.03774168714880943,False,False,0.03774168714880943
s-007,after_one_actual_history_call,8,200,0,530.3576796350003,0.0,0.0,0.0,887.5329308579676,0.0,530.3576796350003,0.0,0.0,0.0,0.005730770528316498,False,True,
s-007,after_one_actual_history_call,8,200,1,530.3576796350003,0.0,0.0,0.0,887.5329308579676,0.0,530.3576796350003,0.0,0.0,0.0,0.005650617182254791,False,True,
s-007,after_one_actual_history_call,8,1000,0,530.3576796350003,0.0,0.0,0.0,887.5329308579676,0.0,530.3576796350003,0.0,0.0,0.0,0.005611579865217209,False,True,
s-007,after_one_actual_history_call,8,1000,1,530.3576796350003,0.0,0.0,0.0,887.5329308579676,0.0,530.3576796350003,0.0,0.0,0.0,0.00561007484793663,False,True,
s-007,after_one_actual_history_call,8,50,0,530.3576796350003,0.0,0.0,0.0,887.5329308579676,0.0,530.3576796350003,0.0,0.0,0.0,0.005593087524175644,False,True,
s-007,after_one_actual_history_call,8,50,1,530.3576796350003,0.0,0.0,0.0,887.5329308579676,0.0,530.3576796350003,0.0,0.0,0.0,0.005677450448274612,False,True,
s-007,after_one_actual_history_call,8,10,0,530.3576796350003,0.0,0.0,0.0,887.5329308579676,0.0,530.3576796350003,0.0,0.0,0.0,0.005606438964605331,False,True,
s-007,after_one_actual_history_call,8,10,1,530.3576796350003,0.0,0.0,0.0,887.5329308579676,0.0,530.3576796350003,0.0,0.0,0.0,0.0055914223194122314,False,True,
s-007,after_one_actual_history_call,9,200,0,-7812.678028246,8651.168036344001,14613.468476325,6915.807716994797,887.5329308579676,9181.556653372,1368.878625125999,0.06130832447130938,481.34569426803137,0.00048170803487853974,0.22649123147130013,False,False,0.22649123147130013
s-007,after_one_actual_history_call,9,200,1,-7812.678028246,8651.168036344001,14613.468476325,6915.807716994797,887.5329308579676,9181.556653372,1368.878625125999,0.06130832447130938,481.34569426803137,0.00048170803487853974,0.23343918472528458,False,False,0.23343918472528458
s-007,after_one_actual_history_call,9,1000,0,-7812.678028246,8651.168036344001,14613.468476325,6915.807716994797,887.5329308579676,9181.556653372,1368.878625125999,0.06130832447130938,481.34569426803137,0.00048170803487853974,1.0358168631792068,False,False,1.0358168631792068
s-007,after_one_actual_history_call,9,1000,1,-7812.678028246,8651.168036344001,14613.468476325,6915.807716994797,887.5329308579676,9181.556653372,1368.878625125999,0.06130832447130938,481.34569426803137,0.00048170803487853974,1.0305413156747818,False,False,1.0305413156747818
s-007,after_one_actual_history_call,9,50,0,-7812.678028246,8651.168036344001,14613.468476325,6915.807716994797,887.5329308579676,9181.556653372,1368.878625125999,0.06130832447130938,481.34569426803137,0.00048170803487853974,0.0772167518734932,False,False,0.0772167518734932
s-007,after_one_actual_history_call,9,50,1,-7812.678028246,8651.168036344001,14613.468476325,6915.807716994797,887.5329308579676,9181.556653372,1368.878625125999,0.06130832447130938,481.34569426803137,0.00048170803487853974,0.07875336334109306,False,False,0.07875336334109306
s-007,after_one_actual_history_call,9,10,0,-7812.678028246,8651.168036344001,14613.468476325,6915.807716994797,887.5329308579676,9181.556653372,1368.878625125999,0.06130832447130938,481.34569426803137,0.00048170803487853974,0.03712885454297066,False,False,0.03712885454297066
s-007,after_one_actual_history_call,9,10,1,-7812.678028246,8651.168036344001,14613.468476325,6915.807716994797,887.5329308579676,9181.556653372,1368.878625125999,0.06130832447130938,481.34569426803137,0.00048170803487853974,0.03484216332435608,False,False,0.03484216332435608
s-007,after_one_actual_history_call,10,200,0,-32085.541148812998,32973.074079671,52303.451423596,25641.546205423623,887.5329308579676,34891.453100309,2805.911951496004,0.05818016894641754,1918.3790206380363,0.0019198231108912616,0.2297339253127575,False,False,0.2297339253127575
s-007,after_one_actual_history_call,10,200,1,-32085.541148812998,32973.074079671,52303.451423596,25641.546205423623,887.5329308579676,34891.453100309,2805.911951496004,0.05818016894641754,1918.3790206380363,0.0019198231108912616,0.2275334931910038,False,False,0.2275334931910038
s-007,after_one_actual_history_call,10,1000,0,-32085.541148812998,32973.074079671,52303.451423596,25641.546205423623,887.5329308579676,34891.453100309,2805.911951496004,0.05818016894641754,1918.3790206380363,0.0019198231108912616,1.0294199548661709,False,False,1.0294199548661709
s-007,after_one_actual_history_call,10,1000,1,-32085.541148812998,32973.074079671,52303.451423596,25641.546205423623,887.5329308579676,34891.453100309,2805.911951496004,0.05818016894641754,1918.3790206380363,0.0019198231108912616,1.0316605605185032,False,False,1.0316605605185032
s-007,after_one_actual_history_call,10,50,0,-32085.541148812998,32973.074079671,52303.451423596,25641.546205423623,887.5329308579676,34891.453100309,2805.911951496004,0.05818016894641754,1918.3790206380363,0.0019198231108912616,0.08232676237821579,False,False,0.08232676237821579
s-007,after_one_actual_history_call,10,50,1,-32085.541148812998,32973.074079671,52303.451423596,25641.546205423623,887.5329308579676,34891.453100309,2805.911951496004,0.05818016894641754,1918.3790206380363,0.0019198231108912616,0.08123766630887985,False,False,0.08123766630887985
s-007,after_one_actual_history_call,10,10,0,-32085.541148812998,32973.074079671,52303.451423596,25641.546205423623,887.5329308579676,34729.708377432,2644.1672286190005,0.053274811244973366,1756.634297761033,0.0017579566321071593,0.03963668644428253,False,False,0.03963668644428253
s-007,after_one_actual_history_call,10,10,1,-32085.541148812998,32973.074079671,52303.451423596,25641.546205423623,887.5329308579676,34729.708377432,2644.1672286190005,0.053274811244973366,1756.634297761033,0.0017579566321071593,0.03867899999022484,False,False,0.03867899999022484
s-008,after_common_greedy_prefix,0,200,0,-8674.916263007999,8777.39667498,20233.302888133,6868.212469682487,1327.4449563549133,9745.126888791001,1070.210625783002,0.11025253268654465,0.0,0.0,0.23141418769955635,False,False,
s-008,after_common_greedy_prefix,0,200,1,-8674.916263007999,8777.39667498,20233.302888133,6868.212469682487,1327.4449563549133,9745.126888791001,1070.210625783002,0.11025253268654465,0.0,0.0,0.23335229232907295,False,False,
s-008,after_common_greedy_prefix,0,1000,0,-8674.916263007999,8777.39667498,20233.302888133,6868.212469682487,1327.4449563549133,9745.126888791001,1070.210625783002,0.11025253268654465,0.0,0.0,1.0291738510131836,False,False,
s-008,after_common_greedy_prefix,0,1000,1,-8674.916263007999,8777.39667498,20233.302888133,6868.212469682487,1327.4449563549133,9745.126888791001,1070.210625783002,0.11025253268654465,0.0,0.0,1.0325852818787098,False,False,
s-008,after_common_greedy_prefix,0,50,0,-8674.916263007999,8777.39667498,20233.302888133,6868.212469682487,1327.4449563549133,9745.126888791001,1070.210625783002,0.11025253268654465,0.0,0.0,0.07908302918076515,False,False,
s-008,after_common_greedy_prefix,0,50,1,-8674.916263007999,8777.39667498,20233.302888133,6868.212469682487,1327.4449563549133,9745.126888791001,1070.210625783002,0.11025253268654465,0.0,0.0,0.08079004287719727,False,False,
s-008,after_common_greedy_prefix,0,10,0,-8674.916263007999,8777.39667498,20233.302888133,6868.212469682487,1327.4449563549133,9745.126888791001,1070.210625783002,0.11025253268654465,0.0,0.0,0.041033096611499786,False,False,
s-008,after_common_greedy_prefix,0,10,1,-8674.916263007999,8777.39667498,20233.302888133,6868.212469682487,1327.4449563549133,9745.126888791001,1070.210625783002,0.11025253268654465,0.0,0.0,0.04173905402421951,False,False,
s-008,after_common_greedy_prefix,1,200,0,-33895.879380981,33895.879380981,41257.652827498,27698.44845127805,1327.4449563549133,34243.528070781,347.6486898000003,0.010256370277121831,0.0,0.0,0.23168594390153885,False,False,
s-008,after_common_greedy_prefix,1,200,1,-33895.879380981,33895.879380981,41257.652827498,27698.44845127805,1327.4449563549133,34243.528070781,347.6486898000003,0.010256370277121831,0.0,0.0,0.22731784358620644,False,False,
s-008,after_common_greedy_prefix,1,1000,0,-33895.879380981,33895.879380981,41257.652827498,27698.44845127805,1327.4449563549133,34243.528070781,347.6486898000003,0.010256370277121831,0.0,0.0,1.0309927985072136,False,False,
s-008,after_common_greedy_prefix,1,1000,1,-33895.879380981,33895.879380981,41257.652827498,27698.44845127805,1327.4449563549133,34243.528070781,347.6486898000003,0.010256370277121831,0.0,0.0,1.0320876948535442,False,False,
s-008,after_common_greedy_prefix,1,50,0,-33895.879380981,33895.879380981,41257.652827498,27698.44845127805,1327.4449563549133,34243.528070781,347.6486898000003,0.010256370277121831,0.0,0.0,0.08036965876817703,False,False,
s-008,after_common_greedy_prefix,1,50,1,-33895.879380981,33895.879380981,41257.652827498,27698.44845127805,1327.4449563549133,34243.528070781,347.6486898000003,0.010256370277121831,0.0,0.0,0.08010418713092804,False,False,
s-008,after_common_greedy_prefix,1,10,0,-33895.879380981,33895.879380981,41257.652827498,27698.44845127805,1327.4449563549133,34243.528070781,347.6486898000003,0.010256370277121831,0.0,0.0,0.0377681702375412,False,False,
s-008,after_common_greedy_prefix,1,10,1,-33895.879380981,33895.879380981,41257.652827498,27698.44845127805,1327.4449563549133,34243.528070781,347.6486898000003,0.010256370277121831,0.0,0.0,0.03747560828924179,False,False,
s-008,after_common_greedy_prefix,2,200,0,161.36684630900004,0.0,0.0,0.0,1327.4449563549133,0.0,161.36684630900004,0.0,0.0,0.0,0.006658181548118591,False,True,
s-008,after_common_greedy_prefix,2,200,1,161.36684630900004,0.0,0.0,0.0,1327.4449563549133,0.0,161.36684630900004,0.0,0.0,0.0,0.006657600402832031,False,True,
s-008,after_common_greedy_prefix,2,1000,0,161.36684630900004,0.0,0.0,0.0,1327.4449563549133,0.0,161.36684630900004,0.0,0.0,0.0,0.0064689479768276215,False,True,
s-008,after_common_greedy_prefix,2,1000,1,161.36684630900004,0.0,0.0,0.0,1327.4449563549133,0.0,161.36684630900004,0.0,0.0,0.0,0.005972288548946381,False,True,
s-008,after_common_greedy_prefix,2,50,0,161.36684630900004,0.0,0.0,0.0,1327.4449563549133,0.0,161.36684630900004,0.0,0.0,0.0,0.005634356290102005,False,True,
s-008,after_common_greedy_prefix,2,50,1,161.36684630900004,0.0,0.0,0.0,1327.4449563549133,0.0,161.36684630900004,0.0,0.0,0.0,0.005620688199996948,False,True,
s-008,after_common_greedy_prefix,2,10,0,161.36684630900004,0.0,0.0,0.0,1327.4449563549133,0.0,161.36684630900004,0.0,0.0,0.0,0.005643445998430252,False,True,
s-008,after_common_greedy_prefix,2,10,1,161.36684630900004,0.0,0.0,0.0,1327.4449563549133,0.0,161.36684630900004,0.0,0.0,0.0,0.005898408591747284,False,True,
s-008,after_common_greedy_prefix,3,200,0,-7524.952922158,8333.301443353,10682.813715473,5784.682233446838,1327.4449563549133,8392.447542952,867.4946207940011,0.007097559112802472,0.0,0.0,0.22765299677848816,False,False,
s-008,after_common_greedy_prefix,3,200,1,-7524.952922158,8333.301443353,10682.813715473,5784.682233446838,1327.4449563549133,8392.447542952,867.4946207940011,0.007097559112802472,0.0,0.0,0.2277490347623825,False,False,
s-008,after_common_greedy_prefix,3,1000,0,-7524.952922158,8333.301443353,10682.813715473,5784.682233446838,1327.4449563549133,8392.447542952,867.4946207940011,0.007097559112802472,0.0,0.0,1.0265332087874413,False,False,
s-008,after_common_greedy_prefix,3,1000,1,-7524.952922158,8333.301443353,10682.813715473,5784.682233446838,1327.4449563549133,8392.447542952,867.4946207940011,0.007097559112802472,0.0,0.0,1.0258014760911465,False,False,
s-008,after_common_greedy_prefix,3,50,0,-7524.952922158,8333.301443353,10682.813715473,5784.682233446838,1327.4449563549133,8392.447542952,867.4946207940011,0.007097559112802472,0.0,0.0,0.0763249397277832,False,False,
s-008,after_common_greedy_prefix,3,50,1,-7524.952922158,8333.301443353,10682.813715473,5784.682233446838,1327.4449563549133,8392.447542952,867.4946207940011,0.007097559112802472,0.0,0.0,0.07904734462499619,False,False,
s-008,after_common_greedy_prefix,3,10,0,-7524.952922158,8333.301443353,10682.813715473,5784.682233446838,1327.4449563549133,8392.447542952,867.4946207940011,0.007097559112802472,0.0,0.0,0.033827044069767,False,False,
s-008,after_common_greedy_prefix,3,10,1,-7524.952922158,8333.301443353,10682.813715473,5784.682233446838,1327.4449563549133,8392.447542952,867.4946207940011,0.007097559112802472,0.0,0.0,0.03407464921474457,False,False,
s-008,after_common_greedy_prefix,4,200,0,-33148.406278786,33309.773125095,42350.170343782,25175.235526188237,1327.4449563549133,33425.317326354,276.91104756799905,0.003468777791583043,0.0,0.0,0.22827200964093208,False,False,
s-008,after_common_greedy_prefix,4,200,1,-33148.406278786,33309.773125095,42350.170343782,25175.235526188237,1327.4449563549133,33425.317326354,276.91104756799905,0.003468777791583043,0.0,0.0,0.22847191989421844,False,False,
s-008,after_common_greedy_prefix,4,1000,0,-33148.406278786,33309.773125095,42350.170343782,25175.235526188237,1327.4449563549133,33425.317326354,276.91104756799905,0.003468777791583043,0.0,0.0,1.03004727140069,False,False,
s-008,after_common_greedy_prefix,4,1000,1,-33148.406278786,33309.773125095,42350.170343782,25175.235526188237,1327.4449563549133,33425.317326354,276.91104756799905,0.003468777791583043,0.0,0.0,1.0288432016968727,False,False,
s-008,after_common_greedy_prefix,4,50,0,-33148.406278786,33309.773125095,42350.170343782,25175.235526188237,1327.4449563549133,33425.317326354,276.91104756799905,0.003468777791583043,0.0,0.0,0.07818980142474174,False,False,
s-008,after_common_greedy_prefix,4,50,1,-33148.406278786,33309.773125095,42350.170343782,25175.235526188237,1327.4449563549133,33425.317326354,276.91104756799905,0.003468777791583043,0.0,0.0,0.07954877242445946,False,False,
s-008,after_common_greedy_prefix,4,10,0,-33148.406278786,33309.773125095,42350.170343782,25175.235526188237,1327.4449563549133,33425.317326354,276.91104756799905,0.003468777791583043,0.0,0.0,0.04077833890914917,False,False,
s-008,after_common_greedy_prefix,4,10,1,-33148.406278786,33309.773125095,42350.170343782,25175.235526188237,1327.4449563549133,33425.317326354,276.91104756799905,0.003468777791583043,0.0,0.0,0.04004022851586342,False,False,
s-008,after_common_greedy_prefix,5,200,0,301.5911488429999,0.0,0.0,0.0,1327.4449563549133,0.0,301.5911488429999,0.0,0.0,0.0,0.0065695010125637054,False,True,
s-008,after_common_greedy_prefix,5,200,1,301.5911488429999,0.0,0.0,0.0,1327.4449563549133,0.0,301.5911488429999,0.0,0.0,0.0,0.0061355531215667725,False,True,
s-008,after_common_greedy_prefix,5,1000,0,301.5911488429999,0.0,0.0,0.0,1327.4449563549133,0.0,301.5911488429999,0.0,0.0,0.0,0.005750745534896851,False,True,
s-008,after_common_greedy_prefix,5,1000,1,301.5911488429999,0.0,0.0,0.0,1327.4449563549133,0.0,301.5911488429999,0.0,0.0,0.0,0.006114203482866287,False,True,
s-008,after_common_greedy_prefix,5,50,0,301.5911488429999,0.0,0.0,0.0,1327.4449563549133,0.0,301.5911488429999,0.0,0.0,0.0,0.006494875997304916,False,True,
s-008,after_common_greedy_prefix,5,50,1,301.5911488429999,0.0,0.0,0.0,1327.4449563549133,0.0,301.5911488429999,0.0,0.0,0.0,0.00674404576420784,False,True,
s-008,after_common_greedy_prefix,5,10,0,301.5911488429999,0.0,0.0,0.0,1327.4449563549133,0.0,301.5911488429999,0.0,0.0,0.0,0.0065183937549591064,False,True,
s-008,after_common_greedy_prefix,5,10,1,301.5911488429999,0.0,0.0,0.0,1327.4449563549133,0.0,301.5911488429999,0.0,0.0,0.0,0.006353955715894699,False,True,
s-008,after_common_greedy_prefix,6,200,0,-6857.530585905999,7553.197142225,10765.172831657,5606.074659886966,1327.4449563549133,7836.789410481,979.2588245750012,0.037545990514483055,0.0,0.0,0.2266261801123619,False,False,
s-008,after_common_greedy_prefix,6,200,1,-6857.530585905999,7553.197142225,10765.172831657,5606.074659886966,1327.4449563549133,7836.789410481,979.2588245750012,0.037545990514483055,0.0,0.0,0.2269486039876938,False,False,
s-008,after_common_greedy_prefix,6,1000,0,-6857.530585905999,7553.197142225,10765.172831657,5606.074659886966,1327.4449563549133,7836.789410481,979.2588245750012,0.037545990514483055,0.0,0.0,1.028004165738821,False,False,
s-008,after_common_greedy_prefix,6,1000,1,-6857.530585905999,7553.197142225,10765.172831657,5606.074659886966,1327.4449563549133,7836.789410481,979.2588245750012,0.037545990514483055,0.0,0.0,1.026970237493515,False,False,
s-008,after_common_greedy_prefix,6,50,0,-6857.530585905999,7553.197142225,10765.172831657,5606.074659886966,1327.4449563549133,7836.789410481,979.2588245750012,0.037545990514483055,0.0,0.0,0.07798979803919792,False,False,
s-008,after_common_greedy_prefix,6,50,1,-6857.530585905999,7553.197142225,10765.172831657,5606.074659886966,1327.4449563549133,7836.789410481,979.2588245750012,0.037545990514483055,0.0,0.0,0.07811375707387924,False,False,
s-008,after_common_greedy_prefix,6,10,0,-6857.530585905999,7553.197142225,10765.172831657,5606.074659886966,1327.4449563549133,7836.789410481,979.2588245750012,0.037545990514483055,0.0,0.0,0.036650560796260834,False,False,
s-008,after_common_greedy_prefix,6,10,1,-6857.530585905999,7553.197142225,10765.172831657,5606.074659886966,1327.4449563549133,7836.789410481,979.2588245750012,0.037545990514483055,0.0,0.0,0.03643962740898132,False,False,
s-008,after_common_greedy_prefix,7,200,0,-32861.102250252,33373.459990783,57407.034125095,27707.563295302236,1327.4449563549133,35039.468988196,2178.366737944001,0.049920176028290644,850.9217815890879,0.0008515623264646471,0.231534231454134,False,False,0.231534231454134
s-008,after_common_greedy_prefix,7,200,1,-32861.102250252,33373.459990783,57407.034125095,27707.563295302236,1327.4449563549133,35039.468988196,2178.366737944001,0.049920176028290644,850.9217815890879,0.0008515623264646471,0.23334353044629097,False,False,0.23334353044629097
s-008,after_common_greedy_prefix,7,1000,0,-32861.102250252,33373.459990783,57407.034125095,27707.563295302236,1327.4449563549133,35039.468988196,2178.366737944001,0.049920176028290644,850.9217815890879,0.0008515623264646471,1.0304804742336273,False,False,1.0304804742336273
s-008,after_common_greedy_prefix,7,1000,1,-32861.102250252,33373.459990783,57407.034125095,27707.563295302236,1327.4449563549133,35039.468988196,2178.366737944001,0.049920176028290644,850.9217815890879,0.0008515623264646471,1.0310775376856327,False,False,1.0310775376856327
s-008,after_common_greedy_prefix,7,50,0,-32861.102250252,33373.459990783,57407.034125095,27707.563295302236,1327.4449563549133,35039.468988196,2178.366737944001,0.049920176028290644,850.9217815890879,0.0008515623264646471,0.07923935726284981,False,False,0.07923935726284981
s-008,after_common_greedy_prefix,7,50,1,-32861.102250252,33373.459990783,57407.034125095,27707.563295302236,1327.4449563549133,35039.468988196,2178.366737944001,0.049920176028290644,850.9217815890879,0.0008515623264646471,0.08200741931796074,False,False,0.08200741931796074
s-008,after_common_greedy_prefix,7,10,0,-32861.102250252,33373.459990783,57407.034125095,27707.563295302236,1327.4449563549133,35039.468988196,2178.366737944001,0.049920176028290644,850.9217815890879,0.0008515623264646471,0.04291393607854843,False,False,0.04291393607854843
s-008,after_common_greedy_prefix,7,10,1,-32861.102250252,33373.459990783,57407.034125095,27707.563295302236,1327.4449563549133,35039.468988196,2178.366737944001,0.049920176028290644,850.9217815890879,0.0008515623264646471,0.040242649614810944,False,False,0.040242649614810944
s-008,after_common_greedy_prefix,8,200,0,530.3576796350003,0.0,0.0,0.0,1327.4449563549133,0.0,530.3576796350003,0.0,0.0,0.0,0.006350718438625336,False,True,
s-008,after_common_greedy_prefix,8,200,1,530.3576796350003,0.0,0.0,0.0,1327.4449563549133,0.0,530.3576796350003,0.0,0.0,0.0,0.005955442786216736,False,True,
s-008,after_common_greedy_prefix,8,1000,0,530.3576796350003,0.0,0.0,0.0,1327.4449563549133,0.0,530.3576796350003,0.0,0.0,0.0,0.005696401000022888,False,True,
s-008,after_common_greedy_prefix,8,1000,1,530.3576796350003,0.0,0.0,0.0,1327.4449563549133,0.0,530.3576796350003,0.0,0.0,0.0,0.005679771304130554,False,True,
s-008,after_common_greedy_prefix,8,50,0,530.3576796350003,0.0,0.0,0.0,1327.4449563549133,0.0,530.3576796350003,0.0,0.0,0.0,0.005995985120534897,False,True,
s-008,after_common_greedy_prefix,8,50,1,530.3576796350003,0.0,0.0,0.0,1327.4449563549133,0.0,530.3576796350003,0.0,0.0,0.0,0.006509989500045776,False,True,
s-008,after_common_greedy_prefix,8,10,0,530.3576796350003,0.0,0.0,0.0,1327.4449563549133,0.0,530.3576796350003,0.0,0.0,0.0,0.006239023059606552,False,True,
s-008,after_common_greedy_prefix,8,10,1,530.3576796350003,0.0,0.0,0.0,1327.4449563549133,0.0,530.3576796350003,0.0,0.0,0.0,0.006224442273378372,False,True,
s-008,after_common_greedy_prefix,9,200,0,-7965.925048347999,8496.282727983,14238.651698247,7005.919827550714,1327.4449563549133,9068.338410689,1102.4133623410016,0.06733011377103805,0.0,0.0,0.22804449126124382,False,False,
s-008,after_common_greedy_prefix,9,200,1,-7965.925048347999,8496.282727983,14238.651698247,7005.919827550714,1327.4449563549133,9068.338410689,1102.4133623410016,0.06733011377103805,0.0,0.0,0.22872606292366982,False,False,
s-008,after_common_greedy_prefix,9,1000,0,-7965.925048347999,8496.282727983,14238.651698247,7005.919827550714,1327.4449563549133,9068.338410689,1102.4133623410016,0.06733011377103805,0.0,0.0,1.0290707759559155,False,False,
s-008,after_common_greedy_prefix,9,1000,1,-7965.925048347999,8496.282727983,14238.651698247,7005.919827550714,1327.4449563549133,9068.338410689,1102.4133623410016,0.06733011377103805,0.0,0.0,1.0281419716775417,False,False,
s-008,after_common_greedy_prefix,9,50,0,-7965.925048347999,8496.282727983,14238.651698247,7005.919827550714,1327.4449563549133,9068.338410689,1102.4133623410016,0.06733011377103805,0.0,0.0,0.07752161473035812,False,False,
s-008,after_common_greedy_prefix,9,50,1,-7965.925048347999,8496.282727983,14238.651698247,7005.919827550714,1327.4449563549133,9068.338410689,1102.4133623410016,0.06733011377103805,0.0,0.0,0.07664842903614044,False,False,
s-008,after_common_greedy_prefix,9,10,0,-7965.925048347999,8496.282727983,14238.651698247,7005.919827550714,1327.4449563549133,9068.338410689,1102.4133623410016,0.06733011377103805,0.0,0.0,0.03548698127269745,False,False,
s-008,after_common_greedy_prefix,9,10,1,-7965.925048347999,8496.282727983,14238.651698247,7005.919827550714,1327.4449563549133,9068.338410689,1102.4133623410016,0.06733011377103805,0.0,0.0,0.0348055325448513,False,False,
s-008,after_common_greedy_prefix,10,200,0,-31874.299867873997,33201.744824229,50472.378226908,25972.033460949613,1327.4449563549133,34994.255545824,3119.9556779500053,0.05398844943495014,1792.510721595092,0.0017938600624886327,0.22872087359428406,False,False,0.22872087359428406
s-008,after_common_greedy_prefix,10,200,1,-31874.299867873997,33201.744824229,50472.378226908,25972.033460949613,1327.4449563549133,34994.255545824,3119.9556779500053,0.05398844943495014,1792.510721595092,0.0017938600624886327,0.22813840210437775,False,False,0.22813840210437775
s-008,after_common_greedy_prefix,10,1000,0,-31874.299867873997,33201.744824229,50472.378226908,25972.033460949613,1327.4449563549133,34994.255545824,3119.9556779500053,0.05398844943495014,1792.510721595092,0.0017938600624886327,1.0304930098354816,False,False,1.0304930098354816
s-008,after_common_greedy_prefix,10,1000,1,-31874.299867873997,33201.744824229,50472.378226908,25972.033460949613,1327.4449563549133,34994.255545824,3119.9556779500053,0.05398844943495014,1792.510721595092,0.0017938600624886327,1.0317979492247105,False,False,1.0317979492247105
s-008,after_common_greedy_prefix,10,50,0,-31874.299867873997,33201.744824229,50472.378226908,25972.033460949613,1327.4449563549133,34994.255545824,3119.9556779500053,0.05398844943495014,1792.510721595092,0.0017938600624886327,0.08225011453032494,False,False,0.08225011453032494
s-008,after_common_greedy_prefix,10,50,1,-31874.299867873997,33201.744824229,50472.378226908,25972.033460949613,1327.4449563549133,34994.255545824,3119.9556779500053,0.05398844943495014,1792.510721595092,0.0017938600624886327,0.07879822701215744,False,False,0.07879822701215744
s-008,after_common_greedy_prefix,10,10,0,-31874.299867873997,33201.744824229,50472.378226908,25972.033460949613,1327.4449563549133,34994.255545824,3119.9556779500053,0.05398844943495014,1792.510721595092,0.0017938600624886327,0.038042474538087845,False,False,0.038042474538087845
s-008,after_common_greedy_prefix,10,10,1,-31874.299867873997,33201.744824229,50472.378226908,25972.033460949613,1327.4449563549133,34994.255545824,3119.9556779500053,0.05398844943495014,1792.510721595092,0.0017938600624886327,0.036408331245183945,False,False,0.036408331245183945
s-009,after_one_actual_history_call,0,200,0,-8674.916263007999,8777.39667498,20233.302888133,6868.212469682487,1327.4449563549133,9745.126888791001,1070.210625783002,0.11025253268654465,0.0,0.0,0.22944125160574913,False,False,
s-009,after_one_actual_history_call,0,200,1,-8674.916263007999,8777.39667498,20233.302888133,6868.212469682487,1327.4449563549133,9745.126888791001,1070.210625783002,0.11025253268654465,0.0,0.0,0.23036514222621918,False,False,
s-009,after_one_actual_history_call,0,1000,0,-8674.916263007999,8777.39667498,20233.302888133,6868.212469682487,1327.4449563549133,9745.126888791001,1070.210625783002,0.11025253268654465,0.0,0.0,1.0308228321373463,False,False,
s-009,after_one_actual_history_call,0,1000,1,-8674.916263007999,8777.39667498,20233.302888133,6868.212469682487,1327.4449563549133,9745.126888791001,1070.210625783002,0.11025253268654465,0.0,0.0,1.0257569923996925,False,False,
s-009,after_one_actual_history_call,0,50,0,-8674.916263007999,8777.39667498,20233.302888133,6868.212469682487,1327.4449563549133,9745.126888791001,1070.210625783002,0.11025253268654465,0.0,0.0,0.07533647119998932,False,False,
s-009,after_one_actual_history_call,0,50,1,-8674.916263007999,8777.39667498,20233.302888133,6868.212469682487,1327.4449563549133,9745.126888791001,1070.210625783002,0.11025253268654465,0.0,0.0,0.07496064528822899,False,False,
s-009,after_one_actual_history_call,0,10,0,-8674.916263007999,8777.39667498,20233.302888133,6868.212469682487,1327.4449563549133,9745.126888791001,1070.210625783002,0.11025253268654465,0.0,0.0,0.03921655938029289,False,False,
s-009,after_one_actual_history_call,0,10,1,-8674.916263007999,8777.39667498,20233.302888133,6868.212469682487,1327.4449563549133,9745.126888791001,1070.210625783002,0.11025253268654465,0.0,0.0,0.03800854831933975,False,False,
s-009,after_one_actual_history_call,1,200,0,-33895.879380981,33895.879380981,41257.652827498,27698.44845127805,1327.4449563549133,34243.528070781,347.6486898000003,0.010256370277121831,0.0,0.0,0.2300102449953556,False,False,
s-009,after_one_actual_history_call,1,200,1,-33895.879380981,33895.879380981,41257.652827498,27698.44845127805,1327.4449563549133,34243.528070781,347.6486898000003,0.010256370277121831,0.0,0.0,0.2283996380865574,False,False,
s-009,after_one_actual_history_call,1,1000,0,-33895.879380981,33895.879380981,41257.652827498,27698.44845127805,1327.4449563549133,34243.528070781,347.6486898000003,0.010256370277121831,0.0,0.0,1.0284248813986778,False,False,
s-009,after_one_actual_history_call,1,1000,1,-33895.879380981,33895.879380981,41257.652827498,27698.44845127805,1327.4449563549133,34243.528070781,347.6486898000003,0.010256370277121831,0.0,0.0,1.0283785499632359,False,False,
s-009,after_one_actual_history_call,1,50,0,-33895.879380981,33895.879380981,41257.652827498,27698.44845127805,1327.4449563549133,34243.528070781,347.6486898000003,0.010256370277121831,0.0,0.0,0.07655264809727669,False,False,
s-009,after_one_actual_history_call,1,50,1,-33895.879380981,33895.879380981,41257.652827498,27698.44845127805,1327.4449563549133,34243.528070781,347.6486898000003,0.010256370277121831,0.0,0.0,0.07648618519306183,False,False,
s-009,after_one_actual_history_call,1,10,0,-33895.879380981,33895.879380981,41257.652827498,27698.44845127805,1327.4449563549133,34243.528070781,347.6486898000003,0.010256370277121831,0.0,0.0,0.03802541643381119,False,False,
s-009,after_one_actual_history_call,1,10,1,-33895.879380981,33895.879380981,41257.652827498,27698.44845127805,1327.4449563549133,34243.528070781,347.6486898000003,0.010256370277121831,0.0,0.0,0.037472598254680634,False,False,
s-009,after_one_actual_history_call,2,200,0,161.36684630900004,0.0,0.0,0.0,1327.4449563549133,0.0,161.36684630900004,0.0,0.0,0.0,0.006192285567522049,False,True,
s-009,after_one_actual_history_call,2,200,1,161.36684630900004,0.0,0.0,0.0,1327.4449563549133,0.0,161.36684630900004,0.0,0.0,0.0,0.005670018494129181,False,True,
s-009,after_one_actual_history_call,2,1000,0,161.36684630900004,0.0,0.0,0.0,1327.4449563549133,0.0,161.36684630900004,0.0,0.0,0.0,0.005620516836643219,False,True,
s-009,after_one_actual_history_call,2,1000,1,161.36684630900004,0.0,0.0,0.0,1327.4449563549133,0.0,161.36684630900004,0.0,0.0,0.0,0.005621671676635742,False,True,
s-009,after_one_actual_history_call,2,50,0,161.36684630900004,0.0,0.0,0.0,1327.4449563549133,0.0,161.36684630900004,0.0,0.0,0.0,0.005628570914268494,False,True,
s-009,after_one_actual_history_call,2,50,1,161.36684630900004,0.0,0.0,0.0,1327.4449563549133,0.0,161.36684630900004,0.0,0.0,0.0,0.005629200488328934,False,True,
s-009,after_one_actual_history_call,2,10,0,161.36684630900004,0.0,0.0,0.0,1327.4449563549133,0.0,161.36684630900004,0.0,0.0,0.0,0.0056159719824790955,False,True,
s-009,after_one_actual_history_call,2,10,1,161.36684630900004,0.0,0.0,0.0,1327.4449563549133,0.0,161.36684630900004,0.0,0.0,0.0,0.005617033690214157,False,True,
s-009,after_one_actual_history_call,3,200,0,-7524.952922158,8333.301443353,10682.813715473,5784.682233446838,1327.4449563549133,8392.447542952,867.4946207940011,0.007097559112802472,0.0,0.0,0.22534604370594025,False,False,
s-009,after_one_actual_history_call,3,200,1,-7524.952922158,8333.301443353,10682.813715473,5784.682233446838,1327.4449563549133,8392.447542952,867.4946207940011,0.007097559112802472,0.0,0.0,0.22657403349876404,False,False,
s-009,after_one_actual_history_call,3,1000,0,-7524.952922158,8333.301443353,10682.813715473,5784.682233446838,1327.4449563549133,8392.447542952,867.4946207940011,0.007097559112802472,0.0,0.0,1.0245439037680626,False,False,
s-009,after_one_actual_history_call,3,1000,1,-7524.952922158,8333.301443353,10682.813715473,5784.682233446838,1327.4449563549133,8392.447542952,867.4946207940011,0.007097559112802472,0.0,0.0,1.02439846098423,False,False,
s-009,after_one_actual_history_call,3,50,0,-7524.952922158,8333.301443353,10682.813715473,5784.682233446838,1327.4449563549133,8392.447542952,867.4946207940011,0.007097559112802472,0.0,0.0,0.07511401176452637,False,False,
s-009,after_one_actual_history_call,3,50,1,-7524.952922158,8333.301443353,10682.813715473,5784.682233446838,1327.4449563549133,8392.447542952,867.4946207940011,0.007097559112802472,0.0,0.0,0.07539930567145348,False,False,
s-009,after_one_actual_history_call,3,10,0,-7524.952922158,8333.301443353,10682.813715473,5784.682233446838,1327.4449563549133,8392.447542952,867.4946207940011,0.007097559112802472,0.0,0.0,0.033550653606653214,False,False,
s-009,after_one_actual_history_call,3,10,1,-7524.952922158,8333.301443353,10682.813715473,5784.682233446838,1327.4449563549133,8392.447542952,867.4946207940011,0.007097559112802472,0.0,0.0,0.031949400901794434,False,False,
s-009,after_one_actual_history_call,4,200,0,-33148.406278786,33425.317326354,42350.170343782,25175.235526188237,1327.4449563549133,33425.317326354,276.91104756799905,0.0,0.0,0.0,0.004132930189371109,False,True,
s-009,after_one_actual_history_call,4,200,1,-33148.406278786,33425.317326354,42350.170343782,25175.235526188237,1327.4449563549133,33425.317326354,276.91104756799905,0.0,0.0,0.0,0.003969691693782806,False,True,
s-009,after_one_actual_history_call,4,1000,0,-33148.406278786,33425.317326354,42350.170343782,25175.235526188237,1327.4449563549133,33425.317326354,276.91104756799905,0.0,0.0,0.0,1.0284097231924534,False,True,
s-009,after_one_actual_history_call,4,1000,1,-33148.406278786,33425.317326354,42350.170343782,25175.235526188237,1327.4449563549133,33425.317326354,276.91104756799905,0.0,0.0,0.0,1.0288650803267956,False,True,
s-009,after_one_actual_history_call,4,50,0,-33148.406278786,33425.317326354,42350.170343782,25175.235526188237,1327.4449563549133,33425.317326354,276.91104756799905,0.0,0.0,0.0,0.08023039624094963,False,True,
s-009,after_one_actual_history_call,4,50,1,-33148.406278786,33425.317326354,42350.170343782,25175.235526188237,1327.4449563549133,33425.317326354,276.91104756799905,0.0,0.0,0.0,0.07747993245720863,False,True,
s-009,after_one_actual_history_call,4,10,0,-33148.406278786,33425.317326354,42350.170343782,25175.235526188237,1327.4449563549133,33425.317326354,276.91104756799905,0.0,0.0,0.0,0.03757024556398392,False,True,
s-009,after_one_actual_history_call,4,10,1,-33148.406278786,33425.317326354,42350.170343782,25175.235526188237,1327.4449563549133,33425.317326354,276.91104756799905,0.0,0.0,0.0,0.03501593694090843,False,True,
s-009,after_one_actual_history_call,5,200,0,301.5911488429999,0.0,0.0,0.0,1327.4449563549133,0.0,301.5911488429999,0.0,0.0,0.0,0.006010148674249649,False,True,
s-009,after_one_actual_history_call,5,200,1,301.5911488429999,0.0,0.0,0.0,1327.4449563549133,0.0,301.5911488429999,0.0,0.0,0.0,0.00586274266242981,False,True,
s-009,after_one_actual_history_call,5,1000,0,301.5911488429999,0.0,0.0,0.0,1327.4449563549133,0.0,301.5911488429999,0.0,0.0,0.0,0.0062344856560230255,False,True,
s-009,after_one_actual_history_call,5,1000,1,301.5911488429999,0.0,0.0,0.0,1327.4449563549133,0.0,301.5911488429999,0.0,0.0,0.0,0.005685482174158096,False,True,
s-009,after_one_actual_history_call,5,50,0,301.5911488429999,0.0,0.0,0.0,1327.4449563549133,0.0,301.5911488429999,0.0,0.0,0.0,0.005672350525856018,False,True,
s-009,after_one_actual_history_call,5,50,1,301.5911488429999,0.0,0.0,0.0,1327.4449563549133,0.0,301.5911488429999,0.0,0.0,0.0,0.005669154226779938,False,True,
s-009,after_one_actual_history_call,5,10,0,301.5911488429999,0.0,0.0,0.0,1327.4449563549133,0.0,301.5911488429999,0.0,0.0,0.0,0.005744516849517822,False,True,
s-009,after_one_actual_history_call,5,10,1,301.5911488429999,0.0,0.0,0.0,1327.4449563549133,0.0,301.5911488429999,0.0,0.0,0.0,0.0057329460978507996,False,True,
s-009,after_one_actual_history_call,6,200,0,-6857.530585905999,7553.197142225,10765.172831657,5606.074659886966,1327.4449563549133,7836.789410481,979.2588245750012,0.037545990514483055,0.0,0.0,0.2249399647116661,False,False,
s-009,after_one_actual_history_call,6,200,1,-6857.530585905999,7553.197142225,10765.172831657,5606.074659886966,1327.4449563549133,7836.789410481,979.2588245750012,0.037545990514483055,0.0,0.0,0.22501415759325027,False,False,
s-009,after_one_actual_history_call,6,1000,0,-6857.530585905999,7553.197142225,10765.172831657,5606.074659886966,1327.4449563549133,7836.789410481,979.2588245750012,0.037545990514483055,0.0,0.0,1.02403574436903,False,False,
s-009,after_one_actual_history_call,6,1000,1,-6857.530585905999,7553.197142225,10765.172831657,5606.074659886966,1327.4449563549133,7836.789410481,979.2588245750012,0.037545990514483055,0.0,0.0,1.0240446329116821,False,False,
s-009,after_one_actual_history_call,6,50,0,-6857.530585905999,7553.197142225,10765.172831657,5606.074659886966,1327.4449563549133,7836.789410481,979.2588245750012,0.037545990514483055,0.0,0.0,0.07437566667795181,False,False,
s-009,after_one_actual_history_call,6,50,1,-6857.530585905999,7553.197142225,10765.172831657,5606.074659886966,1327.4449563549133,7836.789410481,979.2588245750012,0.037545990514483055,0.0,0.0,0.07379788532853127,False,False,
s-009,after_one_actual_history_call,6,10,0,-6857.530585905999,7553.197142225,10765.172831657,5606.074659886966,1327.4449563549133,7836.789410481,979.2588245750012,0.037545990514483055,0.0,0.0,0.03305887430906296,False,False,
s-009,after_one_actual_history_call,6,10,1,-6857.530585905999,7553.197142225,10765.172831657,5606.074659886966,1327.4449563549133,7836.789410481,979.2588245750012,0.037545990514483055,0.0,0.0,0.0326046459376812,False,False,
s-009,after_one_actual_history_call,7,200,0,-32861.102250252,33373.459990783,57407.034125095,27707.563295302236,1327.4449563549133,35039.468988196,2178.366737944001,0.049920176028290644,850.9217815890879,0.0008515623264646471,0.22996287792921066,False,False,0.22996287792921066
s-009,after_one_actual_history_call,7,200,1,-32861.102250252,33373.459990783,57407.034125095,27707.563295302236,1327.4449563549133,35039.468988196,2178.366737944001,0.049920176028290644,850.9217815890879,0.0008515623264646471,0.22795456647872925,False,False,0.22795456647872925
s-009,after_one_actual_history_call,7,1000,0,-32861.102250252,33373.459990783,57407.034125095,27707.563295302236,1327.4449563549133,35039.468988196,2178.366737944001,0.049920176028290644,850.9217815890879,0.0008515623264646471,1.0278517231345177,False,False,1.0278517231345177
s-009,after_one_actual_history_call,7,1000,1,-32861.102250252,33373.459990783,57407.034125095,27707.563295302236,1327.4449563549133,35039.468988196,2178.366737944001,0.049920176028290644,850.9217815890879,0.0008515623264646471,1.0265676341950893,False,False,1.0265676341950893
s-009,after_one_actual_history_call,7,50,0,-32861.102250252,33373.459990783,57407.034125095,27707.563295302236,1327.4449563549133,35039.468988196,2178.366737944001,0.049920176028290644,850.9217815890879,0.0008515623264646471,0.07908416911959648,False,False,0.07908416911959648
s-009,after_one_actual_history_call,7,50,1,-32861.102250252,33373.459990783,57407.034125095,27707.563295302236,1327.4449563549133,35039.468988196,2178.366737944001,0.049920176028290644,850.9217815890879,0.0008515623264646471,0.07848943769931793,False,False,0.07848943769931793
s-009,after_one_actual_history_call,7,10,0,-32861.102250252,33373.459990783,57407.034125095,27707.563295302236,1327.4449563549133,35039.468988196,2178.366737944001,0.049920176028290644,850.9217815890879,0.0008515623264646471,0.03698192536830902,False,False,0.03698192536830902
s-009,after_one_actual_history_call,7,10,1,-32861.102250252,33373.459990783,57407.034125095,27707.563295302236,1327.4449563549133,35039.468988196,2178.366737944001,0.049920176028290644,850.9217815890879,0.0008515623264646471,0.04003173112869263,False,False,0.04003173112869263
s-009,after_one_actual_history_call,8,200,0,530.3576796350003,0.0,0.0,0.0,1327.4449563549133,0.0,530.3576796350003,0.0,0.0,0.0,0.008143436163663864,False,True,
s-009,after_one_actual_history_call,8,200,1,530.3576796350003,0.0,0.0,0.0,1327.4449563549133,0.0,530.3576796350003,0.0,0.0,0.0,0.0076187364757061005,False,True,
s-009,after_one_actual_history_call,8,1000,0,530.3576796350003,0.0,0.0,0.0,1327.4449563549133,0.0,530.3576796350003,0.0,0.0,0.0,0.007115542888641357,False,True,
s-009,after_one_actual_history_call,8,1000,1,530.3576796350003,0.0,0.0,0.0,1327.4449563549133,0.0,530.3576796350003,0.0,0.0,0.0,0.006945058703422546,False,True,
s-009,after_one_actual_history_call,8,50,0,530.3576796350003,0.0,0.0,0.0,1327.4449563549133,0.0,530.3576796350003,0.0,0.0,0.0,0.006851408630609512,False,True,
s-009,after_one_actual_history_call,8,50,1,530.3576796350003,0.0,0.0,0.0,1327.4449563549133,0.0,530.3576796350003,0.0,0.0,0.0,0.006788615137338638,False,True,
s-009,after_one_actual_history_call,8,10,0,530.3576796350003,0.0,0.0,0.0,1327.4449563549133,0.0,530.3576796350003,0.0,0.0,0.0,0.006960432976484299,False,True,
s-009,after_one_actual_history_call,8,10,1,530.3576796350003,0.0,0.0,0.0,1327.4449563549133,0.0,530.3576796350003,0.0,0.0,0.0,0.006569173187017441,False,True,
s-009,after_one_actual_history_call,9,200,0,-7965.925048347999,8496.282727983,14238.651698247,7005.919827550714,1327.4449563549133,9068.338410689,1102.4133623410016,0.06733011377103805,0.0,0.0,0.22596634924411774,False,False,
s-009,after_one_actual_history_call,9,200,1,-7965.925048347999,8496.282727983,14238.651698247,7005.919827550714,1327.4449563549133,9068.338410689,1102.4133623410016,0.06733011377103805,0.0,0.0,0.22548986226320267,False,False,
s-009,after_one_actual_history_call,9,1000,0,-7965.925048347999,8496.282727983,14238.651698247,7005.919827550714,1327.4449563549133,9068.338410689,1102.4133623410016,0.06733011377103805,0.0,0.0,1.026366975158453,False,False,
s-009,after_one_actual_history_call,9,1000,1,-7965.925048347999,8496.282727983,14238.651698247,7005.919827550714,1327.4449563549133,9068.338410689,1102.4133623410016,0.06733011377103805,0.0,0.0,1.0256799273192883,False,False,
s-009,after_one_actual_history_call,9,50,0,-7965.925048347999,8496.282727983,14238.651698247,7005.919827550714,1327.4449563549133,9068.338410689,1102.4133623410016,0.06733011377103805,0.0,0.0,0.07517917081713676,False,False,
s-009,after_one_actual_history_call,9,50,1,-7965.925048347999,8496.282727983,14238.651698247,7005.919827550714,1327.4449563549133,9068.338410689,1102.4133623410016,0.06733011377103805,0.0,0.0,0.07481148093938828,False,False,
s-009,after_one_actual_history_call,9,10,0,-7965.925048347999,8496.282727983,14238.651698247,7005.919827550714,1327.4449563549133,9068.338410689,1102.4133623410016,0.06733011377103805,0.0,0.0,0.036860741674900055,False,False,
s-009,after_one_actual_history_call,9,10,1,-7965.925048347999,8496.282727983,14238.651698247,7005.919827550714,1327.4449563549133,9068.338410689,1102.4133623410016,0.06733011377103805,0.0,0.0,0.03482050448656082,False,False,
s-009,after_one_actual_history_call,10,200,0,-31874.299867873997,33201.744824229,50472.378226908,25972.033460949613,1327.4449563549133,34994.255545824,3119.9556779500053,0.05398844943495014,1792.510721595092,0.0017938600624886327,0.22585123032331467,False,False,0.22585123032331467
s-009,after_one_actual_history_call,10,200,1,-31874.299867873997,33201.744824229,50472.378226908,25972.033460949613,1327.4449563549133,34994.255545824,3119.9556779500053,0.05398844943495014,1792.510721595092,0.0017938600624886327,0.2282637394964695,False,False,0.2282637394964695
s-009,after_one_actual_history_call,10,1000,0,-31874.299867873997,33201.744824229,50472.378226908,25972.033460949613,1327.4449563549133,34994.255545824,3119.9556779500053,0.05398844943495014,1792.510721595092,0.0017938600624886327,1.029319316148758,False,False,1.029319316148758
s-009,after_one_actual_history_call,10,1000,1,-31874.299867873997,33201.744824229,50472.378226908,25972.033460949613,1327.4449563549133,34994.255545824,3119.9556779500053,0.05398844943495014,1792.510721595092,0.0017938600624886327,1.0276717208325863,False,False,1.0276717208325863
s-009,after_one_actual_history_call,10,50,0,-31874.299867873997,33201.744824229,50472.378226908,25972.033460949613,1327.4449563549133,34994.255545824,3119.9556779500053,0.05398844943495014,1792.510721595092,0.0017938600624886327,0.0770290158689022,False,False,0.0770290158689022
s-009,after_one_actual_history_call,10,50,1,-31874.299867873997,33201.744824229,50472.378226908,25972.033460949613,1327.4449563549133,34994.255545824,3119.9556779500053,0.05398844943495014,1792.510721595092,0.0017938600624886327,0.07947715744376183,False,False,0.07947715744376183
s-009,after_one_actual_history_call,10,10,0,-31874.299867873997,33201.744824229,50472.378226908,25972.033460949613,1327.4449563549133,34994.255545824,3119.9556779500053,0.05398844943495014,1792.510721595092,0.0017938600624886327,0.03911229968070984,False,False,0.03911229968070984
s-009,after_one_actual_history_call,10,10,1,-31874.299867873997,33201.744824229,50472.378226908,25972.033460949613,1327.4449563549133,34994.255545824,3119.9556779500053,0.05398844943495014,1792.510721595092,0.0017938600624886327,0.035527199506759644,False,False,0.035527199506759644
s-010,after_common_greedy_prefix,0,200,0,-8265.027159083,8878.742384834,15877.802388082,6115.6616902588585,1289.5712281289743,9391.104128178,1126.076969095,0.057706567116890026,0.0,0.0,0.2267027497291565,False,False,
s-010,after_common_greedy_prefix,0,200,1,-8265.027159083,8878.742384834,15877.802388082,6115.6616902588585,1289.5712281289743,9391.104128178,1126.076969095,0.057706567116890026,0.0,0.0,0.22725996002554893,False,False,
s-010,after_common_greedy_prefix,0,1000,0,-8265.027159083,8878.742384834,15877.802388082,6115.6616902588585,1289.5712281289743,9391.104128178,1126.076969095,0.057706567116890026,0.0,0.0,1.0262882076203823,False,False,
s-010,after_common_greedy_prefix,0,1000,1,-8265.027159083,8878.742384834,15877.802388082,6115.6616902588585,1289.5712281289743,9391.104128178,1126.076969095,0.057706567116890026,0.0,0.0,1.025320090353489,False,False,
s-010,after_common_greedy_prefix,0,50,0,-8265.027159083,8878.742384834,15877.802388082,6115.6616902588585,1289.5712281289743,9391.104128178,1126.076969095,0.057706567116890026,0.0,0.0,0.07709436491131783,False,False,
s-010,after_common_greedy_prefix,0,50,1,-8265.027159083,8878.742384834,15877.802388082,6115.6616902588585,1289.5712281289743,9391.104128178,1126.076969095,0.057706567116890026,0.0,0.0,0.07663285359740257,False,False,
s-010,after_common_greedy_prefix,0,10,0,-8265.027159083,8878.742384834,15877.802388082,6115.6616902588585,1289.5712281289743,9391.104128178,1126.076969095,0.057706567116890026,0.0,0.0,0.035603880882263184,False,False,
s-010,after_common_greedy_prefix,0,10,1,-8265.027159083,8878.742384834,15877.802388082,6115.6616902588585,1289.5712281289743,9391.104128178,1126.076969095,0.057706567116890026,0.0,0.0,0.033742018043994904,False,False,
s-010,after_common_greedy_prefix,1,200,0,-33905.814854625,34048.495972979,51949.304148147,27090.17714253163,1289.5712281289743,34468.125928089,562.3110734639995,0.012324478456934533,0.0,0.0,0.22648685052990913,False,False,
s-010,after_common_greedy_prefix,1,200,1,-33905.814854625,34048.495972979,51949.304148147,27090.17714253163,1289.5712281289743,34468.125928089,562.3110734639995,0.012324478456934533,0.0,0.0,0.22872113063931465,False,False,
s-010,after_common_greedy_prefix,1,1000,0,-33905.814854625,34048.495972979,51949.304148147,27090.17714253163,1289.5712281289743,34468.125928089,562.3110734639995,0.012324478456934533,0.0,0.0,1.0279402919113636,False,False,
s-010,after_common_greedy_prefix,1,1000,1,-33905.814854625,34048.495972979,51949.304148147,27090.17714253163,1289.5712281289743,34468.125928089,562.3110734639995,0.012324478456934533,0.0,0.0,1.0286457501351833,False,False,
s-010,after_common_greedy_prefix,1,50,0,-33905.814854625,34048.495972979,51949.304148147,27090.17714253163,1289.5712281289743,34468.125928089,562.3110734639995,0.012324478456934533,0.0,0.0,0.07837709784507751,False,False,
s-010,after_common_greedy_prefix,1,50,1,-33905.814854625,34048.495972979,51949.304148147,27090.17714253163,1289.5712281289743,34468.125928089,562.3110734639995,0.012324478456934533,0.0,0.0,0.07746898382902145,False,False,
s-010,after_common_greedy_prefix,1,10,0,-33905.814854625,34048.495972979,51949.304148147,27090.17714253163,1289.5712281289743,34468.125928089,562.3110734639995,0.012324478456934533,0.0,0.0,0.03615518659353256,False,False,
s-010,after_common_greedy_prefix,1,10,1,-33905.814854625,34048.495972979,51949.304148147,27090.17714253163,1289.5712281289743,34468.125928089,562.3110734639995,0.012324478456934533,0.0,0.0,0.03475214168429375,False,False,
s-010,after_common_greedy_prefix,2,200,0,161.36684630900004,0.0,0.0,0.0,1289.5712281289743,0.0,161.36684630900004,0.0,0.0,0.0,0.005841586738824844,False,True,
s-010,after_common_greedy_prefix,2,200,1,161.36684630900004,0.0,0.0,0.0,1289.5712281289743,0.0,161.36684630900004,0.0,0.0,0.0,0.005660984665155411,False,True,
s-010,after_common_greedy_prefix,2,1000,0,161.36684630900004,0.0,0.0,0.0,1289.5712281289743,0.0,161.36684630900004,0.0,0.0,0.0,0.005610182881355286,False,True,
s-010,after_common_greedy_prefix,2,1000,1,161.36684630900004,0.0,0.0,0.0,1289.5712281289743,0.0,161.36684630900004,0.0,0.0,0.0,0.005585741251707077,False,True,
s-010,after_common_greedy_prefix,2,50,0,161.36684630900004,0.0,0.0,0.0,1289.5712281289743,0.0,161.36684630900004,0.0,0.0,0.0,0.005641371011734009,False,True,
s-010,after_common_greedy_prefix,2,50,1,161.36684630900004,0.0,0.0,0.0,1289.5712281289743,0.0,161.36684630900004,0.0,0.0,0.0,0.005601674318313599,False,True,
s-010,after_common_greedy_prefix,2,10,0,161.36684630900004,0.0,0.0,0.0,1289.5712281289743,0.0,161.36684630900004,0.0,0.0,0.0,0.0056840404868125916,False,True,
s-010,after_common_greedy_prefix,2,10,1,161.36684630900004,0.0,0.0,0.0,1289.5712281289743,0.0,161.36684630900004,0.0,0.0,0.0,0.005969919264316559,False,True,
s-010,after_common_greedy_prefix,3,200,0,-7576.398917331999,8356.764371734,10572.12169769,5865.9181870009525,1289.5712281289743,8443.893538126,867.4946207940011,0.0104261844077723,0.0,0.0,0.22555899247527122,False,False,
s-010,after_common_greedy_prefix,3,200,1,-7576.398917331999,8356.764371734,10572.12169769,5865.9181870009525,1289.5712281289743,8443.893538126,867.4946207940011,0.0104261844077723,0.0,0.0,0.2242857813835144,False,False,
s-010,after_common_greedy_prefix,3,1000,0,-7576.398917331999,8356.764371734,10572.12169769,5865.9181870009525,1289.5712281289743,8443.893538126,867.4946207940011,0.0104261844077723,0.0,0.0,1.0237260907888412,False,False,
s-010,after_common_greedy_prefix,3,1000,1,-7576.398917331999,8356.764371734,10572.12169769,5865.9181870009525,1289.5712281289743,8443.893538126,867.4946207940011,0.0104261844077723,0.0,0.0,1.024697009474039,False,False,
s-010,after_common_greedy_prefix,3,50,0,-7576.398917331999,8356.764371734,10572.12169769,5865.9181870009525,1289.5712281289743,8443.893538126,867.4946207940011,0.0104261844077723,0.0,0.0,0.07408581301569939,False,False,
s-010,after_common_greedy_prefix,3,50,1,-7576.398917331999,8356.764371734,10572.12169769,5865.9181870009525,1289.5712281289743,8443.893538126,867.4946207940011,0.0104261844077723,0.0,0.0,0.07354394346475601,False,False,
s-010,after_common_greedy_prefix,3,10,0,-7576.398917331999,8356.764371734,10572.12169769,5865.9181870009525,1289.5712281289743,8443.893538126,867.4946207940011,0.0104261844077723,0.0,0.0,0.03310832753777504,False,False,
s-010,after_common_greedy_prefix,3,10,1,-7576.398917331999,8356.764371734,10572.12169769,5865.9181870009525,1289.5712281289743,8443.893538126,867.4946207940011,0.0104261844077723,0.0,0.0,0.031790412962436676,False,False,
s-010,after_common_greedy_prefix,4,200,0,-32758.910957674998,32920.277803984,41696.917474481,24274.992476830877,1289.5712281289743,33364.453180234,605.542222559001,0.013492455285302823,0.0,0.0,0.2282284013926983,False,False,
s-010,after_common_greedy_prefix,4,200,1,-32758.910957674998,32920.277803984,41696.917474481,24274.992476830877,1289.5712281289743,33364.453180234,605.542222559001,0.013492455285302823,0.0,0.0,0.22822491452097893,False,False,
s-010,after_common_greedy_prefix,4,1000,0,-32758.910957674998,32920.277803984,41696.917474481,24274.992476830877,1289.5712281289743,33364.453180234,605.542222559001,0.013492455285302823,0.0,0.0,1.028213158249855,False,False,
s-010,after_common_greedy_prefix,4,1000,1,-32758.910957674998,32920.277803984,41696.917474481,24274.992476830877,1289.5712281289743,33364.453180234,605.542222559001,0.013492455285302823,0.0,0.0,1.0273089706897736,False,False,
s-010,after_common_greedy_prefix,4,50,0,-32758.910957674998,32920.277803984,41696.917474481,24274.992476830877,1289.5712281289743,33364.453180234,605.542222559001,0.013492455285302823,0.0,0.0,0.07671844214200974,False,False,
s-010,after_common_greedy_prefix,4,50,1,-32758.910957674998,32920.277803984,41696.917474481,24274.992476830877,1289.5712281289743,33364.453180234,605.542222559001,0.013492455285302823,0.0,0.0,0.07709398493170738,False,False,
s-010,after_common_greedy_prefix,4,10,0,-32758.910957674998,32920.277803984,41696.917474481,24274.992476830877,1289.5712281289743,33364.453180234,605.542222559001,0.013492455285302823,0.0,0.0,0.03707899525761604,False,False,
s-010,after_common_greedy_prefix,4,10,1,-32758.910957674998,32920.277803984,41696.917474481,24274.992476830877,1289.5712281289743,33364.453180234,605.542222559001,0.013492455285302823,0.0,0.0,0.03623132407665253,False,False,
s-010,after_common_greedy_prefix,5,200,0,301.5911488429999,0.0,0.0,0.0,1289.5712281289743,0.0,301.5911488429999,0.0,0.0,0.0,0.005898632109165192,False,True,
s-010,after_common_greedy_prefix,5,200,1,301.5911488429999,0.0,0.0,0.0,1289.5712281289743,0.0,301.5911488429999,0.0,0.0,0.0,0.005836937576532364,False,True,
s-010,after_common_greedy_prefix,5,1000,0,301.5911488429999,0.0,0.0,0.0,1289.5712281289743,0.0,301.5911488429999,0.0,0.0,0.0,0.005759891122579575,False,True,
s-010,after_common_greedy_prefix,5,1000,1,301.5911488429999,0.0,0.0,0.0,1289.5712281289743,0.0,301.5911488429999,0.0,0.0,0.0,0.00586695596575737,False,True,
s-010,after_common_greedy_prefix,5,50,0,301.5911488429999,0.0,0.0,0.0,1289.5712281289743,0.0,301.5911488429999,0.0,0.0,0.0,0.00624576210975647,False,True,
s-010,after_common_greedy_prefix,5,50,1,301.5911488429999,0.0,0.0,0.0,1289.5712281289743,0.0,301.5911488429999,0.0,0.0,0.0,0.005835574120283127,False,True,
s-010,after_common_greedy_prefix,5,10,0,301.5911488429999,0.0,0.0,0.0,1289.5712281289743,0.0,301.5911488429999,0.0,0.0,0.0,0.005789022892713547,False,True,
s-010,after_common_greedy_prefix,5,10,1,301.5911488429999,0.0,0.0,0.0,1289.5712281289743,0.0,301.5911488429999,0.0,0.0,0.0,0.005755186080932617,False,True,
s-010,after_common_greedy_prefix,6,200,0,-7239.517543877,8092.752677734999,11161.465441179,6083.5081633980835,1289.5712281289743,8376.344945991,1136.8274021140005,0.03504274497801323,0.0,0.0,0.2248111106455326,False,False,
s-010,after_common_greedy_prefix,6,200,1,-7239.517543877,8092.752677734999,11161.465441179,6083.5081633980835,1289.5712281289743,8376.344945991,1136.8274021140005,0.03504274497801323,0.0,0.0,0.2255762331187725,False,False,
s-010,after_common_greedy_prefix,6,1000,0,-7239.517543877,8092.752677734999,11161.465441179,6083.5081633980835,1289.5712281289743,8376.344945991,1136.8274021140005,0.03504274497801323,0.0,0.0,1.025055043399334,False,False,
s-010,after_common_greedy_prefix,6,1000,1,-7239.517543877,8092.752677734999,11161.465441179,6083.5081633980835,1289.5712281289743,8376.344945991,1136.8274021140005,0.03504274497801323,0.0,0.0,1.0243541039526463,False,False,
s-010,after_common_greedy_prefix,6,50,0,-7239.517543877,8092.752677734999,11161.465441179,6083.5081633980835,1289.5712281289743,8376.344945991,1136.8274021140005,0.03504274497801323,0.0,0.0,0.07425209507346153,False,False,
s-010,after_common_greedy_prefix,6,50,1,-7239.517543877,8092.752677734999,11161.465441179,6083.5081633980835,1289.5712281289743,8376.344945991,1136.8274021140005,0.03504274497801323,0.0,0.0,0.07343003526329994,False,False,
s-010,after_common_greedy_prefix,6,10,0,-7239.517543877,8092.752677734999,11161.465441179,6083.5081633980835,1289.5712281289743,8376.344945991,1136.8274021140005,0.03504274497801323,0.0,0.0,0.035363007336854935,False,False,
s-010,after_common_greedy_prefix,6,10,1,-7239.517543877,8092.752677734999,11161.465441179,6083.5081633980835,1289.5712281289743,8376.344945991,1136.8274021140005,0.03504274497801323,0.0,0.0,0.035197995603084564,False,False,
s-010,after_common_greedy_prefix,7,200,0,-32372.313203618,32673.904352461,58834.580078743,26409.63807766265,1289.5712281289743,34245.23450865,1872.9213050319995,0.04809128836390952,583.3500769030252,0.0005837892029314123,0.22786010056734085,False,False,0.22786010056734085
s-010,after_common_greedy_prefix,7,200,1,-32372.313203618,32673.904352461,58834.580078743,26409.63807766265,1289.5712281289743,34245.23450865,1872.9213050319995,0.04809128836390952,583.3500769030252,0.0005837892029314123,0.22697307541966438,False,False,0.22697307541966438
s-010,after_common_greedy_prefix,7,1000,0,-32372.313203618,32673.904352461,58834.580078743,26409.63807766265,1289.5712281289743,34331.434567474,1959.1213638560039,0.05072948115207907,669.5501357270296,0.0006700541502177257,1.0268655382096767,False,False,1.0268655382096767
s-010,after_common_greedy_prefix,7,1000,1,-32372.313203618,32673.904352461,58834.580078743,26409.63807766265,1289.5712281289743,34331.434567474,1959.1213638560039,0.05072948115207907,669.5501357270296,0.0006700541502177257,1.026746865361929,False,False,1.026746865361929
s-010,after_common_greedy_prefix,7,50,0,-32372.313203618,32673.904352461,58834.580078743,26409.63807766265,1289.5712281289743,34245.23450865,1872.9213050319995,0.04809128836390952,583.3500769030252,0.0005837892029314123,0.07723310217261314,False,False,0.07723310217261314
s-010,after_common_greedy_prefix,7,50,1,-32372.313203618,32673.904352461,58834.580078743,26409.63807766265,1289.5712281289743,34245.23450865,1872.9213050319995,0.04809128836390952,583.3500769030252,0.0005837892029314123,0.07719507813453674,False,False,0.07719507813453674
s-010,after_common_greedy_prefix,7,10,0,-32372.313203618,32673.904352461,58834.580078743,26409.63807766265,1289.5712281289743,34245.23450865,1872.9213050319995,0.04809128836390952,583.3500769030252,0.0005837892029314123,0.037154149264097214,False,False,0.037154149264097214
s-010,after_common_greedy_prefix,7,10,1,-32372.313203618,32673.904352461,58834.580078743,26409.63807766265,1289.5712281289743,34245.23450865,1872.9213050319995,0.04809128836390952,583.3500769030252,0.0005837892029314123,0.036961138248443604,False,False,0.036961138248443604
s-010,after_common_greedy_prefix,8,200,0,530.3576796350003,0.0,0.0,0.0,1289.5712281289743,0.0,530.3576796350003,0.0,0.0,0.0,0.0059971436858177185,False,True,
s-010,after_common_greedy_prefix,8,200,1,530.3576796350003,0.0,0.0,0.0,1289.5712281289743,0.0,530.3576796350003,0.0,0.0,0.0,0.00577540323138237,False,True,
s-010,after_common_greedy_prefix,8,1000,0,530.3576796350003,0.0,0.0,0.0,1289.5712281289743,0.0,530.3576796350003,0.0,0.0,0.0,0.005702335387468338,False,True,
s-010,after_common_greedy_prefix,8,1000,1,530.3576796350003,0.0,0.0,0.0,1289.5712281289743,0.0,530.3576796350003,0.0,0.0,0.0,0.005695223808288574,False,True,
s-010,after_common_greedy_prefix,8,50,0,530.3576796350003,0.0,0.0,0.0,1289.5712281289743,0.0,530.3576796350003,0.0,0.0,0.0,0.005721371620893478,False,True,
s-010,after_common_greedy_prefix,8,50,1,530.3576796350003,0.0,0.0,0.0,1289.5712281289743,0.0,530.3576796350003,0.0,0.0,0.0,0.005703311413526535,False,True,
s-010,after_common_greedy_prefix,8,10,0,530.3576796350003,0.0,0.0,0.0,1289.5712281289743,0.0,530.3576796350003,0.0,0.0,0.0,0.005699630826711655,False,True,
s-010,after_common_greedy_prefix,8,10,1,530.3576796350003,0.0,0.0,0.0,1289.5712281289743,0.0,530.3576796350003,0.0,0.0,0.0,0.005657479166984558,False,True,
s-010,after_common_greedy_prefix,9,200,0,-7638.295963077,8469.768400663,13858.672722615,6809.328638306964,1289.5712281289743,9007.174588202999,1368.878625125999,0.06344992709575518,79.30739699702463,7.936709689875416e-05,0.22543779388070107,False,False,0.22543779388070107
s-010,after_common_greedy_prefix,9,200,1,-7638.295963077,8469.768400663,13858.672722615,6809.328638306964,1289.5712281289743,9007.174588202999,1368.878625125999,0.06344992709575518,79.30739699702463,7.936709689875416e-05,0.2263888120651245,False,False,0.2263888120651245
s-010,after_common_greedy_prefix,9,1000,0,-7638.295963077,8469.768400663,13858.672722615,6809.328638306964,1289.5712281289743,9007.174588202999,1368.878625125999,0.06344992709575518,79.30739699702463,7.936709689875416e-05,1.027162916958332,False,False,1.027162916958332
s-010,after_common_greedy_prefix,9,1000,1,-7638.295963077,8469.768400663,13858.672722615,6809.328638306964,1289.5712281289743,9007.174588202999,1368.878625125999,0.06344992709575518,79.30739699702463,7.936709689875416e-05,1.0263438932597637,False,False,1.0263438932597637
s-010,after_common_greedy_prefix,9,50,0,-7638.295963077,8469.768400663,13858.672722615,6809.328638306964,1289.5712281289743,9007.174588202999,1368.878625125999,0.06344992709575518,79.30739699702463,7.936709689875416e-05,0.07418191805481911,False,False,0.07418191805481911
s-010,after_common_greedy_prefix,9,50,1,-7638.295963077,8469.768400663,13858.672722615,6809.328638306964,1289.5712281289743,9007.174588202999,1368.878625125999,0.06344992709575518,79.30739699702463,7.936709689875416e-05,0.07416830956935883,False,False,0.07416830956935883
s-010,after_common_greedy_prefix,9,10,0,-7638.295963077,8469.768400663,13858.672722615,6809.328638306964,1289.5712281289743,9007.174588202999,1368.878625125999,0.06344992709575518,79.30739699702463,7.936709689875416e-05,0.03491191565990448,False,False,0.03491191565990448
s-010,after_common_greedy_prefix,9,10,1,-7638.295963077,8469.768400663,13858.672722615,6809.328638306964,1289.5712281289743,9007.174588202999,1368.878625125999,0.06344992709575518,79.30739699702463,7.936709689875416e-05,0.03351519629359245,False,False,0.03351519629359245
s-010,after_common_greedy_prefix,10,200,0,-32104.430369996,33394.001598124996,50754.640840446,25814.769127300267,1289.5712281289743,35021.527843672004,2917.0974736760036,0.048737083537733004,1627.5262455470292,0.0016287513917578554,0.22753586992621422,False,False,0.22753586992621422
s-010,after_common_greedy_prefix,10,200,1,-32104.430369996,33394.001598124996,50754.640840446,25814.769127300267,1289.5712281289743,35021.527843672004,2917.0974736760036,0.048737083537733004,1627.5262455470292,0.0016287513917578554,0.22933386266231537,False,False,0.22933386266231537
s-010,after_common_greedy_prefix,10,1000,0,-32104.430369996,33394.001598124996,50754.640840446,25814.769127300267,1289.5712281289743,35021.527843672004,2917.0974736760036,0.048737083537733004,1627.5262455470292,0.0016287513917578554,1.026575494557619,False,False,1.026575494557619
s-010,after_common_greedy_prefix,10,1000,1,-32104.430369996,33394.001598124996,50754.640840446,25814.769127300267,1289.5712281289743,35021.527843672004,2917.0974736760036,0.048737083537733004,1627.5262455470292,0.0016287513917578554,1.0272332020103931,False,False,1.0272332020103931
s-010,after_common_greedy_prefix,10,50,0,-32104.430369996,33394.001598124996,50754.640840446,25814.769127300267,1289.5712281289743,35021.527843672004,2917.0974736760036,0.048737083537733004,1627.5262455470292,0.0016287513917578554,0.07728488743305206,False,False,0.07728488743305206
s-010,after_common_greedy_prefix,10,50,1,-32104.430369996,33394.001598124996,50754.640840446,25814.769127300267,1289.5712281289743,35021.527843672004,2917.0974736760036,0.048737083537733004,1627.5262455470292,0.0016287513917578554,0.07762744650244713,False,False,0.07762744650244713
s-010,after_common_greedy_prefix,10,10,0,-32104.430369996,33394.001598124996,50754.640840446,25814.769127300267,1289.5712281289743,35021.527843672004,2917.0974736760036,0.048737083537733004,1627.5262455470292,0.0016287513917578554,0.03741150349378586,False,False,0.03741150349378586
s-010,after_common_greedy_prefix,10,10,1,-32104.430369996,33394.001598124996,50754.640840446,25814.769127300267,1289.5712281289743,35021.527843672004,2917.0974736760036,0.048737083537733004,1627.5262455470292,0.0016287513917578554,0.036891791969537735,False,False,0.036891791969537735
s-011,after_one_actual_history_call,0,200,0,-8265.027159083,8878.742384834,15877.802388082,6115.6616902588585,1289.5712281289743,9391.104128178,1126.076969095,0.057706567116890026,0.0,0.0,0.22770420834422112,False,False,
s-011,after_one_actual_history_call,0,200,1,-8265.027159083,8878.742384834,15877.802388082,6115.6616902588585,1289.5712281289743,9391.104128178,1126.076969095,0.057706567116890026,0.0,0.0,0.22789450734853745,False,False,
s-011,after_one_actual_history_call,0,1000,0,-8265.027159083,8878.742384834,15877.802388082,6115.6616902588585,1289.5712281289743,9391.104128178,1126.076969095,0.057706567116890026,0.0,0.0,1.0259292460978031,False,False,
s-011,after_one_actual_history_call,0,1000,1,-8265.027159083,8878.742384834,15877.802388082,6115.6616902588585,1289.5712281289743,9391.104128178,1126.076969095,0.057706567116890026,0.0,0.0,1.024737186729908,False,False,
s-011,after_one_actual_history_call,0,50,0,-8265.027159083,8878.742384834,15877.802388082,6115.6616902588585,1289.5712281289743,9391.104128178,1126.076969095,0.057706567116890026,0.0,0.0,0.07656010240316391,False,False,
s-011,after_one_actual_history_call,0,50,1,-8265.027159083,8878.742384834,15877.802388082,6115.6616902588585,1289.5712281289743,9391.104128178,1126.076969095,0.057706567116890026,0.0,0.0,0.07620283961296082,False,False,
s-011,after_one_actual_history_call,0,10,0,-8265.027159083,8878.742384834,15877.802388082,6115.6616902588585,1289.5712281289743,9391.104128178,1126.076969095,0.057706567116890026,0.0,0.0,0.03465962037444115,False,False,
s-011,after_one_actual_history_call,0,10,1,-8265.027159083,8878.742384834,15877.802388082,6115.6616902588585,1289.5712281289743,9391.104128178,1126.076969095,0.057706567116890026,0.0,0.0,0.03416033461689949,False,False,
s-011,after_one_actual_history_call,1,200,0,-33905.814854625,34048.495972979,51949.304148147,27090.17714253163,1289.5712281289743,34468.125928089,562.3110734639995,0.012324478456934533,0.0,0.0,0.22677041590213776,False,False,
s-011,after_one_actual_history_call,1,200,1,-33905.814854625,34048.495972979,51949.304148147,27090.17714253163,1289.5712281289743,34468.125928089,562.3110734639995,0.012324478456934533,0.0,0.0,0.23000739142298698,False,False,
s-011,after_one_actual_history_call,1,1000,0,-33905.814854625,34048.495972979,51949.304148147,27090.17714253163,1289.5712281289743,34468.125928089,562.3110734639995,0.012324478456934533,0.0,0.0,1.0286879166960716,False,False,
s-011,after_one_actual_history_call,1,1000,1,-33905.814854625,34048.495972979,51949.304148147,27090.17714253163,1289.5712281289743,34468.125928089,562.3110734639995,0.012324478456934533,0.0,0.0,1.0269329026341438,False,False,
s-011,after_one_actual_history_call,1,50,0,-33905.814854625,34048.495972979,51949.304148147,27090.17714253163,1289.5712281289743,34468.125928089,562.3110734639995,0.012324478456934533,0.0,0.0,0.07793072611093521,False,False,
s-011,after_one_actual_history_call,1,50,1,-33905.814854625,34048.495972979,51949.304148147,27090.17714253163,1289.5712281289743,34468.125928089,562.3110734639995,0.012324478456934533,0.0,0.0,0.07753628864884377,False,False,
s-011,after_one_actual_history_call,1,10,0,-33905.814854625,34048.495972979,51949.304148147,27090.17714253163,1289.5712281289743,34468.125928089,562.3110734639995,0.012324478456934533,0.0,0.0,0.03674338012933731,False,False,
s-011,after_one_actual_history_call,1,10,1,-33905.814854625,34048.495972979,51949.304148147,27090.17714253163,1289.5712281289743,34468.125928089,562.3110734639995,0.012324478456934533,0.0,0.0,0.03546064719557762,False,False,
s-011,after_one_actual_history_call,2,200,0,161.36684630900004,0.0,0.0,0.0,1289.5712281289743,0.0,161.36684630900004,0.0,0.0,0.0,0.0061956532299518585,False,True,
s-011,after_one_actual_history_call,2,200,1,161.36684630900004,0.0,0.0,0.0,1289.5712281289743,0.0,161.36684630900004,0.0,0.0,0.0,0.006083030253648758,False,True,
s-011,after_one_actual_history_call,2,1000,0,161.36684630900004,0.0,0.0,0.0,1289.5712281289743,0.0,161.36684630900004,0.0,0.0,0.0,0.005817960947751999,False,True,
s-011,after_one_actual_history_call,2,1000,1,161.36684630900004,0.0,0.0,0.0,1289.5712281289743,0.0,161.36684630900004,0.0,0.0,0.0,0.005702506750822067,False,True,
s-011,after_one_actual_history_call,2,50,0,161.36684630900004,0.0,0.0,0.0,1289.5712281289743,0.0,161.36684630900004,0.0,0.0,0.0,0.00560731440782547,False,True,
s-011,after_one_actual_history_call,2,50,1,161.36684630900004,0.0,0.0,0.0,1289.5712281289743,0.0,161.36684630900004,0.0,0.0,0.0,0.005592469125986099,False,True,
s-011,after_one_actual_history_call,2,10,0,161.36684630900004,0.0,0.0,0.0,1289.5712281289743,0.0,161.36684630900004,0.0,0.0,0.0,0.005581062287092209,False,True,
s-011,after_one_actual_history_call,2,10,1,161.36684630900004,0.0,0.0,0.0,1289.5712281289743,0.0,161.36684630900004,0.0,0.0,0.0,0.005575019866228104,False,True,
s-011,after_one_actual_history_call,3,200,0,-7576.398917331999,8356.764371734,10572.12169769,5865.9181870009525,1289.5712281289743,8443.893538126,867.4946207940011,0.0104261844077723,0.0,0.0,0.2247643731534481,False,False,
s-011,after_one_actual_history_call,3,200,1,-7576.398917331999,8356.764371734,10572.12169769,5865.9181870009525,1289.5712281289743,8443.893538126,867.4946207940011,0.0104261844077723,0.0,0.0,0.2240988351404667,False,False,
s-011,after_one_actual_history_call,3,1000,0,-7576.398917331999,8356.764371734,10572.12169769,5865.9181870009525,1289.5712281289743,8443.893538126,867.4946207940011,0.0104261844077723,0.0,0.0,1.0256447419524193,False,False,
s-011,after_one_actual_history_call,3,1000,1,-7576.398917331999,8356.764371734,10572.12169769,5865.9181870009525,1289.5712281289743,8443.893538126,867.4946207940011,0.0104261844077723,0.0,0.0,1.0273885689675808,False,False,
s-011,after_one_actual_history_call,3,50,0,-7576.398917331999,8356.764371734,10572.12169769,5865.9181870009525,1289.5712281289743,8443.893538126,867.4946207940011,0.0104261844077723,0.0,0.0,0.07427762821316719,False,False,
s-011,after_one_actual_history_call,3,50,1,-7576.398917331999,8356.764371734,10572.12169769,5865.9181870009525,1289.5712281289743,8443.893538126,867.4946207940011,0.0104261844077723,0.0,0.0,0.07356665655970573,False,False,
s-011,after_one_actual_history_call,3,10,0,-7576.398917331999,8356.764371734,10572.12169769,5865.9181870009525,1289.5712281289743,8443.893538126,867.4946207940011,0.0104261844077723,0.0,0.0,0.03445200249552727,False,False,
s-011,after_one_actual_history_call,3,10,1,-7576.398917331999,8356.764371734,10572.12169769,5865.9181870009525,1289.5712281289743,8443.893538126,867.4946207940011,0.0104261844077723,0.0,0.0,0.034166350960731506,False,False,
s-011,after_one_actual_history_call,4,200,0,-32758.910957674998,32920.277803984,41696.917474481,24274.992476830877,1289.5712281289743,33364.453180234,605.542222559001,0.013492455285302823,0.0,0.0,0.2290657013654709,False,False,
s-011,after_one_actual_history_call,4,200,1,-32758.910957674998,32920.277803984,41696.917474481,24274.992476830877,1289.5712281289743,33364.453180234,605.542222559001,0.013492455285302823,0.0,0.0,0.2290838100016117,False,False,
s-011,after_one_actual_history_call,4,1000,0,-32758.910957674998,32920.277803984,41696.917474481,24274.992476830877,1289.5712281289743,33364.453180234,605.542222559001,0.013492455285302823,0.0,0.0,1.0315677411854267,False,False,
s-011,after_one_actual_history_call,4,1000,1,-32758.910957674998,32920.277803984,41696.917474481,24274.992476830877,1289.5712281289743,33364.453180234,605.542222559001,0.013492455285302823,0.0,0.0,1.032392956316471,False,False,
s-011,after_one_actual_history_call,4,50,0,-32758.910957674998,32920.277803984,41696.917474481,24274.992476830877,1289.5712281289743,33364.453180234,605.542222559001,0.013492455285302823,0.0,0.0,0.07953642308712006,False,False,
s-011,after_one_actual_history_call,4,50,1,-32758.910957674998,32920.277803984,41696.917474481,24274.992476830877,1289.5712281289743,33364.453180234,605.542222559001,0.013492455285302823,0.0,0.0,0.0792248323559761,False,False,
s-011,after_one_actual_history_call,4,10,0,-32758.910957674998,32920.277803984,41696.917474481,24274.992476830877,1289.5712281289743,33364.453180234,605.542222559001,0.013492455285302823,0.0,0.0,0.036671232432127,False,False,
s-011,after_one_actual_history_call,4,10,1,-32758.910957674998,32920.277803984,41696.917474481,24274.992476830877,1289.5712281289743,33364.453180234,605.542222559001,0.013492455285302823,0.0,0.0,0.040680915117263794,False,False,
s-011,after_one_actual_history_call,5,200,0,301.5911488429999,0.0,0.0,0.0,1289.5712281289743,0.0,301.5911488429999,0.0,0.0,0.0,0.004306342452764511,False,True,
s-011,after_one_actual_history_call,5,200,1,301.5911488429999,0.0,0.0,0.0,1289.5712281289743,0.0,301.5911488429999,0.0,0.0,0.0,0.004067949950695038,False,True,
s-011,after_one_actual_history_call,5,1000,0,301.5911488429999,0.0,0.0,0.0,1289.5712281289743,0.0,301.5911488429999,0.0,0.0,0.0,0.005998548120260239,False,True,
s-011,after_one_actual_history_call,5,1000,1,301.5911488429999,0.0,0.0,0.0,1289.5712281289743,0.0,301.5911488429999,0.0,0.0,0.0,0.005584530532360077,False,True,
s-011,after_one_actual_history_call,5,50,0,301.5911488429999,0.0,0.0,0.0,1289.5712281289743,0.0,301.5911488429999,0.0,0.0,0.0,0.005607035011053085,False,True,
s-011,after_one_actual_history_call,5,50,1,301.5911488429999,0.0,0.0,0.0,1289.5712281289743,0.0,301.5911488429999,0.0,0.0,0.0,0.0055759623646736145,False,True,
s-011,after_one_actual_history_call,5,10,0,301.5911488429999,0.0,0.0,0.0,1289.5712281289743,0.0,301.5911488429999,0.0,0.0,0.0,0.006080154329538345,False,True,
s-011,after_one_actual_history_call,5,10,1,301.5911488429999,0.0,0.0,0.0,1289.5712281289743,0.0,301.5911488429999,0.0,0.0,0.0,0.006497569382190704,False,True,
s-011,after_one_actual_history_call,6,200,0,-7239.517543877,8092.752677734999,11161.465441179,6083.5081633980835,1289.5712281289743,8376.344945991,1136.8274021140005,0.03504274497801323,0.0,0.0,0.2266588807106018,False,False,
s-011,after_one_actual_history_call,6,200,1,-7239.517543877,8092.752677734999,11161.465441179,6083.5081633980835,1289.5712281289743,8376.344945991,1136.8274021140005,0.03504274497801323,0.0,0.0,0.22484314069151878,False,False,
s-011,after_one_actual_history_call,6,1000,0,-7239.517543877,8092.752677734999,11161.465441179,6083.5081633980835,1289.5712281289743,8376.344945991,1136.8274021140005,0.03504274497801323,0.0,0.0,1.0261834003031254,False,False,
s-011,after_one_actual_history_call,6,1000,1,-7239.517543877,8092.752677734999,11161.465441179,6083.5081633980835,1289.5712281289743,8376.344945991,1136.8274021140005,0.03504274497801323,0.0,0.0,1.0258400402963161,False,False,
s-011,after_one_actual_history_call,6,50,0,-7239.517543877,8092.752677734999,11161.465441179,6083.5081633980835,1289.5712281289743,8376.344945991,1136.8274021140005,0.03504274497801323,0.0,0.0,0.07381465658545494,False,False,
s-011,after_one_actual_history_call,6,50,1,-7239.517543877,8092.752677734999,11161.465441179,6083.5081633980835,1289.5712281289743,8376.344945991,1136.8274021140005,0.03504274497801323,0.0,0.0,0.07428943738341331,False,False,
s-011,after_one_actual_history_call,6,10,0,-7239.517543877,8092.752677734999,11161.465441179,6083.5081633980835,1289.5712281289743,8376.344945991,1136.8274021140005,0.03504274497801323,0.0,0.0,0.03433559089899063,False,False,
s-011,after_one_actual_history_call,6,10,1,-7239.517543877,8092.752677734999,11161.465441179,6083.5081633980835,1289.5712281289743,8376.344945991,1136.8274021140005,0.03504274497801323,0.0,0.0,0.0332319512963295,False,False,
s-011,after_one_actual_history_call,7,200,0,-32372.313203618,32673.904352461,58834.580078743,26409.63807766265,1289.5712281289743,34245.23450865,1872.9213050319995,0.04809128836390952,583.3500769030252,0.0005837892029314123,0.22850504890084267,False,False,0.22850504890084267
s-011,after_one_actual_history_call,7,200,1,-32372.313203618,32673.904352461,58834.580078743,26409.63807766265,1289.5712281289743,34245.23450865,1872.9213050319995,0.04809128836390952,583.3500769030252,0.0005837892029314123,0.23023542389273643,False,False,0.23023542389273643
s-011,after_one_actual_history_call,7,1000,0,-32372.313203618,32673.904352461,58834.580078743,26409.63807766265,1289.5712281289743,34331.434567474,1959.1213638560039,0.05072948115207907,669.5501357270296,0.0006700541502177257,1.0307400785386562,False,False,1.0307400785386562
s-011,after_one_actual_history_call,7,1000,1,-32372.313203618,32673.904352461,58834.580078743,26409.63807766265,1289.5712281289743,34331.434567474,1959.1213638560039,0.05072948115207907,669.5501357270296,0.0006700541502177257,1.0275400541722775,False,False,1.0275400541722775
s-011,after_one_actual_history_call,7,50,0,-32372.313203618,32673.904352461,58834.580078743,26409.63807766265,1289.5712281289743,34245.23450865,1872.9213050319995,0.04809128836390952,583.3500769030252,0.0005837892029314123,0.07716980949044228,False,False,0.07716980949044228
s-011,after_one_actual_history_call,7,50,1,-32372.313203618,32673.904352461,58834.580078743,26409.63807766265,1289.5712281289743,34245.23450865,1872.9213050319995,0.04809128836390952,583.3500769030252,0.0005837892029314123,0.07828884944319725,False,False,0.07828884944319725
s-011,after_one_actual_history_call,7,10,0,-32372.313203618,32673.904352461,58834.580078743,26409.63807766265,1289.5712281289743,34245.23450865,1872.9213050319995,0.04809128836390952,583.3500769030252,0.0005837892029314123,0.03988751024007797,False,False,0.03988751024007797
s-011,after_one_actual_history_call,7,10,1,-32372.313203618,32673.904352461,58834.580078743,26409.63807766265,1289.5712281289743,34245.23450865,1872.9213050319995,0.04809128836390952,583.3500769030252,0.0005837892029314123,0.039233073592185974,False,False,0.039233073592185974
s-011,after_one_actual_history_call,8,200,0,530.3576796350003,0.0,0.0,0.0,1289.5712281289743,0.0,530.3576796350003,0.0,0.0,0.0,0.006046377122402191,False,True,
s-011,after_one_actual_history_call,8,200,1,530.3576796350003,0.0,0.0,0.0,1289.5712281289743,0.0,530.3576796350003,0.0,0.0,0.0,0.005824524909257889,False,True,
s-011,after_one_actual_history_call,8,1000,0,530.3576796350003,0.0,0.0,0.0,1289.5712281289743,0.0,530.3576796350003,0.0,0.0,0.0,0.00585557147860527,False,True,
s-011,after_one_actual_history_call,8,1000,1,530.3576796350003,0.0,0.0,0.0,1289.5712281289743,0.0,530.3576796350003,0.0,0.0,0.0,0.005945924669504166,False,True,
s-011,after_one_actual_history_call,8,50,0,530.3576796350003,0.0,0.0,0.0,1289.5712281289743,0.0,530.3576796350003,0.0,0.0,0.0,0.0067453570663928986,False,True,
s-011,after_one_actual_history_call,8,50,1,530.3576796350003,0.0,0.0,0.0,1289.5712281289743,0.0,530.3576796350003,0.0,0.0,0.0,0.006891455501317978,False,True,
s-011,after_one_actual_history_call,8,10,0,530.3576796350003,0.0,0.0,0.0,1289.5712281289743,0.0,530.3576796350003,0.0,0.0,0.0,0.006845775991678238,False,True,
s-011,after_one_actual_history_call,8,10,1,530.3576796350003,0.0,0.0,0.0,1289.5712281289743,0.0,530.3576796350003,0.0,0.0,0.0,0.007286064326763153,False,True,
s-011,after_one_actual_history_call,9,200,0,-7638.295963077,8469.768400663,13858.672722615,6809.328638306964,1289.5712281289743,9007.174588202999,1368.878625125999,0.06344992709575518,79.30739699702463,7.936709689875416e-05,0.22638244926929474,False,False,0.22638244926929474
s-011,after_one_actual_history_call,9,200,1,-7638.295963077,8469.768400663,13858.672722615,6809.328638306964,1289.5712281289743,9007.174588202999,1368.878625125999,0.06344992709575518,79.30739699702463,7.936709689875416e-05,0.22671891748905182,False,False,0.22671891748905182
s-011,after_one_actual_history_call,9,1000,0,-7638.295963077,8469.768400663,13858.672722615,6809.328638306964,1289.5712281289743,9007.174588202999,1368.878625125999,0.06344992709575518,79.30739699702463,7.936709689875416e-05,1.028355412185192,False,False,1.028355412185192
s-011,after_one_actual_history_call,9,1000,1,-7638.295963077,8469.768400663,13858.672722615,6809.328638306964,1289.5712281289743,9007.174588202999,1368.878625125999,0.06344992709575518,79.30739699702463,7.936709689875416e-05,1.0265509746968746,False,False,1.0265509746968746
s-011,after_one_actual_history_call,9,50,0,-7638.295963077,8469.768400663,13858.672722615,6809.328638306964,1289.5712281289743,9007.174588202999,1368.878625125999,0.06344992709575518,79.30739699702463,7.936709689875416e-05,0.07890442758798599,False,False,0.07890442758798599
s-011,after_one_actual_history_call,9,50,1,-7638.295963077,8469.768400663,13858.672722615,6809.328638306964,1289.5712281289743,9007.174588202999,1368.878625125999,0.06344992709575518,79.30739699702463,7.936709689875416e-05,0.07882694900035858,False,False,0.07882694900035858
s-011,after_one_actual_history_call,9,10,0,-7638.295963077,8469.768400663,13858.672722615,6809.328638306964,1289.5712281289743,9007.174588202999,1368.878625125999,0.06344992709575518,79.30739699702463,7.936709689875416e-05,0.037804875522851944,False,False,0.037804875522851944
s-011,after_one_actual_history_call,9,10,1,-7638.295963077,8469.768400663,13858.672722615,6809.328638306964,1289.5712281289743,9007.174588202999,1368.878625125999,0.06344992709575518,79.30739699702463,7.936709689875416e-05,0.03814522549510002,False,False,0.03814522549510002
s-011,after_one_actual_history_call,10,200,0,-32104.430369996,33394.001598124996,50754.640840446,25814.769127300267,1289.5712281289743,35021.527843672004,2917.0974736760036,0.048737083537733004,1627.5262455470292,0.0016287513917578554,0.23070260137319565,False,False,0.23070260137319565
s-011,after_one_actual_history_call,10,200,1,-32104.430369996,33394.001598124996,50754.640840446,25814.769127300267,1289.5712281289743,35021.527843672004,2917.0974736760036,0.048737083537733004,1627.5262455470292,0.0016287513917578554,0.23122577741742134,False,False,0.23122577741742134
s-011,after_one_actual_history_call,10,1000,0,-32104.430369996,33394.001598124996,50754.640840446,25814.769127300267,1289.5712281289743,35021.527843672004,2917.0974736760036,0.048737083537733004,1627.5262455470292,0.0016287513917578554,1.0297103188931942,False,False,1.0297103188931942
s-011,after_one_actual_history_call,10,1000,1,-32104.430369996,33394.001598124996,50754.640840446,25814.769127300267,1289.5712281289743,35021.527843672004,2917.0974736760036,0.048737083537733004,1627.5262455470292,0.0016287513917578554,1.0282181948423386,False,False,1.0282181948423386
s-011,after_one_actual_history_call,10,50,0,-32104.430369996,33394.001598124996,50754.640840446,25814.769127300267,1289.5712281289743,35021.527843672004,2917.0974736760036,0.048737083537733004,1627.5262455470292,0.0016287513917578554,0.07909377291798592,False,False,0.07909377291798592
s-011,after_one_actual_history_call,10,50,1,-32104.430369996,33394.001598124996,50754.640840446,25814.769127300267,1289.5712281289743,35021.527843672004,2917.0974736760036,0.048737083537733004,1627.5262455470292,0.0016287513917578554,0.07931060343980789,False,False,0.07931060343980789
s-011,after_one_actual_history_call,10,10,0,-32104.430369996,33394.001598124996,50754.640840446,25814.769127300267,1289.5712281289743,35021.527843672004,2917.0974736760036,0.048737083537733004,1627.5262455470292,0.0016287513917578554,0.04052916541695595,False,False,0.04052916541695595
s-011,after_one_actual_history_call,10,10,1,-32104.430369996,33394.001598124996,50754.640840446,25814.769127300267,1289.5712281289743,35021.527843672004,2917.0974736760036,0.048737083537733004,1627.5262455470292,0.0016287513917578554,0.038030508905649185,False,False,0.038030508905649185
