snapshot_id,state_kind,action_index,workpoint_ms,repeat,q_seconds,L_seconds,U_seconds,P1_recovery_seconds,snapshot_best_gain_seconds,recovery_value_seconds,q_plus_recovery_seconds,local_delta,beyond_snapshot_gain_seconds,beyond_snapshot_global_fraction,complete_conditional_return_seconds,failed,zero_extra_gain,earliest_verified_more_than_snapshot_gain_seconds
s-000,after_common_greedy_prefix,0,200,0,-7857.547415678,7857.547415678,14735.762569954999,5713.941580492621,1200.353125859052,8142.890070116,285.34265443799995,0.036314468032182884,0.0,0.0,0.2228449396789074,False,False,
s-000,after_common_greedy_prefix,0,200,1,-7857.547415678,7857.547415678,14735.762569954999,5713.941580492621,1200.353125859052,8142.890070116,285.34265443799995,0.036314468032182884,0.0,0.0,0.22397295385599136,False,False,
s-000,after_common_greedy_prefix,0,1000,0,-7857.547415678,7857.547415678,14735.762569954999,5713.941580492621,1200.353125859052,8142.890070116,285.34265443799995,0.036314468032182884,0.0,0.0,1.0262498259544373,False,False,
s-000,after_common_greedy_prefix,0,1000,1,-7857.547415678,7857.547415678,14735.762569954999,5713.941580492621,1200.353125859052,8142.890070116,285.34265443799995,0.036314468032182884,0.0,0.0,1.0245912447571754,False,False,
s-000,after_common_greedy_prefix,1,200,0,-32793.15825169,32793.15825169,43802.935180992,25183.050475971235,1200.353125859052,33332.640749247,539.4824975570009,0.016451068647198645,0.0,0.0,0.22614429518580437,False,False,
s-000,after_common_greedy_prefix,1,200,1,-32793.15825169,32793.15825169,43802.935180992,25183.050475971235,1200.353125859052,33332.640749247,539.4824975570009,0.016451068647198645,0.0,0.0,0.22617091983556747,False,False,
s-000,after_common_greedy_prefix,1,1000,0,-32793.15825169,32793.15825169,43802.935180992,25183.050475971235,1200.353125859052,33332.640749247,539.4824975570009,0.016451068647198645,0.0,0.0,1.025396391749382,False,False,
s-000,after_common_greedy_prefix,1,1000,1,-32793.15825169,32793.15825169,43802.935180992,25183.050475971235,1200.353125859052,33332.640749247,539.4824975570009,0.016451068647198645,0.0,0.0,1.0262208320200443,False,False,
s-000,after_common_greedy_prefix,2,200,0,165.37815266300004,212.278311168,212.278311168,212.278311168,1200.353125859052,212.278311168,377.656463831,0.0,0.0,0.0,0.22104434669017792,False,True,
s-000,after_common_greedy_prefix,2,200,1,165.37815266300004,212.278311168,212.278311168,212.278311168,1200.353125859052,212.278311168,377.656463831,0.0,0.0,0.0,0.22089117765426636,False,True,
s-000,after_common_greedy_prefix,2,1000,0,165.37815266300004,212.278311168,212.278311168,212.278311168,1200.353125859052,212.278311168,377.656463831,0.0,0.0,0.0,1.0209049433469772,False,True,
s-000,after_common_greedy_prefix,2,1000,1,165.37815266300004,212.278311168,212.278311168,212.278311168,1200.353125859052,212.278311168,377.656463831,0.0,0.0,0.0,1.021116953343153,False,True,
s-000,after_common_greedy_prefix,3,200,0,-7890.9626301200005,9011.544198695,14301.275734614,6250.211984157855,1200.353125859052,9334.816825731,1443.8541956110003,0.03587316667467651,243.5010697519483,0.0002443296872291469,0.22385932132601738,False,False,0.22385932132601738
s-000,after_common_greedy_prefix,3,200,1,-7890.9626301200005,9011.544198695,14301.275734614,6250.211984157855,1200.353125859052,9334.816825731,1443.8541956110003,0.03587316667467651,243.5010697519483,0.0002443296872291469,0.22381765022873878,False,False,0.22381765022873878
s-000,after_common_greedy_prefix,3,1000,0,-7890.9626301200005,9011.544198695,14301.275734614,6250.211984157855,1200.353125859052,9334.816825731,1443.8541956110003,0.03587316667467651,243.5010697519483,0.0002443296872291469,1.0229040794074535,False,False,1.0229040794074535
s-000,after_common_greedy_prefix,3,1000,1,-7890.9626301200005,9011.544198695,14301.275734614,6250.211984157855,1200.353125859052,9334.816825731,1443.8541956110003,0.03587316667467651,243.5010697519483,0.0002443296872291469,1.023167185485363,False,False,1.023167185485363
s-000,after_common_greedy_prefix,4,200,0,-32551.818464421005,32717.196617084,45985.736025368,24519.555319702227,1200.353125859052,33404.00096105,852.1824966289932,0.020992151375444242,0.0,0.0,0.2631351724267006,False,False,
s-000,after_common_greedy_prefix,4,200,1,-32551.818464421005,32717.196617084,45985.736025368,24519.555319702227,1200.353125859052,33404.00096105,852.1824966289932,0.020992151375444242,0.0,0.0,0.22638250142335892,False,False,
s-000,after_common_greedy_prefix,4,1000,0,-32551.818464421005,32717.196617084,45985.736025368,24519.555319702227,1200.353125859052,33404.00096105,852.1824966289932,0.020992151375444242,0.0,0.0,1.0257862620055676,False,False,
s-000,after_common_greedy_prefix,4,1000,1,-32551.818464421005,32717.196617084,45985.736025368,24519.555319702227,1200.353125859052,33404.00096105,852.1824966289932,0.020992151375444242,0.0,0.0,1.0255581699311733,False,False,
s-000,after_common_greedy_prefix,5,200,0,312.37274249000006,212.278311168,212.278311168,212.278311168,1200.353125859052,212.278311168,524.651053658,0.0,0.0,0.0,0.22088684141635895,False,True,
s-000,after_common_greedy_prefix,5,200,1,312.37274249000006,212.278311168,212.278311168,212.278311168,1200.353125859052,212.278311168,524.651053658,0.0,0.0,0.0,0.22047502920031548,False,True,
s-000,after_common_greedy_prefix,5,1000,0,312.37274249000006,212.278311168,212.278311168,212.278311168,1200.353125859052,212.278311168,524.651053658,0.0,0.0,0.0,1.0203180313110352,False,True,
s-000,after_common_greedy_prefix,5,1000,1,312.37274249000006,212.278311168,212.278311168,212.278311168,1200.353125859052,212.278311168,524.651053658,0.0,0.0,0.0,1.0212427787482738,False,True,
s-000,after_common_greedy_prefix,6,200,0,-7811.963766990999,8786.300690543001,14783.922286476,6212.867527405531,1200.353125859052,9232.606848832,1420.6430818410008,0.05079568455577367,220.28995598194888,0.00022103958762736175,0.22376090288162231,False,False,0.22376090288162231
s-000,after_common_greedy_prefix,6,200,1,-7811.963766990999,8786.300690543001,14783.922286476,6212.867527405531,1200.353125859052,9232.606848832,1420.6430818410008,0.05079568455577367,220.28995598194888,0.00022103958762736175,0.2222844623029232,False,False,0.2222844623029232
s-000,after_common_greedy_prefix,6,1000,0,-7811.963766990999,8786.300690543001,14783.922286476,6212.867527405531,1200.353125859052,9232.606848832,1420.6430818410008,0.05079568455577367,220.28995598194888,0.00022103958762736175,1.023117084056139,False,False,1.023117084056139
s-000,after_common_greedy_prefix,6,1000,1,-7811.963766990999,8786.300690543001,14783.922286476,6212.867527405531,1200.353125859052,9232.606848832,1420.6430818410008,0.05079568455577367,220.28995598194888,0.00022103958762736175,1.0234456211328506,False,False,1.0234456211328506
s-000,after_common_greedy_prefix,7,200,0,-31908.569451956002,33018.999116876,49103.675386221,25438.073429307224,1200.353125859052,33562.536865352,1653.9674133959961,0.01646136354866655,453.6142875369442,0.00045515790591588184,0.22758518904447556,False,False,0.22758518904447556
s-000,after_common_greedy_prefix,7,200,1,-31908.569451956002,33018.999116876,49103.675386221,25438.073429307224,1200.353125859052,33562.536865352,1653.9674133959961,0.01646136354866655,453.6142875369442,0.00045515790591588184,0.22616468742489815,False,False,0.22616468742489815
s-000,after_common_greedy_prefix,7,1000,0,-31908.569451956002,33018.999116876,49103.675386221,25438.073429307224,1200.353125859052,33562.536865352,1653.9674133959961,0.01646136354866655,453.6142875369442,0.00045515790591588184,1.0256681255996227,False,False,1.0256681255996227
s-000,after_common_greedy_prefix,7,1000,1,-31908.569451956002,33018.999116876,49103.675386221,25438.073429307224,1200.353125859052,33562.536865352,1653.9674133959961,0.01646136354866655,453.6142875369442,0.00045515790591588184,1.0274317041039467,False,False,1.0274317041039467
s-000,after_common_greedy_prefix,8,200,0,538.388944797,212.278311168,212.278311168,212.278311168,1200.353125859052,212.278311168,750.667255965,0.0,0.0,0.0,0.22290599718689919,False,True,
s-000,after_common_greedy_prefix,8,200,1,538.388944797,212.278311168,212.278311168,212.278311168,1200.353125859052,212.278311168,750.667255965,0.0,0.0,0.0,0.22375284507870674,False,True,
s-000,after_common_greedy_prefix,8,1000,0,538.388944797,212.278311168,212.278311168,212.278311168,1200.353125859052,212.278311168,750.667255965,0.0,0.0,0.0,1.0227804593741894,False,True,
s-000,after_common_greedy_prefix,8,1000,1,538.388944797,212.278311168,212.278311168,212.278311168,1200.353125859052,212.278311168,750.667255965,0.0,0.0,0.0,1.0218891836702824,False,True,
s-000,after_common_greedy_prefix,9,200,0,-7760.635646712,8960.988772571,14227.392221602,6367.159872101205,1200.353125859052,9303.530601356,1542.8949546439999,0.038225896436060586,342.54182878494794,0.00034370747518761843,0.22593721002340317,False,False,0.22593721002340317
s-000,after_common_greedy_prefix,9,200,1,-7760.635646712,8960.988772571,14227.392221602,6367.159872101205,1200.353125859052,9303.530601356,1542.8949546439999,0.038225896436060586,342.54182878494794,0.00034370747518761843,0.2248632051050663,False,False,0.2248632051050663
s-000,after_common_greedy_prefix,9,1000,0,-7760.635646712,8960.988772571,14227.392221602,6367.159872101205,1200.353125859052,9303.530601356,1542.8949546439999,0.038225896436060586,342.54182878494794,0.00034370747518761843,1.0238653495907784,False,False,1.0238653495907784
s-000,after_common_greedy_prefix,9,1000,1,-7760.635646712,8960.988772571,14227.392221602,6367.159872101205,1200.353125859052,9303.530601356,1542.8949546439999,0.038225896436060586,342.54182878494794,0.00034370747518761843,1.0235361009836197,False,False,1.0235361009836197
s-000,after_common_greedy_prefix,10,200,0,-33451.680073434,34014.275004606,52017.30624349,26133.1998065978,1200.353125859052,35601.810737562,2150.1306641280025,0.04667263179182931,949.7775382689506,0.0009530095662368852,0.2274436205625534,False,False,0.2274436205625534
s-000,after_common_greedy_prefix,10,200,1,-33451.680073434,34014.275004606,52017.30624349,26133.1998065978,1200.353125859052,35601.810737562,2150.1306641280025,0.04667263179182931,949.7775382689506,0.0009530095662368852,0.22581787779927254,False,False,0.22581787779927254
s-000,after_common_greedy_prefix,10,1000,0,-33451.680073434,34014.275004606,52017.30624349,26133.1998065978,1200.353125859052,35601.810737562,2150.1306641280025,0.04667263179182931,949.7775382689506,0.0009530095662368852,1.0270109549164772,False,False,1.0270109549164772
s-000,after_common_greedy_prefix,10,1000,1,-33451.680073434,34014.275004606,52017.30624349,26133.1998065978,1200.353125859052,35601.810737562,2150.1306641280025,0.04667263179182931,949.7775382689506,0.0009530095662368852,1.0267017371952534,False,False,1.0267017371952534
s-000,after_common_greedy_prefix,0,50,0,-7857.547415678,7857.547415678,14735.762569954999,5713.941580492621,1200.353125859052,8142.890070116,285.34265443799995,0.036314468032182884,0.0,0.0,0.07759223133325577,False,False,
s-000,after_common_greedy_prefix,0,50,1,-7857.547415678,7857.547415678,14735.762569954999,5713.941580492621,1200.353125859052,8142.890070116,285.34265443799995,0.036314468032182884,0.0,0.0,0.07623714581131935,False,False,
s-000,after_common_greedy_prefix,1,50,0,-32793.15825169,32793.15825169,43802.935180992,25183.050475971235,1200.353125859052,33332.640749247,539.4824975570009,0.016451068647198645,0.0,0.0,0.08693316206336021,False,False,
s-000,after_common_greedy_prefix,1,50,1,-32793.15825169,32793.15825169,43802.935180992,25183.050475971235,1200.353125859052,33332.640749247,539.4824975570009,0.016451068647198645,0.0,0.0,0.07870067283511162,False,False,
s-000,after_common_greedy_prefix,2,50,0,165.37815266300004,212.278311168,212.278311168,212.278311168,1200.353125859052,212.278311168,377.656463831,0.0,0.0,0.0,0.07429581508040428,False,True,
s-000,after_common_greedy_prefix,2,50,1,165.37815266300004,212.278311168,212.278311168,212.278311168,1200.353125859052,212.278311168,377.656463831,0.0,0.0,0.0,0.07386957481503487,False,True,
s-000,after_common_greedy_prefix,3,50,0,-7890.9626301200005,9011.544198695,14301.275734614,6250.211984157855,1200.353125859052,9334.816825731,1443.8541956110003,0.03587316667467651,243.5010697519483,0.0002443296872291469,0.07674693316221237,False,False,0.07674693316221237
s-000,after_common_greedy_prefix,3,50,1,-7890.9626301200005,9011.544198695,14301.275734614,6250.211984157855,1200.353125859052,9334.816825731,1443.8541956110003,0.03587316667467651,243.5010697519483,0.0002443296872291469,0.0777948759496212,False,False,0.0777948759496212
s-000,after_common_greedy_prefix,4,50,0,-32551.818464421005,32717.196617084,45985.736025368,24519.555319702227,1200.353125859052,33404.00096105,852.1824966289932,0.020992151375444242,0.0,0.0,0.07955005392432213,False,False,
s-000,after_common_greedy_prefix,4,50,1,-32551.818464421005,32717.196617084,45985.736025368,24519.555319702227,1200.353125859052,33404.00096105,852.1824966289932,0.020992151375444242,0.0,0.0,0.0789460837841034,False,False,
s-000,after_common_greedy_prefix,5,50,0,312.37274249000006,212.278311168,212.278311168,212.278311168,1200.353125859052,212.278311168,524.651053658,0.0,0.0,0.0,0.07431851699948311,False,True,
s-000,after_common_greedy_prefix,5,50,1,312.37274249000006,212.278311168,212.278311168,212.278311168,1200.353125859052,212.278311168,524.651053658,0.0,0.0,0.0,0.07354691252112389,False,True,
s-000,after_common_greedy_prefix,6,50,0,-7811.963766990999,8786.300690543001,14783.922286476,6212.867527405531,1200.353125859052,9232.606848832,1420.6430818410008,0.05079568455577367,220.28995598194888,0.00022103958762736175,0.07475700974464417,False,False,0.07475700974464417
s-000,after_common_greedy_prefix,6,50,1,-7811.963766990999,8786.300690543001,14783.922286476,6212.867527405531,1200.353125859052,9232.606848832,1420.6430818410008,0.05079568455577367,220.28995598194888,0.00022103958762736175,0.07472075149416924,False,False,0.07472075149416924
s-000,after_common_greedy_prefix,7,50,0,-31908.569451956002,33018.999116876,49103.675386221,25438.073429307224,1200.353125859052,33562.536865352,1653.9674133959961,0.01646136354866655,453.6142875369442,0.00045515790591588184,0.07786054536700249,False,False,0.07786054536700249
s-000,after_common_greedy_prefix,7,50,1,-31908.569451956002,33018.999116876,49103.675386221,25438.073429307224,1200.353125859052,33562.536865352,1653.9674133959961,0.01646136354866655,453.6142875369442,0.00045515790591588184,0.07846567779779434,False,False,0.07846567779779434
s-000,after_common_greedy_prefix,8,50,0,538.388944797,212.278311168,212.278311168,212.278311168,1200.353125859052,212.278311168,750.667255965,0.0,0.0,0.0,0.07429113611578941,False,True,
s-000,after_common_greedy_prefix,8,50,1,538.388944797,212.278311168,212.278311168,212.278311168,1200.353125859052,212.278311168,750.667255965,0.0,0.0,0.0,0.07377349585294724,False,True,
s-000,after_common_greedy_prefix,9,50,0,-7760.635646712,8960.988772571,14227.392221602,6367.159872101205,1200.353125859052,9303.530601356,1542.8949546439999,0.038225896436060586,342.54182878494794,0.00034370747518761843,0.07707244157791138,False,False,0.07707244157791138
s-000,after_common_greedy_prefix,9,50,1,-7760.635646712,8960.988772571,14227.392221602,6367.159872101205,1200.353125859052,9303.530601356,1542.8949546439999,0.038225896436060586,342.54182878494794,0.00034370747518761843,0.0771876722574234,False,False,0.0771876722574234
s-000,after_common_greedy_prefix,10,50,0,-33451.680073434,34014.275004606,52017.30624349,26133.1998065978,1200.353125859052,35601.810737562,2150.1306641280025,0.04667263179182931,949.7775382689506,0.0009530095662368852,0.07769335061311722,False,False,0.07769335061311722
s-000,after_common_greedy_prefix,10,50,1,-33451.680073434,34014.275004606,52017.30624349,26133.1998065978,1200.353125859052,35601.810737562,2150.1306641280025,0.04667263179182931,949.7775382689506,0.0009530095662368852,0.07780739665031433,False,False,0.07780739665031433
s-000,after_common_greedy_prefix,0,10,0,-7857.547415678,7857.547415678,14735.762569954999,5713.941580492621,1200.353125859052,8142.890070116,285.34265443799995,0.036314468032182884,0.0,0.0,0.03947542607784271,False,False,
s-000,after_common_greedy_prefix,0,10,1,-7857.547415678,7857.547415678,14735.762569954999,5713.941580492621,1200.353125859052,8142.890070116,285.34265443799995,0.036314468032182884,0.0,0.0,0.039777111262083054,False,False,
s-000,after_common_greedy_prefix,1,10,0,-32793.15825169,32793.15825169,43802.935180992,25183.050475971235,1200.353125859052,33332.640749247,539.4824975570009,0.016451068647198645,0.0,0.0,0.040027715265750885,False,False,
s-000,after_common_greedy_prefix,1,10,1,-32793.15825169,32793.15825169,43802.935180992,25183.050475971235,1200.353125859052,33332.640749247,539.4824975570009,0.016451068647198645,0.0,0.0,0.04014512896537781,False,False,
s-000,after_common_greedy_prefix,2,10,0,165.37815266300004,212.278311168,212.278311168,212.278311168,1200.353125859052,212.278311168,377.656463831,0.0,0.0,0.0,0.03478708118200302,False,True,
s-000,after_common_greedy_prefix,2,10,1,165.37815266300004,212.278311168,212.278311168,212.278311168,1200.353125859052,212.278311168,377.656463831,0.0,0.0,0.0,0.03459640592336655,False,True,
s-000,after_common_greedy_prefix,3,10,0,-7890.9626301200005,9011.544198695,14301.275734614,6250.211984157855,1200.353125859052,9334.816825731,1443.8541956110003,0.03587316667467651,243.5010697519483,0.0002443296872291469,0.03699009492993355,False,False,0.03699009492993355
s-000,after_common_greedy_prefix,3,10,1,-7890.9626301200005,9011.544198695,14301.275734614,6250.211984157855,1200.353125859052,9334.816825731,1443.8541956110003,0.03587316667467651,243.5010697519483,0.0002443296872291469,0.037679947912693024,False,False,0.037679947912693024
s-000,after_common_greedy_prefix,4,10,0,-32551.818464421005,32717.196617084,45985.736025368,24519.555319702227,1200.353125859052,33404.00096105,852.1824966289932,0.020992151375444242,0.0,0.0,0.04021287336945534,False,False,
s-000,after_common_greedy_prefix,4,10,1,-32551.818464421005,32717.196617084,45985.736025368,24519.555319702227,1200.353125859052,33404.00096105,852.1824966289932,0.020992151375444242,0.0,0.0,0.04030787944793701,False,False,
s-000,after_common_greedy_prefix,5,10,0,312.37274249000006,212.278311168,212.278311168,212.278311168,1200.353125859052,212.278311168,524.651053658,0.0,0.0,0.0,0.034802310168743134,False,True,
s-000,after_common_greedy_prefix,5,10,1,312.37274249000006,212.278311168,212.278311168,212.278311168,1200.353125859052,212.278311168,524.651053658,0.0,0.0,0.0,0.03400738164782524,False,True,
s-000,after_common_greedy_prefix,6,10,0,-7811.963766990999,8786.300690543001,14783.922286476,6212.867527405531,1200.353125859052,9232.606848832,1420.6430818410008,0.05079568455577367,220.28995598194888,0.00022103958762736175,0.03653052821755409,False,False,0.03653052821755409
s-000,after_common_greedy_prefix,6,10,1,-7811.963766990999,8786.300690543001,14783.922286476,6212.867527405531,1200.353125859052,9232.606848832,1420.6430818410008,0.05079568455577367,220.28995598194888,0.00022103958762736175,0.03684592619538307,False,False,0.03684592619538307
s-000,after_common_greedy_prefix,7,10,0,-31908.569451956002,33018.999116876,49103.675386221,25438.073429307224,1200.353125859052,33562.536865352,1653.9674133959961,0.01646136354866655,453.6142875369442,0.00045515790591588184,0.040698181837797165,False,False,0.040698181837797165
s-000,after_common_greedy_prefix,7,10,1,-31908.569451956002,33018.999116876,49103.675386221,25438.073429307224,1200.353125859052,33562.536865352,1653.9674133959961,0.01646136354866655,453.6142875369442,0.00045515790591588184,0.03882254287600517,False,False,0.03882254287600517
s-000,after_common_greedy_prefix,8,10,0,538.388944797,212.278311168,212.278311168,212.278311168,1200.353125859052,212.278311168,750.667255965,0.0,0.0,0.0,0.03481866046786308,False,True,
s-000,after_common_greedy_prefix,8,10,1,538.388944797,212.278311168,212.278311168,212.278311168,1200.353125859052,212.278311168,750.667255965,0.0,0.0,0.0,0.03402368351817131,False,True,
s-000,after_common_greedy_prefix,9,10,0,-7760.635646712,8960.988772571,14227.392221602,6367.159872101205,1200.353125859052,9303.530601356,1542.8949546439999,0.038225896436060586,342.54182878494794,0.00034370747518761843,0.03693467751145363,False,False,0.03693467751145363
s-000,after_common_greedy_prefix,9,10,1,-7760.635646712,8960.988772571,14227.392221602,6367.159872101205,1200.353125859052,9303.530601356,1542.8949546439999,0.038225896436060586,342.54182878494794,0.00034370747518761843,0.0371759757399559,False,False,0.0371759757399559
s-000,after_common_greedy_prefix,10,10,0,-33451.680073434,34014.275004606,52017.30624349,26133.1998065978,1200.353125859052,35601.810737562,2150.1306641280025,0.04667263179182931,949.7775382689506,0.0009530095662368852,0.038484927266836166,False,False,0.038484927266836166
s-000,after_common_greedy_prefix,10,10,1,-33451.680073434,34014.275004606,52017.30624349,26133.1998065978,1200.353125859052,35601.810737562,2150.1306641280025,0.04667263179182931,949.7775382689506,0.0009530095662368852,0.039422426372766495,False,False,0.039422426372766495
s-001,after_one_actual_history_call,0,200,0,-7857.547415678,8142.890070116,14735.762569954999,5713.941580492621,1200.353125859052,8142.890070116,285.34265443799995,0.0,0.0,0.0,0.0043660663068294525,False,True,
s-001,after_one_actual_history_call,0,200,1,-7857.547415678,8142.890070116,14735.762569954999,5713.941580492621,1200.353125859052,8142.890070116,285.34265443799995,0.0,0.0,0.0,0.004107512533664703,False,True,
s-001,after_one_actual_history_call,0,1000,0,-7857.547415678,8142.890070116,14735.762569954999,5713.941580492621,1200.353125859052,8142.890070116,285.34265443799995,0.0,0.0,0.0,1.0285244956612587,False,True,
s-001,after_one_actual_history_call,0,1000,1,-7857.547415678,8142.890070116,14735.762569954999,5713.941580492621,1200.353125859052,8142.890070116,285.34265443799995,0.0,0.0,0.0,1.026793446391821,False,True,
s-001,after_one_actual_history_call,1,200,0,-32793.15825169,32793.15825169,43802.935180992,25183.050475971235,1200.353125859052,33332.640749247,539.4824975570009,0.016451068647198645,0.0,0.0,0.22935721278190613,False,False,
s-001,after_one_actual_history_call,1,200,1,-32793.15825169,32793.15825169,43802.935180992,25183.050475971235,1200.353125859052,33332.640749247,539.4824975570009,0.016451068647198645,0.0,0.0,0.22821002826094627,False,False,
s-001,after_one_actual_history_call,1,1000,0,-32793.15825169,32793.15825169,43802.935180992,25183.050475971235,1200.353125859052,33332.640749247,539.4824975570009,0.016451068647198645,0.0,0.0,1.0278131924569607,False,False,
s-001,after_one_actual_history_call,1,1000,1,-32793.15825169,32793.15825169,43802.935180992,25183.050475971235,1200.353125859052,33332.640749247,539.4824975570009,0.016451068647198645,0.0,0.0,1.029197458177805,False,False,
s-001,after_one_actual_history_call,2,200,0,165.37815266300004,212.278311168,212.278311168,212.278311168,1200.353125859052,212.278311168,377.656463831,0.0,0.0,0.0,0.22336292639374733,False,True,
s-001,after_one_actual_history_call,2,200,1,165.37815266300004,212.278311168,212.278311168,212.278311168,1200.353125859052,212.278311168,377.656463831,0.0,0.0,0.0,0.22212160751223564,False,True,
s-001,after_one_actual_history_call,2,1000,0,165.37815266300004,212.278311168,212.278311168,212.278311168,1200.353125859052,212.278311168,377.656463831,0.0,0.0,0.0,1.0229763463139534,False,True,
s-001,after_one_actual_history_call,2,1000,1,165.37815266300004,212.278311168,212.278311168,212.278311168,1200.353125859052,212.278311168,377.656463831,0.0,0.0,0.0,1.0244219899177551,False,True,
s-001,after_one_actual_history_call,3,200,0,-7890.9626301200005,9011.544198695,14301.275734614,6250.211984157855,1200.353125859052,9334.816825731,1443.8541956110003,0.03587316667467651,243.5010697519483,0.0002443296872291469,0.22506133466959,False,False,0.22506133466959
s-001,after_one_actual_history_call,3,200,1,-7890.9626301200005,9011.544198695,14301.275734614,6250.211984157855,1200.353125859052,9334.816825731,1443.8541956110003,0.03587316667467651,243.5010697519483,0.0002443296872291469,0.22325428575277328,False,False,0.22325428575277328
s-001,after_one_actual_history_call,3,1000,0,-7890.9626301200005,9011.544198695,14301.275734614,6250.211984157855,1200.353125859052,9334.816825731,1443.8541956110003,0.03587316667467651,243.5010697519483,0.0002443296872291469,1.0238771736621857,False,False,1.0238771736621857
s-001,after_one_actual_history_call,3,1000,1,-7890.9626301200005,9011.544198695,14301.275734614,6250.211984157855,1200.353125859052,9334.816825731,1443.8541956110003,0.03587316667467651,243.5010697519483,0.0002443296872291469,1.0244367681443691,False,False,1.0244367681443691
s-001,after_one_actual_history_call,4,200,0,-32551.818464421005,32717.196617084,45985.736025368,24519.555319702227,1200.353125859052,33404.00096105,852.1824966289932,0.020992151375444242,0.0,0.0,0.22786274924874306,False,False,
s-001,after_one_actual_history_call,4,200,1,-32551.818464421005,32717.196617084,45985.736025368,24519.555319702227,1200.353125859052,33404.00096105,852.1824966289932,0.020992151375444242,0.0,0.0,0.2278575636446476,False,False,
s-001,after_one_actual_history_call,4,1000,0,-32551.818464421005,32717.196617084,45985.736025368,24519.555319702227,1200.353125859052,33404.00096105,852.1824966289932,0.020992151375444242,0.0,0.0,1.0276564471423626,False,False,
s-001,after_one_actual_history_call,4,1000,1,-32551.818464421005,32717.196617084,45985.736025368,24519.555319702227,1200.353125859052,33404.00096105,852.1824966289932,0.020992151375444242,0.0,0.0,1.0293410755693913,False,False,
s-001,after_one_actual_history_call,5,200,0,312.37274249000006,212.278311168,212.278311168,212.278311168,1200.353125859052,212.278311168,524.651053658,0.0,0.0,0.0,0.22318248823285103,False,True,
s-001,after_one_actual_history_call,5,200,1,312.37274249000006,212.278311168,212.278311168,212.278311168,1200.353125859052,212.278311168,524.651053658,0.0,0.0,0.0,0.22275695949792862,False,True,
s-001,after_one_actual_history_call,5,1000,0,312.37274249000006,212.278311168,212.278311168,212.278311168,1200.353125859052,212.278311168,524.651053658,0.0,0.0,0.0,1.0226442888379097,False,True,
s-001,after_one_actual_history_call,5,1000,1,312.37274249000006,212.278311168,212.278311168,212.278311168,1200.353125859052,212.278311168,524.651053658,0.0,0.0,0.0,1.0230826064944267,False,True,
s-001,after_one_actual_history_call,6,200,0,-7811.963766990999,8786.300690543001,14783.922286476,6212.867527405531,1200.353125859052,9232.606848832,1420.6430818410008,0.05079568455577367,220.28995598194888,0.00022103958762736175,0.22406288236379623,False,False,0.22406288236379623
s-001,after_one_actual_history_call,6,200,1,-7811.963766990999,8786.300690543001,14783.922286476,6212.867527405531,1200.353125859052,9232.606848832,1420.6430818410008,0.05079568455577367,220.28995598194888,0.00022103958762736175,0.22488560527563095,False,False,0.22488560527563095
s-001,after_one_actual_history_call,6,1000,0,-7811.963766990999,8786.300690543001,14783.922286476,6212.867527405531,1200.353125859052,9232.606848832,1420.6430818410008,0.05079568455577367,220.28995598194888,0.00022103958762736175,1.0239079594612122,False,False,1.0239079594612122
s-001,after_one_actual_history_call,6,1000,1,-7811.963766990999,8786.300690543001,14783.922286476,6212.867527405531,1200.353125859052,9232.606848832,1420.6430818410008,0.05079568455577367,220.28995598194888,0.00022103958762736175,1.0247131660580635,False,False,1.0247131660580635
s-001,after_one_actual_history_call,7,200,0,-31908.569451956002,33018.999116876,49103.675386221,25438.073429307224,1200.353125859052,33562.536865352,1653.9674133959961,0.01646136354866655,453.6142875369442,0.00045515790591588184,0.22826123237609863,False,False,0.22826123237609863
s-001,after_one_actual_history_call,7,200,1,-31908.569451956002,33018.999116876,49103.675386221,25438.073429307224,1200.353125859052,33562.536865352,1653.9674133959961,0.01646136354866655,453.6142875369442,0.00045515790591588184,0.22970331460237503,False,False,0.22970331460237503
s-001,after_one_actual_history_call,7,1000,0,-31908.569451956002,33018.999116876,49103.675386221,25438.073429307224,1200.353125859052,33562.536865352,1653.9674133959961,0.01646136354866655,453.6142875369442,0.00045515790591588184,1.0288736931979656,False,False,1.0288736931979656
s-001,after_one_actual_history_call,7,1000,1,-31908.569451956002,33018.999116876,49103.675386221,25438.073429307224,1200.353125859052,33562.536865352,1653.9674133959961,0.01646136354866655,453.6142875369442,0.00045515790591588184,1.0270702801644802,False,False,1.0270702801644802
s-001,after_one_actual_history_call,8,200,0,538.388944797,212.278311168,212.278311168,212.278311168,1200.353125859052,212.278311168,750.667255965,0.0,0.0,0.0,0.2226870283484459,False,True,
s-001,after_one_actual_history_call,8,200,1,538.388944797,212.278311168,212.278311168,212.278311168,1200.353125859052,212.278311168,750.667255965,0.0,0.0,0.0,0.22290151938796043,False,True,
s-001,after_one_actual_history_call,8,1000,0,538.388944797,212.278311168,212.278311168,212.278311168,1200.353125859052,212.278311168,750.667255965,0.0,0.0,0.0,1.0244183838367462,False,True,
s-001,after_one_actual_history_call,8,1000,1,538.388944797,212.278311168,212.278311168,212.278311168,1200.353125859052,212.278311168,750.667255965,0.0,0.0,0.0,1.0226197615265846,False,True,
s-001,after_one_actual_history_call,9,200,0,-7760.635646712,8960.988772571,14227.392221602,6367.159872101205,1200.353125859052,9303.530601356,1542.8949546439999,0.038225896436060586,342.54182878494794,0.00034370747518761843,0.22608714923262596,False,False,0.22608714923262596
s-001,after_one_actual_history_call,9,200,1,-7760.635646712,8960.988772571,14227.392221602,6367.159872101205,1200.353125859052,9303.530601356,1542.8949546439999,0.038225896436060586,342.54182878494794,0.00034370747518761843,0.22543848305940628,False,False,0.22543848305940628
s-001,after_one_actual_history_call,9,1000,0,-7760.635646712,8960.988772571,14227.392221602,6367.159872101205,1200.353125859052,9303.530601356,1542.8949546439999,0.038225896436060586,342.54182878494794,0.00034370747518761843,1.0248137302696705,False,False,1.0248137302696705
s-001,after_one_actual_history_call,9,1000,1,-7760.635646712,8960.988772571,14227.392221602,6367.159872101205,1200.353125859052,9303.530601356,1542.8949546439999,0.038225896436060586,342.54182878494794,0.00034370747518761843,1.0245690941810608,False,False,1.0245690941810608
s-001,after_one_actual_history_call,10,200,0,-33451.680073434,34014.275004606,52017.30624349,26133.1998065978,1200.353125859052,35601.810737562,2150.1306641280025,0.04667263179182931,949.7775382689506,0.0009530095662368852,0.22677022963762283,False,False,0.22677022963762283
s-001,after_one_actual_history_call,10,200,1,-33451.680073434,34014.275004606,52017.30624349,26133.1998065978,1200.353125859052,35601.810737562,2150.1306641280025,0.04667263179182931,949.7775382689506,0.0009530095662368852,0.2281268648803234,False,False,0.2281268648803234
s-001,after_one_actual_history_call,10,1000,0,-33451.680073434,34014.275004606,52017.30624349,26133.1998065978,1200.353125859052,35601.810737562,2150.1306641280025,0.04667263179182931,949.7775382689506,0.0009530095662368852,1.026703555136919,False,False,1.026703555136919
s-001,after_one_actual_history_call,10,1000,1,-33451.680073434,34014.275004606,52017.30624349,26133.1998065978,1200.353125859052,35601.810737562,2150.1306641280025,0.04667263179182931,949.7775382689506,0.0009530095662368852,1.0270917005836964,False,False,1.0270917005836964
s-001,after_one_actual_history_call,0,50,0,-7857.547415678,8142.890070116,14735.762569954999,5713.941580492621,1200.353125859052,8142.890070116,285.34265443799995,0.0,0.0,0.0,0.08502243459224701,False,True,
s-001,after_one_actual_history_call,0,50,1,-7857.547415678,8142.890070116,14735.762569954999,5713.941580492621,1200.353125859052,8142.890070116,285.34265443799995,0.0,0.0,0.0,0.08308687433600426,False,True,
s-001,after_one_actual_history_call,1,50,0,-32793.15825169,32793.15825169,43802.935180992,25183.050475971235,1200.353125859052,33332.640749247,539.4824975570009,0.016451068647198645,0.0,0.0,0.07853918522596359,False,False,
s-001,after_one_actual_history_call,1,50,1,-32793.15825169,32793.15825169,43802.935180992,25183.050475971235,1200.353125859052,33332.640749247,539.4824975570009,0.016451068647198645,0.0,0.0,0.07798384502530098,False,False,
s-001,after_one_actual_history_call,2,50,0,165.37815266300004,212.278311168,212.278311168,212.278311168,1200.353125859052,212.278311168,377.656463831,0.0,0.0,0.0,0.07317931577563286,False,True,
s-001,after_one_actual_history_call,2,50,1,165.37815266300004,212.278311168,212.278311168,212.278311168,1200.353125859052,212.278311168,377.656463831,0.0,0.0,0.0,0.07341669127345085,False,True,
s-001,after_one_actual_history_call,3,50,0,-7890.9626301200005,9011.544198695,14301.275734614,6250.211984157855,1200.353125859052,9334.816825731,1443.8541956110003,0.03587316667467651,243.5010697519483,0.0002443296872291469,0.0762529969215393,False,False,0.0762529969215393
s-001,after_one_actual_history_call,3,50,1,-7890.9626301200005,9011.544198695,14301.275734614,6250.211984157855,1200.353125859052,9334.816825731,1443.8541956110003,0.03587316667467651,243.5010697519483,0.0002443296872291469,0.07705298811197281,False,False,0.07705298811197281
s-001,after_one_actual_history_call,4,50,0,-32551.818464421005,32717.196617084,45985.736025368,24519.555319702227,1200.353125859052,33404.00096105,852.1824966289932,0.020992151375444242,0.0,0.0,0.07838835939764977,False,False,
s-001,after_one_actual_history_call,4,50,1,-32551.818464421005,32717.196617084,45985.736025368,24519.555319702227,1200.353125859052,33404.00096105,852.1824966289932,0.020992151375444242,0.0,0.0,0.07878507673740387,False,False,
s-001,after_one_actual_history_call,5,50,0,312.37274249000006,212.278311168,212.278311168,212.278311168,1200.353125859052,212.278311168,524.651053658,0.0,0.0,0.0,0.07278610020875931,False,True,
s-001,after_one_actual_history_call,5,50,1,312.37274249000006,212.278311168,212.278311168,212.278311168,1200.353125859052,212.278311168,524.651053658,0.0,0.0,0.0,0.07350178807973862,False,True,
s-001,after_one_actual_history_call,6,50,0,-7811.963766990999,8786.300690543001,14783.922286476,6212.867527405531,1200.353125859052,9232.606848832,1420.6430818410008,0.05079568455577367,220.28995598194888,0.00022103958762736175,0.07552571222186089,False,False,0.07552571222186089
s-001,after_one_actual_history_call,6,50,1,-7811.963766990999,8786.300690543001,14783.922286476,6212.867527405531,1200.353125859052,9232.606848832,1420.6430818410008,0.05079568455577367,220.28995598194888,0.00022103958762736175,0.07626364380121231,False,False,0.07626364380121231
s-001,after_one_actual_history_call,7,50,0,-31908.569451956002,33018.999116876,49103.675386221,25438.073429307224,1200.353125859052,33562.536865352,1653.9674133959961,0.01646136354866655,453.6142875369442,0.00045515790591588184,0.07951619103550911,False,False,0.07951619103550911
s-001,after_one_actual_history_call,7,50,1,-31908.569451956002,33018.999116876,49103.675386221,25438.073429307224,1200.353125859052,33562.536865352,1653.9674133959961,0.01646136354866655,453.6142875369442,0.00045515790591588184,0.07950938120484352,False,False,0.07950938120484352
s-001,after_one_actual_history_call,8,50,0,538.388944797,212.278311168,212.278311168,212.278311168,1200.353125859052,212.278311168,750.667255965,0.0,0.0,0.0,0.07369696348905563,False,True,
s-001,after_one_actual_history_call,8,50,1,538.388944797,212.278311168,212.278311168,212.278311168,1200.353125859052,212.278311168,750.667255965,0.0,0.0,0.0,0.07352782413363457,False,True,
s-001,after_one_actual_history_call,9,50,0,-7760.635646712,8960.988772571,14227.392221602,6367.159872101205,1200.353125859052,9303.530601356,1542.8949546439999,0.038225896436060586,342.54182878494794,0.00034370747518761843,0.07759438827633858,False,False,0.07759438827633858
s-001,after_one_actual_history_call,9,50,1,-7760.635646712,8960.988772571,14227.392221602,6367.159872101205,1200.353125859052,9303.530601356,1542.8949546439999,0.038225896436060586,342.54182878494794,0.00034370747518761843,0.0754806324839592,False,False,0.0754806324839592
s-001,after_one_actual_history_call,10,50,0,-33451.680073434,34014.275004606,52017.30624349,26133.1998065978,1200.353125859052,35601.810737562,2150.1306641280025,0.04667263179182931,949.7775382689506,0.0009530095662368852,0.0794881284236908,False,False,0.0794881284236908
s-001,after_one_actual_history_call,10,50,1,-33451.680073434,34014.275004606,52017.30624349,26133.1998065978,1200.353125859052,35601.810737562,2150.1306641280025,0.04667263179182931,949.7775382689506,0.0009530095662368852,0.07847639173269272,False,False,0.07847639173269272
s-001,after_one_actual_history_call,0,10,0,-7857.547415678,8142.890070116,14735.762569954999,5713.941580492621,1200.353125859052,8142.890070116,285.34265443799995,0.0,0.0,0.0,0.04006098210811615,False,True,
s-001,after_one_actual_history_call,0,10,1,-7857.547415678,8142.890070116,14735.762569954999,5713.941580492621,1200.353125859052,8142.890070116,285.34265443799995,0.0,0.0,0.0,0.0402509979903698,False,True,
s-001,after_one_actual_history_call,1,10,0,-32793.15825169,32793.15825169,43802.935180992,25183.050475971235,1200.353125859052,33332.640749247,539.4824975570009,0.016451068647198645,0.0,0.0,0.03977163881063461,False,False,
s-001,after_one_actual_history_call,1,10,1,-32793.15825169,32793.15825169,43802.935180992,25183.050475971235,1200.353125859052,33332.640749247,539.4824975570009,0.016451068647198645,0.0,0.0,0.03990256413817406,False,False,
s-001,after_one_actual_history_call,2,10,0,165.37815266300004,212.278311168,212.278311168,212.278311168,1200.353125859052,212.278311168,377.656463831,0.0,0.0,0.0,0.03503241017460823,False,True,
s-001,after_one_actual_history_call,2,10,1,165.37815266300004,212.278311168,212.278311168,212.278311168,1200.353125859052,212.278311168,377.656463831,0.0,0.0,0.0,0.034699488431215286,False,True,
s-001,after_one_actual_history_call,3,10,0,-7890.9626301200005,9011.544198695,14301.275734614,6250.211984157855,1200.353125859052,9334.816825731,1443.8541956110003,0.03587316667467651,243.5010697519483,0.0002443296872291469,0.037293870002031326,False,False,0.037293870002031326
s-001,after_one_actual_history_call,3,10,1,-7890.9626301200005,9011.544198695,14301.275734614,6250.211984157855,1200.353125859052,9334.816825731,1443.8541956110003,0.03587316667467651,243.5010697519483,0.0002443296872291469,0.036122869700193405,False,False,0.036122869700193405
s-001,after_one_actual_history_call,4,10,0,-32551.818464421005,32717.196617084,45985.736025368,24519.555319702227,1200.353125859052,33404.00096105,852.1824966289932,0.020992151375444242,0.0,0.0,0.0392155721783638,False,False,
s-001,after_one_actual_history_call,4,10,1,-32551.818464421005,32717.196617084,45985.736025368,24519.555319702227,1200.353125859052,33404.00096105,852.1824966289932,0.020992151375444242,0.0,0.0,0.039460595697164536,False,False,
s-001,after_one_actual_history_call,5,10,0,312.37274249000006,212.278311168,212.278311168,212.278311168,1200.353125859052,212.278311168,524.651053658,0.0,0.0,0.0,0.03538129851222038,False,True,
s-001,after_one_actual_history_call,5,10,1,312.37274249000006,212.278311168,212.278311168,212.278311168,1200.353125859052,212.278311168,524.651053658,0.0,0.0,0.0,0.03422538563609123,False,True,
s-001,after_one_actual_history_call,6,10,0,-7811.963766990999,8786.300690543001,14783.922286476,6212.867527405531,1200.353125859052,9232.606848832,1420.6430818410008,0.05079568455577367,220.28995598194888,0.00022103958762736175,0.03546898066997528,False,False,0.03546898066997528
s-001,after_one_actual_history_call,6,10,1,-7811.963766990999,8786.300690543001,14783.922286476,6212.867527405531,1200.353125859052,9232.606848832,1420.6430818410008,0.05079568455577367,220.28995598194888,0.00022103958762736175,0.036185912787914276,False,False,0.036185912787914276
s-001,after_one_actual_history_call,7,10,0,-31908.569451956002,33018.999116876,49103.675386221,25438.073429307224,1200.353125859052,33562.536865352,1653.9674133959961,0.01646136354866655,453.6142875369442,0.00045515790591588184,0.03830321878194809,False,False,0.03830321878194809
s-001,after_one_actual_history_call,7,10,1,-31908.569451956002,33018.999116876,49103.675386221,25438.073429307224,1200.353125859052,33562.536865352,1653.9674133959961,0.01646136354866655,453.6142875369442,0.00045515790591588184,0.03938964381814003,False,False,0.03938964381814003
s-001,after_one_actual_history_call,8,10,0,538.388944797,212.278311168,212.278311168,212.278311168,1200.353125859052,212.278311168,750.667255965,0.0,0.0,0.0,0.034591738134622574,False,True,
s-001,after_one_actual_history_call,8,10,1,538.388944797,212.278311168,212.278311168,212.278311168,1200.353125859052,212.278311168,750.667255965,0.0,0.0,0.0,0.03478125110268593,False,True,
s-001,after_one_actual_history_call,9,10,0,-7760.635646712,8960.988772571,14227.392221602,6367.159872101205,1200.353125859052,9303.530601356,1542.8949546439999,0.038225896436060586,342.54182878494794,0.00034370747518761843,0.03682703152298927,False,False,0.03682703152298927
s-001,after_one_actual_history_call,9,10,1,-7760.635646712,8960.988772571,14227.392221602,6367.159872101205,1200.353125859052,9303.530601356,1542.8949546439999,0.038225896436060586,342.54182878494794,0.00034370747518761843,0.03641510382294655,False,False,0.03641510382294655
s-001,after_one_actual_history_call,10,10,0,-33451.680073434,34014.275004606,52017.30624349,26133.1998065978,1200.353125859052,35601.810737562,2150.1306641280025,0.04667263179182931,949.7775382689506,0.0009530095662368852,0.03933396190404892,False,False,0.03933396190404892
s-001,after_one_actual_history_call,10,10,1,-33451.680073434,34014.275004606,52017.30624349,26133.1998065978,1200.353125859052,35601.810737562,2150.1306641280025,0.04667263179182931,949.7775382689506,0.0009530095662368852,0.039030250161886215,False,False,0.039030250161886215
s-002,after_common_greedy_prefix,0,200,0,-8304.99392964,8718.383507128,14120.936791943,5937.268125188266,1200.353125859052,8838.983700221,533.9897705809999,0.013832861676066541,0.0,0.0,0.2262369878590107,False,False,
s-002,after_common_greedy_prefix,0,200,1,-8304.99392964,8718.383507128,14120.936791943,5937.268125188266,1200.353125859052,8838.983700221,533.9897705809999,0.013832861676066541,0.0,0.0,0.22620739787817,False,False,
s-002,after_common_greedy_prefix,0,1000,0,-8304.99392964,8718.383507128,14120.936791943,5937.268125188266,1200.353125859052,8838.983700221,533.9897705809999,0.013832861676066541,0.0,0.0,1.0238244570791721,False,False,
s-002,after_common_greedy_prefix,0,1000,1,-8304.99392964,8718.383507128,14120.936791943,5937.268125188266,1200.353125859052,8838.983700221,533.9897705809999,0.013832861676066541,0.0,0.0,1.0269262455403805,False,False,
s-002,after_common_greedy_prefix,1,200,0,-32169.900250418,32169.900250418,42058.895089803,26499.389953519556,1200.353125859052,32492.215043531,322.31479311300063,0.010019141825247426,0.0,0.0,0.22708242386579514,False,False,
s-002,after_common_greedy_prefix,1,200,1,-32169.900250418,32169.900250418,42058.895089803,26499.389953519556,1200.353125859052,32492.215043531,322.31479311300063,0.010019141825247426,0.0,0.0,0.22803372144699097,False,False,
s-002,after_common_greedy_prefix,1,1000,0,-32169.900250418,32169.900250418,42058.895089803,26499.389953519556,1200.353125859052,32492.215043531,322.31479311300063,0.010019141825247426,0.0,0.0,1.027702946215868,False,False,
s-002,after_common_greedy_prefix,1,1000,1,-32169.900250418,32169.900250418,42058.895089803,26499.389953519556,1200.353125859052,32492.215043531,322.31479311300063,0.010019141825247426,0.0,0.0,1.027134981006384,False,False,
s-002,after_common_greedy_prefix,2,200,0,165.37815266300004,212.278311168,212.278311168,212.278311168,1200.353125859052,212.278311168,377.656463831,0.0,0.0,0.0,0.2224162146449089,False,True,
s-002,after_common_greedy_prefix,2,200,1,165.37815266300004,212.278311168,212.278311168,212.278311168,1200.353125859052,212.278311168,377.656463831,0.0,0.0,0.0,0.22286417335271835,False,True,
s-002,after_common_greedy_prefix,2,1000,0,165.37815266300004,212.278311168,212.278311168,212.278311168,1200.353125859052,212.278311168,377.656463831,0.0,0.0,0.0,1.0219156816601753,False,True,
s-002,after_common_greedy_prefix,2,1000,1,165.37815266300004,212.278311168,212.278311168,212.278311168,1200.353125859052,212.278311168,377.656463831,0.0,0.0,0.0,1.0220397785305977,False,True,
s-002,after_common_greedy_prefix,3,200,0,-8002.115211099999,9122.696779675,14804.569065008,6448.995386365505,1200.353125859052,9581.866669673,1579.7514585730005,0.05033269230443043,379.39833271394855,0.00038068939927733995,0.22478905320167542,False,False,0.22478905320167542
s-002,after_common_greedy_prefix,3,200,1,-8002.115211099999,9122.696779675,14804.569065008,6448.995386365505,1200.353125859052,9581.866669673,1579.7514585730005,0.05033269230443043,379.39833271394855,0.00038068939927733995,0.22469830885529518,False,False,0.22469830885529518
s-002,after_common_greedy_prefix,3,1000,0,-8002.115211099999,9122.696779675,14804.569065008,6448.995386365505,1200.353125859052,9581.866669673,1579.7514585730005,0.05033269230443043,379.39833271394855,0.00038068939927733995,1.0238546468317509,False,False,1.0238546468317509
s-002,after_common_greedy_prefix,3,1000,1,-8002.115211099999,9122.696779675,14804.569065008,6448.995386365505,1200.353125859052,9581.866669673,1579.7514585730005,0.05033269230443043,379.39833271394855,0.00038068939927733995,1.0252597071230412,False,False,1.0252597071230412
s-002,after_common_greedy_prefix,4,200,0,-32943.889088153,33109.267240816,46113.371864513,25127.660990884837,1200.353125859052,33803.068610548,859.1795223949957,0.020954899565904715,0.0,0.0,0.22769101709127426,False,False,
s-002,after_common_greedy_prefix,4,200,1,-32943.889088153,33109.267240816,46113.371864513,25127.660990884837,1200.353125859052,33803.068610548,859.1795223949957,0.020954899565904715,0.0,0.0,0.22782552987337112,False,False,
s-002,after_common_greedy_prefix,4,1000,0,-32943.889088153,33109.267240816,46113.371864513,25127.660990884837,1200.353125859052,33803.068610548,859.1795223949957,0.020954899565904715,0.0,0.0,1.0272075161337852,False,False,
s-002,after_common_greedy_prefix,4,1000,1,-32943.889088153,33109.267240816,46113.371864513,25127.660990884837,1200.353125859052,33803.068610548,859.1795223949957,0.020954899565904715,0.0,0.0,1.0269405655562878,False,False,
s-002,after_common_greedy_prefix,5,200,0,312.37274249000006,212.278311168,212.278311168,212.278311168,1200.353125859052,212.278311168,524.651053658,0.0,0.0,0.0,0.22227133437991142,False,True,
s-002,after_common_greedy_prefix,5,200,1,312.37274249000006,212.278311168,212.278311168,212.278311168,1200.353125859052,212.278311168,524.651053658,0.0,0.0,0.0,0.2223275564610958,False,True,
s-002,after_common_greedy_prefix,5,1000,0,312.37274249000006,212.278311168,212.278311168,212.278311168,1200.353125859052,212.278311168,524.651053658,0.0,0.0,0.0,1.022291712462902,False,True,
s-002,after_common_greedy_prefix,5,1000,1,312.37274249000006,212.278311168,212.278311168,212.278311168,1200.353125859052,212.278311168,524.651053658,0.0,0.0,0.0,1.022510040551424,False,True,
s-002,after_common_greedy_prefix,6,200,0,-7818.201465030999,8792.538388583,14100.53617812,6088.782344230157,1200.353125859052,9191.359092904,1373.1576278730008,0.045358994944948335,172.80450201394888,0.00017339254390901415,0.22547291964292526,False,False,0.22547291964292526
s-002,after_common_greedy_prefix,6,200,1,-7818.201465030999,8792.538388583,14100.53617812,6088.782344230157,1200.353125859052,9191.359092904,1373.1576278730008,0.045358994944948335,172.80450201394888,0.00017339254390901415,0.2253851518034935,False,False,0.2253851518034935
s-002,after_common_greedy_prefix,6,1000,0,-7818.201465030999,8792.538388583,14100.53617812,6088.782344230157,1200.353125859052,9191.359092904,1373.1576278730008,0.045358994944948335,172.80450201394888,0.00017339254390901415,1.0257862098515034,False,False,1.0257862098515034
s-002,after_common_greedy_prefix,6,1000,1,-7818.201465030999,8792.538388583,14100.53617812,6088.782344230157,1200.353125859052,9191.359092904,1373.1576278730008,0.045358994944948335,172.80450201394888,0.00017339254390901415,1.0266531854867935,False,False,1.0266531854867935
s-002,after_common_greedy_prefix,7,200,0,-31787.023630238004,32099.396372728,49536.395132801,25436.006981655017,1200.353125859052,33125.214402668,1338.19077243,0.03195754892174704,137.83764657094798,0.0001383066986497785,0.2262381576001644,False,False,0.2262381576001644
s-002,after_common_greedy_prefix,7,200,1,-31787.023630238004,32099.396372728,49536.395132801,25436.006981655017,1200.353125859052,33125.214402668,1338.19077243,0.03195754892174704,137.83764657094798,0.0001383066986497785,0.2271314524114132,False,False,0.2271314524114132
s-002,after_common_greedy_prefix,7,1000,0,-31787.023630238004,32099.396372728,49536.395132801,25436.006981655017,1200.353125859052,33125.214402668,1338.19077243,0.03195754892174704,137.83764657094798,0.0001383066986497785,1.0262339562177658,False,False,1.0262339562177658
s-002,after_common_greedy_prefix,7,1000,1,-31787.023630238004,32099.396372728,49536.395132801,25436.006981655017,1200.353125859052,33125.214402668,1338.19077243,0.03195754892174704,137.83764657094798,0.0001383066986497785,1.0273904651403427,False,False,1.0273904651403427
s-002,after_common_greedy_prefix,8,200,0,538.388944797,212.278311168,212.278311168,212.278311168,1200.353125859052,212.278311168,750.667255965,0.0,0.0,0.0,0.22299503535032272,False,True,
s-002,after_common_greedy_prefix,8,200,1,538.388944797,212.278311168,212.278311168,212.278311168,1200.353125859052,212.278311168,750.667255965,0.0,0.0,0.0,0.22259942442178726,False,True,
s-002,after_common_greedy_prefix,8,1000,0,538.388944797,212.278311168,212.278311168,212.278311168,1200.353125859052,212.278311168,750.667255965,0.0,0.0,0.0,1.0219772271811962,False,True,
s-002,after_common_greedy_prefix,8,1000,1,538.388944797,212.278311168,212.278311168,212.278311168,1200.353125859052,212.278311168,750.667255965,0.0,0.0,0.0,1.0221884697675705,False,True,
s-002,after_common_greedy_prefix,9,200,0,-7738.197391778,8938.550517637,14204.953966668,6299.759707995288,1200.353125859052,9281.092346422,1542.8949546439999,0.03832185409805721,342.54182878494794,0.00034370747518761843,0.2245788313448429,False,False,0.2245788313448429
s-002,after_common_greedy_prefix,9,200,1,-7738.197391778,8938.550517637,14204.953966668,6299.759707995288,1200.353125859052,9281.092346422,1542.8949546439999,0.03832185409805721,342.54182878494794,0.00034370747518761843,0.22289606928825378,False,False,0.22289606928825378
s-002,after_common_greedy_prefix,9,1000,0,-7738.197391778,8938.550517637,14204.953966668,6299.759707995288,1200.353125859052,9281.092346422,1542.8949546439999,0.03832185409805721,342.54182878494794,0.00034370747518761843,1.0249169170856476,False,False,1.0249169170856476
s-002,after_common_greedy_prefix,9,1000,1,-7738.197391778,8938.550517637,14204.953966668,6299.759707995288,1200.353125859052,9281.092346422,1542.8949546439999,0.03832185409805721,342.54182878494794,0.00034370747518761843,1.023476019501686,False,False,1.023476019501686
s-002,after_common_greedy_prefix,10,200,0,-33084.52927589,34273.659445239,50284.719489928,26145.474032962913,1200.353125859052,35236.553821286,2152.024545395994,0.028094297242623627,951.6714195369423,0.0009549098922532306,0.2265871874988079,False,False,0.2265871874988079
s-002,after_common_greedy_prefix,10,200,1,-33084.52927589,34273.659445239,50284.719489928,26145.474032962913,1200.353125859052,35236.553821286,2152.024545395994,0.028094297242623627,951.6714195369423,0.0009549098922532306,0.22628506273031235,False,False,0.22628506273031235
s-002,after_common_greedy_prefix,10,1000,0,-33084.52927589,34273.659445239,50284.719489928,26145.474032962913,1200.353125859052,35236.553821286,2152.024545395994,0.028094297242623627,951.6714195369423,0.0009549098922532306,1.027018703520298,False,False,1.027018703520298
s-002,after_common_greedy_prefix,10,1000,1,-33084.52927589,34273.659445239,50284.719489928,26145.474032962913,1200.353125859052,35236.553821286,2152.024545395994,0.028094297242623627,951.6714195369423,0.0009549098922532306,1.026614237576723,False,False,1.026614237576723
s-002,after_common_greedy_prefix,0,50,0,-8304.99392964,8718.383507128,14120.936791943,5937.268125188266,1200.353125859052,8838.983700221,533.9897705809999,0.013832861676066541,0.0,0.0,0.0773208998143673,False,False,
s-002,after_common_greedy_prefix,0,50,1,-8304.99392964,8718.383507128,14120.936791943,5937.268125188266,1200.353125859052,8838.983700221,533.9897705809999,0.013832861676066541,0.0,0.0,0.07590637728571892,False,False,
s-002,after_common_greedy_prefix,1,50,0,-32169.900250418,32169.900250418,42058.895089803,26499.389953519556,1200.353125859052,32492.215043531,322.31479311300063,0.010019141825247426,0.0,0.0,0.07779577746987343,False,False,
s-002,after_common_greedy_prefix,1,50,1,-32169.900250418,32169.900250418,42058.895089803,26499.389953519556,1200.353125859052,32492.215043531,322.31479311300063,0.010019141825247426,0.0,0.0,0.07779258489608765,False,False,
s-002,after_common_greedy_prefix,2,50,0,165.37815266300004,212.278311168,212.278311168,212.278311168,1200.353125859052,212.278311168,377.656463831,0.0,0.0,0.0,0.07483347877860069,False,True,
s-002,after_common_greedy_prefix,2,50,1,165.37815266300004,212.278311168,212.278311168,212.278311168,1200.353125859052,212.278311168,377.656463831,0.0,0.0,0.0,0.07301344722509384,False,True,
s-002,after_common_greedy_prefix,3,50,0,-8002.115211099999,9122.696779675,14804.569065008,6448.995386365505,1200.353125859052,9581.866669673,1579.7514585730005,0.05033269230443043,379.39833271394855,0.00038068939927733995,0.0760125070810318,False,False,0.0760125070810318
s-002,after_common_greedy_prefix,3,50,1,-8002.115211099999,9122.696779675,14804.569065008,6448.995386365505,1200.353125859052,9581.866669673,1579.7514585730005,0.05033269230443043,379.39833271394855,0.00038068939927733995,0.077333252876997,False,False,0.077333252876997
s-002,after_common_greedy_prefix,4,50,0,-32943.889088153,33109.267240816,46113.371864513,25127.660990884837,1200.353125859052,33803.068610548,859.1795223949957,0.020954899565904715,0.0,0.0,0.08150330185890198,False,False,
s-002,after_common_greedy_prefix,4,50,1,-32943.889088153,33109.267240816,46113.371864513,25127.660990884837,1200.353125859052,33803.068610548,859.1795223949957,0.020954899565904715,0.0,0.0,0.07861867174506187,False,False,
s-002,after_common_greedy_prefix,5,50,0,312.37274249000006,212.278311168,212.278311168,212.278311168,1200.353125859052,212.278311168,524.651053658,0.0,0.0,0.0,0.078386340290308,False,True,
s-002,after_common_greedy_prefix,5,50,1,312.37274249000006,212.278311168,212.278311168,212.278311168,1200.353125859052,212.278311168,524.651053658,0.0,0.0,0.0,0.0813182108104229,False,True,
s-002,after_common_greedy_prefix,6,50,0,-7818.201465030999,8792.538388583,14100.53617812,6088.782344230157,1200.353125859052,9191.359092904,1373.1576278730008,0.045358994944948335,172.80450201394888,0.00017339254390901415,0.0852782130241394,False,False,0.0852782130241394
s-002,after_common_greedy_prefix,6,50,1,-7818.201465030999,8792.538388583,14100.53617812,6088.782344230157,1200.353125859052,9191.359092904,1373.1576278730008,0.045358994944948335,172.80450201394888,0.00017339254390901415,0.07925164699554443,False,False,0.07925164699554443
s-002,after_common_greedy_prefix,7,50,0,-31787.023630238004,32099.396372728,49536.395132801,25436.006981655017,1200.353125859052,32957.960372377,1170.9367421389943,0.0267470450122995,0.0,0.0,0.08128566667437553,False,False,
s-002,after_common_greedy_prefix,7,50,1,-31787.023630238004,32099.396372728,49536.395132801,25436.006981655017,1200.353125859052,32957.960372377,1170.9367421389943,0.0267470450122995,0.0,0.0,0.07939575612545013,False,False,
s-002,after_common_greedy_prefix,8,50,0,538.388944797,212.278311168,212.278311168,212.278311168,1200.353125859052,212.278311168,750.667255965,0.0,0.0,0.0,0.07405056804418564,False,True,
s-002,after_common_greedy_prefix,8,50,1,538.388944797,212.278311168,212.278311168,212.278311168,1200.353125859052,212.278311168,750.667255965,0.0,0.0,0.0,0.07341137900948524,False,True,
s-002,after_common_greedy_prefix,9,50,0,-7738.197391778,8938.550517637,14204.953966668,6299.759707995288,1200.353125859052,9281.092346422,1542.8949546439999,0.03832185409805721,342.54182878494794,0.00034370747518761843,0.07615407183766365,False,False,0.07615407183766365
s-002,after_common_greedy_prefix,9,50,1,-7738.197391778,8938.550517637,14204.953966668,6299.759707995288,1200.353125859052,9281.092346422,1542.8949546439999,0.03832185409805721,342.54182878494794,0.00034370747518761843,0.07617685198783875,False,False,0.07617685198783875
s-002,after_common_greedy_prefix,10,50,0,-33084.52927589,34273.659445239,50284.719489928,26145.474032962913,1200.353125859052,35236.553821286,2152.024545395994,0.028094297242623627,951.6714195369423,0.0009549098922532306,0.07845982164144516,False,False,0.07845982164144516
s-002,after_common_greedy_prefix,10,50,1,-33084.52927589,34273.659445239,50284.719489928,26145.474032962913,1200.353125859052,35236.553821286,2152.024545395994,0.028094297242623627,951.6714195369423,0.0009549098922532306,0.07954681664705276,False,False,0.07954681664705276
s-002,after_common_greedy_prefix,0,10,0,-8304.99392964,8718.383507128,14120.936791943,5937.268125188266,1200.353125859052,8838.983700221,533.9897705809999,0.013832861676066541,0.0,0.0,0.040050771087408066,False,False,
s-002,after_common_greedy_prefix,0,10,1,-8304.99392964,8718.383507128,14120.936791943,5937.268125188266,1200.353125859052,8838.983700221,533.9897705809999,0.013832861676066541,0.0,0.0,0.03978336229920387,False,False,
s-002,after_common_greedy_prefix,1,10,0,-32169.900250418,32169.900250418,42058.895089803,26499.389953519556,1200.353125859052,32492.215043531,322.31479311300063,0.010019141825247426,0.0,0.0,0.04185359179973602,False,False,
s-002,after_common_greedy_prefix,1,10,1,-32169.900250418,32169.900250418,42058.895089803,26499.389953519556,1200.353125859052,32492.215043531,322.31479311300063,0.010019141825247426,0.0,0.0,0.0418405756354332,False,False,
s-002,after_common_greedy_prefix,2,10,0,165.37815266300004,212.278311168,212.278311168,212.278311168,1200.353125859052,212.278311168,377.656463831,0.0,0.0,0.0,0.03549942746758461,False,True,
s-002,after_common_greedy_prefix,2,10,1,165.37815266300004,212.278311168,212.278311168,212.278311168,1200.353125859052,212.278311168,377.656463831,0.0,0.0,0.0,0.03537466749548912,False,True,
s-002,after_common_greedy_prefix,3,10,0,-8002.115211099999,9122.696779675,14804.569065008,6448.995386365505,1200.353125859052,9581.866669673,1579.7514585730005,0.05033269230443043,379.39833271394855,0.00038068939927733995,0.0374615378677845,False,False,0.0374615378677845
s-002,after_common_greedy_prefix,3,10,1,-8002.115211099999,9122.696779675,14804.569065008,6448.995386365505,1200.353125859052,9581.866669673,1579.7514585730005,0.05033269230443043,379.39833271394855,0.00038068939927733995,0.03771888092160225,False,False,0.03771888092160225
s-002,after_common_greedy_prefix,4,10,0,-32943.889088153,33109.267240816,46113.371864513,25127.660990884837,1200.353125859052,33803.068610548,859.1795223949957,0.020954899565904715,0.0,0.0,0.04122879356145859,False,False,
s-002,after_common_greedy_prefix,4,10,1,-32943.889088153,33109.267240816,46113.371864513,25127.660990884837,1200.353125859052,33803.068610548,859.1795223949957,0.020954899565904715,0.0,0.0,0.04096279293298721,False,False,
s-002,after_common_greedy_prefix,5,10,0,312.37274249000006,212.278311168,212.278311168,212.278311168,1200.353125859052,212.278311168,524.651053658,0.0,0.0,0.0,0.035331279039382935,False,True,
s-002,after_common_greedy_prefix,5,10,1,312.37274249000006,212.278311168,212.278311168,212.278311168,1200.353125859052,212.278311168,524.651053658,0.0,0.0,0.0,0.03540930151939392,False,True,
s-002,after_common_greedy_prefix,6,10,0,-7818.201465030999,8792.538388583,14100.53617812,6088.782344230157,1200.353125859052,9191.359092904,1373.1576278730008,0.045358994944948335,172.80450201394888,0.00017339254390901415,0.03764535114169121,False,False,0.03764535114169121
s-002,after_common_greedy_prefix,6,10,1,-7818.201465030999,8792.538388583,14100.53617812,6088.782344230157,1200.353125859052,9191.359092904,1373.1576278730008,0.045358994944948335,172.80450201394888,0.00017339254390901415,0.03716069087386131,False,False,0.03716069087386131
s-002,after_common_greedy_prefix,7,10,0,-31787.023630238004,32099.396372728,49536.395132801,25436.006981655017,1200.353125859052,32957.960372377,1170.9367421389943,0.0267470450122995,0.0,0.0,0.04037917032837868,False,False,
s-002,after_common_greedy_prefix,7,10,1,-31787.023630238004,32099.396372728,49536.395132801,25436.006981655017,1200.353125859052,32957.960372377,1170.9367421389943,0.0267470450122995,0.0,0.0,0.04094347730278969,False,False,
s-002,after_common_greedy_prefix,8,10,0,538.388944797,212.278311168,212.278311168,212.278311168,1200.353125859052,212.278311168,750.667255965,0.0,0.0,0.0,0.03633331134915352,False,True,
s-002,after_common_greedy_prefix,8,10,1,538.388944797,212.278311168,212.278311168,212.278311168,1200.353125859052,212.278311168,750.667255965,0.0,0.0,0.0,0.03647111728787422,False,True,
s-002,after_common_greedy_prefix,9,10,0,-7738.197391778,8938.550517637,14204.953966668,6299.759707995288,1200.353125859052,9281.092346422,1542.8949546439999,0.03832185409805721,342.54182878494794,0.00034370747518761843,0.03874609246850014,False,False,0.03874609246850014
s-002,after_common_greedy_prefix,9,10,1,-7738.197391778,8938.550517637,14204.953966668,6299.759707995288,1200.353125859052,9281.092346422,1542.8949546439999,0.03832185409805721,342.54182878494794,0.00034370747518761843,0.03891921415925026,False,False,0.03891921415925026
s-002,after_common_greedy_prefix,10,10,0,-33084.52927589,34273.659445239,50284.719489928,26145.474032962913,1200.353125859052,35236.553821286,2152.024545395994,0.028094297242623627,951.6714195369423,0.0009549098922532306,0.039884429425001144,False,False,0.039884429425001144
s-002,after_common_greedy_prefix,10,10,1,-33084.52927589,34273.659445239,50284.719489928,26145.474032962913,1200.353125859052,35236.553821286,2152.024545395994,0.028094297242623627,951.6714195369423,0.0009549098922532306,0.0397585928440094,False,False,0.0397585928440094
s-003,after_one_actual_history_call,0,200,0,-8304.99392964,8718.383507128,14120.936791943,5937.268125188266,1200.353125859052,8838.983700221,533.9897705809999,0.013832861676066541,0.0,0.0,0.23447393625974655,False,False,
s-003,after_one_actual_history_call,0,200,1,-8304.99392964,8718.383507128,14120.936791943,5937.268125188266,1200.353125859052,8838.983700221,533.9897705809999,0.013832861676066541,0.0,0.0,0.24779266491532326,False,False,
s-003,after_one_actual_history_call,0,1000,0,-8304.99392964,8718.383507128,14120.936791943,5937.268125188266,1200.353125859052,8838.983700221,533.9897705809999,0.013832861676066541,0.0,0.0,1.032278273254633,False,False,
s-003,after_one_actual_history_call,0,1000,1,-8304.99392964,8718.383507128,14120.936791943,5937.268125188266,1200.353125859052,8838.983700221,533.9897705809999,0.013832861676066541,0.0,0.0,1.043945424258709,False,False,
s-003,after_one_actual_history_call,1,200,0,-32169.900250418,32492.215043531,42058.895089803,26499.389953519556,1200.353125859052,32492.215043531,322.31479311300063,0.0,0.0,0.0,0.007267795503139496,False,True,
s-003,after_one_actual_history_call,1,200,1,-32169.900250418,32492.215043531,42058.895089803,26499.389953519556,1200.353125859052,32492.215043531,322.31479311300063,0.0,0.0,0.0,0.004934258759021759,False,True,
s-003,after_one_actual_history_call,1,1000,0,-32169.900250418,32492.215043531,42058.895089803,26499.389953519556,1200.353125859052,32492.215043531,322.31479311300063,0.0,0.0,0.0,1.032055415213108,False,True,
s-003,after_one_actual_history_call,1,1000,1,-32169.900250418,32492.215043531,42058.895089803,26499.389953519556,1200.353125859052,32492.215043531,322.31479311300063,0.0,0.0,0.0,1.031701449304819,False,True,
s-003,after_one_actual_history_call,2,200,0,165.37815266300004,212.278311168,212.278311168,212.278311168,1200.353125859052,212.278311168,377.656463831,0.0,0.0,0.0,0.23237435892224312,False,True,
s-003,after_one_actual_history_call,2,200,1,165.37815266300004,212.278311168,212.278311168,212.278311168,1200.353125859052,212.278311168,377.656463831,0.0,0.0,0.0,0.2307721972465515,False,True,
s-003,after_one_actual_history_call,2,1000,0,165.37815266300004,212.278311168,212.278311168,212.278311168,1200.353125859052,212.278311168,377.656463831,0.0,0.0,0.0,1.0311162881553173,False,True,
s-003,after_one_actual_history_call,2,1000,1,165.37815266300004,212.278311168,212.278311168,212.278311168,1200.353125859052,212.278311168,377.656463831,0.0,0.0,0.0,1.0225018225610256,False,True,
s-003,after_one_actual_history_call,3,200,0,-8002.115211099999,9122.696779675,14804.569065008,6448.995386365505,1200.353125859052,9581.866669673,1579.7514585730005,0.05033269230443043,379.39833271394855,0.00038068939927733995,0.23478372767567635,False,False,0.23478372767567635
s-003,after_one_actual_history_call,3,200,1,-8002.115211099999,9122.696779675,14804.569065008,6448.995386365505,1200.353125859052,9581.866669673,1579.7514585730005,0.05033269230443043,379.39833271394855,0.00038068939927733995,0.2270750142633915,False,False,0.2270750142633915
s-003,after_one_actual_history_call,3,1000,0,-8002.115211099999,9122.696779675,14804.569065008,6448.995386365505,1200.353125859052,9581.866669673,1579.7514585730005,0.05033269230443043,379.39833271394855,0.00038068939927733995,1.030743706971407,False,False,1.030743706971407
s-003,after_one_actual_history_call,3,1000,1,-8002.115211099999,9122.696779675,14804.569065008,6448.995386365505,1200.353125859052,9581.866669673,1579.7514585730005,0.05033269230443043,379.39833271394855,0.00038068939927733995,1.0255341306328773,False,False,1.0255341306328773
s-003,after_one_actual_history_call,4,200,0,-32943.889088153,33109.267240816,46113.371864513,25127.660990884837,1200.353125859052,33803.068610548,859.1795223949957,0.020954899565904715,0.0,0.0,0.230709508061409,False,False,
s-003,after_one_actual_history_call,4,200,1,-32943.889088153,33109.267240816,46113.371864513,25127.660990884837,1200.353125859052,33803.068610548,859.1795223949957,0.020954899565904715,0.0,0.0,0.23576026409864426,False,False,
s-003,after_one_actual_history_call,4,1000,0,-32943.889088153,33109.267240816,46113.371864513,25127.660990884837,1200.353125859052,33803.068610548,859.1795223949957,0.020954899565904715,0.0,0.0,1.0370149612426758,False,False,
s-003,after_one_actual_history_call,4,1000,1,-32943.889088153,33109.267240816,46113.371864513,25127.660990884837,1200.353125859052,33803.068610548,859.1795223949957,0.020954899565904715,0.0,0.0,1.0284127481281757,False,False,
s-003,after_one_actual_history_call,5,200,0,312.37274249000006,212.278311168,212.278311168,212.278311168,1200.353125859052,212.278311168,524.651053658,0.0,0.0,0.0,0.2261117547750473,False,True,
s-003,after_one_actual_history_call,5,200,1,312.37274249000006,212.278311168,212.278311168,212.278311168,1200.353125859052,212.278311168,524.651053658,0.0,0.0,0.0,0.22362948209047318,False,True,
s-003,after_one_actual_history_call,5,1000,0,312.37274249000006,212.278311168,212.278311168,212.278311168,1200.353125859052,212.278311168,524.651053658,0.0,0.0,0.0,1.0295162238180637,False,True,
s-003,after_one_actual_history_call,5,1000,1,312.37274249000006,212.278311168,212.278311168,212.278311168,1200.353125859052,212.278311168,524.651053658,0.0,0.0,0.0,1.032971378415823,False,True,
s-003,after_one_actual_history_call,6,200,0,-7818.201465030999,8792.538388583,14100.53617812,6088.782344230157,1200.353125859052,9191.359092904,1373.1576278730008,0.045358994944948335,172.80450201394888,0.00017339254390901415,0.22895845770835876,False,False,0.22895845770835876
s-003,after_one_actual_history_call,6,200,1,-7818.201465030999,8792.538388583,14100.53617812,6088.782344230157,1200.353125859052,9191.359092904,1373.1576278730008,0.045358994944948335,172.80450201394888,0.00017339254390901415,0.2269066572189331,False,False,0.2269066572189331
s-003,after_one_actual_history_call,6,1000,0,-7818.201465030999,8792.538388583,14100.53617812,6088.782344230157,1200.353125859052,9191.359092904,1373.1576278730008,0.045358994944948335,172.80450201394888,0.00017339254390901415,1.0290270410478115,False,False,1.0290270410478115
s-003,after_one_actual_history_call,6,1000,1,-7818.201465030999,8792.538388583,14100.53617812,6088.782344230157,1200.353125859052,9191.359092904,1373.1576278730008,0.045358994944948335,172.80450201394888,0.00017339254390901415,1.030325524508953,False,False,1.030325524508953
s-003,after_one_actual_history_call,7,200,0,-31787.023630238004,32099.396372728,49536.395132801,25436.006981655017,1200.353125859052,33125.214402668,1338.19077243,0.03195754892174704,137.83764657094798,0.0001383066986497785,0.22955595701932907,False,False,0.22955595701932907
s-003,after_one_actual_history_call,7,200,1,-31787.023630238004,32099.396372728,49536.395132801,25436.006981655017,1200.353125859052,33125.214402668,1338.19077243,0.03195754892174704,137.83764657094798,0.0001383066986497785,0.2414587177336216,False,False,0.2414587177336216
s-003,after_one_actual_history_call,7,1000,0,-31787.023630238004,32099.396372728,49536.395132801,25436.006981655017,1200.353125859052,33125.214402668,1338.19077243,0.03195754892174704,137.83764657094798,0.0001383066986497785,1.0353240109980106,False,False,1.0353240109980106
s-003,after_one_actual_history_call,7,1000,1,-31787.023630238004,32099.396372728,49536.395132801,25436.006981655017,1200.353125859052,33125.214402668,1338.19077243,0.03195754892174704,137.83764657094798,0.0001383066986497785,1.046315010637045,False,False,1.046315010637045
s-003,after_one_actual_history_call,8,200,0,538.388944797,212.278311168,212.278311168,212.278311168,1200.353125859052,212.278311168,750.667255965,0.0,0.0,0.0,0.229549091309309,False,True,
s-003,after_one_actual_history_call,8,200,1,538.388944797,212.278311168,212.278311168,212.278311168,1200.353125859052,212.278311168,750.667255965,0.0,0.0,0.0,0.22171251475811005,False,True,
s-003,after_one_actual_history_call,8,1000,0,538.388944797,212.278311168,212.278311168,212.278311168,1200.353125859052,212.278311168,750.667255965,0.0,0.0,0.0,1.0224263928830624,False,True,
s-003,after_one_actual_history_call,8,1000,1,538.388944797,212.278311168,212.278311168,212.278311168,1200.353125859052,212.278311168,750.667255965,0.0,0.0,0.0,1.0231150314211845,False,True,
s-003,after_one_actual_history_call,9,200,0,-7738.197391778,8938.550517637,14204.953966668,6299.759707995288,1200.353125859052,9281.092346422,1542.8949546439999,0.03832185409805721,342.54182878494794,0.00034370747518761843,0.2259579710662365,False,False,0.2259579710662365
s-003,after_one_actual_history_call,9,200,1,-7738.197391778,8938.550517637,14204.953966668,6299.759707995288,1200.353125859052,9281.092346422,1542.8949546439999,0.03832185409805721,342.54182878494794,0.00034370747518761843,0.2351425364613533,False,False,0.2351425364613533
s-003,after_one_actual_history_call,9,1000,0,-7738.197391778,8938.550517637,14204.953966668,6299.759707995288,1200.353125859052,9281.092346422,1542.8949546439999,0.03832185409805721,342.54182878494794,0.00034370747518761843,1.0416178666055202,False,False,1.0416178666055202
s-003,after_one_actual_history_call,9,1000,1,-7738.197391778,8938.550517637,14204.953966668,6299.759707995288,1200.353125859052,9281.092346422,1542.8949546439999,0.03832185409805721,342.54182878494794,0.00034370747518761843,1.025682743638754,False,False,1.025682743638754
s-003,after_one_actual_history_call,10,200,0,-33084.52927589,34273.659445239,50284.719489928,26145.474032962913,1200.353125859052,35236.553821286,2152.024545395994,0.028094297242623627,951.6714195369423,0.0009549098922532306,0.22886941954493523,False,False,0.22886941954493523
s-003,after_one_actual_history_call,10,200,1,-33084.52927589,34273.659445239,50284.719489928,26145.474032962913,1200.353125859052,35236.553821286,2152.024545395994,0.028094297242623627,951.6714195369423,0.0009549098922532306,0.22877556830644608,False,False,0.22877556830644608
s-003,after_one_actual_history_call,10,1000,0,-33084.52927589,34273.659445239,50284.719489928,26145.474032962913,1200.353125859052,35236.553821286,2152.024545395994,0.028094297242623627,951.6714195369423,0.0009549098922532306,1.0304342992603779,False,False,1.0304342992603779
s-003,after_one_actual_history_call,10,1000,1,-33084.52927589,34273.659445239,50284.719489928,26145.474032962913,1200.353125859052,35236.553821286,2152.024545395994,0.028094297242623627,951.6714195369423,0.0009549098922532306,1.0300089120864868,False,False,1.0300089120864868
s-003,after_one_actual_history_call,0,50,0,-8304.99392964,8718.383507128,14120.936791943,5937.268125188266,1200.353125859052,8838.983700221,533.9897705809999,0.013832861676066541,0.0,0.0,0.0750715434551239,False,False,
s-003,after_one_actual_history_call,0,50,1,-8304.99392964,8718.383507128,14120.936791943,5937.268125188266,1200.353125859052,8838.983700221,533.9897705809999,0.013832861676066541,0.0,0.0,0.07478825002908707,False,False,
s-003,after_one_actual_history_call,1,50,0,-32169.900250418,32492.215043531,42058.895089803,26499.389953519556,1200.353125859052,32492.215043531,322.31479311300063,0.0,0.0,0.0,0.07865185290575027,False,True,
s-003,after_one_actual_history_call,1,50,1,-32169.900250418,32492.215043531,42058.895089803,26499.389953519556,1200.353125859052,32492.215043531,322.31479311300063,0.0,0.0,0.0,0.07812027260661125,False,True,
s-003,after_one_actual_history_call,2,50,0,165.37815266300004,212.278311168,212.278311168,212.278311168,1200.353125859052,212.278311168,377.656463831,0.0,0.0,0.0,0.07419255748391151,False,True,
s-003,after_one_actual_history_call,2,50,1,165.37815266300004,212.278311168,212.278311168,212.278311168,1200.353125859052,212.278311168,377.656463831,0.0,0.0,0.0,0.07425690814852715,False,True,
s-003,after_one_actual_history_call,3,50,0,-8002.115211099999,9122.696779675,14804.569065008,6448.995386365505,1200.353125859052,9581.866669673,1579.7514585730005,0.05033269230443043,379.39833271394855,0.00038068939927733995,0.0780256800353527,False,False,0.0780256800353527
s-003,after_one_actual_history_call,3,50,1,-8002.115211099999,9122.696779675,14804.569065008,6448.995386365505,1200.353125859052,9581.866669673,1579.7514585730005,0.05033269230443043,379.39833271394855,0.00038068939927733995,0.07733404263854027,False,False,0.07733404263854027
s-003,after_one_actual_history_call,4,50,0,-32943.889088153,33109.267240816,46113.371864513,25127.660990884837,1200.353125859052,33803.068610548,859.1795223949957,0.020954899565904715,0.0,0.0,0.07898583635687828,False,False,
s-003,after_one_actual_history_call,4,50,1,-32943.889088153,33109.267240816,46113.371864513,25127.660990884837,1200.353125859052,33803.068610548,859.1795223949957,0.020954899565904715,0.0,0.0,0.07806750759482384,False,False,
s-003,after_one_actual_history_call,5,50,0,312.37274249000006,212.278311168,212.278311168,212.278311168,1200.353125859052,212.278311168,524.651053658,0.0,0.0,0.0,0.0735013410449028,False,True,
s-003,after_one_actual_history_call,5,50,1,312.37274249000006,212.278311168,212.278311168,212.278311168,1200.353125859052,212.278311168,524.651053658,0.0,0.0,0.0,0.07469391450285912,False,True,
s-003,after_one_actual_history_call,6,50,0,-7818.201465030999,8792.538388583,14100.53617812,6088.782344230157,1200.353125859052,9191.359092904,1373.1576278730008,0.045358994944948335,172.80450201394888,0.00017339254390901415,0.07566070556640625,False,False,0.07566070556640625
s-003,after_one_actual_history_call,6,50,1,-7818.201465030999,8792.538388583,14100.53617812,6088.782344230157,1200.353125859052,9191.359092904,1373.1576278730008,0.045358994944948335,172.80450201394888,0.00017339254390901415,0.07559635117650032,False,False,0.07559635117650032
s-003,after_one_actual_history_call,7,50,0,-31787.023630238004,32099.396372728,49536.395132801,25436.006981655017,1200.353125859052,32957.960372377,1170.9367421389943,0.0267470450122995,0.0,0.0,0.07984206825494766,False,False,
s-003,after_one_actual_history_call,7,50,1,-31787.023630238004,32099.396372728,49536.395132801,25436.006981655017,1200.353125859052,32957.960372377,1170.9367421389943,0.0267470450122995,0.0,0.0,0.07869015261530876,False,False,
s-003,after_one_actual_history_call,8,50,0,538.388944797,212.278311168,212.278311168,212.278311168,1200.353125859052,212.278311168,750.667255965,0.0,0.0,0.0,0.07450444623827934,False,True,
s-003,after_one_actual_history_call,8,50,1,538.388944797,212.278311168,212.278311168,212.278311168,1200.353125859052,212.278311168,750.667255965,0.0,0.0,0.0,0.07403871044516563,False,True,
s-003,after_one_actual_history_call,9,50,0,-7738.197391778,8938.550517637,14204.953966668,6299.759707995288,1200.353125859052,9281.092346422,1542.8949546439999,0.03832185409805721,342.54182878494794,0.00034370747518761843,0.07535490393638611,False,False,0.07535490393638611
s-003,after_one_actual_history_call,9,50,1,-7738.197391778,8938.550517637,14204.953966668,6299.759707995288,1200.353125859052,9281.092346422,1542.8949546439999,0.03832185409805721,342.54182878494794,0.00034370747518761843,0.07535164430737495,False,False,0.07535164430737495
s-003,after_one_actual_history_call,10,50,0,-33084.52927589,34273.659445239,50284.719489928,26145.474032962913,1200.353125859052,35236.553821286,2152.024545395994,0.028094297242623627,951.6714195369423,0.0009549098922532306,0.07725092396140099,False,False,0.07725092396140099
s-003,after_one_actual_history_call,10,50,1,-33084.52927589,34273.659445239,50284.719489928,26145.474032962913,1200.353125859052,35236.553821286,2152.024545395994,0.028094297242623627,951.6714195369423,0.0009549098922532306,0.07800353690981865,False,False,0.07800353690981865
s-003,after_one_actual_history_call,0,10,0,-8304.99392964,8718.383507128,14120.936791943,5937.268125188266,1200.353125859052,8838.983700221,533.9897705809999,0.013832861676066541,0.0,0.0,0.039295826107263565,False,False,
s-003,after_one_actual_history_call,0,10,1,-8304.99392964,8718.383507128,14120.936791943,5937.268125188266,1200.353125859052,8838.983700221,533.9897705809999,0.013832861676066541,0.0,0.0,0.04055703803896904,False,False,
s-003,after_one_actual_history_call,1,10,0,-32169.900250418,32492.215043531,42058.895089803,26499.389953519556,1200.353125859052,32492.215043531,322.31479311300063,0.0,0.0,0.0,0.04171200096607208,False,True,
s-003,after_one_actual_history_call,1,10,1,-32169.900250418,32492.215043531,42058.895089803,26499.389953519556,1200.353125859052,32492.215043531,322.31479311300063,0.0,0.0,0.0,0.041366323828697205,False,True,
s-003,after_one_actual_history_call,2,10,0,165.37815266300004,212.278311168,212.278311168,212.278311168,1200.353125859052,212.278311168,377.656463831,0.0,0.0,0.0,0.03539220243692398,False,True,
s-003,after_one_actual_history_call,2,10,1,165.37815266300004,212.278311168,212.278311168,212.278311168,1200.353125859052,212.278311168,377.656463831,0.0,0.0,0.0,0.035752713680267334,False,True,
s-003,after_one_actual_history_call,3,10,0,-8002.115211099999,9122.696779675,14804.569065008,6448.995386365505,1200.353125859052,9581.866669673,1579.7514585730005,0.05033269230443043,379.39833271394855,0.00038068939927733995,0.0374789834022522,False,False,0.0374789834022522
s-003,after_one_actual_history_call,3,10,1,-8002.115211099999,9122.696779675,14804.569065008,6448.995386365505,1200.353125859052,9581.866669673,1579.7514585730005,0.05033269230443043,379.39833271394855,0.00038068939927733995,0.037023626267910004,False,False,0.037023626267910004
s-003,after_one_actual_history_call,4,10,0,-32943.889088153,33109.267240816,46113.371864513,25127.660990884837,1200.353125859052,33803.068610548,859.1795223949957,0.020954899565904715,0.0,0.0,0.039690349251031876,False,False,
s-003,after_one_actual_history_call,4,10,1,-32943.889088153,33109.267240816,46113.371864513,25127.660990884837,1200.353125859052,33803.068610548,859.1795223949957,0.020954899565904715,0.0,0.0,0.039705608040094376,False,False,
s-003,after_one_actual_history_call,5,10,0,312.37274249000006,212.278311168,212.278311168,212.278311168,1200.353125859052,212.278311168,524.651053658,0.0,0.0,0.0,0.03527367487549782,False,True,
s-003,after_one_actual_history_call,5,10,1,312.37274249000006,212.278311168,212.278311168,212.278311168,1200.353125859052,212.278311168,524.651053658,0.0,0.0,0.0,0.035711660981178284,False,True,
s-003,after_one_actual_history_call,6,10,0,-7818.201465030999,8792.538388583,14100.53617812,6088.782344230157,1200.353125859052,9191.359092904,1373.1576278730008,0.045358994944948335,172.80450201394888,0.00017339254390901415,0.036199912428855896,False,False,0.036199912428855896
s-003,after_one_actual_history_call,6,10,1,-7818.201465030999,8792.538388583,14100.53617812,6088.782344230157,1200.353125859052,9191.359092904,1373.1576278730008,0.045358994944948335,172.80450201394888,0.00017339254390901415,0.03572215139865875,False,False,0.03572215139865875
s-003,after_one_actual_history_call,7,10,0,-31787.023630238004,32099.396372728,49536.395132801,25436.006981655017,1200.353125859052,32957.960372377,1170.9367421389943,0.0267470450122995,0.0,0.0,0.037735164165496826,False,False,
s-003,after_one_actual_history_call,7,10,1,-31787.023630238004,32099.396372728,49536.395132801,25436.006981655017,1200.353125859052,32957.960372377,1170.9367421389943,0.0267470450122995,0.0,0.0,0.03910502791404724,False,False,
s-003,after_one_actual_history_call,8,10,0,538.388944797,212.278311168,212.278311168,212.278311168,1200.353125859052,212.278311168,750.667255965,0.0,0.0,0.0,0.03472186625003815,False,True,
s-003,after_one_actual_history_call,8,10,1,538.388944797,212.278311168,212.278311168,212.278311168,1200.353125859052,212.278311168,750.667255965,0.0,0.0,0.0,0.03550640866160393,False,True,
s-003,after_one_actual_history_call,9,10,0,-7738.197391778,8938.550517637,14204.953966668,6299.759707995288,1200.353125859052,9281.092346422,1542.8949546439999,0.03832185409805721,342.54182878494794,0.00034370747518761843,0.03718284144997597,False,False,0.03718284144997597
s-003,after_one_actual_history_call,9,10,1,-7738.197391778,8938.550517637,14204.953966668,6299.759707995288,1200.353125859052,9281.092346422,1542.8949546439999,0.03832185409805721,342.54182878494794,0.00034370747518761843,0.03598038852214813,False,False,0.03598038852214813
s-003,after_one_actual_history_call,10,10,0,-33084.52927589,34273.659445239,50284.719489928,26145.474032962913,1200.353125859052,35236.553821286,2152.024545395994,0.028094297242623627,951.6714195369423,0.0009549098922532306,0.04019428417086601,False,False,0.04019428417086601
s-003,after_one_actual_history_call,10,10,1,-33084.52927589,34273.659445239,50284.719489928,26145.474032962913,1200.353125859052,35236.553821286,2152.024545395994,0.028094297242623627,951.6714195369423,0.0009549098922532306,0.03853006288409233,False,False,0.03853006288409233
s-004,after_common_greedy_prefix,0,200,0,-8159.669875617999,8741.941366443,17701.903810547,6357.861776505962,1309.2532952360343,9167.811622591,1008.1417469730004,0.048715752977108145,0.0,0.0,0.22627650573849678,False,False,
s-004,after_common_greedy_prefix,0,200,1,-8159.669875617999,8741.941366443,17701.903810547,6357.861776505962,1309.2532952360343,9167.811622591,1008.1417469730004,0.048715752977108145,0.0,0.0,0.2282600998878479,False,False,
s-004,after_common_greedy_prefix,0,1000,0,-8159.669875617999,8741.941366443,17701.903810547,6357.861776505962,1309.2532952360343,9167.811622591,1008.1417469730004,0.048715752977108145,0.0,0.0,1.033329427242279,False,False,
s-004,after_common_greedy_prefix,0,1000,1,-8159.669875617999,8741.941366443,17701.903810547,6357.861776505962,1309.2532952360343,9167.811622591,1008.1417469730004,0.048715752977108145,0.0,0.0,1.0320129878818989,False,False,
s-004,after_common_greedy_prefix,1,200,0,-31738.241787449,31738.241787449,50081.025607574,26815.963972381727,1309.2532952360343,32133.262931676,395.02114422700106,0.012446220142642355,0.0,0.0,0.22667605057358742,False,False,
s-004,after_common_greedy_prefix,1,200,1,-31738.241787449,31738.241787449,50081.025607574,26815.963972381727,1309.2532952360343,32133.262931676,395.02114422700106,0.012446220142642355,0.0,0.0,0.22770747169852257,False,False,
s-004,after_common_greedy_prefix,1,1000,0,-31738.241787449,31738.241787449,50081.025607574,26815.963972381727,1309.2532952360343,32133.262931676,395.02114422700106,0.012446220142642355,0.0,0.0,1.0279170796275139,False,False,
s-004,after_common_greedy_prefix,1,1000,1,-31738.241787449,31738.241787449,50081.025607574,26815.963972381727,1309.2532952360343,32133.262931676,395.02114422700106,0.012446220142642355,0.0,0.0,1.0401634871959686,False,False,
s-004,after_common_greedy_prefix,2,200,0,165.37815266300004,212.278311168,212.278311168,212.278311168,1309.2532952360343,212.278311168,377.656463831,0.0,0.0,0.0,0.23069452494382858,False,True,
s-004,after_common_greedy_prefix,2,200,1,165.37815266300004,212.278311168,212.278311168,212.278311168,1309.2532952360343,212.278311168,377.656463831,0.0,0.0,0.0,0.22695490345358849,False,True,
s-004,after_common_greedy_prefix,2,1000,0,165.37815266300004,212.278311168,212.278311168,212.278311168,1309.2532952360343,212.278311168,377.656463831,0.0,0.0,0.0,1.0248601362109184,False,True,
s-004,after_common_greedy_prefix,2,1000,1,165.37815266300004,212.278311168,212.278311168,212.278311168,1309.2532952360343,212.278311168,377.656463831,0.0,0.0,0.0,1.0292135141789913,False,True,
s-004,after_common_greedy_prefix,3,200,0,-7966.423420285,8793.76575401,14265.419171227,6061.159426642304,1309.2532952360343,9197.056209536,1230.6327892509998,0.04586095045141461,0.0,0.0,0.23628884181380272,False,False,
s-004,after_common_greedy_prefix,3,200,1,-7966.423420285,8793.76575401,14265.419171227,6061.159426642304,1309.2532952360343,9197.056209536,1230.6327892509998,0.04586095045141461,0.0,0.0,0.2378832884132862,False,False,
s-004,after_common_greedy_prefix,3,1000,0,-7966.423420285,8793.76575401,14265.419171227,6061.159426642304,1309.2532952360343,9197.056209536,1230.6327892509998,0.04586095045141461,0.0,0.0,1.0294368863105774,False,False,
s-004,after_common_greedy_prefix,3,1000,1,-7966.423420285,8793.76575401,14265.419171227,6061.159426642304,1309.2532952360343,9197.056209536,1230.6327892509998,0.04586095045141461,0.0,0.0,1.0303449295461178,False,False,
s-004,after_common_greedy_prefix,4,200,0,-32965.908089552,33131.286242215,44633.504086289,25220.046159959817,1309.2532952360343,33330.928473194,365.0203836419969,0.006025791740153474,0.0,0.0,0.2343154475092888,False,False,
s-004,after_common_greedy_prefix,4,200,1,-32965.908089552,33131.286242215,44633.504086289,25220.046159959817,1309.2532952360343,33330.928473194,365.0203836419969,0.006025791740153474,0.0,0.0,0.23134677484631538,False,False,
s-004,after_common_greedy_prefix,4,1000,0,-32965.908089552,33131.286242215,44633.504086289,25220.046159959817,1309.2532952360343,33330.928473194,365.0203836419969,0.006025791740153474,0.0,0.0,1.0317074656486511,False,False,
s-004,after_common_greedy_prefix,4,1000,1,-32965.908089552,33131.286242215,44633.504086289,25220.046159959817,1309.2532952360343,33330.928473194,365.0203836419969,0.006025791740153474,0.0,0.0,1.0360811240971088,False,False,
s-004,after_common_greedy_prefix,5,200,0,312.37274249000006,212.278311168,212.278311168,212.278311168,1309.2532952360343,212.278311168,524.651053658,0.0,0.0,0.0,0.23185716196894646,False,True,
s-004,after_common_greedy_prefix,5,200,1,312.37274249000006,212.278311168,212.278311168,212.278311168,1309.2532952360343,212.278311168,524.651053658,0.0,0.0,0.0,0.22738652676343918,False,True,
s-004,after_common_greedy_prefix,5,1000,0,312.37274249000006,212.278311168,212.278311168,212.278311168,1309.2532952360343,212.278311168,524.651053658,0.0,0.0,0.0,1.0286651998758316,False,True,
s-004,after_common_greedy_prefix,5,1000,1,312.37274249000006,212.278311168,212.278311168,212.278311168,1309.2532952360343,212.278311168,524.651053658,0.0,0.0,0.0,1.0253734812140465,False,True,
s-004,after_common_greedy_prefix,6,200,0,-7623.513253368999,8597.850176921,13905.847966458,6122.758263638907,1309.2532952360343,8996.670881242,1373.1576278730008,0.04638609607219549,63.9043326369665,6.41217947078545e-05,0.22674493864178658,False,False,0.22674493864178658
s-004,after_common_greedy_prefix,6,200,1,-7623.513253368999,8597.850176921,13905.847966458,6122.758263638907,1309.2532952360343,8996.670881242,1373.1576278730008,0.04638609607219549,63.9043326369665,6.41217947078545e-05,0.2280137538909912,False,False,0.2280137538909912
s-004,after_common_greedy_prefix,6,1000,0,-7623.513253368999,8597.850176921,13905.847966458,6122.758263638907,1309.2532952360343,8996.670881242,1373.1576278730008,0.04638609607219549,63.9043326369665,6.41217947078545e-05,1.0271287225186825,False,False,1.0271287225186825
s-004,after_common_greedy_prefix,6,1000,1,-7623.513253368999,8597.850176921,13905.847966458,6122.758263638907,1309.2532952360343,8996.670881242,1373.1576278730008,0.04638609607219549,63.9043326369665,6.41217947078545e-05,1.0246884487569332,False,False,1.0246884487569332
s-004,after_common_greedy_prefix,7,200,0,-31515.779319684003,32825.03261492,52756.697560234,25020.379800569615,1309.2532952360343,33251.031175153,1735.2518554689996,0.012977856419230965,425.99856023296525,0.00042744820418167583,0.23063722252845764,False,False,0.23063722252845764
s-004,after_common_greedy_prefix,7,200,1,-31515.779319684003,32825.03261492,52756.697560234,25020.379800569615,1309.2532952360343,33251.031175153,1735.2518554689996,0.012977856419230965,425.99856023296525,0.00042744820418167583,0.22879184782505035,False,False,0.22879184782505035
s-004,after_common_greedy_prefix,7,1000,0,-31515.779319684003,32825.03261492,52756.697560234,25020.379800569615,1309.2532952360343,33251.031175153,1735.2518554689996,0.012977856419230965,425.99856023296525,0.00042744820418167583,1.0335718430578709,False,False,1.0335718430578709
s-004,after_common_greedy_prefix,7,1000,1,-31515.779319684003,32825.03261492,52756.697560234,25020.379800569615,1309.2532952360343,33251.031175153,1735.2518554689996,0.012977856419230965,425.99856023296525,0.00042744820418167583,1.039478063583374,False,False,1.039478063583374
s-004,after_common_greedy_prefix,8,200,0,538.388944797,212.278311168,212.278311168,212.278311168,1309.2532952360343,212.278311168,750.667255965,0.0,0.0,0.0,0.2262835130095482,False,True,
s-004,after_common_greedy_prefix,8,200,1,538.388944797,212.278311168,212.278311168,212.278311168,1309.2532952360343,212.278311168,750.667255965,0.0,0.0,0.0,0.22292407229542732,False,True,
s-004,after_common_greedy_prefix,8,1000,0,538.388944797,212.278311168,212.278311168,212.278311168,1309.2532952360343,212.278311168,750.667255965,0.0,0.0,0.0,1.0241410844027996,False,True,
s-004,after_common_greedy_prefix,8,1000,1,538.388944797,212.278311168,212.278311168,212.278311168,1309.2532952360343,212.278311168,750.667255965,0.0,0.0,0.0,1.0249291732907295,False,True,
s-004,after_common_greedy_prefix,9,200,0,-7409.605285494001,8609.958411353,13840.167799442,5992.304606485238,1309.2532952360343,9055.222522199,1645.6172367049985,0.051715012962069457,336.3639414689642,0.0003375085649438611,0.22494762390851974,False,False,0.22494762390851974
s-004,after_common_greedy_prefix,9,200,1,-7409.605285494001,8609.958411353,13840.167799442,5992.304606485238,1309.2532952360343,9055.222522199,1645.6172367049985,0.051715012962069457,336.3639414689642,0.0003375085649438611,0.22504357248544693,False,False,0.22504357248544693
s-004,after_common_greedy_prefix,9,1000,0,-7409.605285494001,8609.958411353,13840.167799442,5992.304606485238,1309.2532952360343,9055.222522199,1645.6172367049985,0.051715012962069457,336.3639414689642,0.0003375085649438611,1.024120967835188,False,False,1.024120967835188
s-004,after_common_greedy_prefix,9,1000,1,-7409.605285494001,8609.958411353,13840.167799442,5992.304606485238,1309.2532952360343,9055.222522199,1645.6172367049985,0.051715012962069457,336.3639414689642,0.0003375085649438611,1.0325085893273354,False,False,1.0325085893273354
s-004,after_common_greedy_prefix,10,200,0,-33391.621526433,34297.622479449,50458.144258459,26206.743268246773,1309.2532952360343,35468.097994544,2076.4764681109955,0.0341270161159522,767.2231728749612,0.000769833980829947,0.236846674233675,False,False,0.236846674233675
s-004,after_common_greedy_prefix,10,200,1,-33391.621526433,34297.622479449,50458.144258459,26206.743268246773,1309.2532952360343,35468.097994544,2076.4764681109955,0.0341270161159522,767.2231728749612,0.000769833980829947,0.2366265468299389,False,False,0.2366265468299389
s-004,after_common_greedy_prefix,10,1000,0,-33391.621526433,34297.622479449,50458.144258459,26206.743268246773,1309.2532952360343,35468.097994544,2076.4764681109955,0.0341270161159522,767.2231728749612,0.000769833980829947,1.0293338149785995,False,False,1.0293338149785995
s-004,after_common_greedy_prefix,10,1000,1,-33391.621526433,34297.622479449,50458.144258459,26206.743268246773,1309.2532952360343,35468.097994544,2076.4764681109955,0.0341270161159522,767.2231728749612,0.000769833980829947,1.0336933732032776,False,False,1.0336933732032776
s-004,after_common_greedy_prefix,0,50,0,-8159.669875617999,8741.941366443,17701.903810547,6357.861776505962,1309.2532952360343,9167.811622591,1008.1417469730004,0.048715752977108145,0.0,0.0,0.08820892870426178,False,False,
s-004,after_common_greedy_prefix,0,50,1,-8159.669875617999,8741.941366443,17701.903810547,6357.861776505962,1309.2532952360343,9167.811622591,1008.1417469730004,0.048715752977108145,0.0,0.0,0.08337270841002464,False,False,
s-004,after_common_greedy_prefix,1,50,0,-31738.241787449,31738.241787449,50081.025607574,26815.963972381727,1309.2532952360343,32105.820910584,367.5791231350013,0.011581584310708786,0.0,0.0,0.07831142470240593,False,False,
s-004,after_common_greedy_prefix,1,50,1,-31738.241787449,31738.241787449,50081.025607574,26815.963972381727,1309.2532952360343,32105.820910584,367.5791231350013,0.011581584310708786,0.0,0.0,0.07813477888703346,False,False,
s-004,after_common_greedy_prefix,2,50,0,165.37815266300004,212.278311168,212.278311168,212.278311168,1309.2532952360343,212.278311168,377.656463831,0.0,0.0,0.0,0.07377180829644203,False,True,
s-004,after_common_greedy_prefix,2,50,1,165.37815266300004,212.278311168,212.278311168,212.278311168,1309.2532952360343,212.278311168,377.656463831,0.0,0.0,0.0,0.0734863206744194,False,True,
s-004,after_common_greedy_prefix,3,50,0,-7966.423420285,8793.76575401,14265.419171227,6061.159426642304,1309.2532952360343,9197.056209536,1230.6327892509998,0.04586095045141461,0.0,0.0,0.07471324130892754,False,False,
s-004,after_common_greedy_prefix,3,50,1,-7966.423420285,8793.76575401,14265.419171227,6061.159426642304,1309.2532952360343,9197.056209536,1230.6327892509998,0.04586095045141461,0.0,0.0,0.07450860738754272,False,False,
s-004,after_common_greedy_prefix,4,50,0,-32965.908089552,33131.286242215,44633.504086289,25220.046159959817,1309.2532952360343,33330.928473194,365.0203836419969,0.006025791740153474,0.0,0.0,0.0782221294939518,False,False,
s-004,after_common_greedy_prefix,4,50,1,-32965.908089552,33131.286242215,44633.504086289,25220.046159959817,1309.2532952360343,33330.928473194,365.0203836419969,0.006025791740153474,0.0,0.0,0.07846172899007797,False,False,
s-004,after_common_greedy_prefix,5,50,0,312.37274249000006,212.278311168,212.278311168,212.278311168,1309.2532952360343,212.278311168,524.651053658,0.0,0.0,0.0,0.07405922561883926,False,True,
s-004,after_common_greedy_prefix,5,50,1,312.37274249000006,212.278311168,212.278311168,212.278311168,1309.2532952360343,212.278311168,524.651053658,0.0,0.0,0.0,0.07384562864899635,False,True,
s-004,after_common_greedy_prefix,6,50,0,-7623.513253368999,8597.850176921,13905.847966458,6122.758263638907,1309.2532952360343,8996.670881242,1373.1576278730008,0.04638609607219549,63.9043326369665,6.41217947078545e-05,0.07723627611994743,False,False,0.07723627611994743
s-004,after_common_greedy_prefix,6,50,1,-7623.513253368999,8597.850176921,13905.847966458,6122.758263638907,1309.2532952360343,8996.670881242,1373.1576278730008,0.04638609607219549,63.9043326369665,6.41217947078545e-05,0.07780663296580315,False,False,0.07780663296580315
s-004,after_common_greedy_prefix,7,50,0,-31515.779319684003,32825.03261492,52756.697560234,25020.379800569615,1309.2532952360343,33251.031175153,1735.2518554689996,0.012977856419230965,425.99856023296525,0.00042744820418167583,0.0813371054828167,False,False,0.0813371054828167
s-004,after_common_greedy_prefix,7,50,1,-31515.779319684003,32825.03261492,52756.697560234,25020.379800569615,1309.2532952360343,33251.031175153,1735.2518554689996,0.012977856419230965,425.99856023296525,0.00042744820418167583,0.07942119985818863,False,False,0.07942119985818863
s-004,after_common_greedy_prefix,8,50,0,538.388944797,212.278311168,212.278311168,212.278311168,1309.2532952360343,212.278311168,750.667255965,0.0,0.0,0.0,0.07308389618992805,False,True,
s-004,after_common_greedy_prefix,8,50,1,538.388944797,212.278311168,212.278311168,212.278311168,1309.2532952360343,212.278311168,750.667255965,0.0,0.0,0.0,0.07356048002839088,False,True,
s-004,after_common_greedy_prefix,9,50,0,-7409.605285494001,8609.958411353,13840.167799442,5992.304606485238,1309.2532952360343,9055.222522199,1645.6172367049985,0.051715012962069457,336.3639414689642,0.0003375085649438611,0.07553456723690033,False,False,0.07553456723690033
s-004,after_common_greedy_prefix,9,50,1,-7409.605285494001,8609.958411353,13840.167799442,5992.304606485238,1309.2532952360343,9055.222522199,1645.6172367049985,0.051715012962069457,336.3639414689642,0.0003375085649438611,0.07595503702759743,False,False,0.07595503702759743
s-004,after_common_greedy_prefix,10,50,0,-33391.621526433,34297.622479449,50458.144258459,26206.743268246773,1309.2532952360343,35468.097994544,2076.4764681109955,0.0341270161159522,767.2231728749612,0.000769833980829947,0.07978664711117744,False,False,0.07978664711117744
s-004,after_common_greedy_prefix,10,50,1,-33391.621526433,34297.622479449,50458.144258459,26206.743268246773,1309.2532952360343,35468.097994544,2076.4764681109955,0.0341270161159522,767.2231728749612,0.000769833980829947,0.07942740619182587,False,False,0.07942740619182587
s-004,after_common_greedy_prefix,0,10,0,-8159.669875617999,8741.941366443,17701.903810547,6357.861776505962,1309.2532952360343,9167.811622591,1008.1417469730004,0.048715752977108145,0.0,0.0,0.038102373480796814,False,False,
s-004,after_common_greedy_prefix,0,10,1,-8159.669875617999,8741.941366443,17701.903810547,6357.861776505962,1309.2532952360343,9167.811622591,1008.1417469730004,0.048715752977108145,0.0,0.0,0.03608189895749092,False,False,
s-004,after_common_greedy_prefix,1,10,0,-31738.241787449,31738.241787449,50081.025607574,26815.963972381727,1309.2532952360343,32105.820910584,367.5791231350013,0.011581584310708786,0.0,0.0,0.03906062990427017,False,False,
s-004,after_common_greedy_prefix,1,10,1,-31738.241787449,31738.241787449,50081.025607574,26815.963972381727,1309.2532952360343,32105.820910584,367.5791231350013,0.011581584310708786,0.0,0.0,0.040020573884248734,False,False,
s-004,after_common_greedy_prefix,2,10,0,165.37815266300004,212.278311168,212.278311168,212.278311168,1309.2532952360343,212.278311168,377.656463831,0.0,0.0,0.0,0.036077436059713364,False,True,
s-004,after_common_greedy_prefix,2,10,1,165.37815266300004,212.278311168,212.278311168,212.278311168,1309.2532952360343,212.278311168,377.656463831,0.0,0.0,0.0,0.035942234098911285,False,True,
s-004,after_common_greedy_prefix,3,10,0,-7966.423420285,8793.76575401,14265.419171227,6061.159426642304,1309.2532952360343,9197.056209536,1230.6327892509998,0.04586095045141461,0.0,0.0,0.03776757791638374,False,False,
s-004,after_common_greedy_prefix,3,10,1,-7966.423420285,8793.76575401,14265.419171227,6061.159426642304,1309.2532952360343,9197.056209536,1230.6327892509998,0.04586095045141461,0.0,0.0,0.03708990290760994,False,False,
s-004,after_common_greedy_prefix,4,10,0,-32965.908089552,33131.286242215,44633.504086289,25220.046159959817,1309.2532952360343,33330.928473194,365.0203836419969,0.006025791740153474,0.0,0.0,0.040446627885103226,False,False,
s-004,after_common_greedy_prefix,4,10,1,-32965.908089552,33131.286242215,44633.504086289,25220.046159959817,1309.2532952360343,33330.928473194,365.0203836419969,0.006025791740153474,0.0,0.0,0.04027852416038513,False,False,
s-004,after_common_greedy_prefix,5,10,0,312.37274249000006,212.278311168,212.278311168,212.278311168,1309.2532952360343,212.278311168,524.651053658,0.0,0.0,0.0,0.034816429018974304,False,True,
s-004,after_common_greedy_prefix,5,10,1,312.37274249000006,212.278311168,212.278311168,212.278311168,1309.2532952360343,212.278311168,524.651053658,0.0,0.0,0.0,0.034515634179115295,False,True,
s-004,after_common_greedy_prefix,6,10,0,-7623.513253368999,8597.850176921,13905.847966458,6122.758263638907,1309.2532952360343,8996.670881242,1373.1576278730008,0.04638609607219549,63.9043326369665,6.41217947078545e-05,0.03587631508708,False,False,0.03587631508708
s-004,after_common_greedy_prefix,6,10,1,-7623.513253368999,8597.850176921,13905.847966458,6122.758263638907,1309.2532952360343,8996.670881242,1373.1576278730008,0.04638609607219549,63.9043326369665,6.41217947078545e-05,0.03598900884389877,False,False,0.03598900884389877
s-004,after_common_greedy_prefix,7,10,0,-31515.779319684003,32825.03261492,52756.697560234,25020.379800569615,1309.2532952360343,33251.031175153,1735.2518554689996,0.012977856419230965,425.99856023296525,0.00042744820418167583,0.03985436633229256,False,False,0.03985436633229256
s-004,after_common_greedy_prefix,7,10,1,-31515.779319684003,32825.03261492,52756.697560234,25020.379800569615,1309.2532952360343,33251.031175153,1735.2518554689996,0.012977856419230965,425.99856023296525,0.00042744820418167583,0.03820284456014633,False,False,0.03820284456014633
s-004,after_common_greedy_prefix,8,10,0,538.388944797,212.278311168,212.278311168,212.278311168,1309.2532952360343,212.278311168,750.667255965,0.0,0.0,0.0,0.03420869633555412,False,True,
s-004,after_common_greedy_prefix,8,10,1,538.388944797,212.278311168,212.278311168,212.278311168,1309.2532952360343,212.278311168,750.667255965,0.0,0.0,0.0,0.03449646010994911,False,True,
s-004,after_common_greedy_prefix,9,10,0,-7409.605285494001,8609.958411353,13840.167799442,5992.304606485238,1309.2532952360343,9055.222522199,1645.6172367049985,0.051715012962069457,336.3639414689642,0.0003375085649438611,0.03738677129149437,False,False,0.03738677129149437
s-004,after_common_greedy_prefix,9,10,1,-7409.605285494001,8609.958411353,13840.167799442,5992.304606485238,1309.2532952360343,9055.222522199,1645.6172367049985,0.051715012962069457,336.3639414689642,0.0003375085649438611,0.03699483349919319,False,False,0.03699483349919319
s-004,after_common_greedy_prefix,10,10,0,-33391.621526433,34297.622479449,50458.144258459,26206.743268246773,1309.2532952360343,35468.097994544,2076.4764681109955,0.0341270161159522,767.2231728749612,0.000769833980829947,0.041094206273555756,False,False,0.041094206273555756
s-004,after_common_greedy_prefix,10,10,1,-33391.621526433,34297.622479449,50458.144258459,26206.743268246773,1309.2532952360343,35468.097994544,2076.4764681109955,0.0341270161159522,767.2231728749612,0.000769833980829947,0.040362488478422165,False,False,0.040362488478422165
s-005,after_one_actual_history_call,0,200,0,-8159.669875617999,8741.941366443,17701.903810547,6357.861776505962,1309.2532952360343,9167.811622591,1008.1417469730004,0.048715752977108145,0.0,0.0,0.23128505423665047,False,False,
s-005,after_one_actual_history_call,0,200,1,-8159.669875617999,8741.941366443,17701.903810547,6357.861776505962,1309.2532952360343,9167.811622591,1008.1417469730004,0.048715752977108145,0.0,0.0,0.232629906386137,False,False,
s-005,after_one_actual_history_call,0,1000,0,-8159.669875617999,8741.941366443,17701.903810547,6357.861776505962,1309.2532952360343,9167.811622591,1008.1417469730004,0.048715752977108145,0.0,0.0,1.0298353508114815,False,False,
s-005,after_one_actual_history_call,0,1000,1,-8159.669875617999,8741.941366443,17701.903810547,6357.861776505962,1309.2532952360343,9167.811622591,1008.1417469730004,0.048715752977108145,0.0,0.0,1.0307885147631168,False,False,
s-005,after_one_actual_history_call,1,200,0,-31738.241787449,31738.241787449,50081.025607574,26815.963972381727,1309.2532952360343,32133.262931676,395.02114422700106,0.012446220142642355,0.0,0.0,0.2312685027718544,False,False,
s-005,after_one_actual_history_call,1,200,1,-31738.241787449,31738.241787449,50081.025607574,26815.963972381727,1309.2532952360343,32133.262931676,395.02114422700106,0.012446220142642355,0.0,0.0,0.23426908999681473,False,False,
s-005,after_one_actual_history_call,1,1000,0,-31738.241787449,31738.241787449,50081.025607574,26815.963972381727,1309.2532952360343,32133.262931676,395.02114422700106,0.012446220142642355,0.0,0.0,1.0314542651176453,False,False,
s-005,after_one_actual_history_call,1,1000,1,-31738.241787449,31738.241787449,50081.025607574,26815.963972381727,1309.2532952360343,32133.262931676,395.02114422700106,0.012446220142642355,0.0,0.0,1.029808197170496,False,False,
s-005,after_one_actual_history_call,2,200,0,165.37815266300004,212.278311168,212.278311168,212.278311168,1309.2532952360343,212.278311168,377.656463831,0.0,0.0,0.0,0.0068491362035274506,False,True,
s-005,after_one_actual_history_call,2,200,1,165.37815266300004,212.278311168,212.278311168,212.278311168,1309.2532952360343,212.278311168,377.656463831,0.0,0.0,0.0,0.006675798445940018,False,True,
s-005,after_one_actual_history_call,2,1000,0,165.37815266300004,212.278311168,212.278311168,212.278311168,1309.2532952360343,212.278311168,377.656463831,0.0,0.0,0.0,1.0251678302884102,False,True,
s-005,after_one_actual_history_call,2,1000,1,165.37815266300004,212.278311168,212.278311168,212.278311168,1309.2532952360343,212.278311168,377.656463831,0.0,0.0,0.0,1.0266099721193314,False,True,
s-005,after_one_actual_history_call,3,200,0,-7966.423420285,8793.76575401,14265.419171227,6061.159426642304,1309.2532952360343,9197.056209536,1230.6327892509998,0.04586095045141461,0.0,0.0,0.22464997693896294,False,False,
s-005,after_one_actual_history_call,3,200,1,-7966.423420285,8793.76575401,14265.419171227,6061.159426642304,1309.2532952360343,9197.056209536,1230.6327892509998,0.04586095045141461,0.0,0.0,0.2291726991534233,False,False,
s-005,after_one_actual_history_call,3,1000,0,-7966.423420285,8793.76575401,14265.419171227,6061.159426642304,1309.2532952360343,9197.056209536,1230.6327892509998,0.04586095045141461,0.0,0.0,1.0270831882953644,False,False,
s-005,after_one_actual_history_call,3,1000,1,-7966.423420285,8793.76575401,14265.419171227,6061.159426642304,1309.2532952360343,9197.056209536,1230.6327892509998,0.04586095045141461,0.0,0.0,1.0256195925176144,False,False,
s-005,after_one_actual_history_call,4,200,0,-32965.908089552,33131.286242215,44633.504086289,25220.046159959817,1309.2532952360343,33330.928473194,365.0203836419969,0.006025791740153474,0.0,0.0,0.2352275289595127,False,False,
s-005,after_one_actual_history_call,4,200,1,-32965.908089552,33131.286242215,44633.504086289,25220.046159959817,1309.2532952360343,33330.928473194,365.0203836419969,0.006025791740153474,0.0,0.0,0.23639633506536484,False,False,
s-005,after_one_actual_history_call,4,1000,0,-32965.908089552,33131.286242215,44633.504086289,25220.046159959817,1309.2532952360343,33330.928473194,365.0203836419969,0.006025791740153474,0.0,0.0,1.0383599027991295,False,False,
s-005,after_one_actual_history_call,4,1000,1,-32965.908089552,33131.286242215,44633.504086289,25220.046159959817,1309.2532952360343,33330.928473194,365.0203836419969,0.006025791740153474,0.0,0.0,1.0347359403967857,False,False,
s-005,after_one_actual_history_call,5,200,0,312.37274249000006,212.278311168,212.278311168,212.278311168,1309.2532952360343,212.278311168,524.651053658,0.0,0.0,0.0,0.22325976565480232,False,True,
s-005,after_one_actual_history_call,5,200,1,312.37274249000006,212.278311168,212.278311168,212.278311168,1309.2532952360343,212.278311168,524.651053658,0.0,0.0,0.0,0.23053034022450447,False,True,
s-005,after_one_actual_history_call,5,1000,0,312.37274249000006,212.278311168,212.278311168,212.278311168,1309.2532952360343,212.278311168,524.651053658,0.0,0.0,0.0,1.0223928727209568,False,True,
s-005,after_one_actual_history_call,5,1000,1,312.37274249000006,212.278311168,212.278311168,212.278311168,1309.2532952360343,212.278311168,524.651053658,0.0,0.0,0.0,1.0227012634277344,False,True,
s-005,after_one_actual_history_call,6,200,0,-7623.513253368999,8597.850176921,13905.847966458,6122.758263638907,1309.2532952360343,8996.670881242,1373.1576278730008,0.04638609607219549,63.9043326369665,6.41217947078545e-05,0.22440146654844284,False,False,0.22440146654844284
s-005,after_one_actual_history_call,6,200,1,-7623.513253368999,8597.850176921,13905.847966458,6122.758263638907,1309.2532952360343,8996.670881242,1373.1576278730008,0.04638609607219549,63.9043326369665,6.41217947078545e-05,0.22380809113383293,False,False,0.22380809113383293
s-005,after_one_actual_history_call,6,1000,0,-7623.513253368999,8597.850176921,13905.847966458,6122.758263638907,1309.2532952360343,8996.670881242,1373.1576278730008,0.04638609607219549,63.9043326369665,6.41217947078545e-05,1.0245141834020615,False,False,1.0245141834020615
s-005,after_one_actual_history_call,6,1000,1,-7623.513253368999,8597.850176921,13905.847966458,6122.758263638907,1309.2532952360343,8996.670881242,1373.1576278730008,0.04638609607219549,63.9043326369665,6.41217947078545e-05,1.0244412906467915,False,False,1.0244412906467915
s-005,after_one_actual_history_call,7,200,0,-31515.779319684003,32825.03261492,52756.697560234,25020.379800569615,1309.2532952360343,33251.031175153,1735.2518554689996,0.012977856419230965,425.99856023296525,0.00042744820418167583,0.22689072042703629,False,False,0.22689072042703629
s-005,after_one_actual_history_call,7,200,1,-31515.779319684003,32825.03261492,52756.697560234,25020.379800569615,1309.2532952360343,33251.031175153,1735.2518554689996,0.012977856419230965,425.99856023296525,0.00042744820418167583,0.22706298530101776,False,False,0.22706298530101776
s-005,after_one_actual_history_call,7,1000,0,-31515.779319684003,32825.03261492,52756.697560234,25020.379800569615,1309.2532952360343,33251.031175153,1735.2518554689996,0.012977856419230965,425.99856023296525,0.00042744820418167583,1.0274716280400753,False,False,1.0274716280400753
s-005,after_one_actual_history_call,7,1000,1,-31515.779319684003,32825.03261492,52756.697560234,25020.379800569615,1309.2532952360343,33251.031175153,1735.2518554689996,0.012977856419230965,425.99856023296525,0.00042744820418167583,1.0279263369739056,False,False,1.0279263369739056
s-005,after_one_actual_history_call,8,200,0,538.388944797,212.278311168,212.278311168,212.278311168,1309.2532952360343,212.278311168,750.667255965,0.0,0.0,0.0,0.22232623398303986,False,True,
s-005,after_one_actual_history_call,8,200,1,538.388944797,212.278311168,212.278311168,212.278311168,1309.2532952360343,212.278311168,750.667255965,0.0,0.0,0.0,0.22423967719078064,False,True,
s-005,after_one_actual_history_call,8,1000,0,538.388944797,212.278311168,212.278311168,212.278311168,1309.2532952360343,212.278311168,750.667255965,0.0,0.0,0.0,1.0226818472146988,False,True,
s-005,after_one_actual_history_call,8,1000,1,538.388944797,212.278311168,212.278311168,212.278311168,1309.2532952360343,212.278311168,750.667255965,0.0,0.0,0.0,1.0224454924464226,False,True,
s-005,after_one_actual_history_call,9,200,0,-7409.605285494001,8609.958411353,13840.167799442,5992.304606485238,1309.2532952360343,9055.222522199,1645.6172367049985,0.051715012962069457,336.3639414689642,0.0003375085649438611,0.2250140756368637,False,False,0.2250140756368637
s-005,after_one_actual_history_call,9,200,1,-7409.605285494001,8609.958411353,13840.167799442,5992.304606485238,1309.2532952360343,9055.222522199,1645.6172367049985,0.051715012962069457,336.3639414689642,0.0003375085649438611,0.22600914537906647,False,False,0.22600914537906647
s-005,after_one_actual_history_call,9,1000,0,-7409.605285494001,8609.958411353,13840.167799442,5992.304606485238,1309.2532952360343,9055.222522199,1645.6172367049985,0.051715012962069457,336.3639414689642,0.0003375085649438611,1.0269222371280193,False,False,1.0269222371280193
s-005,after_one_actual_history_call,9,1000,1,-7409.605285494001,8609.958411353,13840.167799442,5992.304606485238,1309.2532952360343,9055.222522199,1645.6172367049985,0.051715012962069457,336.3639414689642,0.0003375085649438611,1.0256417840719223,False,False,1.0256417840719223
s-005,after_one_actual_history_call,10,200,0,-33391.621526433,34297.622479449,50458.144258459,26206.743268246773,1309.2532952360343,35468.097994544,2076.4764681109955,0.0341270161159522,767.2231728749612,0.000769833980829947,0.2268853858113289,False,False,0.2268853858113289
s-005,after_one_actual_history_call,10,200,1,-33391.621526433,34297.622479449,50458.144258459,26206.743268246773,1309.2532952360343,35468.097994544,2076.4764681109955,0.0341270161159522,767.2231728749612,0.000769833980829947,0.22710532322525978,False,False,0.22710532322525978
s-005,after_one_actual_history_call,10,1000,0,-33391.621526433,34297.622479449,50458.144258459,26206.743268246773,1309.2532952360343,35468.097994544,2076.4764681109955,0.0341270161159522,767.2231728749612,0.000769833980829947,1.029370080679655,False,False,1.029370080679655
s-005,after_one_actual_history_call,10,1000,1,-33391.621526433,34297.622479449,50458.144258459,26206.743268246773,1309.2532952360343,35468.097994544,2076.4764681109955,0.0341270161159522,767.2231728749612,0.000769833980829947,1.027154166251421,False,False,1.027154166251421
s-005,after_one_actual_history_call,0,50,0,-8159.669875617999,8741.941366443,17701.903810547,6357.861776505962,1309.2532952360343,9167.811622591,1008.1417469730004,0.048715752977108145,0.0,0.0,0.07962416484951973,False,False,
s-005,after_one_actual_history_call,0,50,1,-8159.669875617999,8741.941366443,17701.903810547,6357.861776505962,1309.2532952360343,9167.811622591,1008.1417469730004,0.048715752977108145,0.0,0.0,0.07875004783272743,False,False,
s-005,after_one_actual_history_call,1,50,0,-31738.241787449,31738.241787449,50081.025607574,26815.963972381727,1309.2532952360343,32105.820910584,367.5791231350013,0.011581584310708786,0.0,0.0,0.07908235490322113,False,False,
s-005,after_one_actual_history_call,1,50,1,-31738.241787449,31738.241787449,50081.025607574,26815.963972381727,1309.2532952360343,32105.820910584,367.5791231350013,0.011581584310708786,0.0,0.0,0.07906587421894073,False,False,
s-005,after_one_actual_history_call,2,50,0,165.37815266300004,212.278311168,212.278311168,212.278311168,1309.2532952360343,212.278311168,377.656463831,0.0,0.0,0.0,0.07524251937866211,False,True,
s-005,after_one_actual_history_call,2,50,1,165.37815266300004,212.278311168,212.278311168,212.278311168,1309.2532952360343,212.278311168,377.656463831,0.0,0.0,0.0,0.07475270330905914,False,True,
s-005,after_one_actual_history_call,3,50,0,-7966.423420285,8793.76575401,14265.419171227,6061.159426642304,1309.2532952360343,9197.056209536,1230.6327892509998,0.04586095045141461,0.0,0.0,0.07812416180968285,False,False,
s-005,after_one_actual_history_call,3,50,1,-7966.423420285,8793.76575401,14265.419171227,6061.159426642304,1309.2532952360343,9197.056209536,1230.6327892509998,0.04586095045141461,0.0,0.0,0.07749230787158012,False,False,
s-005,after_one_actual_history_call,4,50,0,-32965.908089552,33131.286242215,44633.504086289,25220.046159959817,1309.2532952360343,33330.928473194,365.0203836419969,0.006025791740153474,0.0,0.0,0.08283058553934097,False,False,
s-005,after_one_actual_history_call,4,50,1,-32965.908089552,33131.286242215,44633.504086289,25220.046159959817,1309.2532952360343,33330.928473194,365.0203836419969,0.006025791740153474,0.0,0.0,0.08126617595553398,False,False,
s-005,after_one_actual_history_call,5,50,0,312.37274249000006,212.278311168,212.278311168,212.278311168,1309.2532952360343,212.278311168,524.651053658,0.0,0.0,0.0,0.07628976181149483,False,True,
s-005,after_one_actual_history_call,5,50,1,312.37274249000006,212.278311168,212.278311168,212.278311168,1309.2532952360343,212.278311168,524.651053658,0.0,0.0,0.0,0.08128601685166359,False,True,
s-005,after_one_actual_history_call,6,50,0,-7623.513253368999,8597.850176921,13905.847966458,6122.758263638907,1309.2532952360343,8996.670881242,1373.1576278730008,0.04638609607219549,63.9043326369665,6.41217947078545e-05,0.08412670716643333,False,False,0.08412670716643333
s-005,after_one_actual_history_call,6,50,1,-7623.513253368999,8597.850176921,13905.847966458,6122.758263638907,1309.2532952360343,8996.670881242,1373.1576278730008,0.04638609607219549,63.9043326369665,6.41217947078545e-05,0.0806075669825077,False,False,0.0806075669825077
s-005,after_one_actual_history_call,7,50,0,-31515.779319684003,32825.03261492,52756.697560234,25020.379800569615,1309.2532952360343,33251.031175153,1735.2518554689996,0.012977856419230965,425.99856023296525,0.00042744820418167583,0.07928497716784477,False,False,0.07928497716784477
s-005,after_one_actual_history_call,7,50,1,-31515.779319684003,32825.03261492,52756.697560234,25020.379800569615,1309.2532952360343,33251.031175153,1735.2518554689996,0.012977856419230965,425.99856023296525,0.00042744820418167583,0.07882444187998772,False,False,0.07882444187998772
s-005,after_one_actual_history_call,8,50,0,538.388944797,212.278311168,212.278311168,212.278311168,1309.2532952360343,212.278311168,750.667255965,0.0,0.0,0.0,0.07414070889353752,False,True,
s-005,after_one_actual_history_call,8,50,1,538.388944797,212.278311168,212.278311168,212.278311168,1309.2532952360343,212.278311168,750.667255965,0.0,0.0,0.0,0.07427794486284256,False,True,
s-005,after_one_actual_history_call,9,50,0,-7409.605285494001,8609.958411353,13840.167799442,5992.304606485238,1309.2532952360343,9055.222522199,1645.6172367049985,0.051715012962069457,336.3639414689642,0.0003375085649438611,0.07601998001337051,False,False,0.07601998001337051
s-005,after_one_actual_history_call,9,50,1,-7409.605285494001,8609.958411353,13840.167799442,5992.304606485238,1309.2532952360343,9055.222522199,1645.6172367049985,0.051715012962069457,336.3639414689642,0.0003375085649438611,0.07638204842805862,False,False,0.07638204842805862
s-005,after_one_actual_history_call,10,50,0,-33391.621526433,34297.622479449,50458.144258459,26206.743268246773,1309.2532952360343,35468.097994544,2076.4764681109955,0.0341270161159522,767.2231728749612,0.000769833980829947,0.07934992387890816,False,False,0.07934992387890816
s-005,after_one_actual_history_call,10,50,1,-33391.621526433,34297.622479449,50458.144258459,26206.743268246773,1309.2532952360343,35468.097994544,2076.4764681109955,0.0341270161159522,767.2231728749612,0.000769833980829947,0.0787699930369854,False,False,0.0787699930369854
s-005,after_one_actual_history_call,0,10,0,-8159.669875617999,8741.941366443,17701.903810547,6357.861776505962,1309.2532952360343,9167.811622591,1008.1417469730004,0.048715752977108145,0.0,0.0,0.03707332909107208,False,False,
s-005,after_one_actual_history_call,0,10,1,-8159.669875617999,8741.941366443,17701.903810547,6357.861776505962,1309.2532952360343,9167.811622591,1008.1417469730004,0.048715752977108145,0.0,0.0,0.03907293826341629,False,False,
s-005,after_one_actual_history_call,1,10,0,-31738.241787449,31738.241787449,50081.025607574,26815.963972381727,1309.2532952360343,32105.820910584,367.5791231350013,0.011581584310708786,0.0,0.0,0.04105580225586891,False,False,
s-005,after_one_actual_history_call,1,10,1,-31738.241787449,31738.241787449,50081.025607574,26815.963972381727,1309.2532952360343,32105.820910584,367.5791231350013,0.011581584310708786,0.0,0.0,0.04151463136076927,False,False,
s-005,after_one_actual_history_call,2,10,0,165.37815266300004,212.278311168,212.278311168,212.278311168,1309.2532952360343,212.278311168,377.656463831,0.0,0.0,0.0,0.03646746277809143,False,True,
s-005,after_one_actual_history_call,2,10,1,165.37815266300004,212.278311168,212.278311168,212.278311168,1309.2532952360343,212.278311168,377.656463831,0.0,0.0,0.0,0.03595196455717087,False,True,
s-005,after_one_actual_history_call,3,10,0,-7966.423420285,8793.76575401,14265.419171227,6061.159426642304,1309.2532952360343,9197.056209536,1230.6327892509998,0.04586095045141461,0.0,0.0,0.03694944456219673,False,False,
s-005,after_one_actual_history_call,3,10,1,-7966.423420285,8793.76575401,14265.419171227,6061.159426642304,1309.2532952360343,9197.056209536,1230.6327892509998,0.04586095045141461,0.0,0.0,0.03766034543514252,False,False,
s-005,after_one_actual_history_call,4,10,0,-32965.908089552,33131.286242215,44633.504086289,25220.046159959817,1309.2532952360343,33330.928473194,365.0203836419969,0.006025791740153474,0.0,0.0,0.04170084744691849,False,False,
s-005,after_one_actual_history_call,4,10,1,-32965.908089552,33131.286242215,44633.504086289,25220.046159959817,1309.2532952360343,33330.928473194,365.0203836419969,0.006025791740153474,0.0,0.0,0.041376303881406784,False,False,
s-005,after_one_actual_history_call,5,10,0,312.37274249000006,212.278311168,212.278311168,212.278311168,1309.2532952360343,212.278311168,524.651053658,0.0,0.0,0.0,0.03634948655962944,False,True,
s-005,after_one_actual_history_call,5,10,1,312.37274249000006,212.278311168,212.278311168,212.278311168,1309.2532952360343,212.278311168,524.651053658,0.0,0.0,0.0,0.035651493817567825,False,True,
s-005,after_one_actual_history_call,6,10,0,-7623.513253368999,8597.850176921,13905.847966458,6122.758263638907,1309.2532952360343,8996.670881242,1373.1576278730008,0.04638609607219549,63.9043326369665,6.41217947078545e-05,0.037699323147535324,False,False,0.037699323147535324
s-005,after_one_actual_history_call,6,10,1,-7623.513253368999,8597.850176921,13905.847966458,6122.758263638907,1309.2532952360343,8996.670881242,1373.1576278730008,0.04638609607219549,63.9043326369665,6.41217947078545e-05,0.03529609367251396,False,False,0.03529609367251396
s-005,after_one_actual_history_call,7,10,0,-31515.779319684003,32825.03261492,52756.697560234,25020.379800569615,1309.2532952360343,33251.031175153,1735.2518554689996,0.012977856419230965,425.99856023296525,0.00042744820418167583,0.04094880819320679,False,False,0.04094880819320679
s-005,after_one_actual_history_call,7,10,1,-31515.779319684003,32825.03261492,52756.697560234,25020.379800569615,1309.2532952360343,33251.031175153,1735.2518554689996,0.012977856419230965,425.99856023296525,0.00042744820418167583,0.03913982957601547,False,False,0.03913982957601547
s-005,after_one_actual_history_call,8,10,0,538.388944797,212.278311168,212.278311168,212.278311168,1309.2532952360343,212.278311168,750.667255965,0.0,0.0,0.0,0.03267054632306099,False,True,
s-005,after_one_actual_history_call,8,10,1,538.388944797,212.278311168,212.278311168,212.278311168,1309.2532952360343,212.278311168,750.667255965,0.0,0.0,0.0,0.034468092024326324,False,True,
s-005,after_one_actual_history_call,9,10,0,-7409.605285494001,8609.958411353,13840.167799442,5992.304606485238,1309.2532952360343,9055.222522199,1645.6172367049985,0.051715012962069457,336.3639414689642,0.0003375085649438611,0.03605429455637932,False,False,0.03605429455637932
s-005,after_one_actual_history_call,9,10,1,-7409.605285494001,8609.958411353,13840.167799442,5992.304606485238,1309.2532952360343,9055.222522199,1645.6172367049985,0.051715012962069457,336.3639414689642,0.0003375085649438611,0.037332016974687576,False,False,0.037332016974687576
s-005,after_one_actual_history_call,10,10,0,-33391.621526433,34297.622479449,50458.144258459,26206.743268246773,1309.2532952360343,35468.097994544,2076.4764681109955,0.0341270161159522,767.2231728749612,0.000769833980829947,0.04031301662325859,False,False,0.04031301662325859
s-005,after_one_actual_history_call,10,10,1,-33391.621526433,34297.622479449,50458.144258459,26206.743268246773,1309.2532952360343,35468.097994544,2076.4764681109955,0.0341270161159522,767.2231728749612,0.000769833980829947,0.039917975664138794,False,False,0.039917975664138794
s-006,after_common_greedy_prefix,0,200,0,-7785.5393066199995,8181.893143307,14818.642837229,5844.804346452819,1200.353125859052,8332.713550515,547.1742438950005,0.01843343643901959,0.0,0.0,0.22536605596542358,False,False,
s-006,after_common_greedy_prefix,0,200,1,-7785.5393066199995,8181.893143307,14818.642837229,5844.804346452819,1200.353125859052,8332.713550515,547.1742438950005,0.01843343643901959,0.0,0.0,0.2264670692384243,False,False,
s-006,after_common_greedy_prefix,0,1000,0,-7785.5393066199995,8181.893143307,14818.642837229,5844.804346452819,1200.353125859052,8332.713550515,547.1742438950005,0.01843343643901959,0.0,0.0,1.0256721749901772,False,False,
s-006,after_common_greedy_prefix,0,1000,1,-7785.5393066199995,8181.893143307,14818.642837229,5844.804346452819,1200.353125859052,8332.713550515,547.1742438950005,0.01843343643901959,0.0,0.0,1.0260979309678078,False,False,
s-006,after_common_greedy_prefix,1,200,0,-33067.785816007,33067.785816007,51520.200265919,28377.13860264012,1200.353125859052,33343.884539343,276.09872333599924,0.00834947718822919,0.0,0.0,0.227333415299654,False,False,
s-006,after_common_greedy_prefix,1,200,1,-33067.785816007,33067.785816007,51520.200265919,28377.13860264012,1200.353125859052,33343.884539343,276.09872333599924,0.00834947718822919,0.0,0.0,0.22805222123861313,False,False,
s-006,after_common_greedy_prefix,1,1000,0,-33067.785816007,33067.785816007,51520.200265919,28377.13860264012,1200.353125859052,33343.884539343,276.09872333599924,0.00834947718822919,0.0,0.0,1.0265277847647667,False,False,
s-006,after_common_greedy_prefix,1,1000,1,-33067.785816007,33067.785816007,51520.200265919,28377.13860264012,1200.353125859052,33343.884539343,276.09872333599924,0.00834947718822919,0.0,0.0,1.0274476036429405,False,False,
s-006,after_common_greedy_prefix,2,200,0,165.37815266300004,212.278311168,212.278311168,212.278311168,1200.353125859052,212.278311168,377.656463831,0.0,0.0,0.0,0.2227819301187992,False,True,
s-006,after_common_greedy_prefix,2,200,1,165.37815266300004,212.278311168,212.278311168,212.278311168,1200.353125859052,212.278311168,377.656463831,0.0,0.0,0.0,0.22233650833368301,False,True,
s-006,after_common_greedy_prefix,2,1000,0,165.37815266300004,212.278311168,212.278311168,212.278311168,1200.353125859052,212.278311168,377.656463831,0.0,0.0,0.0,1.0222775302827358,False,True,
s-006,after_common_greedy_prefix,2,1000,1,165.37815266300004,212.278311168,212.278311168,212.278311168,1200.353125859052,212.278311168,377.656463831,0.0,0.0,0.0,1.023665875196457,False,True,
s-006,after_common_greedy_prefix,3,200,0,-8060.348692389,9218.831512098,15237.321809763,6386.515364587508,1200.353125859052,9622.121967624,1561.7732752350003,0.043746374472378155,361.4201493759483,0.0003626500374117163,0.2258286252617836,False,False,0.2258286252617836
s-006,after_common_greedy_prefix,3,200,1,-8060.348692389,9218.831512098,15237.321809763,6386.515364587508,1200.353125859052,9622.121967624,1561.7732752350003,0.043746374472378155,361.4201493759483,0.0003626500374117163,0.22452814504504204,False,False,0.22452814504504204
s-006,after_common_greedy_prefix,3,1000,0,-8060.348692389,9218.831512098,15237.321809763,6386.515364587508,1200.353125859052,9622.121967624,1561.7732752350003,0.043746374472378155,361.4201493759483,0.0003626500374117163,1.024628721177578,False,False,1.024628721177578
s-006,after_common_greedy_prefix,3,1000,1,-8060.348692389,9218.831512098,15237.321809763,6386.515364587508,1200.353125859052,9622.121967624,1561.7732752350003,0.043746374472378155,361.4201493759483,0.0003626500374117163,1.0243007391691208,False,False,1.0243007391691208
s-006,after_common_greedy_prefix,4,200,0,-32742.122994303005,32907.501146966,46893.126194816,24712.48884475175,1200.353125859052,33537.060222313,794.9372280099924,0.019131172328623897,0.0,0.0,0.22791532799601555,False,False,
s-006,after_common_greedy_prefix,4,200,1,-32742.122994303005,32907.501146966,46893.126194816,24712.48884475175,1200.353125859052,33537.060222313,794.9372280099924,0.019131172328623897,0.0,0.0,0.22761878371238708,False,False,
s-006,after_common_greedy_prefix,4,1000,0,-32742.122994303005,32907.501146966,46893.126194816,24712.48884475175,1200.353125859052,33537.060222313,794.9372280099924,0.019131172328623897,0.0,0.0,1.0282948799431324,False,False,
s-006,after_common_greedy_prefix,4,1000,1,-32742.122994303005,32907.501146966,46893.126194816,24712.48884475175,1200.353125859052,33537.060222313,794.9372280099924,0.019131172328623897,0.0,0.0,1.0266601331532001,False,False,
s-006,after_common_greedy_prefix,5,200,0,312.37274249000006,212.278311168,212.278311168,212.278311168,1200.353125859052,212.278311168,524.651053658,0.0,0.0,0.0,0.2224285490810871,False,True,
s-006,after_common_greedy_prefix,5,200,1,312.37274249000006,212.278311168,212.278311168,212.278311168,1200.353125859052,212.278311168,524.651053658,0.0,0.0,0.0,0.22203538566827774,False,True,
s-006,after_common_greedy_prefix,5,1000,0,312.37274249000006,212.278311168,212.278311168,212.278311168,1200.353125859052,212.278311168,524.651053658,0.0,0.0,0.0,1.021847102791071,False,True,
s-006,after_common_greedy_prefix,5,1000,1,312.37274249000006,212.278311168,212.278311168,212.278311168,1200.353125859052,212.278311168,524.651053658,0.0,0.0,0.0,1.021934349089861,False,True,
s-006,after_common_greedy_prefix,6,200,0,-7766.220641680999,8740.557565233,14102.105208904,6331.785927123407,1200.353125859052,9139.378269554,1373.1576278730008,0.04562874866328589,172.80450201394888,0.00017339254390901415,0.22640621289610863,False,False,0.22640621289610863
s-006,after_common_greedy_prefix,6,200,1,-7766.220641680999,8740.557565233,14102.105208904,6331.785927123407,1200.353125859052,9139.378269554,1373.1576278730008,0.04562874866328589,172.80450201394888,0.00017339254390901415,0.2245381660759449,False,False,0.2245381660759449
s-006,after_common_greedy_prefix,6,1000,0,-7766.220641680999,8740.557565233,14102.105208904,6331.785927123407,1200.353125859052,9139.378269554,1373.1576278730008,0.04562874866328589,172.80450201394888,0.00017339254390901415,1.0245710015296936,False,False,1.0245710015296936
s-006,after_common_greedy_prefix,6,1000,1,-7766.220641680999,8740.557565233,14102.105208904,6331.785927123407,1200.353125859052,9139.378269554,1373.1576278730008,0.04562874866328589,172.80450201394888,0.00017339254390901415,1.0243578180670738,False,False,1.0243578180670738
s-006,after_common_greedy_prefix,7,200,0,-31444.937792917004,32248.988411978,52696.369820502,24881.47464654316,1200.353125859052,32822.903557643,1377.9657647259992,0.01779637669043406,177.61263886694724,0.00017821704252269478,0.227563738822937,False,False,0.227563738822937
s-006,after_common_greedy_prefix,7,200,1,-31444.937792917004,32248.988411978,52696.369820502,24881.47464654316,1200.353125859052,32822.903557643,1377.9657647259992,0.01779637669043406,177.61263886694724,0.00017821704252269478,0.22657295688986778,False,False,0.22657295688986778
s-006,after_common_greedy_prefix,7,1000,0,-31444.937792917004,32248.988411978,52696.369820502,24881.47464654316,1200.353125859052,32822.903557643,1377.9657647259992,0.01779637669043406,177.61263886694724,0.00017821704252269478,1.0268761701881886,False,False,1.0268761701881886
s-006,after_common_greedy_prefix,7,1000,1,-31444.937792917004,32248.988411978,52696.369820502,24881.47464654316,1200.353125859052,32822.903557643,1377.9657647259992,0.01779637669043406,177.61263886694724,0.00017821704252269478,1.0270679034292698,False,False,1.0270679034292698
s-006,after_common_greedy_prefix,8,200,0,538.388944797,212.278311168,212.278311168,212.278311168,1200.353125859052,212.278311168,750.667255965,0.0,0.0,0.0,0.22238776087760925,False,True,
s-006,after_common_greedy_prefix,8,200,1,538.388944797,212.278311168,212.278311168,212.278311168,1200.353125859052,212.278311168,750.667255965,0.0,0.0,0.0,0.2221735082566738,False,True,
s-006,after_common_greedy_prefix,8,1000,0,538.388944797,212.278311168,212.278311168,212.278311168,1200.353125859052,212.278311168,750.667255965,0.0,0.0,0.0,1.0220693685114384,False,True,
s-006,after_common_greedy_prefix,8,1000,1,538.388944797,212.278311168,212.278311168,212.278311168,1200.353125859052,212.278311168,750.667255965,0.0,0.0,0.0,1.0225525125861168,False,True,
s-006,after_common_greedy_prefix,9,200,0,-7419.935305995999,8620.288431855,13928.286221392,5974.293551852657,1200.353125859052,9019.109136176,1599.1738301800015,0.046265354978983944,398.8207043209495,0.0004001778638858156,0.22429436072707176,False,False,0.22429436072707176
s-006,after_common_greedy_prefix,9,200,1,-7419.935305995999,8620.288431855,13928.286221392,5974.293551852657,1200.353125859052,9019.109136176,1599.1738301800015,0.046265354978983944,398.8207043209495,0.0004001778638858156,0.2247893325984478,False,False,0.2247893325984478
s-006,after_common_greedy_prefix,9,1000,0,-7419.935305995999,8620.288431855,13928.286221392,5974.293551852657,1200.353125859052,9019.109136176,1599.1738301800015,0.046265354978983944,398.8207043209495,0.0004001778638858156,1.0244564525783062,False,False,1.0244564525783062
s-006,after_common_greedy_prefix,9,1000,1,-7419.935305995999,8620.288431855,13928.286221392,5974.293551852657,1200.353125859052,9019.109136176,1599.1738301800015,0.046265354978983944,398.8207043209495,0.0004001778638858156,1.0239207483828068,False,False,1.0239207483828068
s-006,after_common_greedy_prefix,10,200,0,-33585.308469449,34191.966071004,52143.091093883,26401.13854293149,1200.353125859052,35410.147791893,1824.8393224440006,0.03562771787850092,624.4861965849486,0.0006266112803773389,0.22714602202177048,False,False,0.22714602202177048
s-006,after_common_greedy_prefix,10,200,1,-33585.308469449,34191.966071004,52143.091093883,26401.13854293149,1200.353125859052,35410.147791893,1824.8393224440006,0.03562771787850092,624.4861965849486,0.0006266112803773389,0.22694982215762138,False,False,0.22694982215762138
s-006,after_common_greedy_prefix,10,1000,0,-33585.308469449,34191.966071004,52143.091093883,26401.13854293149,1200.353125859052,35410.147791893,1824.8393224440006,0.03562771787850092,624.4861965849486,0.0006266112803773389,1.0274373553693295,False,False,1.0274373553693295
s-006,after_common_greedy_prefix,10,1000,1,-33585.308469449,34191.966071004,52143.091093883,26401.13854293149,1200.353125859052,35410.147791893,1824.8393224440006,0.03562771787850092,624.4861965849486,0.0006266112803773389,1.0269811227917671,False,False,1.0269811227917671
s-006,after_common_greedy_prefix,0,50,0,-7785.5393066199995,8181.893143307,14818.642837229,5844.804346452819,1200.353125859052,8332.713550515,547.1742438950005,0.01843343643901959,0.0,0.0,0.07524066790938377,False,False,
s-006,after_common_greedy_prefix,0,50,1,-7785.5393066199995,8181.893143307,14818.642837229,5844.804346452819,1200.353125859052,8332.713550515,547.1742438950005,0.01843343643901959,0.0,0.0,0.07602254673838615,False,False,
s-006,after_common_greedy_prefix,1,50,0,-33067.785816007,33067.785816007,51520.200265919,28377.13860264012,1200.353125859052,33315.172958591,247.38714258399705,0.007481212802105584,0.0,0.0,0.0790465660393238,False,False,
s-006,after_common_greedy_prefix,1,50,1,-33067.785816007,33067.785816007,51520.200265919,28377.13860264012,1200.353125859052,33315.172958591,247.38714258399705,0.007481212802105584,0.0,0.0,0.07803812250494957,False,False,
s-006,after_common_greedy_prefix,2,50,0,165.37815266300004,212.278311168,212.278311168,212.278311168,1200.353125859052,212.278311168,377.656463831,0.0,0.0,0.0,0.07366132736206055,False,True,
s-006,after_common_greedy_prefix,2,50,1,165.37815266300004,212.278311168,212.278311168,212.278311168,1200.353125859052,212.278311168,377.656463831,0.0,0.0,0.0,0.07310337200760841,False,True,
s-006,after_common_greedy_prefix,3,50,0,-8060.348692389,9218.831512098,15237.321809763,6386.515364587508,1200.353125859052,9622.121967624,1561.7732752350003,0.043746374472378155,361.4201493759483,0.0003626500374117163,0.0760316327214241,False,False,0.0760316327214241
s-006,after_common_greedy_prefix,3,50,1,-8060.348692389,9218.831512098,15237.321809763,6386.515364587508,1200.353125859052,9622.121967624,1561.7732752350003,0.043746374472378155,361.4201493759483,0.0003626500374117163,0.07561430335044861,False,False,0.07561430335044861
s-006,after_common_greedy_prefix,4,50,0,-32742.122994303005,32907.501146966,46893.126194816,24712.48884475175,1200.353125859052,33537.060222313,794.9372280099924,0.019131172328623897,0.0,0.0,0.07912787795066833,False,False,
s-006,after_common_greedy_prefix,4,50,1,-32742.122994303005,32907.501146966,46893.126194816,24712.48884475175,1200.353125859052,33537.060222313,794.9372280099924,0.019131172328623897,0.0,0.0,0.07861936092376709,False,False,
s-006,after_common_greedy_prefix,5,50,0,312.37274249000006,212.278311168,212.278311168,212.278311168,1200.353125859052,212.278311168,524.651053658,0.0,0.0,0.0,0.07411887496709824,False,True,
s-006,after_common_greedy_prefix,5,50,1,312.37274249000006,212.278311168,212.278311168,212.278311168,1200.353125859052,212.278311168,524.651053658,0.0,0.0,0.0,0.07470375671982765,False,True,
s-006,after_common_greedy_prefix,6,50,0,-7766.220641680999,8740.557565233,14102.105208904,6331.785927123407,1200.353125859052,9139.378269554,1373.1576278730008,0.04562874866328589,172.80450201394888,0.00017339254390901415,0.0763447917997837,False,False,0.0763447917997837
s-006,after_common_greedy_prefix,6,50,1,-7766.220641680999,8740.557565233,14102.105208904,6331.785927123407,1200.353125859052,9139.378269554,1373.1576278730008,0.04562874866328589,172.80450201394888,0.00017339254390901415,0.07559756189584732,False,False,0.07559756189584732
s-006,after_common_greedy_prefix,7,50,0,-31444.937792917004,32248.988411978,52696.369820502,24881.47464654316,1200.353125859052,32822.903557643,1377.9657647259992,0.01779637669043406,177.61263886694724,0.00017821704252269478,0.07947458699345589,False,False,0.07947458699345589
s-006,after_common_greedy_prefix,7,50,1,-31444.937792917004,32248.988411978,52696.369820502,24881.47464654316,1200.353125859052,32822.903557643,1377.9657647259992,0.01779637669043406,177.61263886694724,0.00017821704252269478,0.07894159480929375,False,False,0.07894159480929375
s-006,after_common_greedy_prefix,8,50,0,538.388944797,212.278311168,212.278311168,212.278311168,1200.353125859052,212.278311168,750.667255965,0.0,0.0,0.0,0.07365450635552406,False,True,
s-006,after_common_greedy_prefix,8,50,1,538.388944797,212.278311168,212.278311168,212.278311168,1200.353125859052,212.278311168,750.667255965,0.0,0.0,0.0,0.07435603067278862,False,True,
s-006,after_common_greedy_prefix,9,50,0,-7419.935305995999,8620.288431855,13928.286221392,5974.293551852657,1200.353125859052,9019.109136176,1599.1738301800015,0.046265354978983944,398.8207043209495,0.0004001778638858156,0.07617311179637909,False,False,0.07617311179637909
s-006,after_common_greedy_prefix,9,50,1,-7419.935305995999,8620.288431855,13928.286221392,5974.293551852657,1200.353125859052,9019.109136176,1599.1738301800015,0.046265354978983944,398.8207043209495,0.0004001778638858156,0.07682912051677704,False,False,0.07682912051677704
s-006,after_common_greedy_prefix,10,50,0,-33585.308469449,34191.966071004,52143.091093883,26401.13854293149,1200.353125859052,35410.147791893,1824.8393224440006,0.03562771787850092,624.4861965849486,0.0006266112803773389,0.07924657315015793,False,False,0.07924657315015793
s-006,after_common_greedy_prefix,10,50,1,-33585.308469449,34191.966071004,52143.091093883,26401.13854293149,1200.353125859052,35410.147791893,1824.8393224440006,0.03562771787850092,624.4861965849486,0.0006266112803773389,0.07870931178331375,False,False,0.07870931178331375
s-006,after_common_greedy_prefix,0,10,0,-7785.5393066199995,8181.893143307,14818.642837229,5844.804346452819,1200.353125859052,8332.713550515,547.1742438950005,0.01843343643901959,0.0,0.0,0.0366276390850544,False,False,
s-006,after_common_greedy_prefix,0,10,1,-7785.5393066199995,8181.893143307,14818.642837229,5844.804346452819,1200.353125859052,8332.713550515,547.1742438950005,0.01843343643901959,0.0,0.0,0.03588845208287239,False,False,
s-006,after_common_greedy_prefix,1,10,0,-33067.785816007,33067.785816007,51520.200265919,28377.13860264012,1200.353125859052,33315.172958591,247.38714258399705,0.007481212802105584,0.0,0.0,0.039875470101833344,False,False,
s-006,after_common_greedy_prefix,1,10,1,-33067.785816007,33067.785816007,51520.200265919,28377.13860264012,1200.353125859052,33315.172958591,247.38714258399705,0.007481212802105584,0.0,0.0,0.0395146906375885,False,False,
s-006,after_common_greedy_prefix,2,10,0,165.37815266300004,212.278311168,212.278311168,212.278311168,1200.353125859052,212.278311168,377.656463831,0.0,0.0,0.0,0.03437336906790733,False,True,
s-006,after_common_greedy_prefix,2,10,1,165.37815266300004,212.278311168,212.278311168,212.278311168,1200.353125859052,212.278311168,377.656463831,0.0,0.0,0.0,0.03380182757973671,False,True,
s-006,after_common_greedy_prefix,3,10,0,-8060.348692389,9218.831512098,15237.321809763,6386.515364587508,1200.353125859052,9622.121967624,1561.7732752350003,0.043746374472378155,361.4201493759483,0.0003626500374117163,0.03630850091576576,False,False,0.03630850091576576
s-006,after_common_greedy_prefix,3,10,1,-8060.348692389,9218.831512098,15237.321809763,6386.515364587508,1200.353125859052,9622.121967624,1561.7732752350003,0.043746374472378155,361.4201493759483,0.0003626500374117163,0.03776991367340088,False,False,0.03776991367340088
s-006,after_common_greedy_prefix,4,10,0,-32742.122994303005,32907.501146966,46893.126194816,24712.48884475175,1200.353125859052,33537.060222313,794.9372280099924,0.019131172328623897,0.0,0.0,0.039329882711172104,False,False,
s-006,after_common_greedy_prefix,4,10,1,-32742.122994303005,32907.501146966,46893.126194816,24712.48884475175,1200.353125859052,33537.060222313,794.9372280099924,0.019131172328623897,0.0,0.0,0.03886604309082031,False,False,
s-006,after_common_greedy_prefix,5,10,0,312.37274249000006,212.278311168,212.278311168,212.278311168,1200.353125859052,212.278311168,524.651053658,0.0,0.0,0.0,0.032741572707891464,False,True,
s-006,after_common_greedy_prefix,5,10,1,312.37274249000006,212.278311168,212.278311168,212.278311168,1200.353125859052,212.278311168,524.651053658,0.0,0.0,0.0,0.03255857899785042,False,True,
s-006,after_common_greedy_prefix,6,10,0,-7766.220641680999,8740.557565233,14102.105208904,6331.785927123407,1200.353125859052,9139.378269554,1373.1576278730008,0.04562874866328589,172.80450201394888,0.00017339254390901415,0.0366797111928463,False,False,0.0366797111928463
s-006,after_common_greedy_prefix,6,10,1,-7766.220641680999,8740.557565233,14102.105208904,6331.785927123407,1200.353125859052,9139.378269554,1373.1576278730008,0.04562874866328589,172.80450201394888,0.00017339254390901415,0.03701545298099518,False,False,0.03701545298099518
s-006,after_common_greedy_prefix,7,10,0,-31444.937792917004,32248.988411978,52696.369820502,24881.47464654316,1200.353125859052,32822.903557643,1377.9657647259992,0.01779637669043406,177.61263886694724,0.00017821704252269478,0.03763478994369507,False,False,0.03763478994369507
s-006,after_common_greedy_prefix,7,10,1,-31444.937792917004,32248.988411978,52696.369820502,24881.47464654316,1200.353125859052,32822.903557643,1377.9657647259992,0.01779637669043406,177.61263886694724,0.00017821704252269478,0.0388670451939106,False,False,0.0388670451939106
s-006,after_common_greedy_prefix,8,10,0,538.388944797,212.278311168,212.278311168,212.278311168,1200.353125859052,212.278311168,750.667255965,0.0,0.0,0.0,0.03185216337442398,False,True,
s-006,after_common_greedy_prefix,8,10,1,538.388944797,212.278311168,212.278311168,212.278311168,1200.353125859052,212.278311168,750.667255965,0.0,0.0,0.0,0.03365791589021683,False,True,
s-006,after_common_greedy_prefix,9,10,0,-7419.935305995999,8620.288431855,13928.286221392,5974.293551852657,1200.353125859052,9019.109136176,1599.1738301800015,0.046265354978983944,398.8207043209495,0.0004001778638858156,0.038001105189323425,False,False,0.038001105189323425
s-006,after_common_greedy_prefix,9,10,1,-7419.935305995999,8620.288431855,13928.286221392,5974.293551852657,1200.353125859052,9019.109136176,1599.1738301800015,0.046265354978983944,398.8207043209495,0.0004001778638858156,0.036473531275987625,False,False,0.036473531275987625
s-006,after_common_greedy_prefix,10,10,0,-33585.308469449,34191.966071004,52143.091093883,26401.13854293149,1200.353125859052,35410.147791893,1824.8393224440006,0.03562771787850092,624.4861965849486,0.0006266112803773389,0.039882879704236984,False,False,0.039882879704236984
s-006,after_common_greedy_prefix,10,10,1,-33585.308469449,34191.966071004,52143.091093883,26401.13854293149,1200.353125859052,35410.147791893,1824.8393224440006,0.03562771787850092,624.4861965849486,0.0006266112803773389,0.03883647918701172,False,False,0.03883647918701172
s-007,after_one_actual_history_call,0,200,0,-7785.5393066199995,8181.893143307,14818.642837229,5844.804346452819,1561.7732752349693,8332.713550515,547.1742438950005,0.01843343643901959,0.0,0.0,0.22552688419818878,False,False,
s-007,after_one_actual_history_call,0,200,1,-7785.5393066199995,8181.893143307,14818.642837229,5844.804346452819,1561.7732752349693,8332.713550515,547.1742438950005,0.01843343643901959,0.0,0.0,0.22551032155752182,False,False,
s-007,after_one_actual_history_call,0,1000,0,-7785.5393066199995,8181.893143307,14818.642837229,5844.804346452819,1561.7732752349693,8332.713550515,547.1742438950005,0.01843343643901959,0.0,0.0,1.0243419632315636,False,False,
s-007,after_one_actual_history_call,0,1000,1,-7785.5393066199995,8181.893143307,14818.642837229,5844.804346452819,1561.7732752349693,8332.713550515,547.1742438950005,0.01843343643901959,0.0,0.0,1.0252192579209805,False,False,
s-007,after_one_actual_history_call,1,200,0,-33067.785816007,33067.785816007,51520.200265919,28377.13860264012,1561.7732752349693,33343.884539343,276.09872333599924,0.00834947718822919,0.0,0.0,0.22894399240612984,False,False,
s-007,after_one_actual_history_call,1,200,1,-33067.785816007,33067.785816007,51520.200265919,28377.13860264012,1561.7732752349693,33343.884539343,276.09872333599924,0.00834947718822919,0.0,0.0,0.22815492004156113,False,False,
s-007,after_one_actual_history_call,1,1000,0,-33067.785816007,33067.785816007,51520.200265919,28377.13860264012,1561.7732752349693,33343.884539343,276.09872333599924,0.00834947718822919,0.0,0.0,1.0274258330464363,False,False,
s-007,after_one_actual_history_call,1,1000,1,-33067.785816007,33067.785816007,51520.200265919,28377.13860264012,1561.7732752349693,33343.884539343,276.09872333599924,0.00834947718822919,0.0,0.0,1.0277207233011723,False,False,
s-007,after_one_actual_history_call,2,200,0,165.37815266300004,212.278311168,212.278311168,212.278311168,1561.7732752349693,212.278311168,377.656463831,0.0,0.0,0.0,0.2220998778939247,False,True,
s-007,after_one_actual_history_call,2,200,1,165.37815266300004,212.278311168,212.278311168,212.278311168,1561.7732752349693,212.278311168,377.656463831,0.0,0.0,0.0,0.22238542512059212,False,True,
s-007,after_one_actual_history_call,2,1000,0,165.37815266300004,212.278311168,212.278311168,212.278311168,1561.7732752349693,212.278311168,377.656463831,0.0,0.0,0.0,1.022859774529934,False,True,
s-007,after_one_actual_history_call,2,1000,1,165.37815266300004,212.278311168,212.278311168,212.278311168,1561.7732752349693,212.278311168,377.656463831,0.0,0.0,0.0,1.0226879492402077,False,True,
s-007,after_one_actual_history_call,3,200,0,-8060.348692389,9622.121967624,15237.321809763,6386.515364587508,1561.7732752349693,9622.121967624,1561.7732752350003,0.0,3.092281986027956e-11,3.102804810016612e-17,0.003809351474046707,False,True,
s-007,after_one_actual_history_call,3,200,1,-8060.348692389,9622.121967624,15237.321809763,6386.515364587508,1561.7732752349693,9622.121967624,1561.7732752350003,0.0,3.092281986027956e-11,3.102804810016612e-17,0.003666769713163376,False,True,
s-007,after_one_actual_history_call,3,1000,0,-8060.348692389,9622.121967624,15237.321809763,6386.515364587508,1561.7732752349693,9622.121967624,1561.7732752350003,0.0,3.092281986027956e-11,3.102804810016612e-17,1.024353202432394,False,True,
s-007,after_one_actual_history_call,3,1000,1,-8060.348692389,9622.121967624,15237.321809763,6386.515364587508,1561.7732752349693,9622.121967624,1561.7732752350003,0.0,3.092281986027956e-11,3.102804810016612e-17,1.024900108575821,False,True,
s-007,after_one_actual_history_call,4,200,0,-32742.122994303005,32907.501146966,46893.126194816,24712.48884475175,1561.7732752349693,33537.060222313,794.9372280099924,0.019131172328623897,0.0,0.0,0.2278444655239582,False,False,
s-007,after_one_actual_history_call,4,200,1,-32742.122994303005,32907.501146966,46893.126194816,24712.48884475175,1561.7732752349693,33537.060222313,794.9372280099924,0.019131172328623897,0.0,0.0,0.22753357142210007,False,False,
s-007,after_one_actual_history_call,4,1000,0,-32742.122994303005,32907.501146966,46893.126194816,24712.48884475175,1561.7732752349693,33537.060222313,794.9372280099924,0.019131172328623897,0.0,0.0,1.0270957760512829,False,False,
s-007,after_one_actual_history_call,4,1000,1,-32742.122994303005,32907.501146966,46893.126194816,24712.48884475175,1561.7732752349693,33537.060222313,794.9372280099924,0.019131172328623897,0.0,0.0,1.0277058221399784,False,False,
s-007,after_one_actual_history_call,5,200,0,312.37274249000006,212.278311168,212.278311168,212.278311168,1561.7732752349693,212.278311168,524.651053658,0.0,0.0,0.0,0.2229725383222103,False,True,
s-007,after_one_actual_history_call,5,200,1,312.37274249000006,212.278311168,212.278311168,212.278311168,1561.7732752349693,212.278311168,524.651053658,0.0,0.0,0.0,0.22187049686908722,False,True,
s-007,after_one_actual_history_call,5,1000,0,312.37274249000006,212.278311168,212.278311168,212.278311168,1561.7732752349693,212.278311168,524.651053658,0.0,0.0,0.0,1.0217054150998592,False,True,
s-007,after_one_actual_history_call,5,1000,1,312.37274249000006,212.278311168,212.278311168,212.278311168,1561.7732752349693,212.278311168,524.651053658,0.0,0.0,0.0,1.0216063931584358,False,True,
s-007,after_one_actual_history_call,6,200,0,-7766.220641680999,8740.557565233,14102.105208904,6331.785927123407,1561.7732752349693,9139.378269554,1373.1576278730008,0.04562874866328589,0.0,0.0,0.2233922742307186,False,False,
s-007,after_one_actual_history_call,6,200,1,-7766.220641680999,8740.557565233,14102.105208904,6331.785927123407,1561.7732752349693,9139.378269554,1373.1576278730008,0.04562874866328589,0.0,0.0,0.22466134279966354,False,False,
s-007,after_one_actual_history_call,6,1000,0,-7766.220641680999,8740.557565233,14102.105208904,6331.785927123407,1561.7732752349693,9139.378269554,1373.1576278730008,0.04562874866328589,0.0,0.0,1.0237536020576954,False,False,
s-007,after_one_actual_history_call,6,1000,1,-7766.220641680999,8740.557565233,14102.105208904,6331.785927123407,1561.7732752349693,9139.378269554,1373.1576278730008,0.04562874866328589,0.0,0.0,1.0243071764707565,False,False,
s-007,after_one_actual_history_call,7,200,0,-31444.937792917004,32248.988411978,52696.369820502,24881.47464654316,1561.7732752349693,32822.903557643,1377.9657647259992,0.01779637669043406,0.0,0.0,0.22672230750322342,False,False,
s-007,after_one_actual_history_call,7,200,1,-31444.937792917004,32248.988411978,52696.369820502,24881.47464654316,1561.7732752349693,32822.903557643,1377.9657647259992,0.01779637669043406,0.0,0.0,0.22650019079446793,False,False,
s-007,after_one_actual_history_call,7,1000,0,-31444.937792917004,32248.988411978,52696.369820502,24881.47464654316,1561.7732752349693,32822.903557643,1377.9657647259992,0.01779637669043406,0.0,0.0,1.0265597142279148,False,False,
s-007,after_one_actual_history_call,7,1000,1,-31444.937792917004,32248.988411978,52696.369820502,24881.47464654316,1561.7732752349693,32822.903557643,1377.9657647259992,0.01779637669043406,0.0,0.0,1.0269410386681557,False,False,
s-007,after_one_actual_history_call,8,200,0,538.388944797,212.278311168,212.278311168,212.278311168,1561.7732752349693,212.278311168,750.667255965,0.0,0.0,0.0,0.2214781604707241,False,True,
s-007,after_one_actual_history_call,8,200,1,538.388944797,212.278311168,212.278311168,212.278311168,1561.7732752349693,212.278311168,750.667255965,0.0,0.0,0.0,0.22168273478746414,False,True,
s-007,after_one_actual_history_call,8,1000,0,538.388944797,212.278311168,212.278311168,212.278311168,1561.7732752349693,212.278311168,750.667255965,0.0,0.0,0.0,1.021571807563305,False,True,
s-007,after_one_actual_history_call,8,1000,1,538.388944797,212.278311168,212.278311168,212.278311168,1561.7732752349693,212.278311168,750.667255965,0.0,0.0,0.0,1.0217986889183521,False,True,
s-007,after_one_actual_history_call,9,200,0,-7419.935305995999,8620.288431855,13928.286221392,5974.293551852657,1561.7732752349693,9019.109136176,1599.1738301800015,0.046265354978983944,37.40055494503213,3.752782647413033e-05,0.2240426056087017,False,False,0.2240426056087017
s-007,after_one_actual_history_call,9,200,1,-7419.935305995999,8620.288431855,13928.286221392,5974.293551852657,1561.7732752349693,9019.109136176,1599.1738301800015,0.046265354978983944,37.40055494503213,3.752782647413033e-05,0.22336429357528687,False,False,0.22336429357528687
s-007,after_one_actual_history_call,9,1000,0,-7419.935305995999,8620.288431855,13928.286221392,5974.293551852657,1561.7732752349693,9019.109136176,1599.1738301800015,0.046265354978983944,37.40055494503213,3.752782647413033e-05,1.0233573354780674,False,False,1.0233573354780674
s-007,after_one_actual_history_call,9,1000,1,-7419.935305995999,8620.288431855,13928.286221392,5974.293551852657,1561.7732752349693,9019.109136176,1599.1738301800015,0.046265354978983944,37.40055494503213,3.752782647413033e-05,1.0248317830264568,False,False,1.0248317830264568
s-007,after_one_actual_history_call,10,200,0,-33585.308469449,34191.966071004,52143.091093883,26401.13854293149,1561.7732752349693,35410.147791893,1824.8393224440006,0.03562771787850092,263.06604720903124,0.0002639612429656536,0.22702747955918312,False,False,0.22702747955918312
s-007,after_one_actual_history_call,10,200,1,-33585.308469449,34191.966071004,52143.091093883,26401.13854293149,1561.7732752349693,35410.147791893,1824.8393224440006,0.03562771787850092,263.06604720903124,0.0002639612429656536,0.22708580270409584,False,False,0.22708580270409584
s-007,after_one_actual_history_call,10,1000,0,-33585.308469449,34191.966071004,52143.091093883,26401.13854293149,1561.7732752349693,35410.147791893,1824.8393224440006,0.03562771787850092,263.06604720903124,0.0002639612429656536,1.027074221521616,False,False,1.027074221521616
s-007,after_one_actual_history_call,10,1000,1,-33585.308469449,34191.966071004,52143.091093883,26401.13854293149,1561.7732752349693,35410.147791893,1824.8393224440006,0.03562771787850092,263.06604720903124,0.0002639612429656536,1.0264693200588226,False,False,1.0264693200588226
s-007,after_one_actual_history_call,0,50,0,-7785.5393066199995,8181.893143307,14818.642837229,5844.804346452819,1561.7732752349693,8332.713550515,547.1742438950005,0.01843343643901959,0.0,0.0,0.07690493017435074,False,False,
s-007,after_one_actual_history_call,0,50,1,-7785.5393066199995,8181.893143307,14818.642837229,5844.804346452819,1561.7732752349693,8332.713550515,547.1742438950005,0.01843343643901959,0.0,0.0,0.07664792984724045,False,False,
s-007,after_one_actual_history_call,1,50,0,-33067.785816007,33067.785816007,51520.200265919,28377.13860264012,1561.7732752349693,33315.172958591,247.38714258399705,0.007481212802105584,0.0,0.0,0.07807876169681549,False,False,
s-007,after_one_actual_history_call,1,50,1,-33067.785816007,33067.785816007,51520.200265919,28377.13860264012,1561.7732752349693,33315.172958591,247.38714258399705,0.007481212802105584,0.0,0.0,0.08166549727320671,False,False,
s-007,after_one_actual_history_call,2,50,0,165.37815266300004,212.278311168,212.278311168,212.278311168,1561.7732752349693,212.278311168,377.656463831,0.0,0.0,0.0,0.08191190287470818,False,True,
s-007,after_one_actual_history_call,2,50,1,165.37815266300004,212.278311168,212.278311168,212.278311168,1561.7732752349693,212.278311168,377.656463831,0.0,0.0,0.0,0.08179759979248047,False,True,
s-007,after_one_actual_history_call,3,50,0,-8060.348692389,9622.121967624,15237.321809763,6386.515364587508,1561.7732752349693,9622.121967624,1561.7732752350003,0.0,3.092281986027956e-11,3.102804810016612e-17,0.0825301818549633,False,True,
s-007,after_one_actual_history_call,3,50,1,-8060.348692389,9622.121967624,15237.321809763,6386.515364587508,1561.7732752349693,9622.121967624,1561.7732752350003,0.0,3.092281986027956e-11,3.102804810016612e-17,0.07742862030863762,False,True,
s-007,after_one_actual_history_call,4,50,0,-32742.122994303005,32907.501146966,46893.126194816,24712.48884475175,1561.7732752349693,33537.060222313,794.9372280099924,0.019131172328623897,0.0,0.0,0.08033730089664459,False,False,
s-007,after_one_actual_history_call,4,50,1,-32742.122994303005,32907.501146966,46893.126194816,24712.48884475175,1561.7732752349693,33537.060222313,794.9372280099924,0.019131172328623897,0.0,0.0,0.07882721722126007,False,False,
s-007,after_one_actual_history_call,5,50,0,312.37274249000006,212.278311168,212.278311168,212.278311168,1561.7732752349693,212.278311168,524.651053658,0.0,0.0,0.0,0.07404129579663277,False,True,
s-007,after_one_actual_history_call,5,50,1,312.37274249000006,212.278311168,212.278311168,212.278311168,1561.7732752349693,212.278311168,524.651053658,0.0,0.0,0.0,0.07423211634159088,False,True,
s-007,after_one_actual_history_call,6,50,0,-7766.220641680999,8740.557565233,14102.105208904,6331.785927123407,1561.7732752349693,9139.378269554,1373.1576278730008,0.04562874866328589,0.0,0.0,0.07636011019349098,False,False,
s-007,after_one_actual_history_call,6,50,1,-7766.220641680999,8740.557565233,14102.105208904,6331.785927123407,1561.7732752349693,9139.378269554,1373.1576278730008,0.04562874866328589,0.0,0.0,0.07586789131164551,False,False,
s-007,after_one_actual_history_call,7,50,0,-31444.937792917004,32248.988411978,52696.369820502,24881.47464654316,1561.7732752349693,32822.903557643,1377.9657647259992,0.01779637669043406,0.0,0.0,0.07918791100382805,False,False,
s-007,after_one_actual_history_call,7,50,1,-31444.937792917004,32248.988411978,52696.369820502,24881.47464654316,1561.7732752349693,32822.903557643,1377.9657647259992,0.01779637669043406,0.0,0.0,0.07915612682700157,False,False,
s-007,after_one_actual_history_call,8,50,0,538.388944797,212.278311168,212.278311168,212.278311168,1561.7732752349693,212.278311168,750.667255965,0.0,0.0,0.0,0.07442421838641167,False,True,
s-007,after_one_actual_history_call,8,50,1,538.388944797,212.278311168,212.278311168,212.278311168,1561.7732752349693,212.278311168,750.667255965,0.0,0.0,0.0,0.0738738365471363,False,True,
s-007,after_one_actual_history_call,9,50,0,-7419.935305995999,8620.288431855,13928.286221392,5974.293551852657,1561.7732752349693,9019.109136176,1599.1738301800015,0.046265354978983944,37.40055494503213,3.752782647413033e-05,0.07668467238545418,False,False,0.07668467238545418
s-007,after_one_actual_history_call,9,50,1,-7419.935305995999,8620.288431855,13928.286221392,5974.293551852657,1561.7732752349693,9019.109136176,1599.1738301800015,0.046265354978983944,37.40055494503213,3.752782647413033e-05,0.07713061571121216,False,False,0.07713061571121216
s-007,after_one_actual_history_call,10,50,0,-33585.308469449,34191.966071004,52143.091093883,26401.13854293149,1561.7732752349693,35410.147791893,1824.8393224440006,0.03562771787850092,263.06604720903124,0.0002639612429656536,0.07975297793745995,False,False,0.07975297793745995
s-007,after_one_actual_history_call,10,50,1,-33585.308469449,34191.966071004,52143.091093883,26401.13854293149,1561.7732752349693,35410.147791893,1824.8393224440006,0.03562771787850092,263.06604720903124,0.0002639612429656536,0.07933654636144638,False,False,0.07933654636144638
s-007,after_one_actual_history_call,0,10,0,-7785.5393066199995,8181.893143307,14818.642837229,5844.804346452819,1561.7732752349693,8332.713550515,547.1742438950005,0.01843343643901959,0.0,0.0,0.03581187129020691,False,False,
s-007,after_one_actual_history_call,0,10,1,-7785.5393066199995,8181.893143307,14818.642837229,5844.804346452819,1561.7732752349693,8332.713550515,547.1742438950005,0.01843343643901959,0.0,0.0,0.03699489310383797,False,False,
s-007,after_one_actual_history_call,1,10,0,-33067.785816007,33067.785816007,51520.200265919,28377.13860264012,1561.7732752349693,33315.172958591,247.38714258399705,0.007481212802105584,0.0,0.0,0.04011472314596176,False,False,
s-007,after_one_actual_history_call,1,10,1,-33067.785816007,33067.785816007,51520.200265919,28377.13860264012,1561.7732752349693,33315.172958591,247.38714258399705,0.007481212802105584,0.0,0.0,0.0387607216835022,False,False,
s-007,after_one_actual_history_call,2,10,0,165.37815266300004,212.278311168,212.278311168,212.278311168,1561.7732752349693,212.278311168,377.656463831,0.0,0.0,0.0,0.03362002596259117,False,True,
s-007,after_one_actual_history_call,2,10,1,165.37815266300004,212.278311168,212.278311168,212.278311168,1561.7732752349693,212.278311168,377.656463831,0.0,0.0,0.0,0.033610764890909195,False,True,
s-007,after_one_actual_history_call,3,10,0,-8060.348692389,9622.121967624,15237.321809763,6386.515364587508,1561.7732752349693,9622.121967624,1561.7732752350003,0.0,3.092281986027956e-11,3.102804810016612e-17,0.03659524396061897,False,True,
s-007,after_one_actual_history_call,3,10,1,-8060.348692389,9622.121967624,15237.321809763,6386.515364587508,1561.7732752349693,9622.121967624,1561.7732752350003,0.0,3.092281986027956e-11,3.102804810016612e-17,0.035592664033174515,False,True,
s-007,after_one_actual_history_call,4,10,0,-32742.122994303005,32907.501146966,46893.126194816,24712.48884475175,1561.7732752349693,33537.060222313,794.9372280099924,0.019131172328623897,0.0,0.0,0.037831563502550125,False,False,
s-007,after_one_actual_history_call,4,10,1,-32742.122994303005,32907.501146966,46893.126194816,24712.48884475175,1561.7732752349693,33537.060222313,794.9372280099924,0.019131172328623897,0.0,0.0,0.03778574615716934,False,False,
s-007,after_one_actual_history_call,5,10,0,312.37274249000006,212.278311168,212.278311168,212.278311168,1561.7732752349693,212.278311168,524.651053658,0.0,0.0,0.0,0.033217232674360275,False,True,
s-007,after_one_actual_history_call,5,10,1,312.37274249000006,212.278311168,212.278311168,212.278311168,1561.7732752349693,212.278311168,524.651053658,0.0,0.0,0.0,0.03607387840747833,False,True,
s-007,after_one_actual_history_call,6,10,0,-7766.220641680999,8740.557565233,14102.105208904,6331.785927123407,1561.7732752349693,9139.378269554,1373.1576278730008,0.04562874866328589,0.0,0.0,0.03636299446225166,False,False,
s-007,after_one_actual_history_call,6,10,1,-7766.220641680999,8740.557565233,14102.105208904,6331.785927123407,1561.7732752349693,9139.378269554,1373.1576278730008,0.04562874866328589,0.0,0.0,0.03678378835320473,False,False,
s-007,after_one_actual_history_call,7,10,0,-31444.937792917004,32248.988411978,52696.369820502,24881.47464654316,1561.7732752349693,32822.903557643,1377.9657647259992,0.01779637669043406,0.0,0.0,0.0378631167113781,False,False,
s-007,after_one_actual_history_call,7,10,1,-31444.937792917004,32248.988411978,52696.369820502,24881.47464654316,1561.7732752349693,32822.903557643,1377.9657647259992,0.01779637669043406,0.0,0.0,0.035775505006313324,False,False,
s-007,after_one_actual_history_call,8,10,0,538.388944797,212.278311168,212.278311168,212.278311168,1561.7732752349693,212.278311168,750.667255965,0.0,0.0,0.0,0.033444903790950775,False,True,
s-007,after_one_actual_history_call,8,10,1,538.388944797,212.278311168,212.278311168,212.278311168,1561.7732752349693,212.278311168,750.667255965,0.0,0.0,0.0,0.03303568437695503,False,True,
s-007,after_one_actual_history_call,9,10,0,-7419.935305995999,8620.288431855,13928.286221392,5974.293551852657,1561.7732752349693,9019.109136176,1599.1738301800015,0.046265354978983944,37.40055494503213,3.752782647413033e-05,0.03611328452825546,False,False,0.03611328452825546
s-007,after_one_actual_history_call,9,10,1,-7419.935305995999,8620.288431855,13928.286221392,5974.293551852657,1561.7732752349693,9019.109136176,1599.1738301800015,0.046265354978983944,37.40055494503213,3.752782647413033e-05,0.037801843136548996,False,False,0.037801843136548996
s-007,after_one_actual_history_call,10,10,0,-33585.308469449,34191.966071004,52143.091093883,26401.13854293149,1561.7732752349693,35410.147791893,1824.8393224440006,0.03562771787850092,263.06604720903124,0.0002639612429656536,0.03810176998376846,False,False,0.03810176998376846
s-007,after_one_actual_history_call,10,10,1,-33585.308469449,34191.966071004,52143.091093883,26401.13854293149,1561.7732752349693,35410.147791893,1824.8393224440006,0.03562771787850092,263.06604720903124,0.0002639612429656536,0.03958277776837349,False,False,0.03958277776837349
s-008,after_common_greedy_prefix,0,200,0,-8848.81584517,9167.339634359,16231.950251643999,6594.854091847143,1195.6337537840009,9529.383843343,680.5679981729991,0.039492832536395364,0.0,0.0,0.22644472867250443,False,False,
s-008,after_common_greedy_prefix,0,200,1,-8848.81584517,9167.339634359,16231.950251643999,6594.854091847143,1195.6337537840009,9529.383843343,680.5679981729991,0.039492832536395364,0.0,0.0,0.22703474387526512,False,False,
s-008,after_common_greedy_prefix,0,1000,0,-8848.81584517,9167.339634359,16231.950251643999,6594.854091847143,1195.6337537840009,9529.383843343,680.5679981729991,0.039492832536395364,0.0,0.0,1.0253644101321697,False,False,
s-008,after_common_greedy_prefix,0,1000,1,-8848.81584517,9167.339634359,16231.950251643999,6594.854091847143,1195.6337537840009,9529.383843343,680.5679981729991,0.039492832536395364,0.0,0.0,1.0272178687155247,False,False,
s-008,after_common_greedy_prefix,1,200,0,-34480.244692415,34480.244692415,47466.279228195,27141.826406112334,1195.6337537840009,34871.941848752,391.6971563370025,0.011360045725637454,0.0,0.0,0.2289663925766945,False,False,
s-008,after_common_greedy_prefix,1,200,1,-34480.244692415,34480.244692415,47466.279228195,27141.826406112334,1195.6337537840009,34871.941848752,391.6971563370025,0.011360045725637454,0.0,0.0,0.22640081495046616,False,False,
s-008,after_common_greedy_prefix,1,1000,0,-34480.244692415,34480.244692415,47466.279228195,27141.826406112334,1195.6337537840009,34871.941848752,391.6971563370025,0.011360045725637454,0.0,0.0,1.0274388492107391,False,False,
s-008,after_common_greedy_prefix,1,1000,1,-34480.244692415,34480.244692415,47466.279228195,27141.826406112334,1195.6337537840009,34871.941848752,391.6971563370025,0.011360045725637454,0.0,0.0,1.0271763019263744,False,False,
s-008,after_common_greedy_prefix,2,200,0,165.37815266300004,212.278311168,212.278311168,212.278311168,1195.6337537840009,212.278311168,377.656463831,0.0,0.0,0.0,0.22205432876944542,False,True,
s-008,after_common_greedy_prefix,2,200,1,165.37815266300004,212.278311168,212.278311168,212.278311168,1195.6337537840009,212.278311168,377.656463831,0.0,0.0,0.0,0.22169864177703857,False,True,
s-008,after_common_greedy_prefix,2,1000,0,165.37815266300004,212.278311168,212.278311168,212.278311168,1195.6337537840009,212.278311168,377.656463831,0.0,0.0,0.0,1.021880429238081,False,True,
s-008,after_common_greedy_prefix,2,1000,1,165.37815266300004,212.278311168,212.278311168,212.278311168,1195.6337537840009,212.278311168,377.656463831,0.0,0.0,0.0,1.0218512825667858,False,True,
s-008,after_common_greedy_prefix,3,200,0,-7904.563089072,9063.045908781,14974.656409839,6223.077321951509,1195.6337537840009,9512.922469208,1608.3593801360003,0.04963856135729434,412.7256263519994,0.00041413010341500114,0.22486774995923042,False,False,0.22486774995923042
s-008,after_common_greedy_prefix,3,200,1,-7904.563089072,9063.045908781,14974.656409839,6223.077321951509,1195.6337537840009,9512.922469208,1608.3593801360003,0.04963856135729434,412.7256263519994,0.00041413010341500114,0.22532831132411957,False,False,0.22532831132411957
s-008,after_common_greedy_prefix,3,1000,0,-7904.563089072,9063.045908781,14974.656409839,6223.077321951509,1195.6337537840009,9512.922469208,1608.3593801360003,0.04963856135729434,412.7256263519994,0.00041413010341500114,1.0253788568079472,False,False,1.0253788568079472
s-008,after_common_greedy_prefix,3,1000,1,-7904.563089072,9063.045908781,14974.656409839,6223.077321951509,1195.6337537840009,9512.922469208,1608.3593801360003,0.04963856135729434,412.7256263519994,0.00041413010341500114,1.024387113749981,False,False,1.024387113749981
s-008,after_common_greedy_prefix,4,200,0,-32389.473515403,32554.851668066,45529.344592421,24251.542824998247,1195.6337537840009,33433.830611258,1044.3570958550044,0.026999936972657734,0.0,0.0,0.2265961430966854,False,False,
s-008,after_common_greedy_prefix,4,200,1,-32389.473515403,32554.851668066,45529.344592421,24251.542824998247,1195.6337537840009,33433.830611258,1044.3570958550044,0.026999936972657734,0.0,0.0,0.2266988791525364,False,False,
s-008,after_common_greedy_prefix,4,1000,0,-32389.473515403,32554.851668066,45529.344592421,24251.542824998247,1195.6337537840009,33433.830611258,1044.3570958550044,0.026999936972657734,0.0,0.0,1.027554128319025,False,False,
s-008,after_common_greedy_prefix,4,1000,1,-32389.473515403,32554.851668066,45529.344592421,24251.542824998247,1195.6337537840009,33433.830611258,1044.3570958550044,0.026999936972657734,0.0,0.0,1.0267681404948235,False,False,
s-008,after_common_greedy_prefix,5,200,0,312.37274249000006,212.278311168,212.278311168,212.278311168,1195.6337537840009,212.278311168,524.651053658,0.0,0.0,0.0,0.22208671644330025,False,True,
s-008,after_common_greedy_prefix,5,200,1,312.37274249000006,212.278311168,212.278311168,212.278311168,1195.6337537840009,212.278311168,524.651053658,0.0,0.0,0.0,0.22195646539330482,False,True,
s-008,after_common_greedy_prefix,5,1000,0,312.37274249000006,212.278311168,212.278311168,212.278311168,1195.6337537840009,212.278311168,524.651053658,0.0,0.0,0.0,1.0219930559396744,False,True,
s-008,after_common_greedy_prefix,5,1000,1,312.37274249000006,212.278311168,212.278311168,212.278311168,1195.6337537840009,212.278311168,524.651053658,0.0,0.0,0.0,1.0224632397294044,False,True,
s-008,after_common_greedy_prefix,6,200,0,-7770.312964142999,8744.649887695,14106.197531366,6153.282446110908,1195.6337537840009,9143.470592016,1373.1576278730008,0.045607395315185525,177.52387408899995,0.00017812797568428243,0.2249840833246708,False,False,0.2249840833246708
s-008,after_common_greedy_prefix,6,200,1,-7770.312964142999,8744.649887695,14106.197531366,6153.282446110908,1195.6337537840009,9143.470592016,1373.1576278730008,0.045607395315185525,177.52387408899995,0.00017812797568428243,0.2239045910537243,False,False,0.2239045910537243
s-008,after_common_greedy_prefix,6,1000,0,-7770.312964142999,8744.649887695,14106.197531366,6153.282446110908,1195.6337537840009,9143.470592016,1373.1576278730008,0.045607395315185525,177.52387408899995,0.00017812797568428243,1.0243697948753834,False,False,1.0243697948753834
s-008,after_common_greedy_prefix,6,1000,1,-7770.312964142999,8744.649887695,14106.197531366,6153.282446110908,1195.6337537840009,9143.470592016,1373.1576278730008,0.045607395315185525,177.52387408899995,0.00017812797568428243,1.0241900086402893,False,False,1.0241900086402893
s-008,after_common_greedy_prefix,7,200,0,-31930.020648763002,32706.378314814,48715.690664188,25339.895767545047,1195.6337537840009,33583.988062159,1653.9674133959961,0.026832984652033307,458.33365961199524,0.00045989333769115017,0.2272850200533867,False,False,0.2272850200533867
s-008,after_common_greedy_prefix,7,200,1,-31930.020648763002,32706.378314814,48715.690664188,25339.895767545047,1195.6337537840009,33583.988062159,1653.9674133959961,0.026832984652033307,458.33365961199524,0.00045989333769115017,0.2266124188899994,False,False,0.2266124188899994
s-008,after_common_greedy_prefix,7,1000,0,-31930.020648763002,32706.378314814,48715.690664188,25339.895767545047,1195.6337537840009,33583.988062159,1653.9674133959961,0.026832984652033307,458.33365961199524,0.00045989333769115017,1.0272057875990868,False,False,1.0272057875990868
s-008,after_common_greedy_prefix,7,1000,1,-31930.020648763002,32706.378314814,48715.690664188,25339.895767545047,1195.6337537840009,33583.988062159,1653.9674133959961,0.026832984652033307,458.33365961199524,0.00045989333769115017,1.0264918990433216,False,False,1.0264918990433216
s-008,after_common_greedy_prefix,8,200,0,538.388944797,212.278311168,212.278311168,212.278311168,1195.6337537840009,212.278311168,750.667255965,0.0,0.0,0.0,0.22293908521533012,False,True,
s-008,after_common_greedy_prefix,8,200,1,538.388944797,212.278311168,212.278311168,212.278311168,1195.6337537840009,212.278311168,750.667255965,0.0,0.0,0.0,0.22376465424895287,False,True,
s-008,after_common_greedy_prefix,8,1000,0,538.388944797,212.278311168,212.278311168,212.278311168,1195.6337537840009,212.278311168,750.667255965,0.0,0.0,0.0,1.0225909985601902,False,True,
s-008,after_common_greedy_prefix,8,1000,1,538.388944797,212.278311168,212.278311168,212.278311168,1195.6337537840009,212.278311168,750.667255965,0.0,0.0,0.0,1.0217466838657856,False,True,
s-008,after_common_greedy_prefix,9,200,0,-7271.777801364,8467.411555148,13691.039890168,5908.44097309924,1195.6337537840009,8917.395038069,1645.6172367050003,0.05314297999929144,449.98348292099945,0.00045151474592029084,0.22452795878052711,False,False,0.22452795878052711
s-008,after_common_greedy_prefix,9,200,1,-7271.777801364,8467.411555148,13691.039890168,5908.44097309924,1195.6337537840009,8917.395038069,1645.6172367050003,0.05314297999929144,449.98348292099945,0.00045151474592029084,0.2246728278696537,False,False,0.2246728278696537
s-008,after_common_greedy_prefix,9,1000,0,-7271.777801364,8467.411555148,13691.039890168,5908.44097309924,1195.6337537840009,8917.395038069,1645.6172367050003,0.05314297999929144,449.98348292099945,0.00045151474592029084,1.024057812988758,False,False,1.024057812988758
s-008,after_common_greedy_prefix,9,1000,1,-7271.777801364,8467.411555148,13691.039890168,5908.44097309924,1195.6337537840009,8917.395038069,1645.6172367050003,0.05314297999929144,449.98348292099945,0.00045151474592029084,1.0248045101761818,False,False,1.0248045101761818
s-008,after_common_greedy_prefix,10,200,0,-33313.411129286,34169.07899812,52217.221905148,26440.469724969993,1195.6337537840009,35140.144332998,1826.7332037119995,0.028419417887483353,631.0994499279986,0.0006332470381689598,0.22761601954698563,False,False,0.22761601954698563
s-008,after_common_greedy_prefix,10,200,1,-33313.411129286,34169.07899812,52217.221905148,26440.469724969993,1195.6337537840009,35140.144332998,1826.7332037119995,0.028419417887483353,631.0994499279986,0.0006332470381689598,0.22591516003012657,False,False,0.22591516003012657
s-008,after_common_greedy_prefix,10,1000,0,-33313.411129286,34169.07899812,52217.221905148,26440.469724969993,1195.6337537840009,35140.144332998,1826.7332037119995,0.028419417887483353,631.0994499279986,0.0006332470381689598,1.0256880410015583,False,False,1.0256880410015583
s-008,after_common_greedy_prefix,10,1000,1,-33313.411129286,34169.07899812,52217.221905148,26440.469724969993,1195.6337537840009,35140.144332998,1826.7332037119995,0.028419417887483353,631.0994499279986,0.0006332470381689598,1.0271477177739143,False,False,1.0271477177739143
s-008,after_common_greedy_prefix,0,50,0,-8848.81584517,9167.339634359,16231.950251643999,6594.854091847143,1195.6337537840009,9529.383843343,680.5679981729991,0.039492832536395364,0.0,0.0,0.07772663235664368,False,False,
s-008,after_common_greedy_prefix,0,50,1,-8848.81584517,9167.339634359,16231.950251643999,6594.854091847143,1195.6337537840009,9529.383843343,680.5679981729991,0.039492832536395364,0.0,0.0,0.07671941816806793,False,False,
s-008,after_common_greedy_prefix,1,50,0,-34480.244692415,34480.244692415,47466.279228195,27141.826406112334,1195.6337537840009,34871.941848752,391.6971563370025,0.011360045725637454,0.0,0.0,0.07928488776087761,False,False,
s-008,after_common_greedy_prefix,1,50,1,-34480.244692415,34480.244692415,47466.279228195,27141.826406112334,1195.6337537840009,34871.941848752,391.6971563370025,0.011360045725637454,0.0,0.0,0.07916461676359177,False,False,
s-008,after_common_greedy_prefix,2,50,0,165.37815266300004,212.278311168,212.278311168,212.278311168,1195.6337537840009,212.278311168,377.656463831,0.0,0.0,0.0,0.07415227964520454,False,True,
s-008,after_common_greedy_prefix,2,50,1,165.37815266300004,212.278311168,212.278311168,212.278311168,1195.6337537840009,212.278311168,377.656463831,0.0,0.0,0.0,0.07396288961172104,False,True,
s-008,after_common_greedy_prefix,3,50,0,-7904.563089072,9063.045908781,14974.656409839,6223.077321951509,1195.6337537840009,9512.922469208,1608.3593801360003,0.04963856135729434,412.7256263519994,0.00041413010341500114,0.07578542828559875,False,False,0.07578542828559875
s-008,after_common_greedy_prefix,3,50,1,-7904.563089072,9063.045908781,14974.656409839,6223.077321951509,1195.6337537840009,9512.922469208,1608.3593801360003,0.04963856135729434,412.7256263519994,0.00041413010341500114,0.07569719105958939,False,False,0.07569719105958939
s-008,after_common_greedy_prefix,4,50,0,-32389.473515403,32554.851668066,45529.344592421,24251.542824998247,1195.6337537840009,33433.830611258,1044.3570958550044,0.026999936972657734,0.0,0.0,0.07916208356618881,False,False,
s-008,after_common_greedy_prefix,4,50,1,-32389.473515403,32554.851668066,45529.344592421,24251.542824998247,1195.6337537840009,33433.830611258,1044.3570958550044,0.026999936972657734,0.0,0.0,0.07909003272652626,False,False,
s-008,after_common_greedy_prefix,5,50,0,312.37274249000006,212.278311168,212.278311168,212.278311168,1195.6337537840009,212.278311168,524.651053658,0.0,0.0,0.0,0.07415200397372246,False,True,
s-008,after_common_greedy_prefix,5,50,1,312.37274249000006,212.278311168,212.278311168,212.278311168,1195.6337537840009,212.278311168,524.651053658,0.0,0.0,0.0,0.0745566263794899,False,True,
s-008,after_common_greedy_prefix,6,50,0,-7770.312964142999,8744.649887695,14106.197531366,6153.282446110908,1195.6337537840009,9143.470592016,1373.1576278730008,0.045607395315185525,177.52387408899995,0.00017812797568428243,0.07583045959472656,False,False,0.07583045959472656
s-008,after_common_greedy_prefix,6,50,1,-7770.312964142999,8744.649887695,14106.197531366,6153.282446110908,1195.6337537840009,9143.470592016,1373.1576278730008,0.045607395315185525,177.52387408899995,0.00017812797568428243,0.07561462372541428,False,False,0.07561462372541428
s-008,after_common_greedy_prefix,7,50,0,-31930.020648763002,32706.378314814,48715.690664188,25339.895767545047,1195.6337537840009,33583.988062159,1653.9674133959961,0.026832984652033307,458.33365961199524,0.00045989333769115017,0.08036113157868385,False,False,0.08036113157868385
s-008,after_common_greedy_prefix,7,50,1,-31930.020648763002,32706.378314814,48715.690664188,25339.895767545047,1195.6337537840009,33583.988062159,1653.9674133959961,0.026832984652033307,458.33365961199524,0.00045989333769115017,0.0792229026556015,False,False,0.0792229026556015
s-008,after_common_greedy_prefix,8,50,0,538.388944797,212.278311168,212.278311168,212.278311168,1195.6337537840009,212.278311168,750.667255965,0.0,0.0,0.0,0.07404053956270218,False,True,
s-008,after_common_greedy_prefix,8,50,1,538.388944797,212.278311168,212.278311168,212.278311168,1195.6337537840009,212.278311168,750.667255965,0.0,0.0,0.0,0.0731668546795845,False,True,
s-008,after_common_greedy_prefix,9,50,0,-7271.777801364,8467.411555148,13691.039890168,5908.44097309924,1195.6337537840009,8917.395038069,1645.6172367050003,0.05314297999929144,449.98348292099945,0.00045151474592029084,0.07602062076330185,False,False,0.07602062076330185
s-008,after_common_greedy_prefix,9,50,1,-7271.777801364,8467.411555148,13691.039890168,5908.44097309924,1195.6337537840009,8917.395038069,1645.6172367050003,0.05314297999929144,449.98348292099945,0.00045151474592029084,0.0792953185737133,False,False,0.0792953185737133
s-008,after_common_greedy_prefix,10,50,0,-33313.411129286,34169.07899812,52217.221905148,26440.469724969993,1195.6337537840009,35140.144332998,1826.7332037119995,0.028419417887483353,631.0994499279986,0.0006332470381689598,0.08811893314123154,False,False,0.08811893314123154
s-008,after_common_greedy_prefix,10,50,1,-33313.411129286,34169.07899812,52217.221905148,26440.469724969993,1195.6337537840009,35140.144332998,1826.7332037119995,0.028419417887483353,631.0994499279986,0.0006332470381689598,0.08864831924438477,False,False,0.08864831924438477
s-008,after_common_greedy_prefix,0,10,0,-8848.81584517,9167.339634359,16231.950251643999,6594.854091847143,1195.6337537840009,9529.383843343,680.5679981729991,0.039492832536395364,0.0,0.0,0.035323724150657654,False,False,
s-008,after_common_greedy_prefix,0,10,1,-8848.81584517,9167.339634359,16231.950251643999,6594.854091847143,1195.6337537840009,9529.383843343,680.5679981729991,0.039492832536395364,0.0,0.0,0.03671957552433014,False,False,
s-008,after_common_greedy_prefix,1,10,0,-34480.244692415,34480.244692415,47466.279228195,27141.826406112334,1195.6337537840009,34871.941848752,391.6971563370025,0.011360045725637454,0.0,0.0,0.0400010384619236,False,False,
s-008,after_common_greedy_prefix,1,10,1,-34480.244692415,34480.244692415,47466.279228195,27141.826406112334,1195.6337537840009,34871.941848752,391.6971563370025,0.011360045725637454,0.0,0.0,0.039286430925130844,False,False,
s-008,after_common_greedy_prefix,2,10,0,165.37815266300004,212.278311168,212.278311168,212.278311168,1195.6337537840009,212.278311168,377.656463831,0.0,0.0,0.0,0.03326650708913803,False,True,
s-008,after_common_greedy_prefix,2,10,1,165.37815266300004,212.278311168,212.278311168,212.278311168,1195.6337537840009,212.278311168,377.656463831,0.0,0.0,0.0,0.03336096554994583,False,True,
s-008,after_common_greedy_prefix,3,10,0,-7904.563089072,9063.045908781,14974.656409839,6223.077321951509,1195.6337537840009,9512.922469208,1608.3593801360003,0.04963856135729434,412.7256263519994,0.00041413010341500114,0.037186093628406525,False,False,0.037186093628406525
s-008,after_common_greedy_prefix,3,10,1,-7904.563089072,9063.045908781,14974.656409839,6223.077321951509,1195.6337537840009,9512.922469208,1608.3593801360003,0.04963856135729434,412.7256263519994,0.00041413010341500114,0.03747200965881348,False,False,0.03747200965881348
s-008,after_common_greedy_prefix,4,10,0,-32389.473515403,32554.851668066,45529.344592421,24251.542824998247,1195.6337537840009,33433.830611258,1044.3570958550044,0.026999936972657734,0.0,0.0,0.039759907871484756,False,False,
s-008,after_common_greedy_prefix,4,10,1,-32389.473515403,32554.851668066,45529.344592421,24251.542824998247,1195.6337537840009,33433.830611258,1044.3570958550044,0.026999936972657734,0.0,0.0,0.03995727375149727,False,False,
s-008,after_common_greedy_prefix,5,10,0,312.37274249000006,212.278311168,212.278311168,212.278311168,1195.6337537840009,212.278311168,524.651053658,0.0,0.0,0.0,0.036159414798021317,False,True,
s-008,after_common_greedy_prefix,5,10,1,312.37274249000006,212.278311168,212.278311168,212.278311168,1195.6337537840009,212.278311168,524.651053658,0.0,0.0,0.0,0.03539036959409714,False,True,
s-008,after_common_greedy_prefix,6,10,0,-7770.312964142999,8744.649887695,14106.197531366,6153.282446110908,1195.6337537840009,9143.470592016,1373.1576278730008,0.045607395315185525,177.52387408899995,0.00017812797568428243,0.03704725205898285,False,False,0.03704725205898285
s-008,after_common_greedy_prefix,6,10,1,-7770.312964142999,8744.649887695,14106.197531366,6153.282446110908,1195.6337537840009,9143.470592016,1373.1576278730008,0.045607395315185525,177.52387408899995,0.00017812797568428243,0.034726571291685104,False,False,0.034726571291685104
s-008,after_common_greedy_prefix,7,10,0,-31930.020648763002,32706.378314814,48715.690664188,25339.895767545047,1195.6337537840009,33583.988062159,1653.9674133959961,0.026832984652033307,458.33365961199524,0.00045989333769115017,0.0400206595659256,False,False,0.0400206595659256
s-008,after_common_greedy_prefix,7,10,1,-31930.020648763002,32706.378314814,48715.690664188,25339.895767545047,1195.6337537840009,33583.988062159,1653.9674133959961,0.026832984652033307,458.33365961199524,0.00045989333769115017,0.038712795823812485,False,False,0.038712795823812485
s-008,after_common_greedy_prefix,8,10,0,538.388944797,212.278311168,212.278311168,212.278311168,1195.6337537840009,212.278311168,750.667255965,0.0,0.0,0.0,0.03316431865096092,False,True,
s-008,after_common_greedy_prefix,8,10,1,538.388944797,212.278311168,212.278311168,212.278311168,1195.6337537840009,212.278311168,750.667255965,0.0,0.0,0.0,0.032673679292201996,False,True,
s-008,after_common_greedy_prefix,9,10,0,-7271.777801364,8467.411555148,13691.039890168,5908.44097309924,1195.6337537840009,8917.395038069,1645.6172367050003,0.05314297999929144,449.98348292099945,0.00045151474592029084,0.03528963401913643,False,False,0.03528963401913643
s-008,after_common_greedy_prefix,9,10,1,-7271.777801364,8467.411555148,13691.039890168,5908.44097309924,1195.6337537840009,8917.395038069,1645.6172367050003,0.05314297999929144,449.98348292099945,0.00045151474592029084,0.035372063517570496,False,False,0.035372063517570496
s-008,after_common_greedy_prefix,10,10,0,-33313.411129286,34169.07899812,52217.221905148,26440.469724969993,1195.6337537840009,35140.144332998,1826.7332037119995,0.028419417887483353,631.0994499279986,0.0006332470381689598,0.0391983836889267,False,False,0.0391983836889267
s-008,after_common_greedy_prefix,10,10,1,-33313.411129286,34169.07899812,52217.221905148,26440.469724969993,1195.6337537840009,35140.144332998,1826.7332037119995,0.028419417887483353,631.0994499279986,0.0006332470381689598,0.037934087216854095,False,False,0.037934087216854095
s-009,after_one_actual_history_call,0,200,0,-8848.81584517,9167.339634359,16231.950251643999,6594.854091847143,1195.6337537840009,9529.383843343,680.5679981729991,0.039492832536395364,0.0,0.0,0.2261488251388073,False,False,
s-009,after_one_actual_history_call,0,200,1,-8848.81584517,9167.339634359,16231.950251643999,6594.854091847143,1195.6337537840009,9529.383843343,680.5679981729991,0.039492832536395364,0.0,0.0,0.2266843169927597,False,False,
s-009,after_one_actual_history_call,0,1000,0,-8848.81584517,9167.339634359,16231.950251643999,6594.854091847143,1195.6337537840009,9529.383843343,680.5679981729991,0.039492832536395364,0.0,0.0,1.0255044288933277,False,False,
s-009,after_one_actual_history_call,0,1000,1,-8848.81584517,9167.339634359,16231.950251643999,6594.854091847143,1195.6337537840009,9529.383843343,680.5679981729991,0.039492832536395364,0.0,0.0,1.025789737701416,False,False,
s-009,after_one_actual_history_call,1,200,0,-34480.244692415,34480.244692415,47466.279228195,27141.826406112334,1195.6337537840009,34871.941848752,391.6971563370025,0.011360045725637454,0.0,0.0,0.22941556945443153,False,False,
s-009,after_one_actual_history_call,1,200,1,-34480.244692415,34480.244692415,47466.279228195,27141.826406112334,1195.6337537840009,34871.941848752,391.6971563370025,0.011360045725637454,0.0,0.0,0.2271995171904564,False,False,
s-009,after_one_actual_history_call,1,1000,0,-34480.244692415,34480.244692415,47466.279228195,27141.826406112334,1195.6337537840009,34871.941848752,391.6971563370025,0.011360045725637454,0.0,0.0,1.0271212011575699,False,False,
s-009,after_one_actual_history_call,1,1000,1,-34480.244692415,34480.244692415,47466.279228195,27141.826406112334,1195.6337537840009,34871.941848752,391.6971563370025,0.011360045725637454,0.0,0.0,1.027058869600296,False,False,
s-009,after_one_actual_history_call,2,200,0,165.37815266300004,212.278311168,212.278311168,212.278311168,1195.6337537840009,212.278311168,377.656463831,0.0,0.0,0.0,0.22214578092098236,False,True,
s-009,after_one_actual_history_call,2,200,1,165.37815266300004,212.278311168,212.278311168,212.278311168,1195.6337537840009,212.278311168,377.656463831,0.0,0.0,0.0,0.2223336584866047,False,True,
s-009,after_one_actual_history_call,2,1000,0,165.37815266300004,212.278311168,212.278311168,212.278311168,1195.6337537840009,212.278311168,377.656463831,0.0,0.0,0.0,1.0223243795335293,False,True,
s-009,after_one_actual_history_call,2,1000,1,165.37815266300004,212.278311168,212.278311168,212.278311168,1195.6337537840009,212.278311168,377.656463831,0.0,0.0,0.0,1.0221568644046783,False,True,
s-009,after_one_actual_history_call,3,200,0,-7904.563089072,9063.045908781,14974.656409839,6223.077321951509,1195.6337537840009,9512.922469208,1608.3593801360003,0.04963856135729434,412.7256263519994,0.00041413010341500114,0.22468886524438858,False,False,0.22468886524438858
s-009,after_one_actual_history_call,3,200,1,-7904.563089072,9063.045908781,14974.656409839,6223.077321951509,1195.6337537840009,9512.922469208,1608.3593801360003,0.04963856135729434,412.7256263519994,0.00041413010341500114,0.22434483468532562,False,False,0.22434483468532562
s-009,after_one_actual_history_call,3,1000,0,-7904.563089072,9063.045908781,14974.656409839,6223.077321951509,1195.6337537840009,9512.922469208,1608.3593801360003,0.04963856135729434,412.7256263519994,0.00041413010341500114,1.0239756144583225,False,False,1.0239756144583225
s-009,after_one_actual_history_call,3,1000,1,-7904.563089072,9063.045908781,14974.656409839,6223.077321951509,1195.6337537840009,9512.922469208,1608.3593801360003,0.04963856135729434,412.7256263519994,0.00041413010341500114,1.0238529294729233,False,False,1.0238529294729233
s-009,after_one_actual_history_call,4,200,0,-32389.473515403,33433.830611258,45529.344592421,24251.542824998247,1195.6337537840009,33433.830611258,1044.3570958550044,0.0,0.0,0.0,0.00398750975728035,False,True,
s-009,after_one_actual_history_call,4,200,1,-32389.473515403,33433.830611258,45529.344592421,24251.542824998247,1195.6337537840009,33433.830611258,1044.3570958550044,0.0,0.0,0.0,0.0038406550884246826,False,True,
s-009,after_one_actual_history_call,4,1000,0,-32389.473515403,33433.830611258,45529.344592421,24251.542824998247,1195.6337537840009,33433.830611258,1044.3570958550044,0.0,0.0,0.0,1.026803519576788,False,True,
s-009,after_one_actual_history_call,4,1000,1,-32389.473515403,33433.830611258,45529.344592421,24251.542824998247,1195.6337537840009,33433.830611258,1044.3570958550044,0.0,0.0,0.0,1.0265182442963123,False,True,
s-009,after_one_actual_history_call,5,200,0,312.37274249000006,212.278311168,212.278311168,212.278311168,1195.6337537840009,212.278311168,524.651053658,0.0,0.0,0.0,0.22230175510048866,False,True,
s-009,after_one_actual_history_call,5,200,1,312.37274249000006,212.278311168,212.278311168,212.278311168,1195.6337537840009,212.278311168,524.651053658,0.0,0.0,0.0,0.2222074493765831,False,True,
s-009,after_one_actual_history_call,5,1000,0,312.37274249000006,212.278311168,212.278311168,212.278311168,1195.6337537840009,212.278311168,524.651053658,0.0,0.0,0.0,1.0221777483820915,False,True,
s-009,after_one_actual_history_call,5,1000,1,312.37274249000006,212.278311168,212.278311168,212.278311168,1195.6337537840009,212.278311168,524.651053658,0.0,0.0,0.0,1.0222038887441158,False,True,
s-009,after_one_actual_history_call,6,200,0,-7770.312964142999,8744.649887695,14106.197531366,6153.282446110908,1195.6337537840009,9143.470592016,1373.1576278730008,0.045607395315185525,177.52387408899995,0.00017812797568428243,0.22466864064335823,False,False,0.22466864064335823
s-009,after_one_actual_history_call,6,200,1,-7770.312964142999,8744.649887695,14106.197531366,6153.282446110908,1195.6337537840009,9143.470592016,1373.1576278730008,0.045607395315185525,177.52387408899995,0.00017812797568428243,0.2247159406542778,False,False,0.2247159406542778
s-009,after_one_actual_history_call,6,1000,0,-7770.312964142999,8744.649887695,14106.197531366,6153.282446110908,1195.6337537840009,9143.470592016,1373.1576278730008,0.045607395315185525,177.52387408899995,0.00017812797568428243,1.02434491366148,False,False,1.02434491366148
s-009,after_one_actual_history_call,6,1000,1,-7770.312964142999,8744.649887695,14106.197531366,6153.282446110908,1195.6337537840009,9143.470592016,1373.1576278730008,0.045607395315185525,177.52387408899995,0.00017812797568428243,1.0250219888985157,False,False,1.0250219888985157
s-009,after_one_actual_history_call,7,200,0,-31930.020648763002,32706.378314814,48715.690664188,25339.895767545047,1195.6337537840009,33583.988062159,1653.9674133959961,0.026832984652033307,458.33365961199524,0.00045989333769115017,0.22799376398324966,False,False,0.22799376398324966
s-009,after_one_actual_history_call,7,200,1,-31930.020648763002,32706.378314814,48715.690664188,25339.895767545047,1195.6337537840009,33583.988062159,1653.9674133959961,0.026832984652033307,458.33365961199524,0.00045989333769115017,0.22817061096429825,False,False,0.22817061096429825
s-009,after_one_actual_history_call,7,1000,0,-31930.020648763002,32706.378314814,48715.690664188,25339.895767545047,1195.6337537840009,33583.988062159,1653.9674133959961,0.026832984652033307,458.33365961199524,0.00045989333769115017,1.0282955430448055,False,False,1.0282955430448055
s-009,after_one_actual_history_call,7,1000,1,-31930.020648763002,32706.378314814,48715.690664188,25339.895767545047,1195.6337537840009,33583.988062159,1653.9674133959961,0.026832984652033307,458.33365961199524,0.00045989333769115017,1.0272327475249767,False,False,1.0272327475249767
s-009,after_one_actual_history_call,8,200,0,538.388944797,212.278311168,212.278311168,212.278311168,1195.6337537840009,212.278311168,750.667255965,0.0,0.0,0.0,0.22290966287255287,False,True,
s-009,after_one_actual_history_call,8,200,1,538.388944797,212.278311168,212.278311168,212.278311168,1195.6337537840009,212.278311168,750.667255965,0.0,0.0,0.0,0.22287839278578758,False,True,
s-009,after_one_actual_history_call,8,1000,0,538.388944797,212.278311168,212.278311168,212.278311168,1195.6337537840009,212.278311168,750.667255965,0.0,0.0,0.0,1.023194044828415,False,True,
s-009,after_one_actual_history_call,8,1000,1,538.388944797,212.278311168,212.278311168,212.278311168,1195.6337537840009,212.278311168,750.667255965,0.0,0.0,0.0,1.022721767425537,False,True,
s-009,after_one_actual_history_call,9,200,0,-7271.777801364,8467.411555148,13691.039890168,5908.44097309924,1195.6337537840009,8917.395038069,1645.6172367050003,0.05314297999929144,449.98348292099945,0.00045151474592029084,0.2251114845275879,False,False,0.2251114845275879
s-009,after_one_actual_history_call,9,200,1,-7271.777801364,8467.411555148,13691.039890168,5908.44097309924,1195.6337537840009,8917.395038069,1645.6172367050003,0.05314297999929144,449.98348292099945,0.00045151474592029084,0.22542738169431686,False,False,0.22542738169431686
s-009,after_one_actual_history_call,9,1000,0,-7271.777801364,8467.411555148,13691.039890168,5908.44097309924,1195.6337537840009,8917.395038069,1645.6172367050003,0.05314297999929144,449.98348292099945,0.00045151474592029084,1.0253481641411781,False,False,1.0253481641411781
s-009,after_one_actual_history_call,9,1000,1,-7271.777801364,8467.411555148,13691.039890168,5908.44097309924,1195.6337537840009,8917.395038069,1645.6172367050003,0.05314297999929144,449.98348292099945,0.00045151474592029084,1.02456483989954,False,False,1.02456483989954
s-009,after_one_actual_history_call,10,200,0,-33313.411129286,34169.07899812,52217.221905148,26440.469724969993,1195.6337537840009,35140.144332998,1826.7332037119995,0.028419417887483353,631.0994499279986,0.0006332470381689598,0.22745196148753166,False,False,0.22745196148753166
s-009,after_one_actual_history_call,10,200,1,-33313.411129286,34169.07899812,52217.221905148,26440.469724969993,1195.6337537840009,35140.144332998,1826.7332037119995,0.028419417887483353,631.0994499279986,0.0006332470381689598,0.22852816432714462,False,False,0.22852816432714462
s-009,after_one_actual_history_call,10,1000,0,-33313.411129286,34169.07899812,52217.221905148,26440.469724969993,1195.6337537840009,35140.144332998,1826.7332037119995,0.028419417887483353,631.0994499279986,0.0006332470381689598,1.0275440067052841,False,False,1.0275440067052841
s-009,after_one_actual_history_call,10,1000,1,-33313.411129286,34169.07899812,52217.221905148,26440.469724969993,1195.6337537840009,35140.144332998,1826.7332037119995,0.028419417887483353,631.0994499279986,0.0006332470381689598,1.0262037254869938,False,False,1.0262037254869938
s-009,after_one_actual_history_call,0,50,0,-8848.81584517,9167.339634359,16231.950251643999,6594.854091847143,1195.6337537840009,9529.383843343,680.5679981729991,0.039492832536395364,0.0,0.0,0.07779519259929657,False,False,
s-009,after_one_actual_history_call,0,50,1,-8848.81584517,9167.339634359,16231.950251643999,6594.854091847143,1195.6337537840009,9529.383843343,680.5679981729991,0.039492832536395364,0.0,0.0,0.07686157524585724,False,False,
s-009,after_one_actual_history_call,1,50,0,-34480.244692415,34480.244692415,47466.279228195,27141.826406112334,1195.6337537840009,34871.941848752,391.6971563370025,0.011360045725637454,0.0,0.0,0.07967094331979752,False,False,
s-009,after_one_actual_history_call,1,50,1,-34480.244692415,34480.244692415,47466.279228195,27141.826406112334,1195.6337537840009,34871.941848752,391.6971563370025,0.011360045725637454,0.0,0.0,0.08000119775533676,False,False,
s-009,after_one_actual_history_call,2,50,0,165.37815266300004,212.278311168,212.278311168,212.278311168,1195.6337537840009,212.278311168,377.656463831,0.0,0.0,0.0,0.07575815543532372,False,True,
s-009,after_one_actual_history_call,2,50,1,165.37815266300004,212.278311168,212.278311168,212.278311168,1195.6337537840009,212.278311168,377.656463831,0.0,0.0,0.0,0.07537651434540749,False,True,
s-009,after_one_actual_history_call,3,50,0,-7904.563089072,9063.045908781,14974.656409839,6223.077321951509,1195.6337537840009,9512.922469208,1608.3593801360003,0.04963856135729434,412.7256263519994,0.00041413010341500114,0.0774926170706749,False,False,0.0774926170706749
s-009,after_one_actual_history_call,3,50,1,-7904.563089072,9063.045908781,14974.656409839,6223.077321951509,1195.6337537840009,9512.922469208,1608.3593801360003,0.04963856135729434,412.7256263519994,0.00041413010341500114,0.07677345350384712,False,False,0.07677345350384712
s-009,after_one_actual_history_call,4,50,0,-32389.473515403,33433.830611258,45529.344592421,24251.542824998247,1195.6337537840009,33433.830611258,1044.3570958550044,0.0,0.0,0.0,0.08012653887271881,False,True,
s-009,after_one_actual_history_call,4,50,1,-32389.473515403,33433.830611258,45529.344592421,24251.542824998247,1195.6337537840009,33433.830611258,1044.3570958550044,0.0,0.0,0.0,0.07940396293997765,False,True,
s-009,after_one_actual_history_call,5,50,0,312.37274249000006,212.278311168,212.278311168,212.278311168,1195.6337537840009,212.278311168,524.651053658,0.0,0.0,0.0,0.07533619925379753,False,True,
s-009,after_one_actual_history_call,5,50,1,312.37274249000006,212.278311168,212.278311168,212.278311168,1195.6337537840009,212.278311168,524.651053658,0.0,0.0,0.0,0.07549748197197914,False,True,
s-009,after_one_actual_history_call,6,50,0,-7770.312964142999,8744.649887695,14106.197531366,6153.282446110908,1195.6337537840009,9143.470592016,1373.1576278730008,0.045607395315185525,177.52387408899995,0.00017812797568428243,0.07616402953863144,False,False,0.07616402953863144
s-009,after_one_actual_history_call,6,50,1,-7770.312964142999,8744.649887695,14106.197531366,6153.282446110908,1195.6337537840009,9143.470592016,1373.1576278730008,0.045607395315185525,177.52387408899995,0.00017812797568428243,0.07659747824072838,False,False,0.07659747824072838
s-009,after_one_actual_history_call,7,50,0,-31930.020648763002,32706.378314814,48715.690664188,25339.895767545047,1195.6337537840009,33583.988062159,1653.9674133959961,0.026832984652033307,458.33365961199524,0.00045989333769115017,0.08073564618825912,False,False,0.08073564618825912
s-009,after_one_actual_history_call,7,50,1,-31930.020648763002,32706.378314814,48715.690664188,25339.895767545047,1195.6337537840009,33583.988062159,1653.9674133959961,0.026832984652033307,458.33365961199524,0.00045989333769115017,0.08066081255674362,False,False,0.08066081255674362
s-009,after_one_actual_history_call,8,50,0,538.388944797,212.278311168,212.278311168,212.278311168,1195.6337537840009,212.278311168,750.667255965,0.0,0.0,0.0,0.07470494881272316,False,True,
s-009,after_one_actual_history_call,8,50,1,538.388944797,212.278311168,212.278311168,212.278311168,1195.6337537840009,212.278311168,750.667255965,0.0,0.0,0.0,0.0741061195731163,False,True,
s-009,after_one_actual_history_call,9,50,0,-7271.777801364,8467.411555148,13691.039890168,5908.44097309924,1195.6337537840009,8917.395038069,1645.6172367050003,0.05314297999929144,449.98348292099945,0.00045151474592029084,0.07708412781357765,False,False,0.07708412781357765
s-009,after_one_actual_history_call,9,50,1,-7271.777801364,8467.411555148,13691.039890168,5908.44097309924,1195.6337537840009,8917.395038069,1645.6172367050003,0.05314297999929144,449.98348292099945,0.00045151474592029084,0.07653185725212097,False,False,0.07653185725212097
s-009,after_one_actual_history_call,10,50,0,-33313.411129286,34169.07899812,52217.221905148,26440.469724969993,1195.6337537840009,35140.144332998,1826.7332037119995,0.028419417887483353,631.0994499279986,0.0006332470381689598,0.07927839085459709,False,False,0.07927839085459709
s-009,after_one_actual_history_call,10,50,1,-33313.411129286,34169.07899812,52217.221905148,26440.469724969993,1195.6337537840009,35140.144332998,1826.7332037119995,0.028419417887483353,631.0994499279986,0.0006332470381689598,0.07884249463677406,False,False,0.07884249463677406
s-009,after_one_actual_history_call,0,10,0,-8848.81584517,9167.339634359,16231.950251643999,6594.854091847143,1195.6337537840009,9529.383843343,680.5679981729991,0.039492832536395364,0.0,0.0,0.0361534021794796,False,False,
s-009,after_one_actual_history_call,0,10,1,-8848.81584517,9167.339634359,16231.950251643999,6594.854091847143,1195.6337537840009,9529.383843343,680.5679981729991,0.039492832536395364,0.0,0.0,0.03617669641971588,False,False,
s-009,after_one_actual_history_call,1,10,0,-34480.244692415,34480.244692415,47466.279228195,27141.826406112334,1195.6337537840009,34871.941848752,391.6971563370025,0.011360045725637454,0.0,0.0,0.03840159252285957,False,False,
s-009,after_one_actual_history_call,1,10,1,-34480.244692415,34480.244692415,47466.279228195,27141.826406112334,1195.6337537840009,34871.941848752,391.6971563370025,0.011360045725637454,0.0,0.0,0.03902430087327957,False,False,
s-009,after_one_actual_history_call,2,10,0,165.37815266300004,212.278311168,212.278311168,212.278311168,1195.6337537840009,212.278311168,377.656463831,0.0,0.0,0.0,0.033482592552900314,False,True,
s-009,after_one_actual_history_call,2,10,1,165.37815266300004,212.278311168,212.278311168,212.278311168,1195.6337537840009,212.278311168,377.656463831,0.0,0.0,0.0,0.034094374626874924,False,True,
s-009,after_one_actual_history_call,3,10,0,-7904.563089072,9063.045908781,14974.656409839,6223.077321951509,1195.6337537840009,9512.922469208,1608.3593801360003,0.04963856135729434,412.7256263519994,0.00041413010341500114,0.036638371646404266,False,False,0.036638371646404266
s-009,after_one_actual_history_call,3,10,1,-7904.563089072,9063.045908781,14974.656409839,6223.077321951509,1195.6337537840009,9512.922469208,1608.3593801360003,0.04963856135729434,412.7256263519994,0.00041413010341500114,0.03772316873073578,False,False,0.03772316873073578
s-009,after_one_actual_history_call,4,10,0,-32389.473515403,33433.830611258,45529.344592421,24251.542824998247,1195.6337537840009,33433.830611258,1044.3570958550044,0.0,0.0,0.0,0.03925442695617676,False,True,
s-009,after_one_actual_history_call,4,10,1,-32389.473515403,33433.830611258,45529.344592421,24251.542824998247,1195.6337537840009,33433.830611258,1044.3570958550044,0.0,0.0,0.0,0.03877939656376839,False,True,
s-009,after_one_actual_history_call,5,10,0,312.37274249000006,212.278311168,212.278311168,212.278311168,1195.6337537840009,212.278311168,524.651053658,0.0,0.0,0.0,0.032913386821746826,False,True,
s-009,after_one_actual_history_call,5,10,1,312.37274249000006,212.278311168,212.278311168,212.278311168,1195.6337537840009,212.278311168,524.651053658,0.0,0.0,0.0,0.03366600349545479,False,True,
s-009,after_one_actual_history_call,6,10,0,-7770.312964142999,8744.649887695,14106.197531366,6153.282446110908,1195.6337537840009,9143.470592016,1373.1576278730008,0.045607395315185525,177.52387408899995,0.00017812797568428243,0.03489748388528824,False,False,0.03489748388528824
s-009,after_one_actual_history_call,6,10,1,-7770.312964142999,8744.649887695,14106.197531366,6153.282446110908,1195.6337537840009,9143.470592016,1373.1576278730008,0.045607395315185525,177.52387408899995,0.00017812797568428243,0.03544120490550995,False,False,0.03544120490550995
s-009,after_one_actual_history_call,7,10,0,-31930.020648763002,32706.378314814,48715.690664188,25339.895767545047,1195.6337537840009,33583.988062159,1653.9674133959961,0.026832984652033307,458.33365961199524,0.00045989333769115017,0.037596236914396286,False,False,0.037596236914396286
s-009,after_one_actual_history_call,7,10,1,-31930.020648763002,32706.378314814,48715.690664188,25339.895767545047,1195.6337537840009,33583.988062159,1653.9674133959961,0.026832984652033307,458.33365961199524,0.00045989333769115017,0.03852885589003563,False,False,0.03852885589003563
s-009,after_one_actual_history_call,8,10,0,538.388944797,212.278311168,212.278311168,212.278311168,1195.6337537840009,212.278311168,750.667255965,0.0,0.0,0.0,0.032856088131666183,False,True,
s-009,after_one_actual_history_call,8,10,1,538.388944797,212.278311168,212.278311168,212.278311168,1195.6337537840009,212.278311168,750.667255965,0.0,0.0,0.0,0.0322938933968544,False,True,
s-009,after_one_actual_history_call,9,10,0,-7271.777801364,8467.411555148,13691.039890168,5908.44097309924,1195.6337537840009,8917.395038069,1645.6172367050003,0.05314297999929144,449.98348292099945,0.00045151474592029084,0.03534386307001114,False,False,0.03534386307001114
s-009,after_one_actual_history_call,9,10,1,-7271.777801364,8467.411555148,13691.039890168,5908.44097309924,1195.6337537840009,8917.395038069,1645.6172367050003,0.05314297999929144,449.98348292099945,0.00045151474592029084,0.03452417626976967,False,False,0.03452417626976967
s-009,after_one_actual_history_call,10,10,0,-33313.411129286,34169.07899812,52217.221905148,26440.469724969993,1195.6337537840009,35140.144332998,1826.7332037119995,0.028419417887483353,631.0994499279986,0.0006332470381689598,0.0408940389752388,False,False,0.0408940389752388
s-009,after_one_actual_history_call,10,10,1,-33313.411129286,34169.07899812,52217.221905148,26440.469724969993,1195.6337537840009,35140.144332998,1826.7332037119995,0.028419417887483353,631.0994499279986,0.0006332470381689598,0.0412309467792511,False,False,0.0412309467792511
s-010,after_common_greedy_prefix,0,200,0,-8055.169193681,8502.971737046,11698.614402669,5856.903795901758,1200.353125859052,8887.906928468,832.7377347870006,0.045270665753821514,0.0,0.0,0.22678717970848083,False,False,
s-010,after_common_greedy_prefix,0,200,1,-8055.169193681,8502.971737046,11698.614402669,5856.903795901758,1200.353125859052,8887.906928468,832.7377347870006,0.045270665753821514,0.0,0.0,0.22638342157006264,False,False,
s-010,after_common_greedy_prefix,0,1000,0,-8055.169193681,8502.971737046,11698.614402669,5856.903795901758,1200.353125859052,8887.906928468,832.7377347870006,0.045270665753821514,0.0,0.0,1.0249159671366215,False,False,
s-010,after_common_greedy_prefix,0,1000,1,-8055.169193681,8502.971737046,11698.614402669,5856.903795901758,1200.353125859052,8887.906928468,832.7377347870006,0.045270665753821514,0.0,0.0,1.0247659869492054,False,False,
s-010,after_common_greedy_prefix,1,200,0,-34996.793655868,34996.793655868,54642.321162824,29673.650068313797,1200.353125859052,35418.413175838,421.6195199700014,0.012047375657207026,0.0,0.0,0.2278321571648121,False,False,
s-010,after_common_greedy_prefix,1,200,1,-34996.793655868,34996.793655868,54642.321162824,29673.650068313797,1200.353125859052,35418.413175838,421.6195199700014,0.012047375657207026,0.0,0.0,0.2270057126879692,False,False,
s-010,after_common_greedy_prefix,1,1000,0,-34996.793655868,34996.793655868,54642.321162824,29673.650068313797,1200.353125859052,35418.413175838,421.6195199700014,0.012047375657207026,0.0,0.0,1.0269905366003513,False,False,
s-010,after_common_greedy_prefix,1,1000,1,-34996.793655868,34996.793655868,54642.321162824,29673.650068313797,1200.353125859052,35418.413175838,421.6195199700014,0.012047375657207026,0.0,0.0,1.0266610011458397,False,False,
s-010,after_common_greedy_prefix,2,200,0,165.37815266300004,212.278311168,212.278311168,212.278311168,1200.353125859052,212.278311168,377.656463831,0.0,0.0,0.0,0.22274130210280418,False,True,
s-010,after_common_greedy_prefix,2,200,1,165.37815266300004,212.278311168,212.278311168,212.278311168,1200.353125859052,212.278311168,377.656463831,0.0,0.0,0.0,0.22294894978404045,False,True,
s-010,after_common_greedy_prefix,2,1000,0,165.37815266300004,212.278311168,212.278311168,212.278311168,1200.353125859052,212.278311168,377.656463831,0.0,0.0,0.0,1.0228135026991367,False,True,
s-010,after_common_greedy_prefix,2,1000,1,165.37815266300004,212.278311168,212.278311168,212.278311168,1200.353125859052,212.278311168,377.656463831,0.0,0.0,0.0,1.0226808078587055,False,True,
s-010,after_common_greedy_prefix,3,200,0,-8029.929911411,9054.235213648,14799.238073653,6198.934300245314,1200.353125859052,9488.161803049,1458.231891638001,0.04792526140108625,257.87876577894895,0.0002587563095718387,0.22522053495049477,False,False,0.22522053495049477
s-010,after_common_greedy_prefix,3,200,1,-8029.929911411,9054.235213648,14799.238073653,6198.934300245314,1200.353125859052,9488.161803049,1458.231891638001,0.04792526140108625,257.87876577894895,0.0002587563095718387,0.22468242421746254,False,False,0.22468242421746254
s-010,after_common_greedy_prefix,3,1000,0,-8029.929911411,9054.235213648,14799.238073653,6198.934300245314,1200.353125859052,9488.161803049,1458.231891638001,0.04792526140108625,257.87876577894895,0.0002587563095718387,1.0246012844145298,False,False,1.0246012844145298
s-010,after_common_greedy_prefix,3,1000,1,-8029.929911411,9054.235213648,14799.238073653,6198.934300245314,1200.353125859052,9488.161803049,1458.231891638001,0.04792526140108625,257.87876577894895,0.0002587563095718387,1.0253191441297531,False,False,1.0253191441297531
s-010,after_common_greedy_prefix,4,200,0,-32771.409007444,32936.787160107,45044.974818091,24636.74242537574,1200.353125859052,33321.217726532,549.808719087996,0.0116717688509285,0.0,0.0,0.2284836359322071,False,False,
s-010,after_common_greedy_prefix,4,200,1,-32771.409007444,32936.787160107,45044.974818091,24636.74242537574,1200.353125859052,33321.217726532,549.808719087996,0.0116717688509285,0.0,0.0,0.2286781333386898,False,False,
s-010,after_common_greedy_prefix,4,1000,0,-32771.409007444,32936.787160107,45044.974818091,24636.74242537574,1200.353125859052,33321.217726532,549.808719087996,0.0116717688509285,0.0,0.0,1.0279902070760727,False,False,
s-010,after_common_greedy_prefix,4,1000,1,-32771.409007444,32936.787160107,45044.974818091,24636.74242537574,1200.353125859052,33321.217726532,549.808719087996,0.0116717688509285,0.0,0.0,1.0286262966692448,False,False,
s-010,after_common_greedy_prefix,5,200,0,312.37274249000006,212.278311168,212.278311168,212.278311168,1200.353125859052,212.278311168,524.651053658,0.0,0.0,0.0,0.22220193967223167,False,True,
s-010,after_common_greedy_prefix,5,200,1,312.37274249000006,212.278311168,212.278311168,212.278311168,1200.353125859052,212.278311168,524.651053658,0.0,0.0,0.0,0.22204019501805305,False,True,
s-010,after_common_greedy_prefix,5,1000,0,312.37274249000006,212.278311168,212.278311168,212.278311168,1200.353125859052,212.278311168,524.651053658,0.0,0.0,0.0,1.0225290581583977,False,True,
s-010,after_common_greedy_prefix,5,1000,1,312.37274249000006,212.278311168,212.278311168,212.278311168,1200.353125859052,212.278311168,524.651053658,0.0,0.0,0.0,1.0235196016728878,False,True,
s-010,after_common_greedy_prefix,6,200,0,-7854.124205659,8828.461129211,13862.423944178001,6254.550671290205,1200.353125859052,9151.733756247,1297.6095505880003,0.03661709807685258,97.25642472894833,9.75873816868884e-05,0.2253906950354576,False,False,0.2253906950354576
s-010,after_common_greedy_prefix,6,200,1,-7854.124205659,8828.461129211,13862.423944178001,6254.550671290205,1200.353125859052,9151.733756247,1297.6095505880003,0.03661709807685258,97.25642472894833,9.75873816868884e-05,0.2239830456674099,False,False,0.2239830456674099
s-010,after_common_greedy_prefix,6,1000,0,-7854.124205659,8828.461129211,13862.423944178001,6254.550671290205,1200.353125859052,9151.733756247,1297.6095505880003,0.03661709807685258,97.25642472894833,9.75873816868884e-05,1.0233504362404346,False,False,1.0233504362404346
s-010,after_common_greedy_prefix,6,1000,1,-7854.124205659,8828.461129211,13862.423944178001,6254.550671290205,1200.353125859052,9151.733756247,1297.6095505880003,0.03661709807685258,97.25642472894833,9.75873816868884e-05,1.0241402462124825,False,False,1.0241402462124825
s-010,after_common_greedy_prefix,7,200,0,-31938.146119686,32560.317136072,49349.543166233,25520.701798774688,1200.353125859052,33592.113533082,1653.9674133960034,0.031688769882002324,453.61428753695145,0.00045515790591588916,0.2272249236702919,False,False,0.2272249236702919
s-010,after_common_greedy_prefix,7,200,1,-31938.146119686,32560.317136072,49349.543166233,25520.701798774688,1200.353125859052,33592.113533082,1653.9674133960034,0.031688769882002324,453.61428753695145,0.00045515790591588916,0.22820868715643883,False,False,0.22820868715643883
s-010,after_common_greedy_prefix,7,1000,0,-31938.146119686,32560.317136072,49349.543166233,25520.701798774688,1200.353125859052,33592.113533082,1653.9674133960034,0.031688769882002324,453.61428753695145,0.00045515790591588916,1.0282094702124596,False,False,1.0282094702124596
s-010,after_common_greedy_prefix,7,1000,1,-31938.146119686,32560.317136072,49349.543166233,25520.701798774688,1200.353125859052,33592.113533082,1653.9674133960034,0.031688769882002324,453.61428753695145,0.00045515790591588916,1.0279326476156712,False,False,1.0279326476156712
s-010,after_common_greedy_prefix,8,200,0,538.388944797,212.278311168,212.278311168,212.278311168,1200.353125859052,212.278311168,750.667255965,0.0,0.0,0.0,0.2223273068666458,False,True,
s-010,after_common_greedy_prefix,8,200,1,538.388944797,212.278311168,212.278311168,212.278311168,1200.353125859052,212.278311168,750.667255965,0.0,0.0,0.0,0.22251372411847115,False,True,
s-010,after_common_greedy_prefix,8,1000,0,538.388944797,212.278311168,212.278311168,212.278311168,1200.353125859052,212.278311168,750.667255965,0.0,0.0,0.0,1.0222431011497974,False,True,
s-010,after_common_greedy_prefix,8,1000,1,538.388944797,212.278311168,212.278311168,212.278311168,1200.353125859052,212.278311168,750.667255965,0.0,0.0,0.0,1.0224752090871334,False,True,
s-010,after_common_greedy_prefix,9,200,0,-7585.947564684,8786.300690543001,14783.922286476,6212.867527405531,1200.353125859052,9232.606848832,1646.6592841479996,0.05079568455577367,446.3061582889477,0.0004478249076041614,0.2237572781741619,False,False,0.2237572781741619
s-010,after_common_greedy_prefix,9,200,1,-7585.947564684,8786.300690543001,14783.922286476,6212.867527405531,1200.353125859052,9232.606848832,1646.6592841479996,0.05079568455577367,446.3061582889477,0.0004478249076041614,0.22340964898467064,False,False,0.22340964898467064
s-010,after_common_greedy_prefix,9,1000,0,-7585.947564684,8786.300690543001,14783.922286476,6212.867527405531,1200.353125859052,9232.606848832,1646.6592841479996,0.05079568455577367,446.3061582889477,0.0004478249076041614,1.0240791104733944,False,False,1.0240791104733944
s-010,after_common_greedy_prefix,9,1000,1,-7585.947564684,8786.300690543001,14783.922286476,6212.867527405531,1200.353125859052,9232.606848832,1646.6592841479996,0.05079568455577367,446.3061582889477,0.0004478249076041614,1.0250107571482658,False,False,1.0250107571482658
s-010,after_common_greedy_prefix,10,200,0,-33286.278832765005,33824.667777562,51667.694104798,26051.355718305076,1200.353125859052,35074.846522703,1788.5676899379978,0.03696056243220005,588.2145640789458,0.0005902162179880439,0.22804411500692368,False,False,0.22804411500692368
s-010,after_common_greedy_prefix,10,200,1,-33286.278832765005,33824.667777562,51667.694104798,26051.355718305076,1200.353125859052,35074.846522703,1788.5676899379978,0.03696056243220005,588.2145640789458,0.0005902162179880439,0.22645512223243713,False,False,0.22645512223243713
s-010,after_common_greedy_prefix,10,1000,0,-33286.278832765005,33824.667777562,51667.694104798,26051.355718305076,1200.353125859052,35074.846522703,1788.5676899379978,0.03696056243220005,588.2145640789458,0.0005902162179880439,1.028935570269823,False,False,1.028935570269823
s-010,after_common_greedy_prefix,10,1000,1,-33286.278832765005,33824.667777562,51667.694104798,26051.355718305076,1200.353125859052,35074.846522703,1788.5676899379978,0.03696056243220005,588.2145640789458,0.0005902162179880439,1.02626159414649,False,False,1.02626159414649
s-010,after_common_greedy_prefix,0,50,0,-8055.169193681,8502.971737046,11698.614402669,5856.903795901758,1200.353125859052,8887.906928468,832.7377347870006,0.045270665753821514,0.0,0.0,0.07984363287687302,False,False,
s-010,after_common_greedy_prefix,0,50,1,-8055.169193681,8502.971737046,11698.614402669,5856.903795901758,1200.353125859052,8887.906928468,832.7377347870006,0.045270665753821514,0.0,0.0,0.07890794798731804,False,False,
s-010,after_common_greedy_prefix,1,50,0,-34996.793655868,34996.793655868,54642.321162824,29673.650068313797,1200.353125859052,35418.413175838,421.6195199700014,0.012047375657207026,0.0,0.0,0.08131672814488411,False,False,
s-010,after_common_greedy_prefix,1,50,1,-34996.793655868,34996.793655868,54642.321162824,29673.650068313797,1200.353125859052,35418.413175838,421.6195199700014,0.012047375657207026,0.0,0.0,0.08008354902267456,False,False,
s-010,after_common_greedy_prefix,2,50,0,165.37815266300004,212.278311168,212.278311168,212.278311168,1200.353125859052,212.278311168,377.656463831,0.0,0.0,0.0,0.07533977553248405,False,True,
s-010,after_common_greedy_prefix,2,50,1,165.37815266300004,212.278311168,212.278311168,212.278311168,1200.353125859052,212.278311168,377.656463831,0.0,0.0,0.0,0.07600894570350647,False,True,
s-010,after_common_greedy_prefix,3,50,0,-8029.929911411,9054.235213648,14799.238073653,6198.934300245314,1200.353125859052,9488.161803049,1458.231891638001,0.04792526140108625,257.87876577894895,0.0002587563095718387,0.07788509875535965,False,False,0.07788509875535965
s-010,after_common_greedy_prefix,3,50,1,-8029.929911411,9054.235213648,14799.238073653,6198.934300245314,1200.353125859052,9488.161803049,1458.231891638001,0.04792526140108625,257.87876577894895,0.0002587563095718387,0.07761246338486671,False,False,0.07761246338486671
s-010,after_common_greedy_prefix,4,50,0,-32771.409007444,32936.787160107,45044.974818091,24636.74242537574,1200.353125859052,33321.217726532,549.808719087996,0.0116717688509285,0.0,0.0,0.08286624029278755,False,False,
s-010,after_common_greedy_prefix,4,50,1,-32771.409007444,32936.787160107,45044.974818091,24636.74242537574,1200.353125859052,33321.217726532,549.808719087996,0.0116717688509285,0.0,0.0,0.08744603767991066,False,False,
s-010,after_common_greedy_prefix,5,50,0,312.37274249000006,212.278311168,212.278311168,212.278311168,1200.353125859052,212.278311168,524.651053658,0.0,0.0,0.0,0.08146693557500839,False,True,
s-010,after_common_greedy_prefix,5,50,1,312.37274249000006,212.278311168,212.278311168,212.278311168,1200.353125859052,212.278311168,524.651053658,0.0,0.0,0.0,0.07847241312265396,False,True,
s-010,after_common_greedy_prefix,6,50,0,-7854.124205659,8828.461129211,13862.423944178001,6254.550671290205,1200.353125859052,9151.733756247,1297.6095505880003,0.03661709807685258,97.25642472894833,9.75873816868884e-05,0.07688884437084198,False,False,0.07688884437084198
s-010,after_common_greedy_prefix,6,50,1,-7854.124205659,8828.461129211,13862.423944178001,6254.550671290205,1200.353125859052,9151.733756247,1297.6095505880003,0.03661709807685258,97.25642472894833,9.75873816868884e-05,0.0774763785302639,False,False,0.0774763785302639
s-010,after_common_greedy_prefix,7,50,0,-31938.146119686,32560.317136072,49349.543166233,25520.701798774688,1200.353125859052,33592.113533082,1653.9674133960034,0.031688769882002324,453.61428753695145,0.00045515790591588916,0.07947606965899467,False,False,0.07947606965899467
s-010,after_common_greedy_prefix,7,50,1,-31938.146119686,32560.317136072,49349.543166233,25520.701798774688,1200.353125859052,33592.113533082,1653.9674133960034,0.031688769882002324,453.61428753695145,0.00045515790591588916,0.07832785695791245,False,False,0.07832785695791245
s-010,after_common_greedy_prefix,8,50,0,538.388944797,212.278311168,212.278311168,212.278311168,1200.353125859052,212.278311168,750.667255965,0.0,0.0,0.0,0.07481855899095535,False,True,
s-010,after_common_greedy_prefix,8,50,1,538.388944797,212.278311168,212.278311168,212.278311168,1200.353125859052,212.278311168,750.667255965,0.0,0.0,0.0,0.07386953011155128,False,True,
s-010,after_common_greedy_prefix,9,50,0,-7585.947564684,8786.300690543001,14783.922286476,6212.867527405531,1200.353125859052,9232.606848832,1646.6592841479996,0.05079568455577367,446.3061582889477,0.0004478249076041614,0.0771305076777935,False,False,0.0771305076777935
s-010,after_common_greedy_prefix,9,50,1,-7585.947564684,8786.300690543001,14783.922286476,6212.867527405531,1200.353125859052,9232.606848832,1646.6592841479996,0.05079568455577367,446.3061582889477,0.0004478249076041614,0.07764411345124245,False,False,0.07764411345124245
s-010,after_common_greedy_prefix,10,50,0,-33286.278832765005,33824.667777562,51667.694104798,26051.355718305076,1200.353125859052,35074.846522703,1788.5676899379978,0.03696056243220005,588.2145640789458,0.0005902162179880439,0.07980401813983917,False,False,0.07980401813983917
s-010,after_common_greedy_prefix,10,50,1,-33286.278832765005,33824.667777562,51667.694104798,26051.355718305076,1200.353125859052,35074.846522703,1788.5676899379978,0.03696056243220005,588.2145640789458,0.0005902162179880439,0.08010508492588997,False,False,0.08010508492588997
s-010,after_common_greedy_prefix,0,10,0,-8055.169193681,8502.971737046,11698.614402669,5856.903795901758,1200.353125859052,8887.906928468,832.7377347870006,0.045270665753821514,0.0,0.0,0.03856131061911583,False,False,
s-010,after_common_greedy_prefix,0,10,1,-8055.169193681,8502.971737046,11698.614402669,5856.903795901758,1200.353125859052,8887.906928468,832.7377347870006,0.045270665753821514,0.0,0.0,0.0361153818666935,False,False,
s-010,after_common_greedy_prefix,1,10,0,-34996.793655868,34996.793655868,54642.321162824,29673.650068313797,1200.353125859052,35418.413175838,421.6195199700014,0.012047375657207026,0.0,0.0,0.038872212171554565,False,False,
s-010,after_common_greedy_prefix,1,10,1,-34996.793655868,34996.793655868,54642.321162824,29673.650068313797,1200.353125859052,35418.413175838,421.6195199700014,0.012047375657207026,0.0,0.0,0.03799808397889137,False,False,
s-010,after_common_greedy_prefix,2,10,0,165.37815266300004,212.278311168,212.278311168,212.278311168,1200.353125859052,212.278311168,377.656463831,0.0,0.0,0.0,0.03523137792944908,False,True,
s-010,after_common_greedy_prefix,2,10,1,165.37815266300004,212.278311168,212.278311168,212.278311168,1200.353125859052,212.278311168,377.656463831,0.0,0.0,0.0,0.03509502485394478,False,True,
s-010,after_common_greedy_prefix,3,10,0,-8029.929911411,9054.235213648,14799.238073653,6198.934300245314,1200.353125859052,9488.161803049,1458.231891638001,0.04792526140108625,257.87876577894895,0.0002587563095718387,0.03878894820809364,False,False,0.03878894820809364
s-010,after_common_greedy_prefix,3,10,1,-8029.929911411,9054.235213648,14799.238073653,6198.934300245314,1200.353125859052,9488.161803049,1458.231891638001,0.04792526140108625,257.87876577894895,0.0002587563095718387,0.037175752222537994,False,False,0.037175752222537994
s-010,after_common_greedy_prefix,4,10,0,-32771.409007444,32936.787160107,45044.974818091,24636.74242537574,1200.353125859052,33305.121670361,533.7126629169943,0.011183073457150167,0.0,0.0,0.040358081459999084,False,False,
s-010,after_common_greedy_prefix,4,10,1,-32771.409007444,32936.787160107,45044.974818091,24636.74242537574,1200.353125859052,33305.121670361,533.7126629169943,0.011183073457150167,0.0,0.0,0.041088905185461044,False,False,
s-010,after_common_greedy_prefix,5,10,0,312.37274249000006,212.278311168,212.278311168,212.278311168,1200.353125859052,212.278311168,524.651053658,0.0,0.0,0.0,0.03554850071668625,False,True,
s-010,after_common_greedy_prefix,5,10,1,312.37274249000006,212.278311168,212.278311168,212.278311168,1200.353125859052,212.278311168,524.651053658,0.0,0.0,0.0,0.03579379618167877,False,True,
s-010,after_common_greedy_prefix,6,10,0,-7854.124205659,8828.461129211,13862.423944178001,6254.550671290205,1200.353125859052,9151.733756247,1297.6095505880003,0.03661709807685258,97.25642472894833,9.75873816868884e-05,0.03721845895051956,False,False,0.03721845895051956
s-010,after_common_greedy_prefix,6,10,1,-7854.124205659,8828.461129211,13862.423944178001,6254.550671290205,1200.353125859052,9151.733756247,1297.6095505880003,0.03661709807685258,97.25642472894833,9.75873816868884e-05,0.036814164370298386,False,False,0.036814164370298386
s-010,after_common_greedy_prefix,7,10,0,-31938.146119686,32560.317136072,49349.543166233,25520.701798774688,1200.353125859052,33592.113533082,1653.9674133960034,0.031688769882002324,453.61428753695145,0.00045515790591588916,0.03936103731393814,False,False,0.03936103731393814
s-010,after_common_greedy_prefix,7,10,1,-31938.146119686,32560.317136072,49349.543166233,25520.701798774688,1200.353125859052,33592.113533082,1653.9674133960034,0.031688769882002324,453.61428753695145,0.00045515790591588916,0.04091135784983635,False,False,0.04091135784983635
s-010,after_common_greedy_prefix,8,10,0,538.388944797,212.278311168,212.278311168,212.278311168,1200.353125859052,212.278311168,750.667255965,0.0,0.0,0.0,0.03407897427678108,False,True,
s-010,after_common_greedy_prefix,8,10,1,538.388944797,212.278311168,212.278311168,212.278311168,1200.353125859052,212.278311168,750.667255965,0.0,0.0,0.0,0.03592992573976517,False,True,
s-010,after_common_greedy_prefix,9,10,0,-7585.947564684,8786.300690543001,14783.922286476,6212.867527405531,1200.353125859052,9232.606848832,1646.6592841479996,0.05079568455577367,446.3061582889477,0.0004478249076041614,0.0355827696621418,False,False,0.0355827696621418
s-010,after_common_greedy_prefix,9,10,1,-7585.947564684,8786.300690543001,14783.922286476,6212.867527405531,1200.353125859052,9232.606848832,1646.6592841479996,0.05079568455577367,446.3061582889477,0.0004478249076041614,0.035834431648254395,False,False,0.035834431648254395
s-010,after_common_greedy_prefix,10,10,0,-33286.278832765005,33824.667777562,51667.694104798,26051.355718305076,1200.353125859052,35074.846522703,1788.5676899379978,0.03696056243220005,588.2145640789458,0.0005902162179880439,0.03946679085493088,False,False,0.03946679085493088
s-010,after_common_greedy_prefix,10,10,1,-33286.278832765005,33824.667777562,51667.694104798,26051.355718305076,1200.353125859052,35074.846522703,1788.5676899379978,0.03696056243220005,588.2145640789458,0.0005902162179880439,0.038806796073913574,False,False,0.038806796073913574
s-011,after_one_actual_history_call,0,200,0,-8055.169193681,8502.971737046,11698.614402669,5856.903795901758,1200.353125859052,8887.906928468,832.7377347870006,0.045270665753821514,0.0,0.0,0.22610237076878548,False,False,
s-011,after_one_actual_history_call,0,200,1,-8055.169193681,8502.971737046,11698.614402669,5856.903795901758,1200.353125859052,8887.906928468,832.7377347870006,0.045270665753821514,0.0,0.0,0.22755666822195053,False,False,
s-011,after_one_actual_history_call,0,1000,0,-8055.169193681,8502.971737046,11698.614402669,5856.903795901758,1200.353125859052,8887.906928468,832.7377347870006,0.045270665753821514,0.0,0.0,1.0256362333893776,False,False,
s-011,after_one_actual_history_call,0,1000,1,-8055.169193681,8502.971737046,11698.614402669,5856.903795901758,1200.353125859052,8887.906928468,832.7377347870006,0.045270665753821514,0.0,0.0,1.0260606966912746,False,False,
s-011,after_one_actual_history_call,1,200,0,-34996.793655868,34996.793655868,54642.321162824,29673.650068313797,1200.353125859052,35418.413175838,421.6195199700014,0.012047375657207026,0.0,0.0,0.2303692176938057,False,False,
s-011,after_one_actual_history_call,1,200,1,-34996.793655868,34996.793655868,54642.321162824,29673.650068313797,1200.353125859052,35418.413175838,421.6195199700014,0.012047375657207026,0.0,0.0,0.22806120291352272,False,False,
s-011,after_one_actual_history_call,1,1000,0,-34996.793655868,34996.793655868,54642.321162824,29673.650068313797,1200.353125859052,35418.413175838,421.6195199700014,0.012047375657207026,0.0,0.0,1.0264785550534725,False,False,
s-011,after_one_actual_history_call,1,1000,1,-34996.793655868,34996.793655868,54642.321162824,29673.650068313797,1200.353125859052,35418.413175838,421.6195199700014,0.012047375657207026,0.0,0.0,1.028447587043047,False,False,
s-011,after_one_actual_history_call,2,200,0,165.37815266300004,212.278311168,212.278311168,212.278311168,1200.353125859052,212.278311168,377.656463831,0.0,0.0,0.0,0.2230948731303215,False,True,
s-011,after_one_actual_history_call,2,200,1,165.37815266300004,212.278311168,212.278311168,212.278311168,1200.353125859052,212.278311168,377.656463831,0.0,0.0,0.0,0.22333011031150818,False,True,
s-011,after_one_actual_history_call,2,1000,0,165.37815266300004,212.278311168,212.278311168,212.278311168,1200.353125859052,212.278311168,377.656463831,0.0,0.0,0.0,1.0236181281507015,False,True,
s-011,after_one_actual_history_call,2,1000,1,165.37815266300004,212.278311168,212.278311168,212.278311168,1200.353125859052,212.278311168,377.656463831,0.0,0.0,0.0,1.0239147506654263,False,True,
s-011,after_one_actual_history_call,3,200,0,-8029.929911411,9054.235213648,14799.238073653,6198.934300245314,1200.353125859052,9488.161803049,1458.231891638001,0.04792526140108625,257.87876577894895,0.0002587563095718387,0.2258971519768238,False,False,0.2258971519768238
s-011,after_one_actual_history_call,3,200,1,-8029.929911411,9054.235213648,14799.238073653,6198.934300245314,1200.353125859052,9488.161803049,1458.231891638001,0.04792526140108625,257.87876577894895,0.0002587563095718387,0.22499939054250717,False,False,0.22499939054250717
s-011,after_one_actual_history_call,3,1000,0,-8029.929911411,9054.235213648,14799.238073653,6198.934300245314,1200.353125859052,9488.161803049,1458.231891638001,0.04792526140108625,257.87876577894895,0.0002587563095718387,1.0237926729023457,False,False,1.0237926729023457
s-011,after_one_actual_history_call,3,1000,1,-8029.929911411,9054.235213648,14799.238073653,6198.934300245314,1200.353125859052,9488.161803049,1458.231891638001,0.04792526140108625,257.87876577894895,0.0002587563095718387,1.0254106745123863,False,False,1.0254106745123863
s-011,after_one_actual_history_call,4,200,0,-32771.409007444,32936.787160107,45044.974818091,24636.74242537574,1200.353125859052,33321.217726532,549.808719087996,0.0116717688509285,0.0,0.0,0.22710000351071358,False,False,
s-011,after_one_actual_history_call,4,200,1,-32771.409007444,32936.787160107,45044.974818091,24636.74242537574,1200.353125859052,33321.217726532,549.808719087996,0.0116717688509285,0.0,0.0,0.2277914211153984,False,False,
s-011,after_one_actual_history_call,4,1000,0,-32771.409007444,32936.787160107,45044.974818091,24636.74242537574,1200.353125859052,33321.217726532,549.808719087996,0.0116717688509285,0.0,0.0,1.0312556251883507,False,False,
s-011,after_one_actual_history_call,4,1000,1,-32771.409007444,32936.787160107,45044.974818091,24636.74242537574,1200.353125859052,33321.217726532,549.808719087996,0.0116717688509285,0.0,0.0,1.0321595892310143,False,False,
s-011,after_one_actual_history_call,5,200,0,312.37274249000006,212.278311168,212.278311168,212.278311168,1200.353125859052,212.278311168,524.651053658,0.0,0.0,0.0,0.0036746636033058167,False,True,
s-011,after_one_actual_history_call,5,200,1,312.37274249000006,212.278311168,212.278311168,212.278311168,1200.353125859052,212.278311168,524.651053658,0.0,0.0,0.0,0.0035851038992404938,False,True,
s-011,after_one_actual_history_call,5,1000,0,312.37274249000006,212.278311168,212.278311168,212.278311168,1200.353125859052,212.278311168,524.651053658,0.0,0.0,0.0,1.0240000374615192,False,True,
s-011,after_one_actual_history_call,5,1000,1,312.37274249000006,212.278311168,212.278311168,212.278311168,1200.353125859052,212.278311168,524.651053658,0.0,0.0,0.0,1.0233601815998554,False,True,
s-011,after_one_actual_history_call,6,200,0,-7854.124205659,8828.461129211,13862.423944178001,6254.550671290205,1200.353125859052,9151.733756247,1297.6095505880003,0.03661709807685258,97.25642472894833,9.75873816868884e-05,0.2249147817492485,False,False,0.2249147817492485
s-011,after_one_actual_history_call,6,200,1,-7854.124205659,8828.461129211,13862.423944178001,6254.550671290205,1200.353125859052,9151.733756247,1297.6095505880003,0.03661709807685258,97.25642472894833,9.75873816868884e-05,0.22481022030115128,False,False,0.22481022030115128
s-011,after_one_actual_history_call,6,1000,0,-7854.124205659,8828.461129211,13862.423944178001,6254.550671290205,1200.353125859052,9151.733756247,1297.6095505880003,0.03661709807685258,97.25642472894833,9.75873816868884e-05,1.0256344638764858,False,False,1.0256344638764858
s-011,after_one_actual_history_call,6,1000,1,-7854.124205659,8828.461129211,13862.423944178001,6254.550671290205,1200.353125859052,9151.733756247,1297.6095505880003,0.03661709807685258,97.25642472894833,9.75873816868884e-05,1.025155495852232,False,False,1.025155495852232
s-011,after_one_actual_history_call,7,200,0,-31938.146119686,32560.317136072,49349.543166233,25520.701798774688,1200.353125859052,33592.113533082,1653.9674133960034,0.031688769882002324,453.61428753695145,0.00045515790591588916,0.2278110384941101,False,False,0.2278110384941101
s-011,after_one_actual_history_call,7,200,1,-31938.146119686,32560.317136072,49349.543166233,25520.701798774688,1200.353125859052,33592.113533082,1653.9674133960034,0.031688769882002324,453.61428753695145,0.00045515790591588916,0.22690774500370026,False,False,0.22690774500370026
s-011,after_one_actual_history_call,7,1000,0,-31938.146119686,32560.317136072,49349.543166233,25520.701798774688,1200.353125859052,33592.113533082,1653.9674133960034,0.031688769882002324,453.61428753695145,0.00045515790591588916,1.029294691979885,False,False,1.029294691979885
s-011,after_one_actual_history_call,7,1000,1,-31938.146119686,32560.317136072,49349.543166233,25520.701798774688,1200.353125859052,33592.113533082,1653.9674133960034,0.031688769882002324,453.61428753695145,0.00045515790591588916,1.0284789130091667,False,False,1.0284789130091667
s-011,after_one_actual_history_call,8,200,0,538.388944797,212.278311168,212.278311168,212.278311168,1200.353125859052,212.278311168,750.667255965,0.0,0.0,0.0,0.22406593710184097,False,True,
s-011,after_one_actual_history_call,8,200,1,538.388944797,212.278311168,212.278311168,212.278311168,1200.353125859052,212.278311168,750.667255965,0.0,0.0,0.0,0.2231283225119114,False,True,
s-011,after_one_actual_history_call,8,1000,0,538.388944797,212.278311168,212.278311168,212.278311168,1200.353125859052,212.278311168,750.667255965,0.0,0.0,0.0,1.0226808451116085,False,True,
s-011,after_one_actual_history_call,8,1000,1,538.388944797,212.278311168,212.278311168,212.278311168,1200.353125859052,212.278311168,750.667255965,0.0,0.0,0.0,1.023084081709385,False,True,
s-011,after_one_actual_history_call,9,200,0,-7585.947564684,8786.300690543001,14783.922286476,6212.867527405531,1200.353125859052,9232.606848832,1646.6592841479996,0.05079568455577367,446.3061582889477,0.0004478249076041614,0.22596682980656624,False,False,0.22596682980656624
s-011,after_one_actual_history_call,9,200,1,-7585.947564684,8786.300690543001,14783.922286476,6212.867527405531,1200.353125859052,9232.606848832,1646.6592841479996,0.05079568455577367,446.3061582889477,0.0004478249076041614,0.2244136705994606,False,False,0.2244136705994606
s-011,after_one_actual_history_call,9,1000,0,-7585.947564684,8786.300690543001,14783.922286476,6212.867527405531,1200.353125859052,9232.606848832,1646.6592841479996,0.05079568455577367,446.3061582889477,0.0004478249076041614,1.025615632534027,False,False,1.025615632534027
s-011,after_one_actual_history_call,9,1000,1,-7585.947564684,8786.300690543001,14783.922286476,6212.867527405531,1200.353125859052,9232.606848832,1646.6592841479996,0.05079568455577367,446.3061582889477,0.0004478249076041614,1.0251394510269165,False,False,1.0251394510269165
s-011,after_one_actual_history_call,10,200,0,-33286.278832765005,33824.667777562,51667.694104798,26051.355718305076,1200.353125859052,35074.846522703,1788.5676899379978,0.03696056243220005,588.2145640789458,0.0005902162179880439,0.22785984352231026,False,False,0.22785984352231026
s-011,after_one_actual_history_call,10,200,1,-33286.278832765005,33824.667777562,51667.694104798,26051.355718305076,1200.353125859052,35074.846522703,1788.5676899379978,0.03696056243220005,588.2145640789458,0.0005902162179880439,0.22695619985461235,False,False,0.22695619985461235
s-011,after_one_actual_history_call,10,1000,0,-33286.278832765005,33824.667777562,51667.694104798,26051.355718305076,1200.353125859052,35074.846522703,1788.5676899379978,0.03696056243220005,588.2145640789458,0.0005902162179880439,1.0270421877503395,False,False,1.0270421877503395
s-011,after_one_actual_history_call,10,1000,1,-33286.278832765005,33824.667777562,51667.694104798,26051.355718305076,1200.353125859052,35074.846522703,1788.5676899379978,0.03696056243220005,588.2145640789458,0.0005902162179880439,1.0270049013197422,False,False,1.0270049013197422
s-011,after_one_actual_history_call,0,50,0,-8055.169193681,8502.971737046,11698.614402669,5856.903795901758,1200.353125859052,8887.906928468,832.7377347870006,0.045270665753821514,0.0,0.0,0.07850486785173416,False,False,
s-011,after_one_actual_history_call,0,50,1,-8055.169193681,8502.971737046,11698.614402669,5856.903795901758,1200.353125859052,8887.906928468,832.7377347870006,0.045270665753821514,0.0,0.0,0.07846147567033768,False,False,
s-011,after_one_actual_history_call,1,50,0,-34996.793655868,34996.793655868,54642.321162824,29673.650068313797,1200.353125859052,35418.413175838,421.6195199700014,0.012047375657207026,0.0,0.0,0.08002864569425583,False,False,
s-011,after_one_actual_history_call,1,50,1,-34996.793655868,34996.793655868,54642.321162824,29673.650068313797,1200.353125859052,35418.413175838,421.6195199700014,0.012047375657207026,0.0,0.0,0.07866209372878075,False,False,
s-011,after_one_actual_history_call,2,50,0,165.37815266300004,212.278311168,212.278311168,212.278311168,1200.353125859052,212.278311168,377.656463831,0.0,0.0,0.0,0.07429710775613785,False,True,
s-011,after_one_actual_history_call,2,50,1,165.37815266300004,212.278311168,212.278311168,212.278311168,1200.353125859052,212.278311168,377.656463831,0.0,0.0,0.0,0.07539847493171692,False,True,
s-011,after_one_actual_history_call,3,50,0,-8029.929911411,9054.235213648,14799.238073653,6198.934300245314,1200.353125859052,9488.161803049,1458.231891638001,0.04792526140108625,257.87876577894895,0.0002587563095718387,0.07705230638384819,False,False,0.07705230638384819
s-011,after_one_actual_history_call,3,50,1,-8029.929911411,9054.235213648,14799.238073653,6198.934300245314,1200.353125859052,9488.161803049,1458.231891638001,0.04792526140108625,257.87876577894895,0.0002587563095718387,0.07697563990950584,False,False,0.07697563990950584
s-011,after_one_actual_history_call,4,50,0,-32771.409007444,32936.787160107,45044.974818091,24636.74242537574,1200.353125859052,33321.217726532,549.808719087996,0.0116717688509285,0.0,0.0,0.08033321052789688,False,False,
s-011,after_one_actual_history_call,4,50,1,-32771.409007444,32936.787160107,45044.974818091,24636.74242537574,1200.353125859052,33321.217726532,549.808719087996,0.0116717688509285,0.0,0.0,0.07981418073177338,False,False,
s-011,after_one_actual_history_call,5,50,0,312.37274249000006,212.278311168,212.278311168,212.278311168,1200.353125859052,212.278311168,524.651053658,0.0,0.0,0.0,0.075572669506073,False,True,
s-011,after_one_actual_history_call,5,50,1,312.37274249000006,212.278311168,212.278311168,212.278311168,1200.353125859052,212.278311168,524.651053658,0.0,0.0,0.0,0.07481749728322029,False,True,
s-011,after_one_actual_history_call,6,50,0,-7854.124205659,8828.461129211,13862.423944178001,6254.550671290205,1200.353125859052,9151.733756247,1297.6095505880003,0.03661709807685258,97.25642472894833,9.75873816868884e-05,0.07628663256764412,False,False,0.07628663256764412
s-011,after_one_actual_history_call,6,50,1,-7854.124205659,8828.461129211,13862.423944178001,6254.550671290205,1200.353125859052,9151.733756247,1297.6095505880003,0.03661709807685258,97.25642472894833,9.75873816868884e-05,0.07702163234353065,False,False,0.07702163234353065
s-011,after_one_actual_history_call,7,50,0,-31938.146119686,32560.317136072,49349.543166233,25520.701798774688,1200.353125859052,33592.113533082,1653.9674133960034,0.031688769882002324,453.61428753695145,0.00045515790591588916,0.08069255948066711,False,False,0.08069255948066711
s-011,after_one_actual_history_call,7,50,1,-31938.146119686,32560.317136072,49349.543166233,25520.701798774688,1200.353125859052,33592.113533082,1653.9674133960034,0.031688769882002324,453.61428753695145,0.00045515790591588916,0.08063434064388275,False,False,0.08063434064388275
s-011,after_one_actual_history_call,8,50,0,538.388944797,212.278311168,212.278311168,212.278311168,1200.353125859052,212.278311168,750.667255965,0.0,0.0,0.0,0.07441456988453865,False,True,
s-011,after_one_actual_history_call,8,50,1,538.388944797,212.278311168,212.278311168,212.278311168,1200.353125859052,212.278311168,750.667255965,0.0,0.0,0.0,0.07498673722147942,False,True,
s-011,after_one_actual_history_call,9,50,0,-7585.947564684,8786.300690543001,14783.922286476,6212.867527405531,1200.353125859052,9232.606848832,1646.6592841479996,0.05079568455577367,446.3061582889477,0.0004478249076041614,0.07777391746640205,False,False,0.07777391746640205
s-011,after_one_actual_history_call,9,50,1,-7585.947564684,8786.300690543001,14783.922286476,6212.867527405531,1200.353125859052,9232.606848832,1646.6592841479996,0.05079568455577367,446.3061582889477,0.0004478249076041614,0.07828032225370407,False,False,0.07828032225370407
s-011,after_one_actual_history_call,10,50,0,-33286.278832765005,33824.667777562,51667.694104798,26051.355718305076,1200.353125859052,35074.846522703,1788.5676899379978,0.03696056243220005,588.2145640789458,0.0005902162179880439,0.08250422775745392,False,False,0.08250422775745392
s-011,after_one_actual_history_call,10,50,1,-33286.278832765005,33824.667777562,51667.694104798,26051.355718305076,1200.353125859052,35074.846522703,1788.5676899379978,0.03696056243220005,588.2145640789458,0.0005902162179880439,0.08717307448387146,False,False,0.08717307448387146
s-011,after_one_actual_history_call,0,10,0,-8055.169193681,8502.971737046,11698.614402669,5856.903795901758,1200.353125859052,8887.906928468,832.7377347870006,0.045270665753821514,0.0,0.0,0.036155201494693756,False,False,
s-011,after_one_actual_history_call,0,10,1,-8055.169193681,8502.971737046,11698.614402669,5856.903795901758,1200.353125859052,8887.906928468,832.7377347870006,0.045270665753821514,0.0,0.0,0.036688432097435,False,False,
s-011,after_one_actual_history_call,1,10,0,-34996.793655868,34996.793655868,54642.321162824,29673.650068313797,1200.353125859052,35418.413175838,421.6195199700014,0.012047375657207026,0.0,0.0,0.07379484549164772,False,False,
s-011,after_one_actual_history_call,1,10,1,-34996.793655868,34996.793655868,54642.321162824,29673.650068313797,1200.353125859052,35418.413175838,421.6195199700014,0.012047375657207026,0.0,0.0,0.040503524243831635,False,False,
s-011,after_one_actual_history_call,2,10,0,165.37815266300004,212.278311168,212.278311168,212.278311168,1200.353125859052,212.278311168,377.656463831,0.0,0.0,0.0,0.0357147641479969,False,True,
s-011,after_one_actual_history_call,2,10,1,165.37815266300004,212.278311168,212.278311168,212.278311168,1200.353125859052,212.278311168,377.656463831,0.0,0.0,0.0,0.03648630902171135,False,True,
s-011,after_one_actual_history_call,3,10,0,-8029.929911411,9054.235213648,14799.238073653,6198.934300245314,1200.353125859052,9488.161803049,1458.231891638001,0.04792526140108625,257.87876577894895,0.0002587563095718387,0.03689788654446602,False,False,0.03689788654446602
s-011,after_one_actual_history_call,3,10,1,-8029.929911411,9054.235213648,14799.238073653,6198.934300245314,1200.353125859052,9488.161803049,1458.231891638001,0.04792526140108625,257.87876577894895,0.0002587563095718387,0.037668462842702866,False,False,0.037668462842702866
s-011,after_one_actual_history_call,4,10,0,-32771.409007444,32936.787160107,45044.974818091,24636.74242537574,1200.353125859052,33305.121670361,533.7126629169943,0.011183073457150167,0.0,0.0,0.03982939571142197,False,False,
s-011,after_one_actual_history_call,4,10,1,-32771.409007444,32936.787160107,45044.974818091,24636.74242537574,1200.353125859052,33305.121670361,533.7126629169943,0.011183073457150167,0.0,0.0,0.04170224443078041,False,False,
s-011,after_one_actual_history_call,5,10,0,312.37274249000006,212.278311168,212.278311168,212.278311168,1200.353125859052,212.278311168,524.651053658,0.0,0.0,0.0,0.03396846726536751,False,True,
s-011,after_one_actual_history_call,5,10,1,312.37274249000006,212.278311168,212.278311168,212.278311168,1200.353125859052,212.278311168,524.651053658,0.0,0.0,0.0,0.03331560268998146,False,True,
s-011,after_one_actual_history_call,6,10,0,-7854.124205659,8828.461129211,13862.423944178001,6254.550671290205,1200.353125859052,9151.733756247,1297.6095505880003,0.03661709807685258,97.25642472894833,9.75873816868884e-05,0.03414482623338699,False,False,0.03414482623338699
s-011,after_one_actual_history_call,6,10,1,-7854.124205659,8828.461129211,13862.423944178001,6254.550671290205,1200.353125859052,9151.733756247,1297.6095505880003,0.03661709807685258,97.25642472894833,9.75873816868884e-05,0.03598201274871826,False,False,0.03598201274871826
s-011,after_one_actual_history_call,7,10,0,-31938.146119686,32560.317136072,49349.543166233,25520.701798774688,1200.353125859052,33592.113533082,1653.9674133960034,0.031688769882002324,453.61428753695145,0.00045515790591588916,0.04029816761612892,False,False,0.04029816761612892
s-011,after_one_actual_history_call,7,10,1,-31938.146119686,32560.317136072,49349.543166233,25520.701798774688,1200.353125859052,33592.113533082,1653.9674133960034,0.031688769882002324,453.61428753695145,0.00045515790591588916,0.037843964993953705,False,False,0.037843964993953705
s-011,after_one_actual_history_call,8,10,0,538.388944797,212.278311168,212.278311168,212.278311168,1200.353125859052,212.278311168,750.667255965,0.0,0.0,0.0,0.032575175166130066,False,True,
s-011,after_one_actual_history_call,8,10,1,538.388944797,212.278311168,212.278311168,212.278311168,1200.353125859052,212.278311168,750.667255965,0.0,0.0,0.0,0.032902609556913376,False,True,
s-011,after_one_actual_history_call,9,10,0,-7585.947564684,8786.300690543001,14783.922286476,6212.867527405531,1200.353125859052,9232.606848832,1646.6592841479996,0.05079568455577367,446.3061582889477,0.0004478249076041614,0.03667283430695534,False,False,0.03667283430695534
s-011,after_one_actual_history_call,9,10,1,-7585.947564684,8786.300690543001,14783.922286476,6212.867527405531,1200.353125859052,9232.606848832,1646.6592841479996,0.05079568455577367,446.3061582889477,0.0004478249076041614,0.035880494862794876,False,False,0.035880494862794876
s-011,after_one_actual_history_call,10,10,0,-33286.278832765005,33824.667777562,51667.694104798,26051.355718305076,1200.353125859052,35074.846522703,1788.5676899379978,0.03696056243220005,588.2145640789458,0.0005902162179880439,0.03806214779615402,False,False,0.03806214779615402
s-011,after_one_actual_history_call,10,10,1,-33286.278832765005,33824.667777562,51667.694104798,26051.355718305076,1200.353125859052,35074.846522703,1788.5676899379978,0.03696056243220005,588.2145640789458,0.0005902162179880439,0.03836814686655998,False,False,0.03836814686655998
